sample_id,video_id,label_split,window_index,start_frame,end_frame,start_timestamp_ms,end_timestamp_ms
Train|1100011002.avi|0,1100011002.avi,Train,0,0,149,0,4966
Train|1100011002.avi|1,1100011002.avi,Train,1,150,299,5000,9966
Train|1100011003.avi|0,1100011003.avi,Train,0,0,149,0,4966
Train|1100011003.avi|1,1100011003.avi,Train,1,150,299,5000,9966
Train|1100011004.avi|0,1100011004.avi,Train,0,0,149,0,4966
Train|1100011004.avi|1,1100011004.avi,Train,1,150,299,5000,9966
Train|1100011005.avi|0,1100011005.avi,Train,0,0,149,0,4966
Train|1100011005.avi|1,1100011005.avi,Train,1,150,299,5000,9966
Train|1100011006.avi|0,1100011006.avi,Train,0,0,149,0,4966
Train|1100011006.avi|1,1100011006.avi,Train,1,150,299,5000,9966
Train|1100011007.avi|0,1100011007.avi,Train,0,0,149,0,4966
Train|1100011007.avi|1,1100011007.avi,Train,1,150,299,5000,9966
Train|1100011008.avi|0,1100011008.avi,Train,0,0,149,0,4966
Train|1100011008.avi|1,1100011008.avi,Train,1,150,299,5000,9966
Train|1100011009.avi|0,1100011009.avi,Train,0,0,149,0,4966
Train|1100011009.avi|1,1100011009.avi,Train,1,150,299,5000,9966
Train|1100011010.avi|0,1100011010.avi,Train,0,0,149,0,4966
Train|1100011010.avi|1,1100011010.avi,Train,1,150,299,5000,9966
Train|1100011011.avi|0,1100011011.avi,Train,0,0,149,0,4966
Train|1100011011.avi|1,1100011011.avi,Train,1,150,299,5000,9966
Train|1100011012.avi|0,1100011012.avi,Train,0,0,149,0,4966
Train|1100011012.avi|1,1100011012.avi,Train,1,150,299,5000,9966
Train|1100011013.avi|0,1100011013.avi,Train,0,0,149,0,4966
Train|1100011013.avi|1,1100011013.avi,Train,1,150,299,5000,9966
Train|1100011014.avi|0,1100011014.avi,Train,0,0,149,0,4966
Train|1100011014.avi|1,1100011014.avi,Train,1,150,299,5000,9966
Train|1100011015.avi|0,1100011015.avi,Train,0,0,149,0,4966
Train|1100011015.avi|1,1100011015.avi,Train,1,150,299,5000,9966
Train|1100011016.avi|0,1100011016.avi,Train,0,0,149,0,4966
Train|1100011016.avi|1,1100011016.avi,Train,1,150,299,5000,9966
Train|1100011017.avi|0,1100011017.avi,Train,0,0,149,0,4966
Train|1100011017.avi|1,1100011017.avi,Train,1,150,299,5000,9966
Train|1100011018.avi|0,1100011018.avi,Train,0,0,149,0,4966
Train|1100011018.avi|1,1100011018.avi,Train,1,150,299,5000,9966
Train|1100011019.avi|0,1100011019.avi,Train,0,0,149,0,4966
Train|1100011019.avi|1,1100011019.avi,Train,1,150,299,5000,9966
Train|1100011020.avi|0,1100011020.avi,Train,0,0,149,0,4966
Train|1100011020.avi|1,1100011020.avi,Train,1,150,299,5000,9966
Train|1100011021.avi|0,1100011021.avi,Train,0,0,149,0,4966
Train|1100011021.avi|1,1100011021.avi,Train,1,150,299,5000,9966
Train|1100011022.avi|0,1100011022.avi,Train,0,0,149,0,4966
Train|1100011022.avi|1,1100011022.avi,Train,1,150,299,5000,9966
Train|1100011023.avi|0,1100011023.avi,Train,0,0,149,0,4966
Train|1100011023.avi|1,1100011023.avi,Train,1,150,299,5000,9966
Train|1100011025.avi|0,1100011025.avi,Train,0,0,149,0,4966
Train|1100011025.avi|1,1100011025.avi,Train,1,150,299,5000,9966
Train|1100011026.avi|0,1100011026.avi,Train,0,0,149,0,4966
Train|1100011026.avi|1,1100011026.avi,Train,1,150,299,5000,9966
Train|1100011027.avi|0,1100011027.avi,Train,0,0,149,0,4966
Train|1100011027.avi|1,1100011027.avi,Train,1,150,299,5000,9966
Train|1100011028.avi|0,1100011028.avi,Train,0,0,149,0,4966
Train|1100011028.avi|1,1100011028.avi,Train,1,150,299,5000,9966
Train|1100011029.avi|0,1100011029.avi,Train,0,0,149,0,4966
Train|1100011029.avi|1,1100011029.avi,Train,1,150,299,5000,9966
Train|1100011031.avi|0,1100011031.avi,Train,0,0,149,0,4966
Train|1100011031.avi|1,1100011031.avi,Train,1,150,299,5000,9966
Train|1100011032.avi|0,1100011032.avi,Train,0,0,149,0,4966
Train|1100011032.avi|1,1100011032.avi,Train,1,150,299,5000,9966
Train|1100011034.avi|0,1100011034.avi,Train,0,0,149,0,4966
Train|1100011034.avi|1,1100011034.avi,Train,1,150,299,5000,9966
Train|1100011035.avi|0,1100011035.avi,Train,0,0,149,0,4966
Train|1100011035.avi|1,1100011035.avi,Train,1,150,299,5000,9966
Train|1100011037.avi|0,1100011037.avi,Train,0,0,149,0,4966
Train|1100011037.avi|1,1100011037.avi,Train,1,150,299,5000,9966
Train|1100011038.avi|0,1100011038.avi,Train,0,0,149,0,4966
Train|1100011038.avi|1,1100011038.avi,Train,1,150,299,5000,9966
Train|1100011040.avi|0,1100011040.avi,Train,0,0,149,0,4966
Train|1100011040.avi|1,1100011040.avi,Train,1,150,299,5000,9966
Train|1100011046.avi|0,1100011046.avi,Train,0,0,149,0,4966
Train|1100011046.avi|1,1100011046.avi,Train,1,150,299,5000,9966
Train|1100011047.avi|0,1100011047.avi,Train,0,0,149,0,4966
Train|1100011047.avi|1,1100011047.avi,Train,1,150,299,5000,9966
Train|1100011048.avi|0,1100011048.avi,Train,0,0,149,0,4966
Train|1100011048.avi|1,1100011048.avi,Train,1,150,299,5000,9966
Train|1100011049.avi|0,1100011049.avi,Train,0,0,149,0,4966
Train|1100011049.avi|1,1100011049.avi,Train,1,150,299,5000,9966
Train|1100011050.avi|0,1100011050.avi,Train,0,0,149,0,4966
Train|1100011050.avi|1,1100011050.avi,Train,1,150,299,5000,9966
Train|1100011051.avi|0,1100011051.avi,Train,0,0,149,0,4966
Train|1100011051.avi|1,1100011051.avi,Train,1,150,299,5000,9966
Train|1100011052.avi|0,1100011052.avi,Train,0,0,149,0,4966
Train|1100011052.avi|1,1100011052.avi,Train,1,150,299,5000,9966
Train|1100011053.avi|0,1100011053.avi,Train,0,0,149,0,4966
Train|1100011053.avi|1,1100011053.avi,Train,1,150,299,5000,9966
Train|1100011054.avi|0,1100011054.avi,Train,0,0,149,0,4966
Train|1100011054.avi|1,1100011054.avi,Train,1,150,299,5000,9966
Train|1100011055.avi|0,1100011055.avi,Train,0,0,149,0,4966
Train|1100011055.avi|1,1100011055.avi,Train,1,150,299,5000,9966
Train|1100011056.avi|0,1100011056.avi,Train,0,0,149,0,4966
Train|1100011056.avi|1,1100011056.avi,Train,1,150,299,5000,9966
Train|1100011057.avi|0,1100011057.avi,Train,0,0,149,0,4966
Train|1100011057.avi|1,1100011057.avi,Train,1,150,299,5000,9966
Train|1100011058.avi|0,1100011058.avi,Train,0,0,149,0,4966
Train|1100011058.avi|1,1100011058.avi,Train,1,150,299,5000,9966
Train|1100011059.avi|0,1100011059.avi,Train,0,0,149,0,4966
Train|1100011059.avi|1,1100011059.avi,Train,1,150,299,5000,9966
Train|1100011060.avi|0,1100011060.avi,Train,0,0,149,0,4966
Train|1100011060.avi|1,1100011060.avi,Train,1,150,299,5000,9966
Train|1100011062.avi|0,1100011062.avi,Train,0,0,149,0,4966
Train|1100011062.avi|1,1100011062.avi,Train,1,150,299,5000,9966
Train|1100011063.avi|0,1100011063.avi,Train,0,0,149,0,4966
Train|1100011063.avi|1,1100011063.avi,Train,1,150,299,5000,9966
Train|1100011064.avi|0,1100011064.avi,Train,0,0,149,0,4966
Train|1100011064.avi|1,1100011064.avi,Train,1,150,299,5000,9966
Train|1100011066.avi|0,1100011066.avi,Train,0,0,149,0,4966
Train|1100011066.avi|1,1100011066.avi,Train,1,150,299,5000,9966
Train|1100011067.avi|0,1100011067.avi,Train,0,0,149,0,4966
Train|1100011067.avi|1,1100011067.avi,Train,1,150,299,5000,9966
Train|1100011068.avi|0,1100011068.avi,Train,0,0,149,0,4966
Train|1100011068.avi|1,1100011068.avi,Train,1,150,299,5000,9966
Train|1100011069.avi|0,1100011069.avi,Train,0,0,149,0,4966
Train|1100011069.avi|1,1100011069.avi,Train,1,150,299,5000,9966
Train|1100011070.avi|0,1100011070.avi,Train,0,0,149,0,4966
Train|1100011070.avi|1,1100011070.avi,Train,1,150,299,5000,9966
Train|1100011071.avi|0,1100011071.avi,Train,0,0,149,0,4966
Train|1100011071.avi|1,1100011071.avi,Train,1,150,299,5000,9966
Train|1100011072.avi|0,1100011072.avi,Train,0,0,149,0,4966
Train|1100011072.avi|1,1100011072.avi,Train,1,150,299,5000,9966
Train|1100011073.avi|0,1100011073.avi,Train,0,0,149,0,4966
Train|1100011073.avi|1,1100011073.avi,Train,1,150,299,5000,9966
Train|1100011075.avi|0,1100011075.avi,Train,0,0,149,0,4966
Train|1100011075.avi|1,1100011075.avi,Train,1,150,299,5000,9966
Train|1100011076.avi|0,1100011076.avi,Train,0,0,149,0,4966
Train|1100011076.avi|1,1100011076.avi,Train,1,150,299,5000,9966
Train|1100011078.avi|0,1100011078.avi,Train,0,0,149,0,4966
Train|1100011078.avi|1,1100011078.avi,Train,1,150,299,5000,9966
Train|1100011079.avi|0,1100011079.avi,Train,0,0,149,0,4966
Train|1100011079.avi|1,1100011079.avi,Train,1,150,299,5000,9966
Train|1100011080.avi|0,1100011080.avi,Train,0,0,149,0,4966
Train|1100011080.avi|1,1100011080.avi,Train,1,150,299,5000,9966
Train|1100011081.avi|0,1100011081.avi,Train,0,0,149,0,4966
Train|1100011081.avi|1,1100011081.avi,Train,1,150,299,5000,9966
Train|1100011082.avi|0,1100011082.avi,Train,0,0,149,0,4966
Train|1100011082.avi|1,1100011082.avi,Train,1,150,299,5000,9966
Train|1100011083.avi|0,1100011083.avi,Train,0,0,149,0,4966
Train|1100011083.avi|1,1100011083.avi,Train,1,150,299,5000,9966
Train|1100012001.avi|0,1100012001.avi,Train,0,0,149,0,4966
Train|1100012001.avi|1,1100012001.avi,Train,1,150,299,5000,9966
Train|1100012003.avi|0,1100012003.avi,Train,0,0,149,0,4966
Train|1100012003.avi|1,1100012003.avi,Train,1,150,299,5000,9966
Train|1100012007.avi|0,1100012007.avi,Train,0,0,149,0,4966
Train|1100012007.avi|1,1100012007.avi,Train,1,150,299,5000,9966
Train|1100012008.avi|0,1100012008.avi,Train,0,0,149,0,4966
Train|1100012008.avi|1,1100012008.avi,Train,1,150,299,5000,9966
Train|1100012009.avi|0,1100012009.avi,Train,0,0,149,0,4966
Train|1100012009.avi|1,1100012009.avi,Train,1,150,299,5000,9966
Train|1100012010.avi|0,1100012010.avi,Train,0,0,149,0,4966
Train|1100012010.avi|1,1100012010.avi,Train,1,150,299,5000,9966
Train|1100012011.avi|0,1100012011.avi,Train,0,0,149,0,4966
Train|1100012011.avi|1,1100012011.avi,Train,1,150,299,5000,9966
Train|1100012013.avi|0,1100012013.avi,Train,0,0,149,0,4966
Train|1100012013.avi|1,1100012013.avi,Train,1,150,299,5000,9966
Train|1100012014.avi|0,1100012014.avi,Train,0,0,149,0,4966
Train|1100012014.avi|1,1100012014.avi,Train,1,150,299,5000,9966
Train|1100012015.avi|0,1100012015.avi,Train,0,0,149,0,4966
Train|1100012015.avi|1,1100012015.avi,Train,1,150,299,5000,9966
Train|1100012016.avi|0,1100012016.avi,Train,0,0,149,0,4966
Train|1100012016.avi|1,1100012016.avi,Train,1,150,299,5000,9966
Train|1100012017.avi|0,1100012017.avi,Train,0,0,149,0,4966
Train|1100012017.avi|1,1100012017.avi,Train,1,150,299,5000,9966
Train|1100012018.avi|0,1100012018.avi,Train,0,0,149,0,4966
Train|1100012018.avi|1,1100012018.avi,Train,1,150,299,5000,9966
Train|1100012021.avi|0,1100012021.avi,Train,0,0,149,0,4966
Train|1100012021.avi|1,1100012021.avi,Train,1,150,299,5000,9966
Train|1100012022.avi|0,1100012022.avi,Train,0,0,149,0,4966
Train|1100012022.avi|1,1100012022.avi,Train,1,150,299,5000,9966
Train|1100012023.avi|0,1100012023.avi,Train,0,0,149,0,4966
Train|1100012023.avi|1,1100012023.avi,Train,1,150,299,5000,9966
Train|1100012025.avi|0,1100012025.avi,Train,0,0,149,0,4966
Train|1100012025.avi|1,1100012025.avi,Train,1,150,299,5000,9966
Train|1100012026.avi|0,1100012026.avi,Train,0,0,149,0,4966
Train|1100012026.avi|1,1100012026.avi,Train,1,150,299,5000,9966
Train|1100012027.avi|0,1100012027.avi,Train,0,0,149,0,4966
Train|1100012027.avi|1,1100012027.avi,Train,1,150,299,5000,9966
Train|1100012028.avi|0,1100012028.avi,Train,0,0,149,0,4966
Train|1100012028.avi|1,1100012028.avi,Train,1,150,299,5000,9966
Train|1100012030.avi|0,1100012030.avi,Train,0,0,149,0,4966
Train|1100012030.avi|1,1100012030.avi,Train,1,150,299,5000,9966
Train|1100012031.avi|0,1100012031.avi,Train,0,0,149,0,4966
Train|1100012031.avi|1,1100012031.avi,Train,1,150,299,5000,9966
Train|1100012032.avi|0,1100012032.avi,Train,0,0,149,0,4966
Train|1100012032.avi|1,1100012032.avi,Train,1,150,299,5000,9966
Train|1100012033.avi|0,1100012033.avi,Train,0,0,149,0,4966
Train|1100012033.avi|1,1100012033.avi,Train,1,150,299,5000,9966
Train|1100012036.avi|0,1100012036.avi,Train,0,0,149,0,4966
Train|1100012036.avi|1,1100012036.avi,Train,1,150,299,5000,9966
Train|1100012037.avi|0,1100012037.avi,Train,0,0,149,0,4966
Train|1100012037.avi|1,1100012037.avi,Train,1,150,299,5000,9966
Train|1100012038.avi|0,1100012038.avi,Train,0,0,149,0,4966
Train|1100012038.avi|1,1100012038.avi,Train,1,150,299,5000,9966
Train|1100012041.avi|0,1100012041.avi,Train,0,0,149,0,4966
Train|1100012041.avi|1,1100012041.avi,Train,1,150,299,5000,9966
Train|1100012042.avi|0,1100012042.avi,Train,0,0,149,0,4966
Train|1100012042.avi|1,1100012042.avi,Train,1,150,299,5000,9966
Train|1100012045.avi|0,1100012045.avi,Train,0,0,149,0,4966
Train|1100012045.avi|1,1100012045.avi,Train,1,150,299,5000,9966
Train|1100012046.avi|0,1100012046.avi,Train,0,0,149,0,4966
Train|1100012046.avi|1,1100012046.avi,Train,1,150,299,5000,9966
Train|1100012047.avi|0,1100012047.avi,Train,0,0,149,0,4966
Train|1100012047.avi|1,1100012047.avi,Train,1,150,299,5000,9966
Train|1100012049.avi|0,1100012049.avi,Train,0,0,149,0,4966
Train|1100012049.avi|1,1100012049.avi,Train,1,150,299,5000,9966
Train|1100012050.avi|0,1100012050.avi,Train,0,0,149,0,4966
Train|1100012050.avi|1,1100012050.avi,Train,1,150,299,5000,9966
Train|1100012051.avi|0,1100012051.avi,Train,0,0,149,0,4966
Train|1100012051.avi|1,1100012051.avi,Train,1,150,299,5000,9966
Train|1100012052.avi|0,1100012052.avi,Train,0,0,149,0,4966
Train|1100012052.avi|1,1100012052.avi,Train,1,150,299,5000,9966
Train|1100012057.avi|0,1100012057.avi,Train,0,0,149,0,4966
Train|1100012057.avi|1,1100012057.avi,Train,1,150,299,5000,9966
Train|1100012059.avi|0,1100012059.avi,Train,0,0,149,0,4966
Train|1100012059.avi|1,1100012059.avi,Train,1,150,299,5000,9966
Train|1100012060.avi|0,1100012060.avi,Train,0,0,149,0,4966
Train|1100012060.avi|1,1100012060.avi,Train,1,150,299,5000,9966
Train|1100012061.avi|0,1100012061.avi,Train,0,0,149,0,4966
Train|1100012061.avi|1,1100012061.avi,Train,1,150,299,5000,9966
Train|1100012062.avi|0,1100012062.avi,Train,0,0,149,0,4966
Train|1100012062.avi|1,1100012062.avi,Train,1,150,299,5000,9966
Train|1100012063.avi|0,1100012063.avi,Train,0,0,149,0,4966
Train|1100012063.avi|1,1100012063.avi,Train,1,150,299,5000,9966
Train|1100012064.avi|0,1100012064.avi,Train,0,0,149,0,4966
Train|1100012064.avi|1,1100012064.avi,Train,1,150,299,5000,9966
Train|1100012065.avi|0,1100012065.avi,Train,0,0,149,0,4966
Train|1100012065.avi|1,1100012065.avi,Train,1,150,299,5000,9966
Train|1100012066.avi|0,1100012066.avi,Train,0,0,149,0,4966
Train|1100012066.avi|1,1100012066.avi,Train,1,150,299,5000,9966
Train|1100012069.avi|0,1100012069.avi,Train,0,0,149,0,4966
Train|1100012069.avi|1,1100012069.avi,Train,1,150,299,5000,9966
Train|1100021001.avi|0,1100021001.avi,Train,0,0,149,0,4966
Train|1100021001.avi|1,1100021001.avi,Train,1,150,299,5000,9966
Train|1100021003.avi|0,1100021003.avi,Train,0,0,149,0,4966
Train|1100021003.avi|1,1100021003.avi,Train,1,150,299,5000,9966
Train|1100021015.avi|0,1100021015.avi,Train,0,0,149,0,4966
Train|1100021015.avi|1,1100021015.avi,Train,1,150,299,5000,9966
Train|1100021038.avi|0,1100021038.avi,Train,0,0,149,0,4966
Train|1100021038.avi|1,1100021038.avi,Train,1,150,299,5000,9966
Train|1100021039.avi|0,1100021039.avi,Train,0,0,149,0,4966
Train|1100021039.avi|1,1100021039.avi,Train,1,150,299,5000,9966
Train|1100021040.avi|0,1100021040.avi,Train,0,0,149,0,4966
Train|1100021040.avi|1,1100021040.avi,Train,1,150,299,5000,9966
Train|1100021045.avi|0,1100021045.avi,Train,0,0,149,0,4966
Train|1100021045.avi|1,1100021045.avi,Train,1,150,299,5000,9966
Train|1100021050.avi|0,1100021050.avi,Train,0,0,149,0,4966
Train|1100021050.avi|1,1100021050.avi,Train,1,150,299,5000,9966
Train|1100021055.avi|0,1100021055.avi,Train,0,0,149,0,4966
Train|1100021055.avi|1,1100021055.avi,Train,1,150,299,5000,9966
Train|1100022001.avi|0,1100022001.avi,Train,0,0,149,0,4966
Train|1100022001.avi|1,1100022001.avi,Train,1,150,299,5000,9966
Train|1100022002.avi|0,1100022002.avi,Train,0,0,149,0,4966
Train|1100022002.avi|1,1100022002.avi,Train,1,150,299,5000,9966
Train|1100022003.avi|0,1100022003.avi,Train,0,0,149,0,4966
Train|1100022003.avi|1,1100022003.avi,Train,1,150,299,5000,9966
Train|1100022004.avi|0,1100022004.avi,Train,0,0,149,0,4966
Train|1100022004.avi|1,1100022004.avi,Train,1,150,299,5000,9966
Train|1100022005.avi|0,1100022005.avi,Train,0,0,149,0,4966
Train|1100022005.avi|1,1100022005.avi,Train,1,150,299,5000,9966
Train|1100022008.avi|0,1100022008.avi,Train,0,0,149,0,4966
Train|1100022008.avi|1,1100022008.avi,Train,1,150,299,5000,9966
Train|1100022009.avi|0,1100022009.avi,Train,0,0,149,0,4966
Train|1100022009.avi|1,1100022009.avi,Train,1,150,299,5000,9966
Train|1100022014.avi|0,1100022014.avi,Train,0,0,149,0,4966
Train|1100022014.avi|1,1100022014.avi,Train,1,150,299,5000,9966
Train|1100022019.avi|0,1100022019.avi,Train,0,0,149,0,4966
Train|1100022019.avi|1,1100022019.avi,Train,1,150,299,5000,9966
Train|1100022020.avi|0,1100022020.avi,Train,0,0,149,0,4966
Train|1100022020.avi|1,1100022020.avi,Train,1,150,299,5000,9966
Train|1100022021.avi|0,1100022021.avi,Train,0,0,149,0,4966
Train|1100022021.avi|1,1100022021.avi,Train,1,150,299,5000,9966
Train|1100022022.avi|0,1100022022.avi,Train,0,0,149,0,4966
Train|1100022022.avi|1,1100022022.avi,Train,1,150,299,5000,9966
Train|1100022026.avi|0,1100022026.avi,Train,0,0,149,0,4966
Train|1100022026.avi|1,1100022026.avi,Train,1,150,299,5000,9966
Train|1100022027.avi|0,1100022027.avi,Train,0,0,149,0,4966
Train|1100022027.avi|1,1100022027.avi,Train,1,150,299,5000,9966
Train|1100022028.avi|0,1100022028.avi,Train,0,0,149,0,4966
Train|1100022028.avi|1,1100022028.avi,Train,1,150,299,5000,9966
Train|1100022029.avi|0,1100022029.avi,Train,0,0,149,0,4966
Train|1100022029.avi|1,1100022029.avi,Train,1,150,299,5000,9966
Train|1100022031.avi|0,1100022031.avi,Train,0,0,149,0,4966
Train|1100022031.avi|1,1100022031.avi,Train,1,150,299,5000,9966
Train|1100022035.avi|0,1100022035.avi,Train,0,0,149,0,4966
Train|1100022035.avi|1,1100022035.avi,Train,1,150,299,5000,9966
Train|1100022038.avi|0,1100022038.avi,Train,0,0,149,0,4966
Train|1100022038.avi|1,1100022038.avi,Train,1,150,299,5000,9966
Train|1100022039.avi|0,1100022039.avi,Train,0,0,149,0,4966
Train|1100022039.avi|1,1100022039.avi,Train,1,150,299,5000,9966
Train|1100022045.avi|0,1100022045.avi,Train,0,0,149,0,4966
Train|1100022045.avi|1,1100022045.avi,Train,1,150,299,5000,9966
Train|1100022046.avi|0,1100022046.avi,Train,0,0,149,0,4966
Train|1100022046.avi|1,1100022046.avi,Train,1,150,299,5000,9966
Train|1100022047.avi|0,1100022047.avi,Train,0,0,149,0,4966
Train|1100022047.avi|1,1100022047.avi,Train,1,150,299,5000,9966
Train|1100022048.avi|0,1100022048.avi,Train,0,0,149,0,4966
Train|1100022048.avi|1,1100022048.avi,Train,1,150,299,5000,9966
Train|1100022049.avi|0,1100022049.avi,Train,0,0,149,0,4966
Train|1100022049.avi|1,1100022049.avi,Train,1,150,299,5000,9966
Train|1100022051.avi|0,1100022051.avi,Train,0,0,149,0,4966
Train|1100022051.avi|1,1100022051.avi,Train,1,150,299,5000,9966
Train|1100022052.avi|0,1100022052.avi,Train,0,0,149,0,4966
Train|1100022052.avi|1,1100022052.avi,Train,1,150,299,5000,9966
Train|1100022053.avi|0,1100022053.avi,Train,0,0,149,0,4966
Train|1100022053.avi|1,1100022053.avi,Train,1,150,299,5000,9966
Train|1100022054.avi|0,1100022054.avi,Train,0,0,149,0,4966
Train|1100022054.avi|1,1100022054.avi,Train,1,150,299,5000,9966
Train|1100022055.avi|0,1100022055.avi,Train,0,0,149,0,4966
Train|1100022055.avi|1,1100022055.avi,Train,1,150,299,5000,9966
Train|1100022056.avi|0,1100022056.avi,Train,0,0,149,0,4966
Train|1100022056.avi|1,1100022056.avi,Train,1,150,299,5000,9966
Train|1100022057.avi|0,1100022057.avi,Train,0,0,149,0,4966
Train|1100022057.avi|1,1100022057.avi,Train,1,150,299,5000,9966
Train|1100041006.avi|0,1100041006.avi,Train,0,0,149,0,4966
Train|1100041006.avi|1,1100041006.avi,Train,1,150,299,5000,9966
Train|1100041015.avi|0,1100041015.avi,Train,0,0,149,0,4966
Train|1100041015.avi|1,1100041015.avi,Train,1,150,299,5000,9966
Train|1100041016.avi|0,1100041016.avi,Train,0,0,149,0,4966
Train|1100041016.avi|1,1100041016.avi,Train,1,150,299,5000,9966
Train|1100041017.avi|0,1100041017.avi,Train,0,0,149,0,4966
Train|1100041017.avi|1,1100041017.avi,Train,1,150,299,5000,9966
Train|1100041018.avi|0,1100041018.avi,Train,0,0,149,0,4966
Train|1100041018.avi|1,1100041018.avi,Train,1,150,299,5000,9966
Train|1100041021.avi|0,1100041021.avi,Train,0,0,149,0,4966
Train|1100041021.avi|1,1100041021.avi,Train,1,150,299,5000,9966
Train|1100041022.avi|0,1100041022.avi,Train,0,0,149,0,4966
Train|1100041022.avi|1,1100041022.avi,Train,1,150,299,5000,9966
Train|1100041023.avi|0,1100041023.avi,Train,0,0,149,0,4966
Train|1100041023.avi|1,1100041023.avi,Train,1,150,299,5000,9966
Train|1100041024.avi|0,1100041024.avi,Train,0,0,149,0,4966
Train|1100041024.avi|1,1100041024.avi,Train,1,150,299,5000,9966
Train|1100041029.avi|0,1100041029.avi,Train,0,0,149,0,4966
Train|1100041029.avi|1,1100041029.avi,Train,1,150,299,5000,9966
Train|1100041034.avi|0,1100041034.avi,Train,0,0,149,0,4966
Train|1100041034.avi|1,1100041034.avi,Train,1,150,299,5000,9966
Train|1100041044.avi|0,1100041044.avi,Train,0,0,149,0,4966
Train|1100041044.avi|1,1100041044.avi,Train,1,150,299,5000,9966
Train|1100041051.avi|0,1100041051.avi,Train,0,0,149,0,4966
Train|1100041051.avi|1,1100041051.avi,Train,1,150,299,5000,9966
Train|1100041052.avi|0,1100041052.avi,Train,0,0,149,0,4966
Train|1100041052.avi|1,1100041052.avi,Train,1,150,299,5000,9966
Train|1100042009.avi|0,1100042009.avi,Train,0,0,149,0,4966
Train|1100042009.avi|1,1100042009.avi,Train,1,150,299,5000,9966
Train|1100042010.avi|0,1100042010.avi,Train,0,0,149,0,4966
Train|1100042010.avi|1,1100042010.avi,Train,1,150,299,5000,9966
Train|1100042011.avi|0,1100042011.avi,Train,0,0,149,0,4966
Train|1100042011.avi|1,1100042011.avi,Train,1,150,299,5000,9966
Train|1100042017.avi|0,1100042017.avi,Train,0,0,149,0,4966
Train|1100042017.avi|1,1100042017.avi,Train,1,150,299,5000,9966
Train|1100042018.avi|0,1100042018.avi,Train,0,0,149,0,4966
Train|1100042018.avi|1,1100042018.avi,Train,1,150,299,5000,9966
Train|1100042019.avi|0,1100042019.avi,Train,0,0,149,0,4966
Train|1100042019.avi|1,1100042019.avi,Train,1,150,299,5000,9966
Train|1100042020.avi|0,1100042020.avi,Train,0,0,149,0,4966
Train|1100042020.avi|1,1100042020.avi,Train,1,150,299,5000,9966
Train|1100042023.avi|0,1100042023.avi,Train,0,0,149,0,4966
Train|1100042023.avi|1,1100042023.avi,Train,1,150,299,5000,9966
Train|1100042024.avi|0,1100042024.avi,Train,0,0,149,0,4966
Train|1100042024.avi|1,1100042024.avi,Train,1,150,299,5000,9966
Train|1100042025.avi|0,1100042025.avi,Train,0,0,149,0,4966
Train|1100042025.avi|1,1100042025.avi,Train,1,150,299,5000,9966
Train|1100042026.avi|0,1100042026.avi,Train,0,0,149,0,4966
Train|1100042026.avi|1,1100042026.avi,Train,1,150,299,5000,9966
Train|1100042029.avi|0,1100042029.avi,Train,0,0,149,0,4966
Train|1100042029.avi|1,1100042029.avi,Train,1,150,299,5000,9966
Train|1100042030.avi|0,1100042030.avi,Train,0,0,149,0,4966
Train|1100042030.avi|1,1100042030.avi,Train,1,150,299,5000,9966
Train|1100042031.avi|0,1100042031.avi,Train,0,0,149,0,4966
Train|1100042031.avi|1,1100042031.avi,Train,1,150,299,5000,9966
Train|1100042034.avi|0,1100042034.avi,Train,0,0,149,0,4966
Train|1100042034.avi|1,1100042034.avi,Train,1,150,299,5000,9966
Train|1100042040.avi|0,1100042040.avi,Train,0,0,149,0,4966
Train|1100042040.avi|1,1100042040.avi,Train,1,150,299,5000,9966
Train|1100042041.avi|0,1100042041.avi,Train,0,0,149,0,4966
Train|1100042041.avi|1,1100042041.avi,Train,1,150,299,5000,9966
Train|1100042058.avi|0,1100042058.avi,Train,0,0,149,0,4966
Train|1100042058.avi|1,1100042058.avi,Train,1,150,299,5000,9966
Train|1100042059.avi|0,1100042059.avi,Train,0,0,149,0,4966
Train|1100042059.avi|1,1100042059.avi,Train,1,150,299,5000,9966
Train|1100042060.avi|0,1100042060.avi,Train,0,0,149,0,4966
Train|1100042060.avi|1,1100042060.avi,Train,1,150,299,5000,9966
Train|1100051002.avi|0,1100051002.avi,Train,0,0,149,0,4966
Train|1100051002.avi|1,1100051002.avi,Train,1,150,299,5000,9966
Train|1100051004.avi|0,1100051004.avi,Train,0,0,149,0,4966
Train|1100051004.avi|1,1100051004.avi,Train,1,150,299,5000,9966
Train|1100051006.avi|0,1100051006.avi,Train,0,0,149,0,4966
Train|1100051006.avi|1,1100051006.avi,Train,1,150,299,5000,9966
Train|1100051007.avi|0,1100051007.avi,Train,0,0,149,0,4966
Train|1100051007.avi|1,1100051007.avi,Train,1,150,299,5000,9966
Train|1100051008.avi|0,1100051008.avi,Train,0,0,149,0,4966
Train|1100051008.avi|1,1100051008.avi,Train,1,150,299,5000,9966
Train|1100051009.avi|0,1100051009.avi,Train,0,0,149,0,4966
Train|1100051009.avi|1,1100051009.avi,Train,1,150,299,5000,9966
Train|1100051011.avi|0,1100051011.avi,Train,0,0,149,0,4966
Train|1100051011.avi|1,1100051011.avi,Train,1,150,299,5000,9966
Train|1100051012.avi|0,1100051012.avi,Train,0,0,149,0,4966
Train|1100051012.avi|1,1100051012.avi,Train,1,150,299,5000,9966
Train|1100051013.avi|0,1100051013.avi,Train,0,0,149,0,4966
Train|1100051013.avi|1,1100051013.avi,Train,1,150,299,5000,9966
Train|1100051014.avi|0,1100051014.avi,Train,0,0,149,0,4966
Train|1100051014.avi|1,1100051014.avi,Train,1,150,299,5000,9966
Train|1100051016.avi|0,1100051016.avi,Train,0,0,149,0,4966
Train|1100051016.avi|1,1100051016.avi,Train,1,150,299,5000,9966
Train|1100051017.avi|0,1100051017.avi,Train,0,0,149,0,4966
Train|1100051017.avi|1,1100051017.avi,Train,1,150,299,5000,9966
Train|1100051019.avi|0,1100051019.avi,Train,0,0,149,0,4966
Train|1100051019.avi|1,1100051019.avi,Train,1,150,299,5000,9966
Train|1100051020.avi|0,1100051020.avi,Train,0,0,149,0,4966
Train|1100051020.avi|1,1100051020.avi,Train,1,150,299,5000,9966
Train|1100051021.avi|0,1100051021.avi,Train,0,0,149,0,4966
Train|1100051021.avi|1,1100051021.avi,Train,1,150,299,5000,9966
Train|1100051022.avi|0,1100051022.avi,Train,0,0,149,0,4966
Train|1100051022.avi|1,1100051022.avi,Train,1,150,299,5000,9966
Train|1100051023.avi|0,1100051023.avi,Train,0,0,149,0,4966
Train|1100051023.avi|1,1100051023.avi,Train,1,150,299,5000,9966
Train|1100051024.avi|0,1100051024.avi,Train,0,0,149,0,4966
Train|1100051024.avi|1,1100051024.avi,Train,1,150,299,5000,9966
Train|1100051025.avi|0,1100051025.avi,Train,0,0,149,0,4966
Train|1100051025.avi|1,1100051025.avi,Train,1,150,299,5000,9966
Train|1100051026.avi|0,1100051026.avi,Train,0,0,149,0,4966
Train|1100051026.avi|1,1100051026.avi,Train,1,150,299,5000,9966
Train|1100051028.avi|0,1100051028.avi,Train,0,0,149,0,4966
Train|1100051028.avi|1,1100051028.avi,Train,1,150,299,5000,9966
Train|1100051029.avi|0,1100051029.avi,Train,0,0,149,0,4966
Train|1100051029.avi|1,1100051029.avi,Train,1,150,299,5000,9966
Train|1100051030.avi|0,1100051030.avi,Train,0,0,149,0,4966
Train|1100051030.avi|1,1100051030.avi,Train,1,150,299,5000,9966
Train|1100051031.avi|0,1100051031.avi,Train,0,0,149,0,4966
Train|1100051031.avi|1,1100051031.avi,Train,1,150,299,5000,9966
Train|1100051032.avi|0,1100051032.avi,Train,0,0,149,0,4966
Train|1100051032.avi|1,1100051032.avi,Train,1,150,299,5000,9966
Train|1100051033.avi|0,1100051033.avi,Train,0,0,149,0,4966
Train|1100051033.avi|1,1100051033.avi,Train,1,150,299,5000,9966
Train|1100051034.avi|0,1100051034.avi,Train,0,0,149,0,4966
Train|1100051034.avi|1,1100051034.avi,Train,1,150,299,5000,9966
Train|1100051035.avi|0,1100051035.avi,Train,0,0,149,0,4966
Train|1100051035.avi|1,1100051035.avi,Train,1,150,299,5000,9966
Train|1100051036.avi|0,1100051036.avi,Train,0,0,149,0,4966
Train|1100051036.avi|1,1100051036.avi,Train,1,150,299,5000,9966
Train|1100051037.avi|0,1100051037.avi,Train,0,0,149,0,4966
Train|1100051037.avi|1,1100051037.avi,Train,1,150,299,5000,9966
Train|1100051039.avi|0,1100051039.avi,Train,0,0,149,0,4966
Train|1100051039.avi|1,1100051039.avi,Train,1,150,299,5000,9966
Train|1100051041.avi|0,1100051041.avi,Train,0,0,149,0,4966
Train|1100051041.avi|1,1100051041.avi,Train,1,150,299,5000,9966
Train|1100051042.avi|0,1100051042.avi,Train,0,0,149,0,4966
Train|1100051042.avi|1,1100051042.avi,Train,1,150,299,5000,9966
Train|1100051044.avi|0,1100051044.avi,Train,0,0,149,0,4966
Train|1100051044.avi|1,1100051044.avi,Train,1,150,299,5000,9966
Train|1100051045.avi|0,1100051045.avi,Train,0,0,149,0,4966
Train|1100051045.avi|1,1100051045.avi,Train,1,150,299,5000,9966
Train|1100051046.avi|0,1100051046.avi,Train,0,0,149,0,4966
Train|1100051046.avi|1,1100051046.avi,Train,1,150,299,5000,9966
Train|1100051048.avi|0,1100051048.avi,Train,0,0,149,0,4966
Train|1100051048.avi|1,1100051048.avi,Train,1,150,299,5000,9966
Train|1100051049.avi|0,1100051049.avi,Train,0,0,149,0,4966
Train|1100051049.avi|1,1100051049.avi,Train,1,150,299,5000,9966
Train|1100051050.avi|0,1100051050.avi,Train,0,0,149,0,4966
Train|1100051050.avi|1,1100051050.avi,Train,1,150,299,5000,9966
Train|1100051051.avi|0,1100051051.avi,Train,0,0,149,0,4966
Train|1100051051.avi|1,1100051051.avi,Train,1,150,299,5000,9966
Train|1100051052.avi|0,1100051052.avi,Train,0,0,149,0,4966
Train|1100051052.avi|1,1100051052.avi,Train,1,150,299,5000,9966
Train|1100051053.avi|0,1100051053.avi,Train,0,0,149,0,4966
Train|1100051053.avi|1,1100051053.avi,Train,1,150,299,5000,9966
Train|1100051054.avi|0,1100051054.avi,Train,0,0,149,0,4966
Train|1100051054.avi|1,1100051054.avi,Train,1,150,299,5000,9966
Train|1100051055.avi|0,1100051055.avi,Train,0,0,149,0,4966
Train|1100051055.avi|1,1100051055.avi,Train,1,150,299,5000,9966
Train|1100051056.avi|0,1100051056.avi,Train,0,0,149,0,4966
Train|1100051056.avi|1,1100051056.avi,Train,1,150,299,5000,9966
Train|1100051057.avi|0,1100051057.avi,Train,0,0,149,0,4966
Train|1100051057.avi|1,1100051057.avi,Train,1,150,299,5000,9966
Train|1100051059.avi|0,1100051059.avi,Train,0,0,149,0,4966
Train|1100051059.avi|1,1100051059.avi,Train,1,150,299,5000,9966
Train|1100051061.avi|0,1100051061.avi,Train,0,0,149,0,4966
Train|1100051061.avi|1,1100051061.avi,Train,1,150,299,5000,9966
Train|1100051062.avi|0,1100051062.avi,Train,0,0,149,0,4966
Train|1100051062.avi|1,1100051062.avi,Train,1,150,299,5000,9966
Train|1100051064.avi|0,1100051064.avi,Train,0,0,149,0,4966
Train|1100051064.avi|1,1100051064.avi,Train,1,150,299,5000,9966
Train|1100051065.avi|0,1100051065.avi,Train,0,0,149,0,4966
Train|1100051065.avi|1,1100051065.avi,Train,1,150,299,5000,9966
Train|1100051066.avi|0,1100051066.avi,Train,0,0,149,0,4966
Train|1100051066.avi|1,1100051066.avi,Train,1,150,299,5000,9966
Train|1100051067.avi|0,1100051067.avi,Train,0,0,149,0,4966
Train|1100051067.avi|1,1100051067.avi,Train,1,150,299,5000,9966
Train|1100051068.avi|0,1100051068.avi,Train,0,0,149,0,4966
Train|1100051068.avi|1,1100051068.avi,Train,1,150,299,5000,9966
Train|1100051071.avi|0,1100051071.avi,Train,0,0,149,0,4966
Train|1100051071.avi|1,1100051071.avi,Train,1,150,299,5000,9966
Train|1100051076.avi|0,1100051076.avi,Train,0,0,149,0,4966
Train|1100051076.avi|1,1100051076.avi,Train,1,150,299,5000,9966
Train|1100051078.avi|0,1100051078.avi,Train,0,0,149,0,4966
Train|1100051078.avi|1,1100051078.avi,Train,1,150,299,5000,9966
Train|1100051079.avi|0,1100051079.avi,Train,0,0,149,0,4966
Train|1100051079.avi|1,1100051079.avi,Train,1,150,299,5000,9966
Train|1100052001.avi|0,1100052001.avi,Train,0,0,149,0,4966
Train|1100052001.avi|1,1100052001.avi,Train,1,150,299,5000,9966
Train|1100052002.avi|0,1100052002.avi,Train,0,0,149,0,4966
Train|1100052002.avi|1,1100052002.avi,Train,1,150,299,5000,9966
Train|1100052006.avi|0,1100052006.avi,Train,0,0,149,0,4966
Train|1100052006.avi|1,1100052006.avi,Train,1,150,299,5000,9966
Train|1100052007.avi|0,1100052007.avi,Train,0,0,149,0,4966
Train|1100052007.avi|1,1100052007.avi,Train,1,150,299,5000,9966
Train|1100052008.avi|0,1100052008.avi,Train,0,0,149,0,4966
Train|1100052008.avi|1,1100052008.avi,Train,1,150,299,5000,9966
Train|1100052009.avi|0,1100052009.avi,Train,0,0,149,0,4966
Train|1100052009.avi|1,1100052009.avi,Train,1,150,299,5000,9966
Train|1100052014.avi|0,1100052014.avi,Train,0,0,149,0,4966
Train|1100052014.avi|1,1100052014.avi,Train,1,150,299,5000,9966
Train|1100052023.avi|0,1100052023.avi,Train,0,0,149,0,4966
Train|1100052023.avi|1,1100052023.avi,Train,1,150,299,5000,9966
Train|1100052024.avi|0,1100052024.avi,Train,0,0,149,0,4966
Train|1100052024.avi|1,1100052024.avi,Train,1,150,299,5000,9966
Train|1100052026.avi|0,1100052026.avi,Train,0,0,149,0,4966
Train|1100052026.avi|1,1100052026.avi,Train,1,150,299,5000,9966
Train|1100052027.avi|0,1100052027.avi,Train,0,0,149,0,4966
Train|1100052027.avi|1,1100052027.avi,Train,1,150,299,5000,9966
Train|1100052028.avi|0,1100052028.avi,Train,0,0,149,0,4966
Train|1100052028.avi|1,1100052028.avi,Train,1,150,299,5000,9966
Train|1100052030.avi|0,1100052030.avi,Train,0,0,149,0,4966
Train|1100052030.avi|1,1100052030.avi,Train,1,150,299,5000,9966
Train|1100052031.avi|0,1100052031.avi,Train,0,0,149,0,4966
Train|1100052031.avi|1,1100052031.avi,Train,1,150,299,5000,9966
Train|1100052032.avi|0,1100052032.avi,Train,0,0,149,0,4966
Train|1100052032.avi|1,1100052032.avi,Train,1,150,299,5000,9966
Train|1100052033.avi|0,1100052033.avi,Train,0,0,149,0,4966
Train|1100052033.avi|1,1100052033.avi,Train,1,150,299,5000,9966
Train|1100052035.avi|0,1100052035.avi,Train,0,0,149,0,4966
Train|1100052035.avi|1,1100052035.avi,Train,1,150,299,5000,9966
Train|1100052036.avi|0,1100052036.avi,Train,0,0,149,0,4966
Train|1100052036.avi|1,1100052036.avi,Train,1,150,299,5000,9966
Train|1100052037.avi|0,1100052037.avi,Train,0,0,149,0,4966
Train|1100052037.avi|1,1100052037.avi,Train,1,150,299,5000,9966
Train|1100052038.avi|0,1100052038.avi,Train,0,0,149,0,4966
Train|1100052038.avi|1,1100052038.avi,Train,1,150,299,5000,9966
Train|1100052039.avi|0,1100052039.avi,Train,0,0,149,0,4966
Train|1100052039.avi|1,1100052039.avi,Train,1,150,299,5000,9966
Train|1100052040.avi|0,1100052040.avi,Train,0,0,149,0,4966
Train|1100052040.avi|1,1100052040.avi,Train,1,150,299,5000,9966
Train|1100052041.avi|0,1100052041.avi,Train,0,0,149,0,4966
Train|1100052041.avi|1,1100052041.avi,Train,1,150,299,5000,9966
Train|1100052047.avi|0,1100052047.avi,Train,0,0,149,0,4966
Train|1100052047.avi|1,1100052047.avi,Train,1,150,299,5000,9966
Train|1100052048.avi|0,1100052048.avi,Train,0,0,149,0,4966
Train|1100052048.avi|1,1100052048.avi,Train,1,150,299,5000,9966
Train|1100052049.avi|0,1100052049.avi,Train,0,0,149,0,4966
Train|1100052049.avi|1,1100052049.avi,Train,1,150,299,5000,9966
Train|1100052051.avi|0,1100052051.avi,Train,0,0,149,0,4966
Train|1100052051.avi|1,1100052051.avi,Train,1,150,299,5000,9966
Train|1100052055.avi|0,1100052055.avi,Train,0,0,149,0,4966
Train|1100052055.avi|1,1100052055.avi,Train,1,150,299,5000,9966
Train|1100052057.avi|0,1100052057.avi,Train,0,0,149,0,4966
Train|1100052057.avi|1,1100052057.avi,Train,1,150,299,5000,9966
Train|1100052060.avi|0,1100052060.avi,Train,0,0,149,0,4966
Train|1100052060.avi|1,1100052060.avi,Train,1,150,299,5000,9966
Train|1100052061.avi|0,1100052061.avi,Train,0,0,149,0,4966
Train|1100052061.avi|1,1100052061.avi,Train,1,150,299,5000,9966
Train|1100052062.avi|0,1100052062.avi,Train,0,0,149,0,4966
Train|1100052062.avi|1,1100052062.avi,Train,1,150,299,5000,9966
Train|1100052065.avi|0,1100052065.avi,Train,0,0,149,0,4966
Train|1100052065.avi|1,1100052065.avi,Train,1,150,299,5000,9966
Train|1100052068.avi|0,1100052068.avi,Train,0,0,149,0,4966
Train|1100052068.avi|1,1100052068.avi,Train,1,150,299,5000,9966
Train|1100052070.avi|0,1100052070.avi,Train,0,0,149,0,4966
Train|1100052070.avi|1,1100052070.avi,Train,1,150,299,5000,9966
Train|1100061009.avi|0,1100061009.avi,Train,0,0,149,0,4966
Train|1100061009.avi|1,1100061009.avi,Train,1,150,299,5000,9966
Train|1100061010.avi|0,1100061010.avi,Train,0,0,149,0,4966
Train|1100061010.avi|1,1100061010.avi,Train,1,150,299,5000,9966
Train|1100061011.avi|0,1100061011.avi,Train,0,0,149,0,4966
Train|1100061011.avi|1,1100061011.avi,Train,1,150,299,5000,9966
Train|1100061012.avi|0,1100061012.avi,Train,0,0,149,0,4966
Train|1100061012.avi|1,1100061012.avi,Train,1,150,299,5000,9966
Train|1100061013.avi|0,1100061013.avi,Train,0,0,149,0,4966
Train|1100061013.avi|1,1100061013.avi,Train,1,150,299,5000,9966
Train|1100061015.avi|0,1100061015.avi,Train,0,0,149,0,4966
Train|1100061015.avi|1,1100061015.avi,Train,1,150,299,5000,9966
Train|1100061016.avi|0,1100061016.avi,Train,0,0,149,0,4966
Train|1100061016.avi|1,1100061016.avi,Train,1,150,299,5000,9966
Train|1100061018.avi|0,1100061018.avi,Train,0,0,149,0,4966
Train|1100061018.avi|1,1100061018.avi,Train,1,150,299,5000,9966
Train|1100061019.avi|0,1100061019.avi,Train,0,0,149,0,4966
Train|1100061019.avi|1,1100061019.avi,Train,1,150,299,5000,9966
Train|1100061022.avi|0,1100061022.avi,Train,0,0,149,0,4966
Train|1100061022.avi|1,1100061022.avi,Train,1,150,299,5000,9966
Train|1100061023.avi|0,1100061023.avi,Train,0,0,149,0,4966
Train|1100061023.avi|1,1100061023.avi,Train,1,150,299,5000,9966
Train|1100061025.avi|0,1100061025.avi,Train,0,0,149,0,4966
Train|1100061025.avi|1,1100061025.avi,Train,1,150,299,5000,9966
Train|1100061027.avi|0,1100061027.avi,Train,0,0,149,0,4966
Train|1100061027.avi|1,1100061027.avi,Train,1,150,299,5000,9966
Train|1100061028.avi|0,1100061028.avi,Train,0,0,149,0,4966
Train|1100061028.avi|1,1100061028.avi,Train,1,150,299,5000,9966
Train|1100061030.avi|0,1100061030.avi,Train,0,0,149,0,4966
Train|1100061030.avi|1,1100061030.avi,Train,1,150,299,5000,9966
Train|1100061031.avi|0,1100061031.avi,Train,0,0,149,0,4966
Train|1100061031.avi|1,1100061031.avi,Train,1,150,299,5000,9966
Train|1100061032.avi|0,1100061032.avi,Train,0,0,149,0,4966
Train|1100061032.avi|1,1100061032.avi,Train,1,150,299,5000,9966
Train|1100061033.avi|0,1100061033.avi,Train,0,0,149,0,4966
Train|1100061033.avi|1,1100061033.avi,Train,1,150,299,5000,9966
Train|1100061034.avi|0,1100061034.avi,Train,0,0,149,0,4966
Train|1100061034.avi|1,1100061034.avi,Train,1,150,299,5000,9966
Train|1100061035.avi|0,1100061035.avi,Train,0,0,149,0,4966
Train|1100061035.avi|1,1100061035.avi,Train,1,150,299,5000,9966
Train|1100061036.avi|0,1100061036.avi,Train,0,0,149,0,4966
Train|1100061036.avi|1,1100061036.avi,Train,1,150,299,5000,9966
Train|1100061038.avi|0,1100061038.avi,Train,0,0,149,0,4966
Train|1100061038.avi|1,1100061038.avi,Train,1,150,299,5000,9966
Train|1100061039.avi|0,1100061039.avi,Train,0,0,149,0,4966
Train|1100061039.avi|1,1100061039.avi,Train,1,150,299,5000,9966
Train|1100061040.avi|0,1100061040.avi,Train,0,0,149,0,4966
Train|1100061040.avi|1,1100061040.avi,Train,1,150,299,5000,9966
Train|1100061042.avi|0,1100061042.avi,Train,0,0,149,0,4966
Train|1100061042.avi|1,1100061042.avi,Train,1,150,299,5000,9966
Train|1100061043.avi|0,1100061043.avi,Train,0,0,149,0,4966
Train|1100061043.avi|1,1100061043.avi,Train,1,150,299,5000,9966
Train|1100061044.avi|0,1100061044.avi,Train,0,0,149,0,4966
Train|1100061044.avi|1,1100061044.avi,Train,1,150,299,5000,9966
Train|1100061046.avi|0,1100061046.avi,Train,0,0,149,0,4966
Train|1100061046.avi|1,1100061046.avi,Train,1,150,299,5000,9966
Train|1100061047.avi|0,1100061047.avi,Train,0,0,149,0,4966
Train|1100061047.avi|1,1100061047.avi,Train,1,150,299,5000,9966
Train|1100061048.avi|0,1100061048.avi,Train,0,0,149,0,4966
Train|1100061048.avi|1,1100061048.avi,Train,1,150,299,5000,9966
Train|1100061049.avi|0,1100061049.avi,Train,0,0,149,0,4966
Train|1100061049.avi|1,1100061049.avi,Train,1,150,299,5000,9966
Train|1100061050.avi|0,1100061050.avi,Train,0,0,149,0,4966
Train|1100061050.avi|1,1100061050.avi,Train,1,150,299,5000,9966
Train|1100061051.avi|0,1100061051.avi,Train,0,0,149,0,4966
Train|1100061051.avi|1,1100061051.avi,Train,1,150,299,5000,9966
Train|1100061053.avi|0,1100061053.avi,Train,0,0,149,0,4966
Train|1100061053.avi|1,1100061053.avi,Train,1,150,299,5000,9966
Train|1100061057.avi|0,1100061057.avi,Train,0,0,149,0,4966
Train|1100061057.avi|1,1100061057.avi,Train,1,150,299,5000,9966
Train|1100061058.avi|0,1100061058.avi,Train,0,0,149,0,4966
Train|1100061058.avi|1,1100061058.avi,Train,1,150,299,5000,9966
Train|1100061061.avi|0,1100061061.avi,Train,0,0,149,0,4966
Train|1100061061.avi|1,1100061061.avi,Train,1,150,299,5000,9966
Train|1100061063.avi|0,1100061063.avi,Train,0,0,149,0,4966
Train|1100061063.avi|1,1100061063.avi,Train,1,150,299,5000,9966
Train|1100061064.avi|0,1100061064.avi,Train,0,0,149,0,4966
Train|1100061064.avi|1,1100061064.avi,Train,1,150,299,5000,9966
Train|1100061067.avi|0,1100061067.avi,Train,0,0,149,0,4966
Train|1100061067.avi|1,1100061067.avi,Train,1,150,299,5000,9966
Train|1100061068.avi|0,1100061068.avi,Train,0,0,149,0,4966
Train|1100061068.avi|1,1100061068.avi,Train,1,150,299,5000,9966
Train|1100061069.avi|0,1100061069.avi,Train,0,0,149,0,4966
Train|1100061069.avi|1,1100061069.avi,Train,1,150,299,5000,9966
Train|1100061073.avi|0,1100061073.avi,Train,0,0,149,0,4966
Train|1100061073.avi|1,1100061073.avi,Train,1,150,299,5000,9966
Train|1100061074.avi|0,1100061074.avi,Train,0,0,149,0,4966
Train|1100061074.avi|1,1100061074.avi,Train,1,150,299,5000,9966
Train|1100061077.avi|0,1100061077.avi,Train,0,0,149,0,4966
Train|1100061077.avi|1,1100061077.avi,Train,1,150,299,5000,9966
Train|1100061078.avi|0,1100061078.avi,Train,0,0,149,0,4966
Train|1100061078.avi|1,1100061078.avi,Train,1,150,299,5000,9966
Train|1100062004.avi|0,1100062004.avi,Train,0,0,149,0,4966
Train|1100062004.avi|1,1100062004.avi,Train,1,150,299,5000,9966
Train|1100062005.avi|0,1100062005.avi,Train,0,0,149,0,4966
Train|1100062005.avi|1,1100062005.avi,Train,1,150,299,5000,9966
Train|1100062007.avi|0,1100062007.avi,Train,0,0,149,0,4966
Train|1100062007.avi|1,1100062007.avi,Train,1,150,299,5000,9966
Train|1100062008.avi|0,1100062008.avi,Train,0,0,149,0,4966
Train|1100062008.avi|1,1100062008.avi,Train,1,150,299,5000,9966
Train|1100062009.avi|0,1100062009.avi,Train,0,0,149,0,4966
Train|1100062009.avi|1,1100062009.avi,Train,1,150,299,5000,9966
Train|1100062016.avi|0,1100062016.avi,Train,0,0,149,0,4966
Train|1100062016.avi|1,1100062016.avi,Train,1,150,299,5000,9966
Train|1100062017.avi|0,1100062017.avi,Train,0,0,149,0,4966
Train|1100062017.avi|1,1100062017.avi,Train,1,150,299,5000,9966
Train|1100062024.avi|0,1100062024.avi,Train,0,0,149,0,4966
Train|1100062024.avi|1,1100062024.avi,Train,1,150,299,5000,9966
Train|1100062028.avi|0,1100062028.avi,Train,0,0,149,0,4966
Train|1100062028.avi|1,1100062028.avi,Train,1,150,299,5000,9966
Train|1100062029.avi|0,1100062029.avi,Train,0,0,149,0,4966
Train|1100062029.avi|1,1100062029.avi,Train,1,150,299,5000,9966
Train|1100062036.avi|0,1100062036.avi,Train,0,0,149,0,4966
Train|1100062036.avi|1,1100062036.avi,Train,1,150,299,5000,9966
Train|1100062037.avi|0,1100062037.avi,Train,0,0,149,0,4966
Train|1100062037.avi|1,1100062037.avi,Train,1,150,299,5000,9966
Train|1100062044.avi|0,1100062044.avi,Train,0,0,149,0,4966
Train|1100062044.avi|1,1100062044.avi,Train,1,150,299,5000,9966
Train|1100062045.avi|0,1100062045.avi,Train,0,0,149,0,4966
Train|1100062045.avi|1,1100062045.avi,Train,1,150,299,5000,9966
Train|1100062046.avi|0,1100062046.avi,Train,0,0,149,0,4966
Train|1100062046.avi|1,1100062046.avi,Train,1,150,299,5000,9966
Train|1100062049.avi|0,1100062049.avi,Train,0,0,149,0,4966
Train|1100062049.avi|1,1100062049.avi,Train,1,150,299,5000,9966
Train|1100062051.avi|0,1100062051.avi,Train,0,0,149,0,4966
Train|1100062051.avi|1,1100062051.avi,Train,1,150,299,5000,9966
Train|1100062053.avi|0,1100062053.avi,Train,0,0,149,0,4966
Train|1100062053.avi|1,1100062053.avi,Train,1,150,299,5000,9966
Train|1100062054.avi|0,1100062054.avi,Train,0,0,149,0,4966
Train|1100062054.avi|1,1100062054.avi,Train,1,150,299,5000,9966
Train|1100062059.avi|0,1100062059.avi,Train,0,0,149,0,4966
Train|1100062059.avi|1,1100062059.avi,Train,1,150,299,5000,9966
Train|1100062060.avi|0,1100062060.avi,Train,0,0,149,0,4966
Train|1100062060.avi|1,1100062060.avi,Train,1,150,299,5000,9966
Train|1100062061.avi|0,1100062061.avi,Train,0,0,149,0,4966
Train|1100062061.avi|1,1100062061.avi,Train,1,150,299,5000,9966
Train|1100062062.avi|0,1100062062.avi,Train,0,0,149,0,4966
Train|1100062062.avi|1,1100062062.avi,Train,1,150,299,5000,9966
Train|1100062063.avi|0,1100062063.avi,Train,0,0,149,0,4966
Train|1100062063.avi|1,1100062063.avi,Train,1,150,299,5000,9966
Train|1100062064.avi|0,1100062064.avi,Train,0,0,149,0,4966
Train|1100062064.avi|1,1100062064.avi,Train,1,150,299,5000,9966
Train|1100062065.avi|0,1100062065.avi,Train,0,0,149,0,4966
Train|1100062065.avi|1,1100062065.avi,Train,1,150,299,5000,9966
Train|1100062066.avi|0,1100062066.avi,Train,0,0,149,0,4966
Train|1100062066.avi|1,1100062066.avi,Train,1,150,299,5000,9966
Train|1100062067.avi|0,1100062067.avi,Train,0,0,149,0,4966
Train|1100062067.avi|1,1100062067.avi,Train,1,150,299,5000,9966
Train|1100062068.avi|0,1100062068.avi,Train,0,0,149,0,4966
Train|1100062068.avi|1,1100062068.avi,Train,1,150,299,5000,9966
Train|1100062069.avi|0,1100062069.avi,Train,0,0,149,0,4966
Train|1100062069.avi|1,1100062069.avi,Train,1,150,299,5000,9966
Train|1100062070.avi|0,1100062070.avi,Train,0,0,149,0,4966
Train|1100062070.avi|1,1100062070.avi,Train,1,150,299,5000,9966
Train|1100062071.avi|0,1100062071.avi,Train,0,0,149,0,4966
Train|1100062071.avi|1,1100062071.avi,Train,1,150,299,5000,9966
Train|1100062072.avi|0,1100062072.avi,Train,0,0,149,0,4966
Train|1100062072.avi|1,1100062072.avi,Train,1,150,299,5000,9966
Train|1100071005.avi|0,1100071005.avi,Train,0,0,149,0,4966
Train|1100071005.avi|1,1100071005.avi,Train,1,150,299,5000,9966
Train|1100071006.avi|0,1100071006.avi,Train,0,0,149,0,4966
Train|1100071006.avi|1,1100071006.avi,Train,1,150,299,5000,9966
Train|1100071007.avi|0,1100071007.avi,Train,0,0,149,0,4966
Train|1100071007.avi|1,1100071007.avi,Train,1,150,299,5000,9966
Train|1100071008.avi|0,1100071008.avi,Train,0,0,149,0,4966
Train|1100071008.avi|1,1100071008.avi,Train,1,150,299,5000,9966
Train|1100071009.avi|0,1100071009.avi,Train,0,0,149,0,4966
Train|1100071009.avi|1,1100071009.avi,Train,1,150,299,5000,9966
Train|1100071010.avi|0,1100071010.avi,Train,0,0,149,0,4966
Train|1100071010.avi|1,1100071010.avi,Train,1,150,299,5000,9966
Train|1100071011.avi|0,1100071011.avi,Train,0,0,149,0,4966
Train|1100071011.avi|1,1100071011.avi,Train,1,150,299,5000,9966
Train|1100071012.avi|0,1100071012.avi,Train,0,0,149,0,4966
Train|1100071012.avi|1,1100071012.avi,Train,1,150,299,5000,9966
Train|1100071013.avi|0,1100071013.avi,Train,0,0,149,0,4966
Train|1100071013.avi|1,1100071013.avi,Train,1,150,299,5000,9966
Train|1100071014.avi|0,1100071014.avi,Train,0,0,149,0,4966
Train|1100071014.avi|1,1100071014.avi,Train,1,150,299,5000,9966
Train|1100071015.avi|0,1100071015.avi,Train,0,0,149,0,4966
Train|1100071015.avi|1,1100071015.avi,Train,1,150,299,5000,9966
Train|1100071016.avi|0,1100071016.avi,Train,0,0,149,0,4966
Train|1100071016.avi|1,1100071016.avi,Train,1,150,299,5000,9966
Train|1100071017.avi|0,1100071017.avi,Train,0,0,149,0,4966
Train|1100071017.avi|1,1100071017.avi,Train,1,150,299,5000,9966
Train|1100071018.avi|0,1100071018.avi,Train,0,0,149,0,4966
Train|1100071018.avi|1,1100071018.avi,Train,1,150,299,5000,9966
Train|1100071019.avi|0,1100071019.avi,Train,0,0,149,0,4966
Train|1100071019.avi|1,1100071019.avi,Train,1,150,299,5000,9966
Train|1100071020.avi|0,1100071020.avi,Train,0,0,149,0,4966
Train|1100071020.avi|1,1100071020.avi,Train,1,150,299,5000,9966
Train|1100071021.avi|0,1100071021.avi,Train,0,0,149,0,4966
Train|1100071021.avi|1,1100071021.avi,Train,1,150,299,5000,9966
Train|1100071022.avi|0,1100071022.avi,Train,0,0,149,0,4966
Train|1100071022.avi|1,1100071022.avi,Train,1,150,299,5000,9966
Train|1100071023.avi|0,1100071023.avi,Train,0,0,149,0,4966
Train|1100071023.avi|1,1100071023.avi,Train,1,150,299,5000,9966
Train|1100071024.avi|0,1100071024.avi,Train,0,0,149,0,4966
Train|1100071024.avi|1,1100071024.avi,Train,1,150,299,5000,9966
Train|1100071026.avi|0,1100071026.avi,Train,0,0,149,0,4966
Train|1100071026.avi|1,1100071026.avi,Train,1,150,299,5000,9966
Train|1100071027.avi|0,1100071027.avi,Train,0,0,149,0,4966
Train|1100071027.avi|1,1100071027.avi,Train,1,150,299,5000,9966
Train|1100071028.avi|0,1100071028.avi,Train,0,0,149,0,4966
Train|1100071028.avi|1,1100071028.avi,Train,1,150,299,5000,9966
Train|1100071029.avi|0,1100071029.avi,Train,0,0,149,0,4966
Train|1100071029.avi|1,1100071029.avi,Train,1,150,299,5000,9966
Train|1100071030.avi|0,1100071030.avi,Train,0,0,149,0,4966
Train|1100071030.avi|1,1100071030.avi,Train,1,150,299,5000,9966
Train|1100071031.avi|0,1100071031.avi,Train,0,0,149,0,4966
Train|1100071031.avi|1,1100071031.avi,Train,1,150,299,5000,9966
Train|1100071032.avi|0,1100071032.avi,Train,0,0,149,0,4966
Train|1100071032.avi|1,1100071032.avi,Train,1,150,299,5000,9966
Train|1100071033.avi|0,1100071033.avi,Train,0,0,149,0,4966
Train|1100071033.avi|1,1100071033.avi,Train,1,150,299,5000,9966
Train|1100071034.avi|0,1100071034.avi,Train,0,0,149,0,4966
Train|1100071034.avi|1,1100071034.avi,Train,1,150,299,5000,9966
Train|1100071035.avi|0,1100071035.avi,Train,0,0,149,0,4966
Train|1100071035.avi|1,1100071035.avi,Train,1,150,299,5000,9966
Train|1100071036.avi|0,1100071036.avi,Train,0,0,149,0,4966
Train|1100071036.avi|1,1100071036.avi,Train,1,150,299,5000,9966
Train|1100071037.avi|0,1100071037.avi,Train,0,0,149,0,4966
Train|1100071037.avi|1,1100071037.avi,Train,1,150,299,5000,9966
Train|1100071040.avi|0,1100071040.avi,Train,0,0,149,0,4966
Train|1100071040.avi|1,1100071040.avi,Train,1,150,299,5000,9966
Train|1100071041.avi|0,1100071041.avi,Train,0,0,149,0,4966
Train|1100071041.avi|1,1100071041.avi,Train,1,150,299,5000,9966
Train|1100071042.avi|0,1100071042.avi,Train,0,0,149,0,4966
Train|1100071042.avi|1,1100071042.avi,Train,1,150,299,5000,9966
Train|1100071043.avi|0,1100071043.avi,Train,0,0,149,0,4966
Train|1100071043.avi|1,1100071043.avi,Train,1,150,299,5000,9966
Train|1100071044.avi|0,1100071044.avi,Train,0,0,149,0,4966
Train|1100071044.avi|1,1100071044.avi,Train,1,150,299,5000,9966
Train|1100071045.avi|0,1100071045.avi,Train,0,0,149,0,4966
Train|1100071045.avi|1,1100071045.avi,Train,1,150,299,5000,9966
Train|1100071046.avi|0,1100071046.avi,Train,0,0,149,0,4966
Train|1100071046.avi|1,1100071046.avi,Train,1,150,299,5000,9966
Train|1100071047.avi|0,1100071047.avi,Train,0,0,149,0,4966
Train|1100071047.avi|1,1100071047.avi,Train,1,150,299,5000,9966
Train|1100071049.avi|0,1100071049.avi,Train,0,0,149,0,4966
Train|1100071049.avi|1,1100071049.avi,Train,1,150,299,5000,9966
Train|1100071050.avi|0,1100071050.avi,Train,0,0,149,0,4966
Train|1100071050.avi|1,1100071050.avi,Train,1,150,299,5000,9966
Train|1100071052.avi|0,1100071052.avi,Train,0,0,149,0,4966
Train|1100071052.avi|1,1100071052.avi,Train,1,150,299,5000,9966
Train|1100071054.avi|0,1100071054.avi,Train,0,0,149,0,4966
Train|1100071054.avi|1,1100071054.avi,Train,1,150,299,5000,9966
Train|1100071055.avi|0,1100071055.avi,Train,0,0,149,0,4966
Train|1100071055.avi|1,1100071055.avi,Train,1,150,299,5000,9966
Train|1100071056.avi|0,1100071056.avi,Train,0,0,149,0,4966
Train|1100071056.avi|1,1100071056.avi,Train,1,150,299,5000,9966
Train|1100071057.avi|0,1100071057.avi,Train,0,0,149,0,4966
Train|1100071057.avi|1,1100071057.avi,Train,1,150,299,5000,9966
Train|1100071058.avi|0,1100071058.avi,Train,0,0,149,0,4966
Train|1100071058.avi|1,1100071058.avi,Train,1,150,299,5000,9966
Train|1100071059.avi|0,1100071059.avi,Train,0,0,149,0,4966
Train|1100071059.avi|1,1100071059.avi,Train,1,150,299,5000,9966
Train|1100071060.avi|0,1100071060.avi,Train,0,0,149,0,4966
Train|1100071060.avi|1,1100071060.avi,Train,1,150,299,5000,9966
Train|1100071061.avi|0,1100071061.avi,Train,0,0,149,0,4966
Train|1100071061.avi|1,1100071061.avi,Train,1,150,299,5000,9966
Train|1100071062.avi|0,1100071062.avi,Train,0,0,149,0,4966
Train|1100071062.avi|1,1100071062.avi,Train,1,150,299,5000,9966
Train|1100071063.avi|0,1100071063.avi,Train,0,0,149,0,4966
Train|1100071063.avi|1,1100071063.avi,Train,1,150,299,5000,9966
Train|1100071064.avi|0,1100071064.avi,Train,0,0,149,0,4966
Train|1100071064.avi|1,1100071064.avi,Train,1,150,299,5000,9966
Train|1100071065.avi|0,1100071065.avi,Train,0,0,149,0,4966
Train|1100071065.avi|1,1100071065.avi,Train,1,150,299,5000,9966
Train|1100071066.avi|0,1100071066.avi,Train,0,0,149,0,4966
Train|1100071066.avi|1,1100071066.avi,Train,1,150,299,5000,9966
Train|1100071067.avi|0,1100071067.avi,Train,0,0,149,0,4966
Train|1100071067.avi|1,1100071067.avi,Train,1,150,299,5000,9966
Train|1100071069.avi|0,1100071069.avi,Train,0,0,149,0,4966
Train|1100071069.avi|1,1100071069.avi,Train,1,150,299,5000,9966
Train|1100071070.avi|0,1100071070.avi,Train,0,0,149,0,4966
Train|1100071070.avi|1,1100071070.avi,Train,1,150,299,5000,9966
Train|1100071071.avi|0,1100071071.avi,Train,0,0,149,0,4966
Train|1100071071.avi|1,1100071071.avi,Train,1,150,299,5000,9966
Train|1100071072.avi|0,1100071072.avi,Train,0,0,149,0,4966
Train|1100071072.avi|1,1100071072.avi,Train,1,150,299,5000,9966
Train|1100071073.avi|0,1100071073.avi,Train,0,0,149,0,4966
Train|1100071073.avi|1,1100071073.avi,Train,1,150,299,5000,9966
Train|1100071074.avi|0,1100071074.avi,Train,0,0,149,0,4966
Train|1100071074.avi|1,1100071074.avi,Train,1,150,299,5000,9966
Train|1100071075.avi|0,1100071075.avi,Train,0,0,149,0,4966
Train|1100071075.avi|1,1100071075.avi,Train,1,150,299,5000,9966
Train|1100071076.avi|0,1100071076.avi,Train,0,0,149,0,4966
Train|1100071076.avi|1,1100071076.avi,Train,1,150,299,5000,9966
Train|1100071077.avi|0,1100071077.avi,Train,0,0,149,0,4966
Train|1100071077.avi|1,1100071077.avi,Train,1,150,299,5000,9966
Train|1100071078.avi|0,1100071078.avi,Train,0,0,149,0,4966
Train|1100071078.avi|1,1100071078.avi,Train,1,150,299,5000,9966
Train|1100071079.avi|0,1100071079.avi,Train,0,0,149,0,4966
Train|1100071079.avi|1,1100071079.avi,Train,1,150,299,5000,9966
Train|1100071080.avi|0,1100071080.avi,Train,0,0,149,0,4966
Train|1100071080.avi|1,1100071080.avi,Train,1,150,299,5000,9966
Train|1100071081.avi|0,1100071081.avi,Train,0,0,149,0,4966
Train|1100071081.avi|1,1100071081.avi,Train,1,150,299,5000,9966
Train|1100072001.avi|0,1100072001.avi,Train,0,0,149,0,4966
Train|1100072001.avi|1,1100072001.avi,Train,1,150,299,5000,9966
Train|1100072002.avi|0,1100072002.avi,Train,0,0,149,0,4966
Train|1100072002.avi|1,1100072002.avi,Train,1,150,299,5000,9966
Train|1100072003.avi|0,1100072003.avi,Train,0,0,149,0,4966
Train|1100072003.avi|1,1100072003.avi,Train,1,150,299,5000,9966
Train|1100072004.avi|0,1100072004.avi,Train,0,0,149,0,4966
Train|1100072004.avi|1,1100072004.avi,Train,1,150,299,5000,9966
Train|1100072006.avi|0,1100072006.avi,Train,0,0,149,0,4966
Train|1100072006.avi|1,1100072006.avi,Train,1,150,299,5000,9966
Train|1100072007.avi|0,1100072007.avi,Train,0,0,149,0,4966
Train|1100072007.avi|1,1100072007.avi,Train,1,150,299,5000,9966
Train|1100072008.avi|0,1100072008.avi,Train,0,0,149,0,4966
Train|1100072008.avi|1,1100072008.avi,Train,1,150,299,5000,9966
Train|1100072009.avi|0,1100072009.avi,Train,0,0,149,0,4966
Train|1100072009.avi|1,1100072009.avi,Train,1,150,299,5000,9966
Train|1100072010.avi|0,1100072010.avi,Train,0,0,149,0,4966
Train|1100072010.avi|1,1100072010.avi,Train,1,150,299,5000,9966
Train|1100072011.avi|0,1100072011.avi,Train,0,0,149,0,4966
Train|1100072011.avi|1,1100072011.avi,Train,1,150,299,5000,9966
Train|1100072012.avi|0,1100072012.avi,Train,0,0,149,0,4966
Train|1100072012.avi|1,1100072012.avi,Train,1,150,299,5000,9966
Train|1100072013.avi|0,1100072013.avi,Train,0,0,149,0,4966
Train|1100072013.avi|1,1100072013.avi,Train,1,150,299,5000,9966
Train|1100072014.avi|0,1100072014.avi,Train,0,0,149,0,4966
Train|1100072014.avi|1,1100072014.avi,Train,1,150,299,5000,9966
Train|1100072015.avi|0,1100072015.avi,Train,0,0,149,0,4966
Train|1100072015.avi|1,1100072015.avi,Train,1,150,299,5000,9966
Train|1100072016.avi|0,1100072016.avi,Train,0,0,149,0,4966
Train|1100072016.avi|1,1100072016.avi,Train,1,150,299,5000,9966
Train|1100072021.avi|0,1100072021.avi,Train,0,0,149,0,4966
Train|1100072021.avi|1,1100072021.avi,Train,1,150,299,5000,9966
Train|1100072022.avi|0,1100072022.avi,Train,0,0,149,0,4966
Train|1100072022.avi|1,1100072022.avi,Train,1,150,299,5000,9966
Train|1100072023.avi|0,1100072023.avi,Train,0,0,149,0,4966
Train|1100072023.avi|1,1100072023.avi,Train,1,150,299,5000,9966
Train|1100072024.avi|0,1100072024.avi,Train,0,0,149,0,4966
Train|1100072024.avi|1,1100072024.avi,Train,1,150,299,5000,9966
Train|1100072027.avi|0,1100072027.avi,Train,0,0,149,0,4966
Train|1100072027.avi|1,1100072027.avi,Train,1,150,299,5000,9966
Train|1100072028.avi|0,1100072028.avi,Train,0,0,149,0,4966
Train|1100072028.avi|1,1100072028.avi,Train,1,150,299,5000,9966
Train|1100072029.avi|0,1100072029.avi,Train,0,0,149,0,4966
Train|1100072029.avi|1,1100072029.avi,Train,1,150,299,5000,9966
Train|1100072030.avi|0,1100072030.avi,Train,0,0,149,0,4966
Train|1100072030.avi|1,1100072030.avi,Train,1,150,299,5000,9966
Train|1100072031.avi|0,1100072031.avi,Train,0,0,149,0,4966
Train|1100072031.avi|1,1100072031.avi,Train,1,150,299,5000,9966
Train|1100072032.avi|0,1100072032.avi,Train,0,0,149,0,4966
Train|1100072032.avi|1,1100072032.avi,Train,1,150,299,5000,9966
Train|1100072033.avi|0,1100072033.avi,Train,0,0,149,0,4966
Train|1100072033.avi|1,1100072033.avi,Train,1,150,299,5000,9966
Train|1100072034.avi|0,1100072034.avi,Train,0,0,149,0,4966
Train|1100072034.avi|1,1100072034.avi,Train,1,150,299,5000,9966
Train|1100072036.avi|0,1100072036.avi,Train,0,0,149,0,4966
Train|1100072036.avi|1,1100072036.avi,Train,1,150,299,5000,9966
Train|1100072037.avi|0,1100072037.avi,Train,0,0,149,0,4966
Train|1100072037.avi|1,1100072037.avi,Train,1,150,299,5000,9966
Train|1100072038.avi|0,1100072038.avi,Train,0,0,149,0,4966
Train|1100072038.avi|1,1100072038.avi,Train,1,150,299,5000,9966
Train|1100072039.avi|0,1100072039.avi,Train,0,0,149,0,4966
Train|1100072039.avi|1,1100072039.avi,Train,1,150,299,5000,9966
Train|1100072040.avi|0,1100072040.avi,Train,0,0,149,0,4966
Train|1100072040.avi|1,1100072040.avi,Train,1,150,299,5000,9966
Train|1100072042.avi|0,1100072042.avi,Train,0,0,149,0,4966
Train|1100072042.avi|1,1100072042.avi,Train,1,150,299,5000,9966
Train|1100072043.avi|0,1100072043.avi,Train,0,0,149,0,4966
Train|1100072043.avi|1,1100072043.avi,Train,1,150,299,5000,9966
Train|1100072045.avi|0,1100072045.avi,Train,0,0,149,0,4966
Train|1100072045.avi|1,1100072045.avi,Train,1,150,299,5000,9966
Train|1100072047.avi|0,1100072047.avi,Train,0,0,149,0,4966
Train|1100072047.avi|1,1100072047.avi,Train,1,150,299,5000,9966
Train|1100072048.avi|0,1100072048.avi,Train,0,0,149,0,4966
Train|1100072048.avi|1,1100072048.avi,Train,1,150,299,5000,9966
Train|1100072049.avi|0,1100072049.avi,Train,0,0,149,0,4966
Train|1100072049.avi|1,1100072049.avi,Train,1,150,299,5000,9966
Train|1100072050.avi|0,1100072050.avi,Train,0,0,149,0,4966
Train|1100072050.avi|1,1100072050.avi,Train,1,150,299,5000,9966
Train|1100072051.avi|0,1100072051.avi,Train,0,0,149,0,4966
Train|1100072051.avi|1,1100072051.avi,Train,1,150,299,5000,9966
Train|1100072052.avi|0,1100072052.avi,Train,0,0,149,0,4966
Train|1100072052.avi|1,1100072052.avi,Train,1,150,299,5000,9966
Train|1100072053.avi|0,1100072053.avi,Train,0,0,149,0,4966
Train|1100072053.avi|1,1100072053.avi,Train,1,150,299,5000,9966
Train|1100072054.avi|0,1100072054.avi,Train,0,0,149,0,4966
Train|1100072054.avi|1,1100072054.avi,Train,1,150,299,5000,9966
Train|1100072056.avi|0,1100072056.avi,Train,0,0,149,0,4966
Train|1100072056.avi|1,1100072056.avi,Train,1,150,299,5000,9966
Train|1100072057.avi|0,1100072057.avi,Train,0,0,149,0,4966
Train|1100072057.avi|1,1100072057.avi,Train,1,150,299,5000,9966
Train|1100072058.avi|0,1100072058.avi,Train,0,0,149,0,4966
Train|1100072058.avi|1,1100072058.avi,Train,1,150,299,5000,9966
Train|1100072059.avi|0,1100072059.avi,Train,0,0,149,0,4966
Train|1100072059.avi|1,1100072059.avi,Train,1,150,299,5000,9966
Train|1100072060.avi|0,1100072060.avi,Train,0,0,149,0,4966
Train|1100072060.avi|1,1100072060.avi,Train,1,150,299,5000,9966
Train|1100072061.avi|0,1100072061.avi,Train,0,0,149,0,4966
Train|1100072061.avi|1,1100072061.avi,Train,1,150,299,5000,9966
Train|1100072062.avi|0,1100072062.avi,Train,0,0,149,0,4966
Train|1100072062.avi|1,1100072062.avi,Train,1,150,299,5000,9966
Train|1100072063.avi|0,1100072063.avi,Train,0,0,149,0,4966
Train|1100072063.avi|1,1100072063.avi,Train,1,150,299,5000,9966
Train|1100072065.avi|0,1100072065.avi,Train,0,0,149,0,4966
Train|1100072065.avi|1,1100072065.avi,Train,1,150,299,5000,9966
Train|1100072066.avi|0,1100072066.avi,Train,0,0,149,0,4966
Train|1100072066.avi|1,1100072066.avi,Train,1,150,299,5000,9966
Train|1100072067.avi|0,1100072067.avi,Train,0,0,149,0,4966
Train|1100072067.avi|1,1100072067.avi,Train,1,150,299,5000,9966
Train|1100072068.avi|0,1100072068.avi,Train,0,0,149,0,4966
Train|1100072068.avi|1,1100072068.avi,Train,1,150,299,5000,9966
Train|1100072069.avi|0,1100072069.avi,Train,0,0,149,0,4966
Train|1100072069.avi|1,1100072069.avi,Train,1,150,299,5000,9966
Train|1100072070.avi|0,1100072070.avi,Train,0,0,149,0,4966
Train|1100072070.avi|1,1100072070.avi,Train,1,150,299,5000,9966
Train|1100072071.avi|0,1100072071.avi,Train,0,0,149,0,4966
Train|1100072071.avi|1,1100072071.avi,Train,1,150,299,5000,9966
Train|1100072072.avi|0,1100072072.avi,Train,0,0,149,0,4966
Train|1100072072.avi|1,1100072072.avi,Train,1,150,299,5000,9966
Train|1100072073.avi|0,1100072073.avi,Train,0,0,149,0,4966
Train|1100072073.avi|1,1100072073.avi,Train,1,150,299,5000,9966
Train|1100072074.avi|0,1100072074.avi,Train,0,0,149,0,4966
Train|1100072074.avi|1,1100072074.avi,Train,1,150,299,5000,9966
Train|1100072075.avi|0,1100072075.avi,Train,0,0,149,0,4966
Train|1100072075.avi|1,1100072075.avi,Train,1,150,299,5000,9966
Train|1100072076.avi|0,1100072076.avi,Train,0,0,149,0,4966
Train|1100072076.avi|1,1100072076.avi,Train,1,150,299,5000,9966
Train|1100072077.avi|0,1100072077.avi,Train,0,0,149,0,4966
Train|1100072077.avi|1,1100072077.avi,Train,1,150,299,5000,9966
Train|1100072078.avi|0,1100072078.avi,Train,0,0,149,0,4966
Train|1100072078.avi|1,1100072078.avi,Train,1,150,299,5000,9966
Train|1100072079.avi|0,1100072079.avi,Train,0,0,149,0,4966
Train|1100072079.avi|1,1100072079.avi,Train,1,150,299,5000,9966
Train|1100072080.avi|0,1100072080.avi,Train,0,0,149,0,4966
Train|1100072080.avi|1,1100072080.avi,Train,1,150,299,5000,9966
Train|1100072081.avi|0,1100072081.avi,Train,0,0,149,0,4966
Train|1100072081.avi|1,1100072081.avi,Train,1,150,299,5000,9966
Train|1100072082.avi|0,1100072082.avi,Train,0,0,149,0,4966
Train|1100072082.avi|1,1100072082.avi,Train,1,150,299,5000,9966
Train|1100072083.avi|0,1100072083.avi,Train,0,0,149,0,4966
Train|1100072083.avi|1,1100072083.avi,Train,1,150,299,5000,9966
Train|1100072084.avi|0,1100072084.avi,Train,0,0,149,0,4966
Train|1100072084.avi|1,1100072084.avi,Train,1,150,299,5000,9966
Train|1100072085.avi|0,1100072085.avi,Train,0,0,149,0,4966
Train|1100072085.avi|1,1100072085.avi,Train,1,150,299,5000,9966
Train|1100081044.avi|0,1100081044.avi,Train,0,0,149,0,4966
Train|1100081044.avi|1,1100081044.avi,Train,1,150,299,5000,9966
Train|1100081045.avi|0,1100081045.avi,Train,0,0,149,0,4966
Train|1100081045.avi|1,1100081045.avi,Train,1,150,299,5000,9966
Train|1100081046.avi|0,1100081046.avi,Train,0,0,149,0,4966
Train|1100081046.avi|1,1100081046.avi,Train,1,150,299,5000,9966
Train|1100081047.avi|0,1100081047.avi,Train,0,0,149,0,4966
Train|1100081047.avi|1,1100081047.avi,Train,1,150,299,5000,9966
Train|1100081048.avi|0,1100081048.avi,Train,0,0,149,0,4966
Train|1100081048.avi|1,1100081048.avi,Train,1,150,299,5000,9966
Train|1100082002.avi|0,1100082002.avi,Train,0,0,149,0,4966
Train|1100082002.avi|1,1100082002.avi,Train,1,150,299,5000,9966
Train|1100082003.avi|0,1100082003.avi,Train,0,0,149,0,4966
Train|1100082003.avi|1,1100082003.avi,Train,1,150,299,5000,9966
Train|1100082018.avi|0,1100082018.avi,Train,0,0,149,0,4966
Train|1100082018.avi|1,1100082018.avi,Train,1,150,299,5000,9966
Train|1100082027.avi|0,1100082027.avi,Train,0,0,149,0,4966
Train|1100082027.avi|1,1100082027.avi,Train,1,150,299,5000,9966
Train|1100102003.avi|0,1100102003.avi,Train,0,0,149,0,4966
Train|1100102003.avi|1,1100102003.avi,Train,1,150,299,5000,9966
Train|1100111001.avi|0,1100111001.avi,Train,0,0,149,0,4966
Train|1100111001.avi|1,1100111001.avi,Train,1,150,299,5000,9966
Train|1100111002.avi|0,1100111002.avi,Train,0,0,149,0,4966
Train|1100111002.avi|1,1100111002.avi,Train,1,150,299,5000,9966
Train|1100111003.avi|0,1100111003.avi,Train,0,0,149,0,4966
Train|1100111003.avi|1,1100111003.avi,Train,1,150,299,5000,9966
Train|1100111008.avi|0,1100111008.avi,Train,0,0,149,0,4966
Train|1100111008.avi|1,1100111008.avi,Train,1,150,299,5000,9966
Train|1100111009.avi|0,1100111009.avi,Train,0,0,149,0,4966
Train|1100111009.avi|1,1100111009.avi,Train,1,150,299,5000,9966
Train|1100111010.avi|0,1100111010.avi,Train,0,0,149,0,4966
Train|1100111010.avi|1,1100111010.avi,Train,1,150,299,5000,9966
Train|1100111011.avi|0,1100111011.avi,Train,0,0,149,0,4966
Train|1100111011.avi|1,1100111011.avi,Train,1,150,299,5000,9966
Train|1100111012.avi|0,1100111012.avi,Train,0,0,149,0,4966
Train|1100111012.avi|1,1100111012.avi,Train,1,150,299,5000,9966
Train|1100111013.avi|0,1100111013.avi,Train,0,0,149,0,4966
Train|1100111013.avi|1,1100111013.avi,Train,1,150,299,5000,9966
Train|1100111014.avi|0,1100111014.avi,Train,0,0,149,0,4966
Train|1100111014.avi|1,1100111014.avi,Train,1,150,299,5000,9966
Train|1100111016.avi|0,1100111016.avi,Train,0,0,149,0,4966
Train|1100111016.avi|1,1100111016.avi,Train,1,150,299,5000,9966
Train|1100111017.avi|0,1100111017.avi,Train,0,0,149,0,4966
Train|1100111017.avi|1,1100111017.avi,Train,1,150,299,5000,9966
Train|1100111018.avi|0,1100111018.avi,Train,0,0,149,0,4966
Train|1100111018.avi|1,1100111018.avi,Train,1,150,299,5000,9966
Train|1100111019.avi|0,1100111019.avi,Train,0,0,149,0,4966
Train|1100111019.avi|1,1100111019.avi,Train,1,150,299,5000,9966
Train|1100111021.avi|0,1100111021.avi,Train,0,0,149,0,4966
Train|1100111021.avi|1,1100111021.avi,Train,1,150,299,5000,9966
Train|1100111023.avi|0,1100111023.avi,Train,0,0,149,0,4966
Train|1100111023.avi|1,1100111023.avi,Train,1,150,299,5000,9966
Train|1100111025.avi|0,1100111025.avi,Train,0,0,149,0,4966
Train|1100111025.avi|1,1100111025.avi,Train,1,150,299,5000,9966
Train|1100111026.avi|0,1100111026.avi,Train,0,0,149,0,4966
Train|1100111026.avi|1,1100111026.avi,Train,1,150,299,5000,9966
Train|1100111027.avi|0,1100111027.avi,Train,0,0,149,0,4966
Train|1100111027.avi|1,1100111027.avi,Train,1,150,299,5000,9966
Train|1100111029.avi|0,1100111029.avi,Train,0,0,149,0,4966
Train|1100111029.avi|1,1100111029.avi,Train,1,150,299,5000,9966
Train|1100111030.avi|0,1100111030.avi,Train,0,0,149,0,4966
Train|1100111030.avi|1,1100111030.avi,Train,1,150,299,5000,9966
Train|1100111032.avi|0,1100111032.avi,Train,0,0,149,0,4966
Train|1100111032.avi|1,1100111032.avi,Train,1,150,299,5000,9966
Train|1100112001.avi|0,1100112001.avi,Train,0,0,149,0,4966
Train|1100112001.avi|1,1100112001.avi,Train,1,150,299,5000,9966
Train|1100112002.avi|0,1100112002.avi,Train,0,0,149,0,4966
Train|1100112002.avi|1,1100112002.avi,Train,1,150,299,5000,9966
Train|1100112003.avi|0,1100112003.avi,Train,0,0,149,0,4966
Train|1100112003.avi|1,1100112003.avi,Train,1,150,299,5000,9966
Train|1100112004.avi|0,1100112004.avi,Train,0,0,149,0,4966
Train|1100112004.avi|1,1100112004.avi,Train,1,150,299,5000,9966
Train|1100112006.avi|0,1100112006.avi,Train,0,0,149,0,4966
Train|1100112006.avi|1,1100112006.avi,Train,1,150,299,5000,9966
Train|1100112007.avi|0,1100112007.avi,Train,0,0,149,0,4966
Train|1100112007.avi|1,1100112007.avi,Train,1,150,299,5000,9966
Train|1100112008.avi|0,1100112008.avi,Train,0,0,149,0,4966
Train|1100112008.avi|1,1100112008.avi,Train,1,150,299,5000,9966
Train|1100112009.avi|0,1100112009.avi,Train,0,0,149,0,4966
Train|1100112009.avi|1,1100112009.avi,Train,1,150,299,5000,9966
Train|1100112010.avi|0,1100112010.avi,Train,0,0,149,0,4966
Train|1100112010.avi|1,1100112010.avi,Train,1,150,299,5000,9966
Train|1100112011.avi|0,1100112011.avi,Train,0,0,149,0,4966
Train|1100112011.avi|1,1100112011.avi,Train,1,150,299,5000,9966
Train|1100112012.avi|0,1100112012.avi,Train,0,0,149,0,4966
Train|1100112012.avi|1,1100112012.avi,Train,1,150,299,5000,9966
Train|1100112013.avi|0,1100112013.avi,Train,0,0,149,0,4966
Train|1100112013.avi|1,1100112013.avi,Train,1,150,299,5000,9966
Train|1100112014.avi|0,1100112014.avi,Train,0,0,149,0,4966
Train|1100112014.avi|1,1100112014.avi,Train,1,150,299,5000,9966
Train|1100112015.avi|0,1100112015.avi,Train,0,0,149,0,4966
Train|1100112015.avi|1,1100112015.avi,Train,1,150,299,5000,9966
Train|1100112016.avi|0,1100112016.avi,Train,0,0,149,0,4966
Train|1100112016.avi|1,1100112016.avi,Train,1,150,299,5000,9966
Train|1100112017.avi|0,1100112017.avi,Train,0,0,149,0,4966
Train|1100112017.avi|1,1100112017.avi,Train,1,150,299,5000,9966
Train|1100112018.avi|0,1100112018.avi,Train,0,0,149,0,4966
Train|1100112018.avi|1,1100112018.avi,Train,1,150,299,5000,9966
Train|1100112021.avi|0,1100112021.avi,Train,0,0,149,0,4966
Train|1100112021.avi|1,1100112021.avi,Train,1,150,299,5000,9966
Train|1100112022.avi|0,1100112022.avi,Train,0,0,149,0,4966
Train|1100112022.avi|1,1100112022.avi,Train,1,150,299,5000,9966
Train|1100112024.avi|0,1100112024.avi,Train,0,0,149,0,4966
Train|1100112024.avi|1,1100112024.avi,Train,1,150,299,5000,9966
Train|1100112025.avi|0,1100112025.avi,Train,0,0,149,0,4966
Train|1100112025.avi|1,1100112025.avi,Train,1,150,299,5000,9966
Train|1100112026.avi|0,1100112026.avi,Train,0,0,149,0,4966
Train|1100112026.avi|1,1100112026.avi,Train,1,150,299,5000,9966
Train|1100112029.avi|0,1100112029.avi,Train,0,0,149,0,4966
Train|1100112029.avi|1,1100112029.avi,Train,1,150,299,5000,9966
Train|1100112030.avi|0,1100112030.avi,Train,0,0,149,0,4966
Train|1100112030.avi|1,1100112030.avi,Train,1,150,299,5000,9966
Train|1100112033.avi|0,1100112033.avi,Train,0,0,149,0,4966
Train|1100112033.avi|1,1100112033.avi,Train,1,150,299,5000,9966
Train|1100112035.avi|0,1100112035.avi,Train,0,0,149,0,4966
Train|1100112035.avi|1,1100112035.avi,Train,1,150,299,5000,9966
Train|1100112036.avi|0,1100112036.avi,Train,0,0,149,0,4966
Train|1100112036.avi|1,1100112036.avi,Train,1,150,299,5000,9966
Train|1100112037.avi|0,1100112037.avi,Train,0,0,149,0,4966
Train|1100112037.avi|1,1100112037.avi,Train,1,150,299,5000,9966
Train|1100112038.avi|0,1100112038.avi,Train,0,0,149,0,4966
Train|1100112038.avi|1,1100112038.avi,Train,1,150,299,5000,9966
Train|1100112039.avi|0,1100112039.avi,Train,0,0,149,0,4966
Train|1100112039.avi|1,1100112039.avi,Train,1,150,299,5000,9966
Train|1100112040.avi|0,1100112040.avi,Train,0,0,149,0,4966
Train|1100112040.avi|1,1100112040.avi,Train,1,150,299,5000,9966
Train|1100112041.avi|0,1100112041.avi,Train,0,0,149,0,4966
Train|1100112041.avi|1,1100112041.avi,Train,1,150,299,5000,9966
Train|1100112042.avi|0,1100112042.avi,Train,0,0,149,0,4966
Train|1100112042.avi|1,1100112042.avi,Train,1,150,299,5000,9966
Train|1100112043.avi|0,1100112043.avi,Train,0,0,149,0,4966
Train|1100112043.avi|1,1100112043.avi,Train,1,150,299,5000,9966
Train|1100112044.avi|0,1100112044.avi,Train,0,0,149,0,4966
Train|1100112044.avi|1,1100112044.avi,Train,1,150,299,5000,9966
Train|1100112045.avi|0,1100112045.avi,Train,0,0,149,0,4966
Train|1100112045.avi|1,1100112045.avi,Train,1,150,299,5000,9966
Train|1100112047.avi|0,1100112047.avi,Train,0,0,149,0,4966
Train|1100112047.avi|1,1100112047.avi,Train,1,150,299,5000,9966
Train|1100112048.avi|0,1100112048.avi,Train,0,0,149,0,4966
Train|1100112048.avi|1,1100112048.avi,Train,1,150,299,5000,9966
Train|1100112051.avi|0,1100112051.avi,Train,0,0,149,0,4966
Train|1100112051.avi|1,1100112051.avi,Train,1,150,299,5000,9966
Train|1100112052.avi|0,1100112052.avi,Train,0,0,149,0,4966
Train|1100112052.avi|1,1100112052.avi,Train,1,150,299,5000,9966
Train|1100112053.avi|0,1100112053.avi,Train,0,0,149,0,4966
Train|1100112053.avi|1,1100112053.avi,Train,1,150,299,5000,9966
Train|1100112056.avi|0,1100112056.avi,Train,0,0,149,0,4966
Train|1100112056.avi|1,1100112056.avi,Train,1,150,299,5000,9966
Train|1100112057.avi|0,1100112057.avi,Train,0,0,149,0,4966
Train|1100112057.avi|1,1100112057.avi,Train,1,150,299,5000,9966
Train|1100112058.avi|0,1100112058.avi,Train,0,0,149,0,4966
Train|1100112058.avi|1,1100112058.avi,Train,1,150,299,5000,9966
Train|1100112059.avi|0,1100112059.avi,Train,0,0,149,0,4966
Train|1100112059.avi|1,1100112059.avi,Train,1,150,299,5000,9966
Train|1100112060.avi|0,1100112060.avi,Train,0,0,149,0,4966
Train|1100112060.avi|1,1100112060.avi,Train,1,150,299,5000,9966
Train|1100112061.avi|0,1100112061.avi,Train,0,0,149,0,4966
Train|1100112061.avi|1,1100112061.avi,Train,1,150,299,5000,9966
Train|1100112062.avi|0,1100112062.avi,Train,0,0,149,0,4966
Train|1100112062.avi|1,1100112062.avi,Train,1,150,299,5000,9966
Train|1100112063.avi|0,1100112063.avi,Train,0,0,149,0,4966
Train|1100112063.avi|1,1100112063.avi,Train,1,150,299,5000,9966
Train|1100112064.avi|0,1100112064.avi,Train,0,0,149,0,4966
Train|1100112064.avi|1,1100112064.avi,Train,1,150,299,5000,9966
Train|1100112065.avi|0,1100112065.avi,Train,0,0,149,0,4966
Train|1100112065.avi|1,1100112065.avi,Train,1,150,299,5000,9966
Train|1100112066.avi|0,1100112066.avi,Train,0,0,149,0,4966
Train|1100112066.avi|1,1100112066.avi,Train,1,150,299,5000,9966
Train|1100112068.avi|0,1100112068.avi,Train,0,0,149,0,4966
Train|1100112068.avi|1,1100112068.avi,Train,1,150,299,5000,9966
Train|1100121002.avi|0,1100121002.avi,Train,0,0,149,0,4966
Train|1100121002.avi|1,1100121002.avi,Train,1,150,299,5000,9966
Train|1100121003.avi|0,1100121003.avi,Train,0,0,149,0,4966
Train|1100121003.avi|1,1100121003.avi,Train,1,150,299,5000,9966
Train|1100121004.avi|0,1100121004.avi,Train,0,0,149,0,4966
Train|1100121004.avi|1,1100121004.avi,Train,1,150,299,5000,9966
Train|1100121005.avi|0,1100121005.avi,Train,0,0,149,0,4966
Train|1100121005.avi|1,1100121005.avi,Train,1,150,299,5000,9966
Train|1100121006.avi|0,1100121006.avi,Train,0,0,149,0,4966
Train|1100121006.avi|1,1100121006.avi,Train,1,150,299,5000,9966
Train|1100121007.avi|0,1100121007.avi,Train,0,0,149,0,4966
Train|1100121007.avi|1,1100121007.avi,Train,1,150,299,5000,9966
Train|1100121008.avi|0,1100121008.avi,Train,0,0,149,0,4966
Train|1100121008.avi|1,1100121008.avi,Train,1,150,299,5000,9966
Train|1100121009.avi|0,1100121009.avi,Train,0,0,149,0,4966
Train|1100121009.avi|1,1100121009.avi,Train,1,150,299,5000,9966
Train|1100121010.avi|0,1100121010.avi,Train,0,0,149,0,4966
Train|1100121010.avi|1,1100121010.avi,Train,1,150,299,5000,9966
Train|1100121011.avi|0,1100121011.avi,Train,0,0,149,0,4966
Train|1100121011.avi|1,1100121011.avi,Train,1,150,299,5000,9966
Train|1100121012.avi|0,1100121012.avi,Train,0,0,149,0,4966
Train|1100121012.avi|1,1100121012.avi,Train,1,150,299,5000,9966
Train|1100121015.avi|0,1100121015.avi,Train,0,0,149,0,4966
Train|1100121015.avi|1,1100121015.avi,Train,1,150,299,5000,9966
Train|1100121016.avi|0,1100121016.avi,Train,0,0,149,0,4966
Train|1100121016.avi|1,1100121016.avi,Train,1,150,299,5000,9966
Train|1100121017.avi|0,1100121017.avi,Train,0,0,149,0,4966
Train|1100121017.avi|1,1100121017.avi,Train,1,150,299,5000,9966
Train|1100121018.avi|0,1100121018.avi,Train,0,0,149,0,4966
Train|1100121018.avi|1,1100121018.avi,Train,1,150,299,5000,9966
Train|1100121019.avi|0,1100121019.avi,Train,0,0,149,0,4966
Train|1100121019.avi|1,1100121019.avi,Train,1,150,299,5000,9966
Train|1100121020.avi|0,1100121020.avi,Train,0,0,149,0,4966
Train|1100121020.avi|1,1100121020.avi,Train,1,150,299,5000,9966
Train|1100121024.avi|0,1100121024.avi,Train,0,0,149,0,4966
Train|1100121024.avi|1,1100121024.avi,Train,1,150,299,5000,9966
Train|1100121025.avi|0,1100121025.avi,Train,0,0,149,0,4966
Train|1100121025.avi|1,1100121025.avi,Train,1,150,299,5000,9966
Train|1100121028.avi|0,1100121028.avi,Train,0,0,149,0,4966
Train|1100121028.avi|1,1100121028.avi,Train,1,150,299,5000,9966
Train|1100121031.avi|0,1100121031.avi,Train,0,0,149,0,4966
Train|1100121031.avi|1,1100121031.avi,Train,1,150,299,5000,9966
Train|1100121032.avi|0,1100121032.avi,Train,0,0,149,0,4966
Train|1100121032.avi|1,1100121032.avi,Train,1,150,299,5000,9966
Train|1100121033.avi|0,1100121033.avi,Train,0,0,149,0,4966
Train|1100121033.avi|1,1100121033.avi,Train,1,150,299,5000,9966
Train|1100121034.avi|0,1100121034.avi,Train,0,0,149,0,4966
Train|1100121034.avi|1,1100121034.avi,Train,1,150,299,5000,9966
Train|1100121035.avi|0,1100121035.avi,Train,0,0,149,0,4966
Train|1100121035.avi|1,1100121035.avi,Train,1,150,299,5000,9966
Train|1100121036.avi|0,1100121036.avi,Train,0,0,149,0,4966
Train|1100121036.avi|1,1100121036.avi,Train,1,150,299,5000,9966
Train|1100121038.avi|0,1100121038.avi,Train,0,0,149,0,4966
Train|1100121038.avi|1,1100121038.avi,Train,1,150,299,5000,9966
Train|1100121040.avi|0,1100121040.avi,Train,0,0,149,0,4966
Train|1100121040.avi|1,1100121040.avi,Train,1,150,299,5000,9966
Train|1100121041.avi|0,1100121041.avi,Train,0,0,149,0,4966
Train|1100121041.avi|1,1100121041.avi,Train,1,150,299,5000,9966
Train|1100121042.avi|0,1100121042.avi,Train,0,0,149,0,4966
Train|1100121042.avi|1,1100121042.avi,Train,1,150,299,5000,9966
Train|1100121044.avi|0,1100121044.avi,Train,0,0,149,0,4966
Train|1100121044.avi|1,1100121044.avi,Train,1,150,299,5000,9966
Train|1100121045.avi|0,1100121045.avi,Train,0,0,149,0,4966
Train|1100121045.avi|1,1100121045.avi,Train,1,150,299,5000,9966
Train|1100121047.avi|0,1100121047.avi,Train,0,0,149,0,4966
Train|1100121047.avi|1,1100121047.avi,Train,1,150,299,5000,9966
Train|1100121049.avi|0,1100121049.avi,Train,0,0,149,0,4966
Train|1100121049.avi|1,1100121049.avi,Train,1,150,299,5000,9966
Train|1100121050.avi|0,1100121050.avi,Train,0,0,149,0,4966
Train|1100121050.avi|1,1100121050.avi,Train,1,150,299,5000,9966
Train|1100121052.avi|0,1100121052.avi,Train,0,0,149,0,4966
Train|1100121052.avi|1,1100121052.avi,Train,1,150,299,5000,9966
Train|1100121053.avi|0,1100121053.avi,Train,0,0,149,0,4966
Train|1100121053.avi|1,1100121053.avi,Train,1,150,299,5000,9966
Train|1100121054.avi|0,1100121054.avi,Train,0,0,149,0,4966
Train|1100121054.avi|1,1100121054.avi,Train,1,150,299,5000,9966
Train|1100121056.avi|0,1100121056.avi,Train,0,0,149,0,4966
Train|1100121056.avi|1,1100121056.avi,Train,1,150,299,5000,9966
Train|1100121057.avi|0,1100121057.avi,Train,0,0,149,0,4966
Train|1100121057.avi|1,1100121057.avi,Train,1,150,299,5000,9966
Train|1100121059.avi|0,1100121059.avi,Train,0,0,149,0,4966
Train|1100121059.avi|1,1100121059.avi,Train,1,150,299,5000,9966
Train|1100121060.avi|0,1100121060.avi,Train,0,0,149,0,4966
Train|1100121060.avi|1,1100121060.avi,Train,1,150,299,5000,9966
Train|1100121061.avi|0,1100121061.avi,Train,0,0,149,0,4966
Train|1100121061.avi|1,1100121061.avi,Train,1,150,299,5000,9966
Train|1100121064.avi|0,1100121064.avi,Train,0,0,149,0,4966
Train|1100121064.avi|1,1100121064.avi,Train,1,150,299,5000,9966
Train|1100122001.avi|0,1100122001.avi,Train,0,0,149,0,4966
Train|1100122001.avi|1,1100122001.avi,Train,1,150,299,5000,9966
Train|1100122002.avi|0,1100122002.avi,Train,0,0,149,0,4966
Train|1100122002.avi|1,1100122002.avi,Train,1,150,299,5000,9966
Train|1100122003.avi|0,1100122003.avi,Train,0,0,149,0,4966
Train|1100122003.avi|1,1100122003.avi,Train,1,150,299,5000,9966
Train|1100122005.avi|0,1100122005.avi,Train,0,0,149,0,4966
Train|1100122005.avi|1,1100122005.avi,Train,1,150,299,5000,9966
Train|1100122006.avi|0,1100122006.avi,Train,0,0,149,0,4966
Train|1100122006.avi|1,1100122006.avi,Train,1,150,299,5000,9966
Train|1100122007.avi|0,1100122007.avi,Train,0,0,149,0,4966
Train|1100122007.avi|1,1100122007.avi,Train,1,150,299,5000,9966
Train|1100122008.avi|0,1100122008.avi,Train,0,0,149,0,4966
Train|1100122008.avi|1,1100122008.avi,Train,1,150,299,5000,9966
Train|1100122009.avi|0,1100122009.avi,Train,0,0,149,0,4966
Train|1100122009.avi|1,1100122009.avi,Train,1,150,299,5000,9966
Train|1100122010.avi|0,1100122010.avi,Train,0,0,149,0,4966
Train|1100122010.avi|1,1100122010.avi,Train,1,150,299,5000,9966
Train|1100122011.avi|0,1100122011.avi,Train,0,0,149,0,4966
Train|1100122011.avi|1,1100122011.avi,Train,1,150,299,5000,9966
Train|1100122012.avi|0,1100122012.avi,Train,0,0,149,0,4966
Train|1100122012.avi|1,1100122012.avi,Train,1,150,299,5000,9966
Train|1100122013.avi|0,1100122013.avi,Train,0,0,149,0,4966
Train|1100122013.avi|1,1100122013.avi,Train,1,150,299,5000,9966
Train|1100122014.avi|0,1100122014.avi,Train,0,0,149,0,4966
Train|1100122014.avi|1,1100122014.avi,Train,1,150,299,5000,9966
Train|1100122015.avi|0,1100122015.avi,Train,0,0,149,0,4966
Train|1100122015.avi|1,1100122015.avi,Train,1,150,299,5000,9966
Train|1100122017.avi|0,1100122017.avi,Train,0,0,149,0,4966
Train|1100122017.avi|1,1100122017.avi,Train,1,150,299,5000,9966
Train|1100122018.avi|0,1100122018.avi,Train,0,0,149,0,4966
Train|1100122018.avi|1,1100122018.avi,Train,1,150,299,5000,9966
Train|1100122019.avi|0,1100122019.avi,Train,0,0,149,0,4966
Train|1100122019.avi|1,1100122019.avi,Train,1,150,299,5000,9966
Train|1100122020.avi|0,1100122020.avi,Train,0,0,149,0,4966
Train|1100122020.avi|1,1100122020.avi,Train,1,150,299,5000,9966
Train|1100122021.avi|0,1100122021.avi,Train,0,0,149,0,4966
Train|1100122021.avi|1,1100122021.avi,Train,1,150,299,5000,9966
Train|1100122023.avi|0,1100122023.avi,Train,0,0,149,0,4966
Train|1100122023.avi|1,1100122023.avi,Train,1,150,299,5000,9966
Train|1100122024.avi|0,1100122024.avi,Train,0,0,149,0,4966
Train|1100122024.avi|1,1100122024.avi,Train,1,150,299,5000,9966
Train|1100122025.avi|0,1100122025.avi,Train,0,0,149,0,4966
Train|1100122025.avi|1,1100122025.avi,Train,1,150,299,5000,9966
Train|1100122026.avi|0,1100122026.avi,Train,0,0,149,0,4966
Train|1100122026.avi|1,1100122026.avi,Train,1,150,299,5000,9966
Train|1100122031.avi|0,1100122031.avi,Train,0,0,149,0,4966
Train|1100122031.avi|1,1100122031.avi,Train,1,150,299,5000,9966
Train|1100122032.avi|0,1100122032.avi,Train,0,0,149,0,4966
Train|1100122032.avi|1,1100122032.avi,Train,1,150,299,5000,9966
Train|1100122033.avi|0,1100122033.avi,Train,0,0,149,0,4966
Train|1100122033.avi|1,1100122033.avi,Train,1,150,299,5000,9966
Train|1100122034.avi|0,1100122034.avi,Train,0,0,149,0,4966
Train|1100122034.avi|1,1100122034.avi,Train,1,150,299,5000,9966
Train|1100122035.avi|0,1100122035.avi,Train,0,0,149,0,4966
Train|1100122035.avi|1,1100122035.avi,Train,1,150,299,5000,9966
Train|1100122036.avi|0,1100122036.avi,Train,0,0,149,0,4966
Train|1100122036.avi|1,1100122036.avi,Train,1,150,299,5000,9966
Train|1100122037.avi|0,1100122037.avi,Train,0,0,149,0,4966
Train|1100122037.avi|1,1100122037.avi,Train,1,150,299,5000,9966
Train|1100122038.avi|0,1100122038.avi,Train,0,0,149,0,4966
Train|1100122038.avi|1,1100122038.avi,Train,1,150,299,5000,9966
Train|1100122039.avi|0,1100122039.avi,Train,0,0,149,0,4966
Train|1100122039.avi|1,1100122039.avi,Train,1,150,299,5000,9966
Train|1100122040.avi|0,1100122040.avi,Train,0,0,149,0,4966
Train|1100122040.avi|1,1100122040.avi,Train,1,150,299,5000,9966
Train|1100122041.avi|0,1100122041.avi,Train,0,0,149,0,4966
Train|1100122041.avi|1,1100122041.avi,Train,1,150,299,5000,9966
Train|1100122045.avi|0,1100122045.avi,Train,0,0,149,0,4966
Train|1100122045.avi|1,1100122045.avi,Train,1,150,299,5000,9966
Train|1100122047.avi|0,1100122047.avi,Train,0,0,149,0,4966
Train|1100122047.avi|1,1100122047.avi,Train,1,150,299,5000,9966
Train|1100122048.avi|0,1100122048.avi,Train,0,0,149,0,4966
Train|1100122048.avi|1,1100122048.avi,Train,1,150,299,5000,9966
Train|1100122050.avi|0,1100122050.avi,Train,0,0,149,0,4966
Train|1100122050.avi|1,1100122050.avi,Train,1,150,299,5000,9966
Train|1100122051.avi|0,1100122051.avi,Train,0,0,149,0,4966
Train|1100122051.avi|1,1100122051.avi,Train,1,150,299,5000,9966
Train|1100122052.avi|0,1100122052.avi,Train,0,0,149,0,4966
Train|1100122052.avi|1,1100122052.avi,Train,1,150,299,5000,9966
Train|1100122053.avi|0,1100122053.avi,Train,0,0,149,0,4966
Train|1100122053.avi|1,1100122053.avi,Train,1,150,299,5000,9966
Train|1100122054.avi|0,1100122054.avi,Train,0,0,149,0,4966
Train|1100122054.avi|1,1100122054.avi,Train,1,150,299,5000,9966
Train|1100122056.avi|0,1100122056.avi,Train,0,0,149,0,4966
Train|1100122056.avi|1,1100122056.avi,Train,1,150,299,5000,9966
Train|1100131006.avi|0,1100131006.avi,Train,0,0,149,0,4966
Train|1100131006.avi|1,1100131006.avi,Train,1,150,299,5000,9966
Train|1100131007.avi|0,1100131007.avi,Train,0,0,149,0,4966
Train|1100131007.avi|1,1100131007.avi,Train,1,150,299,5000,9966
Train|1100131009.avi|0,1100131009.avi,Train,0,0,149,0,4966
Train|1100131009.avi|1,1100131009.avi,Train,1,150,299,5000,9966
Train|1100131010.avi|0,1100131010.avi,Train,0,0,149,0,4966
Train|1100131010.avi|1,1100131010.avi,Train,1,150,299,5000,9966
Train|1100131011.avi|0,1100131011.avi,Train,0,0,149,0,4966
Train|1100131011.avi|1,1100131011.avi,Train,1,150,299,5000,9966
Train|1100131012.avi|0,1100131012.avi,Train,0,0,149,0,4966
Train|1100131012.avi|1,1100131012.avi,Train,1,150,299,5000,9966
Train|1100131017.avi|0,1100131017.avi,Train,0,0,149,0,4966
Train|1100131017.avi|1,1100131017.avi,Train,1,150,299,5000,9966
Train|1100131019.avi|0,1100131019.avi,Train,0,0,149,0,4966
Train|1100131019.avi|1,1100131019.avi,Train,1,150,299,5000,9966
Train|1100141001.avi|0,1100141001.avi,Train,0,0,149,0,4966
Train|1100141001.avi|1,1100141001.avi,Train,1,150,299,5000,9966
Train|1100141002.avi|0,1100141002.avi,Train,0,0,149,0,4966
Train|1100141002.avi|1,1100141002.avi,Train,1,150,299,5000,9966
Train|1100141003.avi|0,1100141003.avi,Train,0,0,149,0,4966
Train|1100141003.avi|1,1100141003.avi,Train,1,150,299,5000,9966
Train|1100141004.avi|0,1100141004.avi,Train,0,0,149,0,4966
Train|1100141004.avi|1,1100141004.avi,Train,1,150,299,5000,9966
Train|1100141005.avi|0,1100141005.avi,Train,0,0,149,0,4966
Train|1100141005.avi|1,1100141005.avi,Train,1,150,299,5000,9966
Train|1100141006.avi|0,1100141006.avi,Train,0,0,149,0,4966
Train|1100141006.avi|1,1100141006.avi,Train,1,150,299,5000,9966
Train|1100141007.avi|0,1100141007.avi,Train,0,0,149,0,4966
Train|1100141007.avi|1,1100141007.avi,Train,1,150,299,5000,9966
Train|1100141008.avi|0,1100141008.avi,Train,0,0,149,0,4966
Train|1100141008.avi|1,1100141008.avi,Train,1,150,299,5000,9966
Train|1100141009.avi|0,1100141009.avi,Train,0,0,149,0,4966
Train|1100141009.avi|1,1100141009.avi,Train,1,150,299,5000,9966
Train|1100141010.avi|0,1100141010.avi,Train,0,0,149,0,4966
Train|1100141010.avi|1,1100141010.avi,Train,1,150,299,5000,9966
Train|1100141011.avi|0,1100141011.avi,Train,0,0,149,0,4966
Train|1100141011.avi|1,1100141011.avi,Train,1,150,299,5000,9966
Train|1100141012.avi|0,1100141012.avi,Train,0,0,149,0,4966
Train|1100141012.avi|1,1100141012.avi,Train,1,150,299,5000,9966
Train|1100141013.avi|0,1100141013.avi,Train,0,0,149,0,4966
Train|1100141013.avi|1,1100141013.avi,Train,1,150,299,5000,9966
Train|1100141014.avi|0,1100141014.avi,Train,0,0,149,0,4966
Train|1100141014.avi|1,1100141014.avi,Train,1,150,299,5000,9966
Train|1100141015.avi|0,1100141015.avi,Train,0,0,149,0,4966
Train|1100141015.avi|1,1100141015.avi,Train,1,150,299,5000,9966
Train|1100141016.avi|0,1100141016.avi,Train,0,0,149,0,4966
Train|1100141016.avi|1,1100141016.avi,Train,1,150,299,5000,9966
Train|1100141017.avi|0,1100141017.avi,Train,0,0,149,0,4966
Train|1100141017.avi|1,1100141017.avi,Train,1,150,299,5000,9966
Train|1100141019.avi|0,1100141019.avi,Train,0,0,149,0,4966
Train|1100141019.avi|1,1100141019.avi,Train,1,150,299,5000,9966
Train|1100141020.avi|0,1100141020.avi,Train,0,0,149,0,4966
Train|1100141020.avi|1,1100141020.avi,Train,1,150,299,5000,9966
Train|1100141021.avi|0,1100141021.avi,Train,0,0,149,0,4966
Train|1100141021.avi|1,1100141021.avi,Train,1,150,299,5000,9966
Train|1100141023.avi|0,1100141023.avi,Train,0,0,149,0,4966
Train|1100141023.avi|1,1100141023.avi,Train,1,150,299,5000,9966
Train|1100141027.avi|0,1100141027.avi,Train,0,0,149,0,4966
Train|1100141027.avi|1,1100141027.avi,Train,1,150,299,5000,9966
Train|1100141028.avi|0,1100141028.avi,Train,0,0,149,0,4966
Train|1100141028.avi|1,1100141028.avi,Train,1,150,299,5000,9966
Train|1100141029.avi|0,1100141029.avi,Train,0,0,149,0,4966
Train|1100141029.avi|1,1100141029.avi,Train,1,150,299,5000,9966
Train|1100141030.avi|0,1100141030.avi,Train,0,0,149,0,4966
Train|1100141030.avi|1,1100141030.avi,Train,1,150,299,5000,9966
Train|1100141031.avi|0,1100141031.avi,Train,0,0,149,0,4966
Train|1100141031.avi|1,1100141031.avi,Train,1,150,299,5000,9966
Train|1100141032.avi|0,1100141032.avi,Train,0,0,149,0,4966
Train|1100141032.avi|1,1100141032.avi,Train,1,150,299,5000,9966
Train|1100141033.avi|0,1100141033.avi,Train,0,0,149,0,4966
Train|1100141033.avi|1,1100141033.avi,Train,1,150,299,5000,9966
Train|1100141034.avi|0,1100141034.avi,Train,0,0,149,0,4966
Train|1100141034.avi|1,1100141034.avi,Train,1,150,299,5000,9966
Train|1100141035.avi|0,1100141035.avi,Train,0,0,149,0,4966
Train|1100141035.avi|1,1100141035.avi,Train,1,150,299,5000,9966
Train|1100141036.avi|0,1100141036.avi,Train,0,0,149,0,4966
Train|1100141036.avi|1,1100141036.avi,Train,1,150,299,5000,9966
Train|1100141039.avi|0,1100141039.avi,Train,0,0,149,0,4966
Train|1100141039.avi|1,1100141039.avi,Train,1,150,299,5000,9966
Train|1100141040.avi|0,1100141040.avi,Train,0,0,149,0,4966
Train|1100141040.avi|1,1100141040.avi,Train,1,150,299,5000,9966
Train|1100141042.avi|0,1100141042.avi,Train,0,0,149,0,4966
Train|1100141042.avi|1,1100141042.avi,Train,1,150,299,5000,9966
Train|1100141044.avi|0,1100141044.avi,Train,0,0,149,0,4966
Train|1100141044.avi|1,1100141044.avi,Train,1,150,299,5000,9966
Train|1100141045.avi|0,1100141045.avi,Train,0,0,149,0,4966
Train|1100141045.avi|1,1100141045.avi,Train,1,150,299,5000,9966
Train|1100141046.avi|0,1100141046.avi,Train,0,0,149,0,4966
Train|1100141046.avi|1,1100141046.avi,Train,1,150,299,5000,9966
Train|1100141049.avi|0,1100141049.avi,Train,0,0,149,0,4966
Train|1100141049.avi|1,1100141049.avi,Train,1,150,299,5000,9966
Train|1100141050.avi|0,1100141050.avi,Train,0,0,149,0,4966
Train|1100141050.avi|1,1100141050.avi,Train,1,150,299,5000,9966
Train|1100141052.avi|0,1100141052.avi,Train,0,0,149,0,4966
Train|1100141052.avi|1,1100141052.avi,Train,1,150,299,5000,9966
Train|1100141053.avi|0,1100141053.avi,Train,0,0,149,0,4966
Train|1100141053.avi|1,1100141053.avi,Train,1,150,299,5000,9966
Train|1100141054.avi|0,1100141054.avi,Train,0,0,149,0,4966
Train|1100141054.avi|1,1100141054.avi,Train,1,150,299,5000,9966
Train|1100141055.avi|0,1100141055.avi,Train,0,0,149,0,4966
Train|1100141055.avi|1,1100141055.avi,Train,1,150,299,5000,9966
Train|1100141056.avi|0,1100141056.avi,Train,0,0,149,0,4966
Train|1100141056.avi|1,1100141056.avi,Train,1,150,299,5000,9966
Train|1100141057.avi|0,1100141057.avi,Train,0,0,149,0,4966
Train|1100141057.avi|1,1100141057.avi,Train,1,150,299,5000,9966
Train|1100142002.avi|0,1100142002.avi,Train,0,0,149,0,4966
Train|1100142002.avi|1,1100142002.avi,Train,1,150,299,5000,9966
Train|1100142003.avi|0,1100142003.avi,Train,0,0,149,0,4966
Train|1100142003.avi|1,1100142003.avi,Train,1,150,299,5000,9966
Train|1100142004.avi|0,1100142004.avi,Train,0,0,149,0,4966
Train|1100142004.avi|1,1100142004.avi,Train,1,150,299,5000,9966
Train|1100142007.avi|0,1100142007.avi,Train,0,0,149,0,4966
Train|1100142007.avi|1,1100142007.avi,Train,1,150,299,5000,9966
Train|1100142008.avi|0,1100142008.avi,Train,0,0,149,0,4966
Train|1100142008.avi|1,1100142008.avi,Train,1,150,299,5000,9966
Train|1100142009.avi|0,1100142009.avi,Train,0,0,149,0,4966
Train|1100142009.avi|1,1100142009.avi,Train,1,150,299,5000,9966
Train|1100142010.avi|0,1100142010.avi,Train,0,0,149,0,4966
Train|1100142010.avi|1,1100142010.avi,Train,1,150,299,5000,9966
Train|1100142011.avi|0,1100142011.avi,Train,0,0,149,0,4966
Train|1100142011.avi|1,1100142011.avi,Train,1,150,299,5000,9966
Train|1100142013.avi|0,1100142013.avi,Train,0,0,149,0,4966
Train|1100142013.avi|1,1100142013.avi,Train,1,150,299,5000,9966
Train|1100142014.avi|0,1100142014.avi,Train,0,0,149,0,4966
Train|1100142014.avi|1,1100142014.avi,Train,1,150,299,5000,9966
Train|1100142015.avi|0,1100142015.avi,Train,0,0,149,0,4966
Train|1100142015.avi|1,1100142015.avi,Train,1,150,299,5000,9966
Train|1100142017.avi|0,1100142017.avi,Train,0,0,149,0,4966
Train|1100142017.avi|1,1100142017.avi,Train,1,150,299,5000,9966
Train|1100142018.avi|0,1100142018.avi,Train,0,0,149,0,4966
Train|1100142018.avi|1,1100142018.avi,Train,1,150,299,5000,9966
Train|1100142019.avi|0,1100142019.avi,Train,0,0,149,0,4966
Train|1100142019.avi|1,1100142019.avi,Train,1,150,299,5000,9966
Train|1100142021.avi|0,1100142021.avi,Train,0,0,149,0,4966
Train|1100142021.avi|1,1100142021.avi,Train,1,150,299,5000,9966
Train|1100142022.avi|0,1100142022.avi,Train,0,0,149,0,4966
Train|1100142022.avi|1,1100142022.avi,Train,1,150,299,5000,9966
Train|1100142023.avi|0,1100142023.avi,Train,0,0,149,0,4966
Train|1100142023.avi|1,1100142023.avi,Train,1,150,299,5000,9966
Train|1100142024.avi|0,1100142024.avi,Train,0,0,149,0,4966
Train|1100142024.avi|1,1100142024.avi,Train,1,150,299,5000,9966
Train|1100142027.avi|0,1100142027.avi,Train,0,0,149,0,4966
Train|1100142027.avi|1,1100142027.avi,Train,1,150,299,5000,9966
Train|1100142028.avi|0,1100142028.avi,Train,0,0,149,0,4966
Train|1100142028.avi|1,1100142028.avi,Train,1,150,299,5000,9966
Train|1100142029.avi|0,1100142029.avi,Train,0,0,149,0,4966
Train|1100142029.avi|1,1100142029.avi,Train,1,150,299,5000,9966
Train|1100142030.avi|0,1100142030.avi,Train,0,0,149,0,4966
Train|1100142030.avi|1,1100142030.avi,Train,1,150,299,5000,9966
Train|1100142031.avi|0,1100142031.avi,Train,0,0,149,0,4966
Train|1100142031.avi|1,1100142031.avi,Train,1,150,299,5000,9966
Train|1100142032.avi|0,1100142032.avi,Train,0,0,149,0,4966
Train|1100142032.avi|1,1100142032.avi,Train,1,150,299,5000,9966
Train|1100142033.avi|0,1100142033.avi,Train,0,0,149,0,4966
Train|1100142033.avi|1,1100142033.avi,Train,1,150,299,5000,9966
Train|1100142034.avi|0,1100142034.avi,Train,0,0,149,0,4966
Train|1100142034.avi|1,1100142034.avi,Train,1,150,299,5000,9966
Train|1100142035.avi|0,1100142035.avi,Train,0,0,149,0,4966
Train|1100142035.avi|1,1100142035.avi,Train,1,150,299,5000,9966
Train|1100142038.avi|0,1100142038.avi,Train,0,0,149,0,4966
Train|1100142038.avi|1,1100142038.avi,Train,1,150,299,5000,9966
Train|1100142041.avi|0,1100142041.avi,Train,0,0,149,0,4966
Train|1100142041.avi|1,1100142041.avi,Train,1,150,299,5000,9966
Train|1100142043.avi|0,1100142043.avi,Train,0,0,149,0,4966
Train|1100142043.avi|1,1100142043.avi,Train,1,150,299,5000,9966
Train|1100142044.avi|0,1100142044.avi,Train,0,0,149,0,4966
Train|1100142044.avi|1,1100142044.avi,Train,1,150,299,5000,9966
Train|1100142045.avi|0,1100142045.avi,Train,0,0,149,0,4966
Train|1100142045.avi|1,1100142045.avi,Train,1,150,299,5000,9966
Train|1100142046.avi|0,1100142046.avi,Train,0,0,149,0,4966
Train|1100142046.avi|1,1100142046.avi,Train,1,150,299,5000,9966
Train|1100142048.avi|0,1100142048.avi,Train,0,0,149,0,4966
Train|1100142048.avi|1,1100142048.avi,Train,1,150,299,5000,9966
Train|1100142049.avi|0,1100142049.avi,Train,0,0,149,0,4966
Train|1100142049.avi|1,1100142049.avi,Train,1,150,299,5000,9966
Train|1100142050.avi|0,1100142050.avi,Train,0,0,149,0,4966
Train|1100142050.avi|1,1100142050.avi,Train,1,150,299,5000,9966
Train|1100142051.avi|0,1100142051.avi,Train,0,0,149,0,4966
Train|1100142051.avi|1,1100142051.avi,Train,1,150,299,5000,9966
Train|1100142052.avi|0,1100142052.avi,Train,0,0,149,0,4966
Train|1100142052.avi|1,1100142052.avi,Train,1,150,299,5000,9966
Train|1100142053.avi|0,1100142053.avi,Train,0,0,149,0,4966
Train|1100142053.avi|1,1100142053.avi,Train,1,150,299,5000,9966
Train|1100142056.avi|0,1100142056.avi,Train,0,0,149,0,4966
Train|1100142056.avi|1,1100142056.avi,Train,1,150,299,5000,9966
Train|1100142057.avi|0,1100142057.avi,Train,0,0,149,0,4966
Train|1100142057.avi|1,1100142057.avi,Train,1,150,299,5000,9966
Train|1100142058.avi|0,1100142058.avi,Train,0,0,149,0,4966
Train|1100142058.avi|1,1100142058.avi,Train,1,150,299,5000,9966
Train|1100142059.avi|0,1100142059.avi,Train,0,0,149,0,4966
Train|1100142059.avi|1,1100142059.avi,Train,1,150,299,5000,9966
Train|1100142060.avi|0,1100142060.avi,Train,0,0,149,0,4966
Train|1100142060.avi|1,1100142060.avi,Train,1,150,299,5000,9966
Train|1100151003.avi|0,1100151003.avi,Train,0,0,149,0,4966
Train|1100151003.avi|1,1100151003.avi,Train,1,150,299,5000,9966
Train|1100151004.avi|0,1100151004.avi,Train,0,0,149,0,4966
Train|1100151004.avi|1,1100151004.avi,Train,1,150,299,5000,9966
Train|1100151008.avi|0,1100151008.avi,Train,0,0,149,0,4966
Train|1100151008.avi|1,1100151008.avi,Train,1,150,299,5000,9966
Train|1100151009.avi|0,1100151009.avi,Train,0,0,149,0,4966
Train|1100151009.avi|1,1100151009.avi,Train,1,150,299,5000,9966
Train|1100151010.avi|0,1100151010.avi,Train,0,0,149,0,4966
Train|1100151010.avi|1,1100151010.avi,Train,1,150,299,5000,9966
Train|1100151011.avi|0,1100151011.avi,Train,0,0,149,0,4966
Train|1100151011.avi|1,1100151011.avi,Train,1,150,299,5000,9966
Train|1100151012.avi|0,1100151012.avi,Train,0,0,149,0,4966
Train|1100151012.avi|1,1100151012.avi,Train,1,150,299,5000,9966
Train|1100151013.avi|0,1100151013.avi,Train,0,0,149,0,4966
Train|1100151013.avi|1,1100151013.avi,Train,1,150,299,5000,9966
Train|1100151014.avi|0,1100151014.avi,Train,0,0,149,0,4966
Train|1100151014.avi|1,1100151014.avi,Train,1,150,299,5000,9966
Train|1100151015.avi|0,1100151015.avi,Train,0,0,149,0,4966
Train|1100151015.avi|1,1100151015.avi,Train,1,150,299,5000,9966
Train|1100151016.avi|0,1100151016.avi,Train,0,0,149,0,4966
Train|1100151016.avi|1,1100151016.avi,Train,1,150,299,5000,9966
Train|1100151017.avi|0,1100151017.avi,Train,0,0,149,0,4966
Train|1100151017.avi|1,1100151017.avi,Train,1,150,299,5000,9966
Train|1100151018.avi|0,1100151018.avi,Train,0,0,149,0,4966
Train|1100151018.avi|1,1100151018.avi,Train,1,150,299,5000,9966
Train|1100151019.avi|0,1100151019.avi,Train,0,0,149,0,4966
Train|1100151019.avi|1,1100151019.avi,Train,1,150,299,5000,9966
Train|1100151020.avi|0,1100151020.avi,Train,0,0,149,0,4966
Train|1100151020.avi|1,1100151020.avi,Train,1,150,299,5000,9966
Train|1100151021.avi|0,1100151021.avi,Train,0,0,149,0,4966
Train|1100151021.avi|1,1100151021.avi,Train,1,150,299,5000,9966
Train|1100151022.avi|0,1100151022.avi,Train,0,0,149,0,4966
Train|1100151022.avi|1,1100151022.avi,Train,1,150,299,5000,9966
Train|1100151023.avi|0,1100151023.avi,Train,0,0,149,0,4966
Train|1100151023.avi|1,1100151023.avi,Train,1,150,299,5000,9966
Train|1100151024.avi|0,1100151024.avi,Train,0,0,149,0,4966
Train|1100151024.avi|1,1100151024.avi,Train,1,150,299,5000,9966
Train|1100151028.avi|0,1100151028.avi,Train,0,0,149,0,4966
Train|1100151028.avi|1,1100151028.avi,Train,1,150,299,5000,9966
Train|1100151030.avi|0,1100151030.avi,Train,0,0,149,0,4966
Train|1100151030.avi|1,1100151030.avi,Train,1,150,299,5000,9966
Train|1100151032.avi|0,1100151032.avi,Train,0,0,149,0,4966
Train|1100151032.avi|1,1100151032.avi,Train,1,150,299,5000,9966
Train|1100151033.avi|0,1100151033.avi,Train,0,0,149,0,4966
Train|1100151033.avi|1,1100151033.avi,Train,1,150,299,5000,9966
Train|1100151035.avi|0,1100151035.avi,Train,0,0,149,0,4966
Train|1100151035.avi|1,1100151035.avi,Train,1,150,299,5000,9966
Train|1100151037.avi|0,1100151037.avi,Train,0,0,149,0,4966
Train|1100151037.avi|1,1100151037.avi,Train,1,150,299,5000,9966
Train|1100151038.avi|0,1100151038.avi,Train,0,0,149,0,4966
Train|1100151038.avi|1,1100151038.avi,Train,1,150,299,5000,9966
Train|1100151039.avi|0,1100151039.avi,Train,0,0,149,0,4966
Train|1100151039.avi|1,1100151039.avi,Train,1,150,299,5000,9966
Train|1100151040.avi|0,1100151040.avi,Train,0,0,149,0,4966
Train|1100151040.avi|1,1100151040.avi,Train,1,150,299,5000,9966
Train|1100151042.avi|0,1100151042.avi,Train,0,0,149,0,4966
Train|1100151042.avi|1,1100151042.avi,Train,1,150,299,5000,9966
Train|1100151043.avi|0,1100151043.avi,Train,0,0,149,0,4966
Train|1100151043.avi|1,1100151043.avi,Train,1,150,299,5000,9966
Train|1100151044.avi|0,1100151044.avi,Train,0,0,149,0,4966
Train|1100151044.avi|1,1100151044.avi,Train,1,150,299,5000,9966
Train|1100151047.avi|0,1100151047.avi,Train,0,0,149,0,4966
Train|1100151047.avi|1,1100151047.avi,Train,1,150,299,5000,9966
Train|1100151049.avi|0,1100151049.avi,Train,0,0,149,0,4966
Train|1100151049.avi|1,1100151049.avi,Train,1,150,299,5000,9966
Train|1100151050.avi|0,1100151050.avi,Train,0,0,149,0,4966
Train|1100151050.avi|1,1100151050.avi,Train,1,150,299,5000,9966
Train|1100151051.avi|0,1100151051.avi,Train,0,0,149,0,4966
Train|1100151051.avi|1,1100151051.avi,Train,1,150,299,5000,9966
Train|1100151052.avi|0,1100151052.avi,Train,0,0,149,0,4966
Train|1100151052.avi|1,1100151052.avi,Train,1,150,299,5000,9966
Train|1100151054.avi|0,1100151054.avi,Train,0,0,149,0,4966
Train|1100151054.avi|1,1100151054.avi,Train,1,150,299,5000,9966
Train|1100151055.avi|0,1100151055.avi,Train,0,0,149,0,4966
Train|1100151055.avi|1,1100151055.avi,Train,1,150,299,5000,9966
Train|1100151056.avi|0,1100151056.avi,Train,0,0,149,0,4966
Train|1100151056.avi|1,1100151056.avi,Train,1,150,299,5000,9966
Train|1100151057.avi|0,1100151057.avi,Train,0,0,149,0,4966
Train|1100151057.avi|1,1100151057.avi,Train,1,150,299,5000,9966
Train|1100151058.avi|0,1100151058.avi,Train,0,0,149,0,4966
Train|1100151058.avi|1,1100151058.avi,Train,1,150,299,5000,9966
Train|1100151062.avi|0,1100151062.avi,Train,0,0,149,0,4966
Train|1100151062.avi|1,1100151062.avi,Train,1,150,299,5000,9966
Train|1100152001.avi|0,1100152001.avi,Train,0,0,149,0,4966
Train|1100152001.avi|1,1100152001.avi,Train,1,150,299,5000,9966
Train|1100152004.avi|0,1100152004.avi,Train,0,0,149,0,4966
Train|1100152004.avi|1,1100152004.avi,Train,1,150,299,5000,9966
Train|1100152005.avi|0,1100152005.avi,Train,0,0,149,0,4966
Train|1100152005.avi|1,1100152005.avi,Train,1,150,299,5000,9966
Train|1100152006.avi|0,1100152006.avi,Train,0,0,149,0,4966
Train|1100152006.avi|1,1100152006.avi,Train,1,150,299,5000,9966
Train|1100152008.avi|0,1100152008.avi,Train,0,0,149,0,4966
Train|1100152008.avi|1,1100152008.avi,Train,1,150,299,5000,9966
Train|1100152009.avi|0,1100152009.avi,Train,0,0,149,0,4966
Train|1100152009.avi|1,1100152009.avi,Train,1,150,299,5000,9966
Train|1100152010.avi|0,1100152010.avi,Train,0,0,149,0,4966
Train|1100152010.avi|1,1100152010.avi,Train,1,150,299,5000,9966
Train|1100152013.avi|0,1100152013.avi,Train,0,0,149,0,4966
Train|1100152013.avi|1,1100152013.avi,Train,1,150,299,5000,9966
Train|1100152014.avi|0,1100152014.avi,Train,0,0,149,0,4966
Train|1100152014.avi|1,1100152014.avi,Train,1,150,299,5000,9966
Train|1100152015.avi|0,1100152015.avi,Train,0,0,149,0,4966
Train|1100152015.avi|1,1100152015.avi,Train,1,150,299,5000,9966
Train|1100152017.avi|0,1100152017.avi,Train,0,0,149,0,4966
Train|1100152017.avi|1,1100152017.avi,Train,1,150,299,5000,9966
Train|1100152019.avi|0,1100152019.avi,Train,0,0,149,0,4966
Train|1100152019.avi|1,1100152019.avi,Train,1,150,299,5000,9966
Train|1100152020.avi|0,1100152020.avi,Train,0,0,149,0,4966
Train|1100152020.avi|1,1100152020.avi,Train,1,150,299,5000,9966
Train|1100152022.avi|0,1100152022.avi,Train,0,0,149,0,4966
Train|1100152022.avi|1,1100152022.avi,Train,1,150,299,5000,9966
Train|1100152024.avi|0,1100152024.avi,Train,0,0,149,0,4966
Train|1100152024.avi|1,1100152024.avi,Train,1,150,299,5000,9966
Train|1100152025.avi|0,1100152025.avi,Train,0,0,149,0,4966
Train|1100152025.avi|1,1100152025.avi,Train,1,150,299,5000,9966
Train|1100152026.avi|0,1100152026.avi,Train,0,0,149,0,4966
Train|1100152026.avi|1,1100152026.avi,Train,1,150,299,5000,9966
Train|1100152027.avi|0,1100152027.avi,Train,0,0,149,0,4966
Train|1100152027.avi|1,1100152027.avi,Train,1,150,299,5000,9966
Train|1100152031.avi|0,1100152031.avi,Train,0,0,149,0,4966
Train|1100152031.avi|1,1100152031.avi,Train,1,150,299,5000,9966
Train|1100152032.avi|0,1100152032.avi,Train,0,0,149,0,4966
Train|1100152032.avi|1,1100152032.avi,Train,1,150,299,5000,9966
Train|1100152039.avi|0,1100152039.avi,Train,0,0,149,0,4966
Train|1100152039.avi|1,1100152039.avi,Train,1,150,299,5000,9966
Train|1100152040.avi|0,1100152040.avi,Train,0,0,149,0,4966
Train|1100152040.avi|1,1100152040.avi,Train,1,150,299,5000,9966
Train|1100152041.avi|0,1100152041.avi,Train,0,0,149,0,4966
Train|1100152041.avi|1,1100152041.avi,Train,1,150,299,5000,9966
Train|1100152042.avi|0,1100152042.avi,Train,0,0,149,0,4966
Train|1100152042.avi|1,1100152042.avi,Train,1,150,299,5000,9966
Train|1100152043.avi|0,1100152043.avi,Train,0,0,149,0,4966
Train|1100152043.avi|1,1100152043.avi,Train,1,150,299,5000,9966
Train|1100152048.avi|0,1100152048.avi,Train,0,0,149,0,4966
Train|1100152048.avi|1,1100152048.avi,Train,1,150,299,5000,9966
Train|1100152049.avi|0,1100152049.avi,Train,0,0,149,0,4966
Train|1100152049.avi|1,1100152049.avi,Train,1,150,299,5000,9966
Train|1100152050.avi|0,1100152050.avi,Train,0,0,149,0,4966
Train|1100152050.avi|1,1100152050.avi,Train,1,150,299,5000,9966
Train|1100152051.avi|0,1100152051.avi,Train,0,0,149,0,4966
Train|1100152051.avi|1,1100152051.avi,Train,1,150,299,5000,9966
Train|1100152055.avi|0,1100152055.avi,Train,0,0,149,0,4966
Train|1100152055.avi|1,1100152055.avi,Train,1,150,299,5000,9966
Train|1100152056.avi|0,1100152056.avi,Train,0,0,149,0,4966
Train|1100152056.avi|1,1100152056.avi,Train,1,150,299,5000,9966
Train|1100152061.avi|0,1100152061.avi,Train,0,0,149,0,4966
Train|1100152061.avi|1,1100152061.avi,Train,1,150,299,5000,9966
Train|1100152062.avi|0,1100152062.avi,Train,0,0,149,0,4966
Train|1100152062.avi|1,1100152062.avi,Train,1,150,299,5000,9966
Train|1100152067.avi|0,1100152067.avi,Train,0,0,149,0,4966
Train|1100152067.avi|1,1100152067.avi,Train,1,150,299,5000,9966
Train|1100152069.avi|0,1100152069.avi,Train,0,0,149,0,4966
Train|1100152069.avi|1,1100152069.avi,Train,1,150,299,5000,9966
Train|1100152070.avi|0,1100152070.avi,Train,0,0,149,0,4966
Train|1100152070.avi|1,1100152070.avi,Train,1,150,299,5000,9966
Train|1100161002.avi|0,1100161002.avi,Train,0,0,149,0,4966
Train|1100161002.avi|1,1100161002.avi,Train,1,150,299,5000,9966
Train|1100161004.avi|0,1100161004.avi,Train,0,0,149,0,4966
Train|1100161004.avi|1,1100161004.avi,Train,1,150,299,5000,9966
Train|1100161011.avi|0,1100161011.avi,Train,0,0,149,0,4966
Train|1100161011.avi|1,1100161011.avi,Train,1,150,299,5000,9966
Train|1100161012.avi|0,1100161012.avi,Train,0,0,149,0,4966
Train|1100161012.avi|1,1100161012.avi,Train,1,150,299,5000,9966
Train|1100161013.avi|0,1100161013.avi,Train,0,0,149,0,4966
Train|1100161013.avi|1,1100161013.avi,Train,1,150,299,5000,9966
Train|1100161014.avi|0,1100161014.avi,Train,0,0,149,0,4966
Train|1100161014.avi|1,1100161014.avi,Train,1,150,299,5000,9966
Train|1100161015.avi|0,1100161015.avi,Train,0,0,149,0,4966
Train|1100161015.avi|1,1100161015.avi,Train,1,150,299,5000,9966
Train|1100161016.avi|0,1100161016.avi,Train,0,0,149,0,4966
Train|1100161016.avi|1,1100161016.avi,Train,1,150,299,5000,9966
Train|1100161020.avi|0,1100161020.avi,Train,0,0,149,0,4966
Train|1100161020.avi|1,1100161020.avi,Train,1,150,299,5000,9966
Train|1100161021.avi|0,1100161021.avi,Train,0,0,149,0,4966
Train|1100161021.avi|1,1100161021.avi,Train,1,150,299,5000,9966
Train|1100161022.avi|0,1100161022.avi,Train,0,0,149,0,4966
Train|1100161022.avi|1,1100161022.avi,Train,1,150,299,5000,9966
Train|1100161023.avi|0,1100161023.avi,Train,0,0,149,0,4966
Train|1100161023.avi|1,1100161023.avi,Train,1,150,299,5000,9966
Train|1100161028.avi|0,1100161028.avi,Train,0,0,149,0,4966
Train|1100161028.avi|1,1100161028.avi,Train,1,150,299,5000,9966
Train|1100161029.avi|0,1100161029.avi,Train,0,0,149,0,4966
Train|1100161029.avi|1,1100161029.avi,Train,1,150,299,5000,9966
Train|1100161032.avi|0,1100161032.avi,Train,0,0,149,0,4966
Train|1100161032.avi|1,1100161032.avi,Train,1,150,299,5000,9966
Train|1100161035.avi|0,1100161035.avi,Train,0,0,149,0,4966
Train|1100161035.avi|1,1100161035.avi,Train,1,150,299,5000,9966
Train|1100161036.avi|0,1100161036.avi,Train,0,0,149,0,4966
Train|1100161036.avi|1,1100161036.avi,Train,1,150,299,5000,9966
Train|1100161038.avi|0,1100161038.avi,Train,0,0,149,0,4966
Train|1100161038.avi|1,1100161038.avi,Train,1,150,299,5000,9966
Train|1100161039.avi|0,1100161039.avi,Train,0,0,149,0,4966
Train|1100161039.avi|1,1100161039.avi,Train,1,150,299,5000,9966
Train|1100161041.avi|0,1100161041.avi,Train,0,0,149,0,4966
Train|1100161041.avi|1,1100161041.avi,Train,1,150,299,5000,9966
Train|1100161043.avi|0,1100161043.avi,Train,0,0,149,0,4966
Train|1100161043.avi|1,1100161043.avi,Train,1,150,299,5000,9966
Train|1100161044.avi|0,1100161044.avi,Train,0,0,149,0,4966
Train|1100161044.avi|1,1100161044.avi,Train,1,150,299,5000,9966
Train|1100161045.avi|0,1100161045.avi,Train,0,0,149,0,4966
Train|1100161045.avi|1,1100161045.avi,Train,1,150,299,5000,9966
Train|1100161046.avi|0,1100161046.avi,Train,0,0,149,0,4966
Train|1100161046.avi|1,1100161046.avi,Train,1,150,299,5000,9966
Train|1100161048.avi|0,1100161048.avi,Train,0,0,149,0,4966
Train|1100161048.avi|1,1100161048.avi,Train,1,150,299,5000,9966
Train|1100161050.avi|0,1100161050.avi,Train,0,0,149,0,4966
Train|1100161050.avi|1,1100161050.avi,Train,1,150,299,5000,9966
Train|1100161053.avi|0,1100161053.avi,Train,0,0,149,0,4966
Train|1100161053.avi|1,1100161053.avi,Train,1,150,299,5000,9966
Train|1100162005.avi|0,1100162005.avi,Train,0,0,149,0,4966
Train|1100162005.avi|1,1100162005.avi,Train,1,150,299,5000,9966
Train|1100162007.avi|0,1100162007.avi,Train,0,0,149,0,4966
Train|1100162007.avi|1,1100162007.avi,Train,1,150,299,5000,9966
Train|1100162011.avi|0,1100162011.avi,Train,0,0,149,0,4966
Train|1100162011.avi|1,1100162011.avi,Train,1,150,299,5000,9966
Train|1100162016.avi|0,1100162016.avi,Train,0,0,149,0,4966
Train|1100162016.avi|1,1100162016.avi,Train,1,150,299,5000,9966
Train|1100171001.avi|0,1100171001.avi,Train,0,0,149,0,4966
Train|1100171001.avi|1,1100171001.avi,Train,1,150,299,5000,9966
Train|1100171002.avi|0,1100171002.avi,Train,0,0,149,0,4966
Train|1100171002.avi|1,1100171002.avi,Train,1,150,299,5000,9966
Train|1100171004.avi|0,1100171004.avi,Train,0,0,149,0,4966
Train|1100171004.avi|1,1100171004.avi,Train,1,150,299,5000,9966
Train|1100171005.avi|0,1100171005.avi,Train,0,0,149,0,4966
Train|1100171005.avi|1,1100171005.avi,Train,1,150,299,5000,9966
Train|1100171007.avi|0,1100171007.avi,Train,0,0,149,0,4966
Train|1100171007.avi|1,1100171007.avi,Train,1,150,299,5000,9966
Train|1100171008.avi|0,1100171008.avi,Train,0,0,149,0,4966
Train|1100171008.avi|1,1100171008.avi,Train,1,150,299,5000,9966
Train|1100171009.avi|0,1100171009.avi,Train,0,0,149,0,4966
Train|1100171009.avi|1,1100171009.avi,Train,1,150,299,5000,9966
Train|1100171010.avi|0,1100171010.avi,Train,0,0,149,0,4966
Train|1100171010.avi|1,1100171010.avi,Train,1,150,299,5000,9966
Train|1100171011.avi|0,1100171011.avi,Train,0,0,149,0,4966
Train|1100171011.avi|1,1100171011.avi,Train,1,150,299,5000,9966
Train|1100171012.avi|0,1100171012.avi,Train,0,0,149,0,4966
Train|1100171012.avi|1,1100171012.avi,Train,1,150,299,5000,9966
Train|1100171013.avi|0,1100171013.avi,Train,0,0,149,0,4966
Train|1100171013.avi|1,1100171013.avi,Train,1,150,299,5000,9966
Train|1100171015.avi|0,1100171015.avi,Train,0,0,149,0,4966
Train|1100171015.avi|1,1100171015.avi,Train,1,150,299,5000,9966
Train|1100171016.avi|0,1100171016.avi,Train,0,0,149,0,4966
Train|1100171016.avi|1,1100171016.avi,Train,1,150,299,5000,9966
Train|1100171017.avi|0,1100171017.avi,Train,0,0,149,0,4966
Train|1100171017.avi|1,1100171017.avi,Train,1,150,299,5000,9966
Train|1100171019.avi|0,1100171019.avi,Train,0,0,149,0,4966
Train|1100171019.avi|1,1100171019.avi,Train,1,150,299,5000,9966
Train|1100171021.avi|0,1100171021.avi,Train,0,0,149,0,4966
Train|1100171021.avi|1,1100171021.avi,Train,1,150,299,5000,9966
Train|1100171022.avi|0,1100171022.avi,Train,0,0,149,0,4966
Train|1100171022.avi|1,1100171022.avi,Train,1,150,299,5000,9966
Train|1100171023.avi|0,1100171023.avi,Train,0,0,149,0,4966
Train|1100171023.avi|1,1100171023.avi,Train,1,150,299,5000,9966
Train|1100171031.avi|0,1100171031.avi,Train,0,0,149,0,4966
Train|1100171031.avi|1,1100171031.avi,Train,1,150,299,5000,9966
Train|1100171035.avi|0,1100171035.avi,Train,0,0,149,0,4966
Train|1100171035.avi|1,1100171035.avi,Train,1,150,299,5000,9966
Train|1100171036.avi|0,1100171036.avi,Train,0,0,149,0,4966
Train|1100171036.avi|1,1100171036.avi,Train,1,150,299,5000,9966
Train|1100171038.avi|0,1100171038.avi,Train,0,0,149,0,4966
Train|1100171038.avi|1,1100171038.avi,Train,1,150,299,5000,9966
Train|1100171039.avi|0,1100171039.avi,Train,0,0,149,0,4966
Train|1100171039.avi|1,1100171039.avi,Train,1,150,299,5000,9966
Train|1100171040.avi|0,1100171040.avi,Train,0,0,149,0,4966
Train|1100171040.avi|1,1100171040.avi,Train,1,150,299,5000,9966
Train|1100171041.avi|0,1100171041.avi,Train,0,0,149,0,4966
Train|1100171041.avi|1,1100171041.avi,Train,1,150,299,5000,9966
Train|1100171043.avi|0,1100171043.avi,Train,0,0,149,0,4966
Train|1100171043.avi|1,1100171043.avi,Train,1,150,299,5000,9966
Train|1100171045.avi|0,1100171045.avi,Train,0,0,149,0,4966
Train|1100171045.avi|1,1100171045.avi,Train,1,150,299,5000,9966
Train|1100171049.avi|0,1100171049.avi,Train,0,0,149,0,4966
Train|1100171049.avi|1,1100171049.avi,Train,1,150,299,5000,9966
Train|1100171055.avi|0,1100171055.avi,Train,0,0,149,0,4966
Train|1100171055.avi|1,1100171055.avi,Train,1,150,299,5000,9966
Train|1100171056.avi|0,1100171056.avi,Train,0,0,149,0,4966
Train|1100171056.avi|1,1100171056.avi,Train,1,150,299,5000,9966
Train|1100171057.avi|0,1100171057.avi,Train,0,0,149,0,4966
Train|1100171057.avi|1,1100171057.avi,Train,1,150,299,5000,9966
Train|1100171059.avi|0,1100171059.avi,Train,0,0,149,0,4966
Train|1100171059.avi|1,1100171059.avi,Train,1,150,299,5000,9966
Train|1100171061.avi|0,1100171061.avi,Train,0,0,149,0,4966
Train|1100171061.avi|1,1100171061.avi,Train,1,150,299,5000,9966
Train|1100171063.avi|0,1100171063.avi,Train,0,0,149,0,4966
Train|1100171063.avi|1,1100171063.avi,Train,1,150,299,5000,9966
Train|1100171064.avi|0,1100171064.avi,Train,0,0,149,0,4966
Train|1100171064.avi|1,1100171064.avi,Train,1,150,299,5000,9966
Train|1100171065.avi|0,1100171065.avi,Train,0,0,149,0,4966
Train|1100171065.avi|1,1100171065.avi,Train,1,150,299,5000,9966
Train|1100171067.avi|0,1100171067.avi,Train,0,0,149,0,4966
Train|1100171067.avi|1,1100171067.avi,Train,1,150,299,5000,9966
Train|1100171069.avi|0,1100171069.avi,Train,0,0,149,0,4966
Train|1100171069.avi|1,1100171069.avi,Train,1,150,299,5000,9966
Train|1100171070.avi|0,1100171070.avi,Train,0,0,149,0,4966
Train|1100171070.avi|1,1100171070.avi,Train,1,150,299,5000,9966
Train|1100171071.avi|0,1100171071.avi,Train,0,0,149,0,4966
Train|1100171071.avi|1,1100171071.avi,Train,1,150,299,5000,9966
Train|1100171072.avi|0,1100171072.avi,Train,0,0,149,0,4966
Train|1100171072.avi|1,1100171072.avi,Train,1,150,299,5000,9966
Train|1100171073.avi|0,1100171073.avi,Train,0,0,149,0,4966
Train|1100171073.avi|1,1100171073.avi,Train,1,150,299,5000,9966
Train|1100171074.avi|0,1100171074.avi,Train,0,0,149,0,4966
Train|1100171074.avi|1,1100171074.avi,Train,1,150,299,5000,9966
Train|1100171075.avi|0,1100171075.avi,Train,0,0,149,0,4966
Train|1100171075.avi|1,1100171075.avi,Train,1,150,299,5000,9966
Train|1100171076.avi|0,1100171076.avi,Train,0,0,149,0,4966
Train|1100171076.avi|1,1100171076.avi,Train,1,150,299,5000,9966
Train|1100171077.avi|0,1100171077.avi,Train,0,0,149,0,4966
Train|1100171077.avi|1,1100171077.avi,Train,1,150,299,5000,9966
Train|1100171078.avi|0,1100171078.avi,Train,0,0,149,0,4966
Train|1100171078.avi|1,1100171078.avi,Train,1,150,299,5000,9966
Train|1100171080.avi|0,1100171080.avi,Train,0,0,149,0,4966
Train|1100171080.avi|1,1100171080.avi,Train,1,150,299,5000,9966
Train|1100171083.avi|0,1100171083.avi,Train,0,0,149,0,4966
Train|1100171083.avi|1,1100171083.avi,Train,1,150,299,5000,9966
Train|1100172003.avi|0,1100172003.avi,Train,0,0,149,0,4966
Train|1100172003.avi|1,1100172003.avi,Train,1,150,299,5000,9966
Train|1100172004.avi|0,1100172004.avi,Train,0,0,149,0,4966
Train|1100172004.avi|1,1100172004.avi,Train,1,150,299,5000,9966
Train|1100172007.avi|0,1100172007.avi,Train,0,0,149,0,4966
Train|1100172007.avi|1,1100172007.avi,Train,1,150,299,5000,9966
Train|1100172012.avi|0,1100172012.avi,Train,0,0,149,0,4966
Train|1100172012.avi|1,1100172012.avi,Train,1,150,299,5000,9966
Train|1100172013.avi|0,1100172013.avi,Train,0,0,149,0,4966
Train|1100172013.avi|1,1100172013.avi,Train,1,150,299,5000,9966
Train|1100172014.avi|0,1100172014.avi,Train,0,0,149,0,4966
Train|1100172014.avi|1,1100172014.avi,Train,1,150,299,5000,9966
Train|1100172015.avi|0,1100172015.avi,Train,0,0,149,0,4966
Train|1100172015.avi|1,1100172015.avi,Train,1,150,299,5000,9966
Train|1100172016.avi|0,1100172016.avi,Train,0,0,149,0,4966
Train|1100172016.avi|1,1100172016.avi,Train,1,150,299,5000,9966
Train|1100172017.avi|0,1100172017.avi,Train,0,0,149,0,4966
Train|1100172017.avi|1,1100172017.avi,Train,1,150,299,5000,9966
Train|1100172018.avi|0,1100172018.avi,Train,0,0,149,0,4966
Train|1100172018.avi|1,1100172018.avi,Train,1,150,299,5000,9966
Train|1100172020.avi|0,1100172020.avi,Train,0,0,149,0,4966
Train|1100172020.avi|1,1100172020.avi,Train,1,150,299,5000,9966
Train|1100172021.avi|0,1100172021.avi,Train,0,0,149,0,4966
Train|1100172021.avi|1,1100172021.avi,Train,1,150,299,5000,9966
Train|1100172022.avi|0,1100172022.avi,Train,0,0,149,0,4966
Train|1100172022.avi|1,1100172022.avi,Train,1,150,299,5000,9966
Train|1100172026.avi|0,1100172026.avi,Train,0,0,149,0,4966
Train|1100172026.avi|1,1100172026.avi,Train,1,150,299,5000,9966
Train|1100172028.avi|0,1100172028.avi,Train,0,0,149,0,4966
Train|1100172028.avi|1,1100172028.avi,Train,1,150,299,5000,9966
Train|1100172030.avi|0,1100172030.avi,Train,0,0,149,0,4966
Train|1100172030.avi|1,1100172030.avi,Train,1,150,299,5000,9966
Train|1100172032.avi|0,1100172032.avi,Train,0,0,149,0,4966
Train|1100172032.avi|1,1100172032.avi,Train,1,150,299,5000,9966
Train|1100172033.avi|0,1100172033.avi,Train,0,0,149,0,4966
Train|1100172033.avi|1,1100172033.avi,Train,1,150,299,5000,9966
Train|1100172034.avi|0,1100172034.avi,Train,0,0,149,0,4966
Train|1100172034.avi|1,1100172034.avi,Train,1,150,299,5000,9966
Train|1100172035.avi|0,1100172035.avi,Train,0,0,149,0,4966
Train|1100172035.avi|1,1100172035.avi,Train,1,150,299,5000,9966
Train|1100172037.avi|0,1100172037.avi,Train,0,0,149,0,4966
Train|1100172037.avi|1,1100172037.avi,Train,1,150,299,5000,9966
Train|1100172039.avi|0,1100172039.avi,Train,0,0,149,0,4966
Train|1100172039.avi|1,1100172039.avi,Train,1,150,299,5000,9966
Train|1100172042.avi|0,1100172042.avi,Train,0,0,149,0,4966
Train|1100172042.avi|1,1100172042.avi,Train,1,150,299,5000,9966
Train|1100172043.avi|0,1100172043.avi,Train,0,0,149,0,4966
Train|1100172043.avi|1,1100172043.avi,Train,1,150,299,5000,9966
Train|1100172047.avi|0,1100172047.avi,Train,0,0,149,0,4966
Train|1100172047.avi|1,1100172047.avi,Train,1,150,299,5000,9966
Train|1100172050.avi|0,1100172050.avi,Train,0,0,149,0,4966
Train|1100172050.avi|1,1100172050.avi,Train,1,150,299,5000,9966
Train|1100172058.avi|0,1100172058.avi,Train,0,0,149,0,4966
Train|1100172058.avi|1,1100172058.avi,Train,1,150,299,5000,9966
Train|1100172063.avi|0,1100172063.avi,Train,0,0,149,0,4966
Train|1100172063.avi|1,1100172063.avi,Train,1,150,299,5000,9966
Train|1100172066.avi|0,1100172066.avi,Train,0,0,149,0,4966
Train|1100172066.avi|1,1100172066.avi,Train,1,150,299,5000,9966
Train|1100411010.avi|0,1100411010.avi,Train,0,0,149,0,4966
Train|1100411010.avi|1,1100411010.avi,Train,1,150,299,5000,9966
Train|1100411011.avi|0,1100411011.avi,Train,0,0,149,0,4966
Train|1100411011.avi|1,1100411011.avi,Train,1,150,299,5000,9966
Train|1100411012.avi|0,1100411012.avi,Train,0,0,149,0,4966
Train|1100411012.avi|1,1100411012.avi,Train,1,150,299,5000,9966
Train|1100411013.avi|0,1100411013.avi,Train,0,0,149,0,4966
Train|1100411013.avi|1,1100411013.avi,Train,1,150,299,5000,9966
Train|1100411015.avi|0,1100411015.avi,Train,0,0,149,0,4966
Train|1100411015.avi|1,1100411015.avi,Train,1,150,299,5000,9966
Train|1100411016.avi|0,1100411016.avi,Train,0,0,149,0,4966
Train|1100411016.avi|1,1100411016.avi,Train,1,150,299,5000,9966
Train|1100411018.avi|0,1100411018.avi,Train,0,0,149,0,4966
Train|1100411018.avi|1,1100411018.avi,Train,1,150,299,5000,9966
Train|1100411020.avi|0,1100411020.avi,Train,0,0,149,0,4966
Train|1100411020.avi|1,1100411020.avi,Train,1,150,299,5000,9966
Train|1100411023.avi|0,1100411023.avi,Train,0,0,149,0,4966
Train|1100411023.avi|1,1100411023.avi,Train,1,150,299,5000,9966
Train|1100411036.avi|0,1100411036.avi,Train,0,0,149,0,4966
Train|1100411036.avi|1,1100411036.avi,Train,1,150,299,5000,9966
Train|1100411041.avi|0,1100411041.avi,Train,0,0,149,0,4966
Train|1100411041.avi|1,1100411041.avi,Train,1,150,299,5000,9966
Train|1100411045.avi|0,1100411045.avi,Train,0,0,149,0,4966
Train|1100411045.avi|1,1100411045.avi,Train,1,150,299,5000,9966
Train|1100411047.avi|0,1100411047.avi,Train,0,0,149,0,4966
Train|1100411047.avi|1,1100411047.avi,Train,1,150,299,5000,9966
Train|1100411048.avi|0,1100411048.avi,Train,0,0,149,0,4966
Train|1100411048.avi|1,1100411048.avi,Train,1,150,299,5000,9966
Train|1100411049.avi|0,1100411049.avi,Train,0,0,149,0,4966
Train|1100411049.avi|1,1100411049.avi,Train,1,150,299,5000,9966
Train|1100411050.avi|0,1100411050.avi,Train,0,0,149,0,4966
Train|1100411050.avi|1,1100411050.avi,Train,1,150,299,5000,9966
Train|1100411051.avi|0,1100411051.avi,Train,0,0,149,0,4966
Train|1100411051.avi|1,1100411051.avi,Train,1,150,299,5000,9966
Train|1100411053.avi|0,1100411053.avi,Train,0,0,149,0,4966
Train|1100411053.avi|1,1100411053.avi,Train,1,150,299,5000,9966
Train|1100411054.avi|0,1100411054.avi,Train,0,0,149,0,4966
Train|1100411054.avi|1,1100411054.avi,Train,1,150,299,5000,9966
Train|1100411055.avi|0,1100411055.avi,Train,0,0,149,0,4966
Train|1100411055.avi|1,1100411055.avi,Train,1,150,299,5000,9966
Train|1100411057.avi|0,1100411057.avi,Train,0,0,149,0,4966
Train|1100411057.avi|1,1100411057.avi,Train,1,150,299,5000,9966
Train|1100412001.avi|0,1100412001.avi,Train,0,0,149,0,4966
Train|1100412001.avi|1,1100412001.avi,Train,1,150,299,5000,9966
Train|1100412003.avi|0,1100412003.avi,Train,0,0,149,0,4966
Train|1100412003.avi|1,1100412003.avi,Train,1,150,299,5000,9966
Train|1100412010.avi|0,1100412010.avi,Train,0,0,149,0,4966
Train|1100412010.avi|1,1100412010.avi,Train,1,150,299,5000,9966
Train|1100412018.avi|0,1100412018.avi,Train,0,0,149,0,4966
Train|1100412018.avi|1,1100412018.avi,Train,1,150,299,5000,9966
Train|1100412033.avi|0,1100412033.avi,Train,0,0,149,0,4966
Train|1100412033.avi|1,1100412033.avi,Train,1,150,299,5000,9966
Train|1100412038.avi|0,1100412038.avi,Train,0,0,149,0,4966
Train|1100412038.avi|1,1100412038.avi,Train,1,150,299,5000,9966
Train|1100412039.avi|0,1100412039.avi,Train,0,0,149,0,4966
Train|1100412039.avi|1,1100412039.avi,Train,1,150,299,5000,9966
Train|1100412040.avi|0,1100412040.avi,Train,0,0,149,0,4966
Train|1100412040.avi|1,1100412040.avi,Train,1,150,299,5000,9966
Train|1110031003.avi|0,1110031003.avi,Train,0,0,149,0,4966
Train|1110031003.avi|1,1110031003.avi,Train,1,150,299,5000,9966
Train|1110031007.avi|0,1110031007.avi,Train,0,0,149,0,4966
Train|1110031007.avi|1,1110031007.avi,Train,1,150,299,5000,9966
Train|1110031010.avi|0,1110031010.avi,Train,0,0,149,0,4966
Train|1110031010.avi|1,1110031010.avi,Train,1,150,299,5000,9966
Train|1110031011.avi|0,1110031011.avi,Train,0,0,149,0,4966
Train|1110031011.avi|1,1110031011.avi,Train,1,150,299,5000,9966
Train|1110031012.avi|0,1110031012.avi,Train,0,0,149,0,4966
Train|1110031012.avi|1,1110031012.avi,Train,1,150,299,5000,9966
Train|1110031014.avi|0,1110031014.avi,Train,0,0,149,0,4966
Train|1110031014.avi|1,1110031014.avi,Train,1,150,299,5000,9966
Train|1110031019.avi|0,1110031019.avi,Train,0,0,149,0,4966
Train|1110031019.avi|1,1110031019.avi,Train,1,150,299,5000,9966
Train|1110031020.avi|0,1110031020.avi,Train,0,0,149,0,4966
Train|1110031020.avi|1,1110031020.avi,Train,1,150,299,5000,9966
Train|1110031021.avi|0,1110031021.avi,Train,0,0,149,0,4966
Train|1110031021.avi|1,1110031021.avi,Train,1,150,299,5000,9966
Train|1110031025.avi|0,1110031025.avi,Train,0,0,149,0,4966
Train|1110031025.avi|1,1110031025.avi,Train,1,150,299,5000,9966
Train|1110031027.avi|0,1110031027.avi,Train,0,0,149,0,4966
Train|1110031027.avi|1,1110031027.avi,Train,1,150,299,5000,9966
Train|1110031031.avi|0,1110031031.avi,Train,0,0,149,0,4966
Train|1110031031.avi|1,1110031031.avi,Train,1,150,299,5000,9966
Train|1110031033.avi|0,1110031033.avi,Train,0,0,149,0,4966
Train|1110031033.avi|1,1110031033.avi,Train,1,150,299,5000,9966
Train|1110031037.avi|0,1110031037.avi,Train,0,0,149,0,4966
Train|1110031037.avi|1,1110031037.avi,Train,1,150,299,5000,9966
Train|1110031038.avi|0,1110031038.avi,Train,0,0,149,0,4966
Train|1110031038.avi|1,1110031038.avi,Train,1,150,299,5000,9966
Train|1110031039.avi|0,1110031039.avi,Train,0,0,149,0,4966
Train|1110031039.avi|1,1110031039.avi,Train,1,150,299,5000,9966
Train|1110031040.avi|0,1110031040.avi,Train,0,0,149,0,4966
Train|1110031040.avi|1,1110031040.avi,Train,1,150,299,5000,9966
Train|1110031042.avi|0,1110031042.avi,Train,0,0,149,0,4966
Train|1110031042.avi|1,1110031042.avi,Train,1,150,299,5000,9966
Train|1110031048.avi|0,1110031048.avi,Train,0,0,149,0,4966
Train|1110031048.avi|1,1110031048.avi,Train,1,150,299,5000,9966
Train|1110031049.avi|0,1110031049.avi,Train,0,0,149,0,4966
Train|1110031049.avi|1,1110031049.avi,Train,1,150,299,5000,9966
Train|1110031050.avi|0,1110031050.avi,Train,0,0,149,0,4966
Train|1110031050.avi|1,1110031050.avi,Train,1,150,299,5000,9966
Train|1110031056.avi|0,1110031056.avi,Train,0,0,149,0,4966
Train|1110031056.avi|1,1110031056.avi,Train,1,150,299,5000,9966
Train|1110031061.avi|0,1110031061.avi,Train,0,0,149,0,4966
Train|1110031061.avi|1,1110031061.avi,Train,1,150,299,5000,9966
Train|1110031062.avi|0,1110031062.avi,Train,0,0,149,0,4966
Train|1110031062.avi|1,1110031062.avi,Train,1,150,299,5000,9966
Train|1110031063.avi|0,1110031063.avi,Train,0,0,149,0,4966
Train|1110031063.avi|1,1110031063.avi,Train,1,150,299,5000,9966
Train|1110031064.avi|0,1110031064.avi,Train,0,0,149,0,4966
Train|1110031064.avi|1,1110031064.avi,Train,1,150,299,5000,9966
Train|1110031065.avi|0,1110031065.avi,Train,0,0,149,0,4966
Train|1110031065.avi|1,1110031065.avi,Train,1,150,299,5000,9966
Train|1110032002.avi|0,1110032002.avi,Train,0,0,149,0,4966
Train|1110032002.avi|1,1110032002.avi,Train,1,150,299,5000,9966
Train|1110032004.avi|0,1110032004.avi,Train,0,0,149,0,4966
Train|1110032004.avi|1,1110032004.avi,Train,1,150,299,5000,9966
Train|1110032006.avi|0,1110032006.avi,Train,0,0,149,0,4966
Train|1110032006.avi|1,1110032006.avi,Train,1,150,299,5000,9966
Train|1110032008.avi|0,1110032008.avi,Train,0,0,149,0,4966
Train|1110032008.avi|1,1110032008.avi,Train,1,150,299,5000,9966
Train|1110032010.avi|0,1110032010.avi,Train,0,0,149,0,4966
Train|1110032010.avi|1,1110032010.avi,Train,1,150,299,5000,9966
Train|1110032014.avi|0,1110032014.avi,Train,0,0,149,0,4966
Train|1110032014.avi|1,1110032014.avi,Train,1,150,299,5000,9966
Train|1110032015.avi|0,1110032015.avi,Train,0,0,149,0,4966
Train|1110032015.avi|1,1110032015.avi,Train,1,150,299,5000,9966
Train|1110032018.avi|0,1110032018.avi,Train,0,0,149,0,4966
Train|1110032018.avi|1,1110032018.avi,Train,1,150,299,5000,9966
Train|1110032019.avi|0,1110032019.avi,Train,0,0,149,0,4966
Train|1110032019.avi|1,1110032019.avi,Train,1,150,299,5000,9966
Train|1110032020.avi|0,1110032020.avi,Train,0,0,149,0,4966
Train|1110032020.avi|1,1110032020.avi,Train,1,150,299,5000,9966
Train|1110032021.avi|0,1110032021.avi,Train,0,0,149,0,4966
Train|1110032021.avi|1,1110032021.avi,Train,1,150,299,5000,9966
Train|1110032022.avi|0,1110032022.avi,Train,0,0,149,0,4966
Train|1110032022.avi|1,1110032022.avi,Train,1,150,299,5000,9966
Train|1110032023.avi|0,1110032023.avi,Train,0,0,149,0,4966
Train|1110032023.avi|1,1110032023.avi,Train,1,150,299,5000,9966
Train|1110032024.avi|0,1110032024.avi,Train,0,0,149,0,4966
Train|1110032024.avi|1,1110032024.avi,Train,1,150,299,5000,9966
Train|1110032025.avi|0,1110032025.avi,Train,0,0,149,0,4966
Train|1110032025.avi|1,1110032025.avi,Train,1,150,299,5000,9966
Train|1110032027.avi|0,1110032027.avi,Train,0,0,149,0,4966
Train|1110032027.avi|1,1110032027.avi,Train,1,150,299,5000,9966
Train|1110032029.avi|0,1110032029.avi,Train,0,0,149,0,4966
Train|1110032029.avi|1,1110032029.avi,Train,1,150,299,5000,9966
Train|1110032031.avi|0,1110032031.avi,Train,0,0,149,0,4966
Train|1110032031.avi|1,1110032031.avi,Train,1,150,299,5000,9966
Train|1110032032.avi|0,1110032032.avi,Train,0,0,149,0,4966
Train|1110032032.avi|1,1110032032.avi,Train,1,150,299,5000,9966
Train|1110032033.avi|0,1110032033.avi,Train,0,0,149,0,4966
Train|1110032033.avi|1,1110032033.avi,Train,1,150,299,5000,9966
Train|1110032034.avi|0,1110032034.avi,Train,0,0,149,0,4966
Train|1110032034.avi|1,1110032034.avi,Train,1,150,299,5000,9966
Train|1110032036.avi|0,1110032036.avi,Train,0,0,149,0,4966
Train|1110032036.avi|1,1110032036.avi,Train,1,150,299,5000,9966
Train|1110032037.avi|0,1110032037.avi,Train,0,0,149,0,4966
Train|1110032037.avi|1,1110032037.avi,Train,1,150,299,5000,9966
Train|1110032042.avi|0,1110032042.avi,Train,0,0,149,0,4966
Train|1110032042.avi|1,1110032042.avi,Train,1,150,299,5000,9966
Train|1110032043.avi|0,1110032043.avi,Train,0,0,149,0,4966
Train|1110032043.avi|1,1110032043.avi,Train,1,150,299,5000,9966
Train|1110032045.avi|0,1110032045.avi,Train,0,0,149,0,4966
Train|1110032045.avi|1,1110032045.avi,Train,1,150,299,5000,9966
Train|1110032047.avi|0,1110032047.avi,Train,0,0,149,0,4966
Train|1110032047.avi|1,1110032047.avi,Train,1,150,299,5000,9966
Train|1110032048.avi|0,1110032048.avi,Train,0,0,149,0,4966
Train|1110032048.avi|1,1110032048.avi,Train,1,150,299,5000,9966
Train|1110032049.avi|0,1110032049.avi,Train,0,0,149,0,4966
Train|1110032049.avi|1,1110032049.avi,Train,1,150,299,5000,9966
Train|1110032050.avi|0,1110032050.avi,Train,0,0,149,0,4966
Train|1110032050.avi|1,1110032050.avi,Train,1,150,299,5000,9966
Train|1110032051.avi|0,1110032051.avi,Train,0,0,149,0,4966
Train|1110032051.avi|1,1110032051.avi,Train,1,150,299,5000,9966
Train|1110032052.avi|0,1110032052.avi,Train,0,0,149,0,4966
Train|1110032052.avi|1,1110032052.avi,Train,1,150,299,5000,9966
Train|1110032053.avi|0,1110032053.avi,Train,0,0,149,0,4966
Train|1110032053.avi|1,1110032053.avi,Train,1,150,299,5000,9966
Train|1110032055.avi|0,1110032055.avi,Train,0,0,149,0,4966
Train|1110032055.avi|1,1110032055.avi,Train,1,150,299,5000,9966
Train|1110032056.avi|0,1110032056.avi,Train,0,0,149,0,4966
Train|1110032056.avi|1,1110032056.avi,Train,1,150,299,5000,9966
Train|1110032058.avi|0,1110032058.avi,Train,0,0,149,0,4966
Train|1110032058.avi|1,1110032058.avi,Train,1,150,299,5000,9966
Train|1110032059.avi|0,1110032059.avi,Train,0,0,149,0,4966
Train|1110032059.avi|1,1110032059.avi,Train,1,150,299,5000,9966
Train|1110032060.avi|0,1110032060.avi,Train,0,0,149,0,4966
Train|1110032060.avi|1,1110032060.avi,Train,1,150,299,5000,9966
Train|1110032061.avi|0,1110032061.avi,Train,0,0,149,0,4966
Train|1110032061.avi|1,1110032061.avi,Train,1,150,299,5000,9966
Train|1110032062.avi|0,1110032062.avi,Train,0,0,149,0,4966
Train|1110032062.avi|1,1110032062.avi,Train,1,150,299,5000,9966
Train|1110032063.avi|0,1110032063.avi,Train,0,0,149,0,4966
Train|1110032063.avi|1,1110032063.avi,Train,1,150,299,5000,9966
Train|1813740111.avi|0,1813740111.avi,Train,0,0,149,0,4966
Train|1813740111.avi|1,1813740111.avi,Train,1,150,299,5000,9966
Train|1813740112.avi|0,1813740112.avi,Train,0,0,149,0,4966
Train|1813740112.avi|1,1813740112.avi,Train,1,150,299,5000,9966
Train|1813740115.avi|0,1813740115.avi,Train,0,0,149,0,4966
Train|1813740115.avi|1,1813740115.avi,Train,1,150,299,5000,9966
Train|1813740116.avi|0,1813740116.avi,Train,0,0,149,0,4966
Train|1813740116.avi|1,1813740116.avi,Train,1,150,299,5000,9966
Train|1813740118.avi|0,1813740118.avi,Train,0,0,149,0,4966
Train|1813740118.avi|1,1813740118.avi,Train,1,150,299,5000,9966
Train|1813740119.avi|0,1813740119.avi,Train,0,0,149,0,4966
Train|1813740119.avi|1,1813740119.avi,Train,1,150,299,5000,9966
Train|1813740122.avi|0,1813740122.avi,Train,0,0,149,0,4966
Train|1813740122.avi|1,1813740122.avi,Train,1,150,299,5000,9966
Train|1813740123.avi|0,1813740123.avi,Train,0,0,149,0,4966
Train|1813740123.avi|1,1813740123.avi,Train,1,150,299,5000,9966
Train|1813740124.avi|0,1813740124.avi,Train,0,0,149,0,4966
Train|1813740124.avi|1,1813740124.avi,Train,1,150,299,5000,9966
Train|1813740126.avi|0,1813740126.avi,Train,0,0,149,0,4966
Train|1813740126.avi|1,1813740126.avi,Train,1,150,299,5000,9966
Train|1813740127.avi|0,1813740127.avi,Train,0,0,149,0,4966
Train|1813740127.avi|1,1813740127.avi,Train,1,150,299,5000,9966
Train|1813740128.avi|0,1813740128.avi,Train,0,0,149,0,4966
Train|1813740128.avi|1,1813740128.avi,Train,1,150,299,5000,9966
Train|1813740131.avi|0,1813740131.avi,Train,0,0,149,0,4966
Train|1813740131.avi|1,1813740131.avi,Train,1,150,299,5000,9966
Train|1813740133.avi|0,1813740133.avi,Train,0,0,149,0,4966
Train|1813740133.avi|1,1813740133.avi,Train,1,150,299,5000,9966
Train|1813740135.avi|0,1813740135.avi,Train,0,0,149,0,4966
Train|1813740135.avi|1,1813740135.avi,Train,1,150,299,5000,9966
Train|1813740137.avi|0,1813740137.avi,Train,0,0,149,0,4966
Train|1813740137.avi|1,1813740137.avi,Train,1,150,299,5000,9966
Train|1813740138.avi|0,1813740138.avi,Train,0,0,149,0,4966
Train|1813740138.avi|1,1813740138.avi,Train,1,150,299,5000,9966
Train|1813740143.avi|0,1813740143.avi,Train,0,0,149,0,4966
Train|1813740143.avi|1,1813740143.avi,Train,1,150,299,5000,9966
Train|1813740144.avi|0,1813740144.avi,Train,0,0,149,0,4966
Train|1813740144.avi|1,1813740144.avi,Train,1,150,299,5000,9966
Train|1813740149.avi|0,1813740149.avi,Train,0,0,149,0,4966
Train|1813740149.avi|1,1813740149.avi,Train,1,150,299,5000,9966
Train|181374015.avi|0,181374015.avi,Train,0,0,149,0,4966
Train|181374015.avi|1,181374015.avi,Train,1,150,299,5000,9966
Train|1813740150.avi|0,1813740150.avi,Train,0,0,149,0,4966
Train|1813740150.avi|1,1813740150.avi,Train,1,150,299,5000,9966
Train|1813740153.avi|0,1813740153.avi,Train,0,0,149,0,4966
Train|1813740153.avi|1,1813740153.avi,Train,1,150,299,5000,9966
Train|1813740155.avi|0,1813740155.avi,Train,0,0,149,0,4966
Train|1813740155.avi|1,1813740155.avi,Train,1,150,299,5000,9966
Train|1813740157.avi|0,1813740157.avi,Train,0,0,149,0,4966
Train|1813740157.avi|1,1813740157.avi,Train,1,150,299,5000,9966
Train|1813740159.avi|0,1813740159.avi,Train,0,0,149,0,4966
Train|1813740159.avi|1,1813740159.avi,Train,1,150,299,5000,9966
Train|181374016.avi|0,181374016.avi,Train,0,0,149,0,4966
Train|181374016.avi|1,181374016.avi,Train,1,150,299,5000,9966
Train|1813740162.avi|0,1813740162.avi,Train,0,0,149,0,4966
Train|1813740162.avi|1,1813740162.avi,Train,1,150,299,5000,9966
Train|1813740164.avi|0,1813740164.avi,Train,0,0,149,0,4966
Train|1813740164.avi|1,1813740164.avi,Train,1,150,299,5000,9966
Train|1813740165.avi|0,1813740165.avi,Train,0,0,149,0,4966
Train|1813740165.avi|1,1813740165.avi,Train,1,150,299,5000,9966
Train|1813740167.avi|0,1813740167.avi,Train,0,0,149,0,4966
Train|1813740167.avi|1,1813740167.avi,Train,1,150,299,5000,9966
Train|1813740168.avi|0,1813740168.avi,Train,0,0,149,0,4966
Train|1813740168.avi|1,1813740168.avi,Train,1,150,299,5000,9966
Train|1813740169.avi|0,1813740169.avi,Train,0,0,149,0,4966
Train|1813740169.avi|1,1813740169.avi,Train,1,150,299,5000,9966
Train|181374017.avi|0,181374017.avi,Train,0,0,149,0,4966
Train|181374017.avi|1,181374017.avi,Train,1,150,299,5000,9966
Train|1813740171.avi|0,1813740171.avi,Train,0,0,149,0,4966
Train|1813740171.avi|1,1813740171.avi,Train,1,150,299,5000,9966
Train|1813740172.avi|0,1813740172.avi,Train,0,0,149,0,4966
Train|1813740172.avi|1,1813740172.avi,Train,1,150,299,5000,9966
Train|1813740173.avi|0,1813740173.avi,Train,0,0,149,0,4966
Train|1813740173.avi|1,1813740173.avi,Train,1,150,299,5000,9966
Train|1813740174.avi|0,1813740174.avi,Train,0,0,149,0,4966
Train|1813740174.avi|1,1813740174.avi,Train,1,150,299,5000,9966
Train|1813740176.avi|0,1813740176.avi,Train,0,0,149,0,4966
Train|1813740176.avi|1,1813740176.avi,Train,1,150,299,5000,9966
Train|1813740178.avi|0,1813740178.avi,Train,0,0,149,0,4966
Train|1813740178.avi|1,1813740178.avi,Train,1,150,299,5000,9966
Train|1813740179.avi|0,1813740179.avi,Train,0,0,149,0,4966
Train|1813740179.avi|1,1813740179.avi,Train,1,150,299,5000,9966
Train|1813740180.avi|0,1813740180.avi,Train,0,0,149,0,4966
Train|1813740180.avi|1,1813740180.avi,Train,1,150,299,5000,9966
Train|1813740181.avi|0,1813740181.avi,Train,0,0,149,0,4966
Train|1813740181.avi|1,1813740181.avi,Train,1,150,299,5000,9966
Train|1813740182.avi|0,1813740182.avi,Train,0,0,149,0,4966
Train|1813740182.avi|1,1813740182.avi,Train,1,150,299,5000,9966
Train|1813740183.avi|0,1813740183.avi,Train,0,0,149,0,4966
Train|1813740183.avi|1,1813740183.avi,Train,1,150,299,5000,9966
Train|1813740184.avi|0,1813740184.avi,Train,0,0,149,0,4966
Train|1813740184.avi|1,1813740184.avi,Train,1,150,299,5000,9966
Train|1813740185.avi|0,1813740185.avi,Train,0,0,149,0,4966
Train|1813740185.avi|1,1813740185.avi,Train,1,150,299,5000,9966
Train|181374019.avi|0,181374019.avi,Train,0,0,149,0,4966
Train|181374019.avi|1,181374019.avi,Train,1,150,299,5000,9966
Train|1813740210.avi|0,1813740210.avi,Train,0,0,149,0,4966
Train|1813740210.avi|1,1813740210.avi,Train,1,150,299,5000,9966
Train|1813740211.avi|0,1813740211.avi,Train,0,0,149,0,4966
Train|1813740211.avi|1,1813740211.avi,Train,1,150,299,5000,9966
Train|1813740212.avi|0,1813740212.avi,Train,0,0,149,0,4966
Train|1813740212.avi|1,1813740212.avi,Train,1,150,299,5000,9966
Train|1813740213.avi|0,1813740213.avi,Train,0,0,149,0,4966
Train|1813740213.avi|1,1813740213.avi,Train,1,150,299,5000,9966
Train|1813740214.avi|0,1813740214.avi,Train,0,0,149,0,4966
Train|1813740214.avi|1,1813740214.avi,Train,1,150,299,5000,9966
Train|1813740218.avi|0,1813740218.avi,Train,0,0,149,0,4966
Train|1813740218.avi|1,1813740218.avi,Train,1,150,299,5000,9966
Train|1813740219.avi|0,1813740219.avi,Train,0,0,149,0,4966
Train|1813740219.avi|1,1813740219.avi,Train,1,150,299,5000,9966
Train|1813740220.avi|0,1813740220.avi,Train,0,0,149,0,4966
Train|1813740220.avi|1,1813740220.avi,Train,1,150,299,5000,9966
Train|1813740221.avi|0,1813740221.avi,Train,0,0,149,0,4966
Train|1813740221.avi|1,1813740221.avi,Train,1,150,299,5000,9966
Train|1813740224.avi|0,1813740224.avi,Train,0,0,149,0,4966
Train|1813740224.avi|1,1813740224.avi,Train,1,150,299,5000,9966
Train|1813740225.avi|0,1813740225.avi,Train,0,0,149,0,4966
Train|1813740225.avi|1,1813740225.avi,Train,1,150,299,5000,9966
Train|1813740226.avi|0,1813740226.avi,Train,0,0,149,0,4966
Train|1813740226.avi|1,1813740226.avi,Train,1,150,299,5000,9966
Train|1813740227.avi|0,1813740227.avi,Train,0,0,149,0,4966
Train|1813740227.avi|1,1813740227.avi,Train,1,150,299,5000,9966
Train|1813740229.avi|0,1813740229.avi,Train,0,0,149,0,4966
Train|1813740229.avi|1,1813740229.avi,Train,1,150,299,5000,9966
Train|181374023.avi|0,181374023.avi,Train,0,0,149,0,4966
Train|181374023.avi|1,181374023.avi,Train,1,150,299,5000,9966
Train|1813740231.avi|0,1813740231.avi,Train,0,0,149,0,4966
Train|1813740231.avi|1,1813740231.avi,Train,1,150,299,5000,9966
Train|1813740232.avi|0,1813740232.avi,Train,0,0,149,0,4966
Train|1813740232.avi|1,1813740232.avi,Train,1,150,299,5000,9966
Train|1813740233.avi|0,1813740233.avi,Train,0,0,149,0,4966
Train|1813740233.avi|1,1813740233.avi,Train,1,150,299,5000,9966
Train|1813740234.avi|0,1813740234.avi,Train,0,0,149,0,4966
Train|1813740234.avi|1,1813740234.avi,Train,1,150,299,5000,9966
Train|1813740235.avi|0,1813740235.avi,Train,0,0,149,0,4966
Train|1813740235.avi|1,1813740235.avi,Train,1,150,299,5000,9966
Train|1813740236.avi|0,1813740236.avi,Train,0,0,149,0,4966
Train|1813740236.avi|1,1813740236.avi,Train,1,150,299,5000,9966
Train|1813740237.avi|0,1813740237.avi,Train,0,0,149,0,4966
Train|1813740237.avi|1,1813740237.avi,Train,1,150,299,5000,9966
Train|1813740238.avi|0,1813740238.avi,Train,0,0,149,0,4966
Train|1813740238.avi|1,1813740238.avi,Train,1,150,299,5000,9966
Train|181374024.avi|0,181374024.avi,Train,0,0,149,0,4966
Train|181374024.avi|1,181374024.avi,Train,1,150,299,5000,9966
Train|1813740240.avi|0,1813740240.avi,Train,0,0,149,0,4966
Train|1813740240.avi|1,1813740240.avi,Train,1,150,299,5000,9966
Train|1813740241.avi|0,1813740241.avi,Train,0,0,149,0,4966
Train|1813740241.avi|1,1813740241.avi,Train,1,150,299,5000,9966
Train|1813740242.avi|0,1813740242.avi,Train,0,0,149,0,4966
Train|1813740242.avi|1,1813740242.avi,Train,1,150,299,5000,9966
Train|1813740243.avi|0,1813740243.avi,Train,0,0,149,0,4966
Train|1813740243.avi|1,1813740243.avi,Train,1,150,299,5000,9966
Train|1813740245.avi|0,1813740245.avi,Train,0,0,149,0,4966
Train|1813740245.avi|1,1813740245.avi,Train,1,150,299,5000,9966
Train|1813740249.avi|0,1813740249.avi,Train,0,0,149,0,4966
Train|1813740249.avi|1,1813740249.avi,Train,1,150,299,5000,9966
Train|181374025.avi|0,181374025.avi,Train,0,0,149,0,4966
Train|181374025.avi|1,181374025.avi,Train,1,150,299,5000,9966
Train|1813740250.avi|0,1813740250.avi,Train,0,0,149,0,4966
Train|1813740250.avi|1,1813740250.avi,Train,1,150,299,5000,9966
Train|1813740251.avi|0,1813740251.avi,Train,0,0,149,0,4966
Train|1813740251.avi|1,1813740251.avi,Train,1,150,299,5000,9966
Train|1813740252.avi|0,1813740252.avi,Train,0,0,149,0,4966
Train|1813740252.avi|1,1813740252.avi,Train,1,150,299,5000,9966
Train|1813740253.avi|0,1813740253.avi,Train,0,0,149,0,4966
Train|1813740253.avi|1,1813740253.avi,Train,1,150,299,5000,9966
Train|1813740255.avi|0,1813740255.avi,Train,0,0,149,0,4966
Train|1813740255.avi|1,1813740255.avi,Train,1,150,299,5000,9966
Train|1813740256.avi|0,1813740256.avi,Train,0,0,149,0,4966
Train|1813740256.avi|1,1813740256.avi,Train,1,150,299,5000,9966
Train|1813740257.avi|0,1813740257.avi,Train,0,0,149,0,4966
Train|1813740257.avi|1,1813740257.avi,Train,1,150,299,5000,9966
Train|1813740258.avi|0,1813740258.avi,Train,0,0,149,0,4966
Train|1813740258.avi|1,1813740258.avi,Train,1,150,299,5000,9966
Train|1813740259.avi|0,1813740259.avi,Train,0,0,149,0,4966
Train|1813740259.avi|1,1813740259.avi,Train,1,150,299,5000,9966
Train|181374026.avi|0,181374026.avi,Train,0,0,149,0,4966
Train|181374026.avi|1,181374026.avi,Train,1,150,299,5000,9966
Train|1813740260.avi|0,1813740260.avi,Train,0,0,149,0,4966
Train|1813740260.avi|1,1813740260.avi,Train,1,150,299,5000,9966
Train|1813740261.avi|0,1813740261.avi,Train,0,0,149,0,4966
Train|1813740261.avi|1,1813740261.avi,Train,1,150,299,5000,9966
Train|1813740262.avi|0,1813740262.avi,Train,0,0,149,0,4966
Train|1813740262.avi|1,1813740262.avi,Train,1,150,299,5000,9966
Train|1813740263.avi|0,1813740263.avi,Train,0,0,149,0,4966
Train|1813740263.avi|1,1813740263.avi,Train,1,150,299,5000,9966
Train|1813740264.avi|0,1813740264.avi,Train,0,0,149,0,4966
Train|1813740264.avi|1,1813740264.avi,Train,1,150,299,5000,9966
Train|1813740265.avi|0,1813740265.avi,Train,0,0,149,0,4966
Train|1813740265.avi|1,1813740265.avi,Train,1,150,299,5000,9966
Train|1813740266.avi|0,1813740266.avi,Train,0,0,149,0,4966
Train|1813740266.avi|1,1813740266.avi,Train,1,150,299,5000,9966
Train|1813740267.avi|0,1813740267.avi,Train,0,0,149,0,4966
Train|1813740267.avi|1,1813740267.avi,Train,1,150,299,5000,9966
Train|1813740268.avi|0,1813740268.avi,Train,0,0,149,0,4966
Train|1813740268.avi|1,1813740268.avi,Train,1,150,299,5000,9966
Train|1813740269.avi|0,1813740269.avi,Train,0,0,149,0,4966
Train|1813740269.avi|1,1813740269.avi,Train,1,150,299,5000,9966
Train|181374027.avi|0,181374027.avi,Train,0,0,149,0,4966
Train|181374027.avi|1,181374027.avi,Train,1,150,299,5000,9966
Train|1813740270.avi|0,1813740270.avi,Train,0,0,149,0,4966
Train|1813740270.avi|1,1813740270.avi,Train,1,150,299,5000,9966
Train|1813740271.avi|0,1813740271.avi,Train,0,0,149,0,4966
Train|1813740271.avi|1,1813740271.avi,Train,1,150,299,5000,9966
Train|1813740272.avi|0,1813740272.avi,Train,0,0,149,0,4966
Train|1813740272.avi|1,1813740272.avi,Train,1,150,299,5000,9966
Train|1813740273.avi|0,1813740273.avi,Train,0,0,149,0,4966
Train|1813740273.avi|1,1813740273.avi,Train,1,150,299,5000,9966
Train|1813740274.avi|0,1813740274.avi,Train,0,0,149,0,4966
Train|1813740274.avi|1,1813740274.avi,Train,1,150,299,5000,9966
Train|1813740275.avi|0,1813740275.avi,Train,0,0,149,0,4966
Train|1813740275.avi|1,1813740275.avi,Train,1,150,299,5000,9966
Train|1813740276.avi|0,1813740276.avi,Train,0,0,149,0,4966
Train|1813740276.avi|1,1813740276.avi,Train,1,150,299,5000,9966
Train|1813740277.avi|0,1813740277.avi,Train,0,0,149,0,4966
Train|1813740277.avi|1,1813740277.avi,Train,1,150,299,5000,9966
Train|1813740278.avi|0,1813740278.avi,Train,0,0,149,0,4966
Train|1813740278.avi|1,1813740278.avi,Train,1,150,299,5000,9966
Train|1813740279.avi|0,1813740279.avi,Train,0,0,149,0,4966
Train|1813740279.avi|1,1813740279.avi,Train,1,150,299,5000,9966
Train|181374028.avi|0,181374028.avi,Train,0,0,149,0,4966
Train|181374028.avi|1,181374028.avi,Train,1,150,299,5000,9966
Train|181374029.avi|0,181374029.avi,Train,0,0,149,0,4966
Train|181374029.avi|1,181374029.avi,Train,1,150,299,5000,9966
Train|2000481035.avi|0,2000481035.avi,Train,0,0,149,0,4966
Train|2000481035.avi|1,2000481035.avi,Train,1,150,299,5000,9966
Train|2000481036.avi|0,2000481036.avi,Train,0,0,149,0,4966
Train|2000481036.avi|1,2000481036.avi,Train,1,150,299,5000,9966
Train|2000481037.avi|0,2000481037.avi,Train,0,0,149,0,4966
Train|2000481037.avi|1,2000481037.avi,Train,1,150,299,5000,9966
Train|2000481038.avi|0,2000481038.avi,Train,0,0,149,0,4966
Train|2000481038.avi|1,2000481038.avi,Train,1,150,299,5000,9966
Train|2000481039.avi|0,2000481039.avi,Train,0,0,149,0,4966
Train|2000481039.avi|1,2000481039.avi,Train,1,150,299,5000,9966
Train|2000481040.avi|0,2000481040.avi,Train,0,0,149,0,4966
Train|2000481040.avi|1,2000481040.avi,Train,1,150,299,5000,9966
Train|2000481041.avi|0,2000481041.avi,Train,0,0,149,0,4966
Train|2000481041.avi|1,2000481041.avi,Train,1,150,299,5000,9966
Train|2000481043.avi|0,2000481043.avi,Train,0,0,149,0,4966
Train|2000481043.avi|1,2000481043.avi,Train,1,150,299,5000,9966
Train|2000481048.avi|0,2000481048.avi,Train,0,0,149,0,4966
Train|2000481048.avi|1,2000481048.avi,Train,1,150,299,5000,9966
Train|2000482008.avi|0,2000482008.avi,Train,0,0,149,0,4966
Train|2000482008.avi|1,2000482008.avi,Train,1,150,299,5000,9966
Train|2000482009.avi|0,2000482009.avi,Train,0,0,149,0,4966
Train|2000482009.avi|1,2000482009.avi,Train,1,150,299,5000,9966
Train|2000482012.avi|0,2000482012.avi,Train,0,0,149,0,4966
Train|2000482012.avi|1,2000482012.avi,Train,1,150,299,5000,9966
Train|2000482018.avi|0,2000482018.avi,Train,0,0,149,0,4966
Train|2000482018.avi|1,2000482018.avi,Train,1,150,299,5000,9966
Train|2000482021.avi|0,2000482021.avi,Train,0,0,149,0,4966
Train|2000482021.avi|1,2000482021.avi,Train,1,150,299,5000,9966
Train|2000482034.avi|0,2000482034.avi,Train,0,0,149,0,4966
Train|2000482034.avi|1,2000482034.avi,Train,1,150,299,5000,9966
Train|2000482037.avi|0,2000482037.avi,Train,0,0,149,0,4966
Train|2000482037.avi|1,2000482037.avi,Train,1,150,299,5000,9966
Train|2000482038.avi|0,2000482038.avi,Train,0,0,149,0,4966
Train|2000482038.avi|1,2000482038.avi,Train,1,150,299,5000,9966
Train|2000482039.avi|0,2000482039.avi,Train,0,0,149,0,4966
Train|2000482039.avi|1,2000482039.avi,Train,1,150,299,5000,9966
Train|2000482041.avi|0,2000482041.avi,Train,0,0,149,0,4966
Train|2000482041.avi|1,2000482041.avi,Train,1,150,299,5000,9966
Train|2000482042.avi|0,2000482042.avi,Train,0,0,149,0,4966
Train|2000482042.avi|1,2000482042.avi,Train,1,150,299,5000,9966
Train|2000482043.avi|0,2000482043.avi,Train,0,0,149,0,4966
Train|2000482043.avi|1,2000482043.avi,Train,1,150,299,5000,9966
Train|2000482044.avi|0,2000482044.avi,Train,0,0,149,0,4966
Train|2000482044.avi|1,2000482044.avi,Train,1,150,299,5000,9966
Train|2000482049.avi|0,2000482049.avi,Train,0,0,149,0,4966
Train|2000482049.avi|1,2000482049.avi,Train,1,150,299,5000,9966
Train|2000482050.avi|0,2000482050.avi,Train,0,0,149,0,4966
Train|2000482050.avi|1,2000482050.avi,Train,1,150,299,5000,9966
Train|2000482052.avi|0,2000482052.avi,Train,0,0,149,0,4966
Train|2000482052.avi|1,2000482052.avi,Train,1,150,299,5000,9966
Train|2000482059.avi|0,2000482059.avi,Train,0,0,149,0,4966
Train|2000482059.avi|1,2000482059.avi,Train,1,150,299,5000,9966
Train|2000482065.avi|0,2000482065.avi,Train,0,0,149,0,4966
Train|2000482065.avi|1,2000482065.avi,Train,1,150,299,5000,9966
Train|2000482066.avi|0,2000482066.avi,Train,0,0,149,0,4966
Train|2000482066.avi|1,2000482066.avi,Train,1,150,299,5000,9966
Train|2000482067.avi|0,2000482067.avi,Train,0,0,149,0,4966
Train|2000482067.avi|1,2000482067.avi,Train,1,150,299,5000,9966
Train|2000482068.avi|0,2000482068.avi,Train,0,0,149,0,4966
Train|2000482068.avi|1,2000482068.avi,Train,1,150,299,5000,9966
Train|2000482070.avi|0,2000482070.avi,Train,0,0,149,0,4966
Train|2000482070.avi|1,2000482070.avi,Train,1,150,299,5000,9966
Train|2000491062.avi|0,2000491062.avi,Train,0,0,149,0,4966
Train|2000491062.avi|1,2000491062.avi,Train,1,150,299,5000,9966
Train|2000491064.avi|0,2000491064.avi,Train,0,0,149,0,4966
Train|2000491064.avi|1,2000491064.avi,Train,1,150,299,5000,9966
Train|2000491065.avi|0,2000491065.avi,Train,0,0,149,0,4966
Train|2000491065.avi|1,2000491065.avi,Train,1,150,299,5000,9966
Train|2000491066.avi|0,2000491066.avi,Train,0,0,149,0,4966
Train|2000491066.avi|1,2000491066.avi,Train,1,150,299,5000,9966
Train|2000491067.avi|0,2000491067.avi,Train,0,0,149,0,4966
Train|2000491067.avi|1,2000491067.avi,Train,1,150,299,5000,9966
Train|2000491068.avi|0,2000491068.avi,Train,0,0,149,0,4966
Train|2000491068.avi|1,2000491068.avi,Train,1,150,299,5000,9966
Train|2000491070.avi|0,2000491070.avi,Train,0,0,149,0,4966
Train|2000491070.avi|1,2000491070.avi,Train,1,150,299,5000,9966
Train|2000491072.avi|0,2000491072.avi,Train,0,0,149,0,4966
Train|2000491072.avi|1,2000491072.avi,Train,1,150,299,5000,9966
Train|2000491074.avi|0,2000491074.avi,Train,0,0,149,0,4966
Train|2000491074.avi|1,2000491074.avi,Train,1,150,299,5000,9966
Train|2000491075.avi|0,2000491075.avi,Train,0,0,149,0,4966
Train|2000491075.avi|1,2000491075.avi,Train,1,150,299,5000,9966
Train|2000491076.avi|0,2000491076.avi,Train,0,0,149,0,4966
Train|2000491076.avi|1,2000491076.avi,Train,1,150,299,5000,9966
Train|2000491077.avi|0,2000491077.avi,Train,0,0,149,0,4966
Train|2000491077.avi|1,2000491077.avi,Train,1,150,299,5000,9966
Train|2000491078.avi|0,2000491078.avi,Train,0,0,149,0,4966
Train|2000491078.avi|1,2000491078.avi,Train,1,150,299,5000,9966
Train|2000491079.avi|0,2000491079.avi,Train,0,0,149,0,4966
Train|2000491079.avi|1,2000491079.avi,Train,1,150,299,5000,9966
Train|2000501001.avi|0,2000501001.avi,Train,0,0,149,0,4966
Train|2000501001.avi|1,2000501001.avi,Train,1,150,299,5000,9966
Train|2000501002.avi|0,2000501002.avi,Train,0,0,149,0,4966
Train|2000501002.avi|1,2000501002.avi,Train,1,150,299,5000,9966
Train|2000501003.avi|0,2000501003.avi,Train,0,0,149,0,4966
Train|2000501003.avi|1,2000501003.avi,Train,1,150,299,5000,9966
Train|2000501004.avi|0,2000501004.avi,Train,0,0,149,0,4966
Train|2000501004.avi|1,2000501004.avi,Train,1,150,299,5000,9966
Train|2000501006.avi|0,2000501006.avi,Train,0,0,149,0,4966
Train|2000501006.avi|1,2000501006.avi,Train,1,150,299,5000,9966
Train|2000501009.avi|0,2000501009.avi,Train,0,0,149,0,4966
Train|2000501009.avi|1,2000501009.avi,Train,1,150,299,5000,9966
Train|2000501010.avi|0,2000501010.avi,Train,0,0,149,0,4966
Train|2000501010.avi|1,2000501010.avi,Train,1,150,299,5000,9966
Train|2000501011.avi|0,2000501011.avi,Train,0,0,149,0,4966
Train|2000501011.avi|1,2000501011.avi,Train,1,150,299,5000,9966
Train|2000501012.avi|0,2000501012.avi,Train,0,0,149,0,4966
Train|2000501012.avi|1,2000501012.avi,Train,1,150,299,5000,9966
Train|2000501014.avi|0,2000501014.avi,Train,0,0,149,0,4966
Train|2000501014.avi|1,2000501014.avi,Train,1,150,299,5000,9966
Train|2000501015.avi|0,2000501015.avi,Train,0,0,149,0,4966
Train|2000501015.avi|1,2000501015.avi,Train,1,150,299,5000,9966
Train|2000501016.avi|0,2000501016.avi,Train,0,0,149,0,4966
Train|2000501016.avi|1,2000501016.avi,Train,1,150,299,5000,9966
Train|2000501018.avi|0,2000501018.avi,Train,0,0,149,0,4966
Train|2000501018.avi|1,2000501018.avi,Train,1,150,299,5000,9966
Train|2000501019.avi|0,2000501019.avi,Train,0,0,149,0,4966
Train|2000501019.avi|1,2000501019.avi,Train,1,150,299,5000,9966
Train|2000501020.avi|0,2000501020.avi,Train,0,0,149,0,4966
Train|2000501020.avi|1,2000501020.avi,Train,1,150,299,5000,9966
Train|2000501021.avi|0,2000501021.avi,Train,0,0,149,0,4966
Train|2000501021.avi|1,2000501021.avi,Train,1,150,299,5000,9966
Train|2000501023.avi|0,2000501023.avi,Train,0,0,149,0,4966
Train|2000501023.avi|1,2000501023.avi,Train,1,150,299,5000,9966
Train|2000501027.avi|0,2000501027.avi,Train,0,0,149,0,4966
Train|2000501027.avi|1,2000501027.avi,Train,1,150,299,5000,9966
Train|2000501028.avi|0,2000501028.avi,Train,0,0,149,0,4966
Train|2000501028.avi|1,2000501028.avi,Train,1,150,299,5000,9966
Train|2000501030.avi|0,2000501030.avi,Train,0,0,149,0,4966
Train|2000501030.avi|1,2000501030.avi,Train,1,150,299,5000,9966
Train|2000501031.avi|0,2000501031.avi,Train,0,0,149,0,4966
Train|2000501031.avi|1,2000501031.avi,Train,1,150,299,5000,9966
Train|2000501032.avi|0,2000501032.avi,Train,0,0,149,0,4966
Train|2000501032.avi|1,2000501032.avi,Train,1,150,299,5000,9966
Train|2000501033.avi|0,2000501033.avi,Train,0,0,149,0,4966
Train|2000501033.avi|1,2000501033.avi,Train,1,150,299,5000,9966
Train|2000501035.avi|0,2000501035.avi,Train,0,0,149,0,4966
Train|2000501035.avi|1,2000501035.avi,Train,1,150,299,5000,9966
Train|2000501036.avi|0,2000501036.avi,Train,0,0,149,0,4966
Train|2000501036.avi|1,2000501036.avi,Train,1,150,299,5000,9966
Train|2000501037.avi|0,2000501037.avi,Train,0,0,149,0,4966
Train|2000501037.avi|1,2000501037.avi,Train,1,150,299,5000,9966
Train|2000501038.avi|0,2000501038.avi,Train,0,0,149,0,4966
Train|2000501038.avi|1,2000501038.avi,Train,1,150,299,5000,9966
Train|2000501039.avi|0,2000501039.avi,Train,0,0,149,0,4966
Train|2000501039.avi|1,2000501039.avi,Train,1,150,299,5000,9966
Train|2000501040.avi|0,2000501040.avi,Train,0,0,149,0,4966
Train|2000501040.avi|1,2000501040.avi,Train,1,150,299,5000,9966
Train|2000501041.avi|0,2000501041.avi,Train,0,0,149,0,4966
Train|2000501041.avi|1,2000501041.avi,Train,1,150,299,5000,9966
Train|2000501042.avi|0,2000501042.avi,Train,0,0,149,0,4966
Train|2000501042.avi|1,2000501042.avi,Train,1,150,299,5000,9966
Train|2000501043.avi|0,2000501043.avi,Train,0,0,149,0,4966
Train|2000501043.avi|1,2000501043.avi,Train,1,150,299,5000,9966
Train|2000501044.avi|0,2000501044.avi,Train,0,0,149,0,4966
Train|2000501044.avi|1,2000501044.avi,Train,1,150,299,5000,9966
Train|2000501045.avi|0,2000501045.avi,Train,0,0,149,0,4966
Train|2000501045.avi|1,2000501045.avi,Train,1,150,299,5000,9966
Train|2000501046.avi|0,2000501046.avi,Train,0,0,149,0,4966
Train|2000501046.avi|1,2000501046.avi,Train,1,150,299,5000,9966
Train|2000501049.avi|0,2000501049.avi,Train,0,0,149,0,4966
Train|2000501049.avi|1,2000501049.avi,Train,1,150,299,5000,9966
Train|2000501050.avi|0,2000501050.avi,Train,0,0,149,0,4966
Train|2000501050.avi|1,2000501050.avi,Train,1,150,299,5000,9966
Train|2000501051.avi|0,2000501051.avi,Train,0,0,149,0,4966
Train|2000501051.avi|1,2000501051.avi,Train,1,150,299,5000,9966
Train|2000501052.avi|0,2000501052.avi,Train,0,0,149,0,4966
Train|2000501052.avi|1,2000501052.avi,Train,1,150,299,5000,9966
Train|2000501053.avi|0,2000501053.avi,Train,0,0,149,0,4966
Train|2000501053.avi|1,2000501053.avi,Train,1,150,299,5000,9966
Train|2000501054.avi|0,2000501054.avi,Train,0,0,149,0,4966
Train|2000501054.avi|1,2000501054.avi,Train,1,150,299,5000,9966
Train|2000501056.avi|0,2000501056.avi,Train,0,0,149,0,4966
Train|2000501056.avi|1,2000501056.avi,Train,1,150,299,5000,9966
Train|2000501057.avi|0,2000501057.avi,Train,0,0,149,0,4966
Train|2000501057.avi|1,2000501057.avi,Train,1,150,299,5000,9966
Train|2000501060.avi|0,2000501060.avi,Train,0,0,149,0,4966
Train|2000501060.avi|1,2000501060.avi,Train,1,150,299,5000,9966
Train|2000501061.avi|0,2000501061.avi,Train,0,0,149,0,4966
Train|2000501061.avi|1,2000501061.avi,Train,1,150,299,5000,9966
Train|2000501062.avi|0,2000501062.avi,Train,0,0,149,0,4966
Train|2000501062.avi|1,2000501062.avi,Train,1,150,299,5000,9966
Train|2000501063.avi|0,2000501063.avi,Train,0,0,149,0,4966
Train|2000501063.avi|1,2000501063.avi,Train,1,150,299,5000,9966
Train|2000501065.avi|0,2000501065.avi,Train,0,0,149,0,4966
Train|2000501065.avi|1,2000501065.avi,Train,1,150,299,5000,9966
Train|2000501066.avi|0,2000501066.avi,Train,0,0,149,0,4966
Train|2000501066.avi|1,2000501066.avi,Train,1,150,299,5000,9966
Train|2000501067.avi|0,2000501067.avi,Train,0,0,149,0,4966
Train|2000501067.avi|1,2000501067.avi,Train,1,150,299,5000,9966
Train|2000501071.avi|0,2000501071.avi,Train,0,0,149,0,4966
Train|2000501071.avi|1,2000501071.avi,Train,1,150,299,5000,9966
Train|2000501074.avi|0,2000501074.avi,Train,0,0,149,0,4966
Train|2000501074.avi|1,2000501074.avi,Train,1,150,299,5000,9966
Train|2000501075.avi|0,2000501075.avi,Train,0,0,149,0,4966
Train|2000501075.avi|1,2000501075.avi,Train,1,150,299,5000,9966
Train|2000501076.avi|0,2000501076.avi,Train,0,0,149,0,4966
Train|2000501076.avi|1,2000501076.avi,Train,1,150,299,5000,9966
Train|2000501078.avi|0,2000501078.avi,Train,0,0,149,0,4966
Train|2000501078.avi|1,2000501078.avi,Train,1,150,299,5000,9966
Train|2000502002.avi|0,2000502002.avi,Train,0,0,149,0,4966
Train|2000502002.avi|1,2000502002.avi,Train,1,150,299,5000,9966
Train|2000502005.avi|0,2000502005.avi,Train,0,0,149,0,4966
Train|2000502005.avi|1,2000502005.avi,Train,1,150,299,5000,9966
Train|2000502006.avi|0,2000502006.avi,Train,0,0,149,0,4966
Train|2000502006.avi|1,2000502006.avi,Train,1,150,299,5000,9966
Train|2000502007.avi|0,2000502007.avi,Train,0,0,149,0,4966
Train|2000502007.avi|1,2000502007.avi,Train,1,150,299,5000,9966
Train|2000502009.avi|0,2000502009.avi,Train,0,0,149,0,4966
Train|2000502009.avi|1,2000502009.avi,Train,1,150,299,5000,9966
Train|2000502010.avi|0,2000502010.avi,Train,0,0,149,0,4966
Train|2000502010.avi|1,2000502010.avi,Train,1,150,299,5000,9966
Train|2000502012.avi|0,2000502012.avi,Train,0,0,149,0,4966
Train|2000502012.avi|1,2000502012.avi,Train,1,150,299,5000,9966
Train|2000502013.avi|0,2000502013.avi,Train,0,0,149,0,4966
Train|2000502013.avi|1,2000502013.avi,Train,1,150,299,5000,9966
Train|2000502014.avi|0,2000502014.avi,Train,0,0,149,0,4966
Train|2000502014.avi|1,2000502014.avi,Train,1,150,299,5000,9966
Train|2000502015.avi|0,2000502015.avi,Train,0,0,149,0,4966
Train|2000502015.avi|1,2000502015.avi,Train,1,150,299,5000,9966
Train|2000502019.avi|0,2000502019.avi,Train,0,0,149,0,4966
Train|2000502019.avi|1,2000502019.avi,Train,1,150,299,5000,9966
Train|2000502020.avi|0,2000502020.avi,Train,0,0,149,0,4966
Train|2000502020.avi|1,2000502020.avi,Train,1,150,299,5000,9966
Train|2000502023.avi|0,2000502023.avi,Train,0,0,149,0,4966
Train|2000502023.avi|1,2000502023.avi,Train,1,150,299,5000,9966
Train|2000502025.avi|0,2000502025.avi,Train,0,0,149,0,4966
Train|2000502025.avi|1,2000502025.avi,Train,1,150,299,5000,9966
Train|2000502033.avi|0,2000502033.avi,Train,0,0,149,0,4966
Train|2000502033.avi|1,2000502033.avi,Train,1,150,299,5000,9966
Train|2000502036.avi|0,2000502036.avi,Train,0,0,149,0,4966
Train|2000502036.avi|1,2000502036.avi,Train,1,150,299,5000,9966
Train|2000502037.avi|0,2000502037.avi,Train,0,0,149,0,4966
Train|2000502037.avi|1,2000502037.avi,Train,1,150,299,5000,9966
Train|2000502039.avi|0,2000502039.avi,Train,0,0,149,0,4966
Train|2000502039.avi|1,2000502039.avi,Train,1,150,299,5000,9966
Train|2000502040.avi|0,2000502040.avi,Train,0,0,149,0,4966
Train|2000502040.avi|1,2000502040.avi,Train,1,150,299,5000,9966
Train|2000502041.avi|0,2000502041.avi,Train,0,0,149,0,4966
Train|2000502041.avi|1,2000502041.avi,Train,1,150,299,5000,9966
Train|2000502043.avi|0,2000502043.avi,Train,0,0,149,0,4966
Train|2000502043.avi|1,2000502043.avi,Train,1,150,299,5000,9966
Train|2000502044.avi|0,2000502044.avi,Train,0,0,149,0,4966
Train|2000502044.avi|1,2000502044.avi,Train,1,150,299,5000,9966
Train|2000502045.avi|0,2000502045.avi,Train,0,0,149,0,4966
Train|2000502045.avi|1,2000502045.avi,Train,1,150,299,5000,9966
Train|2000502047.avi|0,2000502047.avi,Train,0,0,149,0,4966
Train|2000502047.avi|1,2000502047.avi,Train,1,150,299,5000,9966
Train|2000502048.avi|0,2000502048.avi,Train,0,0,149,0,4966
Train|2000502048.avi|1,2000502048.avi,Train,1,150,299,5000,9966
Train|2000502049.avi|0,2000502049.avi,Train,0,0,149,0,4966
Train|2000502049.avi|1,2000502049.avi,Train,1,150,299,5000,9966
Train|2000502050.avi|0,2000502050.avi,Train,0,0,149,0,4966
Train|2000502050.avi|1,2000502050.avi,Train,1,150,299,5000,9966
Train|2000502051.avi|0,2000502051.avi,Train,0,0,149,0,4966
Train|2000502051.avi|1,2000502051.avi,Train,1,150,299,5000,9966
Train|2000502053.avi|0,2000502053.avi,Train,0,0,149,0,4966
Train|2000502053.avi|1,2000502053.avi,Train,1,150,299,5000,9966
Train|2000502054.avi|0,2000502054.avi,Train,0,0,149,0,4966
Train|2000502054.avi|1,2000502054.avi,Train,1,150,299,5000,9966
Train|2000502055.avi|0,2000502055.avi,Train,0,0,149,0,4966
Train|2000502055.avi|1,2000502055.avi,Train,1,150,299,5000,9966
Train|2000502056.avi|0,2000502056.avi,Train,0,0,149,0,4966
Train|2000502056.avi|1,2000502056.avi,Train,1,150,299,5000,9966
Train|2000502057.avi|0,2000502057.avi,Train,0,0,149,0,4966
Train|2000502057.avi|1,2000502057.avi,Train,1,150,299,5000,9966
Train|2000502058.avi|0,2000502058.avi,Train,0,0,149,0,4966
Train|2000502058.avi|1,2000502058.avi,Train,1,150,299,5000,9966
Train|2000502059.avi|0,2000502059.avi,Train,0,0,149,0,4966
Train|2000502059.avi|1,2000502059.avi,Train,1,150,299,5000,9966
Train|2000502061.avi|0,2000502061.avi,Train,0,0,149,0,4966
Train|2000502061.avi|1,2000502061.avi,Train,1,150,299,5000,9966
Train|2000502062.avi|0,2000502062.avi,Train,0,0,149,0,4966
Train|2000502062.avi|1,2000502062.avi,Train,1,150,299,5000,9966
Train|2000502063.avi|0,2000502063.avi,Train,0,0,149,0,4966
Train|2000502063.avi|1,2000502063.avi,Train,1,150,299,5000,9966
Train|2000502065.avi|0,2000502065.avi,Train,0,0,149,0,4966
Train|2000502065.avi|1,2000502065.avi,Train,1,150,299,5000,9966
Train|2000502066.avi|0,2000502066.avi,Train,0,0,149,0,4966
Train|2000502066.avi|1,2000502066.avi,Train,1,150,299,5000,9966
Train|2000502067.avi|0,2000502067.avi,Train,0,0,149,0,4966
Train|2000502067.avi|1,2000502067.avi,Train,1,150,299,5000,9966
Train|2000502069.avi|0,2000502069.avi,Train,0,0,149,0,4966
Train|2000502069.avi|1,2000502069.avi,Train,1,150,299,5000,9966
Train|2000502070.avi|0,2000502070.avi,Train,0,0,149,0,4966
Train|2000502070.avi|1,2000502070.avi,Train,1,150,299,5000,9966
Train|2000502072.avi|0,2000502072.avi,Train,0,0,149,0,4966
Train|2000502072.avi|1,2000502072.avi,Train,1,150,299,5000,9966
Train|2000502073.avi|0,2000502073.avi,Train,0,0,149,0,4966
Train|2000502073.avi|1,2000502073.avi,Train,1,150,299,5000,9966
Train|2000502075.avi|0,2000502075.avi,Train,0,0,149,0,4966
Train|2000502075.avi|1,2000502075.avi,Train,1,150,299,5000,9966
Train|2000502076.avi|0,2000502076.avi,Train,0,0,149,0,4966
Train|2000502076.avi|1,2000502076.avi,Train,1,150,299,5000,9966
Train|2000502077.avi|0,2000502077.avi,Train,0,0,149,0,4966
Train|2000502077.avi|1,2000502077.avi,Train,1,150,299,5000,9966
Train|2000502078.avi|0,2000502078.avi,Train,0,0,149,0,4966
Train|2000502078.avi|1,2000502078.avi,Train,1,150,299,5000,9966
Train|2000502081.avi|0,2000502081.avi,Train,0,0,149,0,4966
Train|2000502081.avi|1,2000502081.avi,Train,1,150,299,5000,9966
Train|2000502084.avi|0,2000502084.avi,Train,0,0,149,0,4966
Train|2000502084.avi|1,2000502084.avi,Train,1,150,299,5000,9966
Train|2000502087.avi|0,2000502087.avi,Train,0,0,149,0,4966
Train|2000502087.avi|1,2000502087.avi,Train,1,150,299,5000,9966
Train|2000502088.avi|0,2000502088.avi,Train,0,0,149,0,4966
Train|2000502088.avi|1,2000502088.avi,Train,1,150,299,5000,9966
Train|2000502090.avi|0,2000502090.avi,Train,0,0,149,0,4966
Train|2000502090.avi|1,2000502090.avi,Train,1,150,299,5000,9966
Train|2000541001.avi|0,2000541001.avi,Train,0,0,149,0,4966
Train|2000541001.avi|1,2000541001.avi,Train,1,150,299,5000,9966
Train|2000541002.avi|0,2000541002.avi,Train,0,0,149,0,4966
Train|2000541002.avi|1,2000541002.avi,Train,1,150,299,5000,9966
Train|2000541003.avi|0,2000541003.avi,Train,0,0,149,0,4966
Train|2000541003.avi|1,2000541003.avi,Train,1,150,299,5000,9966
Train|2000541006.avi|0,2000541006.avi,Train,0,0,149,0,4966
Train|2000541006.avi|1,2000541006.avi,Train,1,150,299,5000,9966
Train|2000541007.avi|0,2000541007.avi,Train,0,0,149,0,4966
Train|2000541007.avi|1,2000541007.avi,Train,1,150,299,5000,9966
Train|2000541010.avi|0,2000541010.avi,Train,0,0,149,0,4966
Train|2000541010.avi|1,2000541010.avi,Train,1,150,299,5000,9966
Train|2000541011.avi|0,2000541011.avi,Train,0,0,149,0,4966
Train|2000541011.avi|1,2000541011.avi,Train,1,150,299,5000,9966
Train|2000541014.avi|0,2000541014.avi,Train,0,0,149,0,4966
Train|2000541014.avi|1,2000541014.avi,Train,1,150,299,5000,9966
Train|2000541015.avi|0,2000541015.avi,Train,0,0,149,0,4966
Train|2000541015.avi|1,2000541015.avi,Train,1,150,299,5000,9966
Train|2000541016.avi|0,2000541016.avi,Train,0,0,149,0,4966
Train|2000541016.avi|1,2000541016.avi,Train,1,150,299,5000,9966
Train|2000541018.avi|0,2000541018.avi,Train,0,0,149,0,4966
Train|2000541018.avi|1,2000541018.avi,Train,1,150,299,5000,9966
Train|2000541019.avi|0,2000541019.avi,Train,0,0,149,0,4966
Train|2000541019.avi|1,2000541019.avi,Train,1,150,299,5000,9966
Train|2000541020.avi|0,2000541020.avi,Train,0,0,149,0,4966
Train|2000541020.avi|1,2000541020.avi,Train,1,150,299,5000,9966
Train|2000541021.avi|0,2000541021.avi,Train,0,0,149,0,4966
Train|2000541021.avi|1,2000541021.avi,Train,1,150,299,5000,9966
Train|2000541022.avi|0,2000541022.avi,Train,0,0,149,0,4966
Train|2000541022.avi|1,2000541022.avi,Train,1,150,299,5000,9966
Train|2000541023.avi|0,2000541023.avi,Train,0,0,149,0,4966
Train|2000541023.avi|1,2000541023.avi,Train,1,150,299,5000,9966
Train|2000541024.avi|0,2000541024.avi,Train,0,0,149,0,4966
Train|2000541024.avi|1,2000541024.avi,Train,1,150,299,5000,9966
Train|2000541025.avi|0,2000541025.avi,Train,0,0,149,0,4966
Train|2000541025.avi|1,2000541025.avi,Train,1,150,299,5000,9966
Train|2000541027.avi|0,2000541027.avi,Train,0,0,149,0,4966
Train|2000541027.avi|1,2000541027.avi,Train,1,150,299,5000,9966
Train|2000541028.avi|0,2000541028.avi,Train,0,0,149,0,4966
Train|2000541028.avi|1,2000541028.avi,Train,1,150,299,5000,9966
Train|2000541029.avi|0,2000541029.avi,Train,0,0,149,0,4966
Train|2000541029.avi|1,2000541029.avi,Train,1,150,299,5000,9966
Train|2000541030.avi|0,2000541030.avi,Train,0,0,149,0,4966
Train|2000541030.avi|1,2000541030.avi,Train,1,150,299,5000,9966
Train|2000541031.avi|0,2000541031.avi,Train,0,0,149,0,4966
Train|2000541031.avi|1,2000541031.avi,Train,1,150,299,5000,9966
Train|2000541032.avi|0,2000541032.avi,Train,0,0,149,0,4966
Train|2000541032.avi|1,2000541032.avi,Train,1,150,299,5000,9966
Train|2000541034.avi|0,2000541034.avi,Train,0,0,149,0,4966
Train|2000541034.avi|1,2000541034.avi,Train,1,150,299,5000,9966
Train|2000541035.avi|0,2000541035.avi,Train,0,0,149,0,4966
Train|2000541035.avi|1,2000541035.avi,Train,1,150,299,5000,9966
Train|2000541038.avi|0,2000541038.avi,Train,0,0,149,0,4966
Train|2000541038.avi|1,2000541038.avi,Train,1,150,299,5000,9966
Train|2000541039.avi|0,2000541039.avi,Train,0,0,149,0,4966
Train|2000541039.avi|1,2000541039.avi,Train,1,150,299,5000,9966
Train|2000541040.avi|0,2000541040.avi,Train,0,0,149,0,4966
Train|2000541040.avi|1,2000541040.avi,Train,1,150,299,5000,9966
Train|2000541041.avi|0,2000541041.avi,Train,0,0,149,0,4966
Train|2000541041.avi|1,2000541041.avi,Train,1,150,299,5000,9966
Train|2000541043.avi|0,2000541043.avi,Train,0,0,149,0,4966
Train|2000541043.avi|1,2000541043.avi,Train,1,150,299,5000,9966
Train|2000541044.avi|0,2000541044.avi,Train,0,0,149,0,4966
Train|2000541044.avi|1,2000541044.avi,Train,1,150,299,5000,9966
Train|2000541045.avi|0,2000541045.avi,Train,0,0,149,0,4966
Train|2000541045.avi|1,2000541045.avi,Train,1,150,299,5000,9966
Train|2000541046.avi|0,2000541046.avi,Train,0,0,149,0,4966
Train|2000541046.avi|1,2000541046.avi,Train,1,150,299,5000,9966
Train|2000541049.avi|0,2000541049.avi,Train,0,0,149,0,4966
Train|2000541049.avi|1,2000541049.avi,Train,1,150,299,5000,9966
Train|2000541050.avi|0,2000541050.avi,Train,0,0,149,0,4966
Train|2000541050.avi|1,2000541050.avi,Train,1,150,299,5000,9966
Train|2000541051.avi|0,2000541051.avi,Train,0,0,149,0,4966
Train|2000541051.avi|1,2000541051.avi,Train,1,150,299,5000,9966
Train|2000541052.avi|0,2000541052.avi,Train,0,0,149,0,4966
Train|2000541052.avi|1,2000541052.avi,Train,1,150,299,5000,9966
Train|2000541053.avi|0,2000541053.avi,Train,0,0,149,0,4966
Train|2000541053.avi|1,2000541053.avi,Train,1,150,299,5000,9966
Train|2000541054.avi|0,2000541054.avi,Train,0,0,149,0,4966
Train|2000541054.avi|1,2000541054.avi,Train,1,150,299,5000,9966
Train|2000541055.avi|0,2000541055.avi,Train,0,0,149,0,4966
Train|2000541055.avi|1,2000541055.avi,Train,1,150,299,5000,9966
Train|2000541056.avi|0,2000541056.avi,Train,0,0,149,0,4966
Train|2000541056.avi|1,2000541056.avi,Train,1,150,299,5000,9966
Train|2000541057.avi|0,2000541057.avi,Train,0,0,149,0,4966
Train|2000541057.avi|1,2000541057.avi,Train,1,150,299,5000,9966
Train|2000541059.avi|0,2000541059.avi,Train,0,0,149,0,4966
Train|2000541059.avi|1,2000541059.avi,Train,1,150,299,5000,9966
Train|2000541062.avi|0,2000541062.avi,Train,0,0,149,0,4966
Train|2000541062.avi|1,2000541062.avi,Train,1,150,299,5000,9966
Train|2000541064.avi|0,2000541064.avi,Train,0,0,149,0,4966
Train|2000541064.avi|1,2000541064.avi,Train,1,150,299,5000,9966
Train|2000541066.avi|0,2000541066.avi,Train,0,0,149,0,4966
Train|2000541066.avi|1,2000541066.avi,Train,1,150,299,5000,9966
Train|2000541067.avi|0,2000541067.avi,Train,0,0,149,0,4966
Train|2000541067.avi|1,2000541067.avi,Train,1,150,299,5000,9966
Train|2000541068.avi|0,2000541068.avi,Train,0,0,149,0,4966
Train|2000541068.avi|1,2000541068.avi,Train,1,150,299,5000,9966
Train|2000541069.avi|0,2000541069.avi,Train,0,0,149,0,4966
Train|2000541069.avi|1,2000541069.avi,Train,1,150,299,5000,9966
Train|2000541070.avi|0,2000541070.avi,Train,0,0,149,0,4966
Train|2000541070.avi|1,2000541070.avi,Train,1,150,299,5000,9966
Train|2000541071.avi|0,2000541071.avi,Train,0,0,149,0,4966
Train|2000541071.avi|1,2000541071.avi,Train,1,150,299,5000,9966
Train|2000541072.avi|0,2000541072.avi,Train,0,0,149,0,4966
Train|2000541072.avi|1,2000541072.avi,Train,1,150,299,5000,9966
Train|2000541073.avi|0,2000541073.avi,Train,0,0,149,0,4966
Train|2000541073.avi|1,2000541073.avi,Train,1,150,299,5000,9966
Train|2000541074.avi|0,2000541074.avi,Train,0,0,149,0,4966
Train|2000541074.avi|1,2000541074.avi,Train,1,150,299,5000,9966
Train|2000541075.avi|0,2000541075.avi,Train,0,0,149,0,4966
Train|2000541075.avi|1,2000541075.avi,Train,1,150,299,5000,9966
Train|2000541076.avi|0,2000541076.avi,Train,0,0,149,0,4966
Train|2000541076.avi|1,2000541076.avi,Train,1,150,299,5000,9966
Train|2000541077.avi|0,2000541077.avi,Train,0,0,149,0,4966
Train|2000541077.avi|1,2000541077.avi,Train,1,150,299,5000,9966
Train|2000541079.avi|0,2000541079.avi,Train,0,0,149,0,4966
Train|2000541079.avi|1,2000541079.avi,Train,1,150,299,5000,9966
Train|2000541080.avi|0,2000541080.avi,Train,0,0,149,0,4966
Train|2000541080.avi|1,2000541080.avi,Train,1,150,299,5000,9966
Train|2000541081.avi|0,2000541081.avi,Train,0,0,149,0,4966
Train|2000541081.avi|1,2000541081.avi,Train,1,150,299,5000,9966
Train|2000542001.avi|0,2000542001.avi,Train,0,0,149,0,4966
Train|2000542001.avi|1,2000542001.avi,Train,1,150,299,5000,9966
Train|2000542002.avi|0,2000542002.avi,Train,0,0,149,0,4966
Train|2000542002.avi|1,2000542002.avi,Train,1,150,299,5000,9966
Train|2000542007.avi|0,2000542007.avi,Train,0,0,149,0,4966
Train|2000542007.avi|1,2000542007.avi,Train,1,150,299,5000,9966
Train|2000542008.avi|0,2000542008.avi,Train,0,0,149,0,4966
Train|2000542008.avi|1,2000542008.avi,Train,1,150,299,5000,9966
Train|2000542009.avi|0,2000542009.avi,Train,0,0,149,0,4966
Train|2000542009.avi|1,2000542009.avi,Train,1,150,299,5000,9966
Train|2000542010.avi|0,2000542010.avi,Train,0,0,149,0,4966
Train|2000542010.avi|1,2000542010.avi,Train,1,150,299,5000,9966
Train|2000542013.avi|0,2000542013.avi,Train,0,0,149,0,4966
Train|2000542013.avi|1,2000542013.avi,Train,1,150,299,5000,9966
Train|2000542015.avi|0,2000542015.avi,Train,0,0,149,0,4966
Train|2000542015.avi|1,2000542015.avi,Train,1,150,299,5000,9966
Train|2000542016.avi|0,2000542016.avi,Train,0,0,149,0,4966
Train|2000542016.avi|1,2000542016.avi,Train,1,150,299,5000,9966
Train|2000542021.avi|0,2000542021.avi,Train,0,0,149,0,4966
Train|2000542021.avi|1,2000542021.avi,Train,1,150,299,5000,9966
Train|2000542022.avi|0,2000542022.avi,Train,0,0,149,0,4966
Train|2000542022.avi|1,2000542022.avi,Train,1,150,299,5000,9966
Train|2000542025.avi|0,2000542025.avi,Train,0,0,149,0,4966
Train|2000542025.avi|1,2000542025.avi,Train,1,150,299,5000,9966
Train|2000542026.avi|0,2000542026.avi,Train,0,0,149,0,4966
Train|2000542026.avi|1,2000542026.avi,Train,1,150,299,5000,9966
Train|2000542027.avi|0,2000542027.avi,Train,0,0,149,0,4966
Train|2000542027.avi|1,2000542027.avi,Train,1,150,299,5000,9966
Train|2000542029.avi|0,2000542029.avi,Train,0,0,149,0,4966
Train|2000542029.avi|1,2000542029.avi,Train,1,150,299,5000,9966
Train|2000542030.avi|0,2000542030.avi,Train,0,0,149,0,4966
Train|2000542030.avi|1,2000542030.avi,Train,1,150,299,5000,9966
Train|2000542032.avi|0,2000542032.avi,Train,0,0,149,0,4966
Train|2000542032.avi|1,2000542032.avi,Train,1,150,299,5000,9966
Train|2000542033.avi|0,2000542033.avi,Train,0,0,149,0,4966
Train|2000542033.avi|1,2000542033.avi,Train,1,150,299,5000,9966
Train|2000542034.avi|0,2000542034.avi,Train,0,0,149,0,4966
Train|2000542034.avi|1,2000542034.avi,Train,1,150,299,5000,9966
Train|2000542035.avi|0,2000542035.avi,Train,0,0,149,0,4966
Train|2000542035.avi|1,2000542035.avi,Train,1,150,299,5000,9966
Train|2000542036.avi|0,2000542036.avi,Train,0,0,149,0,4966
Train|2000542036.avi|1,2000542036.avi,Train,1,150,299,5000,9966
Train|2000542042.avi|0,2000542042.avi,Train,0,0,149,0,4966
Train|2000542042.avi|1,2000542042.avi,Train,1,150,299,5000,9966
Train|2000542049.avi|0,2000542049.avi,Train,0,0,149,0,4966
Train|2000542049.avi|1,2000542049.avi,Train,1,150,299,5000,9966
Train|2000542050.avi|0,2000542050.avi,Train,0,0,149,0,4966
Train|2000542050.avi|1,2000542050.avi,Train,1,150,299,5000,9966
Train|2000542051.avi|0,2000542051.avi,Train,0,0,149,0,4966
Train|2000542051.avi|1,2000542051.avi,Train,1,150,299,5000,9966
Train|2000542052.avi|0,2000542052.avi,Train,0,0,149,0,4966
Train|2000542052.avi|1,2000542052.avi,Train,1,150,299,5000,9966
Train|2000542054.avi|0,2000542054.avi,Train,0,0,149,0,4966
Train|2000542054.avi|1,2000542054.avi,Train,1,150,299,5000,9966
Train|2000542056.avi|0,2000542056.avi,Train,0,0,149,0,4966
Train|2000542056.avi|1,2000542056.avi,Train,1,150,299,5000,9966
Train|2026140111.mp4|0,2026140111.mp4,Train,0,0,149,0,4966
Train|2026140111.mp4|1,2026140111.mp4,Train,1,150,299,5000,9966
Train|2026140113.mp4|0,2026140113.mp4,Train,0,0,149,0,4966
Train|2026140113.mp4|1,2026140113.mp4,Train,1,150,299,5000,9966
Train|2026140116.mp4|0,2026140116.mp4,Train,0,0,149,0,4966
Train|2026140116.mp4|1,2026140116.mp4,Train,1,150,299,5000,9966
Train|2026140117.mp4|0,2026140117.mp4,Train,0,0,149,0,4966
Train|2026140117.mp4|1,2026140117.mp4,Train,1,150,299,5000,9966
Train|2026140118.mp4|0,2026140118.mp4,Train,0,0,149,0,4966
Train|2026140118.mp4|1,2026140118.mp4,Train,1,150,299,5000,9966
Train|2026140119.mp4|0,2026140119.mp4,Train,0,0,149,0,4966
Train|2026140119.mp4|1,2026140119.mp4,Train,1,150,299,5000,9966
Train|2026140120.mp4|0,2026140120.mp4,Train,0,0,149,0,4966
Train|2026140120.mp4|1,2026140120.mp4,Train,1,150,299,5000,9966
Train|2026140122.mp4|0,2026140122.mp4,Train,0,0,149,0,4966
Train|2026140122.mp4|1,2026140122.mp4,Train,1,150,299,5000,9966
Train|2026140124.mp4|0,2026140124.mp4,Train,0,0,149,0,4966
Train|2026140124.mp4|1,2026140124.mp4,Train,1,150,299,5000,9966
Train|2026140125.mp4|0,2026140125.mp4,Train,0,0,149,0,4966
Train|2026140125.mp4|1,2026140125.mp4,Train,1,150,299,5000,9966
Train|2026140126.mp4|0,2026140126.mp4,Train,0,0,149,0,4966
Train|2026140126.mp4|1,2026140126.mp4,Train,1,150,299,5000,9966
Train|2026140128.mp4|0,2026140128.mp4,Train,0,0,149,0,4966
Train|2026140128.mp4|1,2026140128.mp4,Train,1,150,299,5000,9966
Train|2026140129.mp4|0,2026140129.mp4,Train,0,0,149,0,4966
Train|2026140129.mp4|1,2026140129.mp4,Train,1,150,299,5000,9966
Train|2026140130.mp4|0,2026140130.mp4,Train,0,0,149,0,4966
Train|2026140130.mp4|1,2026140130.mp4,Train,1,150,299,5000,9966
Train|2026140131.mp4|0,2026140131.mp4,Train,0,0,149,0,4966
Train|2026140131.mp4|1,2026140131.mp4,Train,1,150,299,5000,9966
Train|2026140133.mp4|0,2026140133.mp4,Train,0,0,149,0,4966
Train|2026140133.mp4|1,2026140133.mp4,Train,1,150,299,5000,9966
Train|2026140134.mp4|0,2026140134.mp4,Train,0,0,149,0,4966
Train|2026140134.mp4|1,2026140134.mp4,Train,1,150,299,5000,9966
Train|2026140135.mp4|0,2026140135.mp4,Train,0,0,149,0,4966
Train|2026140135.mp4|1,2026140135.mp4,Train,1,150,299,5000,9966
Train|2026140138.mp4|0,2026140138.mp4,Train,0,0,149,0,4966
Train|2026140138.mp4|1,2026140138.mp4,Train,1,150,299,5000,9966
Train|2026140141.mp4|0,2026140141.mp4,Train,0,0,149,0,4966
Train|2026140141.mp4|1,2026140141.mp4,Train,1,150,299,5000,9966
Train|2026140145.mp4|0,2026140145.mp4,Train,0,0,149,0,4966
Train|2026140145.mp4|1,2026140145.mp4,Train,1,150,299,5000,9966
Train|2026140147.mp4|0,2026140147.mp4,Train,0,0,149,0,4966
Train|2026140147.mp4|1,2026140147.mp4,Train,1,150,299,5000,9966
Train|2026140149.mp4|0,2026140149.mp4,Train,0,0,149,0,4966
Train|2026140149.mp4|1,2026140149.mp4,Train,1,150,299,5000,9966
Train|202614015.mp4|0,202614015.mp4,Train,0,0,149,0,4966
Train|202614015.mp4|1,202614015.mp4,Train,1,150,299,5000,9966
Train|2026140151.mp4|0,2026140151.mp4,Train,0,0,149,0,4966
Train|2026140151.mp4|1,2026140151.mp4,Train,1,150,299,5000,9966
Train|2026140154.mp4|0,2026140154.mp4,Train,0,0,149,0,4966
Train|2026140154.mp4|1,2026140154.mp4,Train,1,150,299,5000,9966
Train|2026140158.mp4|0,2026140158.mp4,Train,0,0,149,0,4966
Train|2026140158.mp4|1,2026140158.mp4,Train,1,150,299,5000,9966
Train|2026140159.mp4|0,2026140159.mp4,Train,0,0,149,0,4966
Train|2026140159.mp4|1,2026140159.mp4,Train,1,150,299,5000,9966
Train|202614016.mp4|0,202614016.mp4,Train,0,0,149,0,4966
Train|202614016.mp4|1,202614016.mp4,Train,1,150,299,5000,9966
Train|2026140160.mp4|0,2026140160.mp4,Train,0,0,149,0,4966
Train|2026140160.mp4|1,2026140160.mp4,Train,1,150,299,5000,9966
Train|2026140161.mp4|0,2026140161.mp4,Train,0,0,149,0,4966
Train|2026140161.mp4|1,2026140161.mp4,Train,1,150,299,5000,9966
Train|2026140165.mp4|0,2026140165.mp4,Train,0,0,149,0,4966
Train|2026140165.mp4|1,2026140165.mp4,Train,1,150,299,5000,9966
Train|2026140169.mp4|0,2026140169.mp4,Train,0,0,149,0,4966
Train|2026140169.mp4|1,2026140169.mp4,Train,1,150,299,5000,9966
Train|202614017.mp4|0,202614017.mp4,Train,0,0,149,0,4966
Train|202614017.mp4|1,202614017.mp4,Train,1,150,299,5000,9966
Train|2026140170.mp4|0,2026140170.mp4,Train,0,0,149,0,4966
Train|2026140170.mp4|1,2026140170.mp4,Train,1,150,299,5000,9966
Train|2026140172.mp4|0,2026140172.mp4,Train,0,0,149,0,4966
Train|2026140172.mp4|1,2026140172.mp4,Train,1,150,299,5000,9966
Train|202614018.mp4|0,202614018.mp4,Train,0,0,149,0,4966
Train|202614018.mp4|1,202614018.mp4,Train,1,150,299,5000,9966
Train|202614019.mp4|0,202614019.mp4,Train,0,0,149,0,4966
Train|202614019.mp4|1,202614019.mp4,Train,1,150,299,5000,9966
Train|202614020.mp4|0,202614020.mp4,Train,0,0,149,0,4966
Train|202614020.mp4|1,202614020.mp4,Train,1,150,299,5000,9966
Train|202614021.mp4|0,202614021.mp4,Train,0,0,149,0,4966
Train|202614021.mp4|1,202614021.mp4,Train,1,150,299,5000,9966
Train|2026140210.mp4|0,2026140210.mp4,Train,0,0,149,0,4966
Train|2026140210.mp4|1,2026140210.mp4,Train,1,150,299,5000,9966
Train|2026140212.mp4|0,2026140212.mp4,Train,0,0,149,0,4966
Train|2026140212.mp4|1,2026140212.mp4,Train,1,150,299,5000,9966
Train|2026140213.mp4|0,2026140213.mp4,Train,0,0,149,0,4966
Train|2026140213.mp4|1,2026140213.mp4,Train,1,150,299,5000,9966
Train|2026140220.mp4|0,2026140220.mp4,Train,0,0,149,0,4966
Train|2026140220.mp4|1,2026140220.mp4,Train,1,150,299,5000,9966
Train|2026140221.mp4|0,2026140221.mp4,Train,0,0,149,0,4966
Train|2026140221.mp4|1,2026140221.mp4,Train,1,150,299,5000,9966
Train|2026140223.mp4|0,2026140223.mp4,Train,0,0,149,0,4966
Train|2026140223.mp4|1,2026140223.mp4,Train,1,150,299,5000,9966
Train|2026140224.mp4|0,2026140224.mp4,Train,0,0,149,0,4966
Train|2026140224.mp4|1,2026140224.mp4,Train,1,150,299,5000,9966
Train|2026140225.mp4|0,2026140225.mp4,Train,0,0,149,0,4966
Train|2026140225.mp4|1,2026140225.mp4,Train,1,150,299,5000,9966
Train|202614023.mp4|0,202614023.mp4,Train,0,0,149,0,4966
Train|202614023.mp4|1,202614023.mp4,Train,1,150,299,5000,9966
Train|2026140230.mp4|0,2026140230.mp4,Train,0,0,149,0,4966
Train|2026140230.mp4|1,2026140230.mp4,Train,1,150,299,5000,9966
Train|2026140233.mp4|0,2026140233.mp4,Train,0,0,149,0,4966
Train|2026140233.mp4|1,2026140233.mp4,Train,1,150,299,5000,9966
Train|2026140236.mp4|0,2026140236.mp4,Train,0,0,149,0,4966
Train|2026140236.mp4|1,2026140236.mp4,Train,1,150,299,5000,9966
Train|2026140237.mp4|0,2026140237.mp4,Train,0,0,149,0,4966
Train|2026140237.mp4|1,2026140237.mp4,Train,1,150,299,5000,9966
Train|2026140239.mp4|0,2026140239.mp4,Train,0,0,149,0,4966
Train|2026140239.mp4|1,2026140239.mp4,Train,1,150,299,5000,9966
Train|2026140241.mp4|0,2026140241.mp4,Train,0,0,149,0,4966
Train|2026140241.mp4|1,2026140241.mp4,Train,1,150,299,5000,9966
Train|2026140243.mp4|0,2026140243.mp4,Train,0,0,149,0,4966
Train|2026140243.mp4|1,2026140243.mp4,Train,1,150,299,5000,9966
Train|2026140246.mp4|0,2026140246.mp4,Train,0,0,149,0,4966
Train|2026140246.mp4|1,2026140246.mp4,Train,1,150,299,5000,9966
Train|2026140247.mp4|0,2026140247.mp4,Train,0,0,149,0,4966
Train|2026140247.mp4|1,2026140247.mp4,Train,1,150,299,5000,9966
Train|2026140249.mp4|0,2026140249.mp4,Train,0,0,149,0,4966
Train|2026140249.mp4|1,2026140249.mp4,Train,1,150,299,5000,9966
Train|202614025.mp4|0,202614025.mp4,Train,0,0,149,0,4966
Train|202614025.mp4|1,202614025.mp4,Train,1,150,299,5000,9966
Train|2026140250.mp4|0,2026140250.mp4,Train,0,0,149,0,4966
Train|2026140250.mp4|1,2026140250.mp4,Train,1,150,299,5000,9966
Train|2026140253.mp4|0,2026140253.mp4,Train,0,0,149,0,4966
Train|2026140253.mp4|1,2026140253.mp4,Train,1,150,299,5000,9966
Train|2026140254.mp4|0,2026140254.mp4,Train,0,0,149,0,4966
Train|2026140254.mp4|1,2026140254.mp4,Train,1,150,299,5000,9966
Train|2026140255.mp4|0,2026140255.mp4,Train,0,0,149,0,4966
Train|2026140255.mp4|1,2026140255.mp4,Train,1,150,299,5000,9966
Train|2026140257.mp4|0,2026140257.mp4,Train,0,0,149,0,4966
Train|2026140257.mp4|1,2026140257.mp4,Train,1,150,299,5000,9966
Train|2026140259.mp4|0,2026140259.mp4,Train,0,0,149,0,4966
Train|2026140259.mp4|1,2026140259.mp4,Train,1,150,299,5000,9966
Train|2026140260.mp4|0,2026140260.mp4,Train,0,0,149,0,4966
Train|2026140260.mp4|1,2026140260.mp4,Train,1,150,299,5000,9966
Train|2026140263.mp4|0,2026140263.mp4,Train,0,0,149,0,4966
Train|2026140263.mp4|1,2026140263.mp4,Train,1,150,299,5000,9966
Train|2026140264.mp4|0,2026140264.mp4,Train,0,0,149,0,4966
Train|2026140264.mp4|1,2026140264.mp4,Train,1,150,299,5000,9966
Train|2026140272.mp4|0,2026140272.mp4,Train,0,0,149,0,4966
Train|2026140272.mp4|1,2026140272.mp4,Train,1,150,299,5000,9966
Train|2026140273.mp4|0,2026140273.mp4,Train,0,0,149,0,4966
Train|2026140273.mp4|1,2026140273.mp4,Train,1,150,299,5000,9966
Train|2026140275.mp4|0,2026140275.mp4,Train,0,0,149,0,4966
Train|2026140275.mp4|1,2026140275.mp4,Train,1,150,299,5000,9966
Train|2026140276.mp4|0,2026140276.mp4,Train,0,0,149,0,4966
Train|2026140276.mp4|1,2026140276.mp4,Train,1,150,299,5000,9966
Train|2026140277.mp4|0,2026140277.mp4,Train,0,0,149,0,4966
Train|2026140277.mp4|1,2026140277.mp4,Train,1,150,299,5000,9966
Train|2026140279.mp4|0,2026140279.mp4,Train,0,0,149,0,4966
Train|2026140279.mp4|1,2026140279.mp4,Train,1,150,299,5000,9966
Train|2026140281.mp4|0,2026140281.mp4,Train,0,0,149,0,4966
Train|2026140281.mp4|1,2026140281.mp4,Train,1,150,299,5000,9966
Train|202614029.mp4|0,202614029.mp4,Train,0,0,149,0,4966
Train|202614029.mp4|1,202614029.mp4,Train,1,150,299,5000,9966
Train|205601011.avi|0,205601011.avi,Train,0,0,149,0,4966
Train|205601011.avi|1,205601011.avi,Train,1,150,299,5000,9966
Train|2056010112.avi|0,2056010112.avi,Train,0,0,149,0,4966
Train|2056010112.avi|1,2056010112.avi,Train,1,150,299,5000,9966
Train|2056010113.avi|0,2056010113.avi,Train,0,0,149,0,4966
Train|2056010113.avi|1,2056010113.avi,Train,1,150,299,5000,9966
Train|2056010114.avi|0,2056010114.avi,Train,0,0,149,0,4966
Train|2056010114.avi|1,2056010114.avi,Train,1,150,299,5000,9966
Train|2056010116.avi|0,2056010116.avi,Train,0,0,149,0,4966
Train|2056010116.avi|1,2056010116.avi,Train,1,150,299,5000,9966
Train|2056010118.avi|0,2056010118.avi,Train,0,0,149,0,4966
Train|2056010118.avi|1,2056010118.avi,Train,1,150,299,5000,9966
Train|2056010119.avi|0,2056010119.avi,Train,0,0,149,0,4966
Train|2056010119.avi|1,2056010119.avi,Train,1,150,299,5000,9966
Train|205601012.avi|0,205601012.avi,Train,0,0,149,0,4966
Train|205601012.avi|1,205601012.avi,Train,1,150,299,5000,9966
Train|2056010120.avi|0,2056010120.avi,Train,0,0,149,0,4966
Train|2056010120.avi|1,2056010120.avi,Train,1,150,299,5000,9966
Train|2056010122.avi|0,2056010122.avi,Train,0,0,149,0,4966
Train|2056010122.avi|1,2056010122.avi,Train,1,150,299,5000,9966
Train|2056010123.avi|0,2056010123.avi,Train,0,0,149,0,4966
Train|2056010123.avi|1,2056010123.avi,Train,1,150,299,5000,9966
Train|2056010124.avi|0,2056010124.avi,Train,0,0,149,0,4966
Train|2056010124.avi|1,2056010124.avi,Train,1,150,299,5000,9966
Train|2056010126.avi|0,2056010126.avi,Train,0,0,149,0,4966
Train|2056010126.avi|1,2056010126.avi,Train,1,150,299,5000,9966
Train|2056010130.avi|0,2056010130.avi,Train,0,0,149,0,4966
Train|2056010130.avi|1,2056010130.avi,Train,1,150,299,5000,9966
Train|2056010133.avi|0,2056010133.avi,Train,0,0,149,0,4966
Train|2056010133.avi|1,2056010133.avi,Train,1,150,299,5000,9966
Train|2056010134.avi|0,2056010134.avi,Train,0,0,149,0,4966
Train|2056010134.avi|1,2056010134.avi,Train,1,150,299,5000,9966
Train|2056010136.avi|0,2056010136.avi,Train,0,0,149,0,4966
Train|2056010136.avi|1,2056010136.avi,Train,1,150,299,5000,9966
Train|2056010137.avi|0,2056010137.avi,Train,0,0,149,0,4966
Train|2056010137.avi|1,2056010137.avi,Train,1,150,299,5000,9966
Train|2056010139.avi|0,2056010139.avi,Train,0,0,149,0,4966
Train|2056010139.avi|1,2056010139.avi,Train,1,150,299,5000,9966
Train|2056010141.avi|0,2056010141.avi,Train,0,0,149,0,4966
Train|2056010141.avi|1,2056010141.avi,Train,1,150,299,5000,9966
Train|2056010142.avi|0,2056010142.avi,Train,0,0,149,0,4966
Train|2056010142.avi|1,2056010142.avi,Train,1,150,299,5000,9966
Train|2056010148.avi|0,2056010148.avi,Train,0,0,149,0,4966
Train|2056010148.avi|1,2056010148.avi,Train,1,150,299,5000,9966
Train|2056010149.avi|0,2056010149.avi,Train,0,0,149,0,4966
Train|2056010149.avi|1,2056010149.avi,Train,1,150,299,5000,9966
Train|2056010153.avi|0,2056010153.avi,Train,0,0,149,0,4966
Train|2056010153.avi|1,2056010153.avi,Train,1,150,299,5000,9966
Train|2056010155.avi|0,2056010155.avi,Train,0,0,149,0,4966
Train|2056010155.avi|1,2056010155.avi,Train,1,150,299,5000,9966
Train|2056010156.avi|0,2056010156.avi,Train,0,0,149,0,4966
Train|2056010156.avi|1,2056010156.avi,Train,1,150,299,5000,9966
Train|2056010157.avi|0,2056010157.avi,Train,0,0,149,0,4966
Train|2056010157.avi|1,2056010157.avi,Train,1,150,299,5000,9966
Train|205601016.avi|0,205601016.avi,Train,0,0,149,0,4966
Train|205601016.avi|1,205601016.avi,Train,1,150,299,5000,9966
Train|2056010160.avi|0,2056010160.avi,Train,0,0,149,0,4966
Train|2056010160.avi|1,2056010160.avi,Train,1,150,299,5000,9966
Train|2056010162.avi|0,2056010162.avi,Train,0,0,149,0,4966
Train|2056010162.avi|1,2056010162.avi,Train,1,150,299,5000,9966
Train|2056010164.avi|0,2056010164.avi,Train,0,0,149,0,4966
Train|2056010164.avi|1,2056010164.avi,Train,1,150,299,5000,9966
Train|2056010165.avi|0,2056010165.avi,Train,0,0,149,0,4966
Train|2056010165.avi|1,2056010165.avi,Train,1,150,299,5000,9966
Train|2056010167.avi|0,2056010167.avi,Train,0,0,149,0,4966
Train|2056010167.avi|1,2056010167.avi,Train,1,150,299,5000,9966
Train|205601017.avi|0,205601017.avi,Train,0,0,149,0,4966
Train|205601017.avi|1,205601017.avi,Train,1,150,299,5000,9966
Train|205601018.avi|0,205601018.avi,Train,0,0,149,0,4966
Train|205601018.avi|1,205601018.avi,Train,1,150,299,5000,9966
Train|2056010210.avi|0,2056010210.avi,Train,0,0,149,0,4966
Train|2056010210.avi|1,2056010210.avi,Train,1,150,299,5000,9966
Train|2056010212.avi|0,2056010212.avi,Train,0,0,149,0,4966
Train|2056010212.avi|1,2056010212.avi,Train,1,150,299,5000,9966
Train|2056010213.avi|0,2056010213.avi,Train,0,0,149,0,4966
Train|2056010213.avi|1,2056010213.avi,Train,1,150,299,5000,9966
Train|2056010214.avi|0,2056010214.avi,Train,0,0,149,0,4966
Train|2056010214.avi|1,2056010214.avi,Train,1,150,299,5000,9966
Train|2056010215.avi|0,2056010215.avi,Train,0,0,149,0,4966
Train|2056010215.avi|1,2056010215.avi,Train,1,150,299,5000,9966
Train|2056010218.avi|0,2056010218.avi,Train,0,0,149,0,4966
Train|2056010218.avi|1,2056010218.avi,Train,1,150,299,5000,9966
Train|2056010219.avi|0,2056010219.avi,Train,0,0,149,0,4966
Train|2056010219.avi|1,2056010219.avi,Train,1,150,299,5000,9966
Train|2056010222.avi|0,2056010222.avi,Train,0,0,149,0,4966
Train|2056010222.avi|1,2056010222.avi,Train,1,150,299,5000,9966
Train|2056010224.avi|0,2056010224.avi,Train,0,0,149,0,4966
Train|2056010224.avi|1,2056010224.avi,Train,1,150,299,5000,9966
Train|2056010225.avi|0,2056010225.avi,Train,0,0,149,0,4966
Train|2056010225.avi|1,2056010225.avi,Train,1,150,299,5000,9966
Train|2056010226.avi|0,2056010226.avi,Train,0,0,149,0,4966
Train|2056010226.avi|1,2056010226.avi,Train,1,150,299,5000,9966
Train|2056010228.avi|0,2056010228.avi,Train,0,0,149,0,4966
Train|2056010228.avi|1,2056010228.avi,Train,1,150,299,5000,9966
Train|2056010229.avi|0,2056010229.avi,Train,0,0,149,0,4966
Train|2056010229.avi|1,2056010229.avi,Train,1,150,299,5000,9966
Train|2056010230.avi|0,2056010230.avi,Train,0,0,149,0,4966
Train|2056010230.avi|1,2056010230.avi,Train,1,150,299,5000,9966
Train|2056010232.avi|0,2056010232.avi,Train,0,0,149,0,4966
Train|2056010232.avi|1,2056010232.avi,Train,1,150,299,5000,9966
Train|2056010233.avi|0,2056010233.avi,Train,0,0,149,0,4966
Train|2056010233.avi|1,2056010233.avi,Train,1,150,299,5000,9966
Train|2056010234.avi|0,2056010234.avi,Train,0,0,149,0,4966
Train|2056010234.avi|1,2056010234.avi,Train,1,150,299,5000,9966
Train|2056010235.avi|0,2056010235.avi,Train,0,0,149,0,4966
Train|2056010235.avi|1,2056010235.avi,Train,1,150,299,5000,9966
Train|2056010236.avi|0,2056010236.avi,Train,0,0,149,0,4966
Train|2056010236.avi|1,2056010236.avi,Train,1,150,299,5000,9966
Train|2056010238.avi|0,2056010238.avi,Train,0,0,149,0,4966
Train|2056010238.avi|1,2056010238.avi,Train,1,150,299,5000,9966
Train|2056010239.avi|0,2056010239.avi,Train,0,0,149,0,4966
Train|2056010239.avi|1,2056010239.avi,Train,1,150,299,5000,9966
Train|205601024.avi|0,205601024.avi,Train,0,0,149,0,4966
Train|205601024.avi|1,205601024.avi,Train,1,150,299,5000,9966
Train|2056010240.avi|0,2056010240.avi,Train,0,0,149,0,4966
Train|2056010240.avi|1,2056010240.avi,Train,1,150,299,5000,9966
Train|2056010241.avi|0,2056010241.avi,Train,0,0,149,0,4966
Train|2056010241.avi|1,2056010241.avi,Train,1,150,299,5000,9966
Train|2056010242.avi|0,2056010242.avi,Train,0,0,149,0,4966
Train|2056010242.avi|1,2056010242.avi,Train,1,150,299,5000,9966
Train|2056010244.avi|0,2056010244.avi,Train,0,0,149,0,4966
Train|2056010244.avi|1,2056010244.avi,Train,1,150,299,5000,9966
Train|2056010245.avi|0,2056010245.avi,Train,0,0,149,0,4966
Train|2056010245.avi|1,2056010245.avi,Train,1,150,299,5000,9966
Train|2056010247.avi|0,2056010247.avi,Train,0,0,149,0,4966
Train|2056010247.avi|1,2056010247.avi,Train,1,150,299,5000,9966
Train|2056010249.avi|0,2056010249.avi,Train,0,0,149,0,4966
Train|2056010249.avi|1,2056010249.avi,Train,1,150,299,5000,9966
Train|205601025.avi|0,205601025.avi,Train,0,0,149,0,4966
Train|205601025.avi|1,205601025.avi,Train,1,150,299,5000,9966
Train|2056010250.avi|0,2056010250.avi,Train,0,0,149,0,4966
Train|2056010250.avi|1,2056010250.avi,Train,1,150,299,5000,9966
Train|2056010252.avi|0,2056010252.avi,Train,0,0,149,0,4966
Train|2056010252.avi|1,2056010252.avi,Train,1,150,299,5000,9966
Train|2056010253.avi|0,2056010253.avi,Train,0,0,149,0,4966
Train|2056010253.avi|1,2056010253.avi,Train,1,150,299,5000,9966
Train|2056010254.avi|0,2056010254.avi,Train,0,0,149,0,4966
Train|2056010254.avi|1,2056010254.avi,Train,1,150,299,5000,9966
Train|2056010255.avi|0,2056010255.avi,Train,0,0,149,0,4966
Train|2056010255.avi|1,2056010255.avi,Train,1,150,299,5000,9966
Train|2056010258.avi|0,2056010258.avi,Train,0,0,149,0,4966
Train|2056010258.avi|1,2056010258.avi,Train,1,150,299,5000,9966
Train|2056010260.avi|0,2056010260.avi,Train,0,0,149,0,4966
Train|2056010260.avi|1,2056010260.avi,Train,1,150,299,5000,9966
Train|2056010261.avi|0,2056010261.avi,Train,0,0,149,0,4966
Train|2056010261.avi|1,2056010261.avi,Train,1,150,299,5000,9966
Train|2056010262.avi|0,2056010262.avi,Train,0,0,149,0,4966
Train|2056010262.avi|1,2056010262.avi,Train,1,150,299,5000,9966
Train|2056010263.avi|0,2056010263.avi,Train,0,0,149,0,4966
Train|2056010263.avi|1,2056010263.avi,Train,1,150,299,5000,9966
Train|2056010265.avi|0,2056010265.avi,Train,0,0,149,0,4966
Train|2056010265.avi|1,2056010265.avi,Train,1,150,299,5000,9966
Train|2056010267.avi|0,2056010267.avi,Train,0,0,149,0,4966
Train|2056010267.avi|1,2056010267.avi,Train,1,150,299,5000,9966
Train|2056010269.avi|0,2056010269.avi,Train,0,0,149,0,4966
Train|2056010269.avi|1,2056010269.avi,Train,1,150,299,5000,9966
Train|205601027.avi|0,205601027.avi,Train,0,0,149,0,4966
Train|205601027.avi|1,205601027.avi,Train,1,150,299,5000,9966
Train|2056010272.avi|0,2056010272.avi,Train,0,0,149,0,4966
Train|2056010272.avi|1,2056010272.avi,Train,1,150,299,5000,9966
Train|2056010274.avi|0,2056010274.avi,Train,0,0,149,0,4966
Train|2056010274.avi|1,2056010274.avi,Train,1,150,299,5000,9966
Train|2056010275.avi|0,2056010275.avi,Train,0,0,149,0,4966
Train|2056010275.avi|1,2056010275.avi,Train,1,150,299,5000,9966
Train|2056010276.avi|0,2056010276.avi,Train,0,0,149,0,4966
Train|2056010276.avi|1,2056010276.avi,Train,1,150,299,5000,9966
Train|2056010277.avi|0,2056010277.avi,Train,0,0,149,0,4966
Train|2056010277.avi|1,2056010277.avi,Train,1,150,299,5000,9966
Train|2056010279.avi|0,2056010279.avi,Train,0,0,149,0,4966
Train|2056010279.avi|1,2056010279.avi,Train,1,150,299,5000,9966
Train|205601028.avi|0,205601028.avi,Train,0,0,149,0,4966
Train|205601028.avi|1,205601028.avi,Train,1,150,299,5000,9966
Train|2056010281.avi|0,2056010281.avi,Train,0,0,149,0,4966
Train|2056010281.avi|1,2056010281.avi,Train,1,150,299,5000,9966
Train|2056010283.avi|0,2056010283.avi,Train,0,0,149,0,4966
Train|2056010283.avi|1,2056010283.avi,Train,1,150,299,5000,9966
Train|2100511002.avi|0,2100511002.avi,Train,0,0,149,0,4966
Train|2100511002.avi|1,2100511002.avi,Train,1,150,299,5000,9966
Train|2100511003.avi|0,2100511003.avi,Train,0,0,149,0,4966
Train|2100511003.avi|1,2100511003.avi,Train,1,150,299,5000,9966
Train|2100511005.avi|0,2100511005.avi,Train,0,0,149,0,4966
Train|2100511005.avi|1,2100511005.avi,Train,1,150,299,5000,9966
Train|2100511008.avi|0,2100511008.avi,Train,0,0,149,0,4966
Train|2100511008.avi|1,2100511008.avi,Train,1,150,299,5000,9966
Train|2100511011.avi|0,2100511011.avi,Train,0,0,149,0,4966
Train|2100511011.avi|1,2100511011.avi,Train,1,150,299,5000,9966
Train|2100511012.avi|0,2100511012.avi,Train,0,0,149,0,4966
Train|2100511012.avi|1,2100511012.avi,Train,1,150,299,5000,9966
Train|2100511013.avi|0,2100511013.avi,Train,0,0,149,0,4966
Train|2100511013.avi|1,2100511013.avi,Train,1,150,299,5000,9966
Train|2100511015.avi|0,2100511015.avi,Train,0,0,149,0,4966
Train|2100511015.avi|1,2100511015.avi,Train,1,150,299,5000,9966
Train|2100511016.avi|0,2100511016.avi,Train,0,0,149,0,4966
Train|2100511016.avi|1,2100511016.avi,Train,1,150,299,5000,9966
Train|2100511018.avi|0,2100511018.avi,Train,0,0,149,0,4966
Train|2100511018.avi|1,2100511018.avi,Train,1,150,299,5000,9966
Train|2100511019.avi|0,2100511019.avi,Train,0,0,149,0,4966
Train|2100511019.avi|1,2100511019.avi,Train,1,150,299,5000,9966
Train|2100511024.avi|0,2100511024.avi,Train,0,0,149,0,4966
Train|2100511024.avi|1,2100511024.avi,Train,1,150,299,5000,9966
Train|2100511026.avi|0,2100511026.avi,Train,0,0,149,0,4966
Train|2100511026.avi|1,2100511026.avi,Train,1,150,299,5000,9966
Train|2100511027.avi|0,2100511027.avi,Train,0,0,149,0,4966
Train|2100511027.avi|1,2100511027.avi,Train,1,150,299,5000,9966
Train|2100511028.avi|0,2100511028.avi,Train,0,0,149,0,4966
Train|2100511028.avi|1,2100511028.avi,Train,1,150,299,5000,9966
Train|2100511031.avi|0,2100511031.avi,Train,0,0,149,0,4966
Train|2100511031.avi|1,2100511031.avi,Train,1,150,299,5000,9966
Train|2100511032.avi|0,2100511032.avi,Train,0,0,149,0,4966
Train|2100511032.avi|1,2100511032.avi,Train,1,150,299,5000,9966
Train|2100511034.avi|0,2100511034.avi,Train,0,0,149,0,4966
Train|2100511034.avi|1,2100511034.avi,Train,1,150,299,5000,9966
Train|2100511035.avi|0,2100511035.avi,Train,0,0,149,0,4966
Train|2100511035.avi|1,2100511035.avi,Train,1,150,299,5000,9966
Train|2100511036.avi|0,2100511036.avi,Train,0,0,149,0,4966
Train|2100511036.avi|1,2100511036.avi,Train,1,150,299,5000,9966
Train|2100511038.avi|0,2100511038.avi,Train,0,0,149,0,4966
Train|2100511038.avi|1,2100511038.avi,Train,1,150,299,5000,9966
Train|2100511039.avi|0,2100511039.avi,Train,0,0,149,0,4966
Train|2100511039.avi|1,2100511039.avi,Train,1,150,299,5000,9966
Train|2100511040.avi|0,2100511040.avi,Train,0,0,149,0,4966
Train|2100511040.avi|1,2100511040.avi,Train,1,150,299,5000,9966
Train|2100511044.avi|0,2100511044.avi,Train,0,0,149,0,4966
Train|2100511044.avi|1,2100511044.avi,Train,1,150,299,5000,9966
Train|2100511048.avi|0,2100511048.avi,Train,0,0,149,0,4966
Train|2100511048.avi|1,2100511048.avi,Train,1,150,299,5000,9966
Train|2100511057.avi|0,2100511057.avi,Train,0,0,149,0,4966
Train|2100511057.avi|1,2100511057.avi,Train,1,150,299,5000,9966
Train|2100511058.avi|0,2100511058.avi,Train,0,0,149,0,4966
Train|2100511058.avi|1,2100511058.avi,Train,1,150,299,5000,9966
Train|2100511059.avi|0,2100511059.avi,Train,0,0,149,0,4966
Train|2100511059.avi|1,2100511059.avi,Train,1,150,299,5000,9966
Train|2100511060.avi|0,2100511060.avi,Train,0,0,149,0,4966
Train|2100511060.avi|1,2100511060.avi,Train,1,150,299,5000,9966
Train|2100511061.avi|0,2100511061.avi,Train,0,0,149,0,4966
Train|2100511061.avi|1,2100511061.avi,Train,1,150,299,5000,9966
Train|2100511062.avi|0,2100511062.avi,Train,0,0,149,0,4966
Train|2100511062.avi|1,2100511062.avi,Train,1,150,299,5000,9966
Train|2100511063.avi|0,2100511063.avi,Train,0,0,149,0,4966
Train|2100511063.avi|1,2100511063.avi,Train,1,150,299,5000,9966
Train|2100511064.avi|0,2100511064.avi,Train,0,0,149,0,4966
Train|2100511064.avi|1,2100511064.avi,Train,1,150,299,5000,9966
Train|2100511065.avi|0,2100511065.avi,Train,0,0,149,0,4966
Train|2100511065.avi|1,2100511065.avi,Train,1,150,299,5000,9966
Train|2100511067.avi|0,2100511067.avi,Train,0,0,149,0,4966
Train|2100511067.avi|1,2100511067.avi,Train,1,150,299,5000,9966
Train|2100511069.avi|0,2100511069.avi,Train,0,0,149,0,4966
Train|2100511069.avi|1,2100511069.avi,Train,1,150,299,5000,9966
Train|2100511070.avi|0,2100511070.avi,Train,0,0,149,0,4966
Train|2100511070.avi|1,2100511070.avi,Train,1,150,299,5000,9966
Train|2100511071.avi|0,2100511071.avi,Train,0,0,149,0,4966
Train|2100511071.avi|1,2100511071.avi,Train,1,150,299,5000,9966
Train|2100511072.avi|0,2100511072.avi,Train,0,0,149,0,4966
Train|2100511072.avi|1,2100511072.avi,Train,1,150,299,5000,9966
Train|2100511073.avi|0,2100511073.avi,Train,0,0,149,0,4966
Train|2100511073.avi|1,2100511073.avi,Train,1,150,299,5000,9966
Train|2100511074.avi|0,2100511074.avi,Train,0,0,149,0,4966
Train|2100511074.avi|1,2100511074.avi,Train,1,150,299,5000,9966
Train|2100511076.avi|0,2100511076.avi,Train,0,0,149,0,4966
Train|2100511076.avi|1,2100511076.avi,Train,1,150,299,5000,9966
Train|2100511077.avi|0,2100511077.avi,Train,0,0,149,0,4966
Train|2100511077.avi|1,2100511077.avi,Train,1,150,299,5000,9966
Train|2100511078.avi|0,2100511078.avi,Train,0,0,149,0,4966
Train|2100511078.avi|1,2100511078.avi,Train,1,150,299,5000,9966
Train|2100511079.avi|0,2100511079.avi,Train,0,0,149,0,4966
Train|2100511079.avi|1,2100511079.avi,Train,1,150,299,5000,9966
Train|2100511080.avi|0,2100511080.avi,Train,0,0,149,0,4966
Train|2100511080.avi|1,2100511080.avi,Train,1,150,299,5000,9966
Train|2100511081.avi|0,2100511081.avi,Train,0,0,149,0,4966
Train|2100511081.avi|1,2100511081.avi,Train,1,150,299,5000,9966
Train|2100511082.avi|0,2100511082.avi,Train,0,0,149,0,4966
Train|2100511082.avi|1,2100511082.avi,Train,1,150,299,5000,9966
Train|2100512001.avi|0,2100512001.avi,Train,0,0,149,0,4966
Train|2100512001.avi|1,2100512001.avi,Train,1,150,299,5000,9966
Train|2100512002.avi|0,2100512002.avi,Train,0,0,149,0,4966
Train|2100512002.avi|1,2100512002.avi,Train,1,150,299,5000,9966
Train|2100512003.avi|0,2100512003.avi,Train,0,0,149,0,4966
Train|2100512003.avi|1,2100512003.avi,Train,1,150,299,5000,9966
Train|2100512006.avi|0,2100512006.avi,Train,0,0,149,0,4966
Train|2100512006.avi|1,2100512006.avi,Train,1,150,299,5000,9966
Train|2100512007.avi|0,2100512007.avi,Train,0,0,149,0,4966
Train|2100512007.avi|1,2100512007.avi,Train,1,150,299,5000,9966
Train|2100512009.avi|0,2100512009.avi,Train,0,0,149,0,4966
Train|2100512009.avi|1,2100512009.avi,Train,1,150,299,5000,9966
Train|2100512010.avi|0,2100512010.avi,Train,0,0,149,0,4966
Train|2100512010.avi|1,2100512010.avi,Train,1,150,299,5000,9966
Train|2100512011.avi|0,2100512011.avi,Train,0,0,149,0,4966
Train|2100512011.avi|1,2100512011.avi,Train,1,150,299,5000,9966
Train|2100512012.avi|0,2100512012.avi,Train,0,0,149,0,4966
Train|2100512012.avi|1,2100512012.avi,Train,1,150,299,5000,9966
Train|2100512014.avi|0,2100512014.avi,Train,0,0,149,0,4966
Train|2100512014.avi|1,2100512014.avi,Train,1,150,299,5000,9966
Train|2100512015.avi|0,2100512015.avi,Train,0,0,149,0,4966
Train|2100512015.avi|1,2100512015.avi,Train,1,150,299,5000,9966
Train|2100512016.avi|0,2100512016.avi,Train,0,0,149,0,4966
Train|2100512016.avi|1,2100512016.avi,Train,1,150,299,5000,9966
Train|2100512017.avi|0,2100512017.avi,Train,0,0,149,0,4966
Train|2100512017.avi|1,2100512017.avi,Train,1,150,299,5000,9966
Train|2100512018.avi|0,2100512018.avi,Train,0,0,149,0,4966
Train|2100512018.avi|1,2100512018.avi,Train,1,150,299,5000,9966
Train|2100512020.avi|0,2100512020.avi,Train,0,0,149,0,4966
Train|2100512020.avi|1,2100512020.avi,Train,1,150,299,5000,9966
Train|2100512021.avi|0,2100512021.avi,Train,0,0,149,0,4966
Train|2100512021.avi|1,2100512021.avi,Train,1,150,299,5000,9966
Train|2100512025.avi|0,2100512025.avi,Train,0,0,149,0,4966
Train|2100512025.avi|1,2100512025.avi,Train,1,150,299,5000,9966
Train|2100512026.avi|0,2100512026.avi,Train,0,0,149,0,4966
Train|2100512026.avi|1,2100512026.avi,Train,1,150,299,5000,9966
Train|2100512028.avi|0,2100512028.avi,Train,0,0,149,0,4966
Train|2100512028.avi|1,2100512028.avi,Train,1,150,299,5000,9966
Train|2100512029.avi|0,2100512029.avi,Train,0,0,149,0,4966
Train|2100512029.avi|1,2100512029.avi,Train,1,150,299,5000,9966
Train|2100512032.avi|0,2100512032.avi,Train,0,0,149,0,4966
Train|2100512032.avi|1,2100512032.avi,Train,1,150,299,5000,9966
Train|2100512034.avi|0,2100512034.avi,Train,0,0,149,0,4966
Train|2100512034.avi|1,2100512034.avi,Train,1,150,299,5000,9966
Train|2100512035.avi|0,2100512035.avi,Train,0,0,149,0,4966
Train|2100512035.avi|1,2100512035.avi,Train,1,150,299,5000,9966
Train|2100512036.avi|0,2100512036.avi,Train,0,0,149,0,4966
Train|2100512036.avi|1,2100512036.avi,Train,1,150,299,5000,9966
Train|2100512037.avi|0,2100512037.avi,Train,0,0,149,0,4966
Train|2100512037.avi|1,2100512037.avi,Train,1,150,299,5000,9966
Train|2100512038.avi|0,2100512038.avi,Train,0,0,149,0,4966
Train|2100512038.avi|1,2100512038.avi,Train,1,150,299,5000,9966
Train|2100512039.avi|0,2100512039.avi,Train,0,0,149,0,4966
Train|2100512039.avi|1,2100512039.avi,Train,1,150,299,5000,9966
Train|2100512041.avi|0,2100512041.avi,Train,0,0,149,0,4966
Train|2100512041.avi|1,2100512041.avi,Train,1,150,299,5000,9966
Train|2100512042.avi|0,2100512042.avi,Train,0,0,149,0,4966
Train|2100512042.avi|1,2100512042.avi,Train,1,150,299,5000,9966
Train|2100512044.avi|0,2100512044.avi,Train,0,0,149,0,4966
Train|2100512044.avi|1,2100512044.avi,Train,1,150,299,5000,9966
Train|2100512045.avi|0,2100512045.avi,Train,0,0,149,0,4966
Train|2100512045.avi|1,2100512045.avi,Train,1,150,299,5000,9966
Train|2100512051.avi|0,2100512051.avi,Train,0,0,149,0,4966
Train|2100512051.avi|1,2100512051.avi,Train,1,150,299,5000,9966
Train|2100512052.avi|0,2100512052.avi,Train,0,0,149,0,4966
Train|2100512052.avi|1,2100512052.avi,Train,1,150,299,5000,9966
Train|2100512053.avi|0,2100512053.avi,Train,0,0,149,0,4966
Train|2100512053.avi|1,2100512053.avi,Train,1,150,299,5000,9966
Train|2100512055.avi|0,2100512055.avi,Train,0,0,149,0,4966
Train|2100512055.avi|1,2100512055.avi,Train,1,150,299,5000,9966
Train|2100512057.avi|0,2100512057.avi,Train,0,0,149,0,4966
Train|2100512057.avi|1,2100512057.avi,Train,1,150,299,5000,9966
Train|2100512058.avi|0,2100512058.avi,Train,0,0,149,0,4966
Train|2100512058.avi|1,2100512058.avi,Train,1,150,299,5000,9966
Train|2100512061.avi|0,2100512061.avi,Train,0,0,149,0,4966
Train|2100512061.avi|1,2100512061.avi,Train,1,150,299,5000,9966
Train|2100512062.avi|0,2100512062.avi,Train,0,0,149,0,4966
Train|2100512062.avi|1,2100512062.avi,Train,1,150,299,5000,9966
Train|2100512063.avi|0,2100512063.avi,Train,0,0,149,0,4966
Train|2100512063.avi|1,2100512063.avi,Train,1,150,299,5000,9966
Train|2100512064.avi|0,2100512064.avi,Train,0,0,149,0,4966
Train|2100512064.avi|1,2100512064.avi,Train,1,150,299,5000,9966
Train|2100512065.avi|0,2100512065.avi,Train,0,0,149,0,4966
Train|2100512065.avi|1,2100512065.avi,Train,1,150,299,5000,9966
Train|2100521002.avi|0,2100521002.avi,Train,0,0,149,0,4966
Train|2100521002.avi|1,2100521002.avi,Train,1,150,299,5000,9966
Train|2100521005.avi|0,2100521005.avi,Train,0,0,149,0,4966
Train|2100521005.avi|1,2100521005.avi,Train,1,150,299,5000,9966
Train|2100521006.avi|0,2100521006.avi,Train,0,0,149,0,4966
Train|2100521006.avi|1,2100521006.avi,Train,1,150,299,5000,9966
Train|2100521008.avi|0,2100521008.avi,Train,0,0,149,0,4966
Train|2100521008.avi|1,2100521008.avi,Train,1,150,299,5000,9966
Train|2100521009.avi|0,2100521009.avi,Train,0,0,149,0,4966
Train|2100521009.avi|1,2100521009.avi,Train,1,150,299,5000,9966
Train|2100521010.avi|0,2100521010.avi,Train,0,0,149,0,4966
Train|2100521010.avi|1,2100521010.avi,Train,1,150,299,5000,9966
Train|2100521013.avi|0,2100521013.avi,Train,0,0,149,0,4966
Train|2100521013.avi|1,2100521013.avi,Train,1,150,299,5000,9966
Train|2100521014.avi|0,2100521014.avi,Train,0,0,149,0,4966
Train|2100521014.avi|1,2100521014.avi,Train,1,150,299,5000,9966
Train|2100521015.avi|0,2100521015.avi,Train,0,0,149,0,4966
Train|2100521015.avi|1,2100521015.avi,Train,1,150,299,5000,9966
Train|2100521016.avi|0,2100521016.avi,Train,0,0,149,0,4966
Train|2100521016.avi|1,2100521016.avi,Train,1,150,299,5000,9966
Train|2100521017.avi|0,2100521017.avi,Train,0,0,149,0,4966
Train|2100521017.avi|1,2100521017.avi,Train,1,150,299,5000,9966
Train|2100521018.avi|0,2100521018.avi,Train,0,0,149,0,4966
Train|2100521018.avi|1,2100521018.avi,Train,1,150,299,5000,9966
Train|2100521021.avi|0,2100521021.avi,Train,0,0,149,0,4966
Train|2100521021.avi|1,2100521021.avi,Train,1,150,299,5000,9966
Train|2100521022.avi|0,2100521022.avi,Train,0,0,149,0,4966
Train|2100521022.avi|1,2100521022.avi,Train,1,150,299,5000,9966
Train|2100521023.avi|0,2100521023.avi,Train,0,0,149,0,4966
Train|2100521023.avi|1,2100521023.avi,Train,1,150,299,5000,9966
Train|2100521024.avi|0,2100521024.avi,Train,0,0,149,0,4966
Train|2100521024.avi|1,2100521024.avi,Train,1,150,299,5000,9966
Train|2100521025.avi|0,2100521025.avi,Train,0,0,149,0,4966
Train|2100521025.avi|1,2100521025.avi,Train,1,150,299,5000,9966
Train|2100521026.avi|0,2100521026.avi,Train,0,0,149,0,4966
Train|2100521026.avi|1,2100521026.avi,Train,1,150,299,5000,9966
Train|2100521027.avi|0,2100521027.avi,Train,0,0,149,0,4966
Train|2100521027.avi|1,2100521027.avi,Train,1,150,299,5000,9966
Train|2100521028.avi|0,2100521028.avi,Train,0,0,149,0,4966
Train|2100521028.avi|1,2100521028.avi,Train,1,150,299,5000,9966
Train|2100521029.avi|0,2100521029.avi,Train,0,0,149,0,4966
Train|2100521029.avi|1,2100521029.avi,Train,1,150,299,5000,9966
Train|2100521030.avi|0,2100521030.avi,Train,0,0,149,0,4966
Train|2100521030.avi|1,2100521030.avi,Train,1,150,299,5000,9966
Train|2100521031.avi|0,2100521031.avi,Train,0,0,149,0,4966
Train|2100521031.avi|1,2100521031.avi,Train,1,150,299,5000,9966
Train|2100521032.avi|0,2100521032.avi,Train,0,0,149,0,4966
Train|2100521032.avi|1,2100521032.avi,Train,1,150,299,5000,9966
Train|2100521033.avi|0,2100521033.avi,Train,0,0,149,0,4966
Train|2100521033.avi|1,2100521033.avi,Train,1,150,299,5000,9966
Train|2100521034.avi|0,2100521034.avi,Train,0,0,149,0,4966
Train|2100521034.avi|1,2100521034.avi,Train,1,150,299,5000,9966
Train|2100521035.avi|0,2100521035.avi,Train,0,0,149,0,4966
Train|2100521035.avi|1,2100521035.avi,Train,1,150,299,5000,9966
Train|2100521037.avi|0,2100521037.avi,Train,0,0,149,0,4966
Train|2100521037.avi|1,2100521037.avi,Train,1,150,299,5000,9966
Train|2100521038.avi|0,2100521038.avi,Train,0,0,149,0,4966
Train|2100521038.avi|1,2100521038.avi,Train,1,150,299,5000,9966
Train|2100521039.avi|0,2100521039.avi,Train,0,0,149,0,4966
Train|2100521039.avi|1,2100521039.avi,Train,1,150,299,5000,9966
Train|2100521040.avi|0,2100521040.avi,Train,0,0,149,0,4966
Train|2100521040.avi|1,2100521040.avi,Train,1,150,299,5000,9966
Train|2100521041.avi|0,2100521041.avi,Train,0,0,149,0,4966
Train|2100521041.avi|1,2100521041.avi,Train,1,150,299,5000,9966
Train|2100521042.avi|0,2100521042.avi,Train,0,0,149,0,4966
Train|2100521042.avi|1,2100521042.avi,Train,1,150,299,5000,9966
Train|2100521043.avi|0,2100521043.avi,Train,0,0,149,0,4966
Train|2100521043.avi|1,2100521043.avi,Train,1,150,299,5000,9966
Train|2100521044.avi|0,2100521044.avi,Train,0,0,149,0,4966
Train|2100521044.avi|1,2100521044.avi,Train,1,150,299,5000,9966
Train|2100521046.avi|0,2100521046.avi,Train,0,0,149,0,4966
Train|2100521046.avi|1,2100521046.avi,Train,1,150,299,5000,9966
Train|2100521047.avi|0,2100521047.avi,Train,0,0,149,0,4966
Train|2100521047.avi|1,2100521047.avi,Train,1,150,299,5000,9966
Train|2100521048.avi|0,2100521048.avi,Train,0,0,149,0,4966
Train|2100521048.avi|1,2100521048.avi,Train,1,150,299,5000,9966
Train|2100521049.avi|0,2100521049.avi,Train,0,0,149,0,4966
Train|2100521049.avi|1,2100521049.avi,Train,1,150,299,5000,9966
Train|2100521050.avi|0,2100521050.avi,Train,0,0,149,0,4966
Train|2100521050.avi|1,2100521050.avi,Train,1,150,299,5000,9966
Train|2100521051.avi|0,2100521051.avi,Train,0,0,149,0,4966
Train|2100521051.avi|1,2100521051.avi,Train,1,150,299,5000,9966
Train|2100521052.avi|0,2100521052.avi,Train,0,0,149,0,4966
Train|2100521052.avi|1,2100521052.avi,Train,1,150,299,5000,9966
Train|2100521054.avi|0,2100521054.avi,Train,0,0,149,0,4966
Train|2100521054.avi|1,2100521054.avi,Train,1,150,299,5000,9966
Train|2100521055.avi|0,2100521055.avi,Train,0,0,149,0,4966
Train|2100521055.avi|1,2100521055.avi,Train,1,150,299,5000,9966
Train|2100521056.avi|0,2100521056.avi,Train,0,0,149,0,4966
Train|2100521056.avi|1,2100521056.avi,Train,1,150,299,5000,9966
Train|2100521057.avi|0,2100521057.avi,Train,0,0,149,0,4966
Train|2100521057.avi|1,2100521057.avi,Train,1,150,299,5000,9966
Train|2100521059.avi|0,2100521059.avi,Train,0,0,149,0,4966
Train|2100521059.avi|1,2100521059.avi,Train,1,150,299,5000,9966
Train|2100521060.avi|0,2100521060.avi,Train,0,0,149,0,4966
Train|2100521060.avi|1,2100521060.avi,Train,1,150,299,5000,9966
Train|2100521061.avi|0,2100521061.avi,Train,0,0,149,0,4966
Train|2100521061.avi|1,2100521061.avi,Train,1,150,299,5000,9966
Train|2100521062.avi|0,2100521062.avi,Train,0,0,149,0,4966
Train|2100521062.avi|1,2100521062.avi,Train,1,150,299,5000,9966
Train|2100521063.avi|0,2100521063.avi,Train,0,0,149,0,4966
Train|2100521063.avi|1,2100521063.avi,Train,1,150,299,5000,9966
Train|2100521067.avi|0,2100521067.avi,Train,0,0,149,0,4966
Train|2100521067.avi|1,2100521067.avi,Train,1,150,299,5000,9966
Train|2100521069.avi|0,2100521069.avi,Train,0,0,149,0,4966
Train|2100521069.avi|1,2100521069.avi,Train,1,150,299,5000,9966
Train|2100521070.avi|0,2100521070.avi,Train,0,0,149,0,4966
Train|2100521070.avi|1,2100521070.avi,Train,1,150,299,5000,9966
Train|2100521072.avi|0,2100521072.avi,Train,0,0,149,0,4966
Train|2100521072.avi|1,2100521072.avi,Train,1,150,299,5000,9966
Train|2100521073.avi|0,2100521073.avi,Train,0,0,149,0,4966
Train|2100521073.avi|1,2100521073.avi,Train,1,150,299,5000,9966
Train|2100521074.avi|0,2100521074.avi,Train,0,0,149,0,4966
Train|2100521074.avi|1,2100521074.avi,Train,1,150,299,5000,9966
Train|2100521075.avi|0,2100521075.avi,Train,0,0,149,0,4966
Train|2100521075.avi|1,2100521075.avi,Train,1,150,299,5000,9966
Train|2100521076.avi|0,2100521076.avi,Train,0,0,149,0,4966
Train|2100521076.avi|1,2100521076.avi,Train,1,150,299,5000,9966
Train|2100521077.avi|0,2100521077.avi,Train,0,0,149,0,4966
Train|2100521077.avi|1,2100521077.avi,Train,1,150,299,5000,9966
Train|2100521078.avi|0,2100521078.avi,Train,0,0,149,0,4966
Train|2100521078.avi|1,2100521078.avi,Train,1,150,299,5000,9966
Train|2100521079.avi|0,2100521079.avi,Train,0,0,149,0,4966
Train|2100521079.avi|1,2100521079.avi,Train,1,150,299,5000,9966
Train|2100522001.avi|0,2100522001.avi,Train,0,0,149,0,4966
Train|2100522001.avi|1,2100522001.avi,Train,1,150,299,5000,9966
Train|2100522004.avi|0,2100522004.avi,Train,0,0,149,0,4966
Train|2100522004.avi|1,2100522004.avi,Train,1,150,299,5000,9966
Train|2100522005.avi|0,2100522005.avi,Train,0,0,149,0,4966
Train|2100522005.avi|1,2100522005.avi,Train,1,150,299,5000,9966
Train|2100522006.avi|0,2100522006.avi,Train,0,0,149,0,4966
Train|2100522006.avi|1,2100522006.avi,Train,1,150,299,5000,9966
Train|2100522007.avi|0,2100522007.avi,Train,0,0,149,0,4966
Train|2100522007.avi|1,2100522007.avi,Train,1,150,299,5000,9966
Train|2100522008.avi|0,2100522008.avi,Train,0,0,149,0,4966
Train|2100522008.avi|1,2100522008.avi,Train,1,150,299,5000,9966
Train|2100522009.avi|0,2100522009.avi,Train,0,0,149,0,4966
Train|2100522009.avi|1,2100522009.avi,Train,1,150,299,5000,9966
Train|2100522010.avi|0,2100522010.avi,Train,0,0,149,0,4966
Train|2100522010.avi|1,2100522010.avi,Train,1,150,299,5000,9966
Train|2100522011.avi|0,2100522011.avi,Train,0,0,149,0,4966
Train|2100522011.avi|1,2100522011.avi,Train,1,150,299,5000,9966
Train|2100522012.avi|0,2100522012.avi,Train,0,0,149,0,4966
Train|2100522012.avi|1,2100522012.avi,Train,1,150,299,5000,9966
Train|2100522013.avi|0,2100522013.avi,Train,0,0,149,0,4966
Train|2100522013.avi|1,2100522013.avi,Train,1,150,299,5000,9966
Train|2100522018.avi|0,2100522018.avi,Train,0,0,149,0,4966
Train|2100522018.avi|1,2100522018.avi,Train,1,150,299,5000,9966
Train|2100522019.avi|0,2100522019.avi,Train,0,0,149,0,4966
Train|2100522019.avi|1,2100522019.avi,Train,1,150,299,5000,9966
Train|2100522020.avi|0,2100522020.avi,Train,0,0,149,0,4966
Train|2100522020.avi|1,2100522020.avi,Train,1,150,299,5000,9966
Train|2100522021.avi|0,2100522021.avi,Train,0,0,149,0,4966
Train|2100522021.avi|1,2100522021.avi,Train,1,150,299,5000,9966
Train|2100522023.avi|0,2100522023.avi,Train,0,0,149,0,4966
Train|2100522023.avi|1,2100522023.avi,Train,1,150,299,5000,9966
Train|2100522024.avi|0,2100522024.avi,Train,0,0,149,0,4966
Train|2100522024.avi|1,2100522024.avi,Train,1,150,299,5000,9966
Train|2100522026.avi|0,2100522026.avi,Train,0,0,149,0,4966
Train|2100522026.avi|1,2100522026.avi,Train,1,150,299,5000,9966
Train|2100522028.avi|0,2100522028.avi,Train,0,0,149,0,4966
Train|2100522028.avi|1,2100522028.avi,Train,1,150,299,5000,9966
Train|2100522031.avi|0,2100522031.avi,Train,0,0,149,0,4966
Train|2100522031.avi|1,2100522031.avi,Train,1,150,299,5000,9966
Train|2100522033.avi|0,2100522033.avi,Train,0,0,149,0,4966
Train|2100522033.avi|1,2100522033.avi,Train,1,150,299,5000,9966
Train|2100522034.avi|0,2100522034.avi,Train,0,0,149,0,4966
Train|2100522034.avi|1,2100522034.avi,Train,1,150,299,5000,9966
Train|2100522035.avi|0,2100522035.avi,Train,0,0,149,0,4966
Train|2100522035.avi|1,2100522035.avi,Train,1,150,299,5000,9966
Train|2100522036.avi|0,2100522036.avi,Train,0,0,149,0,4966
Train|2100522036.avi|1,2100522036.avi,Train,1,150,299,5000,9966
Train|2100522038.avi|0,2100522038.avi,Train,0,0,149,0,4966
Train|2100522038.avi|1,2100522038.avi,Train,1,150,299,5000,9966
Train|2100522039.avi|0,2100522039.avi,Train,0,0,149,0,4966
Train|2100522039.avi|1,2100522039.avi,Train,1,150,299,5000,9966
Train|2100522040.avi|0,2100522040.avi,Train,0,0,149,0,4966
Train|2100522040.avi|1,2100522040.avi,Train,1,150,299,5000,9966
Train|2100522041.avi|0,2100522041.avi,Train,0,0,149,0,4966
Train|2100522041.avi|1,2100522041.avi,Train,1,150,299,5000,9966
Train|2100522042.avi|0,2100522042.avi,Train,0,0,149,0,4966
Train|2100522042.avi|1,2100522042.avi,Train,1,150,299,5000,9966
Train|2100522046.avi|0,2100522046.avi,Train,0,0,149,0,4966
Train|2100522046.avi|1,2100522046.avi,Train,1,150,299,5000,9966
Train|2100522047.avi|0,2100522047.avi,Train,0,0,149,0,4966
Train|2100522047.avi|1,2100522047.avi,Train,1,150,299,5000,9966
Train|2100522048.avi|0,2100522048.avi,Train,0,0,149,0,4966
Train|2100522048.avi|1,2100522048.avi,Train,1,150,299,5000,9966
Train|2100522049.avi|0,2100522049.avi,Train,0,0,149,0,4966
Train|2100522049.avi|1,2100522049.avi,Train,1,150,299,5000,9966
Train|2100522050.avi|0,2100522050.avi,Train,0,0,149,0,4966
Train|2100522050.avi|1,2100522050.avi,Train,1,150,299,5000,9966
Train|2100522051.avi|0,2100522051.avi,Train,0,0,149,0,4966
Train|2100522051.avi|1,2100522051.avi,Train,1,150,299,5000,9966
Train|2100522052.avi|0,2100522052.avi,Train,0,0,149,0,4966
Train|2100522052.avi|1,2100522052.avi,Train,1,150,299,5000,9966
Train|2100522053.avi|0,2100522053.avi,Train,0,0,149,0,4966
Train|2100522053.avi|1,2100522053.avi,Train,1,150,299,5000,9966
Train|2100522054.avi|0,2100522054.avi,Train,0,0,149,0,4966
Train|2100522054.avi|1,2100522054.avi,Train,1,150,299,5000,9966
Train|2100522055.avi|0,2100522055.avi,Train,0,0,149,0,4966
Train|2100522055.avi|1,2100522055.avi,Train,1,150,299,5000,9966
Train|2100522056.avi|0,2100522056.avi,Train,0,0,149,0,4966
Train|2100522056.avi|1,2100522056.avi,Train,1,150,299,5000,9966
Train|2100522059.avi|0,2100522059.avi,Train,0,0,149,0,4966
Train|2100522059.avi|1,2100522059.avi,Train,1,150,299,5000,9966
Train|2100522060.avi|0,2100522060.avi,Train,0,0,149,0,4966
Train|2100522060.avi|1,2100522060.avi,Train,1,150,299,5000,9966
Train|2100522061.avi|0,2100522061.avi,Train,0,0,149,0,4966
Train|2100522061.avi|1,2100522061.avi,Train,1,150,299,5000,9966
Train|2100522062.avi|0,2100522062.avi,Train,0,0,149,0,4966
Train|2100522062.avi|1,2100522062.avi,Train,1,150,299,5000,9966
Train|2100522063.avi|0,2100522063.avi,Train,0,0,149,0,4966
Train|2100522063.avi|1,2100522063.avi,Train,1,150,299,5000,9966
Train|2100522064.avi|0,2100522064.avi,Train,0,0,149,0,4966
Train|2100522064.avi|1,2100522064.avi,Train,1,150,299,5000,9966
Train|2100522067.avi|0,2100522067.avi,Train,0,0,149,0,4966
Train|2100522067.avi|1,2100522067.avi,Train,1,150,299,5000,9966
Train|2100522068.avi|0,2100522068.avi,Train,0,0,149,0,4966
Train|2100522068.avi|1,2100522068.avi,Train,1,150,299,5000,9966
Train|2100522070.avi|0,2100522070.avi,Train,0,0,149,0,4966
Train|2100522070.avi|1,2100522070.avi,Train,1,150,299,5000,9966
Train|2100531001.avi|0,2100531001.avi,Train,0,0,149,0,4966
Train|2100531001.avi|1,2100531001.avi,Train,1,150,299,5000,9966
Train|2100531002.avi|0,2100531002.avi,Train,0,0,149,0,4966
Train|2100531002.avi|1,2100531002.avi,Train,1,150,299,5000,9966
Train|2100531003.avi|0,2100531003.avi,Train,0,0,149,0,4966
Train|2100531003.avi|1,2100531003.avi,Train,1,150,299,5000,9966
Train|2100531004.avi|0,2100531004.avi,Train,0,0,149,0,4966
Train|2100531004.avi|1,2100531004.avi,Train,1,150,299,5000,9966
Train|2100531006.avi|0,2100531006.avi,Train,0,0,149,0,4966
Train|2100531006.avi|1,2100531006.avi,Train,1,150,299,5000,9966
Train|2100531007.avi|0,2100531007.avi,Train,0,0,149,0,4966
Train|2100531007.avi|1,2100531007.avi,Train,1,150,299,5000,9966
Train|2100531008.avi|0,2100531008.avi,Train,0,0,149,0,4966
Train|2100531008.avi|1,2100531008.avi,Train,1,150,299,5000,9966
Train|2100531009.avi|0,2100531009.avi,Train,0,0,149,0,4966
Train|2100531009.avi|1,2100531009.avi,Train,1,150,299,5000,9966
Train|2100531010.avi|0,2100531010.avi,Train,0,0,149,0,4966
Train|2100531010.avi|1,2100531010.avi,Train,1,150,299,5000,9966
Train|2100531012.avi|0,2100531012.avi,Train,0,0,149,0,4966
Train|2100531012.avi|1,2100531012.avi,Train,1,150,299,5000,9966
Train|2100531013.avi|0,2100531013.avi,Train,0,0,149,0,4966
Train|2100531013.avi|1,2100531013.avi,Train,1,150,299,5000,9966
Train|2100531014.avi|0,2100531014.avi,Train,0,0,149,0,4966
Train|2100531014.avi|1,2100531014.avi,Train,1,150,299,5000,9966
Train|2100531015.avi|0,2100531015.avi,Train,0,0,149,0,4966
Train|2100531015.avi|1,2100531015.avi,Train,1,150,299,5000,9966
Train|2100531016.avi|0,2100531016.avi,Train,0,0,149,0,4966
Train|2100531016.avi|1,2100531016.avi,Train,1,150,299,5000,9966
Train|2100531017.avi|0,2100531017.avi,Train,0,0,149,0,4966
Train|2100531017.avi|1,2100531017.avi,Train,1,150,299,5000,9966
Train|2100531018.avi|0,2100531018.avi,Train,0,0,149,0,4966
Train|2100531018.avi|1,2100531018.avi,Train,1,150,299,5000,9966
Train|2100531019.avi|0,2100531019.avi,Train,0,0,149,0,4966
Train|2100531019.avi|1,2100531019.avi,Train,1,150,299,5000,9966
Train|2100531021.avi|0,2100531021.avi,Train,0,0,149,0,4966
Train|2100531021.avi|1,2100531021.avi,Train,1,150,299,5000,9966
Train|2100531022.avi|0,2100531022.avi,Train,0,0,149,0,4966
Train|2100531022.avi|1,2100531022.avi,Train,1,150,299,5000,9966
Train|2100531023.avi|0,2100531023.avi,Train,0,0,149,0,4966
Train|2100531023.avi|1,2100531023.avi,Train,1,150,299,5000,9966
Train|2100531024.avi|0,2100531024.avi,Train,0,0,149,0,4966
Train|2100531024.avi|1,2100531024.avi,Train,1,150,299,5000,9966
Train|2100531025.avi|0,2100531025.avi,Train,0,0,149,0,4966
Train|2100531025.avi|1,2100531025.avi,Train,1,150,299,5000,9966
Train|2100531026.avi|0,2100531026.avi,Train,0,0,149,0,4966
Train|2100531026.avi|1,2100531026.avi,Train,1,150,299,5000,9966
Train|2100531027.avi|0,2100531027.avi,Train,0,0,149,0,4966
Train|2100531027.avi|1,2100531027.avi,Train,1,150,299,5000,9966
Train|2100531028.avi|0,2100531028.avi,Train,0,0,149,0,4966
Train|2100531028.avi|1,2100531028.avi,Train,1,150,299,5000,9966
Train|2100531030.avi|0,2100531030.avi,Train,0,0,149,0,4966
Train|2100531030.avi|1,2100531030.avi,Train,1,150,299,5000,9966
Train|2100531031.avi|0,2100531031.avi,Train,0,0,149,0,4966
Train|2100531031.avi|1,2100531031.avi,Train,1,150,299,5000,9966
Train|2100531033.avi|0,2100531033.avi,Train,0,0,149,0,4966
Train|2100531033.avi|1,2100531033.avi,Train,1,150,299,5000,9966
Train|2100531034.avi|0,2100531034.avi,Train,0,0,149,0,4966
Train|2100531034.avi|1,2100531034.avi,Train,1,150,299,5000,9966
Train|2100531035.avi|0,2100531035.avi,Train,0,0,149,0,4966
Train|2100531035.avi|1,2100531035.avi,Train,1,150,299,5000,9966
Train|2100531036.avi|0,2100531036.avi,Train,0,0,149,0,4966
Train|2100531036.avi|1,2100531036.avi,Train,1,150,299,5000,9966
Train|2100531037.avi|0,2100531037.avi,Train,0,0,149,0,4966
Train|2100531037.avi|1,2100531037.avi,Train,1,150,299,5000,9966
Train|2100531040.avi|0,2100531040.avi,Train,0,0,149,0,4966
Train|2100531040.avi|1,2100531040.avi,Train,1,150,299,5000,9966
Train|2100531041.avi|0,2100531041.avi,Train,0,0,149,0,4966
Train|2100531041.avi|1,2100531041.avi,Train,1,150,299,5000,9966
Train|2100531042.avi|0,2100531042.avi,Train,0,0,149,0,4966
Train|2100531042.avi|1,2100531042.avi,Train,1,150,299,5000,9966
Train|2100531043.avi|0,2100531043.avi,Train,0,0,149,0,4966
Train|2100531043.avi|1,2100531043.avi,Train,1,150,299,5000,9966
Train|2100531044.avi|0,2100531044.avi,Train,0,0,149,0,4966
Train|2100531044.avi|1,2100531044.avi,Train,1,150,299,5000,9966
Train|2100531045.avi|0,2100531045.avi,Train,0,0,149,0,4966
Train|2100531045.avi|1,2100531045.avi,Train,1,150,299,5000,9966
Train|2100531047.avi|0,2100531047.avi,Train,0,0,149,0,4966
Train|2100531047.avi|1,2100531047.avi,Train,1,150,299,5000,9966
Train|2100531048.avi|0,2100531048.avi,Train,0,0,149,0,4966
Train|2100531048.avi|1,2100531048.avi,Train,1,150,299,5000,9966
Train|2100531049.avi|0,2100531049.avi,Train,0,0,149,0,4966
Train|2100531049.avi|1,2100531049.avi,Train,1,150,299,5000,9966
Train|2100531050.avi|0,2100531050.avi,Train,0,0,149,0,4966
Train|2100531050.avi|1,2100531050.avi,Train,1,150,299,5000,9966
Train|2100531051.avi|0,2100531051.avi,Train,0,0,149,0,4966
Train|2100531051.avi|1,2100531051.avi,Train,1,150,299,5000,9966
Train|2100531052.avi|0,2100531052.avi,Train,0,0,149,0,4966
Train|2100531052.avi|1,2100531052.avi,Train,1,150,299,5000,9966
Train|2100531053.avi|0,2100531053.avi,Train,0,0,149,0,4966
Train|2100531053.avi|1,2100531053.avi,Train,1,150,299,5000,9966
Train|2100531054.avi|0,2100531054.avi,Train,0,0,149,0,4966
Train|2100531054.avi|1,2100531054.avi,Train,1,150,299,5000,9966
Train|2100531055.avi|0,2100531055.avi,Train,0,0,149,0,4966
Train|2100531055.avi|1,2100531055.avi,Train,1,150,299,5000,9966
Train|2100531056.avi|0,2100531056.avi,Train,0,0,149,0,4966
Train|2100531056.avi|1,2100531056.avi,Train,1,150,299,5000,9966
Train|2100531057.avi|0,2100531057.avi,Train,0,0,149,0,4966
Train|2100531057.avi|1,2100531057.avi,Train,1,150,299,5000,9966
Train|2100531058.avi|0,2100531058.avi,Train,0,0,149,0,4966
Train|2100531058.avi|1,2100531058.avi,Train,1,150,299,5000,9966
Train|2100531059.avi|0,2100531059.avi,Train,0,0,149,0,4966
Train|2100531059.avi|1,2100531059.avi,Train,1,150,299,5000,9966
Train|2100531060.avi|0,2100531060.avi,Train,0,0,149,0,4966
Train|2100531060.avi|1,2100531060.avi,Train,1,150,299,5000,9966
Train|2100531061.avi|0,2100531061.avi,Train,0,0,149,0,4966
Train|2100531061.avi|1,2100531061.avi,Train,1,150,299,5000,9966
Train|2100531063.avi|0,2100531063.avi,Train,0,0,149,0,4966
Train|2100531063.avi|1,2100531063.avi,Train,1,150,299,5000,9966
Train|2100531064.avi|0,2100531064.avi,Train,0,0,149,0,4966
Train|2100531064.avi|1,2100531064.avi,Train,1,150,299,5000,9966
Train|2100531065.avi|0,2100531065.avi,Train,0,0,149,0,4966
Train|2100531065.avi|1,2100531065.avi,Train,1,150,299,5000,9966
Train|2100531066.avi|0,2100531066.avi,Train,0,0,149,0,4966
Train|2100531066.avi|1,2100531066.avi,Train,1,150,299,5000,9966
Train|2100531067.avi|0,2100531067.avi,Train,0,0,149,0,4966
Train|2100531067.avi|1,2100531067.avi,Train,1,150,299,5000,9966
Train|2100531068.avi|0,2100531068.avi,Train,0,0,149,0,4966
Train|2100531068.avi|1,2100531068.avi,Train,1,150,299,5000,9966
Train|2100531070.avi|0,2100531070.avi,Train,0,0,149,0,4966
Train|2100531070.avi|1,2100531070.avi,Train,1,150,299,5000,9966
Train|2100531071.avi|0,2100531071.avi,Train,0,0,149,0,4966
Train|2100531071.avi|1,2100531071.avi,Train,1,150,299,5000,9966
Train|2100531072.avi|0,2100531072.avi,Train,0,0,149,0,4966
Train|2100531072.avi|1,2100531072.avi,Train,1,150,299,5000,9966
Train|2100531073.avi|0,2100531073.avi,Train,0,0,149,0,4966
Train|2100531073.avi|1,2100531073.avi,Train,1,150,299,5000,9966
Train|2100531074.avi|0,2100531074.avi,Train,0,0,149,0,4966
Train|2100531074.avi|1,2100531074.avi,Train,1,150,299,5000,9966
Train|2100531076.avi|0,2100531076.avi,Train,0,0,149,0,4966
Train|2100531076.avi|1,2100531076.avi,Train,1,150,299,5000,9966
Train|2100531077.avi|0,2100531077.avi,Train,0,0,149,0,4966
Train|2100531077.avi|1,2100531077.avi,Train,1,150,299,5000,9966
Train|2100531078.avi|0,2100531078.avi,Train,0,0,149,0,4966
Train|2100531078.avi|1,2100531078.avi,Train,1,150,299,5000,9966
Train|2100531079.avi|0,2100531079.avi,Train,0,0,149,0,4966
Train|2100531079.avi|1,2100531079.avi,Train,1,150,299,5000,9966
Train|2100531080.avi|0,2100531080.avi,Train,0,0,149,0,4966
Train|2100531080.avi|1,2100531080.avi,Train,1,150,299,5000,9966
Train|2100531081.avi|0,2100531081.avi,Train,0,0,149,0,4966
Train|2100531081.avi|1,2100531081.avi,Train,1,150,299,5000,9966
Train|2100531082.avi|0,2100531082.avi,Train,0,0,149,0,4966
Train|2100531082.avi|1,2100531082.avi,Train,1,150,299,5000,9966
Train|2100531084.avi|0,2100531084.avi,Train,0,0,149,0,4966
Train|2100531084.avi|1,2100531084.avi,Train,1,150,299,5000,9966
Train|2100532002.avi|0,2100532002.avi,Train,0,0,149,0,4966
Train|2100532002.avi|1,2100532002.avi,Train,1,150,299,5000,9966
Train|2100532003.avi|0,2100532003.avi,Train,0,0,149,0,4966
Train|2100532003.avi|1,2100532003.avi,Train,1,150,299,5000,9966
Train|2100532004.avi|0,2100532004.avi,Train,0,0,149,0,4966
Train|2100532004.avi|1,2100532004.avi,Train,1,150,299,5000,9966
Train|2100532005.avi|0,2100532005.avi,Train,0,0,149,0,4966
Train|2100532005.avi|1,2100532005.avi,Train,1,150,299,5000,9966
Train|2100532007.avi|0,2100532007.avi,Train,0,0,149,0,4966
Train|2100532007.avi|1,2100532007.avi,Train,1,150,299,5000,9966
Train|2100532008.avi|0,2100532008.avi,Train,0,0,149,0,4966
Train|2100532008.avi|1,2100532008.avi,Train,1,150,299,5000,9966
Train|2100532010.avi|0,2100532010.avi,Train,0,0,149,0,4966
Train|2100532010.avi|1,2100532010.avi,Train,1,150,299,5000,9966
Train|2100532012.avi|0,2100532012.avi,Train,0,0,149,0,4966
Train|2100532012.avi|1,2100532012.avi,Train,1,150,299,5000,9966
Train|2100532013.avi|0,2100532013.avi,Train,0,0,149,0,4966
Train|2100532013.avi|1,2100532013.avi,Train,1,150,299,5000,9966
Train|2100532015.avi|0,2100532015.avi,Train,0,0,149,0,4966
Train|2100532015.avi|1,2100532015.avi,Train,1,150,299,5000,9966
Train|2100532016.avi|0,2100532016.avi,Train,0,0,149,0,4966
Train|2100532016.avi|1,2100532016.avi,Train,1,150,299,5000,9966
Train|2100532017.avi|0,2100532017.avi,Train,0,0,149,0,4966
Train|2100532017.avi|1,2100532017.avi,Train,1,150,299,5000,9966
Train|2100532019.avi|0,2100532019.avi,Train,0,0,149,0,4966
Train|2100532019.avi|1,2100532019.avi,Train,1,150,299,5000,9966
Train|2100532020.avi|0,2100532020.avi,Train,0,0,149,0,4966
Train|2100532020.avi|1,2100532020.avi,Train,1,150,299,5000,9966
Train|2100532022.avi|0,2100532022.avi,Train,0,0,149,0,4966
Train|2100532022.avi|1,2100532022.avi,Train,1,150,299,5000,9966
Train|2100532023.avi|0,2100532023.avi,Train,0,0,149,0,4966
Train|2100532023.avi|1,2100532023.avi,Train,1,150,299,5000,9966
Train|2100532024.avi|0,2100532024.avi,Train,0,0,149,0,4966
Train|2100532024.avi|1,2100532024.avi,Train,1,150,299,5000,9966
Train|2100532025.avi|0,2100532025.avi,Train,0,0,149,0,4966
Train|2100532025.avi|1,2100532025.avi,Train,1,150,299,5000,9966
Train|2100532026.avi|0,2100532026.avi,Train,0,0,149,0,4966
Train|2100532026.avi|1,2100532026.avi,Train,1,150,299,5000,9966
Train|2100532027.avi|0,2100532027.avi,Train,0,0,149,0,4966
Train|2100532027.avi|1,2100532027.avi,Train,1,150,299,5000,9966
Train|2100532028.avi|0,2100532028.avi,Train,0,0,149,0,4966
Train|2100532028.avi|1,2100532028.avi,Train,1,150,299,5000,9966
Train|2100532029.avi|0,2100532029.avi,Train,0,0,149,0,4966
Train|2100532029.avi|1,2100532029.avi,Train,1,150,299,5000,9966
Train|2100532030.avi|0,2100532030.avi,Train,0,0,149,0,4966
Train|2100532030.avi|1,2100532030.avi,Train,1,150,299,5000,9966
Train|2100532031.avi|0,2100532031.avi,Train,0,0,149,0,4966
Train|2100532031.avi|1,2100532031.avi,Train,1,150,299,5000,9966
Train|2100532032.avi|0,2100532032.avi,Train,0,0,149,0,4966
Train|2100532032.avi|1,2100532032.avi,Train,1,150,299,5000,9966
Train|2100532033.avi|0,2100532033.avi,Train,0,0,149,0,4966
Train|2100532033.avi|1,2100532033.avi,Train,1,150,299,5000,9966
Train|2100532034.avi|0,2100532034.avi,Train,0,0,149,0,4966
Train|2100532034.avi|1,2100532034.avi,Train,1,150,299,5000,9966
Train|2100532037.avi|0,2100532037.avi,Train,0,0,149,0,4966
Train|2100532037.avi|1,2100532037.avi,Train,1,150,299,5000,9966
Train|2100532042.avi|0,2100532042.avi,Train,0,0,149,0,4966
Train|2100532042.avi|1,2100532042.avi,Train,1,150,299,5000,9966
Train|2100532043.avi|0,2100532043.avi,Train,0,0,149,0,4966
Train|2100532043.avi|1,2100532043.avi,Train,1,150,299,5000,9966
Train|2100532044.avi|0,2100532044.avi,Train,0,0,149,0,4966
Train|2100532044.avi|1,2100532044.avi,Train,1,150,299,5000,9966
Train|2100532045.avi|0,2100532045.avi,Train,0,0,149,0,4966
Train|2100532045.avi|1,2100532045.avi,Train,1,150,299,5000,9966
Train|2100532046.avi|0,2100532046.avi,Train,0,0,149,0,4966
Train|2100532046.avi|1,2100532046.avi,Train,1,150,299,5000,9966
Train|2100532047.avi|0,2100532047.avi,Train,0,0,149,0,4966
Train|2100532047.avi|1,2100532047.avi,Train,1,150,299,5000,9966
Train|2100532048.avi|0,2100532048.avi,Train,0,0,149,0,4966
Train|2100532048.avi|1,2100532048.avi,Train,1,150,299,5000,9966
Train|2100532050.avi|0,2100532050.avi,Train,0,0,149,0,4966
Train|2100532050.avi|1,2100532050.avi,Train,1,150,299,5000,9966
Train|2100532052.avi|0,2100532052.avi,Train,0,0,149,0,4966
Train|2100532052.avi|1,2100532052.avi,Train,1,150,299,5000,9966
Train|2100532053.avi|0,2100532053.avi,Train,0,0,149,0,4966
Train|2100532053.avi|1,2100532053.avi,Train,1,150,299,5000,9966
Train|2100532054.avi|0,2100532054.avi,Train,0,0,149,0,4966
Train|2100532054.avi|1,2100532054.avi,Train,1,150,299,5000,9966
Train|2100532055.avi|0,2100532055.avi,Train,0,0,149,0,4966
Train|2100532055.avi|1,2100532055.avi,Train,1,150,299,5000,9966
Train|2100532056.avi|0,2100532056.avi,Train,0,0,149,0,4966
Train|2100532056.avi|1,2100532056.avi,Train,1,150,299,5000,9966
Train|2100532057.avi|0,2100532057.avi,Train,0,0,149,0,4966
Train|2100532057.avi|1,2100532057.avi,Train,1,150,299,5000,9966
Train|2100532058.avi|0,2100532058.avi,Train,0,0,149,0,4966
Train|2100532058.avi|1,2100532058.avi,Train,1,150,299,5000,9966
Train|2100532059.avi|0,2100532059.avi,Train,0,0,149,0,4966
Train|2100532059.avi|1,2100532059.avi,Train,1,150,299,5000,9966
Train|2100532060.avi|0,2100532060.avi,Train,0,0,149,0,4966
Train|2100532060.avi|1,2100532060.avi,Train,1,150,299,5000,9966
Train|2100532061.avi|0,2100532061.avi,Train,0,0,149,0,4966
Train|2100532061.avi|1,2100532061.avi,Train,1,150,299,5000,9966
Train|2100532062.avi|0,2100532062.avi,Train,0,0,149,0,4966
Train|2100532062.avi|1,2100532062.avi,Train,1,150,299,5000,9966
Train|2100532063.avi|0,2100532063.avi,Train,0,0,149,0,4966
Train|2100532063.avi|1,2100532063.avi,Train,1,150,299,5000,9966
Train|2100532064.avi|0,2100532064.avi,Train,0,0,149,0,4966
Train|2100532064.avi|1,2100532064.avi,Train,1,150,299,5000,9966
Train|2100532066.avi|0,2100532066.avi,Train,0,0,149,0,4966
Train|2100532066.avi|1,2100532066.avi,Train,1,150,299,5000,9966
Train|2100532067.avi|0,2100532067.avi,Train,0,0,149,0,4966
Train|2100532067.avi|1,2100532067.avi,Train,1,150,299,5000,9966
Train|2100532068.avi|0,2100532068.avi,Train,0,0,149,0,4966
Train|2100532068.avi|1,2100532068.avi,Train,1,150,299,5000,9966
Train|2100532070.avi|0,2100532070.avi,Train,0,0,149,0,4966
Train|2100532070.avi|1,2100532070.avi,Train,1,150,299,5000,9966
Train|2100532071.avi|0,2100532071.avi,Train,0,0,149,0,4966
Train|2100532071.avi|1,2100532071.avi,Train,1,150,299,5000,9966
Train|2100532072.avi|0,2100532072.avi,Train,0,0,149,0,4966
Train|2100532072.avi|1,2100532072.avi,Train,1,150,299,5000,9966
Train|2100551002.avi|0,2100551002.avi,Train,0,0,149,0,4966
Train|2100551002.avi|1,2100551002.avi,Train,1,150,299,5000,9966
Train|2100551005.avi|0,2100551005.avi,Train,0,0,149,0,4966
Train|2100551005.avi|1,2100551005.avi,Train,1,150,299,5000,9966
Train|2100551006.avi|0,2100551006.avi,Train,0,0,149,0,4966
Train|2100551006.avi|1,2100551006.avi,Train,1,150,299,5000,9966
Train|2100551007.avi|0,2100551007.avi,Train,0,0,149,0,4966
Train|2100551007.avi|1,2100551007.avi,Train,1,150,299,5000,9966
Train|2100551010.avi|0,2100551010.avi,Train,0,0,149,0,4966
Train|2100551010.avi|1,2100551010.avi,Train,1,150,299,5000,9966
Train|2100551011.avi|0,2100551011.avi,Train,0,0,149,0,4966
Train|2100551011.avi|1,2100551011.avi,Train,1,150,299,5000,9966
Train|2100551013.avi|0,2100551013.avi,Train,0,0,149,0,4966
Train|2100551013.avi|1,2100551013.avi,Train,1,150,299,5000,9966
Train|2100551014.avi|0,2100551014.avi,Train,0,0,149,0,4966
Train|2100551014.avi|1,2100551014.avi,Train,1,150,299,5000,9966
Train|2100551015.avi|0,2100551015.avi,Train,0,0,149,0,4966
Train|2100551015.avi|1,2100551015.avi,Train,1,150,299,5000,9966
Train|2100551016.avi|0,2100551016.avi,Train,0,0,149,0,4966
Train|2100551016.avi|1,2100551016.avi,Train,1,150,299,5000,9966
Train|2100551017.avi|0,2100551017.avi,Train,0,0,149,0,4966
Train|2100551017.avi|1,2100551017.avi,Train,1,150,299,5000,9966
Train|2100551018.avi|0,2100551018.avi,Train,0,0,149,0,4966
Train|2100551018.avi|1,2100551018.avi,Train,1,150,299,5000,9966
Train|2100551019.avi|0,2100551019.avi,Train,0,0,149,0,4966
Train|2100551019.avi|1,2100551019.avi,Train,1,150,299,5000,9966
Train|2100551020.avi|0,2100551020.avi,Train,0,0,149,0,4966
Train|2100551020.avi|1,2100551020.avi,Train,1,150,299,5000,9966
Train|2100551021.avi|0,2100551021.avi,Train,0,0,149,0,4966
Train|2100551021.avi|1,2100551021.avi,Train,1,150,299,5000,9966
Train|2100551022.avi|0,2100551022.avi,Train,0,0,149,0,4966
Train|2100551022.avi|1,2100551022.avi,Train,1,150,299,5000,9966
Train|2100551023.avi|0,2100551023.avi,Train,0,0,149,0,4966
Train|2100551023.avi|1,2100551023.avi,Train,1,150,299,5000,9966
Train|2100551024.avi|0,2100551024.avi,Train,0,0,149,0,4966
Train|2100551024.avi|1,2100551024.avi,Train,1,150,299,5000,9966
Train|2100551025.avi|0,2100551025.avi,Train,0,0,149,0,4966
Train|2100551025.avi|1,2100551025.avi,Train,1,150,299,5000,9966
Train|2100551027.avi|0,2100551027.avi,Train,0,0,149,0,4966
Train|2100551027.avi|1,2100551027.avi,Train,1,150,299,5000,9966
Train|2100551028.avi|0,2100551028.avi,Train,0,0,149,0,4966
Train|2100551028.avi|1,2100551028.avi,Train,1,150,299,5000,9966
Train|2100551029.avi|0,2100551029.avi,Train,0,0,149,0,4966
Train|2100551029.avi|1,2100551029.avi,Train,1,150,299,5000,9966
Train|2100551032.avi|0,2100551032.avi,Train,0,0,149,0,4966
Train|2100551032.avi|1,2100551032.avi,Train,1,150,299,5000,9966
Train|2100551033.avi|0,2100551033.avi,Train,0,0,149,0,4966
Train|2100551033.avi|1,2100551033.avi,Train,1,150,299,5000,9966
Train|2100551034.avi|0,2100551034.avi,Train,0,0,149,0,4966
Train|2100551034.avi|1,2100551034.avi,Train,1,150,299,5000,9966
Train|2100551035.avi|0,2100551035.avi,Train,0,0,149,0,4966
Train|2100551035.avi|1,2100551035.avi,Train,1,150,299,5000,9966
Train|2100551036.avi|0,2100551036.avi,Train,0,0,149,0,4966
Train|2100551036.avi|1,2100551036.avi,Train,1,150,299,5000,9966
Train|2100551037.avi|0,2100551037.avi,Train,0,0,149,0,4966
Train|2100551037.avi|1,2100551037.avi,Train,1,150,299,5000,9966
Train|2100551039.avi|0,2100551039.avi,Train,0,0,149,0,4966
Train|2100551039.avi|1,2100551039.avi,Train,1,150,299,5000,9966
Train|2100551041.avi|0,2100551041.avi,Train,0,0,149,0,4966
Train|2100551041.avi|1,2100551041.avi,Train,1,150,299,5000,9966
Train|2100551042.avi|0,2100551042.avi,Train,0,0,149,0,4966
Train|2100551042.avi|1,2100551042.avi,Train,1,150,299,5000,9966
Train|2100551043.avi|0,2100551043.avi,Train,0,0,149,0,4966
Train|2100551043.avi|1,2100551043.avi,Train,1,150,299,5000,9966
Train|2100551044.avi|0,2100551044.avi,Train,0,0,149,0,4966
Train|2100551044.avi|1,2100551044.avi,Train,1,150,299,5000,9966
Train|2100551045.avi|0,2100551045.avi,Train,0,0,149,0,4966
Train|2100551045.avi|1,2100551045.avi,Train,1,150,299,5000,9966
Train|2100551046.avi|0,2100551046.avi,Train,0,0,149,0,4966
Train|2100551046.avi|1,2100551046.avi,Train,1,150,299,5000,9966
Train|2100551049.avi|0,2100551049.avi,Train,0,0,149,0,4966
Train|2100551049.avi|1,2100551049.avi,Train,1,150,299,5000,9966
Train|2100551050.avi|0,2100551050.avi,Train,0,0,149,0,4966
Train|2100551050.avi|1,2100551050.avi,Train,1,150,299,5000,9966
Train|2100551051.avi|0,2100551051.avi,Train,0,0,149,0,4966
Train|2100551051.avi|1,2100551051.avi,Train,1,150,299,5000,9966
Train|2100551052.avi|0,2100551052.avi,Train,0,0,149,0,4966
Train|2100551052.avi|1,2100551052.avi,Train,1,150,299,5000,9966
Train|2100551053.avi|0,2100551053.avi,Train,0,0,149,0,4966
Train|2100551053.avi|1,2100551053.avi,Train,1,150,299,5000,9966
Train|2100551054.avi|0,2100551054.avi,Train,0,0,149,0,4966
Train|2100551054.avi|1,2100551054.avi,Train,1,150,299,5000,9966
Train|2100551055.avi|0,2100551055.avi,Train,0,0,149,0,4966
Train|2100551055.avi|1,2100551055.avi,Train,1,150,299,5000,9966
Train|2100551056.avi|0,2100551056.avi,Train,0,0,149,0,4966
Train|2100551056.avi|1,2100551056.avi,Train,1,150,299,5000,9966
Train|2100551057.avi|0,2100551057.avi,Train,0,0,149,0,4966
Train|2100551057.avi|1,2100551057.avi,Train,1,150,299,5000,9966
Train|2100551059.avi|0,2100551059.avi,Train,0,0,149,0,4966
Train|2100551059.avi|1,2100551059.avi,Train,1,150,299,5000,9966
Train|2100551060.avi|0,2100551060.avi,Train,0,0,149,0,4966
Train|2100551060.avi|1,2100551060.avi,Train,1,150,299,5000,9966
Train|2100551061.avi|0,2100551061.avi,Train,0,0,149,0,4966
Train|2100551061.avi|1,2100551061.avi,Train,1,150,299,5000,9966
Train|2100551062.avi|0,2100551062.avi,Train,0,0,149,0,4966
Train|2100551062.avi|1,2100551062.avi,Train,1,150,299,5000,9966
Train|2100551063.avi|0,2100551063.avi,Train,0,0,149,0,4966
Train|2100551063.avi|1,2100551063.avi,Train,1,150,299,5000,9966
Train|2100551064.avi|0,2100551064.avi,Train,0,0,149,0,4966
Train|2100551064.avi|1,2100551064.avi,Train,1,150,299,5000,9966
Train|2100551065.avi|0,2100551065.avi,Train,0,0,149,0,4966
Train|2100551065.avi|1,2100551065.avi,Train,1,150,299,5000,9966
Train|2100551066.avi|0,2100551066.avi,Train,0,0,149,0,4966
Train|2100551066.avi|1,2100551066.avi,Train,1,150,299,5000,9966
Train|2100551067.avi|0,2100551067.avi,Train,0,0,149,0,4966
Train|2100551067.avi|1,2100551067.avi,Train,1,150,299,5000,9966
Train|2100551068.avi|0,2100551068.avi,Train,0,0,149,0,4966
Train|2100551068.avi|1,2100551068.avi,Train,1,150,299,5000,9966
Train|2100551069.avi|0,2100551069.avi,Train,0,0,149,0,4966
Train|2100551069.avi|1,2100551069.avi,Train,1,150,299,5000,9966
Train|2100551071.avi|0,2100551071.avi,Train,0,0,149,0,4966
Train|2100551071.avi|1,2100551071.avi,Train,1,150,299,5000,9966
Train|2100551072.avi|0,2100551072.avi,Train,0,0,149,0,4966
Train|2100551072.avi|1,2100551072.avi,Train,1,150,299,5000,9966
Train|2100551073.avi|0,2100551073.avi,Train,0,0,149,0,4966
Train|2100551073.avi|1,2100551073.avi,Train,1,150,299,5000,9966
Train|2100551074.avi|0,2100551074.avi,Train,0,0,149,0,4966
Train|2100551074.avi|1,2100551074.avi,Train,1,150,299,5000,9966
Train|2100551075.avi|0,2100551075.avi,Train,0,0,149,0,4966
Train|2100551075.avi|1,2100551075.avi,Train,1,150,299,5000,9966
Train|2100551076.avi|0,2100551076.avi,Train,0,0,149,0,4966
Train|2100551076.avi|1,2100551076.avi,Train,1,150,299,5000,9966
Train|2100551077.avi|0,2100551077.avi,Train,0,0,149,0,4966
Train|2100551077.avi|1,2100551077.avi,Train,1,150,299,5000,9966
Train|2100551079.avi|0,2100551079.avi,Train,0,0,149,0,4966
Train|2100551079.avi|1,2100551079.avi,Train,1,150,299,5000,9966
Train|2100551080.avi|0,2100551080.avi,Train,0,0,149,0,4966
Train|2100551080.avi|1,2100551080.avi,Train,1,150,299,5000,9966
Train|2100551081.avi|0,2100551081.avi,Train,0,0,149,0,4966
Train|2100551081.avi|1,2100551081.avi,Train,1,150,299,5000,9966
Train|2100552002.avi|0,2100552002.avi,Train,0,0,149,0,4966
Train|2100552002.avi|1,2100552002.avi,Train,1,150,299,5000,9966
Train|2100552003.avi|0,2100552003.avi,Train,0,0,149,0,4966
Train|2100552003.avi|1,2100552003.avi,Train,1,150,299,5000,9966
Train|2100552004.avi|0,2100552004.avi,Train,0,0,149,0,4966
Train|2100552004.avi|1,2100552004.avi,Train,1,150,299,5000,9966
Train|2100552005.avi|0,2100552005.avi,Train,0,0,149,0,4966
Train|2100552005.avi|1,2100552005.avi,Train,1,150,299,5000,9966
Train|2100552006.avi|0,2100552006.avi,Train,0,0,149,0,4966
Train|2100552006.avi|1,2100552006.avi,Train,1,150,299,5000,9966
Train|2100552007.avi|0,2100552007.avi,Train,0,0,149,0,4966
Train|2100552007.avi|1,2100552007.avi,Train,1,150,299,5000,9966
Train|2100552008.avi|0,2100552008.avi,Train,0,0,149,0,4966
Train|2100552008.avi|1,2100552008.avi,Train,1,150,299,5000,9966
Train|2100552009.avi|0,2100552009.avi,Train,0,0,149,0,4966
Train|2100552009.avi|1,2100552009.avi,Train,1,150,299,5000,9966
Train|2100552010.avi|0,2100552010.avi,Train,0,0,149,0,4966
Train|2100552010.avi|1,2100552010.avi,Train,1,150,299,5000,9966
Train|2100552011.avi|0,2100552011.avi,Train,0,0,149,0,4966
Train|2100552011.avi|1,2100552011.avi,Train,1,150,299,5000,9966
Train|2100552012.avi|0,2100552012.avi,Train,0,0,149,0,4966
Train|2100552012.avi|1,2100552012.avi,Train,1,150,299,5000,9966
Train|2100552013.avi|0,2100552013.avi,Train,0,0,149,0,4966
Train|2100552013.avi|1,2100552013.avi,Train,1,150,299,5000,9966
Train|2100552014.avi|0,2100552014.avi,Train,0,0,149,0,4966
Train|2100552014.avi|1,2100552014.avi,Train,1,150,299,5000,9966
Train|2100552015.avi|0,2100552015.avi,Train,0,0,149,0,4966
Train|2100552015.avi|1,2100552015.avi,Train,1,150,299,5000,9966
Train|2100552016.avi|0,2100552016.avi,Train,0,0,149,0,4966
Train|2100552016.avi|1,2100552016.avi,Train,1,150,299,5000,9966
Train|2100552017.avi|0,2100552017.avi,Train,0,0,149,0,4966
Train|2100552017.avi|1,2100552017.avi,Train,1,150,299,5000,9966
Train|2100552018.avi|0,2100552018.avi,Train,0,0,149,0,4966
Train|2100552018.avi|1,2100552018.avi,Train,1,150,299,5000,9966
Train|2100552019.avi|0,2100552019.avi,Train,0,0,149,0,4966
Train|2100552019.avi|1,2100552019.avi,Train,1,150,299,5000,9966
Train|2100552021.avi|0,2100552021.avi,Train,0,0,149,0,4966
Train|2100552021.avi|1,2100552021.avi,Train,1,150,299,5000,9966
Train|2100552022.avi|0,2100552022.avi,Train,0,0,149,0,4966
Train|2100552022.avi|1,2100552022.avi,Train,1,150,299,5000,9966
Train|2100552023.avi|0,2100552023.avi,Train,0,0,149,0,4966
Train|2100552023.avi|1,2100552023.avi,Train,1,150,299,5000,9966
Train|2100552024.avi|0,2100552024.avi,Train,0,0,149,0,4966
Train|2100552024.avi|1,2100552024.avi,Train,1,150,299,5000,9966
Train|2100552025.avi|0,2100552025.avi,Train,0,0,149,0,4966
Train|2100552025.avi|1,2100552025.avi,Train,1,150,299,5000,9966
Train|2100552027.avi|0,2100552027.avi,Train,0,0,149,0,4966
Train|2100552027.avi|1,2100552027.avi,Train,1,150,299,5000,9966
Train|2100552028.avi|0,2100552028.avi,Train,0,0,149,0,4966
Train|2100552028.avi|1,2100552028.avi,Train,1,150,299,5000,9966
Train|2100552029.avi|0,2100552029.avi,Train,0,0,149,0,4966
Train|2100552029.avi|1,2100552029.avi,Train,1,150,299,5000,9966
Train|2100552030.avi|0,2100552030.avi,Train,0,0,149,0,4966
Train|2100552030.avi|1,2100552030.avi,Train,1,150,299,5000,9966
Train|2100552031.avi|0,2100552031.avi,Train,0,0,149,0,4966
Train|2100552031.avi|1,2100552031.avi,Train,1,150,299,5000,9966
Train|2100552032.avi|0,2100552032.avi,Train,0,0,149,0,4966
Train|2100552032.avi|1,2100552032.avi,Train,1,150,299,5000,9966
Train|2100552033.avi|0,2100552033.avi,Train,0,0,149,0,4966
Train|2100552033.avi|1,2100552033.avi,Train,1,150,299,5000,9966
Train|2100552034.avi|0,2100552034.avi,Train,0,0,149,0,4966
Train|2100552034.avi|1,2100552034.avi,Train,1,150,299,5000,9966
Train|2100552035.avi|0,2100552035.avi,Train,0,0,149,0,4966
Train|2100552035.avi|1,2100552035.avi,Train,1,150,299,5000,9966
Train|2100552037.avi|0,2100552037.avi,Train,0,0,149,0,4966
Train|2100552037.avi|1,2100552037.avi,Train,1,150,299,5000,9966
Train|2100552038.avi|0,2100552038.avi,Train,0,0,149,0,4966
Train|2100552038.avi|1,2100552038.avi,Train,1,150,299,5000,9966
Train|2100552039.avi|0,2100552039.avi,Train,0,0,149,0,4966
Train|2100552039.avi|1,2100552039.avi,Train,1,150,299,5000,9966
Train|2100552041.avi|0,2100552041.avi,Train,0,0,149,0,4966
Train|2100552041.avi|1,2100552041.avi,Train,1,150,299,5000,9966
Train|2100552042.avi|0,2100552042.avi,Train,0,0,149,0,4966
Train|2100552042.avi|1,2100552042.avi,Train,1,150,299,5000,9966
Train|2100552043.avi|0,2100552043.avi,Train,0,0,149,0,4966
Train|2100552043.avi|1,2100552043.avi,Train,1,150,299,5000,9966
Train|2100552044.avi|0,2100552044.avi,Train,0,0,149,0,4966
Train|2100552044.avi|1,2100552044.avi,Train,1,150,299,5000,9966
Train|2100552045.avi|0,2100552045.avi,Train,0,0,149,0,4966
Train|2100552045.avi|1,2100552045.avi,Train,1,150,299,5000,9966
Train|2100552047.avi|0,2100552047.avi,Train,0,0,149,0,4966
Train|2100552047.avi|1,2100552047.avi,Train,1,150,299,5000,9966
Train|2100552048.avi|0,2100552048.avi,Train,0,0,149,0,4966
Train|2100552048.avi|1,2100552048.avi,Train,1,150,299,5000,9966
Train|2100552051.avi|0,2100552051.avi,Train,0,0,149,0,4966
Train|2100552051.avi|1,2100552051.avi,Train,1,150,299,5000,9966
Train|2100552052.avi|0,2100552052.avi,Train,0,0,149,0,4966
Train|2100552052.avi|1,2100552052.avi,Train,1,150,299,5000,9966
Train|2100552053.avi|0,2100552053.avi,Train,0,0,149,0,4966
Train|2100552053.avi|1,2100552053.avi,Train,1,150,299,5000,9966
Train|2100552055.avi|0,2100552055.avi,Train,0,0,149,0,4966
Train|2100552055.avi|1,2100552055.avi,Train,1,150,299,5000,9966
Train|2100552057.avi|0,2100552057.avi,Train,0,0,149,0,4966
Train|2100552057.avi|1,2100552057.avi,Train,1,150,299,5000,9966
Train|2100552059.avi|0,2100552059.avi,Train,0,0,149,0,4966
Train|2100552059.avi|1,2100552059.avi,Train,1,150,299,5000,9966
Train|2100552060.avi|0,2100552060.avi,Train,0,0,149,0,4966
Train|2100552060.avi|1,2100552060.avi,Train,1,150,299,5000,9966
Train|2100552061.avi|0,2100552061.avi,Train,0,0,149,0,4966
Train|2100552061.avi|1,2100552061.avi,Train,1,150,299,5000,9966
Train|2100552062.avi|0,2100552062.avi,Train,0,0,149,0,4966
Train|2100552062.avi|1,2100552062.avi,Train,1,150,299,5000,9966
Train|2100552063.avi|0,2100552063.avi,Train,0,0,149,0,4966
Train|2100552063.avi|1,2100552063.avi,Train,1,150,299,5000,9966
Train|2100552065.avi|0,2100552065.avi,Train,0,0,149,0,4966
Train|2100552065.avi|1,2100552065.avi,Train,1,150,299,5000,9966
Train|2100552066.avi|0,2100552066.avi,Train,0,0,149,0,4966
Train|2100552066.avi|1,2100552066.avi,Train,1,150,299,5000,9966
Train|2100552068.avi|0,2100552068.avi,Train,0,0,149,0,4966
Train|2100552068.avi|1,2100552068.avi,Train,1,150,299,5000,9966
Train|2100552072.avi|0,2100552072.avi,Train,0,0,149,0,4966
Train|2100552072.avi|1,2100552072.avi,Train,1,150,299,5000,9966
Train|2100561006.avi|0,2100561006.avi,Train,0,0,149,0,4966
Train|2100561006.avi|1,2100561006.avi,Train,1,150,299,5000,9966
Train|2100561010.avi|0,2100561010.avi,Train,0,0,149,0,4966
Train|2100561010.avi|1,2100561010.avi,Train,1,150,299,5000,9966
Train|2100561011.avi|0,2100561011.avi,Train,0,0,149,0,4966
Train|2100561011.avi|1,2100561011.avi,Train,1,150,299,5000,9966
Train|2100561013.avi|0,2100561013.avi,Train,0,0,149,0,4966
Train|2100561013.avi|1,2100561013.avi,Train,1,150,299,5000,9966
Train|2100561014.avi|0,2100561014.avi,Train,0,0,149,0,4966
Train|2100561014.avi|1,2100561014.avi,Train,1,150,299,5000,9966
Train|2100561015.avi|0,2100561015.avi,Train,0,0,149,0,4966
Train|2100561015.avi|1,2100561015.avi,Train,1,150,299,5000,9966
Train|2100561016.avi|0,2100561016.avi,Train,0,0,149,0,4966
Train|2100561016.avi|1,2100561016.avi,Train,1,150,299,5000,9966
Train|2100561018.avi|0,2100561018.avi,Train,0,0,149,0,4966
Train|2100561018.avi|1,2100561018.avi,Train,1,150,299,5000,9966
Train|2100561019.avi|0,2100561019.avi,Train,0,0,149,0,4966
Train|2100561019.avi|1,2100561019.avi,Train,1,150,299,5000,9966
Train|2100561020.avi|0,2100561020.avi,Train,0,0,149,0,4966
Train|2100561020.avi|1,2100561020.avi,Train,1,150,299,5000,9966
Train|2100561021.avi|0,2100561021.avi,Train,0,0,149,0,4966
Train|2100561021.avi|1,2100561021.avi,Train,1,150,299,5000,9966
Train|2100561022.avi|0,2100561022.avi,Train,0,0,149,0,4966
Train|2100561022.avi|1,2100561022.avi,Train,1,150,299,5000,9966
Train|2100561023.avi|0,2100561023.avi,Train,0,0,149,0,4966
Train|2100561023.avi|1,2100561023.avi,Train,1,150,299,5000,9966
Train|2100561024.avi|0,2100561024.avi,Train,0,0,149,0,4966
Train|2100561024.avi|1,2100561024.avi,Train,1,150,299,5000,9966
Train|2100561027.avi|0,2100561027.avi,Train,0,0,149,0,4966
Train|2100561027.avi|1,2100561027.avi,Train,1,150,299,5000,9966
Train|2100561029.avi|0,2100561029.avi,Train,0,0,149,0,4966
Train|2100561029.avi|1,2100561029.avi,Train,1,150,299,5000,9966
Train|2100561032.avi|0,2100561032.avi,Train,0,0,149,0,4966
Train|2100561032.avi|1,2100561032.avi,Train,1,150,299,5000,9966
Train|2100561038.avi|0,2100561038.avi,Train,0,0,149,0,4966
Train|2100561038.avi|1,2100561038.avi,Train,1,150,299,5000,9966
Train|2100561043.avi|0,2100561043.avi,Train,0,0,149,0,4966
Train|2100561043.avi|1,2100561043.avi,Train,1,150,299,5000,9966
Train|2100561044.avi|0,2100561044.avi,Train,0,0,149,0,4966
Train|2100561044.avi|1,2100561044.avi,Train,1,150,299,5000,9966
Train|2100561046.avi|0,2100561046.avi,Train,0,0,149,0,4966
Train|2100561046.avi|1,2100561046.avi,Train,1,150,299,5000,9966
Train|2100561051.avi|0,2100561051.avi,Train,0,0,149,0,4966
Train|2100561051.avi|1,2100561051.avi,Train,1,150,299,5000,9966
Train|2100561052.avi|0,2100561052.avi,Train,0,0,149,0,4966
Train|2100561052.avi|1,2100561052.avi,Train,1,150,299,5000,9966
Train|2100561053.avi|0,2100561053.avi,Train,0,0,149,0,4966
Train|2100561053.avi|1,2100561053.avi,Train,1,150,299,5000,9966
Train|2100561054.avi|0,2100561054.avi,Train,0,0,149,0,4966
Train|2100561054.avi|1,2100561054.avi,Train,1,150,299,5000,9966
Train|2100561056.avi|0,2100561056.avi,Train,0,0,149,0,4966
Train|2100561056.avi|1,2100561056.avi,Train,1,150,299,5000,9966
Train|2100561057.avi|0,2100561057.avi,Train,0,0,149,0,4966
Train|2100561057.avi|1,2100561057.avi,Train,1,150,299,5000,9966
Train|2100561058.avi|0,2100561058.avi,Train,0,0,149,0,4966
Train|2100561058.avi|1,2100561058.avi,Train,1,150,299,5000,9966
Train|2100561059.avi|0,2100561059.avi,Train,0,0,149,0,4966
Train|2100561059.avi|1,2100561059.avi,Train,1,150,299,5000,9966
Train|2100561062.avi|0,2100561062.avi,Train,0,0,149,0,4966
Train|2100561062.avi|1,2100561062.avi,Train,1,150,299,5000,9966
Train|2100561063.avi|0,2100561063.avi,Train,0,0,149,0,4966
Train|2100561063.avi|1,2100561063.avi,Train,1,150,299,5000,9966
Train|2100561064.avi|0,2100561064.avi,Train,0,0,149,0,4966
Train|2100561064.avi|1,2100561064.avi,Train,1,150,299,5000,9966
Train|2100561065.avi|0,2100561065.avi,Train,0,0,149,0,4966
Train|2100561065.avi|1,2100561065.avi,Train,1,150,299,5000,9966
Train|2100561070.avi|0,2100561070.avi,Train,0,0,149,0,4966
Train|2100561070.avi|1,2100561070.avi,Train,1,150,299,5000,9966
Train|2100561071.avi|0,2100561071.avi,Train,0,0,149,0,4966
Train|2100561071.avi|1,2100561071.avi,Train,1,150,299,5000,9966
Train|2100561074.avi|0,2100561074.avi,Train,0,0,149,0,4966
Train|2100561074.avi|1,2100561074.avi,Train,1,150,299,5000,9966
Train|2100561079.avi|0,2100561079.avi,Train,0,0,149,0,4966
Train|2100561079.avi|1,2100561079.avi,Train,1,150,299,5000,9966
Train|2100562001.avi|0,2100562001.avi,Train,0,0,149,0,4966
Train|2100562001.avi|1,2100562001.avi,Train,1,150,299,5000,9966
Train|2100562002.avi|0,2100562002.avi,Train,0,0,149,0,4966
Train|2100562002.avi|1,2100562002.avi,Train,1,150,299,5000,9966
Train|2100562003.avi|0,2100562003.avi,Train,0,0,149,0,4966
Train|2100562003.avi|1,2100562003.avi,Train,1,150,299,5000,9966
Train|2100562004.avi|0,2100562004.avi,Train,0,0,149,0,4966
Train|2100562004.avi|1,2100562004.avi,Train,1,150,299,5000,9966
Train|2100562005.avi|0,2100562005.avi,Train,0,0,149,0,4966
Train|2100562005.avi|1,2100562005.avi,Train,1,150,299,5000,9966
Train|2100562007.avi|0,2100562007.avi,Train,0,0,149,0,4966
Train|2100562007.avi|1,2100562007.avi,Train,1,150,299,5000,9966
Train|2100562008.avi|0,2100562008.avi,Train,0,0,149,0,4966
Train|2100562008.avi|1,2100562008.avi,Train,1,150,299,5000,9966
Train|2100562009.avi|0,2100562009.avi,Train,0,0,149,0,4966
Train|2100562009.avi|1,2100562009.avi,Train,1,150,299,5000,9966
Train|2100562010.avi|0,2100562010.avi,Train,0,0,149,0,4966
Train|2100562010.avi|1,2100562010.avi,Train,1,150,299,5000,9966
Train|2100562011.avi|0,2100562011.avi,Train,0,0,149,0,4966
Train|2100562011.avi|1,2100562011.avi,Train,1,150,299,5000,9966
Train|2100562012.avi|0,2100562012.avi,Train,0,0,149,0,4966
Train|2100562012.avi|1,2100562012.avi,Train,1,150,299,5000,9966
Train|2100562013.avi|0,2100562013.avi,Train,0,0,149,0,4966
Train|2100562013.avi|1,2100562013.avi,Train,1,150,299,5000,9966
Train|2100562014.avi|0,2100562014.avi,Train,0,0,149,0,4966
Train|2100562014.avi|1,2100562014.avi,Train,1,150,299,5000,9966
Train|2100562015.avi|0,2100562015.avi,Train,0,0,149,0,4966
Train|2100562015.avi|1,2100562015.avi,Train,1,150,299,5000,9966
Train|2100562017.avi|0,2100562017.avi,Train,0,0,149,0,4966
Train|2100562017.avi|1,2100562017.avi,Train,1,150,299,5000,9966
Train|2100562018.avi|0,2100562018.avi,Train,0,0,149,0,4966
Train|2100562018.avi|1,2100562018.avi,Train,1,150,299,5000,9966
Train|2100562019.avi|0,2100562019.avi,Train,0,0,149,0,4966
Train|2100562019.avi|1,2100562019.avi,Train,1,150,299,5000,9966
Train|2100562020.avi|0,2100562020.avi,Train,0,0,149,0,4966
Train|2100562020.avi|1,2100562020.avi,Train,1,150,299,5000,9966
Train|2100562024.avi|0,2100562024.avi,Train,0,0,149,0,4966
Train|2100562024.avi|1,2100562024.avi,Train,1,150,299,5000,9966
Train|2100562026.avi|0,2100562026.avi,Train,0,0,149,0,4966
Train|2100562026.avi|1,2100562026.avi,Train,1,150,299,5000,9966
Train|2100562027.avi|0,2100562027.avi,Train,0,0,149,0,4966
Train|2100562027.avi|1,2100562027.avi,Train,1,150,299,5000,9966
Train|2100562029.avi|0,2100562029.avi,Train,0,0,149,0,4966
Train|2100562029.avi|1,2100562029.avi,Train,1,150,299,5000,9966
Train|2100562030.avi|0,2100562030.avi,Train,0,0,149,0,4966
Train|2100562030.avi|1,2100562030.avi,Train,1,150,299,5000,9966
Train|2100562032.avi|0,2100562032.avi,Train,0,0,149,0,4966
Train|2100562032.avi|1,2100562032.avi,Train,1,150,299,5000,9966
Train|2100562033.avi|0,2100562033.avi,Train,0,0,149,0,4966
Train|2100562033.avi|1,2100562033.avi,Train,1,150,299,5000,9966
Train|2100562034.avi|0,2100562034.avi,Train,0,0,149,0,4966
Train|2100562034.avi|1,2100562034.avi,Train,1,150,299,5000,9966
Train|2100562035.avi|0,2100562035.avi,Train,0,0,149,0,4966
Train|2100562035.avi|1,2100562035.avi,Train,1,150,299,5000,9966
Train|2100562037.avi|0,2100562037.avi,Train,0,0,149,0,4966
Train|2100562037.avi|1,2100562037.avi,Train,1,150,299,5000,9966
Train|2100562038.avi|0,2100562038.avi,Train,0,0,149,0,4966
Train|2100562038.avi|1,2100562038.avi,Train,1,150,299,5000,9966
Train|2100562039.avi|0,2100562039.avi,Train,0,0,149,0,4966
Train|2100562039.avi|1,2100562039.avi,Train,1,150,299,5000,9966
Train|2100562040.avi|0,2100562040.avi,Train,0,0,149,0,4966
Train|2100562040.avi|1,2100562040.avi,Train,1,150,299,5000,9966
Train|2100562042.avi|0,2100562042.avi,Train,0,0,149,0,4966
Train|2100562042.avi|1,2100562042.avi,Train,1,150,299,5000,9966
Train|2100562043.avi|0,2100562043.avi,Train,0,0,149,0,4966
Train|2100562043.avi|1,2100562043.avi,Train,1,150,299,5000,9966
Train|2100562044.avi|0,2100562044.avi,Train,0,0,149,0,4966
Train|2100562044.avi|1,2100562044.avi,Train,1,150,299,5000,9966
Train|2100562046.avi|0,2100562046.avi,Train,0,0,149,0,4966
Train|2100562046.avi|1,2100562046.avi,Train,1,150,299,5000,9966
Train|2100562047.avi|0,2100562047.avi,Train,0,0,149,0,4966
Train|2100562047.avi|1,2100562047.avi,Train,1,150,299,5000,9966
Train|2100562048.avi|0,2100562048.avi,Train,0,0,149,0,4966
Train|2100562048.avi|1,2100562048.avi,Train,1,150,299,5000,9966
Train|2100562049.avi|0,2100562049.avi,Train,0,0,149,0,4966
Train|2100562049.avi|1,2100562049.avi,Train,1,150,299,5000,9966
Train|2100562050.avi|0,2100562050.avi,Train,0,0,149,0,4966
Train|2100562050.avi|1,2100562050.avi,Train,1,150,299,5000,9966
Train|2100562051.avi|0,2100562051.avi,Train,0,0,149,0,4966
Train|2100562051.avi|1,2100562051.avi,Train,1,150,299,5000,9966
Train|2100562053.avi|0,2100562053.avi,Train,0,0,149,0,4966
Train|2100562053.avi|1,2100562053.avi,Train,1,150,299,5000,9966
Train|2100562054.avi|0,2100562054.avi,Train,0,0,149,0,4966
Train|2100562054.avi|1,2100562054.avi,Train,1,150,299,5000,9966
Train|2100562055.avi|0,2100562055.avi,Train,0,0,149,0,4966
Train|2100562055.avi|1,2100562055.avi,Train,1,150,299,5000,9966
Train|2100562056.avi|0,2100562056.avi,Train,0,0,149,0,4966
Train|2100562056.avi|1,2100562056.avi,Train,1,150,299,5000,9966
Train|2100562058.avi|0,2100562058.avi,Train,0,0,149,0,4966
Train|2100562058.avi|1,2100562058.avi,Train,1,150,299,5000,9966
Train|2100562059.avi|0,2100562059.avi,Train,0,0,149,0,4966
Train|2100562059.avi|1,2100562059.avi,Train,1,150,299,5000,9966
Train|2100562060.avi|0,2100562060.avi,Train,0,0,149,0,4966
Train|2100562060.avi|1,2100562060.avi,Train,1,150,299,5000,9966
Train|2100562061.avi|0,2100562061.avi,Train,0,0,149,0,4966
Train|2100562061.avi|1,2100562061.avi,Train,1,150,299,5000,9966
Train|2100571001.avi|0,2100571001.avi,Train,0,0,149,0,4966
Train|2100571001.avi|1,2100571001.avi,Train,1,150,299,5000,9966
Train|2100571002.avi|0,2100571002.avi,Train,0,0,149,0,4966
Train|2100571002.avi|1,2100571002.avi,Train,1,150,299,5000,9966
Train|2100571004.avi|0,2100571004.avi,Train,0,0,149,0,4966
Train|2100571004.avi|1,2100571004.avi,Train,1,150,299,5000,9966
Train|2100571007.avi|0,2100571007.avi,Train,0,0,149,0,4966
Train|2100571007.avi|1,2100571007.avi,Train,1,150,299,5000,9966
Train|2100571008.avi|0,2100571008.avi,Train,0,0,149,0,4966
Train|2100571008.avi|1,2100571008.avi,Train,1,150,299,5000,9966
Train|2100571009.avi|0,2100571009.avi,Train,0,0,149,0,4966
Train|2100571009.avi|1,2100571009.avi,Train,1,150,299,5000,9966
Train|2100571011.avi|0,2100571011.avi,Train,0,0,149,0,4966
Train|2100571011.avi|1,2100571011.avi,Train,1,150,299,5000,9966
Train|2100571012.avi|0,2100571012.avi,Train,0,0,149,0,4966
Train|2100571012.avi|1,2100571012.avi,Train,1,150,299,5000,9966
Train|2100571013.avi|0,2100571013.avi,Train,0,0,149,0,4966
Train|2100571013.avi|1,2100571013.avi,Train,1,150,299,5000,9966
Train|2100571015.avi|0,2100571015.avi,Train,0,0,149,0,4966
Train|2100571015.avi|1,2100571015.avi,Train,1,150,299,5000,9966
Train|2100571017.avi|0,2100571017.avi,Train,0,0,149,0,4966
Train|2100571017.avi|1,2100571017.avi,Train,1,150,299,5000,9966
Train|2100571018.avi|0,2100571018.avi,Train,0,0,149,0,4966
Train|2100571018.avi|1,2100571018.avi,Train,1,150,299,5000,9966
Train|2100571019.avi|0,2100571019.avi,Train,0,0,149,0,4966
Train|2100571019.avi|1,2100571019.avi,Train,1,150,299,5000,9966
Train|2100571020.avi|0,2100571020.avi,Train,0,0,149,0,4966
Train|2100571020.avi|1,2100571020.avi,Train,1,150,299,5000,9966
Train|2100571021.avi|0,2100571021.avi,Train,0,0,149,0,4966
Train|2100571021.avi|1,2100571021.avi,Train,1,150,299,5000,9966
Train|2100571022.avi|0,2100571022.avi,Train,0,0,149,0,4966
Train|2100571022.avi|1,2100571022.avi,Train,1,150,299,5000,9966
Train|2100571023.avi|0,2100571023.avi,Train,0,0,149,0,4966
Train|2100571023.avi|1,2100571023.avi,Train,1,150,299,5000,9966
Train|2100571024.avi|0,2100571024.avi,Train,0,0,149,0,4966
Train|2100571024.avi|1,2100571024.avi,Train,1,150,299,5000,9966
Train|2100571025.avi|0,2100571025.avi,Train,0,0,149,0,4966
Train|2100571025.avi|1,2100571025.avi,Train,1,150,299,5000,9966
Train|2100571027.avi|0,2100571027.avi,Train,0,0,149,0,4966
Train|2100571027.avi|1,2100571027.avi,Train,1,150,299,5000,9966
Train|2100571029.avi|0,2100571029.avi,Train,0,0,149,0,4966
Train|2100571029.avi|1,2100571029.avi,Train,1,150,299,5000,9966
Train|2100571030.avi|0,2100571030.avi,Train,0,0,149,0,4966
Train|2100571030.avi|1,2100571030.avi,Train,1,150,299,5000,9966
Train|2100571031.avi|0,2100571031.avi,Train,0,0,149,0,4966
Train|2100571031.avi|1,2100571031.avi,Train,1,150,299,5000,9966
Train|2100571033.avi|0,2100571033.avi,Train,0,0,149,0,4966
Train|2100571033.avi|1,2100571033.avi,Train,1,150,299,5000,9966
Train|2100571034.avi|0,2100571034.avi,Train,0,0,149,0,4966
Train|2100571034.avi|1,2100571034.avi,Train,1,150,299,5000,9966
Train|2100571036.avi|0,2100571036.avi,Train,0,0,149,0,4966
Train|2100571036.avi|1,2100571036.avi,Train,1,150,299,5000,9966
Train|2100571038.avi|0,2100571038.avi,Train,0,0,149,0,4966
Train|2100571038.avi|1,2100571038.avi,Train,1,150,299,5000,9966
Train|2100571039.avi|0,2100571039.avi,Train,0,0,149,0,4966
Train|2100571039.avi|1,2100571039.avi,Train,1,150,299,5000,9966
Train|2100571040.avi|0,2100571040.avi,Train,0,0,149,0,4966
Train|2100571040.avi|1,2100571040.avi,Train,1,150,299,5000,9966
Train|2100571041.avi|0,2100571041.avi,Train,0,0,149,0,4966
Train|2100571041.avi|1,2100571041.avi,Train,1,150,299,5000,9966
Train|2100571042.avi|0,2100571042.avi,Train,0,0,149,0,4966
Train|2100571042.avi|1,2100571042.avi,Train,1,150,299,5000,9966
Train|2100571044.avi|0,2100571044.avi,Train,0,0,149,0,4966
Train|2100571044.avi|1,2100571044.avi,Train,1,150,299,5000,9966
Train|2100571045.avi|0,2100571045.avi,Train,0,0,149,0,4966
Train|2100571045.avi|1,2100571045.avi,Train,1,150,299,5000,9966
Train|2100571046.avi|0,2100571046.avi,Train,0,0,149,0,4966
Train|2100571046.avi|1,2100571046.avi,Train,1,150,299,5000,9966
Train|2100571047.avi|0,2100571047.avi,Train,0,0,149,0,4966
Train|2100571047.avi|1,2100571047.avi,Train,1,150,299,5000,9966
Train|2100571048.avi|0,2100571048.avi,Train,0,0,149,0,4966
Train|2100571048.avi|1,2100571048.avi,Train,1,150,299,5000,9966
Train|2100571049.avi|0,2100571049.avi,Train,0,0,149,0,4966
Train|2100571049.avi|1,2100571049.avi,Train,1,150,299,5000,9966
Train|2100571050.avi|0,2100571050.avi,Train,0,0,149,0,4966
Train|2100571050.avi|1,2100571050.avi,Train,1,150,299,5000,9966
Train|2100571051.avi|0,2100571051.avi,Train,0,0,149,0,4966
Train|2100571051.avi|1,2100571051.avi,Train,1,150,299,5000,9966
Train|2100571052.avi|0,2100571052.avi,Train,0,0,149,0,4966
Train|2100571052.avi|1,2100571052.avi,Train,1,150,299,5000,9966
Train|2100571053.avi|0,2100571053.avi,Train,0,0,149,0,4966
Train|2100571053.avi|1,2100571053.avi,Train,1,150,299,5000,9966
Train|2100571055.avi|0,2100571055.avi,Train,0,0,149,0,4966
Train|2100571055.avi|1,2100571055.avi,Train,1,150,299,5000,9966
Train|2100571056.avi|0,2100571056.avi,Train,0,0,149,0,4966
Train|2100571056.avi|1,2100571056.avi,Train,1,150,299,5000,9966
Train|2100571057.avi|0,2100571057.avi,Train,0,0,149,0,4966
Train|2100571057.avi|1,2100571057.avi,Train,1,150,299,5000,9966
Train|2100571058.avi|0,2100571058.avi,Train,0,0,149,0,4966
Train|2100571058.avi|1,2100571058.avi,Train,1,150,299,5000,9966
Train|2100571061.avi|0,2100571061.avi,Train,0,0,149,0,4966
Train|2100571061.avi|1,2100571061.avi,Train,1,150,299,5000,9966
Train|2100571062.avi|0,2100571062.avi,Train,0,0,149,0,4966
Train|2100571062.avi|1,2100571062.avi,Train,1,150,299,5000,9966
Train|2100571063.avi|0,2100571063.avi,Train,0,0,149,0,4966
Train|2100571063.avi|1,2100571063.avi,Train,1,150,299,5000,9966
Train|2100571064.avi|0,2100571064.avi,Train,0,0,149,0,4966
Train|2100571064.avi|1,2100571064.avi,Train,1,150,299,5000,9966
Train|2100571065.avi|0,2100571065.avi,Train,0,0,149,0,4966
Train|2100571065.avi|1,2100571065.avi,Train,1,150,299,5000,9966
Train|2100571066.avi|0,2100571066.avi,Train,0,0,149,0,4966
Train|2100571066.avi|1,2100571066.avi,Train,1,150,299,5000,9966
Train|2100571067.avi|0,2100571067.avi,Train,0,0,149,0,4966
Train|2100571067.avi|1,2100571067.avi,Train,1,150,299,5000,9966
Train|2100571068.avi|0,2100571068.avi,Train,0,0,149,0,4966
Train|2100571068.avi|1,2100571068.avi,Train,1,150,299,5000,9966
Train|2100571069.avi|0,2100571069.avi,Train,0,0,149,0,4966
Train|2100571069.avi|1,2100571069.avi,Train,1,150,299,5000,9966
Train|2100571070.avi|0,2100571070.avi,Train,0,0,149,0,4966
Train|2100571070.avi|1,2100571070.avi,Train,1,150,299,5000,9966
Train|2100571072.avi|0,2100571072.avi,Train,0,0,149,0,4966
Train|2100571072.avi|1,2100571072.avi,Train,1,150,299,5000,9966
Train|2100571073.avi|0,2100571073.avi,Train,0,0,149,0,4966
Train|2100571073.avi|1,2100571073.avi,Train,1,150,299,5000,9966
Train|2100571074.avi|0,2100571074.avi,Train,0,0,149,0,4966
Train|2100571074.avi|1,2100571074.avi,Train,1,150,299,5000,9966
Train|2100571075.avi|0,2100571075.avi,Train,0,0,149,0,4966
Train|2100571075.avi|1,2100571075.avi,Train,1,150,299,5000,9966
Train|2100571077.avi|0,2100571077.avi,Train,0,0,149,0,4966
Train|2100571077.avi|1,2100571077.avi,Train,1,150,299,5000,9966
Train|2100571078.avi|0,2100571078.avi,Train,0,0,149,0,4966
Train|2100571078.avi|1,2100571078.avi,Train,1,150,299,5000,9966
Train|2100571079.avi|0,2100571079.avi,Train,0,0,149,0,4966
Train|2100571079.avi|1,2100571079.avi,Train,1,150,299,5000,9966
Train|2100571081.avi|0,2100571081.avi,Train,0,0,149,0,4966
Train|2100571081.avi|1,2100571081.avi,Train,1,150,299,5000,9966
Train|2100571082.avi|0,2100571082.avi,Train,0,0,149,0,4966
Train|2100571082.avi|1,2100571082.avi,Train,1,150,299,5000,9966
Train|2100572001.avi|0,2100572001.avi,Train,0,0,149,0,4966
Train|2100572001.avi|1,2100572001.avi,Train,1,150,299,5000,9966
Train|2100572002.avi|0,2100572002.avi,Train,0,0,149,0,4966
Train|2100572002.avi|1,2100572002.avi,Train,1,150,299,5000,9966
Train|2100572004.avi|0,2100572004.avi,Train,0,0,149,0,4966
Train|2100572004.avi|1,2100572004.avi,Train,1,150,299,5000,9966
Train|2100572006.avi|0,2100572006.avi,Train,0,0,149,0,4966
Train|2100572006.avi|1,2100572006.avi,Train,1,150,299,5000,9966
Train|2100572009.avi|0,2100572009.avi,Train,0,0,149,0,4966
Train|2100572009.avi|1,2100572009.avi,Train,1,150,299,5000,9966
Train|2100572010.avi|0,2100572010.avi,Train,0,0,149,0,4966
Train|2100572010.avi|1,2100572010.avi,Train,1,150,299,5000,9966
Train|2100572011.avi|0,2100572011.avi,Train,0,0,149,0,4966
Train|2100572011.avi|1,2100572011.avi,Train,1,150,299,5000,9966
Train|2100572012.avi|0,2100572012.avi,Train,0,0,149,0,4966
Train|2100572012.avi|1,2100572012.avi,Train,1,150,299,5000,9966
Train|2100572013.avi|0,2100572013.avi,Train,0,0,149,0,4966
Train|2100572013.avi|1,2100572013.avi,Train,1,150,299,5000,9966
Train|2100572015.avi|0,2100572015.avi,Train,0,0,149,0,4966
Train|2100572015.avi|1,2100572015.avi,Train,1,150,299,5000,9966
Train|2100572017.avi|0,2100572017.avi,Train,0,0,149,0,4966
Train|2100572017.avi|1,2100572017.avi,Train,1,150,299,5000,9966
Train|2100572018.avi|0,2100572018.avi,Train,0,0,149,0,4966
Train|2100572018.avi|1,2100572018.avi,Train,1,150,299,5000,9966
Train|2100572019.avi|0,2100572019.avi,Train,0,0,149,0,4966
Train|2100572019.avi|1,2100572019.avi,Train,1,150,299,5000,9966
Train|2100572020.avi|0,2100572020.avi,Train,0,0,149,0,4966
Train|2100572020.avi|1,2100572020.avi,Train,1,150,299,5000,9966
Train|2100572021.avi|0,2100572021.avi,Train,0,0,149,0,4966
Train|2100572021.avi|1,2100572021.avi,Train,1,150,299,5000,9966
Train|2100572023.avi|0,2100572023.avi,Train,0,0,149,0,4966
Train|2100572023.avi|1,2100572023.avi,Train,1,150,299,5000,9966
Train|2100572024.avi|0,2100572024.avi,Train,0,0,149,0,4966
Train|2100572024.avi|1,2100572024.avi,Train,1,150,299,5000,9966
Train|2100572025.avi|0,2100572025.avi,Train,0,0,149,0,4966
Train|2100572025.avi|1,2100572025.avi,Train,1,150,299,5000,9966
Train|2100572026.avi|0,2100572026.avi,Train,0,0,149,0,4966
Train|2100572026.avi|1,2100572026.avi,Train,1,150,299,5000,9966
Train|2100572027.avi|0,2100572027.avi,Train,0,0,149,0,4966
Train|2100572027.avi|1,2100572027.avi,Train,1,150,299,5000,9966
Train|2100572028.avi|0,2100572028.avi,Train,0,0,149,0,4966
Train|2100572028.avi|1,2100572028.avi,Train,1,150,299,5000,9966
Train|2100572029.avi|0,2100572029.avi,Train,0,0,149,0,4966
Train|2100572029.avi|1,2100572029.avi,Train,1,150,299,5000,9966
Train|2100572030.avi|0,2100572030.avi,Train,0,0,149,0,4966
Train|2100572030.avi|1,2100572030.avi,Train,1,150,299,5000,9966
Train|2100572032.avi|0,2100572032.avi,Train,0,0,149,0,4966
Train|2100572032.avi|1,2100572032.avi,Train,1,150,299,5000,9966
Train|2100572033.avi|0,2100572033.avi,Train,0,0,149,0,4966
Train|2100572033.avi|1,2100572033.avi,Train,1,150,299,5000,9966
Train|2100572034.avi|0,2100572034.avi,Train,0,0,149,0,4966
Train|2100572034.avi|1,2100572034.avi,Train,1,150,299,5000,9966
Train|2100572036.avi|0,2100572036.avi,Train,0,0,149,0,4966
Train|2100572036.avi|1,2100572036.avi,Train,1,150,299,5000,9966
Train|2100572038.avi|0,2100572038.avi,Train,0,0,149,0,4966
Train|2100572038.avi|1,2100572038.avi,Train,1,150,299,5000,9966
Train|2100572039.avi|0,2100572039.avi,Train,0,0,149,0,4966
Train|2100572039.avi|1,2100572039.avi,Train,1,150,299,5000,9966
Train|2100572040.avi|0,2100572040.avi,Train,0,0,149,0,4966
Train|2100572040.avi|1,2100572040.avi,Train,1,150,299,5000,9966
Train|2100572041.avi|0,2100572041.avi,Train,0,0,149,0,4966
Train|2100572041.avi|1,2100572041.avi,Train,1,150,299,5000,9966
Train|2100572042.avi|0,2100572042.avi,Train,0,0,149,0,4966
Train|2100572042.avi|1,2100572042.avi,Train,1,150,299,5000,9966
Train|2100572043.avi|0,2100572043.avi,Train,0,0,149,0,4966
Train|2100572043.avi|1,2100572043.avi,Train,1,150,299,5000,9966
Train|2100572044.avi|0,2100572044.avi,Train,0,0,149,0,4966
Train|2100572044.avi|1,2100572044.avi,Train,1,150,299,5000,9966
Train|2100572045.avi|0,2100572045.avi,Train,0,0,149,0,4966
Train|2100572045.avi|1,2100572045.avi,Train,1,150,299,5000,9966
Train|2100572046.avi|0,2100572046.avi,Train,0,0,149,0,4966
Train|2100572046.avi|1,2100572046.avi,Train,1,150,299,5000,9966
Train|2100572047.avi|0,2100572047.avi,Train,0,0,149,0,4966
Train|2100572047.avi|1,2100572047.avi,Train,1,150,299,5000,9966
Train|2100572048.avi|0,2100572048.avi,Train,0,0,149,0,4966
Train|2100572048.avi|1,2100572048.avi,Train,1,150,299,5000,9966
Train|2100572050.avi|0,2100572050.avi,Train,0,0,149,0,4966
Train|2100572050.avi|1,2100572050.avi,Train,1,150,299,5000,9966
Train|2100572051.avi|0,2100572051.avi,Train,0,0,149,0,4966
Train|2100572051.avi|1,2100572051.avi,Train,1,150,299,5000,9966
Train|2100572054.avi|0,2100572054.avi,Train,0,0,149,0,4966
Train|2100572054.avi|1,2100572054.avi,Train,1,150,299,5000,9966
Train|2100572055.avi|0,2100572055.avi,Train,0,0,149,0,4966
Train|2100572055.avi|1,2100572055.avi,Train,1,150,299,5000,9966
Train|2100572056.avi|0,2100572056.avi,Train,0,0,149,0,4966
Train|2100572056.avi|1,2100572056.avi,Train,1,150,299,5000,9966
Train|2100572057.avi|0,2100572057.avi,Train,0,0,149,0,4966
Train|2100572057.avi|1,2100572057.avi,Train,1,150,299,5000,9966
Train|2100572058.avi|0,2100572058.avi,Train,0,0,149,0,4966
Train|2100572058.avi|1,2100572058.avi,Train,1,150,299,5000,9966
Train|2100572059.avi|0,2100572059.avi,Train,0,0,149,0,4966
Train|2100572059.avi|1,2100572059.avi,Train,1,150,299,5000,9966
Train|2100572060.avi|0,2100572060.avi,Train,0,0,149,0,4966
Train|2100572060.avi|1,2100572060.avi,Train,1,150,299,5000,9966
Train|2100572061.avi|0,2100572061.avi,Train,0,0,149,0,4966
Train|2100572061.avi|1,2100572061.avi,Train,1,150,299,5000,9966
Train|2100572062.avi|0,2100572062.avi,Train,0,0,149,0,4966
Train|2100572062.avi|1,2100572062.avi,Train,1,150,299,5000,9966
Train|2100572063.avi|0,2100572063.avi,Train,0,0,149,0,4966
Train|2100572063.avi|1,2100572063.avi,Train,1,150,299,5000,9966
Train|2100572064.avi|0,2100572064.avi,Train,0,0,149,0,4966
Train|2100572064.avi|1,2100572064.avi,Train,1,150,299,5000,9966
Train|2100572067.avi|0,2100572067.avi,Train,0,0,149,0,4966
Train|2100572067.avi|1,2100572067.avi,Train,1,150,299,5000,9966
Train|2100572068.avi|0,2100572068.avi,Train,0,0,149,0,4966
Train|2100572068.avi|1,2100572068.avi,Train,1,150,299,5000,9966
Train|2100572069.avi|0,2100572069.avi,Train,0,0,149,0,4966
Train|2100572069.avi|1,2100572069.avi,Train,1,150,299,5000,9966
Train|2100581001.avi|0,2100581001.avi,Train,0,0,149,0,4966
Train|2100581001.avi|1,2100581001.avi,Train,1,150,299,5000,9966
Train|2100581002.avi|0,2100581002.avi,Train,0,0,149,0,4966
Train|2100581002.avi|1,2100581002.avi,Train,1,150,299,5000,9966
Train|2100581003.avi|0,2100581003.avi,Train,0,0,149,0,4966
Train|2100581003.avi|1,2100581003.avi,Train,1,150,299,5000,9966
Train|2100581004.avi|0,2100581004.avi,Train,0,0,149,0,4966
Train|2100581004.avi|1,2100581004.avi,Train,1,150,299,5000,9966
Train|2100581005.avi|0,2100581005.avi,Train,0,0,149,0,4966
Train|2100581005.avi|1,2100581005.avi,Train,1,150,299,5000,9966
Train|2100581006.avi|0,2100581006.avi,Train,0,0,149,0,4966
Train|2100581006.avi|1,2100581006.avi,Train,1,150,299,5000,9966
Train|2100581007.avi|0,2100581007.avi,Train,0,0,149,0,4966
Train|2100581007.avi|1,2100581007.avi,Train,1,150,299,5000,9966
Train|2100581009.avi|0,2100581009.avi,Train,0,0,149,0,4966
Train|2100581009.avi|1,2100581009.avi,Train,1,150,299,5000,9966
Train|2100581010.avi|0,2100581010.avi,Train,0,0,149,0,4966
Train|2100581010.avi|1,2100581010.avi,Train,1,150,299,5000,9966
Train|2100581011.avi|0,2100581011.avi,Train,0,0,149,0,4966
Train|2100581011.avi|1,2100581011.avi,Train,1,150,299,5000,9966
Train|2100581012.avi|0,2100581012.avi,Train,0,0,149,0,4966
Train|2100581012.avi|1,2100581012.avi,Train,1,150,299,5000,9966
Train|2100581013.avi|0,2100581013.avi,Train,0,0,149,0,4966
Train|2100581013.avi|1,2100581013.avi,Train,1,150,299,5000,9966
Train|2100581014.avi|0,2100581014.avi,Train,0,0,149,0,4966
Train|2100581014.avi|1,2100581014.avi,Train,1,150,299,5000,9966
Train|2100581015.avi|0,2100581015.avi,Train,0,0,149,0,4966
Train|2100581015.avi|1,2100581015.avi,Train,1,150,299,5000,9966
Train|2100581018.avi|0,2100581018.avi,Train,0,0,149,0,4966
Train|2100581018.avi|1,2100581018.avi,Train,1,150,299,5000,9966
Train|2100581019.avi|0,2100581019.avi,Train,0,0,149,0,4966
Train|2100581019.avi|1,2100581019.avi,Train,1,150,299,5000,9966
Train|2100581021.avi|0,2100581021.avi,Train,0,0,149,0,4966
Train|2100581021.avi|1,2100581021.avi,Train,1,150,299,5000,9966
Train|2100581022.avi|0,2100581022.avi,Train,0,0,149,0,4966
Train|2100581022.avi|1,2100581022.avi,Train,1,150,299,5000,9966
Train|2100581024.avi|0,2100581024.avi,Train,0,0,149,0,4966
Train|2100581024.avi|1,2100581024.avi,Train,1,150,299,5000,9966
Train|2100581025.avi|0,2100581025.avi,Train,0,0,149,0,4966
Train|2100581025.avi|1,2100581025.avi,Train,1,150,299,5000,9966
Train|2100581026.avi|0,2100581026.avi,Train,0,0,149,0,4966
Train|2100581026.avi|1,2100581026.avi,Train,1,150,299,5000,9966
Train|2100581027.avi|0,2100581027.avi,Train,0,0,149,0,4966
Train|2100581027.avi|1,2100581027.avi,Train,1,150,299,5000,9966
Train|2100581028.avi|0,2100581028.avi,Train,0,0,149,0,4966
Train|2100581028.avi|1,2100581028.avi,Train,1,150,299,5000,9966
Train|2100581029.avi|0,2100581029.avi,Train,0,0,149,0,4966
Train|2100581029.avi|1,2100581029.avi,Train,1,150,299,5000,9966
Train|2100581030.avi|0,2100581030.avi,Train,0,0,149,0,4966
Train|2100581030.avi|1,2100581030.avi,Train,1,150,299,5000,9966
Train|2100581034.avi|0,2100581034.avi,Train,0,0,149,0,4966
Train|2100581034.avi|1,2100581034.avi,Train,1,150,299,5000,9966
Train|2100581035.avi|0,2100581035.avi,Train,0,0,149,0,4966
Train|2100581035.avi|1,2100581035.avi,Train,1,150,299,5000,9966
Train|2100581036.avi|0,2100581036.avi,Train,0,0,149,0,4966
Train|2100581036.avi|1,2100581036.avi,Train,1,150,299,5000,9966
Train|2100581037.avi|0,2100581037.avi,Train,0,0,149,0,4966
Train|2100581037.avi|1,2100581037.avi,Train,1,150,299,5000,9966
Train|2100581038.avi|0,2100581038.avi,Train,0,0,149,0,4966
Train|2100581038.avi|1,2100581038.avi,Train,1,150,299,5000,9966
Train|2100581039.avi|0,2100581039.avi,Train,0,0,149,0,4966
Train|2100581039.avi|1,2100581039.avi,Train,1,150,299,5000,9966
Train|2100581040.avi|0,2100581040.avi,Train,0,0,149,0,4966
Train|2100581040.avi|1,2100581040.avi,Train,1,150,299,5000,9966
Train|2100581041.avi|0,2100581041.avi,Train,0,0,149,0,4966
Train|2100581041.avi|1,2100581041.avi,Train,1,150,299,5000,9966
Train|2100581042.avi|0,2100581042.avi,Train,0,0,149,0,4966
Train|2100581042.avi|1,2100581042.avi,Train,1,150,299,5000,9966
Train|2100581044.avi|0,2100581044.avi,Train,0,0,149,0,4966
Train|2100581044.avi|1,2100581044.avi,Train,1,150,299,5000,9966
Train|2100581045.avi|0,2100581045.avi,Train,0,0,149,0,4966
Train|2100581045.avi|1,2100581045.avi,Train,1,150,299,5000,9966
Train|2100581051.avi|0,2100581051.avi,Train,0,0,149,0,4966
Train|2100581051.avi|1,2100581051.avi,Train,1,150,299,5000,9966
Train|2100581054.avi|0,2100581054.avi,Train,0,0,149,0,4966
Train|2100581054.avi|1,2100581054.avi,Train,1,150,299,5000,9966
Train|2100581056.avi|0,2100581056.avi,Train,0,0,149,0,4966
Train|2100581056.avi|1,2100581056.avi,Train,1,150,299,5000,9966
Train|2100581057.avi|0,2100581057.avi,Train,0,0,149,0,4966
Train|2100581057.avi|1,2100581057.avi,Train,1,150,299,5000,9966
Train|2100581058.avi|0,2100581058.avi,Train,0,0,149,0,4966
Train|2100581058.avi|1,2100581058.avi,Train,1,150,299,5000,9966
Train|2100581059.avi|0,2100581059.avi,Train,0,0,149,0,4966
Train|2100581059.avi|1,2100581059.avi,Train,1,150,299,5000,9966
Train|2100581061.avi|0,2100581061.avi,Train,0,0,149,0,4966
Train|2100581061.avi|1,2100581061.avi,Train,1,150,299,5000,9966
Train|2100581062.avi|0,2100581062.avi,Train,0,0,149,0,4966
Train|2100581062.avi|1,2100581062.avi,Train,1,150,299,5000,9966
Train|2100581064.avi|0,2100581064.avi,Train,0,0,149,0,4966
Train|2100581064.avi|1,2100581064.avi,Train,1,150,299,5000,9966
Train|2100581066.avi|0,2100581066.avi,Train,0,0,149,0,4966
Train|2100581066.avi|1,2100581066.avi,Train,1,150,299,5000,9966
Train|2100581067.avi|0,2100581067.avi,Train,0,0,149,0,4966
Train|2100581067.avi|1,2100581067.avi,Train,1,150,299,5000,9966
Train|2100581068.avi|0,2100581068.avi,Train,0,0,149,0,4966
Train|2100581068.avi|1,2100581068.avi,Train,1,150,299,5000,9966
Train|2100581069.avi|0,2100581069.avi,Train,0,0,149,0,4966
Train|2100581069.avi|1,2100581069.avi,Train,1,150,299,5000,9966
Train|2100581070.avi|0,2100581070.avi,Train,0,0,149,0,4966
Train|2100581070.avi|1,2100581070.avi,Train,1,150,299,5000,9966
Train|2100581071.avi|0,2100581071.avi,Train,0,0,149,0,4966
Train|2100581071.avi|1,2100581071.avi,Train,1,150,299,5000,9966
Train|2100581072.avi|0,2100581072.avi,Train,0,0,149,0,4966
Train|2100581072.avi|1,2100581072.avi,Train,1,150,299,5000,9966
Train|2100581073.avi|0,2100581073.avi,Train,0,0,149,0,4966
Train|2100581073.avi|1,2100581073.avi,Train,1,150,299,5000,9966
Train|2100581074.avi|0,2100581074.avi,Train,0,0,149,0,4966
Train|2100581074.avi|1,2100581074.avi,Train,1,150,299,5000,9966
Train|2100581075.avi|0,2100581075.avi,Train,0,0,149,0,4966
Train|2100581075.avi|1,2100581075.avi,Train,1,150,299,5000,9966
Train|2100581076.avi|0,2100581076.avi,Train,0,0,149,0,4966
Train|2100581076.avi|1,2100581076.avi,Train,1,150,299,5000,9966
Train|2100581077.avi|0,2100581077.avi,Train,0,0,149,0,4966
Train|2100581077.avi|1,2100581077.avi,Train,1,150,299,5000,9966
Train|2100582001.avi|0,2100582001.avi,Train,0,0,149,0,4966
Train|2100582001.avi|1,2100582001.avi,Train,1,150,299,5000,9966
Train|2100582002.avi|0,2100582002.avi,Train,0,0,149,0,4966
Train|2100582002.avi|1,2100582002.avi,Train,1,150,299,5000,9966
Train|2100582003.avi|0,2100582003.avi,Train,0,0,149,0,4966
Train|2100582003.avi|1,2100582003.avi,Train,1,150,299,5000,9966
Train|2100582004.avi|0,2100582004.avi,Train,0,0,149,0,4966
Train|2100582004.avi|1,2100582004.avi,Train,1,150,299,5000,9966
Train|2100582005.avi|0,2100582005.avi,Train,0,0,149,0,4966
Train|2100582005.avi|1,2100582005.avi,Train,1,150,299,5000,9966
Train|2100582006.avi|0,2100582006.avi,Train,0,0,149,0,4966
Train|2100582006.avi|1,2100582006.avi,Train,1,150,299,5000,9966
Train|2100582008.avi|0,2100582008.avi,Train,0,0,149,0,4966
Train|2100582008.avi|1,2100582008.avi,Train,1,150,299,5000,9966
Train|2100582009.avi|0,2100582009.avi,Train,0,0,149,0,4966
Train|2100582009.avi|1,2100582009.avi,Train,1,150,299,5000,9966
Train|2100582012.avi|0,2100582012.avi,Train,0,0,149,0,4966
Train|2100582012.avi|1,2100582012.avi,Train,1,150,299,5000,9966
Train|2100582013.avi|0,2100582013.avi,Train,0,0,149,0,4966
Train|2100582013.avi|1,2100582013.avi,Train,1,150,299,5000,9966
Train|2100582015.avi|0,2100582015.avi,Train,0,0,149,0,4966
Train|2100582015.avi|1,2100582015.avi,Train,1,150,299,5000,9966
Train|2100582017.avi|0,2100582017.avi,Train,0,0,149,0,4966
Train|2100582017.avi|1,2100582017.avi,Train,1,150,299,5000,9966
Train|2100582019.avi|0,2100582019.avi,Train,0,0,149,0,4966
Train|2100582019.avi|1,2100582019.avi,Train,1,150,299,5000,9966
Train|2100582020.avi|0,2100582020.avi,Train,0,0,149,0,4966
Train|2100582020.avi|1,2100582020.avi,Train,1,150,299,5000,9966
Train|2100582021.avi|0,2100582021.avi,Train,0,0,149,0,4966
Train|2100582021.avi|1,2100582021.avi,Train,1,150,299,5000,9966
Train|2100582023.avi|0,2100582023.avi,Train,0,0,149,0,4966
Train|2100582023.avi|1,2100582023.avi,Train,1,150,299,5000,9966
Train|2100582024.avi|0,2100582024.avi,Train,0,0,149,0,4966
Train|2100582024.avi|1,2100582024.avi,Train,1,150,299,5000,9966
Train|2100582025.avi|0,2100582025.avi,Train,0,0,149,0,4966
Train|2100582025.avi|1,2100582025.avi,Train,1,150,299,5000,9966
Train|2100582026.avi|0,2100582026.avi,Train,0,0,149,0,4966
Train|2100582026.avi|1,2100582026.avi,Train,1,150,299,5000,9966
Train|2100582027.avi|0,2100582027.avi,Train,0,0,149,0,4966
Train|2100582027.avi|1,2100582027.avi,Train,1,150,299,5000,9966
Train|2100582028.avi|0,2100582028.avi,Train,0,0,149,0,4966
Train|2100582028.avi|1,2100582028.avi,Train,1,150,299,5000,9966
Train|2100582038.avi|0,2100582038.avi,Train,0,0,149,0,4966
Train|2100582038.avi|1,2100582038.avi,Train,1,150,299,5000,9966
Train|2100582043.avi|0,2100582043.avi,Train,0,0,149,0,4966
Train|2100582043.avi|1,2100582043.avi,Train,1,150,299,5000,9966
Train|2100582044.avi|0,2100582044.avi,Train,0,0,149,0,4966
Train|2100582044.avi|1,2100582044.avi,Train,1,150,299,5000,9966
Train|2100582045.avi|0,2100582045.avi,Train,0,0,149,0,4966
Train|2100582045.avi|1,2100582045.avi,Train,1,150,299,5000,9966
Train|2100582046.avi|0,2100582046.avi,Train,0,0,149,0,4966
Train|2100582046.avi|1,2100582046.avi,Train,1,150,299,5000,9966
Train|2100582048.avi|0,2100582048.avi,Train,0,0,149,0,4966
Train|2100582048.avi|1,2100582048.avi,Train,1,150,299,5000,9966
Train|2100582050.avi|0,2100582050.avi,Train,0,0,149,0,4966
Train|2100582050.avi|1,2100582050.avi,Train,1,150,299,5000,9966
Train|2100582051.avi|0,2100582051.avi,Train,0,0,149,0,4966
Train|2100582051.avi|1,2100582051.avi,Train,1,150,299,5000,9966
Train|2100582052.avi|0,2100582052.avi,Train,0,0,149,0,4966
Train|2100582052.avi|1,2100582052.avi,Train,1,150,299,5000,9966
Train|2100582053.avi|0,2100582053.avi,Train,0,0,149,0,4966
Train|2100582053.avi|1,2100582053.avi,Train,1,150,299,5000,9966
Train|2100582054.avi|0,2100582054.avi,Train,0,0,149,0,4966
Train|2100582054.avi|1,2100582054.avi,Train,1,150,299,5000,9966
Train|2100582055.avi|0,2100582055.avi,Train,0,0,149,0,4966
Train|2100582055.avi|1,2100582055.avi,Train,1,150,299,5000,9966
Train|2100582056.avi|0,2100582056.avi,Train,0,0,149,0,4966
Train|2100582056.avi|1,2100582056.avi,Train,1,150,299,5000,9966
Train|2100582057.avi|0,2100582057.avi,Train,0,0,149,0,4966
Train|2100582057.avi|1,2100582057.avi,Train,1,150,299,5000,9966
Train|2100582058.avi|0,2100582058.avi,Train,0,0,149,0,4966
Train|2100582058.avi|1,2100582058.avi,Train,1,150,299,5000,9966
Train|2100582060.avi|0,2100582060.avi,Train,0,0,149,0,4966
Train|2100582060.avi|1,2100582060.avi,Train,1,150,299,5000,9966
Train|2100582061.avi|0,2100582061.avi,Train,0,0,149,0,4966
Train|2100582061.avi|1,2100582061.avi,Train,1,150,299,5000,9966
Train|2100582062.avi|0,2100582062.avi,Train,0,0,149,0,4966
Train|2100582062.avi|1,2100582062.avi,Train,1,150,299,5000,9966
Train|2100582064.avi|0,2100582064.avi,Train,0,0,149,0,4966
Train|2100582064.avi|1,2100582064.avi,Train,1,150,299,5000,9966
Train|2100582067.avi|0,2100582067.avi,Train,0,0,149,0,4966
Train|2100582067.avi|1,2100582067.avi,Train,1,150,299,5000,9966
Train|2100582069.avi|0,2100582069.avi,Train,0,0,149,0,4966
Train|2100582069.avi|1,2100582069.avi,Train,1,150,299,5000,9966
Train|2100591002.avi|0,2100591002.avi,Train,0,0,149,0,4966
Train|2100591002.avi|1,2100591002.avi,Train,1,150,299,5000,9966
Train|2100591003.avi|0,2100591003.avi,Train,0,0,149,0,4966
Train|2100591003.avi|1,2100591003.avi,Train,1,150,299,5000,9966
Train|2100591004.avi|0,2100591004.avi,Train,0,0,149,0,4966
Train|2100591004.avi|1,2100591004.avi,Train,1,150,299,5000,9966
Train|2100591005.avi|0,2100591005.avi,Train,0,0,149,0,4966
Train|2100591005.avi|1,2100591005.avi,Train,1,150,299,5000,9966
Train|2100591006.avi|0,2100591006.avi,Train,0,0,149,0,4966
Train|2100591006.avi|1,2100591006.avi,Train,1,150,299,5000,9966
Train|2100591007.avi|0,2100591007.avi,Train,0,0,149,0,4966
Train|2100591007.avi|1,2100591007.avi,Train,1,150,299,5000,9966
Train|2100591008.avi|0,2100591008.avi,Train,0,0,149,0,4966
Train|2100591008.avi|1,2100591008.avi,Train,1,150,299,5000,9966
Train|2100591010.avi|0,2100591010.avi,Train,0,0,149,0,4966
Train|2100591010.avi|1,2100591010.avi,Train,1,150,299,5000,9966
Train|2100591013.avi|0,2100591013.avi,Train,0,0,149,0,4966
Train|2100591013.avi|1,2100591013.avi,Train,1,150,299,5000,9966
Train|2100591015.avi|0,2100591015.avi,Train,0,0,149,0,4966
Train|2100591015.avi|1,2100591015.avi,Train,1,150,299,5000,9966
Train|2100591016.avi|0,2100591016.avi,Train,0,0,149,0,4966
Train|2100591016.avi|1,2100591016.avi,Train,1,150,299,5000,9966
Train|2100591017.avi|0,2100591017.avi,Train,0,0,149,0,4966
Train|2100591017.avi|1,2100591017.avi,Train,1,150,299,5000,9966
Train|2100591019.avi|0,2100591019.avi,Train,0,0,149,0,4966
Train|2100591019.avi|1,2100591019.avi,Train,1,150,299,5000,9966
Train|2100591020.avi|0,2100591020.avi,Train,0,0,149,0,4966
Train|2100591020.avi|1,2100591020.avi,Train,1,150,299,5000,9966
Train|2100591021.avi|0,2100591021.avi,Train,0,0,149,0,4966
Train|2100591021.avi|1,2100591021.avi,Train,1,150,299,5000,9966
Train|2100591022.avi|0,2100591022.avi,Train,0,0,149,0,4966
Train|2100591022.avi|1,2100591022.avi,Train,1,150,299,5000,9966
Train|2100591023.avi|0,2100591023.avi,Train,0,0,149,0,4966
Train|2100591023.avi|1,2100591023.avi,Train,1,150,299,5000,9966
Train|2100591025.avi|0,2100591025.avi,Train,0,0,149,0,4966
Train|2100591025.avi|1,2100591025.avi,Train,1,150,299,5000,9966
Train|2100591026.avi|0,2100591026.avi,Train,0,0,149,0,4966
Train|2100591026.avi|1,2100591026.avi,Train,1,150,299,5000,9966
Train|2100591027.avi|0,2100591027.avi,Train,0,0,149,0,4966
Train|2100591027.avi|1,2100591027.avi,Train,1,150,299,5000,9966
Train|2100591028.avi|0,2100591028.avi,Train,0,0,149,0,4966
Train|2100591028.avi|1,2100591028.avi,Train,1,150,299,5000,9966
Train|2100591030.avi|0,2100591030.avi,Train,0,0,149,0,4966
Train|2100591030.avi|1,2100591030.avi,Train,1,150,299,5000,9966
Train|2100591034.avi|0,2100591034.avi,Train,0,0,149,0,4966
Train|2100591034.avi|1,2100591034.avi,Train,1,150,299,5000,9966
Train|2100591035.avi|0,2100591035.avi,Train,0,0,149,0,4966
Train|2100591035.avi|1,2100591035.avi,Train,1,150,299,5000,9966
Train|2100591036.avi|0,2100591036.avi,Train,0,0,149,0,4966
Train|2100591036.avi|1,2100591036.avi,Train,1,150,299,5000,9966
Train|2100591037.avi|0,2100591037.avi,Train,0,0,149,0,4966
Train|2100591037.avi|1,2100591037.avi,Train,1,150,299,5000,9966
Train|2100591038.avi|0,2100591038.avi,Train,0,0,149,0,4966
Train|2100591038.avi|1,2100591038.avi,Train,1,150,299,5000,9966
Train|2100591039.avi|0,2100591039.avi,Train,0,0,149,0,4966
Train|2100591039.avi|1,2100591039.avi,Train,1,150,299,5000,9966
Train|2100591040.avi|0,2100591040.avi,Train,0,0,149,0,4966
Train|2100591040.avi|1,2100591040.avi,Train,1,150,299,5000,9966
Train|2100591041.avi|0,2100591041.avi,Train,0,0,149,0,4966
Train|2100591041.avi|1,2100591041.avi,Train,1,150,299,5000,9966
Train|2100591042.avi|0,2100591042.avi,Train,0,0,149,0,4966
Train|2100591042.avi|1,2100591042.avi,Train,1,150,299,5000,9966
Train|2100591043.avi|0,2100591043.avi,Train,0,0,149,0,4966
Train|2100591043.avi|1,2100591043.avi,Train,1,150,299,5000,9966
Train|2100591044.avi|0,2100591044.avi,Train,0,0,149,0,4966
Train|2100591044.avi|1,2100591044.avi,Train,1,150,299,5000,9966
Train|2100591045.avi|0,2100591045.avi,Train,0,0,149,0,4966
Train|2100591045.avi|1,2100591045.avi,Train,1,150,299,5000,9966
Train|2100591046.avi|0,2100591046.avi,Train,0,0,149,0,4966
Train|2100591046.avi|1,2100591046.avi,Train,1,150,299,5000,9966
Train|2100591047.avi|0,2100591047.avi,Train,0,0,149,0,4966
Train|2100591047.avi|1,2100591047.avi,Train,1,150,299,5000,9966
Train|2100591048.avi|0,2100591048.avi,Train,0,0,149,0,4966
Train|2100591048.avi|1,2100591048.avi,Train,1,150,299,5000,9966
Train|2100591049.avi|0,2100591049.avi,Train,0,0,149,0,4966
Train|2100591049.avi|1,2100591049.avi,Train,1,150,299,5000,9966
Train|2100591050.avi|0,2100591050.avi,Train,0,0,149,0,4966
Train|2100591050.avi|1,2100591050.avi,Train,1,150,299,5000,9966
Train|2100591053.avi|0,2100591053.avi,Train,0,0,149,0,4966
Train|2100591053.avi|1,2100591053.avi,Train,1,150,299,5000,9966
Train|2100591054.avi|0,2100591054.avi,Train,0,0,149,0,4966
Train|2100591054.avi|1,2100591054.avi,Train,1,150,299,5000,9966
Train|2100591055.avi|0,2100591055.avi,Train,0,0,149,0,4966
Train|2100591055.avi|1,2100591055.avi,Train,1,150,299,5000,9966
Train|2100591056.avi|0,2100591056.avi,Train,0,0,149,0,4966
Train|2100591056.avi|1,2100591056.avi,Train,1,150,299,5000,9966
Train|2100591057.avi|0,2100591057.avi,Train,0,0,149,0,4966
Train|2100591057.avi|1,2100591057.avi,Train,1,150,299,5000,9966
Train|2100591059.avi|0,2100591059.avi,Train,0,0,149,0,4966
Train|2100591059.avi|1,2100591059.avi,Train,1,150,299,5000,9966
Train|2100591060.avi|0,2100591060.avi,Train,0,0,149,0,4966
Train|2100591060.avi|1,2100591060.avi,Train,1,150,299,5000,9966
Train|2100591061.avi|0,2100591061.avi,Train,0,0,149,0,4966
Train|2100591061.avi|1,2100591061.avi,Train,1,150,299,5000,9966
Train|2100591062.avi|0,2100591062.avi,Train,0,0,149,0,4966
Train|2100591062.avi|1,2100591062.avi,Train,1,150,299,5000,9966
Train|2100591064.avi|0,2100591064.avi,Train,0,0,149,0,4966
Train|2100591064.avi|1,2100591064.avi,Train,1,150,299,5000,9966
Train|2100591065.avi|0,2100591065.avi,Train,0,0,149,0,4966
Train|2100591065.avi|1,2100591065.avi,Train,1,150,299,5000,9966
Train|2100591066.avi|0,2100591066.avi,Train,0,0,149,0,4966
Train|2100591066.avi|1,2100591066.avi,Train,1,150,299,5000,9966
Train|2100591067.avi|0,2100591067.avi,Train,0,0,149,0,4966
Train|2100591067.avi|1,2100591067.avi,Train,1,150,299,5000,9966
Train|2100591068.avi|0,2100591068.avi,Train,0,0,149,0,4966
Train|2100591068.avi|1,2100591068.avi,Train,1,150,299,5000,9966
Train|2100591069.avi|0,2100591069.avi,Train,0,0,149,0,4966
Train|2100591069.avi|1,2100591069.avi,Train,1,150,299,5000,9966
Train|2100591070.avi|0,2100591070.avi,Train,0,0,149,0,4966
Train|2100591070.avi|1,2100591070.avi,Train,1,150,299,5000,9966
Train|2100591072.avi|0,2100591072.avi,Train,0,0,149,0,4966
Train|2100591072.avi|1,2100591072.avi,Train,1,150,299,5000,9966
Train|2100591073.avi|0,2100591073.avi,Train,0,0,149,0,4966
Train|2100591073.avi|1,2100591073.avi,Train,1,150,299,5000,9966
Train|2100591074.avi|0,2100591074.avi,Train,0,0,149,0,4966
Train|2100591074.avi|1,2100591074.avi,Train,1,150,299,5000,9966
Train|2100591075.avi|0,2100591075.avi,Train,0,0,149,0,4966
Train|2100591075.avi|1,2100591075.avi,Train,1,150,299,5000,9966
Train|2100591076.avi|0,2100591076.avi,Train,0,0,149,0,4966
Train|2100591076.avi|1,2100591076.avi,Train,1,150,299,5000,9966
Train|2100591077.avi|0,2100591077.avi,Train,0,0,149,0,4966
Train|2100591077.avi|1,2100591077.avi,Train,1,150,299,5000,9966
Train|2100591078.avi|0,2100591078.avi,Train,0,0,149,0,4966
Train|2100591078.avi|1,2100591078.avi,Train,1,150,299,5000,9966
Train|2100591080.avi|0,2100591080.avi,Train,0,0,149,0,4966
Train|2100591080.avi|1,2100591080.avi,Train,1,150,299,5000,9966
Train|2100591081.avi|0,2100591081.avi,Train,0,0,149,0,4966
Train|2100591081.avi|1,2100591081.avi,Train,1,150,299,5000,9966
Train|2100591082.avi|0,2100591082.avi,Train,0,0,149,0,4966
Train|2100591082.avi|1,2100591082.avi,Train,1,150,299,5000,9966
Train|2100592002.avi|0,2100592002.avi,Train,0,0,149,0,4966
Train|2100592002.avi|1,2100592002.avi,Train,1,150,299,5000,9966
Train|2100592003.avi|0,2100592003.avi,Train,0,0,149,0,4966
Train|2100592003.avi|1,2100592003.avi,Train,1,150,299,5000,9966
Train|2100592004.avi|0,2100592004.avi,Train,0,0,149,0,4966
Train|2100592004.avi|1,2100592004.avi,Train,1,150,299,5000,9966
Train|2100592005.avi|0,2100592005.avi,Train,0,0,149,0,4966
Train|2100592005.avi|1,2100592005.avi,Train,1,150,299,5000,9966
Train|2100592007.avi|0,2100592007.avi,Train,0,0,149,0,4966
Train|2100592007.avi|1,2100592007.avi,Train,1,150,299,5000,9966
Train|2100592009.avi|0,2100592009.avi,Train,0,0,149,0,4966
Train|2100592009.avi|1,2100592009.avi,Train,1,150,299,5000,9966
Train|2100592010.avi|0,2100592010.avi,Train,0,0,149,0,4966
Train|2100592010.avi|1,2100592010.avi,Train,1,150,299,5000,9966
Train|2100592011.avi|0,2100592011.avi,Train,0,0,149,0,4966
Train|2100592011.avi|1,2100592011.avi,Train,1,150,299,5000,9966
Train|2100592012.avi|0,2100592012.avi,Train,0,0,149,0,4966
Train|2100592012.avi|1,2100592012.avi,Train,1,150,299,5000,9966
Train|2100592013.avi|0,2100592013.avi,Train,0,0,149,0,4966
Train|2100592013.avi|1,2100592013.avi,Train,1,150,299,5000,9966
Train|2100592014.avi|0,2100592014.avi,Train,0,0,149,0,4966
Train|2100592014.avi|1,2100592014.avi,Train,1,150,299,5000,9966
Train|2100592015.avi|0,2100592015.avi,Train,0,0,149,0,4966
Train|2100592015.avi|1,2100592015.avi,Train,1,150,299,5000,9966
Train|2100592016.avi|0,2100592016.avi,Train,0,0,149,0,4966
Train|2100592016.avi|1,2100592016.avi,Train,1,150,299,5000,9966
Train|2100592017.avi|0,2100592017.avi,Train,0,0,149,0,4966
Train|2100592017.avi|1,2100592017.avi,Train,1,150,299,5000,9966
Train|2100592018.avi|0,2100592018.avi,Train,0,0,149,0,4966
Train|2100592018.avi|1,2100592018.avi,Train,1,150,299,5000,9966
Train|2100592019.avi|0,2100592019.avi,Train,0,0,149,0,4966
Train|2100592019.avi|1,2100592019.avi,Train,1,150,299,5000,9966
Train|2100592020.avi|0,2100592020.avi,Train,0,0,149,0,4966
Train|2100592020.avi|1,2100592020.avi,Train,1,150,299,5000,9966
Train|2100592021.avi|0,2100592021.avi,Train,0,0,149,0,4966
Train|2100592021.avi|1,2100592021.avi,Train,1,150,299,5000,9966
Train|2100592022.avi|0,2100592022.avi,Train,0,0,149,0,4966
Train|2100592022.avi|1,2100592022.avi,Train,1,150,299,5000,9966
Train|2100592023.avi|0,2100592023.avi,Train,0,0,149,0,4966
Train|2100592023.avi|1,2100592023.avi,Train,1,150,299,5000,9966
Train|2100592024.avi|0,2100592024.avi,Train,0,0,149,0,4966
Train|2100592024.avi|1,2100592024.avi,Train,1,150,299,5000,9966
Train|2100592025.avi|0,2100592025.avi,Train,0,0,149,0,4966
Train|2100592025.avi|1,2100592025.avi,Train,1,150,299,5000,9966
Train|2100592026.avi|0,2100592026.avi,Train,0,0,149,0,4966
Train|2100592026.avi|1,2100592026.avi,Train,1,150,299,5000,9966
Train|2100592027.avi|0,2100592027.avi,Train,0,0,149,0,4966
Train|2100592027.avi|1,2100592027.avi,Train,1,150,299,5000,9966
Train|2100592028.avi|0,2100592028.avi,Train,0,0,149,0,4966
Train|2100592028.avi|1,2100592028.avi,Train,1,150,299,5000,9966
Train|2100592029.avi|0,2100592029.avi,Train,0,0,149,0,4966
Train|2100592029.avi|1,2100592029.avi,Train,1,150,299,5000,9966
Train|2100592030.avi|0,2100592030.avi,Train,0,0,149,0,4966
Train|2100592030.avi|1,2100592030.avi,Train,1,150,299,5000,9966
Train|2100592032.avi|0,2100592032.avi,Train,0,0,149,0,4966
Train|2100592032.avi|1,2100592032.avi,Train,1,150,299,5000,9966
Train|2100592033.avi|0,2100592033.avi,Train,0,0,149,0,4966
Train|2100592033.avi|1,2100592033.avi,Train,1,150,299,5000,9966
Train|2100592034.avi|0,2100592034.avi,Train,0,0,149,0,4966
Train|2100592034.avi|1,2100592034.avi,Train,1,150,299,5000,9966
Train|2100592035.avi|0,2100592035.avi,Train,0,0,149,0,4966
Train|2100592035.avi|1,2100592035.avi,Train,1,150,299,5000,9966
Train|2100592036.avi|0,2100592036.avi,Train,0,0,149,0,4966
Train|2100592036.avi|1,2100592036.avi,Train,1,150,299,5000,9966
Train|2100592038.avi|0,2100592038.avi,Train,0,0,149,0,4966
Train|2100592038.avi|1,2100592038.avi,Train,1,150,299,5000,9966
Train|2100592040.avi|0,2100592040.avi,Train,0,0,149,0,4966
Train|2100592040.avi|1,2100592040.avi,Train,1,150,299,5000,9966
Train|2100592041.avi|0,2100592041.avi,Train,0,0,149,0,4966
Train|2100592041.avi|1,2100592041.avi,Train,1,150,299,5000,9966
Train|2100592042.avi|0,2100592042.avi,Train,0,0,149,0,4966
Train|2100592042.avi|1,2100592042.avi,Train,1,150,299,5000,9966
Train|2100592043.avi|0,2100592043.avi,Train,0,0,149,0,4966
Train|2100592043.avi|1,2100592043.avi,Train,1,150,299,5000,9966
Train|2100592044.avi|0,2100592044.avi,Train,0,0,149,0,4966
Train|2100592044.avi|1,2100592044.avi,Train,1,150,299,5000,9966
Train|2100592046.avi|0,2100592046.avi,Train,0,0,149,0,4966
Train|2100592046.avi|1,2100592046.avi,Train,1,150,299,5000,9966
Train|2100592047.avi|0,2100592047.avi,Train,0,0,149,0,4966
Train|2100592047.avi|1,2100592047.avi,Train,1,150,299,5000,9966
Train|2100592048.avi|0,2100592048.avi,Train,0,0,149,0,4966
Train|2100592048.avi|1,2100592048.avi,Train,1,150,299,5000,9966
Train|2100592049.avi|0,2100592049.avi,Train,0,0,149,0,4966
Train|2100592049.avi|1,2100592049.avi,Train,1,150,299,5000,9966
Train|2100592052.avi|0,2100592052.avi,Train,0,0,149,0,4966
Train|2100592052.avi|1,2100592052.avi,Train,1,150,299,5000,9966
Train|2100592053.avi|0,2100592053.avi,Train,0,0,149,0,4966
Train|2100592053.avi|1,2100592053.avi,Train,1,150,299,5000,9966
Train|2100592054.avi|0,2100592054.avi,Train,0,0,149,0,4966
Train|2100592054.avi|1,2100592054.avi,Train,1,150,299,5000,9966
Train|2100592056.avi|0,2100592056.avi,Train,0,0,149,0,4966
Train|2100592056.avi|1,2100592056.avi,Train,1,150,299,5000,9966
Train|2100592057.avi|0,2100592057.avi,Train,0,0,149,0,4966
Train|2100592057.avi|1,2100592057.avi,Train,1,150,299,5000,9966
Train|2100592058.avi|0,2100592058.avi,Train,0,0,149,0,4966
Train|2100592058.avi|1,2100592058.avi,Train,1,150,299,5000,9966
Train|2100592059.avi|0,2100592059.avi,Train,0,0,149,0,4966
Train|2100592059.avi|1,2100592059.avi,Train,1,150,299,5000,9966
Train|2100592060.avi|0,2100592060.avi,Train,0,0,149,0,4966
Train|2100592060.avi|1,2100592060.avi,Train,1,150,299,5000,9966
Train|2100592064.avi|0,2100592064.avi,Train,0,0,149,0,4966
Train|2100592064.avi|1,2100592064.avi,Train,1,150,299,5000,9966
Train|2100592065.avi|0,2100592065.avi,Train,0,0,149,0,4966
Train|2100592065.avi|1,2100592065.avi,Train,1,150,299,5000,9966
Train|2100592066.avi|0,2100592066.avi,Train,0,0,149,0,4966
Train|2100592066.avi|1,2100592066.avi,Train,1,150,299,5000,9966
Train|2100592067.avi|0,2100592067.avi,Train,0,0,149,0,4966
Train|2100592067.avi|1,2100592067.avi,Train,1,150,299,5000,9966
Train|2100592068.avi|0,2100592068.avi,Train,0,0,149,0,4966
Train|2100592068.avi|1,2100592068.avi,Train,1,150,299,5000,9966
Train|2100592069.avi|0,2100592069.avi,Train,0,0,149,0,4966
Train|2100592069.avi|1,2100592069.avi,Train,1,150,299,5000,9966
Train|2100592070.avi|0,2100592070.avi,Train,0,0,149,0,4966
Train|2100592070.avi|1,2100592070.avi,Train,1,150,299,5000,9966
Train|2100592071.avi|0,2100592071.avi,Train,0,0,149,0,4966
Train|2100592071.avi|1,2100592071.avi,Train,1,150,299,5000,9966
Train|2100592072.avi|0,2100592072.avi,Train,0,0,149,0,4966
Train|2100592072.avi|1,2100592072.avi,Train,1,150,299,5000,9966
Train|2100601001.avi|0,2100601001.avi,Train,0,0,149,0,4966
Train|2100601001.avi|1,2100601001.avi,Train,1,150,299,5000,9966
Train|2100601002.avi|0,2100601002.avi,Train,0,0,149,0,4966
Train|2100601002.avi|1,2100601002.avi,Train,1,150,299,5000,9966
Train|2100601004.avi|0,2100601004.avi,Train,0,0,149,0,4966
Train|2100601004.avi|1,2100601004.avi,Train,1,150,299,5000,9966
Train|2100601005.avi|0,2100601005.avi,Train,0,0,149,0,4966
Train|2100601005.avi|1,2100601005.avi,Train,1,150,299,5000,9966
Train|2100601006.avi|0,2100601006.avi,Train,0,0,149,0,4966
Train|2100601006.avi|1,2100601006.avi,Train,1,150,299,5000,9966
Train|2100601007.avi|0,2100601007.avi,Train,0,0,149,0,4966
Train|2100601007.avi|1,2100601007.avi,Train,1,150,299,5000,9966
Train|2100601008.avi|0,2100601008.avi,Train,0,0,149,0,4966
Train|2100601008.avi|1,2100601008.avi,Train,1,150,299,5000,9966
Train|2100601009.avi|0,2100601009.avi,Train,0,0,149,0,4966
Train|2100601009.avi|1,2100601009.avi,Train,1,150,299,5000,9966
Train|2100601010.avi|0,2100601010.avi,Train,0,0,149,0,4966
Train|2100601010.avi|1,2100601010.avi,Train,1,150,299,5000,9966
Train|2100601011.avi|0,2100601011.avi,Train,0,0,149,0,4966
Train|2100601011.avi|1,2100601011.avi,Train,1,150,299,5000,9966
Train|2100601012.avi|0,2100601012.avi,Train,0,0,149,0,4966
Train|2100601012.avi|1,2100601012.avi,Train,1,150,299,5000,9966
Train|2100601013.avi|0,2100601013.avi,Train,0,0,149,0,4966
Train|2100601013.avi|1,2100601013.avi,Train,1,150,299,5000,9966
Train|2100601014.avi|0,2100601014.avi,Train,0,0,149,0,4966
Train|2100601014.avi|1,2100601014.avi,Train,1,150,299,5000,9966
Train|2100601015.avi|0,2100601015.avi,Train,0,0,149,0,4966
Train|2100601015.avi|1,2100601015.avi,Train,1,150,299,5000,9966
Train|2100601016.avi|0,2100601016.avi,Train,0,0,149,0,4966
Train|2100601016.avi|1,2100601016.avi,Train,1,150,299,5000,9966
Train|2100601017.avi|0,2100601017.avi,Train,0,0,149,0,4966
Train|2100601017.avi|1,2100601017.avi,Train,1,150,299,5000,9966
Train|2100601018.avi|0,2100601018.avi,Train,0,0,149,0,4966
Train|2100601018.avi|1,2100601018.avi,Train,1,150,299,5000,9966
Train|2100601020.avi|0,2100601020.avi,Train,0,0,149,0,4966
Train|2100601020.avi|1,2100601020.avi,Train,1,150,299,5000,9966
Train|2100601021.avi|0,2100601021.avi,Train,0,0,149,0,4966
Train|2100601021.avi|1,2100601021.avi,Train,1,150,299,5000,9966
Train|2100601023.avi|0,2100601023.avi,Train,0,0,149,0,4966
Train|2100601023.avi|1,2100601023.avi,Train,1,150,299,5000,9966
Train|2100601024.avi|0,2100601024.avi,Train,0,0,149,0,4966
Train|2100601024.avi|1,2100601024.avi,Train,1,150,299,5000,9966
Train|2100601025.avi|0,2100601025.avi,Train,0,0,149,0,4966
Train|2100601025.avi|1,2100601025.avi,Train,1,150,299,5000,9966
Train|2100601027.avi|0,2100601027.avi,Train,0,0,149,0,4966
Train|2100601027.avi|1,2100601027.avi,Train,1,150,299,5000,9966
Train|2100601028.avi|0,2100601028.avi,Train,0,0,149,0,4966
Train|2100601028.avi|1,2100601028.avi,Train,1,150,299,5000,9966
Train|2100601029.avi|0,2100601029.avi,Train,0,0,149,0,4966
Train|2100601029.avi|1,2100601029.avi,Train,1,150,299,5000,9966
Train|2100601030.avi|0,2100601030.avi,Train,0,0,149,0,4966
Train|2100601030.avi|1,2100601030.avi,Train,1,150,299,5000,9966
Train|2100601031.avi|0,2100601031.avi,Train,0,0,149,0,4966
Train|2100601031.avi|1,2100601031.avi,Train,1,150,299,5000,9966
Train|2100601032.avi|0,2100601032.avi,Train,0,0,149,0,4966
Train|2100601032.avi|1,2100601032.avi,Train,1,150,299,5000,9966
Train|2100601033.avi|0,2100601033.avi,Train,0,0,149,0,4966
Train|2100601033.avi|1,2100601033.avi,Train,1,150,299,5000,9966
Train|2100601035.avi|0,2100601035.avi,Train,0,0,149,0,4966
Train|2100601035.avi|1,2100601035.avi,Train,1,150,299,5000,9966
Train|2100601036.avi|0,2100601036.avi,Train,0,0,149,0,4966
Train|2100601036.avi|1,2100601036.avi,Train,1,150,299,5000,9966
Train|2100601037.avi|0,2100601037.avi,Train,0,0,149,0,4966
Train|2100601037.avi|1,2100601037.avi,Train,1,150,299,5000,9966
Train|2100601038.avi|0,2100601038.avi,Train,0,0,149,0,4966
Train|2100601038.avi|1,2100601038.avi,Train,1,150,299,5000,9966
Train|2100601039.avi|0,2100601039.avi,Train,0,0,149,0,4966
Train|2100601039.avi|1,2100601039.avi,Train,1,150,299,5000,9966
Train|2100601040.avi|0,2100601040.avi,Train,0,0,149,0,4966
Train|2100601040.avi|1,2100601040.avi,Train,1,150,299,5000,9966
Train|2100601041.avi|0,2100601041.avi,Train,0,0,149,0,4966
Train|2100601041.avi|1,2100601041.avi,Train,1,150,299,5000,9966
Train|2100601042.avi|0,2100601042.avi,Train,0,0,149,0,4966
Train|2100601042.avi|1,2100601042.avi,Train,1,150,299,5000,9966
Train|2100601043.avi|0,2100601043.avi,Train,0,0,149,0,4966
Train|2100601043.avi|1,2100601043.avi,Train,1,150,299,5000,9966
Train|2100601044.avi|0,2100601044.avi,Train,0,0,149,0,4966
Train|2100601044.avi|1,2100601044.avi,Train,1,150,299,5000,9966
Train|2100601045.avi|0,2100601045.avi,Train,0,0,149,0,4966
Train|2100601045.avi|1,2100601045.avi,Train,1,150,299,5000,9966
Train|2100601046.avi|0,2100601046.avi,Train,0,0,149,0,4966
Train|2100601046.avi|1,2100601046.avi,Train,1,150,299,5000,9966
Train|2100601049.avi|0,2100601049.avi,Train,0,0,149,0,4966
Train|2100601049.avi|1,2100601049.avi,Train,1,150,299,5000,9966
Train|2100601050.avi|0,2100601050.avi,Train,0,0,149,0,4966
Train|2100601050.avi|1,2100601050.avi,Train,1,150,299,5000,9966
Train|2100601052.avi|0,2100601052.avi,Train,0,0,149,0,4966
Train|2100601052.avi|1,2100601052.avi,Train,1,150,299,5000,9966
Train|2100601053.avi|0,2100601053.avi,Train,0,0,149,0,4966
Train|2100601053.avi|1,2100601053.avi,Train,1,150,299,5000,9966
Train|2100601054.avi|0,2100601054.avi,Train,0,0,149,0,4966
Train|2100601054.avi|1,2100601054.avi,Train,1,150,299,5000,9966
Train|2100601055.avi|0,2100601055.avi,Train,0,0,149,0,4966
Train|2100601055.avi|1,2100601055.avi,Train,1,150,299,5000,9966
Train|2100601056.avi|0,2100601056.avi,Train,0,0,149,0,4966
Train|2100601056.avi|1,2100601056.avi,Train,1,150,299,5000,9966
Train|2100601057.avi|0,2100601057.avi,Train,0,0,149,0,4966
Train|2100601057.avi|1,2100601057.avi,Train,1,150,299,5000,9966
Train|2100601059.avi|0,2100601059.avi,Train,0,0,149,0,4966
Train|2100601059.avi|1,2100601059.avi,Train,1,150,299,5000,9966
Train|2100601062.avi|0,2100601062.avi,Train,0,0,149,0,4966
Train|2100601062.avi|1,2100601062.avi,Train,1,150,299,5000,9966
Train|2100601063.avi|0,2100601063.avi,Train,0,0,149,0,4966
Train|2100601063.avi|1,2100601063.avi,Train,1,150,299,5000,9966
Train|2100601064.avi|0,2100601064.avi,Train,0,0,149,0,4966
Train|2100601064.avi|1,2100601064.avi,Train,1,150,299,5000,9966
Train|2100601065.avi|0,2100601065.avi,Train,0,0,149,0,4966
Train|2100601065.avi|1,2100601065.avi,Train,1,150,299,5000,9966
Train|2100601066.avi|0,2100601066.avi,Train,0,0,149,0,4966
Train|2100601066.avi|1,2100601066.avi,Train,1,150,299,5000,9966
Train|2100601067.avi|0,2100601067.avi,Train,0,0,149,0,4966
Train|2100601067.avi|1,2100601067.avi,Train,1,150,299,5000,9966
Train|2100601068.avi|0,2100601068.avi,Train,0,0,149,0,4966
Train|2100601068.avi|1,2100601068.avi,Train,1,150,299,5000,9966
Train|2100601069.avi|0,2100601069.avi,Train,0,0,149,0,4966
Train|2100601069.avi|1,2100601069.avi,Train,1,150,299,5000,9966
Train|2100601071.avi|0,2100601071.avi,Train,0,0,149,0,4966
Train|2100601071.avi|1,2100601071.avi,Train,1,150,299,5000,9966
Train|2100601073.avi|0,2100601073.avi,Train,0,0,149,0,4966
Train|2100601073.avi|1,2100601073.avi,Train,1,150,299,5000,9966
Train|2100601074.avi|0,2100601074.avi,Train,0,0,149,0,4966
Train|2100601074.avi|1,2100601074.avi,Train,1,150,299,5000,9966
Train|2100601075.avi|0,2100601075.avi,Train,0,0,149,0,4966
Train|2100601075.avi|1,2100601075.avi,Train,1,150,299,5000,9966
Train|2100601077.avi|0,2100601077.avi,Train,0,0,149,0,4966
Train|2100601077.avi|1,2100601077.avi,Train,1,150,299,5000,9966
Train|2100601078.avi|0,2100601078.avi,Train,0,0,149,0,4966
Train|2100601078.avi|1,2100601078.avi,Train,1,150,299,5000,9966
Train|2100602001.avi|0,2100602001.avi,Train,0,0,149,0,4966
Train|2100602001.avi|1,2100602001.avi,Train,1,150,299,5000,9966
Train|2100602002.avi|0,2100602002.avi,Train,0,0,149,0,4966
Train|2100602002.avi|1,2100602002.avi,Train,1,150,299,5000,9966
Train|2100602003.avi|0,2100602003.avi,Train,0,0,149,0,4966
Train|2100602003.avi|1,2100602003.avi,Train,1,150,299,5000,9966
Train|2100602004.avi|0,2100602004.avi,Train,0,0,149,0,4966
Train|2100602004.avi|1,2100602004.avi,Train,1,150,299,5000,9966
Train|2100602005.avi|0,2100602005.avi,Train,0,0,149,0,4966
Train|2100602005.avi|1,2100602005.avi,Train,1,150,299,5000,9966
Train|2100602006.avi|0,2100602006.avi,Train,0,0,149,0,4966
Train|2100602006.avi|1,2100602006.avi,Train,1,150,299,5000,9966
Train|2100602008.avi|0,2100602008.avi,Train,0,0,149,0,4966
Train|2100602008.avi|1,2100602008.avi,Train,1,150,299,5000,9966
Train|2100602009.avi|0,2100602009.avi,Train,0,0,149,0,4966
Train|2100602009.avi|1,2100602009.avi,Train,1,150,299,5000,9966
Train|2100602010.avi|0,2100602010.avi,Train,0,0,149,0,4966
Train|2100602010.avi|1,2100602010.avi,Train,1,150,299,5000,9966
Train|2100602011.avi|0,2100602011.avi,Train,0,0,149,0,4966
Train|2100602011.avi|1,2100602011.avi,Train,1,150,299,5000,9966
Train|2100602012.avi|0,2100602012.avi,Train,0,0,149,0,4966
Train|2100602012.avi|1,2100602012.avi,Train,1,150,299,5000,9966
Train|2100602014.avi|0,2100602014.avi,Train,0,0,149,0,4966
Train|2100602014.avi|1,2100602014.avi,Train,1,150,299,5000,9966
Train|2100602015.avi|0,2100602015.avi,Train,0,0,149,0,4966
Train|2100602015.avi|1,2100602015.avi,Train,1,150,299,5000,9966
Train|2100602017.avi|0,2100602017.avi,Train,0,0,149,0,4966
Train|2100602017.avi|1,2100602017.avi,Train,1,150,299,5000,9966
Train|2100602018.avi|0,2100602018.avi,Train,0,0,149,0,4966
Train|2100602018.avi|1,2100602018.avi,Train,1,150,299,5000,9966
Train|2100602019.avi|0,2100602019.avi,Train,0,0,149,0,4966
Train|2100602019.avi|1,2100602019.avi,Train,1,150,299,5000,9966
Train|2100602020.avi|0,2100602020.avi,Train,0,0,149,0,4966
Train|2100602020.avi|1,2100602020.avi,Train,1,150,299,5000,9966
Train|2100602022.avi|0,2100602022.avi,Train,0,0,149,0,4966
Train|2100602022.avi|1,2100602022.avi,Train,1,150,299,5000,9966
Train|2100602023.avi|0,2100602023.avi,Train,0,0,149,0,4966
Train|2100602023.avi|1,2100602023.avi,Train,1,150,299,5000,9966
Train|2100602024.avi|0,2100602024.avi,Train,0,0,149,0,4966
Train|2100602024.avi|1,2100602024.avi,Train,1,150,299,5000,9966
Train|2100602025.avi|0,2100602025.avi,Train,0,0,149,0,4966
Train|2100602025.avi|1,2100602025.avi,Train,1,150,299,5000,9966
Train|2100602026.avi|0,2100602026.avi,Train,0,0,149,0,4966
Train|2100602026.avi|1,2100602026.avi,Train,1,150,299,5000,9966
Train|2100602027.avi|0,2100602027.avi,Train,0,0,149,0,4966
Train|2100602027.avi|1,2100602027.avi,Train,1,150,299,5000,9966
Train|2100602028.avi|0,2100602028.avi,Train,0,0,149,0,4966
Train|2100602028.avi|1,2100602028.avi,Train,1,150,299,5000,9966
Train|2100602029.avi|0,2100602029.avi,Train,0,0,149,0,4966
Train|2100602029.avi|1,2100602029.avi,Train,1,150,299,5000,9966
Train|2100602030.avi|0,2100602030.avi,Train,0,0,149,0,4966
Train|2100602030.avi|1,2100602030.avi,Train,1,150,299,5000,9966
Train|2100602032.avi|0,2100602032.avi,Train,0,0,149,0,4966
Train|2100602032.avi|1,2100602032.avi,Train,1,150,299,5000,9966
Train|2100602033.avi|0,2100602033.avi,Train,0,0,149,0,4966
Train|2100602033.avi|1,2100602033.avi,Train,1,150,299,5000,9966
Train|2100602034.avi|0,2100602034.avi,Train,0,0,149,0,4966
Train|2100602034.avi|1,2100602034.avi,Train,1,150,299,5000,9966
Train|2100602035.avi|0,2100602035.avi,Train,0,0,149,0,4966
Train|2100602035.avi|1,2100602035.avi,Train,1,150,299,5000,9966
Train|2100602036.avi|0,2100602036.avi,Train,0,0,149,0,4966
Train|2100602036.avi|1,2100602036.avi,Train,1,150,299,5000,9966
Train|2100602038.avi|0,2100602038.avi,Train,0,0,149,0,4966
Train|2100602038.avi|1,2100602038.avi,Train,1,150,299,5000,9966
Train|2100602040.avi|0,2100602040.avi,Train,0,0,149,0,4966
Train|2100602040.avi|1,2100602040.avi,Train,1,150,299,5000,9966
Train|2100602041.avi|0,2100602041.avi,Train,0,0,149,0,4966
Train|2100602041.avi|1,2100602041.avi,Train,1,150,299,5000,9966
Train|2100602042.avi|0,2100602042.avi,Train,0,0,149,0,4966
Train|2100602042.avi|1,2100602042.avi,Train,1,150,299,5000,9966
Train|2100602043.avi|0,2100602043.avi,Train,0,0,149,0,4966
Train|2100602043.avi|1,2100602043.avi,Train,1,150,299,5000,9966
Train|2100602044.avi|0,2100602044.avi,Train,0,0,149,0,4966
Train|2100602044.avi|1,2100602044.avi,Train,1,150,299,5000,9966
Train|2100602046.avi|0,2100602046.avi,Train,0,0,149,0,4966
Train|2100602046.avi|1,2100602046.avi,Train,1,150,299,5000,9966
Train|2100602047.avi|0,2100602047.avi,Train,0,0,149,0,4966
Train|2100602047.avi|1,2100602047.avi,Train,1,150,299,5000,9966
Train|2100602049.avi|0,2100602049.avi,Train,0,0,149,0,4966
Train|2100602049.avi|1,2100602049.avi,Train,1,150,299,5000,9966
Train|2100602050.avi|0,2100602050.avi,Train,0,0,149,0,4966
Train|2100602050.avi|1,2100602050.avi,Train,1,150,299,5000,9966
Train|2100602051.avi|0,2100602051.avi,Train,0,0,149,0,4966
Train|2100602051.avi|1,2100602051.avi,Train,1,150,299,5000,9966
Train|2100602052.avi|0,2100602052.avi,Train,0,0,149,0,4966
Train|2100602052.avi|1,2100602052.avi,Train,1,150,299,5000,9966
Train|2100602053.avi|0,2100602053.avi,Train,0,0,149,0,4966
Train|2100602053.avi|1,2100602053.avi,Train,1,150,299,5000,9966
Train|2100602054.avi|0,2100602054.avi,Train,0,0,149,0,4966
Train|2100602054.avi|1,2100602054.avi,Train,1,150,299,5000,9966
Train|2100602056.avi|0,2100602056.avi,Train,0,0,149,0,4966
Train|2100602056.avi|1,2100602056.avi,Train,1,150,299,5000,9966
Train|2100602058.avi|0,2100602058.avi,Train,0,0,149,0,4966
Train|2100602058.avi|1,2100602058.avi,Train,1,150,299,5000,9966
Train|2100602059.avi|0,2100602059.avi,Train,0,0,149,0,4966
Train|2100602059.avi|1,2100602059.avi,Train,1,150,299,5000,9966
Train|2100602060.avi|0,2100602060.avi,Train,0,0,149,0,4966
Train|2100602060.avi|1,2100602060.avi,Train,1,150,299,5000,9966
Train|2100602061.avi|0,2100602061.avi,Train,0,0,149,0,4966
Train|2100602061.avi|1,2100602061.avi,Train,1,150,299,5000,9966
Train|2100602062.avi|0,2100602062.avi,Train,0,0,149,0,4966
Train|2100602062.avi|1,2100602062.avi,Train,1,150,299,5000,9966
Train|2100602063.avi|0,2100602063.avi,Train,0,0,149,0,4966
Train|2100602063.avi|1,2100602063.avi,Train,1,150,299,5000,9966
Train|2100602065.avi|0,2100602065.avi,Train,0,0,149,0,4966
Train|2100602065.avi|1,2100602065.avi,Train,1,150,299,5000,9966
Train|2100602067.avi|0,2100602067.avi,Train,0,0,149,0,4966
Train|2100602067.avi|1,2100602067.avi,Train,1,150,299,5000,9966
Train|2100602068.avi|0,2100602068.avi,Train,0,0,149,0,4966
Train|2100602068.avi|1,2100602068.avi,Train,1,150,299,5000,9966
Train|2100602069.avi|0,2100602069.avi,Train,0,0,149,0,4966
Train|2100602069.avi|1,2100602069.avi,Train,1,150,299,5000,9966
Train|2100602072.avi|0,2100602072.avi,Train,0,0,149,0,4966
Train|2100602072.avi|1,2100602072.avi,Train,1,150,299,5000,9966
Train|2100611002.avi|0,2100611002.avi,Train,0,0,149,0,4966
Train|2100611002.avi|1,2100611002.avi,Train,1,150,299,5000,9966
Train|2100611003.avi|0,2100611003.avi,Train,0,0,149,0,4966
Train|2100611003.avi|1,2100611003.avi,Train,1,150,299,5000,9966
Train|2100611004.avi|0,2100611004.avi,Train,0,0,149,0,4966
Train|2100611004.avi|1,2100611004.avi,Train,1,150,299,5000,9966
Train|2100611005.avi|0,2100611005.avi,Train,0,0,149,0,4966
Train|2100611005.avi|1,2100611005.avi,Train,1,150,299,5000,9966
Train|2100611006.avi|0,2100611006.avi,Train,0,0,149,0,4966
Train|2100611006.avi|1,2100611006.avi,Train,1,150,299,5000,9966
Train|2100611010.avi|0,2100611010.avi,Train,0,0,149,0,4966
Train|2100611010.avi|1,2100611010.avi,Train,1,150,299,5000,9966
Train|2100611011.avi|0,2100611011.avi,Train,0,0,149,0,4966
Train|2100611011.avi|1,2100611011.avi,Train,1,150,299,5000,9966
Train|2100611012.avi|0,2100611012.avi,Train,0,0,149,0,4966
Train|2100611012.avi|1,2100611012.avi,Train,1,150,299,5000,9966
Train|2100611013.avi|0,2100611013.avi,Train,0,0,149,0,4966
Train|2100611013.avi|1,2100611013.avi,Train,1,150,299,5000,9966
Train|2100611014.avi|0,2100611014.avi,Train,0,0,149,0,4966
Train|2100611014.avi|1,2100611014.avi,Train,1,150,299,5000,9966
Train|2100611015.avi|0,2100611015.avi,Train,0,0,149,0,4966
Train|2100611015.avi|1,2100611015.avi,Train,1,150,299,5000,9966
Train|2100611016.avi|0,2100611016.avi,Train,0,0,149,0,4966
Train|2100611016.avi|1,2100611016.avi,Train,1,150,299,5000,9966
Train|2100611017.avi|0,2100611017.avi,Train,0,0,149,0,4966
Train|2100611017.avi|1,2100611017.avi,Train,1,150,299,5000,9966
Train|2100611018.avi|0,2100611018.avi,Train,0,0,149,0,4966
Train|2100611018.avi|1,2100611018.avi,Train,1,150,299,5000,9966
Train|2100611019.avi|0,2100611019.avi,Train,0,0,149,0,4966
Train|2100611019.avi|1,2100611019.avi,Train,1,150,299,5000,9966
Train|2100611021.avi|0,2100611021.avi,Train,0,0,149,0,4966
Train|2100611021.avi|1,2100611021.avi,Train,1,150,299,5000,9966
Train|2100611023.avi|0,2100611023.avi,Train,0,0,149,0,4966
Train|2100611023.avi|1,2100611023.avi,Train,1,150,299,5000,9966
Train|2100611024.avi|0,2100611024.avi,Train,0,0,149,0,4966
Train|2100611024.avi|1,2100611024.avi,Train,1,150,299,5000,9966
Train|2100611025.avi|0,2100611025.avi,Train,0,0,149,0,4966
Train|2100611025.avi|1,2100611025.avi,Train,1,150,299,5000,9966
Train|2100611026.avi|0,2100611026.avi,Train,0,0,149,0,4966
Train|2100611026.avi|1,2100611026.avi,Train,1,150,299,5000,9966
Train|2100611027.avi|0,2100611027.avi,Train,0,0,149,0,4966
Train|2100611027.avi|1,2100611027.avi,Train,1,150,299,5000,9966
Train|2100611028.avi|0,2100611028.avi,Train,0,0,149,0,4966
Train|2100611028.avi|1,2100611028.avi,Train,1,150,299,5000,9966
Train|2100611029.avi|0,2100611029.avi,Train,0,0,149,0,4966
Train|2100611029.avi|1,2100611029.avi,Train,1,150,299,5000,9966
Train|2100611031.avi|0,2100611031.avi,Train,0,0,149,0,4966
Train|2100611031.avi|1,2100611031.avi,Train,1,150,299,5000,9966
Train|2100611032.avi|0,2100611032.avi,Train,0,0,149,0,4966
Train|2100611032.avi|1,2100611032.avi,Train,1,150,299,5000,9966
Train|2100611034.avi|0,2100611034.avi,Train,0,0,149,0,4966
Train|2100611034.avi|1,2100611034.avi,Train,1,150,299,5000,9966
Train|2100611035.avi|0,2100611035.avi,Train,0,0,149,0,4966
Train|2100611035.avi|1,2100611035.avi,Train,1,150,299,5000,9966
Train|2100611036.avi|0,2100611036.avi,Train,0,0,149,0,4966
Train|2100611036.avi|1,2100611036.avi,Train,1,150,299,5000,9966
Train|2100611037.avi|0,2100611037.avi,Train,0,0,149,0,4966
Train|2100611037.avi|1,2100611037.avi,Train,1,150,299,5000,9966
Train|2100611038.avi|0,2100611038.avi,Train,0,0,149,0,4966
Train|2100611038.avi|1,2100611038.avi,Train,1,150,299,5000,9966
Train|2100611039.avi|0,2100611039.avi,Train,0,0,149,0,4966
Train|2100611039.avi|1,2100611039.avi,Train,1,150,299,5000,9966
Train|2100611040.avi|0,2100611040.avi,Train,0,0,149,0,4966
Train|2100611040.avi|1,2100611040.avi,Train,1,150,299,5000,9966
Train|2100611041.avi|0,2100611041.avi,Train,0,0,149,0,4966
Train|2100611041.avi|1,2100611041.avi,Train,1,150,299,5000,9966
Train|2100611042.avi|0,2100611042.avi,Train,0,0,149,0,4966
Train|2100611042.avi|1,2100611042.avi,Train,1,150,299,5000,9966
Train|2100611043.avi|0,2100611043.avi,Train,0,0,149,0,4966
Train|2100611043.avi|1,2100611043.avi,Train,1,150,299,5000,9966
Train|2100611044.avi|0,2100611044.avi,Train,0,0,149,0,4966
Train|2100611044.avi|1,2100611044.avi,Train,1,150,299,5000,9966
Train|2100611045.avi|0,2100611045.avi,Train,0,0,149,0,4966
Train|2100611045.avi|1,2100611045.avi,Train,1,150,299,5000,9966
Train|2100611046.avi|0,2100611046.avi,Train,0,0,149,0,4966
Train|2100611046.avi|1,2100611046.avi,Train,1,150,299,5000,9966
Train|2100611047.avi|0,2100611047.avi,Train,0,0,149,0,4966
Train|2100611047.avi|1,2100611047.avi,Train,1,150,299,5000,9966
Train|2100611048.avi|0,2100611048.avi,Train,0,0,149,0,4966
Train|2100611048.avi|1,2100611048.avi,Train,1,150,299,5000,9966
Train|2100611049.avi|0,2100611049.avi,Train,0,0,149,0,4966
Train|2100611049.avi|1,2100611049.avi,Train,1,150,299,5000,9966
Train|2100611050.avi|0,2100611050.avi,Train,0,0,149,0,4966
Train|2100611050.avi|1,2100611050.avi,Train,1,150,299,5000,9966
Train|2100611051.avi|0,2100611051.avi,Train,0,0,149,0,4966
Train|2100611051.avi|1,2100611051.avi,Train,1,150,299,5000,9966
Train|2100611052.avi|0,2100611052.avi,Train,0,0,149,0,4966
Train|2100611052.avi|1,2100611052.avi,Train,1,150,299,5000,9966
Train|2100611055.avi|0,2100611055.avi,Train,0,0,149,0,4966
Train|2100611055.avi|1,2100611055.avi,Train,1,150,299,5000,9966
Train|2100611056.avi|0,2100611056.avi,Train,0,0,149,0,4966
Train|2100611056.avi|1,2100611056.avi,Train,1,150,299,5000,9966
Train|2100611057.avi|0,2100611057.avi,Train,0,0,149,0,4966
Train|2100611057.avi|1,2100611057.avi,Train,1,150,299,5000,9966
Train|2100611058.avi|0,2100611058.avi,Train,0,0,149,0,4966
Train|2100611058.avi|1,2100611058.avi,Train,1,150,299,5000,9966
Train|2100611059.avi|0,2100611059.avi,Train,0,0,149,0,4966
Train|2100611059.avi|1,2100611059.avi,Train,1,150,299,5000,9966
Train|2100611060.avi|0,2100611060.avi,Train,0,0,149,0,4966
Train|2100611060.avi|1,2100611060.avi,Train,1,150,299,5000,9966
Train|2100611061.avi|0,2100611061.avi,Train,0,0,149,0,4966
Train|2100611061.avi|1,2100611061.avi,Train,1,150,299,5000,9966
Train|2100611062.avi|0,2100611062.avi,Train,0,0,149,0,4966
Train|2100611062.avi|1,2100611062.avi,Train,1,150,299,5000,9966
Train|2100611063.avi|0,2100611063.avi,Train,0,0,149,0,4966
Train|2100611063.avi|1,2100611063.avi,Train,1,150,299,5000,9966
Train|2100611064.avi|0,2100611064.avi,Train,0,0,149,0,4966
Train|2100611064.avi|1,2100611064.avi,Train,1,150,299,5000,9966
Train|2100611066.avi|0,2100611066.avi,Train,0,0,149,0,4966
Train|2100611066.avi|1,2100611066.avi,Train,1,150,299,5000,9966
Train|2100611067.avi|0,2100611067.avi,Train,0,0,149,0,4966
Train|2100611067.avi|1,2100611067.avi,Train,1,150,299,5000,9966
Train|2100611068.avi|0,2100611068.avi,Train,0,0,149,0,4966
Train|2100611068.avi|1,2100611068.avi,Train,1,150,299,5000,9966
Train|2100611069.avi|0,2100611069.avi,Train,0,0,149,0,4966
Train|2100611069.avi|1,2100611069.avi,Train,1,150,299,5000,9966
Train|2100611070.avi|0,2100611070.avi,Train,0,0,149,0,4966
Train|2100611070.avi|1,2100611070.avi,Train,1,150,299,5000,9966
Train|2100611071.avi|0,2100611071.avi,Train,0,0,149,0,4966
Train|2100611071.avi|1,2100611071.avi,Train,1,150,299,5000,9966
Train|2100611075.avi|0,2100611075.avi,Train,0,0,149,0,4966
Train|2100611075.avi|1,2100611075.avi,Train,1,150,299,5000,9966
Train|2100611076.avi|0,2100611076.avi,Train,0,0,149,0,4966
Train|2100611076.avi|1,2100611076.avi,Train,1,150,299,5000,9966
Train|2100611077.avi|0,2100611077.avi,Train,0,0,149,0,4966
Train|2100611077.avi|1,2100611077.avi,Train,1,150,299,5000,9966
Train|2100611078.avi|0,2100611078.avi,Train,0,0,149,0,4966
Train|2100611078.avi|1,2100611078.avi,Train,1,150,299,5000,9966
Train|2100611079.avi|0,2100611079.avi,Train,0,0,149,0,4966
Train|2100611079.avi|1,2100611079.avi,Train,1,150,299,5000,9966
Train|2100611081.avi|0,2100611081.avi,Train,0,0,149,0,4966
Train|2100611081.avi|1,2100611081.avi,Train,1,150,299,5000,9966
Train|2100611083.avi|0,2100611083.avi,Train,0,0,149,0,4966
Train|2100611083.avi|1,2100611083.avi,Train,1,150,299,5000,9966
Train|2100612001.avi|0,2100612001.avi,Train,0,0,149,0,4966
Train|2100612001.avi|1,2100612001.avi,Train,1,150,299,5000,9966
Train|2100612002.avi|0,2100612002.avi,Train,0,0,149,0,4966
Train|2100612002.avi|1,2100612002.avi,Train,1,150,299,5000,9966
Train|2100612003.avi|0,2100612003.avi,Train,0,0,149,0,4966
Train|2100612003.avi|1,2100612003.avi,Train,1,150,299,5000,9966
Train|2100612005.avi|0,2100612005.avi,Train,0,0,149,0,4966
Train|2100612005.avi|1,2100612005.avi,Train,1,150,299,5000,9966
Train|2100612006.avi|0,2100612006.avi,Train,0,0,149,0,4966
Train|2100612006.avi|1,2100612006.avi,Train,1,150,299,5000,9966
Train|2100612007.avi|0,2100612007.avi,Train,0,0,149,0,4966
Train|2100612007.avi|1,2100612007.avi,Train,1,150,299,5000,9966
Train|2100612008.avi|0,2100612008.avi,Train,0,0,149,0,4966
Train|2100612008.avi|1,2100612008.avi,Train,1,150,299,5000,9966
Train|2100612009.avi|0,2100612009.avi,Train,0,0,149,0,4966
Train|2100612009.avi|1,2100612009.avi,Train,1,150,299,5000,9966
Train|2100612010.avi|0,2100612010.avi,Train,0,0,149,0,4966
Train|2100612010.avi|1,2100612010.avi,Train,1,150,299,5000,9966
Train|2100612011.avi|0,2100612011.avi,Train,0,0,149,0,4966
Train|2100612011.avi|1,2100612011.avi,Train,1,150,299,5000,9966
Train|2100612012.avi|0,2100612012.avi,Train,0,0,149,0,4966
Train|2100612012.avi|1,2100612012.avi,Train,1,150,299,5000,9966
Train|2100612014.avi|0,2100612014.avi,Train,0,0,149,0,4966
Train|2100612014.avi|1,2100612014.avi,Train,1,150,299,5000,9966
Train|2100612015.avi|0,2100612015.avi,Train,0,0,149,0,4966
Train|2100612015.avi|1,2100612015.avi,Train,1,150,299,5000,9966
Train|2100612020.avi|0,2100612020.avi,Train,0,0,149,0,4966
Train|2100612020.avi|1,2100612020.avi,Train,1,150,299,5000,9966
Train|2100612022.avi|0,2100612022.avi,Train,0,0,149,0,4966
Train|2100612022.avi|1,2100612022.avi,Train,1,150,299,5000,9966
Train|2100612024.avi|0,2100612024.avi,Train,0,0,149,0,4966
Train|2100612024.avi|1,2100612024.avi,Train,1,150,299,5000,9966
Train|2100612025.avi|0,2100612025.avi,Train,0,0,149,0,4966
Train|2100612025.avi|1,2100612025.avi,Train,1,150,299,5000,9966
Train|2100612026.avi|0,2100612026.avi,Train,0,0,149,0,4966
Train|2100612026.avi|1,2100612026.avi,Train,1,150,299,5000,9966
Train|2100612027.avi|0,2100612027.avi,Train,0,0,149,0,4966
Train|2100612027.avi|1,2100612027.avi,Train,1,150,299,5000,9966
Train|2100612028.avi|0,2100612028.avi,Train,0,0,149,0,4966
Train|2100612028.avi|1,2100612028.avi,Train,1,150,299,5000,9966
Train|2100612029.avi|0,2100612029.avi,Train,0,0,149,0,4966
Train|2100612029.avi|1,2100612029.avi,Train,1,150,299,5000,9966
Train|2100612030.avi|0,2100612030.avi,Train,0,0,149,0,4966
Train|2100612030.avi|1,2100612030.avi,Train,1,150,299,5000,9966
Train|2100612031.avi|0,2100612031.avi,Train,0,0,149,0,4966
Train|2100612031.avi|1,2100612031.avi,Train,1,150,299,5000,9966
Train|2100612033.avi|0,2100612033.avi,Train,0,0,149,0,4966
Train|2100612033.avi|1,2100612033.avi,Train,1,150,299,5000,9966
Train|2100612034.avi|0,2100612034.avi,Train,0,0,149,0,4966
Train|2100612034.avi|1,2100612034.avi,Train,1,150,299,5000,9966
Train|2100612035.avi|0,2100612035.avi,Train,0,0,149,0,4966
Train|2100612035.avi|1,2100612035.avi,Train,1,150,299,5000,9966
Train|2100612037.avi|0,2100612037.avi,Train,0,0,149,0,4966
Train|2100612037.avi|1,2100612037.avi,Train,1,150,299,5000,9966
Train|2100612038.avi|0,2100612038.avi,Train,0,0,149,0,4966
Train|2100612038.avi|1,2100612038.avi,Train,1,150,299,5000,9966
Train|2100612040.avi|0,2100612040.avi,Train,0,0,149,0,4966
Train|2100612040.avi|1,2100612040.avi,Train,1,150,299,5000,9966
Train|2100612041.avi|0,2100612041.avi,Train,0,0,149,0,4966
Train|2100612041.avi|1,2100612041.avi,Train,1,150,299,5000,9966
Train|2100612042.avi|0,2100612042.avi,Train,0,0,149,0,4966
Train|2100612042.avi|1,2100612042.avi,Train,1,150,299,5000,9966
Train|2100612043.avi|0,2100612043.avi,Train,0,0,149,0,4966
Train|2100612043.avi|1,2100612043.avi,Train,1,150,299,5000,9966
Train|2100612044.avi|0,2100612044.avi,Train,0,0,149,0,4966
Train|2100612044.avi|1,2100612044.avi,Train,1,150,299,5000,9966
Train|2100612045.avi|0,2100612045.avi,Train,0,0,149,0,4966
Train|2100612045.avi|1,2100612045.avi,Train,1,150,299,5000,9966
Train|2100612046.avi|0,2100612046.avi,Train,0,0,149,0,4966
Train|2100612046.avi|1,2100612046.avi,Train,1,150,299,5000,9966
Train|2100612047.avi|0,2100612047.avi,Train,0,0,149,0,4966
Train|2100612047.avi|1,2100612047.avi,Train,1,150,299,5000,9966
Train|2100612048.avi|0,2100612048.avi,Train,0,0,149,0,4966
Train|2100612048.avi|1,2100612048.avi,Train,1,150,299,5000,9966
Train|2100612051.avi|0,2100612051.avi,Train,0,0,149,0,4966
Train|2100612051.avi|1,2100612051.avi,Train,1,150,299,5000,9966
Train|2100612053.avi|0,2100612053.avi,Train,0,0,149,0,4966
Train|2100612053.avi|1,2100612053.avi,Train,1,150,299,5000,9966
Train|2100612056.avi|0,2100612056.avi,Train,0,0,149,0,4966
Train|2100612056.avi|1,2100612056.avi,Train,1,150,299,5000,9966
Train|2100612057.avi|0,2100612057.avi,Train,0,0,149,0,4966
Train|2100612057.avi|1,2100612057.avi,Train,1,150,299,5000,9966
Train|2100612058.avi|0,2100612058.avi,Train,0,0,149,0,4966
Train|2100612058.avi|1,2100612058.avi,Train,1,150,299,5000,9966
Train|2100612059.avi|0,2100612059.avi,Train,0,0,149,0,4966
Train|2100612059.avi|1,2100612059.avi,Train,1,150,299,5000,9966
Train|2100612060.avi|0,2100612060.avi,Train,0,0,149,0,4966
Train|2100612060.avi|1,2100612060.avi,Train,1,150,299,5000,9966
Train|2100612061.avi|0,2100612061.avi,Train,0,0,149,0,4966
Train|2100612061.avi|1,2100612061.avi,Train,1,150,299,5000,9966
Train|2100612062.avi|0,2100612062.avi,Train,0,0,149,0,4966
Train|2100612062.avi|1,2100612062.avi,Train,1,150,299,5000,9966
Train|2100612063.avi|0,2100612063.avi,Train,0,0,149,0,4966
Train|2100612063.avi|1,2100612063.avi,Train,1,150,299,5000,9966
Train|2100612064.avi|0,2100612064.avi,Train,0,0,149,0,4966
Train|2100612064.avi|1,2100612064.avi,Train,1,150,299,5000,9966
Train|2100612065.avi|0,2100612065.avi,Train,0,0,149,0,4966
Train|2100612065.avi|1,2100612065.avi,Train,1,150,299,5000,9966
Train|2100612066.avi|0,2100612066.avi,Train,0,0,149,0,4966
Train|2100612066.avi|1,2100612066.avi,Train,1,150,299,5000,9966
Train|2100612067.avi|0,2100612067.avi,Train,0,0,149,0,4966
Train|2100612067.avi|1,2100612067.avi,Train,1,150,299,5000,9966
Train|2100612068.avi|0,2100612068.avi,Train,0,0,149,0,4966
Train|2100612068.avi|1,2100612068.avi,Train,1,150,299,5000,9966
Train|2100612069.avi|0,2100612069.avi,Train,0,0,149,0,4966
Train|2100612069.avi|1,2100612069.avi,Train,1,150,299,5000,9966
Train|2100612070.avi|0,2100612070.avi,Train,0,0,149,0,4966
Train|2100612070.avi|1,2100612070.avi,Train,1,150,299,5000,9966
Train|2100612071.avi|0,2100612071.avi,Train,0,0,149,0,4966
Train|2100612071.avi|1,2100612071.avi,Train,1,150,299,5000,9966
Train|2100612072.avi|0,2100612072.avi,Train,0,0,149,0,4966
Train|2100612072.avi|1,2100612072.avi,Train,1,150,299,5000,9966
Train|2260510110.avi|0,2260510110.avi,Train,0,0,149,0,4966
Train|2260510110.avi|1,2260510110.avi,Train,1,150,299,5000,9966
Train|2260510113.avi|0,2260510113.avi,Train,0,0,149,0,4966
Train|2260510113.avi|1,2260510113.avi,Train,1,150,299,5000,9966
Train|2260510114.avi|0,2260510114.avi,Train,0,0,149,0,4966
Train|2260510114.avi|1,2260510114.avi,Train,1,150,299,5000,9966
Train|2260510115.avi|0,2260510115.avi,Train,0,0,149,0,4966
Train|2260510115.avi|1,2260510115.avi,Train,1,150,299,5000,9966
Train|2260510116.avi|0,2260510116.avi,Train,0,0,149,0,4966
Train|2260510116.avi|1,2260510116.avi,Train,1,150,299,5000,9966
Train|2260510118.avi|0,2260510118.avi,Train,0,0,149,0,4966
Train|2260510118.avi|1,2260510118.avi,Train,1,150,299,5000,9966
Train|2260510122.avi|0,2260510122.avi,Train,0,0,149,0,4966
Train|2260510122.avi|1,2260510122.avi,Train,1,150,299,5000,9966
Train|2260510124.avi|0,2260510124.avi,Train,0,0,149,0,4966
Train|2260510124.avi|1,2260510124.avi,Train,1,150,299,5000,9966
Train|2260510125.avi|0,2260510125.avi,Train,0,0,149,0,4966
Train|2260510125.avi|1,2260510125.avi,Train,1,150,299,5000,9966
Train|2260510126.avi|0,2260510126.avi,Train,0,0,149,0,4966
Train|2260510126.avi|1,2260510126.avi,Train,1,150,299,5000,9966
Train|2260510127.avi|0,2260510127.avi,Train,0,0,149,0,4966
Train|2260510127.avi|1,2260510127.avi,Train,1,150,299,5000,9966
Train|2260510129.avi|0,2260510129.avi,Train,0,0,149,0,4966
Train|2260510129.avi|1,2260510129.avi,Train,1,150,299,5000,9966
Train|226051013.avi|0,226051013.avi,Train,0,0,149,0,4966
Train|226051013.avi|1,226051013.avi,Train,1,150,299,5000,9966
Train|2260510131.avi|0,2260510131.avi,Train,0,0,149,0,4966
Train|2260510131.avi|1,2260510131.avi,Train,1,150,299,5000,9966
Train|2260510134.avi|0,2260510134.avi,Train,0,0,149,0,4966
Train|2260510134.avi|1,2260510134.avi,Train,1,150,299,5000,9966
Train|2260510136.avi|0,2260510136.avi,Train,0,0,149,0,4966
Train|2260510136.avi|1,2260510136.avi,Train,1,150,299,5000,9966
Train|2260510138.avi|0,2260510138.avi,Train,0,0,149,0,4966
Train|2260510138.avi|1,2260510138.avi,Train,1,150,299,5000,9966
Train|2260510139.avi|0,2260510139.avi,Train,0,0,149,0,4966
Train|2260510139.avi|1,2260510139.avi,Train,1,150,299,5000,9966
Train|226051014.avi|0,226051014.avi,Train,0,0,149,0,4966
Train|226051014.avi|1,226051014.avi,Train,1,150,299,5000,9966
Train|2260510140.avi|0,2260510140.avi,Train,0,0,149,0,4966
Train|2260510140.avi|1,2260510140.avi,Train,1,150,299,5000,9966
Train|2260510141.avi|0,2260510141.avi,Train,0,0,149,0,4966
Train|2260510141.avi|1,2260510141.avi,Train,1,150,299,5000,9966
Train|2260510142.avi|0,2260510142.avi,Train,0,0,149,0,4966
Train|2260510142.avi|1,2260510142.avi,Train,1,150,299,5000,9966
Train|2260510143.avi|0,2260510143.avi,Train,0,0,149,0,4966
Train|2260510143.avi|1,2260510143.avi,Train,1,150,299,5000,9966
Train|2260510146.avi|0,2260510146.avi,Train,0,0,149,0,4966
Train|2260510146.avi|1,2260510146.avi,Train,1,150,299,5000,9966
Train|2260510147.avi|0,2260510147.avi,Train,0,0,149,0,4966
Train|2260510147.avi|1,2260510147.avi,Train,1,150,299,5000,9966
Train|2260510148.avi|0,2260510148.avi,Train,0,0,149,0,4966
Train|2260510148.avi|1,2260510148.avi,Train,1,150,299,5000,9966
Train|2260510151.avi|0,2260510151.avi,Train,0,0,149,0,4966
Train|2260510151.avi|1,2260510151.avi,Train,1,150,299,5000,9966
Train|2260510152.avi|0,2260510152.avi,Train,0,0,149,0,4966
Train|2260510152.avi|1,2260510152.avi,Train,1,150,299,5000,9966
Train|2260510155.avi|0,2260510155.avi,Train,0,0,149,0,4966
Train|2260510155.avi|1,2260510155.avi,Train,1,150,299,5000,9966
Train|2260510156.avi|0,2260510156.avi,Train,0,0,149,0,4966
Train|2260510156.avi|1,2260510156.avi,Train,1,150,299,5000,9966
Train|2260510158.avi|0,2260510158.avi,Train,0,0,149,0,4966
Train|2260510158.avi|1,2260510158.avi,Train,1,150,299,5000,9966
Train|2260510159.avi|0,2260510159.avi,Train,0,0,149,0,4966
Train|2260510159.avi|1,2260510159.avi,Train,1,150,299,5000,9966
Train|226051016.avi|0,226051016.avi,Train,0,0,149,0,4966
Train|226051016.avi|1,226051016.avi,Train,1,150,299,5000,9966
Train|2260510160.avi|0,2260510160.avi,Train,0,0,149,0,4966
Train|2260510160.avi|1,2260510160.avi,Train,1,150,299,5000,9966
Train|2260510162.avi|0,2260510162.avi,Train,0,0,149,0,4966
Train|2260510162.avi|1,2260510162.avi,Train,1,150,299,5000,9966
Train|2260510163.avi|0,2260510163.avi,Train,0,0,149,0,4966
Train|2260510163.avi|1,2260510163.avi,Train,1,150,299,5000,9966
Train|2260510167.avi|0,2260510167.avi,Train,0,0,149,0,4966
Train|2260510167.avi|1,2260510167.avi,Train,1,150,299,5000,9966
Train|2260510168.avi|0,2260510168.avi,Train,0,0,149,0,4966
Train|2260510168.avi|1,2260510168.avi,Train,1,150,299,5000,9966
Train|226051017.avi|0,226051017.avi,Train,0,0,149,0,4966
Train|226051017.avi|1,226051017.avi,Train,1,150,299,5000,9966
Train|2260510172.avi|0,2260510172.avi,Train,0,0,149,0,4966
Train|2260510172.avi|1,2260510172.avi,Train,1,150,299,5000,9966
Train|2260510174.avi|0,2260510174.avi,Train,0,0,149,0,4966
Train|2260510174.avi|1,2260510174.avi,Train,1,150,299,5000,9966
Train|2260510176.avi|0,2260510176.avi,Train,0,0,149,0,4966
Train|2260510176.avi|1,2260510176.avi,Train,1,150,299,5000,9966
Train|2260510177.avi|0,2260510177.avi,Train,0,0,149,0,4966
Train|2260510177.avi|1,2260510177.avi,Train,1,150,299,5000,9966
Train|2260510180.avi|0,2260510180.avi,Train,0,0,149,0,4966
Train|2260510180.avi|1,2260510180.avi,Train,1,150,299,5000,9966
Train|2260510182.avi|0,2260510182.avi,Train,0,0,149,0,4966
Train|2260510182.avi|1,2260510182.avi,Train,1,150,299,5000,9966
Train|2260510183.avi|0,2260510183.avi,Train,0,0,149,0,4966
Train|2260510183.avi|1,2260510183.avi,Train,1,150,299,5000,9966
Train|2260510185.avi|0,2260510185.avi,Train,0,0,149,0,4966
Train|2260510185.avi|1,2260510185.avi,Train,1,150,299,5000,9966
Train|226051019.avi|0,226051019.avi,Train,0,0,149,0,4966
Train|226051019.avi|1,226051019.avi,Train,1,150,299,5000,9966
Train|226051021.avi|0,226051021.avi,Train,0,0,149,0,4966
Train|226051021.avi|1,226051021.avi,Train,1,150,299,5000,9966
Train|2260510212.avi|0,2260510212.avi,Train,0,0,149,0,4966
Train|2260510212.avi|1,2260510212.avi,Train,1,150,299,5000,9966
Train|2260510213.avi|0,2260510213.avi,Train,0,0,149,0,4966
Train|2260510213.avi|1,2260510213.avi,Train,1,150,299,5000,9966
Train|2260510214.avi|0,2260510214.avi,Train,0,0,149,0,4966
Train|2260510214.avi|1,2260510214.avi,Train,1,150,299,5000,9966
Train|2260510217.avi|0,2260510217.avi,Train,0,0,149,0,4966
Train|2260510217.avi|1,2260510217.avi,Train,1,150,299,5000,9966
Train|226051022.avi|0,226051022.avi,Train,0,0,149,0,4966
Train|226051022.avi|1,226051022.avi,Train,1,150,299,5000,9966
Train|2260510220.avi|0,2260510220.avi,Train,0,0,149,0,4966
Train|2260510220.avi|1,2260510220.avi,Train,1,150,299,5000,9966
Train|2260510221.avi|0,2260510221.avi,Train,0,0,149,0,4966
Train|2260510221.avi|1,2260510221.avi,Train,1,150,299,5000,9966
Train|2260510222.avi|0,2260510222.avi,Train,0,0,149,0,4966
Train|2260510222.avi|1,2260510222.avi,Train,1,150,299,5000,9966
Train|2260510223.avi|0,2260510223.avi,Train,0,0,149,0,4966
Train|2260510223.avi|1,2260510223.avi,Train,1,150,299,5000,9966
Train|2260510227.avi|0,2260510227.avi,Train,0,0,149,0,4966
Train|2260510227.avi|1,2260510227.avi,Train,1,150,299,5000,9966
Train|2260510228.avi|0,2260510228.avi,Train,0,0,149,0,4966
Train|2260510228.avi|1,2260510228.avi,Train,1,150,299,5000,9966
Train|2260510229.avi|0,2260510229.avi,Train,0,0,149,0,4966
Train|2260510229.avi|1,2260510229.avi,Train,1,150,299,5000,9966
Train|226051023.avi|0,226051023.avi,Train,0,0,149,0,4966
Train|226051023.avi|1,226051023.avi,Train,1,150,299,5000,9966
Train|2260510230.avi|0,2260510230.avi,Train,0,0,149,0,4966
Train|2260510230.avi|1,2260510230.avi,Train,1,150,299,5000,9966
Train|2260510231.avi|0,2260510231.avi,Train,0,0,149,0,4966
Train|2260510231.avi|1,2260510231.avi,Train,1,150,299,5000,9966
Train|2260510232.avi|0,2260510232.avi,Train,0,0,149,0,4966
Train|2260510232.avi|1,2260510232.avi,Train,1,150,299,5000,9966
Train|2260510233.avi|0,2260510233.avi,Train,0,0,149,0,4966
Train|2260510233.avi|1,2260510233.avi,Train,1,150,299,5000,9966
Train|2260510237.avi|0,2260510237.avi,Train,0,0,149,0,4966
Train|2260510237.avi|1,2260510237.avi,Train,1,150,299,5000,9966
Train|2260510238.avi|0,2260510238.avi,Train,0,0,149,0,4966
Train|2260510238.avi|1,2260510238.avi,Train,1,150,299,5000,9966
Train|2260510240.avi|0,2260510240.avi,Train,0,0,149,0,4966
Train|2260510240.avi|1,2260510240.avi,Train,1,150,299,5000,9966
Train|2260510241.avi|0,2260510241.avi,Train,0,0,149,0,4966
Train|2260510241.avi|1,2260510241.avi,Train,1,150,299,5000,9966
Train|2260510242.avi|0,2260510242.avi,Train,0,0,149,0,4966
Train|2260510242.avi|1,2260510242.avi,Train,1,150,299,5000,9966
Train|2260510243.avi|0,2260510243.avi,Train,0,0,149,0,4966
Train|2260510243.avi|1,2260510243.avi,Train,1,150,299,5000,9966
Train|2260510244.avi|0,2260510244.avi,Train,0,0,149,0,4966
Train|2260510244.avi|1,2260510244.avi,Train,1,150,299,5000,9966
Train|2260510247.avi|0,2260510247.avi,Train,0,0,149,0,4966
Train|2260510247.avi|1,2260510247.avi,Train,1,150,299,5000,9966
Train|2260510248.avi|0,2260510248.avi,Train,0,0,149,0,4966
Train|2260510248.avi|1,2260510248.avi,Train,1,150,299,5000,9966
Train|226051025.avi|0,226051025.avi,Train,0,0,149,0,4966
Train|226051025.avi|1,226051025.avi,Train,1,150,299,5000,9966
Train|2260510250.avi|0,2260510250.avi,Train,0,0,149,0,4966
Train|2260510250.avi|1,2260510250.avi,Train,1,150,299,5000,9966
Train|2260510252.avi|0,2260510252.avi,Train,0,0,149,0,4966
Train|2260510252.avi|1,2260510252.avi,Train,1,150,299,5000,9966
Train|2260510253.avi|0,2260510253.avi,Train,0,0,149,0,4966
Train|2260510253.avi|1,2260510253.avi,Train,1,150,299,5000,9966
Train|2260510254.avi|0,2260510254.avi,Train,0,0,149,0,4966
Train|2260510254.avi|1,2260510254.avi,Train,1,150,299,5000,9966
Train|2260510257.avi|0,2260510257.avi,Train,0,0,149,0,4966
Train|2260510257.avi|1,2260510257.avi,Train,1,150,299,5000,9966
Train|2260510258.avi|0,2260510258.avi,Train,0,0,149,0,4966
Train|2260510258.avi|1,2260510258.avi,Train,1,150,299,5000,9966
Train|2260510259.avi|0,2260510259.avi,Train,0,0,149,0,4966
Train|2260510259.avi|1,2260510259.avi,Train,1,150,299,5000,9966
Train|226051026.avi|0,226051026.avi,Train,0,0,149,0,4966
Train|226051026.avi|1,226051026.avi,Train,1,150,299,5000,9966
Train|2260510260.avi|0,2260510260.avi,Train,0,0,149,0,4966
Train|2260510260.avi|1,2260510260.avi,Train,1,150,299,5000,9966
Train|2260510262.avi|0,2260510262.avi,Train,0,0,149,0,4966
Train|2260510262.avi|1,2260510262.avi,Train,1,150,299,5000,9966
Train|2260510266.avi|0,2260510266.avi,Train,0,0,149,0,4966
Train|2260510266.avi|1,2260510266.avi,Train,1,150,299,5000,9966
Train|2260510267.avi|0,2260510267.avi,Train,0,0,149,0,4966
Train|2260510267.avi|1,2260510267.avi,Train,1,150,299,5000,9966
Train|226051027.avi|0,226051027.avi,Train,0,0,149,0,4966
Train|226051027.avi|1,226051027.avi,Train,1,150,299,5000,9966
Train|2260510270.avi|0,2260510270.avi,Train,0,0,149,0,4966
Train|2260510270.avi|1,2260510270.avi,Train,1,150,299,5000,9966
Train|2260510271.avi|0,2260510271.avi,Train,0,0,149,0,4966
Train|2260510271.avi|1,2260510271.avi,Train,1,150,299,5000,9966
Train|2260510272.avi|0,2260510272.avi,Train,0,0,149,0,4966
Train|2260510272.avi|1,2260510272.avi,Train,1,150,299,5000,9966
Train|2260510276.avi|0,2260510276.avi,Train,0,0,149,0,4966
Train|2260510276.avi|1,2260510276.avi,Train,1,150,299,5000,9966
Train|2260510277.avi|0,2260510277.avi,Train,0,0,149,0,4966
Train|2260510277.avi|1,2260510277.avi,Train,1,150,299,5000,9966
Train|2260510278.avi|0,2260510278.avi,Train,0,0,149,0,4966
Train|2260510278.avi|1,2260510278.avi,Train,1,150,299,5000,9966
Train|240846010.avi|0,240846010.avi,Train,0,0,149,0,4966
Train|240846010.avi|1,240846010.avi,Train,1,150,299,5000,9966
Train|240846011.avi|0,240846011.avi,Train,0,0,149,0,4966
Train|240846011.avi|1,240846011.avi,Train,1,150,299,5000,9966
Train|2408460110.avi|0,2408460110.avi,Train,0,0,149,0,4966
Train|2408460110.avi|1,2408460110.avi,Train,1,150,299,5000,9966
Train|2408460111.avi|0,2408460111.avi,Train,0,0,149,0,4966
Train|2408460111.avi|1,2408460111.avi,Train,1,150,299,5000,9966
Train|2408460118.avi|0,2408460118.avi,Train,0,0,149,0,4966
Train|2408460118.avi|1,2408460118.avi,Train,1,150,299,5000,9966
Train|240846012.avi|0,240846012.avi,Train,0,0,149,0,4966
Train|240846012.avi|1,240846012.avi,Train,1,150,299,5000,9966
Train|2408460120.avi|0,2408460120.avi,Train,0,0,149,0,4966
Train|2408460120.avi|1,2408460120.avi,Train,1,150,299,5000,9966
Train|2408460123.avi|0,2408460123.avi,Train,0,0,149,0,4966
Train|2408460123.avi|1,2408460123.avi,Train,1,150,299,5000,9966
Train|2408460125.avi|0,2408460125.avi,Train,0,0,149,0,4966
Train|2408460125.avi|1,2408460125.avi,Train,1,150,299,5000,9966
Train|2408460126.avi|0,2408460126.avi,Train,0,0,149,0,4966
Train|2408460126.avi|1,2408460126.avi,Train,1,150,299,5000,9966
Train|2408460127.avi|0,2408460127.avi,Train,0,0,149,0,4966
Train|2408460127.avi|1,2408460127.avi,Train,1,150,299,5000,9966
Train|2408460129.avi|0,2408460129.avi,Train,0,0,149,0,4966
Train|2408460129.avi|1,2408460129.avi,Train,1,150,299,5000,9966
Train|240846013.avi|0,240846013.avi,Train,0,0,149,0,4966
Train|240846013.avi|1,240846013.avi,Train,1,150,299,5000,9966
Train|2408460130.avi|0,2408460130.avi,Train,0,0,149,0,4966
Train|2408460130.avi|1,2408460130.avi,Train,1,150,299,5000,9966
Train|2408460131.avi|0,2408460131.avi,Train,0,0,149,0,4966
Train|2408460131.avi|1,2408460131.avi,Train,1,150,299,5000,9966
Train|2408460132.avi|0,2408460132.avi,Train,0,0,149,0,4966
Train|2408460132.avi|1,2408460132.avi,Train,1,150,299,5000,9966
Train|2408460133.avi|0,2408460133.avi,Train,0,0,149,0,4966
Train|2408460133.avi|1,2408460133.avi,Train,1,150,299,5000,9966
Train|2408460134.avi|0,2408460134.avi,Train,0,0,149,0,4966
Train|2408460134.avi|1,2408460134.avi,Train,1,150,299,5000,9966
Train|2408460135.avi|0,2408460135.avi,Train,0,0,149,0,4966
Train|2408460135.avi|1,2408460135.avi,Train,1,150,299,5000,9966
Train|2408460137.avi|0,2408460137.avi,Train,0,0,149,0,4966
Train|2408460137.avi|1,2408460137.avi,Train,1,150,299,5000,9966
Train|2408460139.avi|0,2408460139.avi,Train,0,0,149,0,4966
Train|2408460139.avi|1,2408460139.avi,Train,1,150,299,5000,9966
Train|2408460143.avi|0,2408460143.avi,Train,0,0,149,0,4966
Train|2408460143.avi|1,2408460143.avi,Train,1,150,299,5000,9966
Train|2408460145.avi|0,2408460145.avi,Train,0,0,149,0,4966
Train|2408460145.avi|1,2408460145.avi,Train,1,150,299,5000,9966
Train|2408460146.avi|0,2408460146.avi,Train,0,0,149,0,4966
Train|2408460146.avi|1,2408460146.avi,Train,1,150,299,5000,9966
Train|2408460148.avi|0,2408460148.avi,Train,0,0,149,0,4966
Train|2408460148.avi|1,2408460148.avi,Train,1,150,299,5000,9966
Train|2408460149.avi|0,2408460149.avi,Train,0,0,149,0,4966
Train|2408460149.avi|1,2408460149.avi,Train,1,150,299,5000,9966
Train|240846015.avi|0,240846015.avi,Train,0,0,149,0,4966
Train|240846015.avi|1,240846015.avi,Train,1,150,299,5000,9966
Train|2408460150.avi|0,2408460150.avi,Train,0,0,149,0,4966
Train|2408460150.avi|1,2408460150.avi,Train,1,150,299,5000,9966
Train|2408460151.avi|0,2408460151.avi,Train,0,0,149,0,4966
Train|2408460151.avi|1,2408460151.avi,Train,1,150,299,5000,9966
Train|2408460152.avi|0,2408460152.avi,Train,0,0,149,0,4966
Train|2408460152.avi|1,2408460152.avi,Train,1,150,299,5000,9966
Train|2408460154.avi|0,2408460154.avi,Train,0,0,149,0,4966
Train|2408460154.avi|1,2408460154.avi,Train,1,150,299,5000,9966
Train|2408460155.avi|0,2408460155.avi,Train,0,0,149,0,4966
Train|2408460155.avi|1,2408460155.avi,Train,1,150,299,5000,9966
Train|2408460156.avi|0,2408460156.avi,Train,0,0,149,0,4966
Train|2408460156.avi|1,2408460156.avi,Train,1,150,299,5000,9966
Train|2408460158.avi|0,2408460158.avi,Train,0,0,149,0,4966
Train|2408460158.avi|1,2408460158.avi,Train,1,150,299,5000,9966
Train|2408460159.avi|0,2408460159.avi,Train,0,0,149,0,4966
Train|2408460159.avi|1,2408460159.avi,Train,1,150,299,5000,9966
Train|240846016.avi|0,240846016.avi,Train,0,0,149,0,4966
Train|240846016.avi|1,240846016.avi,Train,1,150,299,5000,9966
Train|2408460163.avi|0,2408460163.avi,Train,0,0,149,0,4966
Train|2408460163.avi|1,2408460163.avi,Train,1,150,299,5000,9966
Train|2408460166.avi|0,2408460166.avi,Train,0,0,149,0,4966
Train|2408460166.avi|1,2408460166.avi,Train,1,150,299,5000,9966
Train|240846017.avi|0,240846017.avi,Train,0,0,149,0,4966
Train|240846017.avi|1,240846017.avi,Train,1,150,299,5000,9966
Train|240846018.avi|0,240846018.avi,Train,0,0,149,0,4966
Train|240846018.avi|1,240846018.avi,Train,1,150,299,5000,9966
Train|240846019.avi|0,240846019.avi,Train,0,0,149,0,4966
Train|240846019.avi|1,240846019.avi,Train,1,150,299,5000,9966
Train|2408460211.avi|0,2408460211.avi,Train,0,0,149,0,4966
Train|2408460211.avi|1,2408460211.avi,Train,1,150,299,5000,9966
Train|2408460212.avi|0,2408460212.avi,Train,0,0,149,0,4966
Train|2408460212.avi|1,2408460212.avi,Train,1,150,299,5000,9966
Train|2408460213.avi|0,2408460213.avi,Train,0,0,149,0,4966
Train|2408460213.avi|1,2408460213.avi,Train,1,150,299,5000,9966
Train|2408460215.avi|0,2408460215.avi,Train,0,0,149,0,4966
Train|2408460215.avi|1,2408460215.avi,Train,1,150,299,5000,9966
Train|2408460217.avi|0,2408460217.avi,Train,0,0,149,0,4966
Train|2408460217.avi|1,2408460217.avi,Train,1,150,299,5000,9966
Train|2408460219.avi|0,2408460219.avi,Train,0,0,149,0,4966
Train|2408460219.avi|1,2408460219.avi,Train,1,150,299,5000,9966
Train|240846022.avi|0,240846022.avi,Train,0,0,149,0,4966
Train|240846022.avi|1,240846022.avi,Train,1,150,299,5000,9966
Train|2408460220.avi|0,2408460220.avi,Train,0,0,149,0,4966
Train|2408460220.avi|1,2408460220.avi,Train,1,150,299,5000,9966
Train|2408460221.avi|0,2408460221.avi,Train,0,0,149,0,4966
Train|2408460221.avi|1,2408460221.avi,Train,1,150,299,5000,9966
Train|2408460222.avi|0,2408460222.avi,Train,0,0,149,0,4966
Train|2408460222.avi|1,2408460222.avi,Train,1,150,299,5000,9966
Train|2408460223.avi|0,2408460223.avi,Train,0,0,149,0,4966
Train|2408460223.avi|1,2408460223.avi,Train,1,150,299,5000,9966
Train|2408460225.avi|0,2408460225.avi,Train,0,0,149,0,4966
Train|2408460225.avi|1,2408460225.avi,Train,1,150,299,5000,9966
Train|2408460226.avi|0,2408460226.avi,Train,0,0,149,0,4966
Train|2408460226.avi|1,2408460226.avi,Train,1,150,299,5000,9966
Train|2408460227.avi|0,2408460227.avi,Train,0,0,149,0,4966
Train|2408460227.avi|1,2408460227.avi,Train,1,150,299,5000,9966
Train|2408460229.avi|0,2408460229.avi,Train,0,0,149,0,4966
Train|2408460229.avi|1,2408460229.avi,Train,1,150,299,5000,9966
Train|240846023.avi|0,240846023.avi,Train,0,0,149,0,4966
Train|240846023.avi|1,240846023.avi,Train,1,150,299,5000,9966
Train|2408460234.avi|0,2408460234.avi,Train,0,0,149,0,4966
Train|2408460234.avi|1,2408460234.avi,Train,1,150,299,5000,9966
Train|2408460236.avi|0,2408460236.avi,Train,0,0,149,0,4966
Train|2408460236.avi|1,2408460236.avi,Train,1,150,299,5000,9966
Train|2408460237.avi|0,2408460237.avi,Train,0,0,149,0,4966
Train|2408460237.avi|1,2408460237.avi,Train,1,150,299,5000,9966
Train|2408460238.avi|0,2408460238.avi,Train,0,0,149,0,4966
Train|2408460238.avi|1,2408460238.avi,Train,1,150,299,5000,9966
Train|240846024.avi|0,240846024.avi,Train,0,0,149,0,4966
Train|240846024.avi|1,240846024.avi,Train,1,150,299,5000,9966
Train|2408460240.avi|0,2408460240.avi,Train,0,0,149,0,4966
Train|2408460240.avi|1,2408460240.avi,Train,1,150,299,5000,9966
Train|2408460242.avi|0,2408460242.avi,Train,0,0,149,0,4966
Train|2408460242.avi|1,2408460242.avi,Train,1,150,299,5000,9966
Train|2408460243.avi|0,2408460243.avi,Train,0,0,149,0,4966
Train|2408460243.avi|1,2408460243.avi,Train,1,150,299,5000,9966
Train|2408460244.avi|0,2408460244.avi,Train,0,0,149,0,4966
Train|2408460244.avi|1,2408460244.avi,Train,1,150,299,5000,9966
Train|2408460246.avi|0,2408460246.avi,Train,0,0,149,0,4966
Train|2408460246.avi|1,2408460246.avi,Train,1,150,299,5000,9966
Train|2408460247.avi|0,2408460247.avi,Train,0,0,149,0,4966
Train|2408460247.avi|1,2408460247.avi,Train,1,150,299,5000,9966
Train|2408460249.avi|0,2408460249.avi,Train,0,0,149,0,4966
Train|2408460249.avi|1,2408460249.avi,Train,1,150,299,5000,9966
Train|2408460252.avi|0,2408460252.avi,Train,0,0,149,0,4966
Train|2408460252.avi|1,2408460252.avi,Train,1,150,299,5000,9966
Train|2408460254.avi|0,2408460254.avi,Train,0,0,149,0,4966
Train|2408460254.avi|1,2408460254.avi,Train,1,150,299,5000,9966
Train|2408460255.avi|0,2408460255.avi,Train,0,0,149,0,4966
Train|2408460255.avi|1,2408460255.avi,Train,1,150,299,5000,9966
Train|2408460257.avi|0,2408460257.avi,Train,0,0,149,0,4966
Train|2408460257.avi|1,2408460257.avi,Train,1,150,299,5000,9966
Train|2408460260.avi|0,2408460260.avi,Train,0,0,149,0,4966
Train|2408460260.avi|1,2408460260.avi,Train,1,150,299,5000,9966
Train|2408460261.avi|0,2408460261.avi,Train,0,0,149,0,4966
Train|2408460261.avi|1,2408460261.avi,Train,1,150,299,5000,9966
Train|2408460265.avi|0,2408460265.avi,Train,0,0,149,0,4966
Train|2408460265.avi|1,2408460265.avi,Train,1,150,299,5000,9966
Train|2408460266.avi|0,2408460266.avi,Train,0,0,149,0,4966
Train|2408460266.avi|1,2408460266.avi,Train,1,150,299,5000,9966
Train|2408460268.avi|0,2408460268.avi,Train,0,0,149,0,4966
Train|2408460268.avi|1,2408460268.avi,Train,1,150,299,5000,9966
Train|2408460269.avi|0,2408460269.avi,Train,0,0,149,0,4966
Train|2408460269.avi|1,2408460269.avi,Train,1,150,299,5000,9966
Train|240846027.avi|0,240846027.avi,Train,0,0,149,0,4966
Train|240846027.avi|1,240846027.avi,Train,1,150,299,5000,9966
Train|2408460271.avi|0,2408460271.avi,Train,0,0,149,0,4966
Train|2408460271.avi|1,2408460271.avi,Train,1,150,299,5000,9966
Train|2408460272.avi|0,2408460272.avi,Train,0,0,149,0,4966
Train|2408460272.avi|1,2408460272.avi,Train,1,150,299,5000,9966
Train|2408460274.avi|0,2408460274.avi,Train,0,0,149,0,4966
Train|2408460274.avi|1,2408460274.avi,Train,1,150,299,5000,9966
Train|2408460276.avi|0,2408460276.avi,Train,0,0,149,0,4966
Train|2408460276.avi|1,2408460276.avi,Train,1,150,299,5000,9966
Train|2408460277.avi|0,2408460277.avi,Train,0,0,149,0,4966
Train|2408460277.avi|1,2408460277.avi,Train,1,150,299,5000,9966
Train|2408460278.avi|0,2408460278.avi,Train,0,0,149,0,4966
Train|2408460278.avi|1,2408460278.avi,Train,1,150,299,5000,9966
Train|240846028.avi|0,240846028.avi,Train,0,0,149,0,4966
Train|240846028.avi|1,240846028.avi,Train,1,150,299,5000,9966
Train|2408460280.avi|0,2408460280.avi,Train,0,0,149,0,4966
Train|2408460280.avi|1,2408460280.avi,Train,1,150,299,5000,9966
Train|240846029.avi|0,240846029.avi,Train,0,0,149,0,4966
Train|240846029.avi|1,240846029.avi,Train,1,150,299,5000,9966
Train|24851011.mp4|0,24851011.mp4,Train,0,0,149,0,4966
Train|24851011.mp4|1,24851011.mp4,Train,1,150,299,5000,9966
Train|248510111.mp4|0,248510111.mp4,Train,0,0,149,0,4966
Train|248510111.mp4|1,248510111.mp4,Train,1,150,299,5000,9966
Train|248510112.mp4|0,248510112.mp4,Train,0,0,149,0,4966
Train|248510112.mp4|1,248510112.mp4,Train,1,150,299,5000,9966
Train|248510114.mp4|0,248510114.mp4,Train,0,0,149,0,4966
Train|248510114.mp4|1,248510114.mp4,Train,1,150,299,5000,9966
Train|248510116.mp4|0,248510116.mp4,Train,0,0,149,0,4966
Train|248510116.mp4|1,248510116.mp4,Train,1,150,299,5000,9966
Train|248510117.mp4|0,248510117.mp4,Train,0,0,149,0,4966
Train|248510117.mp4|1,248510117.mp4,Train,1,150,299,5000,9966
Train|248510118.mp4|0,248510118.mp4,Train,0,0,149,0,4966
Train|248510118.mp4|1,248510118.mp4,Train,1,150,299,5000,9966
Train|248510119.mp4|0,248510119.mp4,Train,0,0,149,0,4966
Train|248510119.mp4|1,248510119.mp4,Train,1,150,299,5000,9966
Train|248510120.mp4|0,248510120.mp4,Train,0,0,149,0,4966
Train|248510120.mp4|1,248510120.mp4,Train,1,150,299,5000,9966
Train|248510125.mp4|0,248510125.mp4,Train,0,0,149,0,4966
Train|248510125.mp4|1,248510125.mp4,Train,1,150,299,5000,9966
Train|248510127.mp4|0,248510127.mp4,Train,0,0,149,0,4966
Train|248510127.mp4|1,248510127.mp4,Train,1,150,299,5000,9966
Train|248510128.mp4|0,248510128.mp4,Train,0,0,149,0,4966
Train|248510128.mp4|1,248510128.mp4,Train,1,150,299,5000,9966
Train|248510129.mp4|0,248510129.mp4,Train,0,0,149,0,4966
Train|248510129.mp4|1,248510129.mp4,Train,1,150,299,5000,9966
Train|24851013.mp4|0,24851013.mp4,Train,0,0,149,0,4966
Train|24851013.mp4|1,24851013.mp4,Train,1,150,299,5000,9966
Train|248510131.mp4|0,248510131.mp4,Train,0,0,149,0,4966
Train|248510131.mp4|1,248510131.mp4,Train,1,150,299,5000,9966
Train|248510136.mp4|0,248510136.mp4,Train,0,0,149,0,4966
Train|248510136.mp4|1,248510136.mp4,Train,1,150,299,5000,9966
Train|248510137.mp4|0,248510137.mp4,Train,0,0,149,0,4966
Train|248510137.mp4|1,248510137.mp4,Train,1,150,299,5000,9966
Train|24851014.mp4|0,24851014.mp4,Train,0,0,149,0,4966
Train|24851014.mp4|1,24851014.mp4,Train,1,150,299,5000,9966
Train|248510142.mp4|0,248510142.mp4,Train,0,0,149,0,4966
Train|248510142.mp4|1,248510142.mp4,Train,1,150,299,5000,9966
Train|248510147.mp4|0,248510147.mp4,Train,0,0,149,0,4966
Train|248510147.mp4|1,248510147.mp4,Train,1,150,299,5000,9966
Train|248510148.mp4|0,248510148.mp4,Train,0,0,149,0,4966
Train|248510148.mp4|1,248510148.mp4,Train,1,150,299,5000,9966
Train|24851015.mp4|0,24851015.mp4,Train,0,0,149,0,4966
Train|24851015.mp4|1,24851015.mp4,Train,1,150,299,5000,9966
Train|248510150.mp4|0,248510150.mp4,Train,0,0,149,0,4966
Train|248510150.mp4|1,248510150.mp4,Train,1,150,299,5000,9966
Train|248510151.mp4|0,248510151.mp4,Train,0,0,149,0,4966
Train|248510151.mp4|1,248510151.mp4,Train,1,150,299,5000,9966
Train|248510153.mp4|0,248510153.mp4,Train,0,0,149,0,4966
Train|248510153.mp4|1,248510153.mp4,Train,1,150,299,5000,9966
Train|248510155.mp4|0,248510155.mp4,Train,0,0,149,0,4966
Train|248510155.mp4|1,248510155.mp4,Train,1,150,299,5000,9966
Train|248510156.mp4|0,248510156.mp4,Train,0,0,149,0,4966
Train|248510156.mp4|1,248510156.mp4,Train,1,150,299,5000,9966
Train|248510157.mp4|0,248510157.mp4,Train,0,0,149,0,4966
Train|248510157.mp4|1,248510157.mp4,Train,1,150,299,5000,9966
Train|248510160.mp4|0,248510160.mp4,Train,0,0,149,0,4966
Train|248510160.mp4|1,248510160.mp4,Train,1,150,299,5000,9966
Train|248510161.mp4|0,248510161.mp4,Train,0,0,149,0,4966
Train|248510161.mp4|1,248510161.mp4,Train,1,150,299,5000,9966
Train|248510163.mp4|0,248510163.mp4,Train,0,0,149,0,4966
Train|248510163.mp4|1,248510163.mp4,Train,1,150,299,5000,9966
Train|248510164.mp4|0,248510164.mp4,Train,0,0,149,0,4966
Train|248510164.mp4|1,248510164.mp4,Train,1,150,299,5000,9966
Train|248510167.mp4|0,248510167.mp4,Train,0,0,149,0,4966
Train|248510167.mp4|1,248510167.mp4,Train,1,150,299,5000,9966
Train|248510170.mp4|0,248510170.mp4,Train,0,0,149,0,4966
Train|248510170.mp4|1,248510170.mp4,Train,1,150,299,5000,9966
Train|24851018.mp4|0,24851018.mp4,Train,0,0,149,0,4966
Train|24851018.mp4|1,24851018.mp4,Train,1,150,299,5000,9966
Train|24851019.mp4|0,24851019.mp4,Train,0,0,149,0,4966
Train|24851019.mp4|1,24851019.mp4,Train,1,150,299,5000,9966
Train|248510211.mp4|0,248510211.mp4,Train,0,0,149,0,4966
Train|248510211.mp4|1,248510211.mp4,Train,1,150,299,5000,9966
Train|248510212.mp4|0,248510212.mp4,Train,0,0,149,0,4966
Train|248510212.mp4|1,248510212.mp4,Train,1,150,299,5000,9966
Train|248510213.mp4|0,248510213.mp4,Train,0,0,149,0,4966
Train|248510213.mp4|1,248510213.mp4,Train,1,150,299,5000,9966
Train|248510214.mp4|0,248510214.mp4,Train,0,0,149,0,4966
Train|248510214.mp4|1,248510214.mp4,Train,1,150,299,5000,9966
Train|248510215.mp4|0,248510215.mp4,Train,0,0,149,0,4966
Train|248510215.mp4|1,248510215.mp4,Train,1,150,299,5000,9966
Train|248510216.mp4|0,248510216.mp4,Train,0,0,149,0,4966
Train|248510216.mp4|1,248510216.mp4,Train,1,150,299,5000,9966
Train|24851022.mp4|0,24851022.mp4,Train,0,0,149,0,4966
Train|24851022.mp4|1,24851022.mp4,Train,1,150,299,5000,9966
Train|248510220.mp4|0,248510220.mp4,Train,0,0,149,0,4966
Train|248510220.mp4|1,248510220.mp4,Train,1,150,299,5000,9966
Train|248510223.mp4|0,248510223.mp4,Train,0,0,149,0,4966
Train|248510223.mp4|1,248510223.mp4,Train,1,150,299,5000,9966
Train|248510225.mp4|0,248510225.mp4,Train,0,0,149,0,4966
Train|248510225.mp4|1,248510225.mp4,Train,1,150,299,5000,9966
Train|248510227.mp4|0,248510227.mp4,Train,0,0,149,0,4966
Train|248510227.mp4|1,248510227.mp4,Train,1,150,299,5000,9966
Train|248510229.mp4|0,248510229.mp4,Train,0,0,149,0,4966
Train|248510229.mp4|1,248510229.mp4,Train,1,150,299,5000,9966
Train|248510230.mp4|0,248510230.mp4,Train,0,0,149,0,4966
Train|248510230.mp4|1,248510230.mp4,Train,1,150,299,5000,9966
Train|248510232.mp4|0,248510232.mp4,Train,0,0,149,0,4966
Train|248510232.mp4|1,248510232.mp4,Train,1,150,299,5000,9966
Train|248510233.mp4|0,248510233.mp4,Train,0,0,149,0,4966
Train|248510233.mp4|1,248510233.mp4,Train,1,150,299,5000,9966
Train|248510235.mp4|0,248510235.mp4,Train,0,0,149,0,4966
Train|248510235.mp4|1,248510235.mp4,Train,1,150,299,5000,9966
Train|248510236.mp4|0,248510236.mp4,Train,0,0,149,0,4966
Train|248510236.mp4|1,248510236.mp4,Train,1,150,299,5000,9966
Train|24851024.mp4|0,24851024.mp4,Train,0,0,149,0,4966
Train|24851024.mp4|1,24851024.mp4,Train,1,150,299,5000,9966
Train|248510241.mp4|0,248510241.mp4,Train,0,0,149,0,4966
Train|248510241.mp4|1,248510241.mp4,Train,1,150,299,5000,9966
Train|248510242.mp4|0,248510242.mp4,Train,0,0,149,0,4966
Train|248510242.mp4|1,248510242.mp4,Train,1,150,299,5000,9966
Train|248510245.mp4|0,248510245.mp4,Train,0,0,149,0,4966
Train|248510245.mp4|1,248510245.mp4,Train,1,150,299,5000,9966
Train|248510246.mp4|0,248510246.mp4,Train,0,0,149,0,4966
Train|248510246.mp4|1,248510246.mp4,Train,1,150,299,5000,9966
Train|248510248.mp4|0,248510248.mp4,Train,0,0,149,0,4966
Train|248510248.mp4|1,248510248.mp4,Train,1,150,299,5000,9966
Train|248510249.mp4|0,248510249.mp4,Train,0,0,149,0,4966
Train|248510249.mp4|1,248510249.mp4,Train,1,150,299,5000,9966
Train|248510250.mp4|0,248510250.mp4,Train,0,0,149,0,4966
Train|248510250.mp4|1,248510250.mp4,Train,1,150,299,5000,9966
Train|248510251.mp4|0,248510251.mp4,Train,0,0,149,0,4966
Train|248510251.mp4|1,248510251.mp4,Train,1,150,299,5000,9966
Train|248510253.mp4|0,248510253.mp4,Train,0,0,149,0,4966
Train|248510253.mp4|1,248510253.mp4,Train,1,150,299,5000,9966
Train|248510255.mp4|0,248510255.mp4,Train,0,0,149,0,4966
Train|248510255.mp4|1,248510255.mp4,Train,1,150,299,5000,9966
Train|248510256.mp4|0,248510256.mp4,Train,0,0,149,0,4966
Train|248510256.mp4|1,248510256.mp4,Train,1,150,299,5000,9966
Train|248510259.mp4|0,248510259.mp4,Train,0,0,149,0,4966
Train|248510259.mp4|1,248510259.mp4,Train,1,150,299,5000,9966
Train|24851026.mp4|0,24851026.mp4,Train,0,0,149,0,4966
Train|24851026.mp4|1,24851026.mp4,Train,1,150,299,5000,9966
Train|248510260.mp4|0,248510260.mp4,Train,0,0,149,0,4966
Train|248510260.mp4|1,248510260.mp4,Train,1,150,299,5000,9966
Train|248510262.mp4|0,248510262.mp4,Train,0,0,149,0,4966
Train|248510262.mp4|1,248510262.mp4,Train,1,150,299,5000,9966
Train|248510264.mp4|0,248510264.mp4,Train,0,0,149,0,4966
Train|248510264.mp4|1,248510264.mp4,Train,1,150,299,5000,9966
Train|248510265.mp4|0,248510265.mp4,Train,0,0,149,0,4966
Train|248510265.mp4|1,248510265.mp4,Train,1,150,299,5000,9966
Train|248510267.mp4|0,248510267.mp4,Train,0,0,149,0,4966
Train|248510267.mp4|1,248510267.mp4,Train,1,150,299,5000,9966
Train|248510268.mp4|0,248510268.mp4,Train,0,0,149,0,4966
Train|248510268.mp4|1,248510268.mp4,Train,1,150,299,5000,9966
Train|24851027.mp4|0,24851027.mp4,Train,0,0,149,0,4966
Train|24851027.mp4|1,24851027.mp4,Train,1,150,299,5000,9966
Train|248510271.mp4|0,248510271.mp4,Train,0,0,149,0,4966
Train|248510271.mp4|1,248510271.mp4,Train,1,150,299,5000,9966
Train|248510272.mp4|0,248510272.mp4,Train,0,0,149,0,4966
Train|248510272.mp4|1,248510272.mp4,Train,1,150,299,5000,9966
Train|248510273.mp4|0,248510273.mp4,Train,0,0,149,0,4966
Train|248510273.mp4|1,248510273.mp4,Train,1,150,299,5000,9966
Train|248510276.mp4|0,248510276.mp4,Train,0,0,149,0,4966
Train|248510276.mp4|1,248510276.mp4,Train,1,150,299,5000,9966
Train|248510278.mp4|0,248510278.mp4,Train,0,0,149,0,4966
Train|248510278.mp4|1,248510278.mp4,Train,1,150,299,5000,9966
Train|24851028.mp4|0,24851028.mp4,Train,0,0,149,0,4966
Train|24851028.mp4|1,24851028.mp4,Train,1,150,299,5000,9966
Train|2904280110.mp4|0,2904280110.mp4,Train,0,0,149,0,4966
Train|2904280110.mp4|1,2904280110.mp4,Train,1,150,299,5000,9966
Train|29042801110.mp4|0,29042801110.mp4,Train,0,0,149,0,4966
Train|29042801110.mp4|1,29042801110.mp4,Train,1,150,299,5000,9966
Train|29042801170.mp4|0,29042801170.mp4,Train,0,0,149,0,4966
Train|29042801170.mp4|1,29042801170.mp4,Train,1,150,299,5000,9966
Train|29042801180.mp4|0,29042801180.mp4,Train,0,0,149,0,4966
Train|29042801180.mp4|1,29042801180.mp4,Train,1,150,299,5000,9966
Train|2904280120.mp4|0,2904280120.mp4,Train,0,0,149,0,4966
Train|2904280120.mp4|1,2904280120.mp4,Train,1,150,299,5000,9966
Train|29042801220.mp4|0,29042801220.mp4,Train,0,0,149,0,4966
Train|29042801220.mp4|1,29042801220.mp4,Train,1,150,299,5000,9966
Train|29042801230.mp4|0,29042801230.mp4,Train,0,0,149,0,4966
Train|29042801230.mp4|1,29042801230.mp4,Train,1,150,299,5000,9966
Train|29042801250.mp4|0,29042801250.mp4,Train,0,0,149,0,4966
Train|29042801250.mp4|1,29042801250.mp4,Train,1,150,299,5000,9966
Train|29042801260.mp4|0,29042801260.mp4,Train,0,0,149,0,4966
Train|29042801260.mp4|1,29042801260.mp4,Train,1,150,299,5000,9966
Train|29042801290.mp4|0,29042801290.mp4,Train,0,0,149,0,4966
Train|29042801290.mp4|1,29042801290.mp4,Train,1,150,299,5000,9966
Train|29042801300.mp4|0,29042801300.mp4,Train,0,0,149,0,4966
Train|29042801300.mp4|1,29042801300.mp4,Train,1,150,299,5000,9966
Train|29042801320.mp4|0,29042801320.mp4,Train,0,0,149,0,4966
Train|29042801320.mp4|1,29042801320.mp4,Train,1,150,299,5000,9966
Train|29042801340.mp4|0,29042801340.mp4,Train,0,0,149,0,4966
Train|29042801340.mp4|1,29042801340.mp4,Train,1,150,299,5000,9966
Train|29042801350.mp4|0,29042801350.mp4,Train,0,0,149,0,4966
Train|29042801350.mp4|1,29042801350.mp4,Train,1,150,299,5000,9966
Train|29042801370.mp4|0,29042801370.mp4,Train,0,0,149,0,4966
Train|29042801370.mp4|1,29042801370.mp4,Train,1,150,299,5000,9966
Train|29042801390.mp4|0,29042801390.mp4,Train,0,0,149,0,4966
Train|29042801390.mp4|1,29042801390.mp4,Train,1,150,299,5000,9966
Train|2904280140.mp4|0,2904280140.mp4,Train,0,0,149,0,4966
Train|2904280140.mp4|1,2904280140.mp4,Train,1,150,299,5000,9966
Train|29042801440.mp4|0,29042801440.mp4,Train,0,0,149,0,4966
Train|29042801440.mp4|1,29042801440.mp4,Train,1,150,299,5000,9966
Train|29042801450.mp4|0,29042801450.mp4,Train,0,0,149,0,4966
Train|29042801450.mp4|1,29042801450.mp4,Train,1,150,299,5000,9966
Train|29042801470.mp4|0,29042801470.mp4,Train,0,0,149,0,4966
Train|29042801470.mp4|1,29042801470.mp4,Train,1,150,299,5000,9966
Train|29042801480.mp4|0,29042801480.mp4,Train,0,0,149,0,4966
Train|29042801480.mp4|1,29042801480.mp4,Train,1,150,299,5000,9966
Train|2904280150.mp4|0,2904280150.mp4,Train,0,0,149,0,4966
Train|2904280150.mp4|1,2904280150.mp4,Train,1,150,299,5000,9966
Train|29042801500.mp4|0,29042801500.mp4,Train,0,0,149,0,4966
Train|29042801500.mp4|1,29042801500.mp4,Train,1,150,299,5000,9966
Train|29042801550.mp4|0,29042801550.mp4,Train,0,0,149,0,4966
Train|29042801550.mp4|1,29042801550.mp4,Train,1,150,299,5000,9966
Train|29042801570.mp4|0,29042801570.mp4,Train,0,0,149,0,4966
Train|29042801570.mp4|1,29042801570.mp4,Train,1,150,299,5000,9966
Train|29042801580.mp4|0,29042801580.mp4,Train,0,0,149,0,4966
Train|29042801580.mp4|1,29042801580.mp4,Train,1,150,299,5000,9966
Train|2904280160.mp4|0,2904280160.mp4,Train,0,0,149,0,4966
Train|2904280160.mp4|1,2904280160.mp4,Train,1,150,299,5000,9966
Train|29042801600.mp4|0,29042801600.mp4,Train,0,0,149,0,4966
Train|29042801600.mp4|1,29042801600.mp4,Train,1,150,299,5000,9966
Train|29042801630.mp4|0,29042801630.mp4,Train,0,0,149,0,4966
Train|29042801630.mp4|1,29042801630.mp4,Train,1,150,299,5000,9966
Train|29042801640.mp4|0,29042801640.mp4,Train,0,0,149,0,4966
Train|29042801640.mp4|1,29042801640.mp4,Train,1,150,299,5000,9966
Train|29042801650.mp4|0,29042801650.mp4,Train,0,0,149,0,4966
Train|29042801650.mp4|1,29042801650.mp4,Train,1,150,299,5000,9966
Train|29042801680.mp4|0,29042801680.mp4,Train,0,0,149,0,4966
Train|29042801680.mp4|1,29042801680.mp4,Train,1,150,299,5000,9966
Train|29042801690.mp4|0,29042801690.mp4,Train,0,0,149,0,4966
Train|29042801690.mp4|1,29042801690.mp4,Train,1,150,299,5000,9966
Train|2904280170.mp4|0,2904280170.mp4,Train,0,0,149,0,4966
Train|2904280170.mp4|1,2904280170.mp4,Train,1,150,299,5000,9966
Train|29042801710.mp4|0,29042801710.mp4,Train,0,0,149,0,4966
Train|29042801710.mp4|1,29042801710.mp4,Train,1,150,299,5000,9966
Train|29042801740.mp4|0,29042801740.mp4,Train,0,0,149,0,4966
Train|29042801740.mp4|1,29042801740.mp4,Train,1,150,299,5000,9966
Train|29042801750.mp4|0,29042801750.mp4,Train,0,0,149,0,4966
Train|29042801750.mp4|1,29042801750.mp4,Train,1,150,299,5000,9966
Train|29042801770.mp4|0,29042801770.mp4,Train,0,0,149,0,4966
Train|29042801770.mp4|1,29042801770.mp4,Train,1,150,299,5000,9966
Train|29042801780.mp4|0,29042801780.mp4,Train,0,0,149,0,4966
Train|29042801780.mp4|1,29042801780.mp4,Train,1,150,299,5000,9966
Train|29042801790.mp4|0,29042801790.mp4,Train,0,0,149,0,4966
Train|29042801790.mp4|1,29042801790.mp4,Train,1,150,299,5000,9966
Train|2904280180.mp4|0,2904280180.mp4,Train,0,0,149,0,4966
Train|2904280180.mp4|1,2904280180.mp4,Train,1,150,299,5000,9966
Train|2904280190.mp4|0,2904280190.mp4,Train,0,0,149,0,4966
Train|2904280190.mp4|1,2904280190.mp4,Train,1,150,299,5000,9966
Train|29042802110.mp4|0,29042802110.mp4,Train,0,0,149,0,4966
Train|29042802110.mp4|1,29042802110.mp4,Train,1,150,299,5000,9966
Train|29042802140.mp4|0,29042802140.mp4,Train,0,0,149,0,4966
Train|29042802140.mp4|1,29042802140.mp4,Train,1,150,299,5000,9966
Train|29042802150.mp4|0,29042802150.mp4,Train,0,0,149,0,4966
Train|29042802150.mp4|1,29042802150.mp4,Train,1,150,299,5000,9966
Train|29042802180.mp4|0,29042802180.mp4,Train,0,0,149,0,4966
Train|29042802180.mp4|1,29042802180.mp4,Train,1,150,299,5000,9966
Train|29042802200.mp4|0,29042802200.mp4,Train,0,0,149,0,4966
Train|29042802200.mp4|1,29042802200.mp4,Train,1,150,299,5000,9966
Train|29042802220.mp4|0,29042802220.mp4,Train,0,0,149,0,4966
Train|29042802220.mp4|1,29042802220.mp4,Train,1,150,299,5000,9966
Train|29042802240.mp4|0,29042802240.mp4,Train,0,0,149,0,4966
Train|29042802240.mp4|1,29042802240.mp4,Train,1,150,299,5000,9966
Train|29042802260.mp4|0,29042802260.mp4,Train,0,0,149,0,4966
Train|29042802260.mp4|1,29042802260.mp4,Train,1,150,299,5000,9966
Train|29042802280.mp4|0,29042802280.mp4,Train,0,0,149,0,4966
Train|29042802280.mp4|1,29042802280.mp4,Train,1,150,299,5000,9966
Train|2904280230.mp4|0,2904280230.mp4,Train,0,0,149,0,4966
Train|2904280230.mp4|1,2904280230.mp4,Train,1,150,299,5000,9966
Train|29042802310.mp4|0,29042802310.mp4,Train,0,0,149,0,4966
Train|29042802310.mp4|1,29042802310.mp4,Train,1,150,299,5000,9966
Train|29042802320.mp4|0,29042802320.mp4,Train,0,0,149,0,4966
Train|29042802320.mp4|1,29042802320.mp4,Train,1,150,299,5000,9966
Train|29042802340.mp4|0,29042802340.mp4,Train,0,0,149,0,4966
Train|29042802340.mp4|1,29042802340.mp4,Train,1,150,299,5000,9966
Train|29042802350.mp4|0,29042802350.mp4,Train,0,0,149,0,4966
Train|29042802350.mp4|1,29042802350.mp4,Train,1,150,299,5000,9966
Train|29042802380.mp4|0,29042802380.mp4,Train,0,0,149,0,4966
Train|29042802380.mp4|1,29042802380.mp4,Train,1,150,299,5000,9966
Train|29042802390.mp4|0,29042802390.mp4,Train,0,0,149,0,4966
Train|29042802390.mp4|1,29042802390.mp4,Train,1,150,299,5000,9966
Train|29042802410.mp4|0,29042802410.mp4,Train,0,0,149,0,4966
Train|29042802410.mp4|1,29042802410.mp4,Train,1,150,299,5000,9966
Train|29042802420.mp4|0,29042802420.mp4,Train,0,0,149,0,4966
Train|29042802420.mp4|1,29042802420.mp4,Train,1,150,299,5000,9966
Train|29042802430.mp4|0,29042802430.mp4,Train,0,0,149,0,4966
Train|29042802430.mp4|1,29042802430.mp4,Train,1,150,299,5000,9966
Train|29042802440.mp4|0,29042802440.mp4,Train,0,0,149,0,4966
Train|29042802440.mp4|1,29042802440.mp4,Train,1,150,299,5000,9966
Train|29042802450.mp4|0,29042802450.mp4,Train,0,0,149,0,4966
Train|29042802450.mp4|1,29042802450.mp4,Train,1,150,299,5000,9966
Train|29042802460.mp4|0,29042802460.mp4,Train,0,0,149,0,4966
Train|29042802460.mp4|1,29042802460.mp4,Train,1,150,299,5000,9966
Train|29042802470.mp4|0,29042802470.mp4,Train,0,0,149,0,4966
Train|29042802470.mp4|1,29042802470.mp4,Train,1,150,299,5000,9966
Train|29042802480.mp4|0,29042802480.mp4,Train,0,0,149,0,4966
Train|29042802480.mp4|1,29042802480.mp4,Train,1,150,299,5000,9966
Train|2904280250.mp4|0,2904280250.mp4,Train,0,0,149,0,4966
Train|2904280250.mp4|1,2904280250.mp4,Train,1,150,299,5000,9966
Train|29042802500.mp4|0,29042802500.mp4,Train,0,0,149,0,4966
Train|29042802500.mp4|1,29042802500.mp4,Train,1,150,299,5000,9966
Train|29042802510.mp4|0,29042802510.mp4,Train,0,0,149,0,4966
Train|29042802510.mp4|1,29042802510.mp4,Train,1,150,299,5000,9966
Train|29042802520.mp4|0,29042802520.mp4,Train,0,0,149,0,4966
Train|29042802520.mp4|1,29042802520.mp4,Train,1,150,299,5000,9966
Train|29042802530.mp4|0,29042802530.mp4,Train,0,0,149,0,4966
Train|29042802530.mp4|1,29042802530.mp4,Train,1,150,299,5000,9966
Train|29042802560.mp4|0,29042802560.mp4,Train,0,0,149,0,4966
Train|29042802560.mp4|1,29042802560.mp4,Train,1,150,299,5000,9966
Train|29042802570.mp4|0,29042802570.mp4,Train,0,0,149,0,4966
Train|29042802570.mp4|1,29042802570.mp4,Train,1,150,299,5000,9966
Train|2904280260.mp4|0,2904280260.mp4,Train,0,0,149,0,4966
Train|2904280260.mp4|1,2904280260.mp4,Train,1,150,299,5000,9966
Train|29042802600.mp4|0,29042802600.mp4,Train,0,0,149,0,4966
Train|29042802600.mp4|1,29042802600.mp4,Train,1,150,299,5000,9966
Train|29042802640.mp4|0,29042802640.mp4,Train,0,0,149,0,4966
Train|29042802640.mp4|1,29042802640.mp4,Train,1,150,299,5000,9966
Train|29042802660.mp4|0,29042802660.mp4,Train,0,0,149,0,4966
Train|29042802660.mp4|1,29042802660.mp4,Train,1,150,299,5000,9966
Train|29042802670.mp4|0,29042802670.mp4,Train,0,0,149,0,4966
Train|29042802670.mp4|1,29042802670.mp4,Train,1,150,299,5000,9966
Train|29042802680.mp4|0,29042802680.mp4,Train,0,0,149,0,4966
Train|29042802680.mp4|1,29042802680.mp4,Train,1,150,299,5000,9966
Train|29042802690.mp4|0,29042802690.mp4,Train,0,0,149,0,4966
Train|29042802690.mp4|1,29042802690.mp4,Train,1,150,299,5000,9966
Train|2904280270.mp4|0,2904280270.mp4,Train,0,0,149,0,4966
Train|2904280270.mp4|1,2904280270.mp4,Train,1,150,299,5000,9966
Train|29042802700.mp4|0,29042802700.mp4,Train,0,0,149,0,4966
Train|29042802700.mp4|1,29042802700.mp4,Train,1,150,299,5000,9966
Train|29042802720.mp4|0,29042802720.mp4,Train,0,0,149,0,4966
Train|29042802720.mp4|1,29042802720.mp4,Train,1,150,299,5000,9966
Train|29042802740.mp4|0,29042802740.mp4,Train,0,0,149,0,4966
Train|29042802740.mp4|1,29042802740.mp4,Train,1,150,299,5000,9966
Train|29042802750.mp4|0,29042802750.mp4,Train,0,0,149,0,4966
Train|29042802750.mp4|1,29042802750.mp4,Train,1,150,299,5000,9966
Train|29042802760.mp4|0,29042802760.mp4,Train,0,0,149,0,4966
Train|29042802760.mp4|1,29042802760.mp4,Train,1,150,299,5000,9966
Train|29042802770.mp4|0,29042802770.mp4,Train,0,0,149,0,4966
Train|29042802770.mp4|1,29042802770.mp4,Train,1,150,299,5000,9966
Train|29042802790.mp4|0,29042802790.mp4,Train,0,0,149,0,4966
Train|29042802790.mp4|1,29042802790.mp4,Train,1,150,299,5000,9966
Train|2904280280.mp4|0,2904280280.mp4,Train,0,0,149,0,4966
Train|2904280280.mp4|1,2904280280.mp4,Train,1,150,299,5000,9966
Train|29042802800.mp4|0,29042802800.mp4,Train,0,0,149,0,4966
Train|29042802800.mp4|1,29042802800.mp4,Train,1,150,299,5000,9966
Train|29042802830.mp4|0,29042802830.mp4,Train,0,0,149,0,4966
Train|29042802830.mp4|1,29042802830.mp4,Train,1,150,299,5000,9966
Train|29042802860.mp4|0,29042802860.mp4,Train,0,0,149,0,4966
Train|29042802860.mp4|1,29042802860.mp4,Train,1,150,299,5000,9966
Train|2904280290.mp4|0,2904280290.mp4,Train,0,0,149,0,4966
Train|2904280290.mp4|1,2904280290.mp4,Train,1,150,299,5000,9966
Train|303830110.mp4|0,303830110.mp4,Train,0,0,149,0,4966
Train|303830110.mp4|1,303830110.mp4,Train,1,150,299,5000,9966
Train|303830113.mp4|0,303830113.mp4,Train,0,0,149,0,4966
Train|303830113.mp4|1,303830113.mp4,Train,1,150,299,5000,9966
Train|303830115.mp4|0,303830115.mp4,Train,0,0,149,0,4966
Train|303830115.mp4|1,303830115.mp4,Train,1,150,299,5000,9966
Train|303830117.mp4|0,303830117.mp4,Train,0,0,149,0,4966
Train|303830117.mp4|1,303830117.mp4,Train,1,150,299,5000,9966
Train|303830118.mp4|0,303830118.mp4,Train,0,0,149,0,4966
Train|303830118.mp4|1,303830118.mp4,Train,1,150,299,5000,9966
Train|303830121.mp4|0,303830121.mp4,Train,0,0,149,0,4966
Train|303830121.mp4|1,303830121.mp4,Train,1,150,299,5000,9966
Train|303830122.mp4|0,303830122.mp4,Train,0,0,149,0,4966
Train|303830122.mp4|1,303830122.mp4,Train,1,150,299,5000,9966
Train|303830123.mp4|0,303830123.mp4,Train,0,0,149,0,4966
Train|303830123.mp4|1,303830123.mp4,Train,1,150,299,5000,9966
Train|303830126.mp4|0,303830126.mp4,Train,0,0,149,0,4966
Train|303830126.mp4|1,303830126.mp4,Train,1,150,299,5000,9966
Train|303830127.mp4|0,303830127.mp4,Train,0,0,149,0,4966
Train|303830127.mp4|1,303830127.mp4,Train,1,150,299,5000,9966
Train|303830128.mp4|0,303830128.mp4,Train,0,0,149,0,4966
Train|303830128.mp4|1,303830128.mp4,Train,1,150,299,5000,9966
Train|30383013.mp4|0,30383013.mp4,Train,0,0,149,0,4966
Train|30383013.mp4|1,30383013.mp4,Train,1,150,299,5000,9966
Train|303830131.mp4|0,303830131.mp4,Train,0,0,149,0,4966
Train|303830131.mp4|1,303830131.mp4,Train,1,150,299,5000,9966
Train|303830132.mp4|0,303830132.mp4,Train,0,0,149,0,4966
Train|303830132.mp4|1,303830132.mp4,Train,1,150,299,5000,9966
Train|303830133.mp4|0,303830133.mp4,Train,0,0,149,0,4966
Train|303830133.mp4|1,303830133.mp4,Train,1,150,299,5000,9966
Train|303830138.mp4|0,303830138.mp4,Train,0,0,149,0,4966
Train|303830138.mp4|1,303830138.mp4,Train,1,150,299,5000,9966
Train|303830139.mp4|0,303830139.mp4,Train,0,0,149,0,4966
Train|303830139.mp4|1,303830139.mp4,Train,1,150,299,5000,9966
Train|30383014.mp4|0,30383014.mp4,Train,0,0,149,0,4966
Train|30383014.mp4|1,30383014.mp4,Train,1,150,299,5000,9966
Train|303830141.mp4|0,303830141.mp4,Train,0,0,149,0,4966
Train|303830141.mp4|1,303830141.mp4,Train,1,150,299,5000,9966
Train|303830143.mp4|0,303830143.mp4,Train,0,0,149,0,4966
Train|303830143.mp4|1,303830143.mp4,Train,1,150,299,5000,9966
Train|303830144.mp4|0,303830144.mp4,Train,0,0,149,0,4966
Train|303830144.mp4|1,303830144.mp4,Train,1,150,299,5000,9966
Train|303830146.mp4|0,303830146.mp4,Train,0,0,149,0,4966
Train|303830146.mp4|1,303830146.mp4,Train,1,150,299,5000,9966
Train|303830147.mp4|0,303830147.mp4,Train,0,0,149,0,4966
Train|303830147.mp4|1,303830147.mp4,Train,1,150,299,5000,9966
Train|303830148.mp4|0,303830148.mp4,Train,0,0,149,0,4966
Train|303830148.mp4|1,303830148.mp4,Train,1,150,299,5000,9966
Train|303830149.mp4|0,303830149.mp4,Train,0,0,149,0,4966
Train|303830149.mp4|1,303830149.mp4,Train,1,150,299,5000,9966
Train|30383015.mp4|0,30383015.mp4,Train,0,0,149,0,4966
Train|30383015.mp4|1,30383015.mp4,Train,1,150,299,5000,9966
Train|303830151.mp4|0,303830151.mp4,Train,0,0,149,0,4966
Train|303830151.mp4|1,303830151.mp4,Train,1,150,299,5000,9966
Train|303830155.mp4|0,303830155.mp4,Train,0,0,149,0,4966
Train|303830155.mp4|1,303830155.mp4,Train,1,150,299,5000,9966
Train|303830156.mp4|0,303830156.mp4,Train,0,0,149,0,4966
Train|303830156.mp4|1,303830156.mp4,Train,1,150,299,5000,9966
Train|303830157.mp4|0,303830157.mp4,Train,0,0,149,0,4966
Train|303830157.mp4|1,303830157.mp4,Train,1,150,299,5000,9966
Train|303830158.mp4|0,303830158.mp4,Train,0,0,149,0,4966
Train|303830158.mp4|1,303830158.mp4,Train,1,150,299,5000,9966
Train|303830159.mp4|0,303830159.mp4,Train,0,0,149,0,4966
Train|303830159.mp4|1,303830159.mp4,Train,1,150,299,5000,9966
Train|30383016.mp4|0,30383016.mp4,Train,0,0,149,0,4966
Train|30383016.mp4|1,30383016.mp4,Train,1,150,299,5000,9966
Train|303830160.mp4|0,303830160.mp4,Train,0,0,149,0,4966
Train|303830160.mp4|1,303830160.mp4,Train,1,150,299,5000,9966
Train|303830161.mp4|0,303830161.mp4,Train,0,0,149,0,4966
Train|303830161.mp4|1,303830161.mp4,Train,1,150,299,5000,9966
Train|303830162.mp4|0,303830162.mp4,Train,0,0,149,0,4966
Train|303830162.mp4|1,303830162.mp4,Train,1,150,299,5000,9966
Train|303830166.mp4|0,303830166.mp4,Train,0,0,149,0,4966
Train|303830166.mp4|1,303830166.mp4,Train,1,150,299,5000,9966
Train|303830167.mp4|0,303830167.mp4,Train,0,0,149,0,4966
Train|303830167.mp4|1,303830167.mp4,Train,1,150,299,5000,9966
Train|303830169.mp4|0,303830169.mp4,Train,0,0,149,0,4966
Train|303830169.mp4|1,303830169.mp4,Train,1,150,299,5000,9966
Train|303830171.mp4|0,303830171.mp4,Train,0,0,149,0,4966
Train|303830171.mp4|1,303830171.mp4,Train,1,150,299,5000,9966
Train|303830174.mp4|0,303830174.mp4,Train,0,0,149,0,4966
Train|303830174.mp4|1,303830174.mp4,Train,1,150,299,5000,9966
Train|303830175.mp4|0,303830175.mp4,Train,0,0,149,0,4966
Train|303830175.mp4|1,303830175.mp4,Train,1,150,299,5000,9966
Train|303830178.mp4|0,303830178.mp4,Train,0,0,149,0,4966
Train|303830178.mp4|1,303830178.mp4,Train,1,150,299,5000,9966
Train|303830182.mp4|0,303830182.mp4,Train,0,0,149,0,4966
Train|303830182.mp4|1,303830182.mp4,Train,1,150,299,5000,9966
Train|303830183.mp4|0,303830183.mp4,Train,0,0,149,0,4966
Train|303830183.mp4|1,303830183.mp4,Train,1,150,299,5000,9966
Train|303830184.mp4|0,303830184.mp4,Train,0,0,149,0,4966
Train|303830184.mp4|1,303830184.mp4,Train,1,150,299,5000,9966
Train|303830210.mp4|0,303830210.mp4,Train,0,0,149,0,4966
Train|303830210.mp4|1,303830210.mp4,Train,1,150,299,5000,9966
Train|303830211.mp4|0,303830211.mp4,Train,0,0,149,0,4966
Train|303830211.mp4|1,303830211.mp4,Train,1,150,299,5000,9966
Train|303830212.mp4|0,303830212.mp4,Train,0,0,149,0,4966
Train|303830212.mp4|1,303830212.mp4,Train,1,150,299,5000,9966
Train|303830216.mp4|0,303830216.mp4,Train,0,0,149,0,4966
Train|303830216.mp4|1,303830216.mp4,Train,1,150,299,5000,9966
Train|303830217.mp4|0,303830217.mp4,Train,0,0,149,0,4966
Train|303830217.mp4|1,303830217.mp4,Train,1,150,299,5000,9966
Train|303830218.mp4|0,303830218.mp4,Train,0,0,149,0,4966
Train|303830218.mp4|1,303830218.mp4,Train,1,150,299,5000,9966
Train|30383022.mp4|0,30383022.mp4,Train,0,0,149,0,4966
Train|30383022.mp4|1,30383022.mp4,Train,1,150,299,5000,9966
Train|303830220.mp4|0,303830220.mp4,Train,0,0,149,0,4966
Train|303830220.mp4|1,303830220.mp4,Train,1,150,299,5000,9966
Train|303830221.mp4|0,303830221.mp4,Train,0,0,149,0,4966
Train|303830221.mp4|1,303830221.mp4,Train,1,150,299,5000,9966
Train|303830223.mp4|0,303830223.mp4,Train,0,0,149,0,4966
Train|303830223.mp4|1,303830223.mp4,Train,1,150,299,5000,9966
Train|303830224.mp4|0,303830224.mp4,Train,0,0,149,0,4966
Train|303830224.mp4|1,303830224.mp4,Train,1,150,299,5000,9966
Train|303830225.mp4|0,303830225.mp4,Train,0,0,149,0,4966
Train|303830225.mp4|1,303830225.mp4,Train,1,150,299,5000,9966
Train|303830227.mp4|0,303830227.mp4,Train,0,0,149,0,4966
Train|303830227.mp4|1,303830227.mp4,Train,1,150,299,5000,9966
Train|303830229.mp4|0,303830229.mp4,Train,0,0,149,0,4966
Train|303830229.mp4|1,303830229.mp4,Train,1,150,299,5000,9966
Train|30383023.mp4|0,30383023.mp4,Train,0,0,149,0,4966
Train|30383023.mp4|1,30383023.mp4,Train,1,150,299,5000,9966
Train|303830234.mp4|0,303830234.mp4,Train,0,0,149,0,4966
Train|303830234.mp4|1,303830234.mp4,Train,1,150,299,5000,9966
Train|303830236.mp4|0,303830236.mp4,Train,0,0,149,0,4966
Train|303830236.mp4|1,303830236.mp4,Train,1,150,299,5000,9966
Train|303830239.mp4|0,303830239.mp4,Train,0,0,149,0,4966
Train|303830239.mp4|1,303830239.mp4,Train,1,150,299,5000,9966
Train|303830240.mp4|0,303830240.mp4,Train,0,0,149,0,4966
Train|303830240.mp4|1,303830240.mp4,Train,1,150,299,5000,9966
Train|303830241.mp4|0,303830241.mp4,Train,0,0,149,0,4966
Train|303830241.mp4|1,303830241.mp4,Train,1,150,299,5000,9966
Train|303830242.mp4|0,303830242.mp4,Train,0,0,149,0,4966
Train|303830242.mp4|1,303830242.mp4,Train,1,150,299,5000,9966
Train|303830245.mp4|0,303830245.mp4,Train,0,0,149,0,4966
Train|303830245.mp4|1,303830245.mp4,Train,1,150,299,5000,9966
Train|303830246.mp4|0,303830246.mp4,Train,0,0,149,0,4966
Train|303830246.mp4|1,303830246.mp4,Train,1,150,299,5000,9966
Train|303830247.mp4|0,303830247.mp4,Train,0,0,149,0,4966
Train|303830247.mp4|1,303830247.mp4,Train,1,150,299,5000,9966
Train|303830249.mp4|0,303830249.mp4,Train,0,0,149,0,4966
Train|303830249.mp4|1,303830249.mp4,Train,1,150,299,5000,9966
Train|30383025.mp4|0,30383025.mp4,Train,0,0,149,0,4966
Train|30383025.mp4|1,30383025.mp4,Train,1,150,299,5000,9966
Train|303830250.mp4|0,303830250.mp4,Train,0,0,149,0,4966
Train|303830250.mp4|1,303830250.mp4,Train,1,150,299,5000,9966
Train|303830255.mp4|0,303830255.mp4,Train,0,0,149,0,4966
Train|303830255.mp4|1,303830255.mp4,Train,1,150,299,5000,9966
Train|303830258.mp4|0,303830258.mp4,Train,0,0,149,0,4966
Train|303830258.mp4|1,303830258.mp4,Train,1,150,299,5000,9966
Train|303830259.mp4|0,303830259.mp4,Train,0,0,149,0,4966
Train|303830259.mp4|1,303830259.mp4,Train,1,150,299,5000,9966
Train|303830263.mp4|0,303830263.mp4,Train,0,0,149,0,4966
Train|303830263.mp4|1,303830263.mp4,Train,1,150,299,5000,9966
Train|303830269.mp4|0,303830269.mp4,Train,0,0,149,0,4966
Train|303830269.mp4|1,303830269.mp4,Train,1,150,299,5000,9966
Train|303830270.mp4|0,303830270.mp4,Train,0,0,149,0,4966
Train|303830270.mp4|1,303830270.mp4,Train,1,150,299,5000,9966
Train|303830273.mp4|0,303830273.mp4,Train,0,0,149,0,4966
Train|303830273.mp4|1,303830273.mp4,Train,1,150,299,5000,9966
Train|303830274.mp4|0,303830274.mp4,Train,0,0,149,0,4966
Train|303830274.mp4|1,303830274.mp4,Train,1,150,299,5000,9966
Train|303830278.mp4|0,303830278.mp4,Train,0,0,149,0,4966
Train|303830278.mp4|1,303830278.mp4,Train,1,150,299,5000,9966
Train|30383028.mp4|0,30383028.mp4,Train,0,0,149,0,4966
Train|30383028.mp4|1,30383028.mp4,Train,1,150,299,5000,9966
Train|3100621001.avi|0,3100621001.avi,Train,0,0,149,0,4966
Train|3100621001.avi|1,3100621001.avi,Train,1,150,299,5000,9966
Train|3100621002.avi|0,3100621002.avi,Train,0,0,149,0,4966
Train|3100621002.avi|1,3100621002.avi,Train,1,150,299,5000,9966
Train|3100621003.avi|0,3100621003.avi,Train,0,0,149,0,4966
Train|3100621003.avi|1,3100621003.avi,Train,1,150,299,5000,9966
Train|3100621004.avi|0,3100621004.avi,Train,0,0,149,0,4966
Train|3100621004.avi|1,3100621004.avi,Train,1,150,299,5000,9966
Train|3100621005.avi|0,3100621005.avi,Train,0,0,149,0,4966
Train|3100621005.avi|1,3100621005.avi,Train,1,150,299,5000,9966
Train|3100621007.avi|0,3100621007.avi,Train,0,0,149,0,4966
Train|3100621007.avi|1,3100621007.avi,Train,1,150,299,5000,9966
Train|3100621009.avi|0,3100621009.avi,Train,0,0,149,0,4966
Train|3100621009.avi|1,3100621009.avi,Train,1,150,299,5000,9966
Train|3100621010.avi|0,3100621010.avi,Train,0,0,149,0,4966
Train|3100621010.avi|1,3100621010.avi,Train,1,150,299,5000,9966
Train|3100621011.avi|0,3100621011.avi,Train,0,0,149,0,4966
Train|3100621011.avi|1,3100621011.avi,Train,1,150,299,5000,9966
Train|3100621012.avi|0,3100621012.avi,Train,0,0,149,0,4966
Train|3100621012.avi|1,3100621012.avi,Train,1,150,299,5000,9966
Train|3100621013.avi|0,3100621013.avi,Train,0,0,149,0,4966
Train|3100621013.avi|1,3100621013.avi,Train,1,150,299,5000,9966
Train|3100621014.avi|0,3100621014.avi,Train,0,0,149,0,4966
Train|3100621014.avi|1,3100621014.avi,Train,1,150,299,5000,9966
Train|3100621016.avi|0,3100621016.avi,Train,0,0,149,0,4966
Train|3100621016.avi|1,3100621016.avi,Train,1,150,299,5000,9966
Train|3100621018.avi|0,3100621018.avi,Train,0,0,149,0,4966
Train|3100621018.avi|1,3100621018.avi,Train,1,150,299,5000,9966
Train|3100621019.avi|0,3100621019.avi,Train,0,0,149,0,4966
Train|3100621019.avi|1,3100621019.avi,Train,1,150,299,5000,9966
Train|3100621020.avi|0,3100621020.avi,Train,0,0,149,0,4966
Train|3100621020.avi|1,3100621020.avi,Train,1,150,299,5000,9966
Train|3100621022.avi|0,3100621022.avi,Train,0,0,149,0,4966
Train|3100621022.avi|1,3100621022.avi,Train,1,150,299,5000,9966
Train|3100621023.avi|0,3100621023.avi,Train,0,0,149,0,4966
Train|3100621023.avi|1,3100621023.avi,Train,1,150,299,5000,9966
Train|3100621024.avi|0,3100621024.avi,Train,0,0,149,0,4966
Train|3100621024.avi|1,3100621024.avi,Train,1,150,299,5000,9966
Train|3100621025.avi|0,3100621025.avi,Train,0,0,149,0,4966
Train|3100621025.avi|1,3100621025.avi,Train,1,150,299,5000,9966
Train|3100621026.avi|0,3100621026.avi,Train,0,0,149,0,4966
Train|3100621026.avi|1,3100621026.avi,Train,1,150,299,5000,9966
Train|3100621027.avi|0,3100621027.avi,Train,0,0,149,0,4966
Train|3100621027.avi|1,3100621027.avi,Train,1,150,299,5000,9966
Train|3100621028.avi|0,3100621028.avi,Train,0,0,149,0,4966
Train|3100621028.avi|1,3100621028.avi,Train,1,150,299,5000,9966
Train|3100621030.avi|0,3100621030.avi,Train,0,0,149,0,4966
Train|3100621030.avi|1,3100621030.avi,Train,1,150,299,5000,9966
Train|3100621031.avi|0,3100621031.avi,Train,0,0,149,0,4966
Train|3100621031.avi|1,3100621031.avi,Train,1,150,299,5000,9966
Train|3100621032.avi|0,3100621032.avi,Train,0,0,149,0,4966
Train|3100621032.avi|1,3100621032.avi,Train,1,150,299,5000,9966
Train|3100621033.avi|0,3100621033.avi,Train,0,0,149,0,4966
Train|3100621033.avi|1,3100621033.avi,Train,1,150,299,5000,9966
Train|3100621034.avi|0,3100621034.avi,Train,0,0,149,0,4966
Train|3100621034.avi|1,3100621034.avi,Train,1,150,299,5000,9966
Train|3100621035.avi|0,3100621035.avi,Train,0,0,149,0,4966
Train|3100621035.avi|1,3100621035.avi,Train,1,150,299,5000,9966
Train|3100621037.avi|0,3100621037.avi,Train,0,0,149,0,4966
Train|3100621037.avi|1,3100621037.avi,Train,1,150,299,5000,9966
Train|3100621039.avi|0,3100621039.avi,Train,0,0,149,0,4966
Train|3100621039.avi|1,3100621039.avi,Train,1,150,299,5000,9966
Train|3100621040.avi|0,3100621040.avi,Train,0,0,149,0,4966
Train|3100621040.avi|1,3100621040.avi,Train,1,150,299,5000,9966
Train|3100621041.avi|0,3100621041.avi,Train,0,0,149,0,4966
Train|3100621041.avi|1,3100621041.avi,Train,1,150,299,5000,9966
Train|3100621042.avi|0,3100621042.avi,Train,0,0,149,0,4966
Train|3100621042.avi|1,3100621042.avi,Train,1,150,299,5000,9966
Train|3100621043.avi|0,3100621043.avi,Train,0,0,149,0,4966
Train|3100621043.avi|1,3100621043.avi,Train,1,150,299,5000,9966
Train|3100621045.avi|0,3100621045.avi,Train,0,0,149,0,4966
Train|3100621045.avi|1,3100621045.avi,Train,1,150,299,5000,9966
Train|3100621046.avi|0,3100621046.avi,Train,0,0,149,0,4966
Train|3100621046.avi|1,3100621046.avi,Train,1,150,299,5000,9966
Train|3100621047.avi|0,3100621047.avi,Train,0,0,149,0,4966
Train|3100621047.avi|1,3100621047.avi,Train,1,150,299,5000,9966
Train|3100621048.avi|0,3100621048.avi,Train,0,0,149,0,4966
Train|3100621048.avi|1,3100621048.avi,Train,1,150,299,5000,9966
Train|3100621049.avi|0,3100621049.avi,Train,0,0,149,0,4966
Train|3100621049.avi|1,3100621049.avi,Train,1,150,299,5000,9966
Train|3100621051.avi|0,3100621051.avi,Train,0,0,149,0,4966
Train|3100621051.avi|1,3100621051.avi,Train,1,150,299,5000,9966
Train|3100621052.avi|0,3100621052.avi,Train,0,0,149,0,4966
Train|3100621052.avi|1,3100621052.avi,Train,1,150,299,5000,9966
Train|3100621053.avi|0,3100621053.avi,Train,0,0,149,0,4966
Train|3100621053.avi|1,3100621053.avi,Train,1,150,299,5000,9966
Train|3100621055.avi|0,3100621055.avi,Train,0,0,149,0,4966
Train|3100621055.avi|1,3100621055.avi,Train,1,150,299,5000,9966
Train|3100621057.avi|0,3100621057.avi,Train,0,0,149,0,4966
Train|3100621057.avi|1,3100621057.avi,Train,1,150,299,5000,9966
Train|3100621058.avi|0,3100621058.avi,Train,0,0,149,0,4966
Train|3100621058.avi|1,3100621058.avi,Train,1,150,299,5000,9966
Train|3100621059.avi|0,3100621059.avi,Train,0,0,149,0,4966
Train|3100621059.avi|1,3100621059.avi,Train,1,150,299,5000,9966
Train|3100621061.avi|0,3100621061.avi,Train,0,0,149,0,4966
Train|3100621061.avi|1,3100621061.avi,Train,1,150,299,5000,9966
Train|3100621062.avi|0,3100621062.avi,Train,0,0,149,0,4966
Train|3100621062.avi|1,3100621062.avi,Train,1,150,299,5000,9966
Train|3100621063.avi|0,3100621063.avi,Train,0,0,149,0,4966
Train|3100621063.avi|1,3100621063.avi,Train,1,150,299,5000,9966
Train|3100621064.avi|0,3100621064.avi,Train,0,0,149,0,4966
Train|3100621064.avi|1,3100621064.avi,Train,1,150,299,5000,9966
Train|3100622001.avi|0,3100622001.avi,Train,0,0,149,0,4966
Train|3100622001.avi|1,3100622001.avi,Train,1,150,299,5000,9966
Train|3100622002.avi|0,3100622002.avi,Train,0,0,149,0,4966
Train|3100622002.avi|1,3100622002.avi,Train,1,150,299,5000,9966
Train|3100622003.avi|0,3100622003.avi,Train,0,0,149,0,4966
Train|3100622003.avi|1,3100622003.avi,Train,1,150,299,5000,9966
Train|3100622006.avi|0,3100622006.avi,Train,0,0,149,0,4966
Train|3100622006.avi|1,3100622006.avi,Train,1,150,299,5000,9966
Train|3100622007.avi|0,3100622007.avi,Train,0,0,149,0,4966
Train|3100622007.avi|1,3100622007.avi,Train,1,150,299,5000,9966
Train|3100622008.avi|0,3100622008.avi,Train,0,0,149,0,4966
Train|3100622008.avi|1,3100622008.avi,Train,1,150,299,5000,9966
Train|3100622009.avi|0,3100622009.avi,Train,0,0,149,0,4966
Train|3100622009.avi|1,3100622009.avi,Train,1,150,299,5000,9966
Train|3100622011.avi|0,3100622011.avi,Train,0,0,149,0,4966
Train|3100622011.avi|1,3100622011.avi,Train,1,150,299,5000,9966
Train|3100622013.avi|0,3100622013.avi,Train,0,0,149,0,4966
Train|3100622013.avi|1,3100622013.avi,Train,1,150,299,5000,9966
Train|3100622015.avi|0,3100622015.avi,Train,0,0,149,0,4966
Train|3100622015.avi|1,3100622015.avi,Train,1,150,299,5000,9966
Train|3100622019.avi|0,3100622019.avi,Train,0,0,149,0,4966
Train|3100622019.avi|1,3100622019.avi,Train,1,150,299,5000,9966
Train|3100622020.avi|0,3100622020.avi,Train,0,0,149,0,4966
Train|3100622020.avi|1,3100622020.avi,Train,1,150,299,5000,9966
Train|3100622021.avi|0,3100622021.avi,Train,0,0,149,0,4966
Train|3100622021.avi|1,3100622021.avi,Train,1,150,299,5000,9966
Train|3100622023.avi|0,3100622023.avi,Train,0,0,149,0,4966
Train|3100622023.avi|1,3100622023.avi,Train,1,150,299,5000,9966
Train|3100622024.avi|0,3100622024.avi,Train,0,0,149,0,4966
Train|3100622024.avi|1,3100622024.avi,Train,1,150,299,5000,9966
Train|3100622026.avi|0,3100622026.avi,Train,0,0,149,0,4966
Train|3100622026.avi|1,3100622026.avi,Train,1,150,299,5000,9966
Train|3100622027.avi|0,3100622027.avi,Train,0,0,149,0,4966
Train|3100622027.avi|1,3100622027.avi,Train,1,150,299,5000,9966
Train|3100622033.avi|0,3100622033.avi,Train,0,0,149,0,4966
Train|3100622033.avi|1,3100622033.avi,Train,1,150,299,5000,9966
Train|3100622034.avi|0,3100622034.avi,Train,0,0,149,0,4966
Train|3100622034.avi|1,3100622034.avi,Train,1,150,299,5000,9966
Train|3100622036.avi|0,3100622036.avi,Train,0,0,149,0,4966
Train|3100622036.avi|1,3100622036.avi,Train,1,150,299,5000,9966
Train|3100622037.avi|0,3100622037.avi,Train,0,0,149,0,4966
Train|3100622037.avi|1,3100622037.avi,Train,1,150,299,5000,9966
Train|3100622038.avi|0,3100622038.avi,Train,0,0,149,0,4966
Train|3100622038.avi|1,3100622038.avi,Train,1,150,299,5000,9966
Train|3100622040.avi|0,3100622040.avi,Train,0,0,149,0,4966
Train|3100622040.avi|1,3100622040.avi,Train,1,150,299,5000,9966
Train|3100622041.avi|0,3100622041.avi,Train,0,0,149,0,4966
Train|3100622041.avi|1,3100622041.avi,Train,1,150,299,5000,9966
Train|3100622042.avi|0,3100622042.avi,Train,0,0,149,0,4966
Train|3100622042.avi|1,3100622042.avi,Train,1,150,299,5000,9966
Train|3100622043.avi|0,3100622043.avi,Train,0,0,149,0,4966
Train|3100622043.avi|1,3100622043.avi,Train,1,150,299,5000,9966
Train|3100622044.avi|0,3100622044.avi,Train,0,0,149,0,4966
Train|3100622044.avi|1,3100622044.avi,Train,1,150,299,5000,9966
Train|3100622045.avi|0,3100622045.avi,Train,0,0,149,0,4966
Train|3100622045.avi|1,3100622045.avi,Train,1,150,299,5000,9966
Train|3100622047.avi|0,3100622047.avi,Train,0,0,149,0,4966
Train|3100622047.avi|1,3100622047.avi,Train,1,150,299,5000,9966
Train|3100622048.avi|0,3100622048.avi,Train,0,0,149,0,4966
Train|3100622048.avi|1,3100622048.avi,Train,1,150,299,5000,9966
Train|3100622049.avi|0,3100622049.avi,Train,0,0,149,0,4966
Train|3100622049.avi|1,3100622049.avi,Train,1,150,299,5000,9966
Train|3100622051.avi|0,3100622051.avi,Train,0,0,149,0,4966
Train|3100622051.avi|1,3100622051.avi,Train,1,150,299,5000,9966
Train|3100622053.avi|0,3100622053.avi,Train,0,0,149,0,4966
Train|3100622053.avi|1,3100622053.avi,Train,1,150,299,5000,9966
Train|3100622054.avi|0,3100622054.avi,Train,0,0,149,0,4966
Train|3100622054.avi|1,3100622054.avi,Train,1,150,299,5000,9966
Train|3100622057.avi|0,3100622057.avi,Train,0,0,149,0,4966
Train|3100622057.avi|1,3100622057.avi,Train,1,150,299,5000,9966
Train|3100631001.avi|0,3100631001.avi,Train,0,0,149,0,4966
Train|3100631001.avi|1,3100631001.avi,Train,1,150,299,5000,9966
Train|3100631002.avi|0,3100631002.avi,Train,0,0,149,0,4966
Train|3100631002.avi|1,3100631002.avi,Train,1,150,299,5000,9966
Train|3100631003.avi|0,3100631003.avi,Train,0,0,149,0,4966
Train|3100631003.avi|1,3100631003.avi,Train,1,150,299,5000,9966
Train|3100631004.avi|0,3100631004.avi,Train,0,0,149,0,4966
Train|3100631004.avi|1,3100631004.avi,Train,1,150,299,5000,9966
Train|3100631005.avi|0,3100631005.avi,Train,0,0,149,0,4966
Train|3100631005.avi|1,3100631005.avi,Train,1,150,299,5000,9966
Train|3100631006.avi|0,3100631006.avi,Train,0,0,149,0,4966
Train|3100631006.avi|1,3100631006.avi,Train,1,150,299,5000,9966
Train|3100631008.avi|0,3100631008.avi,Train,0,0,149,0,4966
Train|3100631008.avi|1,3100631008.avi,Train,1,150,299,5000,9966
Train|3100631009.avi|0,3100631009.avi,Train,0,0,149,0,4966
Train|3100631009.avi|1,3100631009.avi,Train,1,150,299,5000,9966
Train|3100631010.avi|0,3100631010.avi,Train,0,0,149,0,4966
Train|3100631010.avi|1,3100631010.avi,Train,1,150,299,5000,9966
Train|3100631011.avi|0,3100631011.avi,Train,0,0,149,0,4966
Train|3100631011.avi|1,3100631011.avi,Train,1,150,299,5000,9966
Train|3100631013.avi|0,3100631013.avi,Train,0,0,149,0,4966
Train|3100631013.avi|1,3100631013.avi,Train,1,150,299,5000,9966
Train|3100631014.avi|0,3100631014.avi,Train,0,0,149,0,4966
Train|3100631014.avi|1,3100631014.avi,Train,1,150,299,5000,9966
Train|3100631015.avi|0,3100631015.avi,Train,0,0,149,0,4966
Train|3100631015.avi|1,3100631015.avi,Train,1,150,299,5000,9966
Train|3100631016.avi|0,3100631016.avi,Train,0,0,149,0,4966
Train|3100631016.avi|1,3100631016.avi,Train,1,150,299,5000,9966
Train|3100631018.avi|0,3100631018.avi,Train,0,0,149,0,4966
Train|3100631018.avi|1,3100631018.avi,Train,1,150,299,5000,9966
Train|3100631019.avi|0,3100631019.avi,Train,0,0,149,0,4966
Train|3100631019.avi|1,3100631019.avi,Train,1,150,299,5000,9966
Train|3100631022.avi|0,3100631022.avi,Train,0,0,149,0,4966
Train|3100631022.avi|1,3100631022.avi,Train,1,150,299,5000,9966
Train|3100631023.avi|0,3100631023.avi,Train,0,0,149,0,4966
Train|3100631023.avi|1,3100631023.avi,Train,1,150,299,5000,9966
Train|3100631025.avi|0,3100631025.avi,Train,0,0,149,0,4966
Train|3100631025.avi|1,3100631025.avi,Train,1,150,299,5000,9966
Train|3100631026.avi|0,3100631026.avi,Train,0,0,149,0,4966
Train|3100631026.avi|1,3100631026.avi,Train,1,150,299,5000,9966
Train|3100631027.avi|0,3100631027.avi,Train,0,0,149,0,4966
Train|3100631027.avi|1,3100631027.avi,Train,1,150,299,5000,9966
Train|3100631029.avi|0,3100631029.avi,Train,0,0,149,0,4966
Train|3100631029.avi|1,3100631029.avi,Train,1,150,299,5000,9966
Train|3100631032.avi|0,3100631032.avi,Train,0,0,149,0,4966
Train|3100631032.avi|1,3100631032.avi,Train,1,150,299,5000,9966
Train|3100631035.avi|0,3100631035.avi,Train,0,0,149,0,4966
Train|3100631035.avi|1,3100631035.avi,Train,1,150,299,5000,9966
Train|3100631037.avi|0,3100631037.avi,Train,0,0,149,0,4966
Train|3100631037.avi|1,3100631037.avi,Train,1,150,299,5000,9966
Train|3100631042.avi|0,3100631042.avi,Train,0,0,149,0,4966
Train|3100631042.avi|1,3100631042.avi,Train,1,150,299,5000,9966
Train|3100631043.avi|0,3100631043.avi,Train,0,0,149,0,4966
Train|3100631043.avi|1,3100631043.avi,Train,1,150,299,5000,9966
Train|3100631044.avi|0,3100631044.avi,Train,0,0,149,0,4966
Train|3100631044.avi|1,3100631044.avi,Train,1,150,299,5000,9966
Train|3100631045.avi|0,3100631045.avi,Train,0,0,149,0,4966
Train|3100631045.avi|1,3100631045.avi,Train,1,150,299,5000,9966
Train|3100631046.avi|0,3100631046.avi,Train,0,0,149,0,4966
Train|3100631046.avi|1,3100631046.avi,Train,1,150,299,5000,9966
Train|3100631047.avi|0,3100631047.avi,Train,0,0,149,0,4966
Train|3100631047.avi|1,3100631047.avi,Train,1,150,299,5000,9966
Train|3100631048.avi|0,3100631048.avi,Train,0,0,149,0,4966
Train|3100631048.avi|1,3100631048.avi,Train,1,150,299,5000,9966
Train|3100631049.avi|0,3100631049.avi,Train,0,0,149,0,4966
Train|3100631049.avi|1,3100631049.avi,Train,1,150,299,5000,9966
Train|3100631051.avi|0,3100631051.avi,Train,0,0,149,0,4966
Train|3100631051.avi|1,3100631051.avi,Train,1,150,299,5000,9966
Train|3100631052.avi|0,3100631052.avi,Train,0,0,149,0,4966
Train|3100631052.avi|1,3100631052.avi,Train,1,150,299,5000,9966
Train|3100631053.avi|0,3100631053.avi,Train,0,0,149,0,4966
Train|3100631053.avi|1,3100631053.avi,Train,1,150,299,5000,9966
Train|3100631054.avi|0,3100631054.avi,Train,0,0,149,0,4966
Train|3100631054.avi|1,3100631054.avi,Train,1,150,299,5000,9966
Train|3100631055.avi|0,3100631055.avi,Train,0,0,149,0,4966
Train|3100631055.avi|1,3100631055.avi,Train,1,150,299,5000,9966
Train|3100631056.avi|0,3100631056.avi,Train,0,0,149,0,4966
Train|3100631056.avi|1,3100631056.avi,Train,1,150,299,5000,9966
Train|3100631057.avi|0,3100631057.avi,Train,0,0,149,0,4966
Train|3100631057.avi|1,3100631057.avi,Train,1,150,299,5000,9966
Train|3100631058.avi|0,3100631058.avi,Train,0,0,149,0,4966
Train|3100631058.avi|1,3100631058.avi,Train,1,150,299,5000,9966
Train|3100631059.avi|0,3100631059.avi,Train,0,0,149,0,4966
Train|3100631059.avi|1,3100631059.avi,Train,1,150,299,5000,9966
Train|3100631062.avi|0,3100631062.avi,Train,0,0,149,0,4966
Train|3100631062.avi|1,3100631062.avi,Train,1,150,299,5000,9966
Train|3100632001.avi|0,3100632001.avi,Train,0,0,149,0,4966
Train|3100632001.avi|1,3100632001.avi,Train,1,150,299,5000,9966
Train|3100632002.avi|0,3100632002.avi,Train,0,0,149,0,4966
Train|3100632002.avi|1,3100632002.avi,Train,1,150,299,5000,9966
Train|3100632003.avi|0,3100632003.avi,Train,0,0,149,0,4966
Train|3100632003.avi|1,3100632003.avi,Train,1,150,299,5000,9966
Train|3100632004.avi|0,3100632004.avi,Train,0,0,149,0,4966
Train|3100632004.avi|1,3100632004.avi,Train,1,150,299,5000,9966
Train|3100632007.avi|0,3100632007.avi,Train,0,0,149,0,4966
Train|3100632007.avi|1,3100632007.avi,Train,1,150,299,5000,9966
Train|3100632008.avi|0,3100632008.avi,Train,0,0,149,0,4966
Train|3100632008.avi|1,3100632008.avi,Train,1,150,299,5000,9966
Train|3100632011.avi|0,3100632011.avi,Train,0,0,149,0,4966
Train|3100632011.avi|1,3100632011.avi,Train,1,150,299,5000,9966
Train|3100632012.avi|0,3100632012.avi,Train,0,0,149,0,4966
Train|3100632012.avi|1,3100632012.avi,Train,1,150,299,5000,9966
Train|3100632015.avi|0,3100632015.avi,Train,0,0,149,0,4966
Train|3100632015.avi|1,3100632015.avi,Train,1,150,299,5000,9966
Train|3100632016.avi|0,3100632016.avi,Train,0,0,149,0,4966
Train|3100632016.avi|1,3100632016.avi,Train,1,150,299,5000,9966
Train|3100632017.avi|0,3100632017.avi,Train,0,0,149,0,4966
Train|3100632017.avi|1,3100632017.avi,Train,1,150,299,5000,9966
Train|3100632018.avi|0,3100632018.avi,Train,0,0,149,0,4966
Train|3100632018.avi|1,3100632018.avi,Train,1,150,299,5000,9966
Train|3100632019.avi|0,3100632019.avi,Train,0,0,149,0,4966
Train|3100632019.avi|1,3100632019.avi,Train,1,150,299,5000,9966
Train|3100632021.avi|0,3100632021.avi,Train,0,0,149,0,4966
Train|3100632021.avi|1,3100632021.avi,Train,1,150,299,5000,9966
Train|3100632023.avi|0,3100632023.avi,Train,0,0,149,0,4966
Train|3100632023.avi|1,3100632023.avi,Train,1,150,299,5000,9966
Train|3100632024.avi|0,3100632024.avi,Train,0,0,149,0,4966
Train|3100632024.avi|1,3100632024.avi,Train,1,150,299,5000,9966
Train|3100632025.avi|0,3100632025.avi,Train,0,0,149,0,4966
Train|3100632025.avi|1,3100632025.avi,Train,1,150,299,5000,9966
Train|3100632026.avi|0,3100632026.avi,Train,0,0,149,0,4966
Train|3100632026.avi|1,3100632026.avi,Train,1,150,299,5000,9966
Train|3100632027.avi|0,3100632027.avi,Train,0,0,149,0,4966
Train|3100632027.avi|1,3100632027.avi,Train,1,150,299,5000,9966
Train|3100632030.avi|0,3100632030.avi,Train,0,0,149,0,4966
Train|3100632030.avi|1,3100632030.avi,Train,1,150,299,5000,9966
Train|3100632031.avi|0,3100632031.avi,Train,0,0,149,0,4966
Train|3100632031.avi|1,3100632031.avi,Train,1,150,299,5000,9966
Train|3100632039.avi|0,3100632039.avi,Train,0,0,149,0,4966
Train|3100632039.avi|1,3100632039.avi,Train,1,150,299,5000,9966
Train|3100632041.avi|0,3100632041.avi,Train,0,0,149,0,4966
Train|3100632041.avi|1,3100632041.avi,Train,1,150,299,5000,9966
Train|3100632042.avi|0,3100632042.avi,Train,0,0,149,0,4966
Train|3100632042.avi|1,3100632042.avi,Train,1,150,299,5000,9966
Train|3100632043.avi|0,3100632043.avi,Train,0,0,149,0,4966
Train|3100632043.avi|1,3100632043.avi,Train,1,150,299,5000,9966
Train|3100632044.avi|0,3100632044.avi,Train,0,0,149,0,4966
Train|3100632044.avi|1,3100632044.avi,Train,1,150,299,5000,9966
Train|3100632045.avi|0,3100632045.avi,Train,0,0,149,0,4966
Train|3100632045.avi|1,3100632045.avi,Train,1,150,299,5000,9966
Train|3100641002.avi|0,3100641002.avi,Train,0,0,149,0,4966
Train|3100641002.avi|1,3100641002.avi,Train,1,150,299,5000,9966
Train|3100641003.avi|0,3100641003.avi,Train,0,0,149,0,4966
Train|3100641003.avi|1,3100641003.avi,Train,1,150,299,5000,9966
Train|3100641004.avi|0,3100641004.avi,Train,0,0,149,0,4966
Train|3100641004.avi|1,3100641004.avi,Train,1,150,299,5000,9966
Train|3100641006.avi|0,3100641006.avi,Train,0,0,149,0,4966
Train|3100641006.avi|1,3100641006.avi,Train,1,150,299,5000,9966
Train|3100641007.avi|0,3100641007.avi,Train,0,0,149,0,4966
Train|3100641007.avi|1,3100641007.avi,Train,1,150,299,5000,9966
Train|3100641008.avi|0,3100641008.avi,Train,0,0,149,0,4966
Train|3100641008.avi|1,3100641008.avi,Train,1,150,299,5000,9966
Train|3100641023.avi|0,3100641023.avi,Train,0,0,149,0,4966
Train|3100641023.avi|1,3100641023.avi,Train,1,150,299,5000,9966
Train|3100642002.avi|0,3100642002.avi,Train,0,0,149,0,4966
Train|3100642002.avi|1,3100642002.avi,Train,1,150,299,5000,9966
Train|3100642003.avi|0,3100642003.avi,Train,0,0,149,0,4966
Train|3100642003.avi|1,3100642003.avi,Train,1,150,299,5000,9966
Train|3100642005.avi|0,3100642005.avi,Train,0,0,149,0,4966
Train|3100642005.avi|1,3100642005.avi,Train,1,150,299,5000,9966
Train|3100642006.avi|0,3100642006.avi,Train,0,0,149,0,4966
Train|3100642006.avi|1,3100642006.avi,Train,1,150,299,5000,9966
Train|3100642007.avi|0,3100642007.avi,Train,0,0,149,0,4966
Train|3100642007.avi|1,3100642007.avi,Train,1,150,299,5000,9966
Train|3100642008.avi|0,3100642008.avi,Train,0,0,149,0,4966
Train|3100642008.avi|1,3100642008.avi,Train,1,150,299,5000,9966
Train|3100642009.avi|0,3100642009.avi,Train,0,0,149,0,4966
Train|3100642009.avi|1,3100642009.avi,Train,1,150,299,5000,9966
Train|3100642011.avi|0,3100642011.avi,Train,0,0,149,0,4966
Train|3100642011.avi|1,3100642011.avi,Train,1,150,299,5000,9966
Train|3100642012.avi|0,3100642012.avi,Train,0,0,149,0,4966
Train|3100642012.avi|1,3100642012.avi,Train,1,150,299,5000,9966
Train|3100642013.avi|0,3100642013.avi,Train,0,0,149,0,4966
Train|3100642013.avi|1,3100642013.avi,Train,1,150,299,5000,9966
Train|3100642015.avi|0,3100642015.avi,Train,0,0,149,0,4966
Train|3100642015.avi|1,3100642015.avi,Train,1,150,299,5000,9966
Train|3100642017.avi|0,3100642017.avi,Train,0,0,149,0,4966
Train|3100642017.avi|1,3100642017.avi,Train,1,150,299,5000,9966
Train|3100642019.avi|0,3100642019.avi,Train,0,0,149,0,4966
Train|3100642019.avi|1,3100642019.avi,Train,1,150,299,5000,9966
Train|3100642020.avi|0,3100642020.avi,Train,0,0,149,0,4966
Train|3100642020.avi|1,3100642020.avi,Train,1,150,299,5000,9966
Train|3100642021.avi|0,3100642021.avi,Train,0,0,149,0,4966
Train|3100642021.avi|1,3100642021.avi,Train,1,150,299,5000,9966
Train|3100642022.avi|0,3100642022.avi,Train,0,0,149,0,4966
Train|3100642022.avi|1,3100642022.avi,Train,1,150,299,5000,9966
Train|3100642024.avi|0,3100642024.avi,Train,0,0,149,0,4966
Train|3100642024.avi|1,3100642024.avi,Train,1,150,299,5000,9966
Train|3100642025.avi|0,3100642025.avi,Train,0,0,149,0,4966
Train|3100642025.avi|1,3100642025.avi,Train,1,150,299,5000,9966
Train|3100642026.avi|0,3100642026.avi,Train,0,0,149,0,4966
Train|3100642026.avi|1,3100642026.avi,Train,1,150,299,5000,9966
Train|3100642027.avi|0,3100642027.avi,Train,0,0,149,0,4966
Train|3100642027.avi|1,3100642027.avi,Train,1,150,299,5000,9966
Train|3100642028.avi|0,3100642028.avi,Train,0,0,149,0,4966
Train|3100642028.avi|1,3100642028.avi,Train,1,150,299,5000,9966
Train|3100642030.avi|0,3100642030.avi,Train,0,0,149,0,4966
Train|3100642030.avi|1,3100642030.avi,Train,1,150,299,5000,9966
Train|3100642031.avi|0,3100642031.avi,Train,0,0,149,0,4966
Train|3100642031.avi|1,3100642031.avi,Train,1,150,299,5000,9966
Train|3100642032.avi|0,3100642032.avi,Train,0,0,149,0,4966
Train|3100642032.avi|1,3100642032.avi,Train,1,150,299,5000,9966
Train|3100642033.avi|0,3100642033.avi,Train,0,0,149,0,4966
Train|3100642033.avi|1,3100642033.avi,Train,1,150,299,5000,9966
Train|3100642034.avi|0,3100642034.avi,Train,0,0,149,0,4966
Train|3100642034.avi|1,3100642034.avi,Train,1,150,299,5000,9966
Train|3100642035.avi|0,3100642035.avi,Train,0,0,149,0,4966
Train|3100642035.avi|1,3100642035.avi,Train,1,150,299,5000,9966
Train|3100642036.avi|0,3100642036.avi,Train,0,0,149,0,4966
Train|3100642036.avi|1,3100642036.avi,Train,1,150,299,5000,9966
Train|3100642037.avi|0,3100642037.avi,Train,0,0,149,0,4966
Train|3100642037.avi|1,3100642037.avi,Train,1,150,299,5000,9966
Train|3100642038.avi|0,3100642038.avi,Train,0,0,149,0,4966
Train|3100642038.avi|1,3100642038.avi,Train,1,150,299,5000,9966
Train|3100642040.avi|0,3100642040.avi,Train,0,0,149,0,4966
Train|3100642040.avi|1,3100642040.avi,Train,1,150,299,5000,9966
Train|3100642045.avi|0,3100642045.avi,Train,0,0,149,0,4966
Train|3100642045.avi|1,3100642045.avi,Train,1,150,299,5000,9966
Train|3100642047.avi|0,3100642047.avi,Train,0,0,149,0,4966
Train|3100642047.avi|1,3100642047.avi,Train,1,150,299,5000,9966
Train|3100642052.avi|0,3100642052.avi,Train,0,0,149,0,4966
Train|3100642052.avi|1,3100642052.avi,Train,1,150,299,5000,9966
Train|3100642054.avi|0,3100642054.avi,Train,0,0,149,0,4966
Train|3100642054.avi|1,3100642054.avi,Train,1,150,299,5000,9966
Train|3100642055.avi|0,3100642055.avi,Train,0,0,149,0,4966
Train|3100642055.avi|1,3100642055.avi,Train,1,150,299,5000,9966
Train|3100642056.avi|0,3100642056.avi,Train,0,0,149,0,4966
Train|3100642056.avi|1,3100642056.avi,Train,1,150,299,5000,9966
Train|3100642057.avi|0,3100642057.avi,Train,0,0,149,0,4966
Train|3100642057.avi|1,3100642057.avi,Train,1,150,299,5000,9966
Train|3100642058.avi|0,3100642058.avi,Train,0,0,149,0,4966
Train|3100642058.avi|1,3100642058.avi,Train,1,150,299,5000,9966
Train|3100642060.avi|0,3100642060.avi,Train,0,0,149,0,4966
Train|3100642060.avi|1,3100642060.avi,Train,1,150,299,5000,9966
Train|3100642061.avi|0,3100642061.avi,Train,0,0,149,0,4966
Train|3100642061.avi|1,3100642061.avi,Train,1,150,299,5000,9966
Train|3100642063.avi|0,3100642063.avi,Train,0,0,149,0,4966
Train|3100642063.avi|1,3100642063.avi,Train,1,150,299,5000,9966
Train|3100642064.avi|0,3100642064.avi,Train,0,0,149,0,4966
Train|3100642064.avi|1,3100642064.avi,Train,1,150,299,5000,9966
Train|3100642066.avi|0,3100642066.avi,Train,0,0,149,0,4966
Train|3100642066.avi|1,3100642066.avi,Train,1,150,299,5000,9966
Train|3100642069.avi|0,3100642069.avi,Train,0,0,149,0,4966
Train|3100642069.avi|1,3100642069.avi,Train,1,150,299,5000,9966
Train|3100642070.avi|0,3100642070.avi,Train,0,0,149,0,4966
Train|3100642070.avi|1,3100642070.avi,Train,1,150,299,5000,9966
Train|3100661002.avi|0,3100661002.avi,Train,0,0,149,0,4966
Train|3100661002.avi|1,3100661002.avi,Train,1,150,299,5000,9966
Train|3100661007.avi|0,3100661007.avi,Train,0,0,149,0,4966
Train|3100661007.avi|1,3100661007.avi,Train,1,150,299,5000,9966
Train|3100661009.avi|0,3100661009.avi,Train,0,0,149,0,4966
Train|3100661009.avi|1,3100661009.avi,Train,1,150,299,5000,9966
Train|3100661015.avi|0,3100661015.avi,Train,0,0,149,0,4966
Train|3100661015.avi|1,3100661015.avi,Train,1,150,299,5000,9966
Train|3100661016.avi|0,3100661016.avi,Train,0,0,149,0,4966
Train|3100661016.avi|1,3100661016.avi,Train,1,150,299,5000,9966
Train|3100661022.avi|0,3100661022.avi,Train,0,0,149,0,4966
Train|3100661022.avi|1,3100661022.avi,Train,1,150,299,5000,9966
Train|3100661023.avi|0,3100661023.avi,Train,0,0,149,0,4966
Train|3100661023.avi|1,3100661023.avi,Train,1,150,299,5000,9966
Train|3100661024.avi|0,3100661024.avi,Train,0,0,149,0,4966
Train|3100661024.avi|1,3100661024.avi,Train,1,150,299,5000,9966
Train|3100661025.avi|0,3100661025.avi,Train,0,0,149,0,4966
Train|3100661025.avi|1,3100661025.avi,Train,1,150,299,5000,9966
Train|3100661027.avi|0,3100661027.avi,Train,0,0,149,0,4966
Train|3100661027.avi|1,3100661027.avi,Train,1,150,299,5000,9966
Train|3100661028.avi|0,3100661028.avi,Train,0,0,149,0,4966
Train|3100661028.avi|1,3100661028.avi,Train,1,150,299,5000,9966
Train|3100661029.avi|0,3100661029.avi,Train,0,0,149,0,4966
Train|3100661029.avi|1,3100661029.avi,Train,1,150,299,5000,9966
Train|3100661031.avi|0,3100661031.avi,Train,0,0,149,0,4966
Train|3100661031.avi|1,3100661031.avi,Train,1,150,299,5000,9966
Train|3100661032.avi|0,3100661032.avi,Train,0,0,149,0,4966
Train|3100661032.avi|1,3100661032.avi,Train,1,150,299,5000,9966
Train|3100661033.avi|0,3100661033.avi,Train,0,0,149,0,4966
Train|3100661033.avi|1,3100661033.avi,Train,1,150,299,5000,9966
Train|3100661036.avi|0,3100661036.avi,Train,0,0,149,0,4966
Train|3100661036.avi|1,3100661036.avi,Train,1,150,299,5000,9966
Train|3100661037.avi|0,3100661037.avi,Train,0,0,149,0,4966
Train|3100661037.avi|1,3100661037.avi,Train,1,150,299,5000,9966
Train|3100661038.avi|0,3100661038.avi,Train,0,0,149,0,4966
Train|3100661038.avi|1,3100661038.avi,Train,1,150,299,5000,9966
Train|3100661040.avi|0,3100661040.avi,Train,0,0,149,0,4966
Train|3100661040.avi|1,3100661040.avi,Train,1,150,299,5000,9966
Train|3100661043.avi|0,3100661043.avi,Train,0,0,149,0,4966
Train|3100661043.avi|1,3100661043.avi,Train,1,150,299,5000,9966
Train|3100661044.avi|0,3100661044.avi,Train,0,0,149,0,4966
Train|3100661044.avi|1,3100661044.avi,Train,1,150,299,5000,9966
Train|3100661046.avi|0,3100661046.avi,Train,0,0,149,0,4966
Train|3100661046.avi|1,3100661046.avi,Train,1,150,299,5000,9966
Train|3100661049.avi|0,3100661049.avi,Train,0,0,149,0,4966
Train|3100661049.avi|1,3100661049.avi,Train,1,150,299,5000,9966
Train|3100661050.avi|0,3100661050.avi,Train,0,0,149,0,4966
Train|3100661050.avi|1,3100661050.avi,Train,1,150,299,5000,9966
Train|3100662014.avi|0,3100662014.avi,Train,0,0,149,0,4966
Train|3100662014.avi|1,3100662014.avi,Train,1,150,299,5000,9966
Train|3100662015.avi|0,3100662015.avi,Train,0,0,149,0,4966
Train|3100662015.avi|1,3100662015.avi,Train,1,150,299,5000,9966
Train|3100662016.avi|0,3100662016.avi,Train,0,0,149,0,4966
Train|3100662016.avi|1,3100662016.avi,Train,1,150,299,5000,9966
Train|3100662017.avi|0,3100662017.avi,Train,0,0,149,0,4966
Train|3100662017.avi|1,3100662017.avi,Train,1,150,299,5000,9966
Train|3100662020.avi|0,3100662020.avi,Train,0,0,149,0,4966
Train|3100662020.avi|1,3100662020.avi,Train,1,150,299,5000,9966
Train|3100662022.avi|0,3100662022.avi,Train,0,0,149,0,4966
Train|3100662022.avi|1,3100662022.avi,Train,1,150,299,5000,9966
Train|3100662023.avi|0,3100662023.avi,Train,0,0,149,0,4966
Train|3100662023.avi|1,3100662023.avi,Train,1,150,299,5000,9966
Train|3100662026.avi|0,3100662026.avi,Train,0,0,149,0,4966
Train|3100662026.avi|1,3100662026.avi,Train,1,150,299,5000,9966
Train|3100662029.avi|0,3100662029.avi,Train,0,0,149,0,4966
Train|3100662029.avi|1,3100662029.avi,Train,1,150,299,5000,9966
Train|3100662032.avi|0,3100662032.avi,Train,0,0,149,0,4966
Train|3100662032.avi|1,3100662032.avi,Train,1,150,299,5000,9966
Train|3100662035.avi|0,3100662035.avi,Train,0,0,149,0,4966
Train|3100662035.avi|1,3100662035.avi,Train,1,150,299,5000,9966
Train|3100662036.avi|0,3100662036.avi,Train,0,0,149,0,4966
Train|3100662036.avi|1,3100662036.avi,Train,1,150,299,5000,9966
Train|3100662037.avi|0,3100662037.avi,Train,0,0,149,0,4966
Train|3100662037.avi|1,3100662037.avi,Train,1,150,299,5000,9966
Train|3100662045.avi|0,3100662045.avi,Train,0,0,149,0,4966
Train|3100662045.avi|1,3100662045.avi,Train,1,150,299,5000,9966
Train|3100662046.avi|0,3100662046.avi,Train,0,0,149,0,4966
Train|3100662046.avi|1,3100662046.avi,Train,1,150,299,5000,9966
Train|3100662048.avi|0,3100662048.avi,Train,0,0,149,0,4966
Train|3100662048.avi|1,3100662048.avi,Train,1,150,299,5000,9966
Train|3100662049.avi|0,3100662049.avi,Train,0,0,149,0,4966
Train|3100662049.avi|1,3100662049.avi,Train,1,150,299,5000,9966
Train|3100662050.avi|0,3100662050.avi,Train,0,0,149,0,4966
Train|3100662050.avi|1,3100662050.avi,Train,1,150,299,5000,9966
Train|3100662052.avi|0,3100662052.avi,Train,0,0,149,0,4966
Train|3100662052.avi|1,3100662052.avi,Train,1,150,299,5000,9966
Train|3100662053.avi|0,3100662053.avi,Train,0,0,149,0,4966
Train|3100662053.avi|1,3100662053.avi,Train,1,150,299,5000,9966
Train|3100662055.avi|0,3100662055.avi,Train,0,0,149,0,4966
Train|3100662055.avi|1,3100662055.avi,Train,1,150,299,5000,9966
Train|3100681001.avi|0,3100681001.avi,Train,0,0,149,0,4966
Train|3100681001.avi|1,3100681001.avi,Train,1,150,299,5000,9966
Train|3100681002.avi|0,3100681002.avi,Train,0,0,149,0,4966
Train|3100681002.avi|1,3100681002.avi,Train,1,150,299,5000,9966
Train|3100681005.avi|0,3100681005.avi,Train,0,0,149,0,4966
Train|3100681005.avi|1,3100681005.avi,Train,1,150,299,5000,9966
Train|3100681006.avi|0,3100681006.avi,Train,0,0,149,0,4966
Train|3100681006.avi|1,3100681006.avi,Train,1,150,299,5000,9966
Train|3100681015.avi|0,3100681015.avi,Train,0,0,149,0,4966
Train|3100681015.avi|1,3100681015.avi,Train,1,150,299,5000,9966
Train|3100681017.avi|0,3100681017.avi,Train,0,0,149,0,4966
Train|3100681017.avi|1,3100681017.avi,Train,1,150,299,5000,9966
Train|3100681018.avi|0,3100681018.avi,Train,0,0,149,0,4966
Train|3100681018.avi|1,3100681018.avi,Train,1,150,299,5000,9966
Train|3100681042.avi|0,3100681042.avi,Train,0,0,149,0,4966
Train|3100681042.avi|1,3100681042.avi,Train,1,150,299,5000,9966
Train|3100681043.avi|0,3100681043.avi,Train,0,0,149,0,4966
Train|3100681043.avi|1,3100681043.avi,Train,1,150,299,5000,9966
Train|3100681044.avi|0,3100681044.avi,Train,0,0,149,0,4966
Train|3100681044.avi|1,3100681044.avi,Train,1,150,299,5000,9966
Train|3100681045.avi|0,3100681045.avi,Train,0,0,149,0,4966
Train|3100681045.avi|1,3100681045.avi,Train,1,150,299,5000,9966
Train|3100681046.avi|0,3100681046.avi,Train,0,0,149,0,4966
Train|3100681046.avi|1,3100681046.avi,Train,1,150,299,5000,9966
Train|3100682001.avi|0,3100682001.avi,Train,0,0,149,0,4966
Train|3100682001.avi|1,3100682001.avi,Train,1,150,299,5000,9966
Train|3100682002.avi|0,3100682002.avi,Train,0,0,149,0,4966
Train|3100682002.avi|1,3100682002.avi,Train,1,150,299,5000,9966
Train|3100682003.avi|0,3100682003.avi,Train,0,0,149,0,4966
Train|3100682003.avi|1,3100682003.avi,Train,1,150,299,5000,9966
Train|3100682007.avi|0,3100682007.avi,Train,0,0,149,0,4966
Train|3100682007.avi|1,3100682007.avi,Train,1,150,299,5000,9966
Train|3100682008.avi|0,3100682008.avi,Train,0,0,149,0,4966
Train|3100682008.avi|1,3100682008.avi,Train,1,150,299,5000,9966
Train|3100682030.avi|0,3100682030.avi,Train,0,0,149,0,4966
Train|3100682030.avi|1,3100682030.avi,Train,1,150,299,5000,9966
Train|3100682040.avi|0,3100682040.avi,Train,0,0,149,0,4966
Train|3100682040.avi|1,3100682040.avi,Train,1,150,299,5000,9966
Train|3100691005.avi|0,3100691005.avi,Train,0,0,149,0,4966
Train|3100691005.avi|1,3100691005.avi,Train,1,150,299,5000,9966
Train|3100691006.avi|0,3100691006.avi,Train,0,0,149,0,4966
Train|3100691006.avi|1,3100691006.avi,Train,1,150,299,5000,9966
Train|3100691007.avi|0,3100691007.avi,Train,0,0,149,0,4966
Train|3100691007.avi|1,3100691007.avi,Train,1,150,299,5000,9966
Train|3100691011.avi|0,3100691011.avi,Train,0,0,149,0,4966
Train|3100691011.avi|1,3100691011.avi,Train,1,150,299,5000,9966
Train|3100691012.avi|0,3100691012.avi,Train,0,0,149,0,4966
Train|3100691012.avi|1,3100691012.avi,Train,1,150,299,5000,9966
Train|3100691021.avi|0,3100691021.avi,Train,0,0,149,0,4966
Train|3100691021.avi|1,3100691021.avi,Train,1,150,299,5000,9966
Train|3100691026.avi|0,3100691026.avi,Train,0,0,149,0,4966
Train|3100691026.avi|1,3100691026.avi,Train,1,150,299,5000,9966
Train|3100691042.avi|0,3100691042.avi,Train,0,0,149,0,4966
Train|3100691042.avi|1,3100691042.avi,Train,1,150,299,5000,9966
Train|3100691045.avi|0,3100691045.avi,Train,0,0,149,0,4966
Train|3100691045.avi|1,3100691045.avi,Train,1,150,299,5000,9966
Train|3100691048.avi|0,3100691048.avi,Train,0,0,149,0,4966
Train|3100691048.avi|1,3100691048.avi,Train,1,150,299,5000,9966
Train|3100692002.avi|0,3100692002.avi,Train,0,0,149,0,4966
Train|3100692002.avi|1,3100692002.avi,Train,1,150,299,5000,9966
Train|3100692005.avi|0,3100692005.avi,Train,0,0,149,0,4966
Train|3100692005.avi|1,3100692005.avi,Train,1,150,299,5000,9966
Train|3100692006.avi|0,3100692006.avi,Train,0,0,149,0,4966
Train|3100692006.avi|1,3100692006.avi,Train,1,150,299,5000,9966
Train|3100692007.avi|0,3100692007.avi,Train,0,0,149,0,4966
Train|3100692007.avi|1,3100692007.avi,Train,1,150,299,5000,9966
Train|3100692009.avi|0,3100692009.avi,Train,0,0,149,0,4966
Train|3100692009.avi|1,3100692009.avi,Train,1,150,299,5000,9966
Train|3100692010.avi|0,3100692010.avi,Train,0,0,149,0,4966
Train|3100692010.avi|1,3100692010.avi,Train,1,150,299,5000,9966
Train|3100692011.avi|0,3100692011.avi,Train,0,0,149,0,4966
Train|3100692011.avi|1,3100692011.avi,Train,1,150,299,5000,9966
Train|3100692012.avi|0,3100692012.avi,Train,0,0,149,0,4966
Train|3100692012.avi|1,3100692012.avi,Train,1,150,299,5000,9966
Train|3100692013.avi|0,3100692013.avi,Train,0,0,149,0,4966
Train|3100692013.avi|1,3100692013.avi,Train,1,150,299,5000,9966
Train|3100692015.avi|0,3100692015.avi,Train,0,0,149,0,4966
Train|3100692015.avi|1,3100692015.avi,Train,1,150,299,5000,9966
Train|3100692016.avi|0,3100692016.avi,Train,0,0,149,0,4966
Train|3100692016.avi|1,3100692016.avi,Train,1,150,299,5000,9966
Train|3100692020.avi|0,3100692020.avi,Train,0,0,149,0,4966
Train|3100692020.avi|1,3100692020.avi,Train,1,150,299,5000,9966
Train|3100692022.avi|0,3100692022.avi,Train,0,0,149,0,4966
Train|3100692022.avi|1,3100692022.avi,Train,1,150,299,5000,9966
Train|3100692023.avi|0,3100692023.avi,Train,0,0,149,0,4966
Train|3100692023.avi|1,3100692023.avi,Train,1,150,299,5000,9966
Train|3100692024.avi|0,3100692024.avi,Train,0,0,149,0,4966
Train|3100692024.avi|1,3100692024.avi,Train,1,150,299,5000,9966
Train|3100692025.avi|0,3100692025.avi,Train,0,0,149,0,4966
Train|3100692025.avi|1,3100692025.avi,Train,1,150,299,5000,9966
Train|3100692028.avi|0,3100692028.avi,Train,0,0,149,0,4966
Train|3100692028.avi|1,3100692028.avi,Train,1,150,299,5000,9966
Train|3100692029.avi|0,3100692029.avi,Train,0,0,149,0,4966
Train|3100692029.avi|1,3100692029.avi,Train,1,150,299,5000,9966
Train|3100692032.avi|0,3100692032.avi,Train,0,0,149,0,4966
Train|3100692032.avi|1,3100692032.avi,Train,1,150,299,5000,9966
Train|3100692034.avi|0,3100692034.avi,Train,0,0,149,0,4966
Train|3100692034.avi|1,3100692034.avi,Train,1,150,299,5000,9966
Train|3100692035.avi|0,3100692035.avi,Train,0,0,149,0,4966
Train|3100692035.avi|1,3100692035.avi,Train,1,150,299,5000,9966
Train|3100692038.avi|0,3100692038.avi,Train,0,0,149,0,4966
Train|3100692038.avi|1,3100692038.avi,Train,1,150,299,5000,9966
Train|3100692039.avi|0,3100692039.avi,Train,0,0,149,0,4966
Train|3100692039.avi|1,3100692039.avi,Train,1,150,299,5000,9966
Train|3100692045.avi|0,3100692045.avi,Train,0,0,149,0,4966
Train|3100692045.avi|1,3100692045.avi,Train,1,150,299,5000,9966
Train|3100692052.avi|0,3100692052.avi,Train,0,0,149,0,4966
Train|3100692052.avi|1,3100692052.avi,Train,1,150,299,5000,9966
Train|3100692054.avi|0,3100692054.avi,Train,0,0,149,0,4966
Train|3100692054.avi|1,3100692054.avi,Train,1,150,299,5000,9966
Train|3100692055.avi|0,3100692055.avi,Train,0,0,149,0,4966
Train|3100692055.avi|1,3100692055.avi,Train,1,150,299,5000,9966
Train|3100692056.avi|0,3100692056.avi,Train,0,0,149,0,4966
Train|3100692056.avi|1,3100692056.avi,Train,1,150,299,5000,9966
Train|3100701001.avi|0,3100701001.avi,Train,0,0,149,0,4966
Train|3100701001.avi|1,3100701001.avi,Train,1,150,299,5000,9966
Train|3100701002.avi|0,3100701002.avi,Train,0,0,149,0,4966
Train|3100701002.avi|1,3100701002.avi,Train,1,150,299,5000,9966
Train|3100701004.avi|0,3100701004.avi,Train,0,0,149,0,4966
Train|3100701004.avi|1,3100701004.avi,Train,1,150,299,5000,9966
Train|3100701005.avi|0,3100701005.avi,Train,0,0,149,0,4966
Train|3100701005.avi|1,3100701005.avi,Train,1,150,299,5000,9966
Train|3100701008.avi|0,3100701008.avi,Train,0,0,149,0,4966
Train|3100701008.avi|1,3100701008.avi,Train,1,150,299,5000,9966
Train|3100701009.avi|0,3100701009.avi,Train,0,0,149,0,4966
Train|3100701009.avi|1,3100701009.avi,Train,1,150,299,5000,9966
Train|3100701010.avi|0,3100701010.avi,Train,0,0,149,0,4966
Train|3100701010.avi|1,3100701010.avi,Train,1,150,299,5000,9966
Train|3100701011.avi|0,3100701011.avi,Train,0,0,149,0,4966
Train|3100701011.avi|1,3100701011.avi,Train,1,150,299,5000,9966
Train|3100701012.avi|0,3100701012.avi,Train,0,0,149,0,4966
Train|3100701012.avi|1,3100701012.avi,Train,1,150,299,5000,9966
Train|3100701013.avi|0,3100701013.avi,Train,0,0,149,0,4966
Train|3100701013.avi|1,3100701013.avi,Train,1,150,299,5000,9966
Train|3100701014.avi|0,3100701014.avi,Train,0,0,149,0,4966
Train|3100701014.avi|1,3100701014.avi,Train,1,150,299,5000,9966
Train|3100701015.avi|0,3100701015.avi,Train,0,0,149,0,4966
Train|3100701015.avi|1,3100701015.avi,Train,1,150,299,5000,9966
Train|3100701016.avi|0,3100701016.avi,Train,0,0,149,0,4966
Train|3100701016.avi|1,3100701016.avi,Train,1,150,299,5000,9966
Train|3100701019.avi|0,3100701019.avi,Train,0,0,149,0,4966
Train|3100701019.avi|1,3100701019.avi,Train,1,150,299,5000,9966
Train|3100701021.avi|0,3100701021.avi,Train,0,0,149,0,4966
Train|3100701021.avi|1,3100701021.avi,Train,1,150,299,5000,9966
Train|3100701022.avi|0,3100701022.avi,Train,0,0,149,0,4966
Train|3100701022.avi|1,3100701022.avi,Train,1,150,299,5000,9966
Train|3100701023.avi|0,3100701023.avi,Train,0,0,149,0,4966
Train|3100701023.avi|1,3100701023.avi,Train,1,150,299,5000,9966
Train|3100701024.avi|0,3100701024.avi,Train,0,0,149,0,4966
Train|3100701024.avi|1,3100701024.avi,Train,1,150,299,5000,9966
Train|3100701029.avi|0,3100701029.avi,Train,0,0,149,0,4966
Train|3100701029.avi|1,3100701029.avi,Train,1,150,299,5000,9966
Train|3100701031.avi|0,3100701031.avi,Train,0,0,149,0,4966
Train|3100701031.avi|1,3100701031.avi,Train,1,150,299,5000,9966
Train|3100701032.avi|0,3100701032.avi,Train,0,0,149,0,4966
Train|3100701032.avi|1,3100701032.avi,Train,1,150,299,5000,9966
Train|3100701036.avi|0,3100701036.avi,Train,0,0,149,0,4966
Train|3100701036.avi|1,3100701036.avi,Train,1,150,299,5000,9966
Train|3100701043.avi|0,3100701043.avi,Train,0,0,149,0,4966
Train|3100701043.avi|1,3100701043.avi,Train,1,150,299,5000,9966
Train|3100701044.avi|0,3100701044.avi,Train,0,0,149,0,4966
Train|3100701044.avi|1,3100701044.avi,Train,1,150,299,5000,9966
Train|3100701050.avi|0,3100701050.avi,Train,0,0,149,0,4966
Train|3100701050.avi|1,3100701050.avi,Train,1,150,299,5000,9966
Train|3100701051.avi|0,3100701051.avi,Train,0,0,149,0,4966
Train|3100701051.avi|1,3100701051.avi,Train,1,150,299,5000,9966
Train|3100701056.avi|0,3100701056.avi,Train,0,0,149,0,4966
Train|3100701056.avi|1,3100701056.avi,Train,1,150,299,5000,9966
Train|3100701057.avi|0,3100701057.avi,Train,0,0,149,0,4966
Train|3100701057.avi|1,3100701057.avi,Train,1,150,299,5000,9966
Train|3100701058.avi|0,3100701058.avi,Train,0,0,149,0,4966
Train|3100701058.avi|1,3100701058.avi,Train,1,150,299,5000,9966
Train|3100701061.avi|0,3100701061.avi,Train,0,0,149,0,4966
Train|3100701061.avi|1,3100701061.avi,Train,1,150,299,5000,9966
Train|3100701063.avi|0,3100701063.avi,Train,0,0,149,0,4966
Train|3100701063.avi|1,3100701063.avi,Train,1,150,299,5000,9966
Train|3100701072.avi|0,3100701072.avi,Train,0,0,149,0,4966
Train|3100701072.avi|1,3100701072.avi,Train,1,150,299,5000,9966
Train|3100701073.avi|0,3100701073.avi,Train,0,0,149,0,4966
Train|3100701073.avi|1,3100701073.avi,Train,1,150,299,5000,9966
Train|3100702004.avi|0,3100702004.avi,Train,0,0,149,0,4966
Train|3100702004.avi|1,3100702004.avi,Train,1,150,299,5000,9966
Train|3100702005.avi|0,3100702005.avi,Train,0,0,149,0,4966
Train|3100702005.avi|1,3100702005.avi,Train,1,150,299,5000,9966
Train|3100702006.avi|0,3100702006.avi,Train,0,0,149,0,4966
Train|3100702006.avi|1,3100702006.avi,Train,1,150,299,5000,9966
Train|3100702010.avi|0,3100702010.avi,Train,0,0,149,0,4966
Train|3100702010.avi|1,3100702010.avi,Train,1,150,299,5000,9966
Train|3100702012.avi|0,3100702012.avi,Train,0,0,149,0,4966
Train|3100702012.avi|1,3100702012.avi,Train,1,150,299,5000,9966
Train|3100702013.avi|0,3100702013.avi,Train,0,0,149,0,4966
Train|3100702013.avi|1,3100702013.avi,Train,1,150,299,5000,9966
Train|3100702016.avi|0,3100702016.avi,Train,0,0,149,0,4966
Train|3100702016.avi|1,3100702016.avi,Train,1,150,299,5000,9966
Train|3100702017.avi|0,3100702017.avi,Train,0,0,149,0,4966
Train|3100702017.avi|1,3100702017.avi,Train,1,150,299,5000,9966
Train|3100702019.avi|0,3100702019.avi,Train,0,0,149,0,4966
Train|3100702019.avi|1,3100702019.avi,Train,1,150,299,5000,9966
Train|3100702020.avi|0,3100702020.avi,Train,0,0,149,0,4966
Train|3100702020.avi|1,3100702020.avi,Train,1,150,299,5000,9966
Train|3100702021.avi|0,3100702021.avi,Train,0,0,149,0,4966
Train|3100702021.avi|1,3100702021.avi,Train,1,150,299,5000,9966
Train|3100702022.avi|0,3100702022.avi,Train,0,0,149,0,4966
Train|3100702022.avi|1,3100702022.avi,Train,1,150,299,5000,9966
Train|3100702023.avi|0,3100702023.avi,Train,0,0,149,0,4966
Train|3100702023.avi|1,3100702023.avi,Train,1,150,299,5000,9966
Train|3100702024.avi|0,3100702024.avi,Train,0,0,149,0,4966
Train|3100702024.avi|1,3100702024.avi,Train,1,150,299,5000,9966
Train|3100702025.avi|0,3100702025.avi,Train,0,0,149,0,4966
Train|3100702025.avi|1,3100702025.avi,Train,1,150,299,5000,9966
Train|3100702026.avi|0,3100702026.avi,Train,0,0,149,0,4966
Train|3100702026.avi|1,3100702026.avi,Train,1,150,299,5000,9966
Train|3100702027.avi|0,3100702027.avi,Train,0,0,149,0,4966
Train|3100702027.avi|1,3100702027.avi,Train,1,150,299,5000,9966
Train|3100702028.avi|0,3100702028.avi,Train,0,0,149,0,4966
Train|3100702028.avi|1,3100702028.avi,Train,1,150,299,5000,9966
Train|3100702029.avi|0,3100702029.avi,Train,0,0,149,0,4966
Train|3100702029.avi|1,3100702029.avi,Train,1,150,299,5000,9966
Train|3100702030.avi|0,3100702030.avi,Train,0,0,149,0,4966
Train|3100702030.avi|1,3100702030.avi,Train,1,150,299,5000,9966
Train|3100702031.avi|0,3100702031.avi,Train,0,0,149,0,4966
Train|3100702031.avi|1,3100702031.avi,Train,1,150,299,5000,9966
Train|3100702033.avi|0,3100702033.avi,Train,0,0,149,0,4966
Train|3100702033.avi|1,3100702033.avi,Train,1,150,299,5000,9966
Train|3100702034.avi|0,3100702034.avi,Train,0,0,149,0,4966
Train|3100702034.avi|1,3100702034.avi,Train,1,150,299,5000,9966
Train|3100702035.avi|0,3100702035.avi,Train,0,0,149,0,4966
Train|3100702035.avi|1,3100702035.avi,Train,1,150,299,5000,9966
Train|3100702036.avi|0,3100702036.avi,Train,0,0,149,0,4966
Train|3100702036.avi|1,3100702036.avi,Train,1,150,299,5000,9966
Train|3100702037.avi|0,3100702037.avi,Train,0,0,149,0,4966
Train|3100702037.avi|1,3100702037.avi,Train,1,150,299,5000,9966
Train|3100702038.avi|0,3100702038.avi,Train,0,0,149,0,4966
Train|3100702038.avi|1,3100702038.avi,Train,1,150,299,5000,9966
Train|3100702039.avi|0,3100702039.avi,Train,0,0,149,0,4966
Train|3100702039.avi|1,3100702039.avi,Train,1,150,299,5000,9966
Train|3100702040.avi|0,3100702040.avi,Train,0,0,149,0,4966
Train|3100702040.avi|1,3100702040.avi,Train,1,150,299,5000,9966
Train|3100702041.avi|0,3100702041.avi,Train,0,0,149,0,4966
Train|3100702041.avi|1,3100702041.avi,Train,1,150,299,5000,9966
Train|3100702043.avi|0,3100702043.avi,Train,0,0,149,0,4966
Train|3100702043.avi|1,3100702043.avi,Train,1,150,299,5000,9966
Train|3100702044.avi|0,3100702044.avi,Train,0,0,149,0,4966
Train|3100702044.avi|1,3100702044.avi,Train,1,150,299,5000,9966
Train|3100702045.avi|0,3100702045.avi,Train,0,0,149,0,4966
Train|3100702045.avi|1,3100702045.avi,Train,1,150,299,5000,9966
Train|3100702046.avi|0,3100702046.avi,Train,0,0,149,0,4966
Train|3100702046.avi|1,3100702046.avi,Train,1,150,299,5000,9966
Train|3100702047.avi|0,3100702047.avi,Train,0,0,149,0,4966
Train|3100702047.avi|1,3100702047.avi,Train,1,150,299,5000,9966
Train|3100702048.avi|0,3100702048.avi,Train,0,0,149,0,4966
Train|3100702048.avi|1,3100702048.avi,Train,1,150,299,5000,9966
Train|3100702051.avi|0,3100702051.avi,Train,0,0,149,0,4966
Train|3100702051.avi|1,3100702051.avi,Train,1,150,299,5000,9966
Train|3100702052.avi|0,3100702052.avi,Train,0,0,149,0,4966
Train|3100702052.avi|1,3100702052.avi,Train,1,150,299,5000,9966
Train|3100702054.avi|0,3100702054.avi,Train,0,0,149,0,4966
Train|3100702054.avi|1,3100702054.avi,Train,1,150,299,5000,9966
Train|3100702055.avi|0,3100702055.avi,Train,0,0,149,0,4966
Train|3100702055.avi|1,3100702055.avi,Train,1,150,299,5000,9966
Train|3100702059.avi|0,3100702059.avi,Train,0,0,149,0,4966
Train|3100702059.avi|1,3100702059.avi,Train,1,150,299,5000,9966
Train|3100702060.avi|0,3100702060.avi,Train,0,0,149,0,4966
Train|3100702060.avi|1,3100702060.avi,Train,1,150,299,5000,9966
Train|3100702061.avi|0,3100702061.avi,Train,0,0,149,0,4966
Train|3100702061.avi|1,3100702061.avi,Train,1,150,299,5000,9966
Train|3100702062.avi|0,3100702062.avi,Train,0,0,149,0,4966
Train|3100702062.avi|1,3100702062.avi,Train,1,150,299,5000,9966
Train|3100702063.avi|0,3100702063.avi,Train,0,0,149,0,4966
Train|3100702063.avi|1,3100702063.avi,Train,1,150,299,5000,9966
Train|3100702064.avi|0,3100702064.avi,Train,0,0,149,0,4966
Train|3100702064.avi|1,3100702064.avi,Train,1,150,299,5000,9966
Train|3100702065.avi|0,3100702065.avi,Train,0,0,149,0,4966
Train|3100702065.avi|1,3100702065.avi,Train,1,150,299,5000,9966
Train|3100702066.avi|0,3100702066.avi,Train,0,0,149,0,4966
Train|3100702066.avi|1,3100702066.avi,Train,1,150,299,5000,9966
Train|3100702067.avi|0,3100702067.avi,Train,0,0,149,0,4966
Train|3100702067.avi|1,3100702067.avi,Train,1,150,299,5000,9966
Train|3100702068.avi|0,3100702068.avi,Train,0,0,149,0,4966
Train|3100702068.avi|1,3100702068.avi,Train,1,150,299,5000,9966
Train|3100711007.avi|0,3100711007.avi,Train,0,0,149,0,4966
Train|3100711007.avi|1,3100711007.avi,Train,1,150,299,5000,9966
Train|3100711009.avi|0,3100711009.avi,Train,0,0,149,0,4966
Train|3100711009.avi|1,3100711009.avi,Train,1,150,299,5000,9966
Train|3100711042.avi|0,3100711042.avi,Train,0,0,149,0,4966
Train|3100711042.avi|1,3100711042.avi,Train,1,150,299,5000,9966
Train|3100711043.avi|0,3100711043.avi,Train,0,0,149,0,4966
Train|3100711043.avi|1,3100711043.avi,Train,1,150,299,5000,9966
Train|3100711049.avi|0,3100711049.avi,Train,0,0,149,0,4966
Train|3100711049.avi|1,3100711049.avi,Train,1,150,299,5000,9966
Train|3100711050.avi|0,3100711050.avi,Train,0,0,149,0,4966
Train|3100711050.avi|1,3100711050.avi,Train,1,150,299,5000,9966
Train|3100711051.avi|0,3100711051.avi,Train,0,0,149,0,4966
Train|3100711051.avi|1,3100711051.avi,Train,1,150,299,5000,9966
Train|3100711052.avi|0,3100711052.avi,Train,0,0,149,0,4966
Train|3100711052.avi|1,3100711052.avi,Train,1,150,299,5000,9966
Train|3100712014.avi|0,3100712014.avi,Train,0,0,149,0,4966
Train|3100712014.avi|1,3100712014.avi,Train,1,150,299,5000,9966
Train|3100721002.avi|0,3100721002.avi,Train,0,0,149,0,4966
Train|3100721002.avi|1,3100721002.avi,Train,1,150,299,5000,9966
Train|3100721003.avi|0,3100721003.avi,Train,0,0,149,0,4966
Train|3100721003.avi|1,3100721003.avi,Train,1,150,299,5000,9966
Train|3100721004.avi|0,3100721004.avi,Train,0,0,149,0,4966
Train|3100721004.avi|1,3100721004.avi,Train,1,150,299,5000,9966
Train|3100721005.avi|0,3100721005.avi,Train,0,0,149,0,4966
Train|3100721005.avi|1,3100721005.avi,Train,1,150,299,5000,9966
Train|3100721006.avi|0,3100721006.avi,Train,0,0,149,0,4966
Train|3100721006.avi|1,3100721006.avi,Train,1,150,299,5000,9966
Train|3100721007.avi|0,3100721007.avi,Train,0,0,149,0,4966
Train|3100721007.avi|1,3100721007.avi,Train,1,150,299,5000,9966
Train|3100721008.avi|0,3100721008.avi,Train,0,0,149,0,4966
Train|3100721008.avi|1,3100721008.avi,Train,1,150,299,5000,9966
Train|3100721011.avi|0,3100721011.avi,Train,0,0,149,0,4966
Train|3100721011.avi|1,3100721011.avi,Train,1,150,299,5000,9966
Train|3100721012.avi|0,3100721012.avi,Train,0,0,149,0,4966
Train|3100721012.avi|1,3100721012.avi,Train,1,150,299,5000,9966
Train|3100721013.avi|0,3100721013.avi,Train,0,0,149,0,4966
Train|3100721013.avi|1,3100721013.avi,Train,1,150,299,5000,9966
Train|3100721014.avi|0,3100721014.avi,Train,0,0,149,0,4966
Train|3100721014.avi|1,3100721014.avi,Train,1,150,299,5000,9966
Train|3100721015.avi|0,3100721015.avi,Train,0,0,149,0,4966
Train|3100721015.avi|1,3100721015.avi,Train,1,150,299,5000,9966
Train|3100721016.avi|0,3100721016.avi,Train,0,0,149,0,4966
Train|3100721016.avi|1,3100721016.avi,Train,1,150,299,5000,9966
Train|3100721018.avi|0,3100721018.avi,Train,0,0,149,0,4966
Train|3100721018.avi|1,3100721018.avi,Train,1,150,299,5000,9966
Train|3100721019.avi|0,3100721019.avi,Train,0,0,149,0,4966
Train|3100721019.avi|1,3100721019.avi,Train,1,150,299,5000,9966
Train|3100721020.avi|0,3100721020.avi,Train,0,0,149,0,4966
Train|3100721020.avi|1,3100721020.avi,Train,1,150,299,5000,9966
Train|3100721021.avi|0,3100721021.avi,Train,0,0,149,0,4966
Train|3100721021.avi|1,3100721021.avi,Train,1,150,299,5000,9966
Train|3100721022.avi|0,3100721022.avi,Train,0,0,149,0,4966
Train|3100721022.avi|1,3100721022.avi,Train,1,150,299,5000,9966
Train|3100721023.avi|0,3100721023.avi,Train,0,0,149,0,4966
Train|3100721023.avi|1,3100721023.avi,Train,1,150,299,5000,9966
Train|3100721024.avi|0,3100721024.avi,Train,0,0,149,0,4966
Train|3100721024.avi|1,3100721024.avi,Train,1,150,299,5000,9966
Train|3100721028.avi|0,3100721028.avi,Train,0,0,149,0,4966
Train|3100721028.avi|1,3100721028.avi,Train,1,150,299,5000,9966
Train|3100721029.avi|0,3100721029.avi,Train,0,0,149,0,4966
Train|3100721029.avi|1,3100721029.avi,Train,1,150,299,5000,9966
Train|3100721030.avi|0,3100721030.avi,Train,0,0,149,0,4966
Train|3100721030.avi|1,3100721030.avi,Train,1,150,299,5000,9966
Train|3100721031.avi|0,3100721031.avi,Train,0,0,149,0,4966
Train|3100721031.avi|1,3100721031.avi,Train,1,150,299,5000,9966
Train|3100721032.avi|0,3100721032.avi,Train,0,0,149,0,4966
Train|3100721032.avi|1,3100721032.avi,Train,1,150,299,5000,9966
Train|3100721033.avi|0,3100721033.avi,Train,0,0,149,0,4966
Train|3100721033.avi|1,3100721033.avi,Train,1,150,299,5000,9966
Train|3100721034.avi|0,3100721034.avi,Train,0,0,149,0,4966
Train|3100721034.avi|1,3100721034.avi,Train,1,150,299,5000,9966
Train|3100721036.avi|0,3100721036.avi,Train,0,0,149,0,4966
Train|3100721036.avi|1,3100721036.avi,Train,1,150,299,5000,9966
Train|3100721038.avi|0,3100721038.avi,Train,0,0,149,0,4966
Train|3100721038.avi|1,3100721038.avi,Train,1,150,299,5000,9966
Train|3100721039.avi|0,3100721039.avi,Train,0,0,149,0,4966
Train|3100721039.avi|1,3100721039.avi,Train,1,150,299,5000,9966
Train|3100721040.avi|0,3100721040.avi,Train,0,0,149,0,4966
Train|3100721040.avi|1,3100721040.avi,Train,1,150,299,5000,9966
Train|3100721041.avi|0,3100721041.avi,Train,0,0,149,0,4966
Train|3100721041.avi|1,3100721041.avi,Train,1,150,299,5000,9966
Train|3100721042.avi|0,3100721042.avi,Train,0,0,149,0,4966
Train|3100721042.avi|1,3100721042.avi,Train,1,150,299,5000,9966
Train|3100721044.avi|0,3100721044.avi,Train,0,0,149,0,4966
Train|3100721044.avi|1,3100721044.avi,Train,1,150,299,5000,9966
Train|3100721045.avi|0,3100721045.avi,Train,0,0,149,0,4966
Train|3100721045.avi|1,3100721045.avi,Train,1,150,299,5000,9966
Train|3100721046.avi|0,3100721046.avi,Train,0,0,149,0,4966
Train|3100721046.avi|1,3100721046.avi,Train,1,150,299,5000,9966
Train|3100721047.avi|0,3100721047.avi,Train,0,0,149,0,4966
Train|3100721047.avi|1,3100721047.avi,Train,1,150,299,5000,9966
Train|3100721048.avi|0,3100721048.avi,Train,0,0,149,0,4966
Train|3100721048.avi|1,3100721048.avi,Train,1,150,299,5000,9966
Train|3100721049.avi|0,3100721049.avi,Train,0,0,149,0,4966
Train|3100721049.avi|1,3100721049.avi,Train,1,150,299,5000,9966
Train|3100721050.avi|0,3100721050.avi,Train,0,0,149,0,4966
Train|3100721050.avi|1,3100721050.avi,Train,1,150,299,5000,9966
Train|3100721051.avi|0,3100721051.avi,Train,0,0,149,0,4966
Train|3100721051.avi|1,3100721051.avi,Train,1,150,299,5000,9966
Train|3100721052.avi|0,3100721052.avi,Train,0,0,149,0,4966
Train|3100721052.avi|1,3100721052.avi,Train,1,150,299,5000,9966
Train|3100721053.avi|0,3100721053.avi,Train,0,0,149,0,4966
Train|3100721053.avi|1,3100721053.avi,Train,1,150,299,5000,9966
Train|3100721054.avi|0,3100721054.avi,Train,0,0,149,0,4966
Train|3100721054.avi|1,3100721054.avi,Train,1,150,299,5000,9966
Train|3100721055.avi|0,3100721055.avi,Train,0,0,149,0,4966
Train|3100721055.avi|1,3100721055.avi,Train,1,150,299,5000,9966
Train|3100721056.avi|0,3100721056.avi,Train,0,0,149,0,4966
Train|3100721056.avi|1,3100721056.avi,Train,1,150,299,5000,9966
Train|3100721057.avi|0,3100721057.avi,Train,0,0,149,0,4966
Train|3100721057.avi|1,3100721057.avi,Train,1,150,299,5000,9966
Train|3100721058.avi|0,3100721058.avi,Train,0,0,149,0,4966
Train|3100721058.avi|1,3100721058.avi,Train,1,150,299,5000,9966
Train|3100721059.avi|0,3100721059.avi,Train,0,0,149,0,4966
Train|3100721059.avi|1,3100721059.avi,Train,1,150,299,5000,9966
Train|3100721060.avi|0,3100721060.avi,Train,0,0,149,0,4966
Train|3100721060.avi|1,3100721060.avi,Train,1,150,299,5000,9966
Train|3100721062.avi|0,3100721062.avi,Train,0,0,149,0,4966
Train|3100721062.avi|1,3100721062.avi,Train,1,150,299,5000,9966
Train|3100721063.avi|0,3100721063.avi,Train,0,0,149,0,4966
Train|3100721063.avi|1,3100721063.avi,Train,1,150,299,5000,9966
Train|3100721064.avi|0,3100721064.avi,Train,0,0,149,0,4966
Train|3100721064.avi|1,3100721064.avi,Train,1,150,299,5000,9966
Train|3100721065.avi|0,3100721065.avi,Train,0,0,149,0,4966
Train|3100721065.avi|1,3100721065.avi,Train,1,150,299,5000,9966
Train|3100721066.avi|0,3100721066.avi,Train,0,0,149,0,4966
Train|3100721066.avi|1,3100721066.avi,Train,1,150,299,5000,9966
Train|3100721068.avi|0,3100721068.avi,Train,0,0,149,0,4966
Train|3100721068.avi|1,3100721068.avi,Train,1,150,299,5000,9966
Train|3100721070.avi|0,3100721070.avi,Train,0,0,149,0,4966
Train|3100721070.avi|1,3100721070.avi,Train,1,150,299,5000,9966
Train|3100721071.avi|0,3100721071.avi,Train,0,0,149,0,4966
Train|3100721071.avi|1,3100721071.avi,Train,1,150,299,5000,9966
Train|3100721072.avi|0,3100721072.avi,Train,0,0,149,0,4966
Train|3100721072.avi|1,3100721072.avi,Train,1,150,299,5000,9966
Train|3100722003.avi|0,3100722003.avi,Train,0,0,149,0,4966
Train|3100722003.avi|1,3100722003.avi,Train,1,150,299,5000,9966
Train|3100722004.avi|0,3100722004.avi,Train,0,0,149,0,4966
Train|3100722004.avi|1,3100722004.avi,Train,1,150,299,5000,9966
Train|3100722005.avi|0,3100722005.avi,Train,0,0,149,0,4966
Train|3100722005.avi|1,3100722005.avi,Train,1,150,299,5000,9966
Train|3100722006.avi|0,3100722006.avi,Train,0,0,149,0,4966
Train|3100722006.avi|1,3100722006.avi,Train,1,150,299,5000,9966
Train|3100722007.avi|0,3100722007.avi,Train,0,0,149,0,4966
Train|3100722007.avi|1,3100722007.avi,Train,1,150,299,5000,9966
Train|3100722012.avi|0,3100722012.avi,Train,0,0,149,0,4966
Train|3100722012.avi|1,3100722012.avi,Train,1,150,299,5000,9966
Train|3100722013.avi|0,3100722013.avi,Train,0,0,149,0,4966
Train|3100722013.avi|1,3100722013.avi,Train,1,150,299,5000,9966
Train|3100722014.avi|0,3100722014.avi,Train,0,0,149,0,4966
Train|3100722014.avi|1,3100722014.avi,Train,1,150,299,5000,9966
Train|3100722016.avi|0,3100722016.avi,Train,0,0,149,0,4966
Train|3100722016.avi|1,3100722016.avi,Train,1,150,299,5000,9966
Train|3100722017.avi|0,3100722017.avi,Train,0,0,149,0,4966
Train|3100722017.avi|1,3100722017.avi,Train,1,150,299,5000,9966
Train|3100722020.avi|0,3100722020.avi,Train,0,0,149,0,4966
Train|3100722020.avi|1,3100722020.avi,Train,1,150,299,5000,9966
Train|3100722021.avi|0,3100722021.avi,Train,0,0,149,0,4966
Train|3100722021.avi|1,3100722021.avi,Train,1,150,299,5000,9966
Train|3100722022.avi|0,3100722022.avi,Train,0,0,149,0,4966
Train|3100722022.avi|1,3100722022.avi,Train,1,150,299,5000,9966
Train|3100722023.avi|0,3100722023.avi,Train,0,0,149,0,4966
Train|3100722023.avi|1,3100722023.avi,Train,1,150,299,5000,9966
Train|3100722024.avi|0,3100722024.avi,Train,0,0,149,0,4966
Train|3100722024.avi|1,3100722024.avi,Train,1,150,299,5000,9966
Train|3100722025.avi|0,3100722025.avi,Train,0,0,149,0,4966
Train|3100722025.avi|1,3100722025.avi,Train,1,150,299,5000,9966
Train|3100722026.avi|0,3100722026.avi,Train,0,0,149,0,4966
Train|3100722026.avi|1,3100722026.avi,Train,1,150,299,5000,9966
Train|3100722027.avi|0,3100722027.avi,Train,0,0,149,0,4966
Train|3100722027.avi|1,3100722027.avi,Train,1,150,299,5000,9966
Train|3100722030.avi|0,3100722030.avi,Train,0,0,149,0,4966
Train|3100722030.avi|1,3100722030.avi,Train,1,150,299,5000,9966
Train|3100722031.avi|0,3100722031.avi,Train,0,0,149,0,4966
Train|3100722031.avi|1,3100722031.avi,Train,1,150,299,5000,9966
Train|3100722032.avi|0,3100722032.avi,Train,0,0,149,0,4966
Train|3100722032.avi|1,3100722032.avi,Train,1,150,299,5000,9966
Train|3100722033.avi|0,3100722033.avi,Train,0,0,149,0,4966
Train|3100722033.avi|1,3100722033.avi,Train,1,150,299,5000,9966
Train|3100722034.avi|0,3100722034.avi,Train,0,0,149,0,4966
Train|3100722034.avi|1,3100722034.avi,Train,1,150,299,5000,9966
Train|3100722036.avi|0,3100722036.avi,Train,0,0,149,0,4966
Train|3100722036.avi|1,3100722036.avi,Train,1,150,299,5000,9966
Train|3100722038.avi|0,3100722038.avi,Train,0,0,149,0,4966
Train|3100722038.avi|1,3100722038.avi,Train,1,150,299,5000,9966
Train|3100722039.avi|0,3100722039.avi,Train,0,0,149,0,4966
Train|3100722039.avi|1,3100722039.avi,Train,1,150,299,5000,9966
Train|3100722040.avi|0,3100722040.avi,Train,0,0,149,0,4966
Train|3100722040.avi|1,3100722040.avi,Train,1,150,299,5000,9966
Train|3100722042.avi|0,3100722042.avi,Train,0,0,149,0,4966
Train|3100722042.avi|1,3100722042.avi,Train,1,150,299,5000,9966
Train|3100722044.avi|0,3100722044.avi,Train,0,0,149,0,4966
Train|3100722044.avi|1,3100722044.avi,Train,1,150,299,5000,9966
Train|3100722045.avi|0,3100722045.avi,Train,0,0,149,0,4966
Train|3100722045.avi|1,3100722045.avi,Train,1,150,299,5000,9966
Train|3100722046.avi|0,3100722046.avi,Train,0,0,149,0,4966
Train|3100722046.avi|1,3100722046.avi,Train,1,150,299,5000,9966
Train|3100722047.avi|0,3100722047.avi,Train,0,0,149,0,4966
Train|3100722047.avi|1,3100722047.avi,Train,1,150,299,5000,9966
Train|3100722048.avi|0,3100722048.avi,Train,0,0,149,0,4966
Train|3100722048.avi|1,3100722048.avi,Train,1,150,299,5000,9966
Train|3100722054.avi|0,3100722054.avi,Train,0,0,149,0,4966
Train|3100722054.avi|1,3100722054.avi,Train,1,150,299,5000,9966
Train|3100722055.avi|0,3100722055.avi,Train,0,0,149,0,4966
Train|3100722055.avi|1,3100722055.avi,Train,1,150,299,5000,9966
Train|3100722057.avi|0,3100722057.avi,Train,0,0,149,0,4966
Train|3100722057.avi|1,3100722057.avi,Train,1,150,299,5000,9966
Train|3100722059.avi|0,3100722059.avi,Train,0,0,149,0,4966
Train|3100722059.avi|1,3100722059.avi,Train,1,150,299,5000,9966
Train|3100722061.avi|0,3100722061.avi,Train,0,0,149,0,4966
Train|3100722061.avi|1,3100722061.avi,Train,1,150,299,5000,9966
Train|3100722062.avi|0,3100722062.avi,Train,0,0,149,0,4966
Train|3100722062.avi|1,3100722062.avi,Train,1,150,299,5000,9966
Train|3100722063.avi|0,3100722063.avi,Train,0,0,149,0,4966
Train|3100722063.avi|1,3100722063.avi,Train,1,150,299,5000,9966
Train|3100722064.avi|0,3100722064.avi,Train,0,0,149,0,4966
Train|3100722064.avi|1,3100722064.avi,Train,1,150,299,5000,9966
Train|3100722065.avi|0,3100722065.avi,Train,0,0,149,0,4966
Train|3100722065.avi|1,3100722065.avi,Train,1,150,299,5000,9966
Train|3100722066.avi|0,3100722066.avi,Train,0,0,149,0,4966
Train|3100722066.avi|1,3100722066.avi,Train,1,150,299,5000,9966
Train|3100722067.avi|0,3100722067.avi,Train,0,0,149,0,4966
Train|3100722067.avi|1,3100722067.avi,Train,1,150,299,5000,9966
Train|3100722068.avi|0,3100722068.avi,Train,0,0,149,0,4966
Train|3100722068.avi|1,3100722068.avi,Train,1,150,299,5000,9966
Train|3100722069.avi|0,3100722069.avi,Train,0,0,149,0,4966
Train|3100722069.avi|1,3100722069.avi,Train,1,150,299,5000,9966
Train|3100722070.avi|0,3100722070.avi,Train,0,0,149,0,4966
Train|3100722070.avi|1,3100722070.avi,Train,1,150,299,5000,9966
Train|3100722072.avi|0,3100722072.avi,Train,0,0,149,0,4966
Train|3100722072.avi|1,3100722072.avi,Train,1,150,299,5000,9966
Train|3100722073.avi|0,3100722073.avi,Train,0,0,149,0,4966
Train|3100722073.avi|1,3100722073.avi,Train,1,150,299,5000,9966
Train|3100722074.avi|0,3100722074.avi,Train,0,0,149,0,4966
Train|3100722074.avi|1,3100722074.avi,Train,1,150,299,5000,9966
Train|3100722076.avi|0,3100722076.avi,Train,0,0,149,0,4966
Train|3100722076.avi|1,3100722076.avi,Train,1,150,299,5000,9966
Train|3100722077.avi|0,3100722077.avi,Train,0,0,149,0,4966
Train|3100722077.avi|1,3100722077.avi,Train,1,150,299,5000,9966
Train|3100722078.avi|0,3100722078.avi,Train,0,0,149,0,4966
Train|3100722078.avi|1,3100722078.avi,Train,1,150,299,5000,9966
Train|3100722079.avi|0,3100722079.avi,Train,0,0,149,0,4966
Train|3100722079.avi|1,3100722079.avi,Train,1,150,299,5000,9966
Train|3100731001.avi|0,3100731001.avi,Train,0,0,149,0,4966
Train|3100731001.avi|1,3100731001.avi,Train,1,150,299,5000,9966
Train|3100731006.avi|0,3100731006.avi,Train,0,0,149,0,4966
Train|3100731006.avi|1,3100731006.avi,Train,1,150,299,5000,9966
Train|3100731007.avi|0,3100731007.avi,Train,0,0,149,0,4966
Train|3100731007.avi|1,3100731007.avi,Train,1,150,299,5000,9966
Train|3100731008.avi|0,3100731008.avi,Train,0,0,149,0,4966
Train|3100731008.avi|1,3100731008.avi,Train,1,150,299,5000,9966
Train|3100731009.avi|0,3100731009.avi,Train,0,0,149,0,4966
Train|3100731009.avi|1,3100731009.avi,Train,1,150,299,5000,9966
Train|3100731011.avi|0,3100731011.avi,Train,0,0,149,0,4966
Train|3100731011.avi|1,3100731011.avi,Train,1,150,299,5000,9966
Train|3100731012.avi|0,3100731012.avi,Train,0,0,149,0,4966
Train|3100731012.avi|1,3100731012.avi,Train,1,150,299,5000,9966
Train|3100731013.avi|0,3100731013.avi,Train,0,0,149,0,4966
Train|3100731013.avi|1,3100731013.avi,Train,1,150,299,5000,9966
Train|3100731014.avi|0,3100731014.avi,Train,0,0,149,0,4966
Train|3100731014.avi|1,3100731014.avi,Train,1,150,299,5000,9966
Train|3100731025.avi|0,3100731025.avi,Train,0,0,149,0,4966
Train|3100731025.avi|1,3100731025.avi,Train,1,150,299,5000,9966
Train|3100731026.avi|0,3100731026.avi,Train,0,0,149,0,4966
Train|3100731026.avi|1,3100731026.avi,Train,1,150,299,5000,9966
Train|3100731028.avi|0,3100731028.avi,Train,0,0,149,0,4966
Train|3100731028.avi|1,3100731028.avi,Train,1,150,299,5000,9966
Train|3100731029.avi|0,3100731029.avi,Train,0,0,149,0,4966
Train|3100731029.avi|1,3100731029.avi,Train,1,150,299,5000,9966
Train|3100731030.avi|0,3100731030.avi,Train,0,0,149,0,4966
Train|3100731030.avi|1,3100731030.avi,Train,1,150,299,5000,9966
Train|3100731031.avi|0,3100731031.avi,Train,0,0,149,0,4966
Train|3100731031.avi|1,3100731031.avi,Train,1,150,299,5000,9966
Train|3100731037.avi|0,3100731037.avi,Train,0,0,149,0,4966
Train|3100731037.avi|1,3100731037.avi,Train,1,150,299,5000,9966
Train|3100731038.avi|0,3100731038.avi,Train,0,0,149,0,4966
Train|3100731038.avi|1,3100731038.avi,Train,1,150,299,5000,9966
Train|3100731050.avi|0,3100731050.avi,Train,0,0,149,0,4966
Train|3100731050.avi|1,3100731050.avi,Train,1,150,299,5000,9966
Train|3100731052.avi|0,3100731052.avi,Train,0,0,149,0,4966
Train|3100731052.avi|1,3100731052.avi,Train,1,150,299,5000,9966
Train|3100731054.avi|0,3100731054.avi,Train,0,0,149,0,4966
Train|3100731054.avi|1,3100731054.avi,Train,1,150,299,5000,9966
Train|3100731056.avi|0,3100731056.avi,Train,0,0,149,0,4966
Train|3100731056.avi|1,3100731056.avi,Train,1,150,299,5000,9966
Train|3100731057.avi|0,3100731057.avi,Train,0,0,149,0,4966
Train|3100731057.avi|1,3100731057.avi,Train,1,150,299,5000,9966
Train|3100731058.avi|0,3100731058.avi,Train,0,0,149,0,4966
Train|3100731058.avi|1,3100731058.avi,Train,1,150,299,5000,9966
Train|3100732001.avi|0,3100732001.avi,Train,0,0,149,0,4966
Train|3100732001.avi|1,3100732001.avi,Train,1,150,299,5000,9966
Train|3100732002.avi|0,3100732002.avi,Train,0,0,149,0,4966
Train|3100732002.avi|1,3100732002.avi,Train,1,150,299,5000,9966
Train|3100732003.avi|0,3100732003.avi,Train,0,0,149,0,4966
Train|3100732003.avi|1,3100732003.avi,Train,1,150,299,5000,9966
Train|3100732006.avi|0,3100732006.avi,Train,0,0,149,0,4966
Train|3100732006.avi|1,3100732006.avi,Train,1,150,299,5000,9966
Train|3100732013.avi|0,3100732013.avi,Train,0,0,149,0,4966
Train|3100732013.avi|1,3100732013.avi,Train,1,150,299,5000,9966
Train|3100732014.avi|0,3100732014.avi,Train,0,0,149,0,4966
Train|3100732014.avi|1,3100732014.avi,Train,1,150,299,5000,9966
Train|3100732015.avi|0,3100732015.avi,Train,0,0,149,0,4966
Train|3100732015.avi|1,3100732015.avi,Train,1,150,299,5000,9966
Train|3100732017.avi|0,3100732017.avi,Train,0,0,149,0,4966
Train|3100732017.avi|1,3100732017.avi,Train,1,150,299,5000,9966
Train|3100732018.avi|0,3100732018.avi,Train,0,0,149,0,4966
Train|3100732018.avi|1,3100732018.avi,Train,1,150,299,5000,9966
Train|3100732020.avi|0,3100732020.avi,Train,0,0,149,0,4966
Train|3100732020.avi|1,3100732020.avi,Train,1,150,299,5000,9966
Train|3100732021.avi|0,3100732021.avi,Train,0,0,149,0,4966
Train|3100732021.avi|1,3100732021.avi,Train,1,150,299,5000,9966
Train|3100732022.avi|0,3100732022.avi,Train,0,0,149,0,4966
Train|3100732022.avi|1,3100732022.avi,Train,1,150,299,5000,9966
Train|3100732023.avi|0,3100732023.avi,Train,0,0,149,0,4966
Train|3100732023.avi|1,3100732023.avi,Train,1,150,299,5000,9966
Train|3100732025.avi|0,3100732025.avi,Train,0,0,149,0,4966
Train|3100732025.avi|1,3100732025.avi,Train,1,150,299,5000,9966
Train|3100732027.avi|0,3100732027.avi,Train,0,0,149,0,4966
Train|3100732027.avi|1,3100732027.avi,Train,1,150,299,5000,9966
Train|3100732028.avi|0,3100732028.avi,Train,0,0,149,0,4966
Train|3100732028.avi|1,3100732028.avi,Train,1,150,299,5000,9966
Train|3100732029.avi|0,3100732029.avi,Train,0,0,149,0,4966
Train|3100732029.avi|1,3100732029.avi,Train,1,150,299,5000,9966
Train|3100732031.avi|0,3100732031.avi,Train,0,0,149,0,4966
Train|3100732031.avi|1,3100732031.avi,Train,1,150,299,5000,9966
Train|3100732036.avi|0,3100732036.avi,Train,0,0,149,0,4966
Train|3100732036.avi|1,3100732036.avi,Train,1,150,299,5000,9966
Train|3100732040.avi|0,3100732040.avi,Train,0,0,149,0,4966
Train|3100732040.avi|1,3100732040.avi,Train,1,150,299,5000,9966
Train|3100732041.avi|0,3100732041.avi,Train,0,0,149,0,4966
Train|3100732041.avi|1,3100732041.avi,Train,1,150,299,5000,9966
Train|3100732042.avi|0,3100732042.avi,Train,0,0,149,0,4966
Train|3100732042.avi|1,3100732042.avi,Train,1,150,299,5000,9966
Train|3100732067.avi|0,3100732067.avi,Train,0,0,149,0,4966
Train|3100732067.avi|1,3100732067.avi,Train,1,150,299,5000,9966
Train|3100741001.avi|0,3100741001.avi,Train,0,0,149,0,4966
Train|3100741001.avi|1,3100741001.avi,Train,1,150,299,5000,9966
Train|3100741002.avi|0,3100741002.avi,Train,0,0,149,0,4966
Train|3100741002.avi|1,3100741002.avi,Train,1,150,299,5000,9966
Train|3100741003.avi|0,3100741003.avi,Train,0,0,149,0,4966
Train|3100741003.avi|1,3100741003.avi,Train,1,150,299,5000,9966
Train|3100741004.avi|0,3100741004.avi,Train,0,0,149,0,4966
Train|3100741004.avi|1,3100741004.avi,Train,1,150,299,5000,9966
Train|3100741011.avi|0,3100741011.avi,Train,0,0,149,0,4966
Train|3100741011.avi|1,3100741011.avi,Train,1,150,299,5000,9966
Train|3100741012.avi|0,3100741012.avi,Train,0,0,149,0,4966
Train|3100741012.avi|1,3100741012.avi,Train,1,150,299,5000,9966
Train|3100741013.avi|0,3100741013.avi,Train,0,0,149,0,4966
Train|3100741013.avi|1,3100741013.avi,Train,1,150,299,5000,9966
Train|3100741014.avi|0,3100741014.avi,Train,0,0,149,0,4966
Train|3100741014.avi|1,3100741014.avi,Train,1,150,299,5000,9966
Train|3100741016.avi|0,3100741016.avi,Train,0,0,149,0,4966
Train|3100741016.avi|1,3100741016.avi,Train,1,150,299,5000,9966
Train|3100741017.avi|0,3100741017.avi,Train,0,0,149,0,4966
Train|3100741017.avi|1,3100741017.avi,Train,1,150,299,5000,9966
Train|3100741018.avi|0,3100741018.avi,Train,0,0,149,0,4966
Train|3100741018.avi|1,3100741018.avi,Train,1,150,299,5000,9966
Train|3100741019.avi|0,3100741019.avi,Train,0,0,149,0,4966
Train|3100741019.avi|1,3100741019.avi,Train,1,150,299,5000,9966
Train|3100741020.avi|0,3100741020.avi,Train,0,0,149,0,4966
Train|3100741020.avi|1,3100741020.avi,Train,1,150,299,5000,9966
Train|3100741022.avi|0,3100741022.avi,Train,0,0,149,0,4966
Train|3100741022.avi|1,3100741022.avi,Train,1,150,299,5000,9966
Train|3100741023.avi|0,3100741023.avi,Train,0,0,149,0,4966
Train|3100741023.avi|1,3100741023.avi,Train,1,150,299,5000,9966
Train|3100741024.avi|0,3100741024.avi,Train,0,0,149,0,4966
Train|3100741024.avi|1,3100741024.avi,Train,1,150,299,5000,9966
Train|3100741025.avi|0,3100741025.avi,Train,0,0,149,0,4966
Train|3100741025.avi|1,3100741025.avi,Train,1,150,299,5000,9966
Train|3100741026.avi|0,3100741026.avi,Train,0,0,149,0,4966
Train|3100741026.avi|1,3100741026.avi,Train,1,150,299,5000,9966
Train|3100741027.avi|0,3100741027.avi,Train,0,0,149,0,4966
Train|3100741027.avi|1,3100741027.avi,Train,1,150,299,5000,9966
Train|3100741028.avi|0,3100741028.avi,Train,0,0,149,0,4966
Train|3100741028.avi|1,3100741028.avi,Train,1,150,299,5000,9966
Train|3100741029.avi|0,3100741029.avi,Train,0,0,149,0,4966
Train|3100741029.avi|1,3100741029.avi,Train,1,150,299,5000,9966
Train|3100741030.avi|0,3100741030.avi,Train,0,0,149,0,4966
Train|3100741030.avi|1,3100741030.avi,Train,1,150,299,5000,9966
Train|3100741032.avi|0,3100741032.avi,Train,0,0,149,0,4966
Train|3100741032.avi|1,3100741032.avi,Train,1,150,299,5000,9966
Train|3100741034.avi|0,3100741034.avi,Train,0,0,149,0,4966
Train|3100741034.avi|1,3100741034.avi,Train,1,150,299,5000,9966
Train|3100741035.avi|0,3100741035.avi,Train,0,0,149,0,4966
Train|3100741035.avi|1,3100741035.avi,Train,1,150,299,5000,9966
Train|3100741036.avi|0,3100741036.avi,Train,0,0,149,0,4966
Train|3100741036.avi|1,3100741036.avi,Train,1,150,299,5000,9966
Train|3100741037.avi|0,3100741037.avi,Train,0,0,149,0,4966
Train|3100741037.avi|1,3100741037.avi,Train,1,150,299,5000,9966
Train|3100741038.avi|0,3100741038.avi,Train,0,0,149,0,4966
Train|3100741038.avi|1,3100741038.avi,Train,1,150,299,5000,9966
Train|3100741039.avi|0,3100741039.avi,Train,0,0,149,0,4966
Train|3100741039.avi|1,3100741039.avi,Train,1,150,299,5000,9966
Train|3100741042.avi|0,3100741042.avi,Train,0,0,149,0,4966
Train|3100741042.avi|1,3100741042.avi,Train,1,150,299,5000,9966
Train|3100741043.avi|0,3100741043.avi,Train,0,0,149,0,4966
Train|3100741043.avi|1,3100741043.avi,Train,1,150,299,5000,9966
Train|3100741044.avi|0,3100741044.avi,Train,0,0,149,0,4966
Train|3100741044.avi|1,3100741044.avi,Train,1,150,299,5000,9966
Train|3100741045.avi|0,3100741045.avi,Train,0,0,149,0,4966
Train|3100741045.avi|1,3100741045.avi,Train,1,150,299,5000,9966
Train|3100741047.avi|0,3100741047.avi,Train,0,0,149,0,4966
Train|3100741047.avi|1,3100741047.avi,Train,1,150,299,5000,9966
Train|3100741049.avi|0,3100741049.avi,Train,0,0,149,0,4966
Train|3100741049.avi|1,3100741049.avi,Train,1,150,299,5000,9966
Train|3100741053.avi|0,3100741053.avi,Train,0,0,149,0,4966
Train|3100741053.avi|1,3100741053.avi,Train,1,150,299,5000,9966
Train|3100741054.avi|0,3100741054.avi,Train,0,0,149,0,4966
Train|3100741054.avi|1,3100741054.avi,Train,1,150,299,5000,9966
Train|3100741056.avi|0,3100741056.avi,Train,0,0,149,0,4966
Train|3100741056.avi|1,3100741056.avi,Train,1,150,299,5000,9966
Train|3100741057.avi|0,3100741057.avi,Train,0,0,149,0,4966
Train|3100741057.avi|1,3100741057.avi,Train,1,150,299,5000,9966
Train|3100741058.avi|0,3100741058.avi,Train,0,0,149,0,4966
Train|3100741058.avi|1,3100741058.avi,Train,1,150,299,5000,9966
Train|3100741059.avi|0,3100741059.avi,Train,0,0,149,0,4966
Train|3100741059.avi|1,3100741059.avi,Train,1,150,299,5000,9966
Train|3100741060.avi|0,3100741060.avi,Train,0,0,149,0,4966
Train|3100741060.avi|1,3100741060.avi,Train,1,150,299,5000,9966
Train|3100741061.avi|0,3100741061.avi,Train,0,0,149,0,4966
Train|3100741061.avi|1,3100741061.avi,Train,1,150,299,5000,9966
Train|3100741063.avi|0,3100741063.avi,Train,0,0,149,0,4966
Train|3100741063.avi|1,3100741063.avi,Train,1,150,299,5000,9966
Train|3100741064.avi|0,3100741064.avi,Train,0,0,149,0,4966
Train|3100741064.avi|1,3100741064.avi,Train,1,150,299,5000,9966
Train|3100741065.avi|0,3100741065.avi,Train,0,0,149,0,4966
Train|3100741065.avi|1,3100741065.avi,Train,1,150,299,5000,9966
Train|3100741066.avi|0,3100741066.avi,Train,0,0,149,0,4966
Train|3100741066.avi|1,3100741066.avi,Train,1,150,299,5000,9966
Train|3100741068.avi|0,3100741068.avi,Train,0,0,149,0,4966
Train|3100741068.avi|1,3100741068.avi,Train,1,150,299,5000,9966
Train|3100741069.avi|0,3100741069.avi,Train,0,0,149,0,4966
Train|3100741069.avi|1,3100741069.avi,Train,1,150,299,5000,9966
Train|3100741070.avi|0,3100741070.avi,Train,0,0,149,0,4966
Train|3100741070.avi|1,3100741070.avi,Train,1,150,299,5000,9966
Train|3100741071.avi|0,3100741071.avi,Train,0,0,149,0,4966
Train|3100741071.avi|1,3100741071.avi,Train,1,150,299,5000,9966
Train|3100741072.avi|0,3100741072.avi,Train,0,0,149,0,4966
Train|3100741072.avi|1,3100741072.avi,Train,1,150,299,5000,9966
Train|3100741073.avi|0,3100741073.avi,Train,0,0,149,0,4966
Train|3100741073.avi|1,3100741073.avi,Train,1,150,299,5000,9966
Train|3100741074.avi|0,3100741074.avi,Train,0,0,149,0,4966
Train|3100741074.avi|1,3100741074.avi,Train,1,150,299,5000,9966
Train|3100741075.avi|0,3100741075.avi,Train,0,0,149,0,4966
Train|3100741075.avi|1,3100741075.avi,Train,1,150,299,5000,9966
Train|3100741076.avi|0,3100741076.avi,Train,0,0,149,0,4966
Train|3100741076.avi|1,3100741076.avi,Train,1,150,299,5000,9966
Train|3100741077.avi|0,3100741077.avi,Train,0,0,149,0,4966
Train|3100741077.avi|1,3100741077.avi,Train,1,150,299,5000,9966
Train|3100741079.avi|0,3100741079.avi,Train,0,0,149,0,4966
Train|3100741079.avi|1,3100741079.avi,Train,1,150,299,5000,9966
Train|3100742001.avi|0,3100742001.avi,Train,0,0,149,0,4966
Train|3100742001.avi|1,3100742001.avi,Train,1,150,299,5000,9966
Train|3100742003.avi|0,3100742003.avi,Train,0,0,149,0,4966
Train|3100742003.avi|1,3100742003.avi,Train,1,150,299,5000,9966
Train|3100742004.avi|0,3100742004.avi,Train,0,0,149,0,4966
Train|3100742004.avi|1,3100742004.avi,Train,1,150,299,5000,9966
Train|3100742005.avi|0,3100742005.avi,Train,0,0,149,0,4966
Train|3100742005.avi|1,3100742005.avi,Train,1,150,299,5000,9966
Train|3100742007.avi|0,3100742007.avi,Train,0,0,149,0,4966
Train|3100742007.avi|1,3100742007.avi,Train,1,150,299,5000,9966
Train|3100742010.avi|0,3100742010.avi,Train,0,0,149,0,4966
Train|3100742010.avi|1,3100742010.avi,Train,1,150,299,5000,9966
Train|3100742011.avi|0,3100742011.avi,Train,0,0,149,0,4966
Train|3100742011.avi|1,3100742011.avi,Train,1,150,299,5000,9966
Train|3100742012.avi|0,3100742012.avi,Train,0,0,149,0,4966
Train|3100742012.avi|1,3100742012.avi,Train,1,150,299,5000,9966
Train|3100742013.avi|0,3100742013.avi,Train,0,0,149,0,4966
Train|3100742013.avi|1,3100742013.avi,Train,1,150,299,5000,9966
Train|3100742014.avi|0,3100742014.avi,Train,0,0,149,0,4966
Train|3100742014.avi|1,3100742014.avi,Train,1,150,299,5000,9966
Train|3100742015.avi|0,3100742015.avi,Train,0,0,149,0,4966
Train|3100742015.avi|1,3100742015.avi,Train,1,150,299,5000,9966
Train|3100742016.avi|0,3100742016.avi,Train,0,0,149,0,4966
Train|3100742016.avi|1,3100742016.avi,Train,1,150,299,5000,9966
Train|3100742018.avi|0,3100742018.avi,Train,0,0,149,0,4966
Train|3100742018.avi|1,3100742018.avi,Train,1,150,299,5000,9966
Train|3100742020.avi|0,3100742020.avi,Train,0,0,149,0,4966
Train|3100742020.avi|1,3100742020.avi,Train,1,150,299,5000,9966
Train|3100742021.avi|0,3100742021.avi,Train,0,0,149,0,4966
Train|3100742021.avi|1,3100742021.avi,Train,1,150,299,5000,9966
Train|3100742022.avi|0,3100742022.avi,Train,0,0,149,0,4966
Train|3100742022.avi|1,3100742022.avi,Train,1,150,299,5000,9966
Train|3100742023.avi|0,3100742023.avi,Train,0,0,149,0,4966
Train|3100742023.avi|1,3100742023.avi,Train,1,150,299,5000,9966
Train|3100742024.avi|0,3100742024.avi,Train,0,0,149,0,4966
Train|3100742024.avi|1,3100742024.avi,Train,1,150,299,5000,9966
Train|3100742025.avi|0,3100742025.avi,Train,0,0,149,0,4966
Train|3100742025.avi|1,3100742025.avi,Train,1,150,299,5000,9966
Train|3100742027.avi|0,3100742027.avi,Train,0,0,149,0,4966
Train|3100742027.avi|1,3100742027.avi,Train,1,150,299,5000,9966
Train|3100742028.avi|0,3100742028.avi,Train,0,0,149,0,4966
Train|3100742028.avi|1,3100742028.avi,Train,1,150,299,5000,9966
Train|3100742033.avi|0,3100742033.avi,Train,0,0,149,0,4966
Train|3100742033.avi|1,3100742033.avi,Train,1,150,299,5000,9966
Train|3100742034.avi|0,3100742034.avi,Train,0,0,149,0,4966
Train|3100742034.avi|1,3100742034.avi,Train,1,150,299,5000,9966
Train|3100742037.avi|0,3100742037.avi,Train,0,0,149,0,4966
Train|3100742037.avi|1,3100742037.avi,Train,1,150,299,5000,9966
Train|3100742038.avi|0,3100742038.avi,Train,0,0,149,0,4966
Train|3100742038.avi|1,3100742038.avi,Train,1,150,299,5000,9966
Train|3100742041.avi|0,3100742041.avi,Train,0,0,149,0,4966
Train|3100742041.avi|1,3100742041.avi,Train,1,150,299,5000,9966
Train|3100742042.avi|0,3100742042.avi,Train,0,0,149,0,4966
Train|3100742042.avi|1,3100742042.avi,Train,1,150,299,5000,9966
Train|3100742044.avi|0,3100742044.avi,Train,0,0,149,0,4966
Train|3100742044.avi|1,3100742044.avi,Train,1,150,299,5000,9966
Train|3100742045.avi|0,3100742045.avi,Train,0,0,149,0,4966
Train|3100742045.avi|1,3100742045.avi,Train,1,150,299,5000,9966
Train|3100742046.avi|0,3100742046.avi,Train,0,0,149,0,4966
Train|3100742046.avi|1,3100742046.avi,Train,1,150,299,5000,9966
Train|3100742047.avi|0,3100742047.avi,Train,0,0,149,0,4966
Train|3100742047.avi|1,3100742047.avi,Train,1,150,299,5000,9966
Train|3100742048.avi|0,3100742048.avi,Train,0,0,149,0,4966
Train|3100742048.avi|1,3100742048.avi,Train,1,150,299,5000,9966
Train|3100742050.avi|0,3100742050.avi,Train,0,0,149,0,4966
Train|3100742050.avi|1,3100742050.avi,Train,1,150,299,5000,9966
Train|3100742051.avi|0,3100742051.avi,Train,0,0,149,0,4966
Train|3100742051.avi|1,3100742051.avi,Train,1,150,299,5000,9966
Train|3100742052.avi|0,3100742052.avi,Train,0,0,149,0,4966
Train|3100742052.avi|1,3100742052.avi,Train,1,150,299,5000,9966
Train|3100742053.avi|0,3100742053.avi,Train,0,0,149,0,4966
Train|3100742053.avi|1,3100742053.avi,Train,1,150,299,5000,9966
Train|3100742054.avi|0,3100742054.avi,Train,0,0,149,0,4966
Train|3100742054.avi|1,3100742054.avi,Train,1,150,299,5000,9966
Train|3100742055.avi|0,3100742055.avi,Train,0,0,149,0,4966
Train|3100742055.avi|1,3100742055.avi,Train,1,150,299,5000,9966
Train|3100742056.avi|0,3100742056.avi,Train,0,0,149,0,4966
Train|3100742056.avi|1,3100742056.avi,Train,1,150,299,5000,9966
Train|3100742057.avi|0,3100742057.avi,Train,0,0,149,0,4966
Train|3100742057.avi|1,3100742057.avi,Train,1,150,299,5000,9966
Train|3100742058.avi|0,3100742058.avi,Train,0,0,149,0,4966
Train|3100742058.avi|1,3100742058.avi,Train,1,150,299,5000,9966
Train|3100742059.avi|0,3100742059.avi,Train,0,0,149,0,4966
Train|3100742059.avi|1,3100742059.avi,Train,1,150,299,5000,9966
Train|3100742060.avi|0,3100742060.avi,Train,0,0,149,0,4966
Train|3100742060.avi|1,3100742060.avi,Train,1,150,299,5000,9966
Train|3100742061.avi|0,3100742061.avi,Train,0,0,149,0,4966
Train|3100742061.avi|1,3100742061.avi,Train,1,150,299,5000,9966
Train|3100742062.avi|0,3100742062.avi,Train,0,0,149,0,4966
Train|3100742062.avi|1,3100742062.avi,Train,1,150,299,5000,9966
Train|3100742063.avi|0,3100742063.avi,Train,0,0,149,0,4966
Train|3100742063.avi|1,3100742063.avi,Train,1,150,299,5000,9966
Train|3100742065.avi|0,3100742065.avi,Train,0,0,149,0,4966
Train|3100742065.avi|1,3100742065.avi,Train,1,150,299,5000,9966
Train|3100742067.avi|0,3100742067.avi,Train,0,0,149,0,4966
Train|3100742067.avi|1,3100742067.avi,Train,1,150,299,5000,9966
Train|3100742068.avi|0,3100742068.avi,Train,0,0,149,0,4966
Train|3100742068.avi|1,3100742068.avi,Train,1,150,299,5000,9966
Train|3100751003.avi|0,3100751003.avi,Train,0,0,149,0,4966
Train|3100751003.avi|1,3100751003.avi,Train,1,150,299,5000,9966
Train|3100751004.avi|0,3100751004.avi,Train,0,0,149,0,4966
Train|3100751004.avi|1,3100751004.avi,Train,1,150,299,5000,9966
Train|3100751005.avi|0,3100751005.avi,Train,0,0,149,0,4966
Train|3100751005.avi|1,3100751005.avi,Train,1,150,299,5000,9966
Train|3100751006.avi|0,3100751006.avi,Train,0,0,149,0,4966
Train|3100751006.avi|1,3100751006.avi,Train,1,150,299,5000,9966
Train|3100751007.avi|0,3100751007.avi,Train,0,0,149,0,4966
Train|3100751007.avi|1,3100751007.avi,Train,1,150,299,5000,9966
Train|3100751008.avi|0,3100751008.avi,Train,0,0,149,0,4966
Train|3100751008.avi|1,3100751008.avi,Train,1,150,299,5000,9966
Train|3100751009.avi|0,3100751009.avi,Train,0,0,149,0,4966
Train|3100751009.avi|1,3100751009.avi,Train,1,150,299,5000,9966
Train|3100751010.avi|0,3100751010.avi,Train,0,0,149,0,4966
Train|3100751010.avi|1,3100751010.avi,Train,1,150,299,5000,9966
Train|3100751011.avi|0,3100751011.avi,Train,0,0,149,0,4966
Train|3100751011.avi|1,3100751011.avi,Train,1,150,299,5000,9966
Train|3100751012.avi|0,3100751012.avi,Train,0,0,149,0,4966
Train|3100751012.avi|1,3100751012.avi,Train,1,150,299,5000,9966
Train|3100751014.avi|0,3100751014.avi,Train,0,0,149,0,4966
Train|3100751014.avi|1,3100751014.avi,Train,1,150,299,5000,9966
Train|3100751015.avi|0,3100751015.avi,Train,0,0,149,0,4966
Train|3100751015.avi|1,3100751015.avi,Train,1,150,299,5000,9966
Train|3100751016.avi|0,3100751016.avi,Train,0,0,149,0,4966
Train|3100751016.avi|1,3100751016.avi,Train,1,150,299,5000,9966
Train|3100751017.avi|0,3100751017.avi,Train,0,0,149,0,4966
Train|3100751017.avi|1,3100751017.avi,Train,1,150,299,5000,9966
Train|3100751018.avi|0,3100751018.avi,Train,0,0,149,0,4966
Train|3100751018.avi|1,3100751018.avi,Train,1,150,299,5000,9966
Train|3100751019.avi|0,3100751019.avi,Train,0,0,149,0,4966
Train|3100751019.avi|1,3100751019.avi,Train,1,150,299,5000,9966
Train|3100751020.avi|0,3100751020.avi,Train,0,0,149,0,4966
Train|3100751020.avi|1,3100751020.avi,Train,1,150,299,5000,9966
Train|3100751021.avi|0,3100751021.avi,Train,0,0,149,0,4966
Train|3100751021.avi|1,3100751021.avi,Train,1,150,299,5000,9966
Train|3100751022.avi|0,3100751022.avi,Train,0,0,149,0,4966
Train|3100751022.avi|1,3100751022.avi,Train,1,150,299,5000,9966
Train|3100751024.avi|0,3100751024.avi,Train,0,0,149,0,4966
Train|3100751024.avi|1,3100751024.avi,Train,1,150,299,5000,9966
Train|3100751026.avi|0,3100751026.avi,Train,0,0,149,0,4966
Train|3100751026.avi|1,3100751026.avi,Train,1,150,299,5000,9966
Train|3100751027.avi|0,3100751027.avi,Train,0,0,149,0,4966
Train|3100751027.avi|1,3100751027.avi,Train,1,150,299,5000,9966
Train|3100751028.avi|0,3100751028.avi,Train,0,0,149,0,4966
Train|3100751028.avi|1,3100751028.avi,Train,1,150,299,5000,9966
Train|3100751032.avi|0,3100751032.avi,Train,0,0,149,0,4966
Train|3100751032.avi|1,3100751032.avi,Train,1,150,299,5000,9966
Train|3100751033.avi|0,3100751033.avi,Train,0,0,149,0,4966
Train|3100751033.avi|1,3100751033.avi,Train,1,150,299,5000,9966
Train|3100751034.avi|0,3100751034.avi,Train,0,0,149,0,4966
Train|3100751034.avi|1,3100751034.avi,Train,1,150,299,5000,9966
Train|3100751035.avi|0,3100751035.avi,Train,0,0,149,0,4966
Train|3100751035.avi|1,3100751035.avi,Train,1,150,299,5000,9966
Train|3100751037.avi|0,3100751037.avi,Train,0,0,149,0,4966
Train|3100751037.avi|1,3100751037.avi,Train,1,150,299,5000,9966
Train|3100751039.avi|0,3100751039.avi,Train,0,0,149,0,4966
Train|3100751039.avi|1,3100751039.avi,Train,1,150,299,5000,9966
Train|3100751040.avi|0,3100751040.avi,Train,0,0,149,0,4966
Train|3100751040.avi|1,3100751040.avi,Train,1,150,299,5000,9966
Train|3100751041.avi|0,3100751041.avi,Train,0,0,149,0,4966
Train|3100751041.avi|1,3100751041.avi,Train,1,150,299,5000,9966
Train|3100751043.avi|0,3100751043.avi,Train,0,0,149,0,4966
Train|3100751043.avi|1,3100751043.avi,Train,1,150,299,5000,9966
Train|3100751044.avi|0,3100751044.avi,Train,0,0,149,0,4966
Train|3100751044.avi|1,3100751044.avi,Train,1,150,299,5000,9966
Train|3100751045.avi|0,3100751045.avi,Train,0,0,149,0,4966
Train|3100751045.avi|1,3100751045.avi,Train,1,150,299,5000,9966
Train|3100751048.avi|0,3100751048.avi,Train,0,0,149,0,4966
Train|3100751048.avi|1,3100751048.avi,Train,1,150,299,5000,9966
Train|3100751050.avi|0,3100751050.avi,Train,0,0,149,0,4966
Train|3100751050.avi|1,3100751050.avi,Train,1,150,299,5000,9966
Train|3100751055.avi|0,3100751055.avi,Train,0,0,149,0,4966
Train|3100751055.avi|1,3100751055.avi,Train,1,150,299,5000,9966
Train|3100751056.avi|0,3100751056.avi,Train,0,0,149,0,4966
Train|3100751056.avi|1,3100751056.avi,Train,1,150,299,5000,9966
Train|3100751057.avi|0,3100751057.avi,Train,0,0,149,0,4966
Train|3100751057.avi|1,3100751057.avi,Train,1,150,299,5000,9966
Train|3100751058.avi|0,3100751058.avi,Train,0,0,149,0,4966
Train|3100751058.avi|1,3100751058.avi,Train,1,150,299,5000,9966
Train|3100751059.avi|0,3100751059.avi,Train,0,0,149,0,4966
Train|3100751059.avi|1,3100751059.avi,Train,1,150,299,5000,9966
Train|3100751063.avi|0,3100751063.avi,Train,0,0,149,0,4966
Train|3100751063.avi|1,3100751063.avi,Train,1,150,299,5000,9966
Train|3100751064.avi|0,3100751064.avi,Train,0,0,149,0,4966
Train|3100751064.avi|1,3100751064.avi,Train,1,150,299,5000,9966
Train|3100751065.avi|0,3100751065.avi,Train,0,0,149,0,4966
Train|3100751065.avi|1,3100751065.avi,Train,1,150,299,5000,9966
Train|3100751068.avi|0,3100751068.avi,Train,0,0,149,0,4966
Train|3100751068.avi|1,3100751068.avi,Train,1,150,299,5000,9966
Train|3100751069.avi|0,3100751069.avi,Train,0,0,149,0,4966
Train|3100751069.avi|1,3100751069.avi,Train,1,150,299,5000,9966
Train|3100751070.avi|0,3100751070.avi,Train,0,0,149,0,4966
Train|3100751070.avi|1,3100751070.avi,Train,1,150,299,5000,9966
Train|3100751072.avi|0,3100751072.avi,Train,0,0,149,0,4966
Train|3100751072.avi|1,3100751072.avi,Train,1,150,299,5000,9966
Train|3100751073.avi|0,3100751073.avi,Train,0,0,149,0,4966
Train|3100751073.avi|1,3100751073.avi,Train,1,150,299,5000,9966
Train|3100751074.avi|0,3100751074.avi,Train,0,0,149,0,4966
Train|3100751074.avi|1,3100751074.avi,Train,1,150,299,5000,9966
Train|3100751075.avi|0,3100751075.avi,Train,0,0,149,0,4966
Train|3100751075.avi|1,3100751075.avi,Train,1,150,299,5000,9966
Train|3100751076.avi|0,3100751076.avi,Train,0,0,149,0,4966
Train|3100751076.avi|1,3100751076.avi,Train,1,150,299,5000,9966
Train|3100751077.avi|0,3100751077.avi,Train,0,0,149,0,4966
Train|3100751077.avi|1,3100751077.avi,Train,1,150,299,5000,9966
Train|3100751078.avi|0,3100751078.avi,Train,0,0,149,0,4966
Train|3100751078.avi|1,3100751078.avi,Train,1,150,299,5000,9966
Train|3100751079.avi|0,3100751079.avi,Train,0,0,149,0,4966
Train|3100751079.avi|1,3100751079.avi,Train,1,150,299,5000,9966
Train|3100752001.avi|0,3100752001.avi,Train,0,0,149,0,4966
Train|3100752001.avi|1,3100752001.avi,Train,1,150,299,5000,9966
Train|3100752002.avi|0,3100752002.avi,Train,0,0,149,0,4966
Train|3100752002.avi|1,3100752002.avi,Train,1,150,299,5000,9966
Train|3100752003.avi|0,3100752003.avi,Train,0,0,149,0,4966
Train|3100752003.avi|1,3100752003.avi,Train,1,150,299,5000,9966
Train|3100752004.avi|0,3100752004.avi,Train,0,0,149,0,4966
Train|3100752004.avi|1,3100752004.avi,Train,1,150,299,5000,9966
Train|3100752005.avi|0,3100752005.avi,Train,0,0,149,0,4966
Train|3100752005.avi|1,3100752005.avi,Train,1,150,299,5000,9966
Train|3100752007.avi|0,3100752007.avi,Train,0,0,149,0,4966
Train|3100752007.avi|1,3100752007.avi,Train,1,150,299,5000,9966
Train|3100752008.avi|0,3100752008.avi,Train,0,0,149,0,4966
Train|3100752008.avi|1,3100752008.avi,Train,1,150,299,5000,9966
Train|3100752009.avi|0,3100752009.avi,Train,0,0,149,0,4966
Train|3100752009.avi|1,3100752009.avi,Train,1,150,299,5000,9966
Train|3100752010.avi|0,3100752010.avi,Train,0,0,149,0,4966
Train|3100752010.avi|1,3100752010.avi,Train,1,150,299,5000,9966
Train|3100752012.avi|0,3100752012.avi,Train,0,0,149,0,4966
Train|3100752012.avi|1,3100752012.avi,Train,1,150,299,5000,9966
Train|3100752014.avi|0,3100752014.avi,Train,0,0,149,0,4966
Train|3100752014.avi|1,3100752014.avi,Train,1,150,299,5000,9966
Train|3100752015.avi|0,3100752015.avi,Train,0,0,149,0,4966
Train|3100752015.avi|1,3100752015.avi,Train,1,150,299,5000,9966
Train|3100752016.avi|0,3100752016.avi,Train,0,0,149,0,4966
Train|3100752016.avi|1,3100752016.avi,Train,1,150,299,5000,9966
Train|3100752017.avi|0,3100752017.avi,Train,0,0,149,0,4966
Train|3100752017.avi|1,3100752017.avi,Train,1,150,299,5000,9966
Train|3100752018.avi|0,3100752018.avi,Train,0,0,149,0,4966
Train|3100752018.avi|1,3100752018.avi,Train,1,150,299,5000,9966
Train|3100752019.avi|0,3100752019.avi,Train,0,0,149,0,4966
Train|3100752019.avi|1,3100752019.avi,Train,1,150,299,5000,9966
Train|3100752020.avi|0,3100752020.avi,Train,0,0,149,0,4966
Train|3100752020.avi|1,3100752020.avi,Train,1,150,299,5000,9966
Train|3100752021.avi|0,3100752021.avi,Train,0,0,149,0,4966
Train|3100752021.avi|1,3100752021.avi,Train,1,150,299,5000,9966
Train|3100752022.avi|0,3100752022.avi,Train,0,0,149,0,4966
Train|3100752022.avi|1,3100752022.avi,Train,1,150,299,5000,9966
Train|3100752023.avi|0,3100752023.avi,Train,0,0,149,0,4966
Train|3100752023.avi|1,3100752023.avi,Train,1,150,299,5000,9966
Train|3100752026.avi|0,3100752026.avi,Train,0,0,149,0,4966
Train|3100752026.avi|1,3100752026.avi,Train,1,150,299,5000,9966
Train|3100752027.avi|0,3100752027.avi,Train,0,0,149,0,4966
Train|3100752027.avi|1,3100752027.avi,Train,1,150,299,5000,9966
Train|3100752029.avi|0,3100752029.avi,Train,0,0,149,0,4966
Train|3100752029.avi|1,3100752029.avi,Train,1,150,299,5000,9966
Train|3100752030.avi|0,3100752030.avi,Train,0,0,149,0,4966
Train|3100752030.avi|1,3100752030.avi,Train,1,150,299,5000,9966
Train|3100752032.avi|0,3100752032.avi,Train,0,0,149,0,4966
Train|3100752032.avi|1,3100752032.avi,Train,1,150,299,5000,9966
Train|3100752034.avi|0,3100752034.avi,Train,0,0,149,0,4966
Train|3100752034.avi|1,3100752034.avi,Train,1,150,299,5000,9966
Train|3100752035.avi|0,3100752035.avi,Train,0,0,149,0,4966
Train|3100752035.avi|1,3100752035.avi,Train,1,150,299,5000,9966
Train|3100752036.avi|0,3100752036.avi,Train,0,0,149,0,4966
Train|3100752036.avi|1,3100752036.avi,Train,1,150,299,5000,9966
Train|3100752037.avi|0,3100752037.avi,Train,0,0,149,0,4966
Train|3100752037.avi|1,3100752037.avi,Train,1,150,299,5000,9966
Train|3100752038.avi|0,3100752038.avi,Train,0,0,149,0,4966
Train|3100752038.avi|1,3100752038.avi,Train,1,150,299,5000,9966
Train|3100752039.avi|0,3100752039.avi,Train,0,0,149,0,4966
Train|3100752039.avi|1,3100752039.avi,Train,1,150,299,5000,9966
Train|3100752040.avi|0,3100752040.avi,Train,0,0,149,0,4966
Train|3100752040.avi|1,3100752040.avi,Train,1,150,299,5000,9966
Train|3100752041.avi|0,3100752041.avi,Train,0,0,149,0,4966
Train|3100752041.avi|1,3100752041.avi,Train,1,150,299,5000,9966
Train|3100752042.avi|0,3100752042.avi,Train,0,0,149,0,4966
Train|3100752042.avi|1,3100752042.avi,Train,1,150,299,5000,9966
Train|3100752043.avi|0,3100752043.avi,Train,0,0,149,0,4966
Train|3100752043.avi|1,3100752043.avi,Train,1,150,299,5000,9966
Train|3100752044.avi|0,3100752044.avi,Train,0,0,149,0,4966
Train|3100752044.avi|1,3100752044.avi,Train,1,150,299,5000,9966
Train|3100752045.avi|0,3100752045.avi,Train,0,0,149,0,4966
Train|3100752045.avi|1,3100752045.avi,Train,1,150,299,5000,9966
Train|3100752046.avi|0,3100752046.avi,Train,0,0,149,0,4966
Train|3100752046.avi|1,3100752046.avi,Train,1,150,299,5000,9966
Train|3100752047.avi|0,3100752047.avi,Train,0,0,149,0,4966
Train|3100752047.avi|1,3100752047.avi,Train,1,150,299,5000,9966
Train|3100752048.avi|0,3100752048.avi,Train,0,0,149,0,4966
Train|3100752048.avi|1,3100752048.avi,Train,1,150,299,5000,9966
Train|3100752049.avi|0,3100752049.avi,Train,0,0,149,0,4966
Train|3100752049.avi|1,3100752049.avi,Train,1,150,299,5000,9966
Train|3100752050.avi|0,3100752050.avi,Train,0,0,149,0,4966
Train|3100752050.avi|1,3100752050.avi,Train,1,150,299,5000,9966
Train|3100752051.avi|0,3100752051.avi,Train,0,0,149,0,4966
Train|3100752051.avi|1,3100752051.avi,Train,1,150,299,5000,9966
Train|3100752052.avi|0,3100752052.avi,Train,0,0,149,0,4966
Train|3100752052.avi|1,3100752052.avi,Train,1,150,299,5000,9966
Train|3100752054.avi|0,3100752054.avi,Train,0,0,149,0,4966
Train|3100752054.avi|1,3100752054.avi,Train,1,150,299,5000,9966
Train|3100752055.avi|0,3100752055.avi,Train,0,0,149,0,4966
Train|3100752055.avi|1,3100752055.avi,Train,1,150,299,5000,9966
Train|3100752056.avi|0,3100752056.avi,Train,0,0,149,0,4966
Train|3100752056.avi|1,3100752056.avi,Train,1,150,299,5000,9966
Train|3100752057.avi|0,3100752057.avi,Train,0,0,149,0,4966
Train|3100752057.avi|1,3100752057.avi,Train,1,150,299,5000,9966
Train|3100752058.avi|0,3100752058.avi,Train,0,0,149,0,4966
Train|3100752058.avi|1,3100752058.avi,Train,1,150,299,5000,9966
Train|3100752059.avi|0,3100752059.avi,Train,0,0,149,0,4966
Train|3100752059.avi|1,3100752059.avi,Train,1,150,299,5000,9966
Train|3100752060.avi|0,3100752060.avi,Train,0,0,149,0,4966
Train|3100752060.avi|1,3100752060.avi,Train,1,150,299,5000,9966
Train|3100752061.avi|0,3100752061.avi,Train,0,0,149,0,4966
Train|3100752061.avi|1,3100752061.avi,Train,1,150,299,5000,9966
Train|3100752063.avi|0,3100752063.avi,Train,0,0,149,0,4966
Train|3100752063.avi|1,3100752063.avi,Train,1,150,299,5000,9966
Train|3100752068.avi|0,3100752068.avi,Train,0,0,149,0,4966
Train|3100752068.avi|1,3100752068.avi,Train,1,150,299,5000,9966
Train|3100761003.avi|0,3100761003.avi,Train,0,0,149,0,4966
Train|3100761003.avi|1,3100761003.avi,Train,1,150,299,5000,9966
Train|3100761004.avi|0,3100761004.avi,Train,0,0,149,0,4966
Train|3100761004.avi|1,3100761004.avi,Train,1,150,299,5000,9966
Train|3100761005.avi|0,3100761005.avi,Train,0,0,149,0,4966
Train|3100761005.avi|1,3100761005.avi,Train,1,150,299,5000,9966
Train|3100761007.avi|0,3100761007.avi,Train,0,0,149,0,4966
Train|3100761007.avi|1,3100761007.avi,Train,1,150,299,5000,9966
Train|3100761008.avi|0,3100761008.avi,Train,0,0,149,0,4966
Train|3100761008.avi|1,3100761008.avi,Train,1,150,299,5000,9966
Train|3100761013.avi|0,3100761013.avi,Train,0,0,149,0,4966
Train|3100761013.avi|1,3100761013.avi,Train,1,150,299,5000,9966
Train|3100761014.avi|0,3100761014.avi,Train,0,0,149,0,4966
Train|3100761014.avi|1,3100761014.avi,Train,1,150,299,5000,9966
Train|3100761015.avi|0,3100761015.avi,Train,0,0,149,0,4966
Train|3100761015.avi|1,3100761015.avi,Train,1,150,299,5000,9966
Train|3100761016.avi|0,3100761016.avi,Train,0,0,149,0,4966
Train|3100761016.avi|1,3100761016.avi,Train,1,150,299,5000,9966
Train|3100761017.avi|0,3100761017.avi,Train,0,0,149,0,4966
Train|3100761017.avi|1,3100761017.avi,Train,1,150,299,5000,9966
Train|3100761019.avi|0,3100761019.avi,Train,0,0,149,0,4966
Train|3100761019.avi|1,3100761019.avi,Train,1,150,299,5000,9966
Train|3100761020.avi|0,3100761020.avi,Train,0,0,149,0,4966
Train|3100761020.avi|1,3100761020.avi,Train,1,150,299,5000,9966
Train|3100761021.avi|0,3100761021.avi,Train,0,0,149,0,4966
Train|3100761021.avi|1,3100761021.avi,Train,1,150,299,5000,9966
Train|3100761023.avi|0,3100761023.avi,Train,0,0,149,0,4966
Train|3100761023.avi|1,3100761023.avi,Train,1,150,299,5000,9966
Train|3100761027.avi|0,3100761027.avi,Train,0,0,149,0,4966
Train|3100761027.avi|1,3100761027.avi,Train,1,150,299,5000,9966
Train|3100761028.avi|0,3100761028.avi,Train,0,0,149,0,4966
Train|3100761028.avi|1,3100761028.avi,Train,1,150,299,5000,9966
Train|3100761029.avi|0,3100761029.avi,Train,0,0,149,0,4966
Train|3100761029.avi|1,3100761029.avi,Train,1,150,299,5000,9966
Train|3100761030.avi|0,3100761030.avi,Train,0,0,149,0,4966
Train|3100761030.avi|1,3100761030.avi,Train,1,150,299,5000,9966
Train|3100761031.avi|0,3100761031.avi,Train,0,0,149,0,4966
Train|3100761031.avi|1,3100761031.avi,Train,1,150,299,5000,9966
Train|3100761034.avi|0,3100761034.avi,Train,0,0,149,0,4966
Train|3100761034.avi|1,3100761034.avi,Train,1,150,299,5000,9966
Train|3100761042.avi|0,3100761042.avi,Train,0,0,149,0,4966
Train|3100761042.avi|1,3100761042.avi,Train,1,150,299,5000,9966
Train|3100761046.avi|0,3100761046.avi,Train,0,0,149,0,4966
Train|3100761046.avi|1,3100761046.avi,Train,1,150,299,5000,9966
Train|3100761047.avi|0,3100761047.avi,Train,0,0,149,0,4966
Train|3100761047.avi|1,3100761047.avi,Train,1,150,299,5000,9966
Train|3100761048.avi|0,3100761048.avi,Train,0,0,149,0,4966
Train|3100761048.avi|1,3100761048.avi,Train,1,150,299,5000,9966
Train|3100761049.avi|0,3100761049.avi,Train,0,0,149,0,4966
Train|3100761049.avi|1,3100761049.avi,Train,1,150,299,5000,9966
Train|3100761050.avi|0,3100761050.avi,Train,0,0,149,0,4966
Train|3100761050.avi|1,3100761050.avi,Train,1,150,299,5000,9966
Train|3100761051.avi|0,3100761051.avi,Train,0,0,149,0,4966
Train|3100761051.avi|1,3100761051.avi,Train,1,150,299,5000,9966
Train|3100761056.avi|0,3100761056.avi,Train,0,0,149,0,4966
Train|3100761056.avi|1,3100761056.avi,Train,1,150,299,5000,9966
Train|3100761062.avi|0,3100761062.avi,Train,0,0,149,0,4966
Train|3100761062.avi|1,3100761062.avi,Train,1,150,299,5000,9966
Train|3100761063.avi|0,3100761063.avi,Train,0,0,149,0,4966
Train|3100761063.avi|1,3100761063.avi,Train,1,150,299,5000,9966
Train|3100762003.avi|0,3100762003.avi,Train,0,0,149,0,4966
Train|3100762003.avi|1,3100762003.avi,Train,1,150,299,5000,9966
Train|3100762004.avi|0,3100762004.avi,Train,0,0,149,0,4966
Train|3100762004.avi|1,3100762004.avi,Train,1,150,299,5000,9966
Train|3100762005.avi|0,3100762005.avi,Train,0,0,149,0,4966
Train|3100762005.avi|1,3100762005.avi,Train,1,150,299,5000,9966
Train|3100762007.avi|0,3100762007.avi,Train,0,0,149,0,4966
Train|3100762007.avi|1,3100762007.avi,Train,1,150,299,5000,9966
Train|3100762012.avi|0,3100762012.avi,Train,0,0,149,0,4966
Train|3100762012.avi|1,3100762012.avi,Train,1,150,299,5000,9966
Train|3100762013.avi|0,3100762013.avi,Train,0,0,149,0,4966
Train|3100762013.avi|1,3100762013.avi,Train,1,150,299,5000,9966
Train|3100762016.avi|0,3100762016.avi,Train,0,0,149,0,4966
Train|3100762016.avi|1,3100762016.avi,Train,1,150,299,5000,9966
Train|3100762027.avi|0,3100762027.avi,Train,0,0,149,0,4966
Train|3100762027.avi|1,3100762027.avi,Train,1,150,299,5000,9966
Train|3100762029.avi|0,3100762029.avi,Train,0,0,149,0,4966
Train|3100762029.avi|1,3100762029.avi,Train,1,150,299,5000,9966
Train|3100762030.avi|0,3100762030.avi,Train,0,0,149,0,4966
Train|3100762030.avi|1,3100762030.avi,Train,1,150,299,5000,9966
Train|3100762052.avi|0,3100762052.avi,Train,0,0,149,0,4966
Train|3100762052.avi|1,3100762052.avi,Train,1,150,299,5000,9966
Train|3100762053.avi|0,3100762053.avi,Train,0,0,149,0,4966
Train|3100762053.avi|1,3100762053.avi,Train,1,150,299,5000,9966
Train|3100762055.avi|0,3100762055.avi,Train,0,0,149,0,4966
Train|3100762055.avi|1,3100762055.avi,Train,1,150,299,5000,9966
Train|3100771001.avi|0,3100771001.avi,Train,0,0,149,0,4966
Train|3100771001.avi|1,3100771001.avi,Train,1,150,299,5000,9966
Train|3100771002.avi|0,3100771002.avi,Train,0,0,149,0,4966
Train|3100771002.avi|1,3100771002.avi,Train,1,150,299,5000,9966
Train|3100771003.avi|0,3100771003.avi,Train,0,0,149,0,4966
Train|3100771003.avi|1,3100771003.avi,Train,1,150,299,5000,9966
Train|3100771005.avi|0,3100771005.avi,Train,0,0,149,0,4966
Train|3100771005.avi|1,3100771005.avi,Train,1,150,299,5000,9966
Train|3100771007.avi|0,3100771007.avi,Train,0,0,149,0,4966
Train|3100771007.avi|1,3100771007.avi,Train,1,150,299,5000,9966
Train|3100771008.avi|0,3100771008.avi,Train,0,0,149,0,4966
Train|3100771008.avi|1,3100771008.avi,Train,1,150,299,5000,9966
Train|3100771009.avi|0,3100771009.avi,Train,0,0,149,0,4966
Train|3100771009.avi|1,3100771009.avi,Train,1,150,299,5000,9966
Train|3100771012.avi|0,3100771012.avi,Train,0,0,149,0,4966
Train|3100771012.avi|1,3100771012.avi,Train,1,150,299,5000,9966
Train|3100771014.avi|0,3100771014.avi,Train,0,0,149,0,4966
Train|3100771014.avi|1,3100771014.avi,Train,1,150,299,5000,9966
Train|3100771016.avi|0,3100771016.avi,Train,0,0,149,0,4966
Train|3100771016.avi|1,3100771016.avi,Train,1,150,299,5000,9966
Train|3100771018.avi|0,3100771018.avi,Train,0,0,149,0,4966
Train|3100771018.avi|1,3100771018.avi,Train,1,150,299,5000,9966
Train|3100771019.avi|0,3100771019.avi,Train,0,0,149,0,4966
Train|3100771019.avi|1,3100771019.avi,Train,1,150,299,5000,9966
Train|3100771020.avi|0,3100771020.avi,Train,0,0,149,0,4966
Train|3100771020.avi|1,3100771020.avi,Train,1,150,299,5000,9966
Train|3100771021.avi|0,3100771021.avi,Train,0,0,149,0,4966
Train|3100771021.avi|1,3100771021.avi,Train,1,150,299,5000,9966
Train|3100771022.avi|0,3100771022.avi,Train,0,0,149,0,4966
Train|3100771022.avi|1,3100771022.avi,Train,1,150,299,5000,9966
Train|3100771024.avi|0,3100771024.avi,Train,0,0,149,0,4966
Train|3100771024.avi|1,3100771024.avi,Train,1,150,299,5000,9966
Train|3100771027.avi|0,3100771027.avi,Train,0,0,149,0,4966
Train|3100771027.avi|1,3100771027.avi,Train,1,150,299,5000,9966
Train|3100771028.avi|0,3100771028.avi,Train,0,0,149,0,4966
Train|3100771028.avi|1,3100771028.avi,Train,1,150,299,5000,9966
Train|3100771029.avi|0,3100771029.avi,Train,0,0,149,0,4966
Train|3100771029.avi|1,3100771029.avi,Train,1,150,299,5000,9966
Train|3100771030.avi|0,3100771030.avi,Train,0,0,149,0,4966
Train|3100771030.avi|1,3100771030.avi,Train,1,150,299,5000,9966
Train|3100771031.avi|0,3100771031.avi,Train,0,0,149,0,4966
Train|3100771031.avi|1,3100771031.avi,Train,1,150,299,5000,9966
Train|3100771032.avi|0,3100771032.avi,Train,0,0,149,0,4966
Train|3100771032.avi|1,3100771032.avi,Train,1,150,299,5000,9966
Train|3100771033.avi|0,3100771033.avi,Train,0,0,149,0,4966
Train|3100771033.avi|1,3100771033.avi,Train,1,150,299,5000,9966
Train|3100771034.avi|0,3100771034.avi,Train,0,0,149,0,4966
Train|3100771034.avi|1,3100771034.avi,Train,1,150,299,5000,9966
Train|3100771036.avi|0,3100771036.avi,Train,0,0,149,0,4966
Train|3100771036.avi|1,3100771036.avi,Train,1,150,299,5000,9966
Train|3100771037.avi|0,3100771037.avi,Train,0,0,149,0,4966
Train|3100771037.avi|1,3100771037.avi,Train,1,150,299,5000,9966
Train|3100771039.avi|0,3100771039.avi,Train,0,0,149,0,4966
Train|3100771039.avi|1,3100771039.avi,Train,1,150,299,5000,9966
Train|3100771040.avi|0,3100771040.avi,Train,0,0,149,0,4966
Train|3100771040.avi|1,3100771040.avi,Train,1,150,299,5000,9966
Train|3100771041.avi|0,3100771041.avi,Train,0,0,149,0,4966
Train|3100771041.avi|1,3100771041.avi,Train,1,150,299,5000,9966
Train|3100771042.avi|0,3100771042.avi,Train,0,0,149,0,4966
Train|3100771042.avi|1,3100771042.avi,Train,1,150,299,5000,9966
Train|3100771043.avi|0,3100771043.avi,Train,0,0,149,0,4966
Train|3100771043.avi|1,3100771043.avi,Train,1,150,299,5000,9966
Train|3100771046.avi|0,3100771046.avi,Train,0,0,149,0,4966
Train|3100771046.avi|1,3100771046.avi,Train,1,150,299,5000,9966
Train|3100771047.avi|0,3100771047.avi,Train,0,0,149,0,4966
Train|3100771047.avi|1,3100771047.avi,Train,1,150,299,5000,9966
Train|3100771048.avi|0,3100771048.avi,Train,0,0,149,0,4966
Train|3100771048.avi|1,3100771048.avi,Train,1,150,299,5000,9966
Train|3100771049.avi|0,3100771049.avi,Train,0,0,149,0,4966
Train|3100771049.avi|1,3100771049.avi,Train,1,150,299,5000,9966
Train|3100771050.avi|0,3100771050.avi,Train,0,0,149,0,4966
Train|3100771050.avi|1,3100771050.avi,Train,1,150,299,5000,9966
Train|3100771052.avi|0,3100771052.avi,Train,0,0,149,0,4966
Train|3100771052.avi|1,3100771052.avi,Train,1,150,299,5000,9966
Train|3100771054.avi|0,3100771054.avi,Train,0,0,149,0,4966
Train|3100771054.avi|1,3100771054.avi,Train,1,150,299,5000,9966
Train|3100771055.avi|0,3100771055.avi,Train,0,0,149,0,4966
Train|3100771055.avi|1,3100771055.avi,Train,1,150,299,5000,9966
Train|3100771056.avi|0,3100771056.avi,Train,0,0,149,0,4966
Train|3100771056.avi|1,3100771056.avi,Train,1,150,299,5000,9966
Train|3100771057.avi|0,3100771057.avi,Train,0,0,149,0,4966
Train|3100771057.avi|1,3100771057.avi,Train,1,150,299,5000,9966
Train|3100771058.avi|0,3100771058.avi,Train,0,0,149,0,4966
Train|3100771058.avi|1,3100771058.avi,Train,1,150,299,5000,9966
Train|3100771059.avi|0,3100771059.avi,Train,0,0,149,0,4966
Train|3100771059.avi|1,3100771059.avi,Train,1,150,299,5000,9966
Train|3100771062.avi|0,3100771062.avi,Train,0,0,149,0,4966
Train|3100771062.avi|1,3100771062.avi,Train,1,150,299,5000,9966
Train|3100771063.avi|0,3100771063.avi,Train,0,0,149,0,4966
Train|3100771063.avi|1,3100771063.avi,Train,1,150,299,5000,9966
Train|3100771064.avi|0,3100771064.avi,Train,0,0,149,0,4966
Train|3100771064.avi|1,3100771064.avi,Train,1,150,299,5000,9966
Train|3100771065.avi|0,3100771065.avi,Train,0,0,149,0,4966
Train|3100771065.avi|1,3100771065.avi,Train,1,150,299,5000,9966
Train|3100771066.avi|0,3100771066.avi,Train,0,0,149,0,4966
Train|3100771066.avi|1,3100771066.avi,Train,1,150,299,5000,9966
Train|3100771067.avi|0,3100771067.avi,Train,0,0,149,0,4966
Train|3100771067.avi|1,3100771067.avi,Train,1,150,299,5000,9966
Train|3100771068.avi|0,3100771068.avi,Train,0,0,149,0,4966
Train|3100771068.avi|1,3100771068.avi,Train,1,150,299,5000,9966
Train|3100771069.avi|0,3100771069.avi,Train,0,0,149,0,4966
Train|3100771069.avi|1,3100771069.avi,Train,1,150,299,5000,9966
Train|3100771071.avi|0,3100771071.avi,Train,0,0,149,0,4966
Train|3100771071.avi|1,3100771071.avi,Train,1,150,299,5000,9966
Train|3100771072.avi|0,3100771072.avi,Train,0,0,149,0,4966
Train|3100771072.avi|1,3100771072.avi,Train,1,150,299,5000,9966
Train|3100771073.avi|0,3100771073.avi,Train,0,0,149,0,4966
Train|3100771073.avi|1,3100771073.avi,Train,1,150,299,5000,9966
Train|3100771075.avi|0,3100771075.avi,Train,0,0,149,0,4966
Train|3100771075.avi|1,3100771075.avi,Train,1,150,299,5000,9966
Train|3100771076.avi|0,3100771076.avi,Train,0,0,149,0,4966
Train|3100771076.avi|1,3100771076.avi,Train,1,150,299,5000,9966
Train|3100771077.avi|0,3100771077.avi,Train,0,0,149,0,4966
Train|3100771077.avi|1,3100771077.avi,Train,1,150,299,5000,9966
Train|3100771078.avi|0,3100771078.avi,Train,0,0,149,0,4966
Train|3100771078.avi|1,3100771078.avi,Train,1,150,299,5000,9966
Train|3100771080.avi|0,3100771080.avi,Train,0,0,149,0,4966
Train|3100771080.avi|1,3100771080.avi,Train,1,150,299,5000,9966
Train|3100771081.avi|0,3100771081.avi,Train,0,0,149,0,4966
Train|3100771081.avi|1,3100771081.avi,Train,1,150,299,5000,9966
Train|3100772002.avi|0,3100772002.avi,Train,0,0,149,0,4966
Train|3100772002.avi|1,3100772002.avi,Train,1,150,299,5000,9966
Train|3100772004.avi|0,3100772004.avi,Train,0,0,149,0,4966
Train|3100772004.avi|1,3100772004.avi,Train,1,150,299,5000,9966
Train|3100772005.avi|0,3100772005.avi,Train,0,0,149,0,4966
Train|3100772005.avi|1,3100772005.avi,Train,1,150,299,5000,9966
Train|3100772006.avi|0,3100772006.avi,Train,0,0,149,0,4966
Train|3100772006.avi|1,3100772006.avi,Train,1,150,299,5000,9966
Train|3100772007.avi|0,3100772007.avi,Train,0,0,149,0,4966
Train|3100772007.avi|1,3100772007.avi,Train,1,150,299,5000,9966
Train|3100772008.avi|0,3100772008.avi,Train,0,0,149,0,4966
Train|3100772008.avi|1,3100772008.avi,Train,1,150,299,5000,9966
Train|3100772009.avi|0,3100772009.avi,Train,0,0,149,0,4966
Train|3100772009.avi|1,3100772009.avi,Train,1,150,299,5000,9966
Train|3100772010.avi|0,3100772010.avi,Train,0,0,149,0,4966
Train|3100772010.avi|1,3100772010.avi,Train,1,150,299,5000,9966
Train|3100772011.avi|0,3100772011.avi,Train,0,0,149,0,4966
Train|3100772011.avi|1,3100772011.avi,Train,1,150,299,5000,9966
Train|3100772013.avi|0,3100772013.avi,Train,0,0,149,0,4966
Train|3100772013.avi|1,3100772013.avi,Train,1,150,299,5000,9966
Train|3100772014.avi|0,3100772014.avi,Train,0,0,149,0,4966
Train|3100772014.avi|1,3100772014.avi,Train,1,150,299,5000,9966
Train|3100772015.avi|0,3100772015.avi,Train,0,0,149,0,4966
Train|3100772015.avi|1,3100772015.avi,Train,1,150,299,5000,9966
Train|3100772018.avi|0,3100772018.avi,Train,0,0,149,0,4966
Train|3100772018.avi|1,3100772018.avi,Train,1,150,299,5000,9966
Train|3100772019.avi|0,3100772019.avi,Train,0,0,149,0,4966
Train|3100772019.avi|1,3100772019.avi,Train,1,150,299,5000,9966
Train|3100772020.avi|0,3100772020.avi,Train,0,0,149,0,4966
Train|3100772020.avi|1,3100772020.avi,Train,1,150,299,5000,9966
Train|3100772021.avi|0,3100772021.avi,Train,0,0,149,0,4966
Train|3100772021.avi|1,3100772021.avi,Train,1,150,299,5000,9966
Train|3100772022.avi|0,3100772022.avi,Train,0,0,149,0,4966
Train|3100772022.avi|1,3100772022.avi,Train,1,150,299,5000,9966
Train|3100772023.avi|0,3100772023.avi,Train,0,0,149,0,4966
Train|3100772023.avi|1,3100772023.avi,Train,1,150,299,5000,9966
Train|3100772024.avi|0,3100772024.avi,Train,0,0,149,0,4966
Train|3100772024.avi|1,3100772024.avi,Train,1,150,299,5000,9966
Train|3100772025.avi|0,3100772025.avi,Train,0,0,149,0,4966
Train|3100772025.avi|1,3100772025.avi,Train,1,150,299,5000,9966
Train|3100772026.avi|0,3100772026.avi,Train,0,0,149,0,4966
Train|3100772026.avi|1,3100772026.avi,Train,1,150,299,5000,9966
Train|3100772027.avi|0,3100772027.avi,Train,0,0,149,0,4966
Train|3100772027.avi|1,3100772027.avi,Train,1,150,299,5000,9966
Train|3100772028.avi|0,3100772028.avi,Train,0,0,149,0,4966
Train|3100772028.avi|1,3100772028.avi,Train,1,150,299,5000,9966
Train|3100772029.avi|0,3100772029.avi,Train,0,0,149,0,4966
Train|3100772029.avi|1,3100772029.avi,Train,1,150,299,5000,9966
Train|3100772031.avi|0,3100772031.avi,Train,0,0,149,0,4966
Train|3100772031.avi|1,3100772031.avi,Train,1,150,299,5000,9966
Train|3100772032.avi|0,3100772032.avi,Train,0,0,149,0,4966
Train|3100772032.avi|1,3100772032.avi,Train,1,150,299,5000,9966
Train|3100772033.avi|0,3100772033.avi,Train,0,0,149,0,4966
Train|3100772033.avi|1,3100772033.avi,Train,1,150,299,5000,9966
Train|3100772034.avi|0,3100772034.avi,Train,0,0,149,0,4966
Train|3100772034.avi|1,3100772034.avi,Train,1,150,299,5000,9966
Train|3100772035.avi|0,3100772035.avi,Train,0,0,149,0,4966
Train|3100772035.avi|1,3100772035.avi,Train,1,150,299,5000,9966
Train|3100772036.avi|0,3100772036.avi,Train,0,0,149,0,4966
Train|3100772036.avi|1,3100772036.avi,Train,1,150,299,5000,9966
Train|3100772037.avi|0,3100772037.avi,Train,0,0,149,0,4966
Train|3100772037.avi|1,3100772037.avi,Train,1,150,299,5000,9966
Train|3100772039.avi|0,3100772039.avi,Train,0,0,149,0,4966
Train|3100772039.avi|1,3100772039.avi,Train,1,150,299,5000,9966
Train|3100772040.avi|0,3100772040.avi,Train,0,0,149,0,4966
Train|3100772040.avi|1,3100772040.avi,Train,1,150,299,5000,9966
Train|3100772041.avi|0,3100772041.avi,Train,0,0,149,0,4966
Train|3100772041.avi|1,3100772041.avi,Train,1,150,299,5000,9966
Train|3100772042.avi|0,3100772042.avi,Train,0,0,149,0,4966
Train|3100772042.avi|1,3100772042.avi,Train,1,150,299,5000,9966
Train|3100772043.avi|0,3100772043.avi,Train,0,0,149,0,4966
Train|3100772043.avi|1,3100772043.avi,Train,1,150,299,5000,9966
Train|3100772045.avi|0,3100772045.avi,Train,0,0,149,0,4966
Train|3100772045.avi|1,3100772045.avi,Train,1,150,299,5000,9966
Train|3100772046.avi|0,3100772046.avi,Train,0,0,149,0,4966
Train|3100772046.avi|1,3100772046.avi,Train,1,150,299,5000,9966
Train|3100772048.avi|0,3100772048.avi,Train,0,0,149,0,4966
Train|3100772048.avi|1,3100772048.avi,Train,1,150,299,5000,9966
Train|3100772050.avi|0,3100772050.avi,Train,0,0,149,0,4966
Train|3100772050.avi|1,3100772050.avi,Train,1,150,299,5000,9966
Train|3100772051.avi|0,3100772051.avi,Train,0,0,149,0,4966
Train|3100772051.avi|1,3100772051.avi,Train,1,150,299,5000,9966
Train|3100772052.avi|0,3100772052.avi,Train,0,0,149,0,4966
Train|3100772052.avi|1,3100772052.avi,Train,1,150,299,5000,9966
Train|3100772053.avi|0,3100772053.avi,Train,0,0,149,0,4966
Train|3100772053.avi|1,3100772053.avi,Train,1,150,299,5000,9966
Train|3100772054.avi|0,3100772054.avi,Train,0,0,149,0,4966
Train|3100772054.avi|1,3100772054.avi,Train,1,150,299,5000,9966
Train|3100772055.avi|0,3100772055.avi,Train,0,0,149,0,4966
Train|3100772055.avi|1,3100772055.avi,Train,1,150,299,5000,9966
Train|3100772056.avi|0,3100772056.avi,Train,0,0,149,0,4966
Train|3100772056.avi|1,3100772056.avi,Train,1,150,299,5000,9966
Train|3100772058.avi|0,3100772058.avi,Train,0,0,149,0,4966
Train|3100772058.avi|1,3100772058.avi,Train,1,150,299,5000,9966
Train|3100772059.avi|0,3100772059.avi,Train,0,0,149,0,4966
Train|3100772059.avi|1,3100772059.avi,Train,1,150,299,5000,9966
Train|3100772063.avi|0,3100772063.avi,Train,0,0,149,0,4966
Train|3100772063.avi|1,3100772063.avi,Train,1,150,299,5000,9966
Train|3100772065.avi|0,3100772065.avi,Train,0,0,149,0,4966
Train|3100772065.avi|1,3100772065.avi,Train,1,150,299,5000,9966
Train|3100772066.avi|0,3100772066.avi,Train,0,0,149,0,4966
Train|3100772066.avi|1,3100772066.avi,Train,1,150,299,5000,9966
Train|3100772067.avi|0,3100772067.avi,Train,0,0,149,0,4966
Train|3100772067.avi|1,3100772067.avi,Train,1,150,299,5000,9966
Train|3100772068.avi|0,3100772068.avi,Train,0,0,149,0,4966
Train|3100772068.avi|1,3100772068.avi,Train,1,150,299,5000,9966
Train|3100772069.avi|0,3100772069.avi,Train,0,0,149,0,4966
Train|3100772069.avi|1,3100772069.avi,Train,1,150,299,5000,9966
Train|3100781001.avi|0,3100781001.avi,Train,0,0,149,0,4966
Train|3100781001.avi|1,3100781001.avi,Train,1,150,299,5000,9966
Train|3100781002.avi|0,3100781002.avi,Train,0,0,149,0,4966
Train|3100781002.avi|1,3100781002.avi,Train,1,150,299,5000,9966
Train|3100781004.avi|0,3100781004.avi,Train,0,0,149,0,4966
Train|3100781004.avi|1,3100781004.avi,Train,1,150,299,5000,9966
Train|3100781006.avi|0,3100781006.avi,Train,0,0,149,0,4966
Train|3100781006.avi|1,3100781006.avi,Train,1,150,299,5000,9966
Train|3100781007.avi|0,3100781007.avi,Train,0,0,149,0,4966
Train|3100781007.avi|1,3100781007.avi,Train,1,150,299,5000,9966
Train|3100781008.avi|0,3100781008.avi,Train,0,0,149,0,4966
Train|3100781008.avi|1,3100781008.avi,Train,1,150,299,5000,9966
Train|3100781009.avi|0,3100781009.avi,Train,0,0,149,0,4966
Train|3100781009.avi|1,3100781009.avi,Train,1,150,299,5000,9966
Train|3100781010.avi|0,3100781010.avi,Train,0,0,149,0,4966
Train|3100781010.avi|1,3100781010.avi,Train,1,150,299,5000,9966
Train|3100781011.avi|0,3100781011.avi,Train,0,0,149,0,4966
Train|3100781011.avi|1,3100781011.avi,Train,1,150,299,5000,9966
Train|3100781013.avi|0,3100781013.avi,Train,0,0,149,0,4966
Train|3100781013.avi|1,3100781013.avi,Train,1,150,299,5000,9966
Train|3100781015.avi|0,3100781015.avi,Train,0,0,149,0,4966
Train|3100781015.avi|1,3100781015.avi,Train,1,150,299,5000,9966
Train|3100781016.avi|0,3100781016.avi,Train,0,0,149,0,4966
Train|3100781016.avi|1,3100781016.avi,Train,1,150,299,5000,9966
Train|3100781017.avi|0,3100781017.avi,Train,0,0,149,0,4966
Train|3100781017.avi|1,3100781017.avi,Train,1,150,299,5000,9966
Train|3100781019.avi|0,3100781019.avi,Train,0,0,149,0,4966
Train|3100781019.avi|1,3100781019.avi,Train,1,150,299,5000,9966
Train|3100781020.avi|0,3100781020.avi,Train,0,0,149,0,4966
Train|3100781020.avi|1,3100781020.avi,Train,1,150,299,5000,9966
Train|3100781021.avi|0,3100781021.avi,Train,0,0,149,0,4966
Train|3100781021.avi|1,3100781021.avi,Train,1,150,299,5000,9966
Train|3100781023.avi|0,3100781023.avi,Train,0,0,149,0,4966
Train|3100781023.avi|1,3100781023.avi,Train,1,150,299,5000,9966
Train|3100781024.avi|0,3100781024.avi,Train,0,0,149,0,4966
Train|3100781024.avi|1,3100781024.avi,Train,1,150,299,5000,9966
Train|3100781027.avi|0,3100781027.avi,Train,0,0,149,0,4966
Train|3100781027.avi|1,3100781027.avi,Train,1,150,299,5000,9966
Train|3100781029.avi|0,3100781029.avi,Train,0,0,149,0,4966
Train|3100781029.avi|1,3100781029.avi,Train,1,150,299,5000,9966
Train|3100781030.avi|0,3100781030.avi,Train,0,0,149,0,4966
Train|3100781030.avi|1,3100781030.avi,Train,1,150,299,5000,9966
Train|3100781031.avi|0,3100781031.avi,Train,0,0,149,0,4966
Train|3100781031.avi|1,3100781031.avi,Train,1,150,299,5000,9966
Train|3100781032.avi|0,3100781032.avi,Train,0,0,149,0,4966
Train|3100781032.avi|1,3100781032.avi,Train,1,150,299,5000,9966
Train|3100781033.avi|0,3100781033.avi,Train,0,0,149,0,4966
Train|3100781033.avi|1,3100781033.avi,Train,1,150,299,5000,9966
Train|3100781034.avi|0,3100781034.avi,Train,0,0,149,0,4966
Train|3100781034.avi|1,3100781034.avi,Train,1,150,299,5000,9966
Train|3100781036.avi|0,3100781036.avi,Train,0,0,149,0,4966
Train|3100781036.avi|1,3100781036.avi,Train,1,150,299,5000,9966
Train|3100781038.avi|0,3100781038.avi,Train,0,0,149,0,4966
Train|3100781038.avi|1,3100781038.avi,Train,1,150,299,5000,9966
Train|3100781040.avi|0,3100781040.avi,Train,0,0,149,0,4966
Train|3100781040.avi|1,3100781040.avi,Train,1,150,299,5000,9966
Train|3100781041.avi|0,3100781041.avi,Train,0,0,149,0,4966
Train|3100781041.avi|1,3100781041.avi,Train,1,150,299,5000,9966
Train|3100781043.avi|0,3100781043.avi,Train,0,0,149,0,4966
Train|3100781043.avi|1,3100781043.avi,Train,1,150,299,5000,9966
Train|3100781044.avi|0,3100781044.avi,Train,0,0,149,0,4966
Train|3100781044.avi|1,3100781044.avi,Train,1,150,299,5000,9966
Train|3100781046.avi|0,3100781046.avi,Train,0,0,149,0,4966
Train|3100781046.avi|1,3100781046.avi,Train,1,150,299,5000,9966
Train|3100781047.avi|0,3100781047.avi,Train,0,0,149,0,4966
Train|3100781047.avi|1,3100781047.avi,Train,1,150,299,5000,9966
Train|3100781048.avi|0,3100781048.avi,Train,0,0,149,0,4966
Train|3100781048.avi|1,3100781048.avi,Train,1,150,299,5000,9966
Train|3100781051.avi|0,3100781051.avi,Train,0,0,149,0,4966
Train|3100781051.avi|1,3100781051.avi,Train,1,150,299,5000,9966
Train|3100781052.avi|0,3100781052.avi,Train,0,0,149,0,4966
Train|3100781052.avi|1,3100781052.avi,Train,1,150,299,5000,9966
Train|3100781053.avi|0,3100781053.avi,Train,0,0,149,0,4966
Train|3100781053.avi|1,3100781053.avi,Train,1,150,299,5000,9966
Train|3100781054.avi|0,3100781054.avi,Train,0,0,149,0,4966
Train|3100781054.avi|1,3100781054.avi,Train,1,150,299,5000,9966
Train|3100781055.avi|0,3100781055.avi,Train,0,0,149,0,4966
Train|3100781055.avi|1,3100781055.avi,Train,1,150,299,5000,9966
Train|3100781056.avi|0,3100781056.avi,Train,0,0,149,0,4966
Train|3100781056.avi|1,3100781056.avi,Train,1,150,299,5000,9966
Train|3100781057.avi|0,3100781057.avi,Train,0,0,149,0,4966
Train|3100781057.avi|1,3100781057.avi,Train,1,150,299,5000,9966
Train|3100781058.avi|0,3100781058.avi,Train,0,0,149,0,4966
Train|3100781058.avi|1,3100781058.avi,Train,1,150,299,5000,9966
Train|3100781059.avi|0,3100781059.avi,Train,0,0,149,0,4966
Train|3100781059.avi|1,3100781059.avi,Train,1,150,299,5000,9966
Train|3100781061.avi|0,3100781061.avi,Train,0,0,149,0,4966
Train|3100781061.avi|1,3100781061.avi,Train,1,150,299,5000,9966
Train|3100781062.avi|0,3100781062.avi,Train,0,0,149,0,4966
Train|3100781062.avi|1,3100781062.avi,Train,1,150,299,5000,9966
Train|3100781064.avi|0,3100781064.avi,Train,0,0,149,0,4966
Train|3100781064.avi|1,3100781064.avi,Train,1,150,299,5000,9966
Train|3100781065.avi|0,3100781065.avi,Train,0,0,149,0,4966
Train|3100781065.avi|1,3100781065.avi,Train,1,150,299,5000,9966
Train|3100781066.avi|0,3100781066.avi,Train,0,0,149,0,4966
Train|3100781066.avi|1,3100781066.avi,Train,1,150,299,5000,9966
Train|3100781068.avi|0,3100781068.avi,Train,0,0,149,0,4966
Train|3100781068.avi|1,3100781068.avi,Train,1,150,299,5000,9966
Train|3100781069.avi|0,3100781069.avi,Train,0,0,149,0,4966
Train|3100781069.avi|1,3100781069.avi,Train,1,150,299,5000,9966
Train|3100781070.avi|0,3100781070.avi,Train,0,0,149,0,4966
Train|3100781070.avi|1,3100781070.avi,Train,1,150,299,5000,9966
Train|3100781071.avi|0,3100781071.avi,Train,0,0,149,0,4966
Train|3100781071.avi|1,3100781071.avi,Train,1,150,299,5000,9966
Train|3100781073.avi|0,3100781073.avi,Train,0,0,149,0,4966
Train|3100781073.avi|1,3100781073.avi,Train,1,150,299,5000,9966
Train|3100781074.avi|0,3100781074.avi,Train,0,0,149,0,4966
Train|3100781074.avi|1,3100781074.avi,Train,1,150,299,5000,9966
Train|3100781075.avi|0,3100781075.avi,Train,0,0,149,0,4966
Train|3100781075.avi|1,3100781075.avi,Train,1,150,299,5000,9966
Train|3100781076.avi|0,3100781076.avi,Train,0,0,149,0,4966
Train|3100781076.avi|1,3100781076.avi,Train,1,150,299,5000,9966
Train|3100781078.avi|0,3100781078.avi,Train,0,0,149,0,4966
Train|3100781078.avi|1,3100781078.avi,Train,1,150,299,5000,9966
Train|3100781079.avi|0,3100781079.avi,Train,0,0,149,0,4966
Train|3100781079.avi|1,3100781079.avi,Train,1,150,299,5000,9966
Train|3100781080.avi|0,3100781080.avi,Train,0,0,149,0,4966
Train|3100781080.avi|1,3100781080.avi,Train,1,150,299,5000,9966
Train|3100781081.avi|0,3100781081.avi,Train,0,0,149,0,4966
Train|3100781081.avi|1,3100781081.avi,Train,1,150,299,5000,9966
Train|3100782001.avi|0,3100782001.avi,Train,0,0,149,0,4966
Train|3100782001.avi|1,3100782001.avi,Train,1,150,299,5000,9966
Train|3100782003.avi|0,3100782003.avi,Train,0,0,149,0,4966
Train|3100782003.avi|1,3100782003.avi,Train,1,150,299,5000,9966
Train|3100782004.avi|0,3100782004.avi,Train,0,0,149,0,4966
Train|3100782004.avi|1,3100782004.avi,Train,1,150,299,5000,9966
Train|3100782005.avi|0,3100782005.avi,Train,0,0,149,0,4966
Train|3100782005.avi|1,3100782005.avi,Train,1,150,299,5000,9966
Train|3100782006.avi|0,3100782006.avi,Train,0,0,149,0,4966
Train|3100782006.avi|1,3100782006.avi,Train,1,150,299,5000,9966
Train|3100782008.avi|0,3100782008.avi,Train,0,0,149,0,4966
Train|3100782008.avi|1,3100782008.avi,Train,1,150,299,5000,9966
Train|3100782010.avi|0,3100782010.avi,Train,0,0,149,0,4966
Train|3100782010.avi|1,3100782010.avi,Train,1,150,299,5000,9966
Train|3100782011.avi|0,3100782011.avi,Train,0,0,149,0,4966
Train|3100782011.avi|1,3100782011.avi,Train,1,150,299,5000,9966
Train|3100782012.avi|0,3100782012.avi,Train,0,0,149,0,4966
Train|3100782012.avi|1,3100782012.avi,Train,1,150,299,5000,9966
Train|3100782013.avi|0,3100782013.avi,Train,0,0,149,0,4966
Train|3100782013.avi|1,3100782013.avi,Train,1,150,299,5000,9966
Train|3100782014.avi|0,3100782014.avi,Train,0,0,149,0,4966
Train|3100782014.avi|1,3100782014.avi,Train,1,150,299,5000,9966
Train|3100782015.avi|0,3100782015.avi,Train,0,0,149,0,4966
Train|3100782015.avi|1,3100782015.avi,Train,1,150,299,5000,9966
Train|3100782016.avi|0,3100782016.avi,Train,0,0,149,0,4966
Train|3100782016.avi|1,3100782016.avi,Train,1,150,299,5000,9966
Train|3100782017.avi|0,3100782017.avi,Train,0,0,149,0,4966
Train|3100782017.avi|1,3100782017.avi,Train,1,150,299,5000,9966
Train|3100782018.avi|0,3100782018.avi,Train,0,0,149,0,4966
Train|3100782018.avi|1,3100782018.avi,Train,1,150,299,5000,9966
Train|3100782019.avi|0,3100782019.avi,Train,0,0,149,0,4966
Train|3100782019.avi|1,3100782019.avi,Train,1,150,299,5000,9966
Train|3100782021.avi|0,3100782021.avi,Train,0,0,149,0,4966
Train|3100782021.avi|1,3100782021.avi,Train,1,150,299,5000,9966
Train|3100782022.avi|0,3100782022.avi,Train,0,0,149,0,4966
Train|3100782022.avi|1,3100782022.avi,Train,1,150,299,5000,9966
Train|3100782023.avi|0,3100782023.avi,Train,0,0,149,0,4966
Train|3100782023.avi|1,3100782023.avi,Train,1,150,299,5000,9966
Train|3100782024.avi|0,3100782024.avi,Train,0,0,149,0,4966
Train|3100782024.avi|1,3100782024.avi,Train,1,150,299,5000,9966
Train|3100782025.avi|0,3100782025.avi,Train,0,0,149,0,4966
Train|3100782025.avi|1,3100782025.avi,Train,1,150,299,5000,9966
Train|3100782026.avi|0,3100782026.avi,Train,0,0,149,0,4966
Train|3100782026.avi|1,3100782026.avi,Train,1,150,299,5000,9966
Train|3100782027.avi|0,3100782027.avi,Train,0,0,149,0,4966
Train|3100782027.avi|1,3100782027.avi,Train,1,150,299,5000,9966
Train|3100782028.avi|0,3100782028.avi,Train,0,0,149,0,4966
Train|3100782028.avi|1,3100782028.avi,Train,1,150,299,5000,9966
Train|3100782031.avi|0,3100782031.avi,Train,0,0,149,0,4966
Train|3100782031.avi|1,3100782031.avi,Train,1,150,299,5000,9966
Train|3100782032.avi|0,3100782032.avi,Train,0,0,149,0,4966
Train|3100782032.avi|1,3100782032.avi,Train,1,150,299,5000,9966
Train|3100782033.avi|0,3100782033.avi,Train,0,0,149,0,4966
Train|3100782033.avi|1,3100782033.avi,Train,1,150,299,5000,9966
Train|3100782035.avi|0,3100782035.avi,Train,0,0,149,0,4966
Train|3100782035.avi|1,3100782035.avi,Train,1,150,299,5000,9966
Train|3100782036.avi|0,3100782036.avi,Train,0,0,149,0,4966
Train|3100782036.avi|1,3100782036.avi,Train,1,150,299,5000,9966
Train|3100782037.avi|0,3100782037.avi,Train,0,0,149,0,4966
Train|3100782037.avi|1,3100782037.avi,Train,1,150,299,5000,9966
Train|3100782038.avi|0,3100782038.avi,Train,0,0,149,0,4966
Train|3100782038.avi|1,3100782038.avi,Train,1,150,299,5000,9966
Train|3100782039.avi|0,3100782039.avi,Train,0,0,149,0,4966
Train|3100782039.avi|1,3100782039.avi,Train,1,150,299,5000,9966
Train|3100782042.avi|0,3100782042.avi,Train,0,0,149,0,4966
Train|3100782042.avi|1,3100782042.avi,Train,1,150,299,5000,9966
Train|3100782043.avi|0,3100782043.avi,Train,0,0,149,0,4966
Train|3100782043.avi|1,3100782043.avi,Train,1,150,299,5000,9966
Train|3100782045.avi|0,3100782045.avi,Train,0,0,149,0,4966
Train|3100782045.avi|1,3100782045.avi,Train,1,150,299,5000,9966
Train|3100782046.avi|0,3100782046.avi,Train,0,0,149,0,4966
Train|3100782046.avi|1,3100782046.avi,Train,1,150,299,5000,9966
Train|3100782047.avi|0,3100782047.avi,Train,0,0,149,0,4966
Train|3100782047.avi|1,3100782047.avi,Train,1,150,299,5000,9966
Train|3100782049.avi|0,3100782049.avi,Train,0,0,149,0,4966
Train|3100782049.avi|1,3100782049.avi,Train,1,150,299,5000,9966
Train|3100782050.avi|0,3100782050.avi,Train,0,0,149,0,4966
Train|3100782050.avi|1,3100782050.avi,Train,1,150,299,5000,9966
Train|3100782053.avi|0,3100782053.avi,Train,0,0,149,0,4966
Train|3100782053.avi|1,3100782053.avi,Train,1,150,299,5000,9966
Train|3100782054.avi|0,3100782054.avi,Train,0,0,149,0,4966
Train|3100782054.avi|1,3100782054.avi,Train,1,150,299,5000,9966
Train|3100782055.avi|0,3100782055.avi,Train,0,0,149,0,4966
Train|3100782055.avi|1,3100782055.avi,Train,1,150,299,5000,9966
Train|3100782057.avi|0,3100782057.avi,Train,0,0,149,0,4966
Train|3100782057.avi|1,3100782057.avi,Train,1,150,299,5000,9966
Train|3100782058.avi|0,3100782058.avi,Train,0,0,149,0,4966
Train|3100782058.avi|1,3100782058.avi,Train,1,150,299,5000,9966
Train|3100782059.avi|0,3100782059.avi,Train,0,0,149,0,4966
Train|3100782059.avi|1,3100782059.avi,Train,1,150,299,5000,9966
Train|3100782061.avi|0,3100782061.avi,Train,0,0,149,0,4966
Train|3100782061.avi|1,3100782061.avi,Train,1,150,299,5000,9966
Train|3100782062.avi|0,3100782062.avi,Train,0,0,149,0,4966
Train|3100782062.avi|1,3100782062.avi,Train,1,150,299,5000,9966
Train|3100782063.avi|0,3100782063.avi,Train,0,0,149,0,4966
Train|3100782063.avi|1,3100782063.avi,Train,1,150,299,5000,9966
Train|3100782064.avi|0,3100782064.avi,Train,0,0,149,0,4966
Train|3100782064.avi|1,3100782064.avi,Train,1,150,299,5000,9966
Train|3100782065.avi|0,3100782065.avi,Train,0,0,149,0,4966
Train|3100782065.avi|1,3100782065.avi,Train,1,150,299,5000,9966
Train|3100782066.avi|0,3100782066.avi,Train,0,0,149,0,4966
Train|3100782066.avi|1,3100782066.avi,Train,1,150,299,5000,9966
Train|3100782067.avi|0,3100782067.avi,Train,0,0,149,0,4966
Train|3100782067.avi|1,3100782067.avi,Train,1,150,299,5000,9966
Train|3100782068.avi|0,3100782068.avi,Train,0,0,149,0,4966
Train|3100782068.avi|1,3100782068.avi,Train,1,150,299,5000,9966
Train|3100782069.avi|0,3100782069.avi,Train,0,0,149,0,4966
Train|3100782069.avi|1,3100782069.avi,Train,1,150,299,5000,9966
Train|3100782071.avi|0,3100782071.avi,Train,0,0,149,0,4966
Train|3100782071.avi|1,3100782071.avi,Train,1,150,299,5000,9966
Train|3100782072.avi|0,3100782072.avi,Train,0,0,149,0,4966
Train|3100782072.avi|1,3100782072.avi,Train,1,150,299,5000,9966
Train|3100791004.avi|0,3100791004.avi,Train,0,0,149,0,4966
Train|3100791004.avi|1,3100791004.avi,Train,1,150,299,5000,9966
Train|3100791006.avi|0,3100791006.avi,Train,0,0,149,0,4966
Train|3100791006.avi|1,3100791006.avi,Train,1,150,299,5000,9966
Train|3100791007.avi|0,3100791007.avi,Train,0,0,149,0,4966
Train|3100791007.avi|1,3100791007.avi,Train,1,150,299,5000,9966
Train|3100791008.avi|0,3100791008.avi,Train,0,0,149,0,4966
Train|3100791008.avi|1,3100791008.avi,Train,1,150,299,5000,9966
Train|3100791016.avi|0,3100791016.avi,Train,0,0,149,0,4966
Train|3100791016.avi|1,3100791016.avi,Train,1,150,299,5000,9966
Train|3100791018.avi|0,3100791018.avi,Train,0,0,149,0,4966
Train|3100791018.avi|1,3100791018.avi,Train,1,150,299,5000,9966
Train|3100791020.avi|0,3100791020.avi,Train,0,0,149,0,4966
Train|3100791020.avi|1,3100791020.avi,Train,1,150,299,5000,9966
Train|3100791021.avi|0,3100791021.avi,Train,0,0,149,0,4966
Train|3100791021.avi|1,3100791021.avi,Train,1,150,299,5000,9966
Train|3100791026.avi|0,3100791026.avi,Train,0,0,149,0,4966
Train|3100791026.avi|1,3100791026.avi,Train,1,150,299,5000,9966
Train|3100791028.avi|0,3100791028.avi,Train,0,0,149,0,4966
Train|3100791028.avi|1,3100791028.avi,Train,1,150,299,5000,9966
Train|3100791031.avi|0,3100791031.avi,Train,0,0,149,0,4966
Train|3100791031.avi|1,3100791031.avi,Train,1,150,299,5000,9966
Train|3100791033.avi|0,3100791033.avi,Train,0,0,149,0,4966
Train|3100791033.avi|1,3100791033.avi,Train,1,150,299,5000,9966
Train|3100791034.avi|0,3100791034.avi,Train,0,0,149,0,4966
Train|3100791034.avi|1,3100791034.avi,Train,1,150,299,5000,9966
Train|3100791035.avi|0,3100791035.avi,Train,0,0,149,0,4966
Train|3100791035.avi|1,3100791035.avi,Train,1,150,299,5000,9966
Train|3100791042.avi|0,3100791042.avi,Train,0,0,149,0,4966
Train|3100791042.avi|1,3100791042.avi,Train,1,150,299,5000,9966
Train|3100791044.avi|0,3100791044.avi,Train,0,0,149,0,4966
Train|3100791044.avi|1,3100791044.avi,Train,1,150,299,5000,9966
Train|3100791045.avi|0,3100791045.avi,Train,0,0,149,0,4966
Train|3100791045.avi|1,3100791045.avi,Train,1,150,299,5000,9966
Train|3100791046.avi|0,3100791046.avi,Train,0,0,149,0,4966
Train|3100791046.avi|1,3100791046.avi,Train,1,150,299,5000,9966
Train|3100791047.avi|0,3100791047.avi,Train,0,0,149,0,4966
Train|3100791047.avi|1,3100791047.avi,Train,1,150,299,5000,9966
Train|3100791049.avi|0,3100791049.avi,Train,0,0,149,0,4966
Train|3100791049.avi|1,3100791049.avi,Train,1,150,299,5000,9966
Train|3100791050.avi|0,3100791050.avi,Train,0,0,149,0,4966
Train|3100791050.avi|1,3100791050.avi,Train,1,150,299,5000,9966
Train|3100791052.avi|0,3100791052.avi,Train,0,0,149,0,4966
Train|3100791052.avi|1,3100791052.avi,Train,1,150,299,5000,9966
Train|3100791054.avi|0,3100791054.avi,Train,0,0,149,0,4966
Train|3100791054.avi|1,3100791054.avi,Train,1,150,299,5000,9966
Train|3100791056.avi|0,3100791056.avi,Train,0,0,149,0,4966
Train|3100791056.avi|1,3100791056.avi,Train,1,150,299,5000,9966
Train|3100791058.avi|0,3100791058.avi,Train,0,0,149,0,4966
Train|3100791058.avi|1,3100791058.avi,Train,1,150,299,5000,9966
Train|3100791059.avi|0,3100791059.avi,Train,0,0,149,0,4966
Train|3100791059.avi|1,3100791059.avi,Train,1,150,299,5000,9966
Train|3100791060.avi|0,3100791060.avi,Train,0,0,149,0,4966
Train|3100791060.avi|1,3100791060.avi,Train,1,150,299,5000,9966
Train|3100791061.avi|0,3100791061.avi,Train,0,0,149,0,4966
Train|3100791061.avi|1,3100791061.avi,Train,1,150,299,5000,9966
Train|3100791062.avi|0,3100791062.avi,Train,0,0,149,0,4966
Train|3100791062.avi|1,3100791062.avi,Train,1,150,299,5000,9966
Train|3100791063.avi|0,3100791063.avi,Train,0,0,149,0,4966
Train|3100791063.avi|1,3100791063.avi,Train,1,150,299,5000,9966
Train|3100791064.avi|0,3100791064.avi,Train,0,0,149,0,4966
Train|3100791064.avi|1,3100791064.avi,Train,1,150,299,5000,9966
Train|3100791065.avi|0,3100791065.avi,Train,0,0,149,0,4966
Train|3100791065.avi|1,3100791065.avi,Train,1,150,299,5000,9966
Train|3100791066.avi|0,3100791066.avi,Train,0,0,149,0,4966
Train|3100791066.avi|1,3100791066.avi,Train,1,150,299,5000,9966
Train|3100791067.avi|0,3100791067.avi,Train,0,0,149,0,4966
Train|3100791067.avi|1,3100791067.avi,Train,1,150,299,5000,9966
Train|3100791069.avi|0,3100791069.avi,Train,0,0,149,0,4966
Train|3100791069.avi|1,3100791069.avi,Train,1,150,299,5000,9966
Train|3100791070.avi|0,3100791070.avi,Train,0,0,149,0,4966
Train|3100791070.avi|1,3100791070.avi,Train,1,150,299,5000,9966
Train|3100791071.avi|0,3100791071.avi,Train,0,0,149,0,4966
Train|3100791071.avi|1,3100791071.avi,Train,1,150,299,5000,9966
Train|3100791072.avi|0,3100791072.avi,Train,0,0,149,0,4966
Train|3100791072.avi|1,3100791072.avi,Train,1,150,299,5000,9966
Train|3100791073.avi|0,3100791073.avi,Train,0,0,149,0,4966
Train|3100791073.avi|1,3100791073.avi,Train,1,150,299,5000,9966
Train|3100792002.avi|0,3100792002.avi,Train,0,0,149,0,4966
Train|3100792002.avi|1,3100792002.avi,Train,1,150,299,5000,9966
Train|3100792003.avi|0,3100792003.avi,Train,0,0,149,0,4966
Train|3100792003.avi|1,3100792003.avi,Train,1,150,299,5000,9966
Train|3100792004.avi|0,3100792004.avi,Train,0,0,149,0,4966
Train|3100792004.avi|1,3100792004.avi,Train,1,150,299,5000,9966
Train|3100792005.avi|0,3100792005.avi,Train,0,0,149,0,4966
Train|3100792005.avi|1,3100792005.avi,Train,1,150,299,5000,9966
Train|3100792006.avi|0,3100792006.avi,Train,0,0,149,0,4966
Train|3100792006.avi|1,3100792006.avi,Train,1,150,299,5000,9966
Train|3100792007.avi|0,3100792007.avi,Train,0,0,149,0,4966
Train|3100792007.avi|1,3100792007.avi,Train,1,150,299,5000,9966
Train|3100792008.avi|0,3100792008.avi,Train,0,0,149,0,4966
Train|3100792008.avi|1,3100792008.avi,Train,1,150,299,5000,9966
Train|3100792009.avi|0,3100792009.avi,Train,0,0,149,0,4966
Train|3100792009.avi|1,3100792009.avi,Train,1,150,299,5000,9966
Train|3100792010.avi|0,3100792010.avi,Train,0,0,149,0,4966
Train|3100792010.avi|1,3100792010.avi,Train,1,150,299,5000,9966
Train|3100792011.avi|0,3100792011.avi,Train,0,0,149,0,4966
Train|3100792011.avi|1,3100792011.avi,Train,1,150,299,5000,9966
Train|3100792013.avi|0,3100792013.avi,Train,0,0,149,0,4966
Train|3100792013.avi|1,3100792013.avi,Train,1,150,299,5000,9966
Train|3100792014.avi|0,3100792014.avi,Train,0,0,149,0,4966
Train|3100792014.avi|1,3100792014.avi,Train,1,150,299,5000,9966
Train|3100792015.avi|0,3100792015.avi,Train,0,0,149,0,4966
Train|3100792015.avi|1,3100792015.avi,Train,1,150,299,5000,9966
Train|3100792016.avi|0,3100792016.avi,Train,0,0,149,0,4966
Train|3100792016.avi|1,3100792016.avi,Train,1,150,299,5000,9966
Train|3100792019.avi|0,3100792019.avi,Train,0,0,149,0,4966
Train|3100792019.avi|1,3100792019.avi,Train,1,150,299,5000,9966
Train|3100792020.avi|0,3100792020.avi,Train,0,0,149,0,4966
Train|3100792020.avi|1,3100792020.avi,Train,1,150,299,5000,9966
Train|3100792021.avi|0,3100792021.avi,Train,0,0,149,0,4966
Train|3100792021.avi|1,3100792021.avi,Train,1,150,299,5000,9966
Train|3100792022.avi|0,3100792022.avi,Train,0,0,149,0,4966
Train|3100792022.avi|1,3100792022.avi,Train,1,150,299,5000,9966
Train|3100792023.avi|0,3100792023.avi,Train,0,0,149,0,4966
Train|3100792023.avi|1,3100792023.avi,Train,1,150,299,5000,9966
Train|3100792024.avi|0,3100792024.avi,Train,0,0,149,0,4966
Train|3100792024.avi|1,3100792024.avi,Train,1,150,299,5000,9966
Train|3100792025.avi|0,3100792025.avi,Train,0,0,149,0,4966
Train|3100792025.avi|1,3100792025.avi,Train,1,150,299,5000,9966
Train|3100792027.avi|0,3100792027.avi,Train,0,0,149,0,4966
Train|3100792027.avi|1,3100792027.avi,Train,1,150,299,5000,9966
Train|3100792028.avi|0,3100792028.avi,Train,0,0,149,0,4966
Train|3100792028.avi|1,3100792028.avi,Train,1,150,299,5000,9966
Train|3100792030.avi|0,3100792030.avi,Train,0,0,149,0,4966
Train|3100792030.avi|1,3100792030.avi,Train,1,150,299,5000,9966
Train|3100792031.avi|0,3100792031.avi,Train,0,0,149,0,4966
Train|3100792031.avi|1,3100792031.avi,Train,1,150,299,5000,9966
Train|3100792032.avi|0,3100792032.avi,Train,0,0,149,0,4966
Train|3100792032.avi|1,3100792032.avi,Train,1,150,299,5000,9966
Train|3100792033.avi|0,3100792033.avi,Train,0,0,149,0,4966
Train|3100792033.avi|1,3100792033.avi,Train,1,150,299,5000,9966
Train|3100792035.avi|0,3100792035.avi,Train,0,0,149,0,4966
Train|3100792035.avi|1,3100792035.avi,Train,1,150,299,5000,9966
Train|3100792036.avi|0,3100792036.avi,Train,0,0,149,0,4966
Train|3100792036.avi|1,3100792036.avi,Train,1,150,299,5000,9966
Train|3100792037.avi|0,3100792037.avi,Train,0,0,149,0,4966
Train|3100792037.avi|1,3100792037.avi,Train,1,150,299,5000,9966
Train|3100792038.avi|0,3100792038.avi,Train,0,0,149,0,4966
Train|3100792038.avi|1,3100792038.avi,Train,1,150,299,5000,9966
Train|3100792039.avi|0,3100792039.avi,Train,0,0,149,0,4966
Train|3100792039.avi|1,3100792039.avi,Train,1,150,299,5000,9966
Train|3100792040.avi|0,3100792040.avi,Train,0,0,149,0,4966
Train|3100792040.avi|1,3100792040.avi,Train,1,150,299,5000,9966
Train|3100792041.avi|0,3100792041.avi,Train,0,0,149,0,4966
Train|3100792041.avi|1,3100792041.avi,Train,1,150,299,5000,9966
Train|3100792042.avi|0,3100792042.avi,Train,0,0,149,0,4966
Train|3100792042.avi|1,3100792042.avi,Train,1,150,299,5000,9966
Train|3100792043.avi|0,3100792043.avi,Train,0,0,149,0,4966
Train|3100792043.avi|1,3100792043.avi,Train,1,150,299,5000,9966
Train|3100792044.avi|0,3100792044.avi,Train,0,0,149,0,4966
Train|3100792044.avi|1,3100792044.avi,Train,1,150,299,5000,9966
Train|3100792045.avi|0,3100792045.avi,Train,0,0,149,0,4966
Train|3100792045.avi|1,3100792045.avi,Train,1,150,299,5000,9966
Train|3100792046.avi|0,3100792046.avi,Train,0,0,149,0,4966
Train|3100792046.avi|1,3100792046.avi,Train,1,150,299,5000,9966
Train|3100792048.avi|0,3100792048.avi,Train,0,0,149,0,4966
Train|3100792048.avi|1,3100792048.avi,Train,1,150,299,5000,9966
Train|3100792050.avi|0,3100792050.avi,Train,0,0,149,0,4966
Train|3100792050.avi|1,3100792050.avi,Train,1,150,299,5000,9966
Train|3100792051.avi|0,3100792051.avi,Train,0,0,149,0,4966
Train|3100792051.avi|1,3100792051.avi,Train,1,150,299,5000,9966
Train|3100792052.avi|0,3100792052.avi,Train,0,0,149,0,4966
Train|3100792052.avi|1,3100792052.avi,Train,1,150,299,5000,9966
Train|3100792053.avi|0,3100792053.avi,Train,0,0,149,0,4966
Train|3100792053.avi|1,3100792053.avi,Train,1,150,299,5000,9966
Train|3100792057.avi|0,3100792057.avi,Train,0,0,149,0,4966
Train|3100792057.avi|1,3100792057.avi,Train,1,150,299,5000,9966
Train|3100792058.avi|0,3100792058.avi,Train,0,0,149,0,4966
Train|3100792058.avi|1,3100792058.avi,Train,1,150,299,5000,9966
Train|3100792060.avi|0,3100792060.avi,Train,0,0,149,0,4966
Train|3100792060.avi|1,3100792060.avi,Train,1,150,299,5000,9966
Train|3100792069.avi|0,3100792069.avi,Train,0,0,149,0,4966
Train|3100792069.avi|1,3100792069.avi,Train,1,150,299,5000,9966
Train|3100801006.avi|0,3100801006.avi,Train,0,0,149,0,4966
Train|3100801006.avi|1,3100801006.avi,Train,1,150,299,5000,9966
Train|3100802001.avi|0,3100802001.avi,Train,0,0,149,0,4966
Train|3100802001.avi|1,3100802001.avi,Train,1,150,299,5000,9966
Train|3100802028.avi|0,3100802028.avi,Train,0,0,149,0,4966
Train|3100802028.avi|1,3100802028.avi,Train,1,150,299,5000,9966
Train|3100811002.avi|0,3100811002.avi,Train,0,0,149,0,4966
Train|3100811002.avi|1,3100811002.avi,Train,1,150,299,5000,9966
Train|3100811018.avi|0,3100811018.avi,Train,0,0,149,0,4966
Train|3100811018.avi|1,3100811018.avi,Train,1,150,299,5000,9966
Train|3100811027.avi|0,3100811027.avi,Train,0,0,149,0,4966
Train|3100811027.avi|1,3100811027.avi,Train,1,150,299,5000,9966
Train|3100811034.avi|0,3100811034.avi,Train,0,0,149,0,4966
Train|3100811034.avi|1,3100811034.avi,Train,1,150,299,5000,9966
Train|3100811035.avi|0,3100811035.avi,Train,0,0,149,0,4966
Train|3100811035.avi|1,3100811035.avi,Train,1,150,299,5000,9966
Train|3100811036.avi|0,3100811036.avi,Train,0,0,149,0,4966
Train|3100811036.avi|1,3100811036.avi,Train,1,150,299,5000,9966
Train|3100811037.avi|0,3100811037.avi,Train,0,0,149,0,4966
Train|3100811037.avi|1,3100811037.avi,Train,1,150,299,5000,9966
Train|3100811038.avi|0,3100811038.avi,Train,0,0,149,0,4966
Train|3100811038.avi|1,3100811038.avi,Train,1,150,299,5000,9966
Train|3100811039.avi|0,3100811039.avi,Train,0,0,149,0,4966
Train|3100811039.avi|1,3100811039.avi,Train,1,150,299,5000,9966
Train|3100811040.avi|0,3100811040.avi,Train,0,0,149,0,4966
Train|3100811040.avi|1,3100811040.avi,Train,1,150,299,5000,9966
Train|3100811041.avi|0,3100811041.avi,Train,0,0,149,0,4966
Train|3100811041.avi|1,3100811041.avi,Train,1,150,299,5000,9966
Train|3100811042.avi|0,3100811042.avi,Train,0,0,149,0,4966
Train|3100811042.avi|1,3100811042.avi,Train,1,150,299,5000,9966
Train|3100811043.avi|0,3100811043.avi,Train,0,0,149,0,4966
Train|3100811043.avi|1,3100811043.avi,Train,1,150,299,5000,9966
Train|3100811045.avi|0,3100811045.avi,Train,0,0,149,0,4966
Train|3100811045.avi|1,3100811045.avi,Train,1,150,299,5000,9966
Train|3100811046.avi|0,3100811046.avi,Train,0,0,149,0,4966
Train|3100811046.avi|1,3100811046.avi,Train,1,150,299,5000,9966
Train|3100811047.avi|0,3100811047.avi,Train,0,0,149,0,4966
Train|3100811047.avi|1,3100811047.avi,Train,1,150,299,5000,9966
Train|3100811050.avi|0,3100811050.avi,Train,0,0,149,0,4966
Train|3100811050.avi|1,3100811050.avi,Train,1,150,299,5000,9966
Train|3100811051.avi|0,3100811051.avi,Train,0,0,149,0,4966
Train|3100811051.avi|1,3100811051.avi,Train,1,150,299,5000,9966
Train|3100811053.avi|0,3100811053.avi,Train,0,0,149,0,4966
Train|3100811053.avi|1,3100811053.avi,Train,1,150,299,5000,9966
Train|3100811054.avi|0,3100811054.avi,Train,0,0,149,0,4966
Train|3100811054.avi|1,3100811054.avi,Train,1,150,299,5000,9966
Train|3100811055.avi|0,3100811055.avi,Train,0,0,149,0,4966
Train|3100811055.avi|1,3100811055.avi,Train,1,150,299,5000,9966
Train|3100811056.avi|0,3100811056.avi,Train,0,0,149,0,4966
Train|3100811056.avi|1,3100811056.avi,Train,1,150,299,5000,9966
Train|3100811059.avi|0,3100811059.avi,Train,0,0,149,0,4966
Train|3100811059.avi|1,3100811059.avi,Train,1,150,299,5000,9966
Train|3100811060.avi|0,3100811060.avi,Train,0,0,149,0,4966
Train|3100811060.avi|1,3100811060.avi,Train,1,150,299,5000,9966
Train|3100811061.avi|0,3100811061.avi,Train,0,0,149,0,4966
Train|3100811061.avi|1,3100811061.avi,Train,1,150,299,5000,9966
Train|3100811063.avi|0,3100811063.avi,Train,0,0,149,0,4966
Train|3100811063.avi|1,3100811063.avi,Train,1,150,299,5000,9966
Train|3100811068.avi|0,3100811068.avi,Train,0,0,149,0,4966
Train|3100811068.avi|1,3100811068.avi,Train,1,150,299,5000,9966
Train|3100811075.avi|0,3100811075.avi,Train,0,0,149,0,4966
Train|3100811075.avi|1,3100811075.avi,Train,1,150,299,5000,9966
Train|3100812003.avi|0,3100812003.avi,Train,0,0,149,0,4966
Train|3100812003.avi|1,3100812003.avi,Train,1,150,299,5000,9966
Train|3100812004.avi|0,3100812004.avi,Train,0,0,149,0,4966
Train|3100812004.avi|1,3100812004.avi,Train,1,150,299,5000,9966
Train|3100812005.avi|0,3100812005.avi,Train,0,0,149,0,4966
Train|3100812005.avi|1,3100812005.avi,Train,1,150,299,5000,9966
Train|3100812006.avi|0,3100812006.avi,Train,0,0,149,0,4966
Train|3100812006.avi|1,3100812006.avi,Train,1,150,299,5000,9966
Train|3100812007.avi|0,3100812007.avi,Train,0,0,149,0,4966
Train|3100812007.avi|1,3100812007.avi,Train,1,150,299,5000,9966
Train|3100812008.avi|0,3100812008.avi,Train,0,0,149,0,4966
Train|3100812008.avi|1,3100812008.avi,Train,1,150,299,5000,9966
Train|3100812013.avi|0,3100812013.avi,Train,0,0,149,0,4966
Train|3100812013.avi|1,3100812013.avi,Train,1,150,299,5000,9966
Train|3100812014.avi|0,3100812014.avi,Train,0,0,149,0,4966
Train|3100812014.avi|1,3100812014.avi,Train,1,150,299,5000,9966
Train|3100812016.avi|0,3100812016.avi,Train,0,0,149,0,4966
Train|3100812016.avi|1,3100812016.avi,Train,1,150,299,5000,9966
Train|3100812017.avi|0,3100812017.avi,Train,0,0,149,0,4966
Train|3100812017.avi|1,3100812017.avi,Train,1,150,299,5000,9966
Train|3100812018.avi|0,3100812018.avi,Train,0,0,149,0,4966
Train|3100812018.avi|1,3100812018.avi,Train,1,150,299,5000,9966
Train|3100812019.avi|0,3100812019.avi,Train,0,0,149,0,4966
Train|3100812019.avi|1,3100812019.avi,Train,1,150,299,5000,9966
Train|3100812020.avi|0,3100812020.avi,Train,0,0,149,0,4966
Train|3100812020.avi|1,3100812020.avi,Train,1,150,299,5000,9966
Train|3100812021.avi|0,3100812021.avi,Train,0,0,149,0,4966
Train|3100812021.avi|1,3100812021.avi,Train,1,150,299,5000,9966
Train|3100812026.avi|0,3100812026.avi,Train,0,0,149,0,4966
Train|3100812026.avi|1,3100812026.avi,Train,1,150,299,5000,9966
Train|3100812027.avi|0,3100812027.avi,Train,0,0,149,0,4966
Train|3100812027.avi|1,3100812027.avi,Train,1,150,299,5000,9966
Train|3100812028.avi|0,3100812028.avi,Train,0,0,149,0,4966
Train|3100812028.avi|1,3100812028.avi,Train,1,150,299,5000,9966
Train|3100812040.avi|0,3100812040.avi,Train,0,0,149,0,4966
Train|3100812040.avi|1,3100812040.avi,Train,1,150,299,5000,9966
Train|3100821004.avi|0,3100821004.avi,Train,0,0,149,0,4966
Train|3100821004.avi|1,3100821004.avi,Train,1,150,299,5000,9966
Train|3100821015.avi|0,3100821015.avi,Train,0,0,149,0,4966
Train|3100821015.avi|1,3100821015.avi,Train,1,150,299,5000,9966
Train|3100821016.avi|0,3100821016.avi,Train,0,0,149,0,4966
Train|3100821016.avi|1,3100821016.avi,Train,1,150,299,5000,9966
Train|3100821019.avi|0,3100821019.avi,Train,0,0,149,0,4966
Train|3100821019.avi|1,3100821019.avi,Train,1,150,299,5000,9966
Train|3100821020.avi|0,3100821020.avi,Train,0,0,149,0,4966
Train|3100821020.avi|1,3100821020.avi,Train,1,150,299,5000,9966
Train|3100821021.avi|0,3100821021.avi,Train,0,0,149,0,4966
Train|3100821021.avi|1,3100821021.avi,Train,1,150,299,5000,9966
Train|3100821022.avi|0,3100821022.avi,Train,0,0,149,0,4966
Train|3100821022.avi|1,3100821022.avi,Train,1,150,299,5000,9966
Train|3100821030.avi|0,3100821030.avi,Train,0,0,149,0,4966
Train|3100821030.avi|1,3100821030.avi,Train,1,150,299,5000,9966
Train|3100821031.avi|0,3100821031.avi,Train,0,0,149,0,4966
Train|3100821031.avi|1,3100821031.avi,Train,1,150,299,5000,9966
Train|3100821032.avi|0,3100821032.avi,Train,0,0,149,0,4966
Train|3100821032.avi|1,3100821032.avi,Train,1,150,299,5000,9966
Train|3100821033.avi|0,3100821033.avi,Train,0,0,149,0,4966
Train|3100821033.avi|1,3100821033.avi,Train,1,150,299,5000,9966
Train|3100821034.avi|0,3100821034.avi,Train,0,0,149,0,4966
Train|3100821034.avi|1,3100821034.avi,Train,1,150,299,5000,9966
Train|3100821035.avi|0,3100821035.avi,Train,0,0,149,0,4966
Train|3100821035.avi|1,3100821035.avi,Train,1,150,299,5000,9966
Train|3100821036.avi|0,3100821036.avi,Train,0,0,149,0,4966
Train|3100821036.avi|1,3100821036.avi,Train,1,150,299,5000,9966
Train|3100821037.avi|0,3100821037.avi,Train,0,0,149,0,4966
Train|3100821037.avi|1,3100821037.avi,Train,1,150,299,5000,9966
Train|3100821038.avi|0,3100821038.avi,Train,0,0,149,0,4966
Train|3100821038.avi|1,3100821038.avi,Train,1,150,299,5000,9966
Train|3100821039.avi|0,3100821039.avi,Train,0,0,149,0,4966
Train|3100821039.avi|1,3100821039.avi,Train,1,150,299,5000,9966
Train|3100821040.avi|0,3100821040.avi,Train,0,0,149,0,4966
Train|3100821040.avi|1,3100821040.avi,Train,1,150,299,5000,9966
Train|3100821041.avi|0,3100821041.avi,Train,0,0,149,0,4966
Train|3100821041.avi|1,3100821041.avi,Train,1,150,299,5000,9966
Train|3100821042.avi|0,3100821042.avi,Train,0,0,149,0,4966
Train|3100821042.avi|1,3100821042.avi,Train,1,150,299,5000,9966
Train|3100821045.avi|0,3100821045.avi,Train,0,0,149,0,4966
Train|3100821045.avi|1,3100821045.avi,Train,1,150,299,5000,9966
Train|3100821046.avi|0,3100821046.avi,Train,0,0,149,0,4966
Train|3100821046.avi|1,3100821046.avi,Train,1,150,299,5000,9966
Train|3100821047.avi|0,3100821047.avi,Train,0,0,149,0,4966
Train|3100821047.avi|1,3100821047.avi,Train,1,150,299,5000,9966
Train|3100821048.avi|0,3100821048.avi,Train,0,0,149,0,4966
Train|3100821048.avi|1,3100821048.avi,Train,1,150,299,5000,9966
Train|3100821049.avi|0,3100821049.avi,Train,0,0,149,0,4966
Train|3100821049.avi|1,3100821049.avi,Train,1,150,299,5000,9966
Train|3100821051.avi|0,3100821051.avi,Train,0,0,149,0,4966
Train|3100821051.avi|1,3100821051.avi,Train,1,150,299,5000,9966
Train|3100821052.avi|0,3100821052.avi,Train,0,0,149,0,4966
Train|3100821052.avi|1,3100821052.avi,Train,1,150,299,5000,9966
Train|3100821054.avi|0,3100821054.avi,Train,0,0,149,0,4966
Train|3100821054.avi|1,3100821054.avi,Train,1,150,299,5000,9966
Train|3100821055.avi|0,3100821055.avi,Train,0,0,149,0,4966
Train|3100821055.avi|1,3100821055.avi,Train,1,150,299,5000,9966
Train|3100821057.avi|0,3100821057.avi,Train,0,0,149,0,4966
Train|3100821057.avi|1,3100821057.avi,Train,1,150,299,5000,9966
Train|3100821067.avi|0,3100821067.avi,Train,0,0,149,0,4966
Train|3100821067.avi|1,3100821067.avi,Train,1,150,299,5000,9966
Train|3100821068.avi|0,3100821068.avi,Train,0,0,149,0,4966
Train|3100821068.avi|1,3100821068.avi,Train,1,150,299,5000,9966
Train|3100821069.avi|0,3100821069.avi,Train,0,0,149,0,4966
Train|3100821069.avi|1,3100821069.avi,Train,1,150,299,5000,9966
Train|3100821075.avi|0,3100821075.avi,Train,0,0,149,0,4966
Train|3100821075.avi|1,3100821075.avi,Train,1,150,299,5000,9966
Train|3100822001.avi|0,3100822001.avi,Train,0,0,149,0,4966
Train|3100822001.avi|1,3100822001.avi,Train,1,150,299,5000,9966
Train|3100822011.avi|0,3100822011.avi,Train,0,0,149,0,4966
Train|3100822011.avi|1,3100822011.avi,Train,1,150,299,5000,9966
Train|3100822012.avi|0,3100822012.avi,Train,0,0,149,0,4966
Train|3100822012.avi|1,3100822012.avi,Train,1,150,299,5000,9966
Train|3100822014.avi|0,3100822014.avi,Train,0,0,149,0,4966
Train|3100822014.avi|1,3100822014.avi,Train,1,150,299,5000,9966
Train|3100822030.avi|0,3100822030.avi,Train,0,0,149,0,4966
Train|3100822030.avi|1,3100822030.avi,Train,1,150,299,5000,9966
Train|3100822031.avi|0,3100822031.avi,Train,0,0,149,0,4966
Train|3100822031.avi|1,3100822031.avi,Train,1,150,299,5000,9966
Train|3100822044.avi|0,3100822044.avi,Train,0,0,149,0,4966
Train|3100822044.avi|1,3100822044.avi,Train,1,150,299,5000,9966
Train|3100822050.avi|0,3100822050.avi,Train,0,0,149,0,4966
Train|3100822050.avi|1,3100822050.avi,Train,1,150,299,5000,9966
Train|3100822051.avi|0,3100822051.avi,Train,0,0,149,0,4966
Train|3100822051.avi|1,3100822051.avi,Train,1,150,299,5000,9966
Train|3100822057.avi|0,3100822057.avi,Train,0,0,149,0,4966
Train|3100822057.avi|1,3100822057.avi,Train,1,150,299,5000,9966
Train|3100822058.avi|0,3100822058.avi,Train,0,0,149,0,4966
Train|3100822058.avi|1,3100822058.avi,Train,1,150,299,5000,9966
Train|3100822059.avi|0,3100822059.avi,Train,0,0,149,0,4966
Train|3100822059.avi|1,3100822059.avi,Train,1,150,299,5000,9966
Train|3100822064.avi|0,3100822064.avi,Train,0,0,149,0,4966
Train|3100822064.avi|1,3100822064.avi,Train,1,150,299,5000,9966
Train|3100822065.avi|0,3100822065.avi,Train,0,0,149,0,4966
Train|3100822065.avi|1,3100822065.avi,Train,1,150,299,5000,9966
Train|3100822066.avi|0,3100822066.avi,Train,0,0,149,0,4966
Train|3100822066.avi|1,3100822066.avi,Train,1,150,299,5000,9966
Train|3100822067.avi|0,3100822067.avi,Train,0,0,149,0,4966
Train|3100822067.avi|1,3100822067.avi,Train,1,150,299,5000,9966
Train|3100822068.avi|0,3100822068.avi,Train,0,0,149,0,4966
Train|3100822068.avi|1,3100822068.avi,Train,1,150,299,5000,9966
Train|3100822069.avi|0,3100822069.avi,Train,0,0,149,0,4966
Train|3100822069.avi|1,3100822069.avi,Train,1,150,299,5000,9966
Train|3100822070.avi|0,3100822070.avi,Train,0,0,149,0,4966
Train|3100822070.avi|1,3100822070.avi,Train,1,150,299,5000,9966
Train|3100822075.avi|0,3100822075.avi,Train,0,0,149,0,4966
Train|3100822075.avi|1,3100822075.avi,Train,1,150,299,5000,9966
Train|3100822080.avi|0,3100822080.avi,Train,0,0,149,0,4966
Train|3100822080.avi|1,3100822080.avi,Train,1,150,299,5000,9966
Train|3100831003.avi|0,3100831003.avi,Train,0,0,149,0,4966
Train|3100831003.avi|1,3100831003.avi,Train,1,150,299,5000,9966
Train|3100831004.avi|0,3100831004.avi,Train,0,0,149,0,4966
Train|3100831004.avi|1,3100831004.avi,Train,1,150,299,5000,9966
Train|3100831006.avi|0,3100831006.avi,Train,0,0,149,0,4966
Train|3100831006.avi|1,3100831006.avi,Train,1,150,299,5000,9966
Train|3100831007.avi|0,3100831007.avi,Train,0,0,149,0,4966
Train|3100831007.avi|1,3100831007.avi,Train,1,150,299,5000,9966
Train|3100831008.avi|0,3100831008.avi,Train,0,0,149,0,4966
Train|3100831008.avi|1,3100831008.avi,Train,1,150,299,5000,9966
Train|3100831010.avi|0,3100831010.avi,Train,0,0,149,0,4966
Train|3100831010.avi|1,3100831010.avi,Train,1,150,299,5000,9966
Train|3100831011.avi|0,3100831011.avi,Train,0,0,149,0,4966
Train|3100831011.avi|1,3100831011.avi,Train,1,150,299,5000,9966
Train|3100831013.avi|0,3100831013.avi,Train,0,0,149,0,4966
Train|3100831013.avi|1,3100831013.avi,Train,1,150,299,5000,9966
Train|3100831014.avi|0,3100831014.avi,Train,0,0,149,0,4966
Train|3100831014.avi|1,3100831014.avi,Train,1,150,299,5000,9966
Train|3100831015.avi|0,3100831015.avi,Train,0,0,149,0,4966
Train|3100831015.avi|1,3100831015.avi,Train,1,150,299,5000,9966
Train|3100831016.avi|0,3100831016.avi,Train,0,0,149,0,4966
Train|3100831016.avi|1,3100831016.avi,Train,1,150,299,5000,9966
Train|3100831018.avi|0,3100831018.avi,Train,0,0,149,0,4966
Train|3100831018.avi|1,3100831018.avi,Train,1,150,299,5000,9966
Train|3100831019.avi|0,3100831019.avi,Train,0,0,149,0,4966
Train|3100831019.avi|1,3100831019.avi,Train,1,150,299,5000,9966
Train|3100831020.avi|0,3100831020.avi,Train,0,0,149,0,4966
Train|3100831020.avi|1,3100831020.avi,Train,1,150,299,5000,9966
Train|3100831022.avi|0,3100831022.avi,Train,0,0,149,0,4966
Train|3100831022.avi|1,3100831022.avi,Train,1,150,299,5000,9966
Train|3100831024.avi|0,3100831024.avi,Train,0,0,149,0,4966
Train|3100831024.avi|1,3100831024.avi,Train,1,150,299,5000,9966
Train|3100831026.avi|0,3100831026.avi,Train,0,0,149,0,4966
Train|3100831026.avi|1,3100831026.avi,Train,1,150,299,5000,9966
Train|3100831027.avi|0,3100831027.avi,Train,0,0,149,0,4966
Train|3100831027.avi|1,3100831027.avi,Train,1,150,299,5000,9966
Train|3100831028.avi|0,3100831028.avi,Train,0,0,149,0,4966
Train|3100831028.avi|1,3100831028.avi,Train,1,150,299,5000,9966
Train|3100831029.avi|0,3100831029.avi,Train,0,0,149,0,4966
Train|3100831029.avi|1,3100831029.avi,Train,1,150,299,5000,9966
Train|3100831032.avi|0,3100831032.avi,Train,0,0,149,0,4966
Train|3100831032.avi|1,3100831032.avi,Train,1,150,299,5000,9966
Train|3100831033.avi|0,3100831033.avi,Train,0,0,149,0,4966
Train|3100831033.avi|1,3100831033.avi,Train,1,150,299,5000,9966
Train|3100831035.avi|0,3100831035.avi,Train,0,0,149,0,4966
Train|3100831035.avi|1,3100831035.avi,Train,1,150,299,5000,9966
Train|3100831036.avi|0,3100831036.avi,Train,0,0,149,0,4966
Train|3100831036.avi|1,3100831036.avi,Train,1,150,299,5000,9966
Train|3100831037.avi|0,3100831037.avi,Train,0,0,149,0,4966
Train|3100831037.avi|1,3100831037.avi,Train,1,150,299,5000,9966
Train|3100831044.avi|0,3100831044.avi,Train,0,0,149,0,4966
Train|3100831044.avi|1,3100831044.avi,Train,1,150,299,5000,9966
Train|3100831045.avi|0,3100831045.avi,Train,0,0,149,0,4966
Train|3100831045.avi|1,3100831045.avi,Train,1,150,299,5000,9966
Train|3100831046.avi|0,3100831046.avi,Train,0,0,149,0,4966
Train|3100831046.avi|1,3100831046.avi,Train,1,150,299,5000,9966
Train|3100831047.avi|0,3100831047.avi,Train,0,0,149,0,4966
Train|3100831047.avi|1,3100831047.avi,Train,1,150,299,5000,9966
Train|3344630110.avi|0,3344630110.avi,Train,0,0,149,0,4966
Train|3344630110.avi|1,3344630110.avi,Train,1,150,299,5000,9966
Train|33446301100.avi|0,33446301100.avi,Train,0,0,149,0,4966
Train|33446301100.avi|1,33446301100.avi,Train,1,150,299,5000,9966
Train|33446301101.avi|0,33446301101.avi,Train,0,0,149,0,4966
Train|33446301101.avi|1,33446301101.avi,Train,1,150,299,5000,9966
Train|33446301103.avi|0,33446301103.avi,Train,0,0,149,0,4966
Train|33446301103.avi|1,33446301103.avi,Train,1,150,299,5000,9966
Train|33446301104.avi|0,33446301104.avi,Train,0,0,149,0,4966
Train|33446301104.avi|1,33446301104.avi,Train,1,150,299,5000,9966
Train|33446301107.avi|0,33446301107.avi,Train,0,0,149,0,4966
Train|33446301107.avi|1,33446301107.avi,Train,1,150,299,5000,9966
Train|3344630112.avi|0,3344630112.avi,Train,0,0,149,0,4966
Train|3344630112.avi|1,3344630112.avi,Train,1,150,299,5000,9966
Train|3344630113.avi|0,3344630113.avi,Train,0,0,149,0,4966
Train|3344630113.avi|1,3344630113.avi,Train,1,150,299,5000,9966
Train|3344630115.avi|0,3344630115.avi,Train,0,0,149,0,4966
Train|3344630115.avi|1,3344630115.avi,Train,1,150,299,5000,9966
Train|3344630116.avi|0,3344630116.avi,Train,0,0,149,0,4966
Train|3344630116.avi|1,3344630116.avi,Train,1,150,299,5000,9966
Train|3344630117.avi|0,3344630117.avi,Train,0,0,149,0,4966
Train|3344630117.avi|1,3344630117.avi,Train,1,150,299,5000,9966
Train|3344630119.avi|0,3344630119.avi,Train,0,0,149,0,4966
Train|3344630119.avi|1,3344630119.avi,Train,1,150,299,5000,9966
Train|334463012.avi|0,334463012.avi,Train,0,0,149,0,4966
Train|334463012.avi|1,334463012.avi,Train,1,150,299,5000,9966
Train|3344630120.avi|0,3344630120.avi,Train,0,0,149,0,4966
Train|3344630120.avi|1,3344630120.avi,Train,1,150,299,5000,9966
Train|3344630121.avi|0,3344630121.avi,Train,0,0,149,0,4966
Train|3344630121.avi|1,3344630121.avi,Train,1,150,299,5000,9966
Train|3344630127.avi|0,3344630127.avi,Train,0,0,149,0,4966
Train|3344630127.avi|1,3344630127.avi,Train,1,150,299,5000,9966
Train|3344630130.avi|0,3344630130.avi,Train,0,0,149,0,4966
Train|3344630130.avi|1,3344630130.avi,Train,1,150,299,5000,9966
Train|3344630131.avi|0,3344630131.avi,Train,0,0,149,0,4966
Train|3344630131.avi|1,3344630131.avi,Train,1,150,299,5000,9966
Train|3344630132.avi|0,3344630132.avi,Train,0,0,149,0,4966
Train|3344630132.avi|1,3344630132.avi,Train,1,150,299,5000,9966
Train|3344630133.avi|0,3344630133.avi,Train,0,0,149,0,4966
Train|3344630133.avi|1,3344630133.avi,Train,1,150,299,5000,9966
Train|3344630136.avi|0,3344630136.avi,Train,0,0,149,0,4966
Train|3344630136.avi|1,3344630136.avi,Train,1,150,299,5000,9966
Train|3344630139.avi|0,3344630139.avi,Train,0,0,149,0,4966
Train|3344630139.avi|1,3344630139.avi,Train,1,150,299,5000,9966
Train|334463014.avi|0,334463014.avi,Train,0,0,149,0,4966
Train|334463014.avi|1,334463014.avi,Train,1,150,299,5000,9966
Train|3344630140.avi|0,3344630140.avi,Train,0,0,149,0,4966
Train|3344630140.avi|1,3344630140.avi,Train,1,150,299,5000,9966
Train|3344630141.avi|0,3344630141.avi,Train,0,0,149,0,4966
Train|3344630141.avi|1,3344630141.avi,Train,1,150,299,5000,9966
Train|3344630142.avi|0,3344630142.avi,Train,0,0,149,0,4966
Train|3344630142.avi|1,3344630142.avi,Train,1,150,299,5000,9966
Train|3344630143.avi|0,3344630143.avi,Train,0,0,149,0,4966
Train|3344630143.avi|1,3344630143.avi,Train,1,150,299,5000,9966
Train|3344630146.avi|0,3344630146.avi,Train,0,0,149,0,4966
Train|3344630146.avi|1,3344630146.avi,Train,1,150,299,5000,9966
Train|3344630147.avi|0,3344630147.avi,Train,0,0,149,0,4966
Train|3344630147.avi|1,3344630147.avi,Train,1,150,299,5000,9966
Train|3344630148.avi|0,3344630148.avi,Train,0,0,149,0,4966
Train|3344630148.avi|1,3344630148.avi,Train,1,150,299,5000,9966
Train|3344630149.avi|0,3344630149.avi,Train,0,0,149,0,4966
Train|3344630149.avi|1,3344630149.avi,Train,1,150,299,5000,9966
Train|3344630150.avi|0,3344630150.avi,Train,0,0,149,0,4966
Train|3344630150.avi|1,3344630150.avi,Train,1,150,299,5000,9966
Train|3344630151.avi|0,3344630151.avi,Train,0,0,149,0,4966
Train|3344630151.avi|1,3344630151.avi,Train,1,150,299,5000,9966
Train|3344630153.avi|0,3344630153.avi,Train,0,0,149,0,4966
Train|3344630153.avi|1,3344630153.avi,Train,1,150,299,5000,9966
Train|3344630156.avi|0,3344630156.avi,Train,0,0,149,0,4966
Train|3344630156.avi|1,3344630156.avi,Train,1,150,299,5000,9966
Train|3344630161.avi|0,3344630161.avi,Train,0,0,149,0,4966
Train|3344630161.avi|1,3344630161.avi,Train,1,150,299,5000,9966
Train|3344630162.avi|0,3344630162.avi,Train,0,0,149,0,4966
Train|3344630162.avi|1,3344630162.avi,Train,1,150,299,5000,9966
Train|3344630163.avi|0,3344630163.avi,Train,0,0,149,0,4966
Train|3344630163.avi|1,3344630163.avi,Train,1,150,299,5000,9966
Train|3344630164.avi|0,3344630164.avi,Train,0,0,149,0,4966
Train|3344630164.avi|1,3344630164.avi,Train,1,150,299,5000,9966
Train|3344630166.avi|0,3344630166.avi,Train,0,0,149,0,4966
Train|3344630166.avi|1,3344630166.avi,Train,1,150,299,5000,9966
Train|3344630170.avi|0,3344630170.avi,Train,0,0,149,0,4966
Train|3344630170.avi|1,3344630170.avi,Train,1,150,299,5000,9966
Train|3344630171.avi|0,3344630171.avi,Train,0,0,149,0,4966
Train|3344630171.avi|1,3344630171.avi,Train,1,150,299,5000,9966
Train|3344630172.avi|0,3344630172.avi,Train,0,0,149,0,4966
Train|3344630172.avi|1,3344630172.avi,Train,1,150,299,5000,9966
Train|3344630173.avi|0,3344630173.avi,Train,0,0,149,0,4966
Train|3344630173.avi|1,3344630173.avi,Train,1,150,299,5000,9966
Train|3344630176.avi|0,3344630176.avi,Train,0,0,149,0,4966
Train|3344630176.avi|1,3344630176.avi,Train,1,150,299,5000,9966
Train|3344630179.avi|0,3344630179.avi,Train,0,0,149,0,4966
Train|3344630179.avi|1,3344630179.avi,Train,1,150,299,5000,9966
Train|3344630180.avi|0,3344630180.avi,Train,0,0,149,0,4966
Train|3344630180.avi|1,3344630180.avi,Train,1,150,299,5000,9966
Train|3344630181.avi|0,3344630181.avi,Train,0,0,149,0,4966
Train|3344630181.avi|1,3344630181.avi,Train,1,150,299,5000,9966
Train|3344630182.avi|0,3344630182.avi,Train,0,0,149,0,4966
Train|3344630182.avi|1,3344630182.avi,Train,1,150,299,5000,9966
Train|3344630184.avi|0,3344630184.avi,Train,0,0,149,0,4966
Train|3344630184.avi|1,3344630184.avi,Train,1,150,299,5000,9966
Train|3344630185.avi|0,3344630185.avi,Train,0,0,149,0,4966
Train|3344630185.avi|1,3344630185.avi,Train,1,150,299,5000,9966
Train|3344630186.avi|0,3344630186.avi,Train,0,0,149,0,4966
Train|3344630186.avi|1,3344630186.avi,Train,1,150,299,5000,9966
Train|3344630188.avi|0,3344630188.avi,Train,0,0,149,0,4966
Train|3344630188.avi|1,3344630188.avi,Train,1,150,299,5000,9966
Train|3344630189.avi|0,3344630189.avi,Train,0,0,149,0,4966
Train|3344630189.avi|1,3344630189.avi,Train,1,150,299,5000,9966
Train|334463019.avi|0,334463019.avi,Train,0,0,149,0,4966
Train|334463019.avi|1,334463019.avi,Train,1,150,299,5000,9966
Train|3344630190.avi|0,3344630190.avi,Train,0,0,149,0,4966
Train|3344630190.avi|1,3344630190.avi,Train,1,150,299,5000,9966
Train|3344630196.avi|0,3344630196.avi,Train,0,0,149,0,4966
Train|3344630196.avi|1,3344630196.avi,Train,1,150,299,5000,9966
Train|3344630197.avi|0,3344630197.avi,Train,0,0,149,0,4966
Train|3344630197.avi|1,3344630197.avi,Train,1,150,299,5000,9966
Train|3344630198.avi|0,3344630198.avi,Train,0,0,149,0,4966
Train|3344630198.avi|1,3344630198.avi,Train,1,150,299,5000,9966
Train|3344630199.avi|0,3344630199.avi,Train,0,0,149,0,4966
Train|3344630199.avi|1,3344630199.avi,Train,1,150,299,5000,9966
Train|334463021.avi|0,334463021.avi,Train,0,0,149,0,4966
Train|334463021.avi|1,334463021.avi,Train,1,150,299,5000,9966
Train|3344630210.avi|0,3344630210.avi,Train,0,0,149,0,4966
Train|3344630210.avi|1,3344630210.avi,Train,1,150,299,5000,9966
Train|3344630211.avi|0,3344630211.avi,Train,0,0,149,0,4966
Train|3344630211.avi|1,3344630211.avi,Train,1,150,299,5000,9966
Train|3344630213.avi|0,3344630213.avi,Train,0,0,149,0,4966
Train|3344630213.avi|1,3344630213.avi,Train,1,150,299,5000,9966
Train|3344630215.avi|0,3344630215.avi,Train,0,0,149,0,4966
Train|3344630215.avi|1,3344630215.avi,Train,1,150,299,5000,9966
Train|3344630216.avi|0,3344630216.avi,Train,0,0,149,0,4966
Train|3344630216.avi|1,3344630216.avi,Train,1,150,299,5000,9966
Train|3344630219.avi|0,3344630219.avi,Train,0,0,149,0,4966
Train|3344630219.avi|1,3344630219.avi,Train,1,150,299,5000,9966
Train|334463022.avi|0,334463022.avi,Train,0,0,149,0,4966
Train|334463022.avi|1,334463022.avi,Train,1,150,299,5000,9966
Train|3344630220.avi|0,3344630220.avi,Train,0,0,149,0,4966
Train|3344630220.avi|1,3344630220.avi,Train,1,150,299,5000,9966
Train|3344630221.avi|0,3344630221.avi,Train,0,0,149,0,4966
Train|3344630221.avi|1,3344630221.avi,Train,1,150,299,5000,9966
Train|3344630224.avi|0,3344630224.avi,Train,0,0,149,0,4966
Train|3344630224.avi|1,3344630224.avi,Train,1,150,299,5000,9966
Train|3344630225.avi|0,3344630225.avi,Train,0,0,149,0,4966
Train|3344630225.avi|1,3344630225.avi,Train,1,150,299,5000,9966
Train|3344630226.avi|0,3344630226.avi,Train,0,0,149,0,4966
Train|3344630226.avi|1,3344630226.avi,Train,1,150,299,5000,9966
Train|3344630231.avi|0,3344630231.avi,Train,0,0,149,0,4966
Train|3344630231.avi|1,3344630231.avi,Train,1,150,299,5000,9966
Train|3344630232.avi|0,3344630232.avi,Train,0,0,149,0,4966
Train|3344630232.avi|1,3344630232.avi,Train,1,150,299,5000,9966
Train|3344630233.avi|0,3344630233.avi,Train,0,0,149,0,4966
Train|3344630233.avi|1,3344630233.avi,Train,1,150,299,5000,9966
Train|3344630236.avi|0,3344630236.avi,Train,0,0,149,0,4966
Train|3344630236.avi|1,3344630236.avi,Train,1,150,299,5000,9966
Train|3344630238.avi|0,3344630238.avi,Train,0,0,149,0,4966
Train|3344630238.avi|1,3344630238.avi,Train,1,150,299,5000,9966
Train|3344630240.avi|0,3344630240.avi,Train,0,0,149,0,4966
Train|3344630240.avi|1,3344630240.avi,Train,1,150,299,5000,9966
Train|3344630241.avi|0,3344630241.avi,Train,0,0,149,0,4966
Train|3344630241.avi|1,3344630241.avi,Train,1,150,299,5000,9966
Train|3344630242.avi|0,3344630242.avi,Train,0,0,149,0,4966
Train|3344630242.avi|1,3344630242.avi,Train,1,150,299,5000,9966
Train|3344630243.avi|0,3344630243.avi,Train,0,0,149,0,4966
Train|3344630243.avi|1,3344630243.avi,Train,1,150,299,5000,9966
Train|3344630245.avi|0,3344630245.avi,Train,0,0,149,0,4966
Train|3344630245.avi|1,3344630245.avi,Train,1,150,299,5000,9966
Train|3344630247.avi|0,3344630247.avi,Train,0,0,149,0,4966
Train|3344630247.avi|1,3344630247.avi,Train,1,150,299,5000,9966
Train|3344630248.avi|0,3344630248.avi,Train,0,0,149,0,4966
Train|3344630248.avi|1,3344630248.avi,Train,1,150,299,5000,9966
Train|334463025.avi|0,334463025.avi,Train,0,0,149,0,4966
Train|334463025.avi|1,334463025.avi,Train,1,150,299,5000,9966
Train|3344630251.avi|0,3344630251.avi,Train,0,0,149,0,4966
Train|3344630251.avi|1,3344630251.avi,Train,1,150,299,5000,9966
Train|3344630252.avi|0,3344630252.avi,Train,0,0,149,0,4966
Train|3344630252.avi|1,3344630252.avi,Train,1,150,299,5000,9966
Train|3344630255.avi|0,3344630255.avi,Train,0,0,149,0,4966
Train|3344630255.avi|1,3344630255.avi,Train,1,150,299,5000,9966
Train|3344630257.avi|0,3344630257.avi,Train,0,0,149,0,4966
Train|3344630257.avi|1,3344630257.avi,Train,1,150,299,5000,9966
Train|334463026.avi|0,334463026.avi,Train,0,0,149,0,4966
Train|334463026.avi|1,334463026.avi,Train,1,150,299,5000,9966
Train|3344630260.avi|0,3344630260.avi,Train,0,0,149,0,4966
Train|3344630260.avi|1,3344630260.avi,Train,1,150,299,5000,9966
Train|3344630262.avi|0,3344630262.avi,Train,0,0,149,0,4966
Train|3344630262.avi|1,3344630262.avi,Train,1,150,299,5000,9966
Train|3344630264.avi|0,3344630264.avi,Train,0,0,149,0,4966
Train|3344630264.avi|1,3344630264.avi,Train,1,150,299,5000,9966
Train|3344630265.avi|0,3344630265.avi,Train,0,0,149,0,4966
Train|3344630265.avi|1,3344630265.avi,Train,1,150,299,5000,9966
Train|3344630266.avi|0,3344630266.avi,Train,0,0,149,0,4966
Train|3344630266.avi|1,3344630266.avi,Train,1,150,299,5000,9966
Train|3344630267.avi|0,3344630267.avi,Train,0,0,149,0,4966
Train|3344630267.avi|1,3344630267.avi,Train,1,150,299,5000,9966
Train|334463027.avi|0,334463027.avi,Train,0,0,149,0,4966
Train|334463027.avi|1,334463027.avi,Train,1,150,299,5000,9966
Train|3344630270.avi|0,3344630270.avi,Train,0,0,149,0,4966
Train|3344630270.avi|1,3344630270.avi,Train,1,150,299,5000,9966
Train|3344630271.avi|0,3344630271.avi,Train,0,0,149,0,4966
Train|3344630271.avi|1,3344630271.avi,Train,1,150,299,5000,9966
Train|3344630273.avi|0,3344630273.avi,Train,0,0,149,0,4966
Train|3344630273.avi|1,3344630273.avi,Train,1,150,299,5000,9966
Train|3344630276.avi|0,3344630276.avi,Train,0,0,149,0,4966
Train|3344630276.avi|1,3344630276.avi,Train,1,150,299,5000,9966
Train|3344630278.avi|0,3344630278.avi,Train,0,0,149,0,4966
Train|3344630278.avi|1,3344630278.avi,Train,1,150,299,5000,9966
Train|334463028.avi|0,334463028.avi,Train,0,0,149,0,4966
Train|334463028.avi|1,334463028.avi,Train,1,150,299,5000,9966
Train|3344630280.avi|0,3344630280.avi,Train,0,0,149,0,4966
Train|3344630280.avi|1,3344630280.avi,Train,1,150,299,5000,9966
Train|3344630281.avi|0,3344630281.avi,Train,0,0,149,0,4966
Train|3344630281.avi|1,3344630281.avi,Train,1,150,299,5000,9966
Train|3344630282.avi|0,3344630282.avi,Train,0,0,149,0,4966
Train|3344630282.avi|1,3344630282.avi,Train,1,150,299,5000,9966
Train|334463029.avi|0,334463029.avi,Train,0,0,149,0,4966
Train|334463029.avi|1,334463029.avi,Train,1,150,299,5000,9966
Train|33702101100.mp4|0,33702101100.mp4,Train,0,0,149,0,4966
Train|33702101100.mp4|1,33702101100.mp4,Train,1,150,299,5000,9966
Train|33702101110.mp4|0,33702101110.mp4,Train,0,0,149,0,4966
Train|33702101110.mp4|1,33702101110.mp4,Train,1,150,299,5000,9966
Train|33702101130.mp4|0,33702101130.mp4,Train,0,0,149,0,4966
Train|33702101130.mp4|1,33702101130.mp4,Train,1,150,299,5000,9966
Train|33702101140.mp4|0,33702101140.mp4,Train,0,0,149,0,4966
Train|33702101140.mp4|1,33702101140.mp4,Train,1,150,299,5000,9966
Train|33702101150.mp4|0,33702101150.mp4,Train,0,0,149,0,4966
Train|33702101150.mp4|1,33702101150.mp4,Train,1,150,299,5000,9966
Train|33702101180.mp4|0,33702101180.mp4,Train,0,0,149,0,4966
Train|33702101180.mp4|1,33702101180.mp4,Train,1,150,299,5000,9966
Train|33702101200.mp4|0,33702101200.mp4,Train,0,0,149,0,4966
Train|33702101200.mp4|1,33702101200.mp4,Train,1,150,299,5000,9966
Train|33702101210.mp4|0,33702101210.mp4,Train,0,0,149,0,4966
Train|33702101210.mp4|1,33702101210.mp4,Train,1,150,299,5000,9966
Train|33702101250.mp4|0,33702101250.mp4,Train,0,0,149,0,4966
Train|33702101250.mp4|1,33702101250.mp4,Train,1,150,299,5000,9966
Train|33702101260.mp4|0,33702101260.mp4,Train,0,0,149,0,4966
Train|33702101260.mp4|1,33702101260.mp4,Train,1,150,299,5000,9966
Train|33702101270.mp4|0,33702101270.mp4,Train,0,0,149,0,4966
Train|33702101270.mp4|1,33702101270.mp4,Train,1,150,299,5000,9966
Train|33702101280.mp4|0,33702101280.mp4,Train,0,0,149,0,4966
Train|33702101280.mp4|1,33702101280.mp4,Train,1,150,299,5000,9966
Train|33702101290.mp4|0,33702101290.mp4,Train,0,0,149,0,4966
Train|33702101290.mp4|1,33702101290.mp4,Train,1,150,299,5000,9966
Train|33702101300.mp4|0,33702101300.mp4,Train,0,0,149,0,4966
Train|33702101300.mp4|1,33702101300.mp4,Train,1,150,299,5000,9966
Train|33702101340.mp4|0,33702101340.mp4,Train,0,0,149,0,4966
Train|33702101340.mp4|1,33702101340.mp4,Train,1,150,299,5000,9966
Train|33702101350.mp4|0,33702101350.mp4,Train,0,0,149,0,4966
Train|33702101350.mp4|1,33702101350.mp4,Train,1,150,299,5000,9966
Train|33702101360.mp4|0,33702101360.mp4,Train,0,0,149,0,4966
Train|33702101360.mp4|1,33702101360.mp4,Train,1,150,299,5000,9966
Train|33702101370.mp4|0,33702101370.mp4,Train,0,0,149,0,4966
Train|33702101370.mp4|1,33702101370.mp4,Train,1,150,299,5000,9966
Train|33702101410.mp4|0,33702101410.mp4,Train,0,0,149,0,4966
Train|33702101410.mp4|1,33702101410.mp4,Train,1,150,299,5000,9966
Train|33702101430.mp4|0,33702101430.mp4,Train,0,0,149,0,4966
Train|33702101430.mp4|1,33702101430.mp4,Train,1,150,299,5000,9966
Train|33702101450.mp4|0,33702101450.mp4,Train,0,0,149,0,4966
Train|33702101450.mp4|1,33702101450.mp4,Train,1,150,299,5000,9966
Train|33702101460.mp4|0,33702101460.mp4,Train,0,0,149,0,4966
Train|33702101460.mp4|1,33702101460.mp4,Train,1,150,299,5000,9966
Train|33702101470.mp4|0,33702101470.mp4,Train,0,0,149,0,4966
Train|33702101470.mp4|1,33702101470.mp4,Train,1,150,299,5000,9966
Train|33702101480.mp4|0,33702101480.mp4,Train,0,0,149,0,4966
Train|33702101480.mp4|1,33702101480.mp4,Train,1,150,299,5000,9966
Train|33702101490.mp4|0,33702101490.mp4,Train,0,0,149,0,4966
Train|33702101490.mp4|1,33702101490.mp4,Train,1,150,299,5000,9966
Train|3370210150.mp4|0,3370210150.mp4,Train,0,0,149,0,4966
Train|3370210150.mp4|1,3370210150.mp4,Train,1,150,299,5000,9966
Train|33702101500.mp4|0,33702101500.mp4,Train,0,0,149,0,4966
Train|33702101500.mp4|1,33702101500.mp4,Train,1,150,299,5000,9966
Train|33702101530.mp4|0,33702101530.mp4,Train,0,0,149,0,4966
Train|33702101530.mp4|1,33702101530.mp4,Train,1,150,299,5000,9966
Train|33702101540.mp4|0,33702101540.mp4,Train,0,0,149,0,4966
Train|33702101540.mp4|1,33702101540.mp4,Train,1,150,299,5000,9966
Train|33702101550.mp4|0,33702101550.mp4,Train,0,0,149,0,4966
Train|33702101550.mp4|1,33702101550.mp4,Train,1,150,299,5000,9966
Train|33702101580.mp4|0,33702101580.mp4,Train,0,0,149,0,4966
Train|33702101580.mp4|1,33702101580.mp4,Train,1,150,299,5000,9966
Train|33702101590.mp4|0,33702101590.mp4,Train,0,0,149,0,4966
Train|33702101590.mp4|1,33702101590.mp4,Train,1,150,299,5000,9966
Train|33702101600.mp4|0,33702101600.mp4,Train,0,0,149,0,4966
Train|33702101600.mp4|1,33702101600.mp4,Train,1,150,299,5000,9966
Train|33702101620.mp4|0,33702101620.mp4,Train,0,0,149,0,4966
Train|33702101620.mp4|1,33702101620.mp4,Train,1,150,299,5000,9966
Train|33702101630.mp4|0,33702101630.mp4,Train,0,0,149,0,4966
Train|33702101630.mp4|1,33702101630.mp4,Train,1,150,299,5000,9966
Train|33702101640.mp4|0,33702101640.mp4,Train,0,0,149,0,4966
Train|33702101640.mp4|1,33702101640.mp4,Train,1,150,299,5000,9966
Train|33702101650.mp4|0,33702101650.mp4,Train,0,0,149,0,4966
Train|33702101650.mp4|1,33702101650.mp4,Train,1,150,299,5000,9966
Train|33702101660.mp4|0,33702101660.mp4,Train,0,0,149,0,4966
Train|33702101660.mp4|1,33702101660.mp4,Train,1,150,299,5000,9966
Train|33702101700.mp4|0,33702101700.mp4,Train,0,0,149,0,4966
Train|33702101700.mp4|1,33702101700.mp4,Train,1,150,299,5000,9966
Train|33702101710.mp4|0,33702101710.mp4,Train,0,0,149,0,4966
Train|33702101710.mp4|1,33702101710.mp4,Train,1,150,299,5000,9966
Train|33702101730.mp4|0,33702101730.mp4,Train,0,0,149,0,4966
Train|33702101730.mp4|1,33702101730.mp4,Train,1,150,299,5000,9966
Train|33702101740.mp4|0,33702101740.mp4,Train,0,0,149,0,4966
Train|33702101740.mp4|1,33702101740.mp4,Train,1,150,299,5000,9966
Train|33702101750.mp4|0,33702101750.mp4,Train,0,0,149,0,4966
Train|33702101750.mp4|1,33702101750.mp4,Train,1,150,299,5000,9966
Train|33702101760.mp4|0,33702101760.mp4,Train,0,0,149,0,4966
Train|33702101760.mp4|1,33702101760.mp4,Train,1,150,299,5000,9966
Train|3370210180.mp4|0,3370210180.mp4,Train,0,0,149,0,4966
Train|3370210180.mp4|1,3370210180.mp4,Train,1,150,299,5000,9966
Train|33702102100.mp4|0,33702102100.mp4,Train,0,0,149,0,4966
Train|33702102100.mp4|1,33702102100.mp4,Train,1,150,299,5000,9966
Train|33702102110.mp4|0,33702102110.mp4,Train,0,0,149,0,4966
Train|33702102110.mp4|1,33702102110.mp4,Train,1,150,299,5000,9966
Train|33702102130.mp4|0,33702102130.mp4,Train,0,0,149,0,4966
Train|33702102130.mp4|1,33702102130.mp4,Train,1,150,299,5000,9966
Train|33702102140.mp4|0,33702102140.mp4,Train,0,0,149,0,4966
Train|33702102140.mp4|1,33702102140.mp4,Train,1,150,299,5000,9966
Train|33702102160.mp4|0,33702102160.mp4,Train,0,0,149,0,4966
Train|33702102160.mp4|1,33702102160.mp4,Train,1,150,299,5000,9966
Train|33702102170.mp4|0,33702102170.mp4,Train,0,0,149,0,4966
Train|33702102170.mp4|1,33702102170.mp4,Train,1,150,299,5000,9966
Train|33702102180.mp4|0,33702102180.mp4,Train,0,0,149,0,4966
Train|33702102180.mp4|1,33702102180.mp4,Train,1,150,299,5000,9966
Train|33702102190.mp4|0,33702102190.mp4,Train,0,0,149,0,4966
Train|33702102190.mp4|1,33702102190.mp4,Train,1,150,299,5000,9966
Train|33702102200.mp4|0,33702102200.mp4,Train,0,0,149,0,4966
Train|33702102200.mp4|1,33702102200.mp4,Train,1,150,299,5000,9966
Train|33702102220.mp4|0,33702102220.mp4,Train,0,0,149,0,4966
Train|33702102220.mp4|1,33702102220.mp4,Train,1,150,299,5000,9966
Train|33702102230.mp4|0,33702102230.mp4,Train,0,0,149,0,4966
Train|33702102230.mp4|1,33702102230.mp4,Train,1,150,299,5000,9966
Train|33702102240.mp4|0,33702102240.mp4,Train,0,0,149,0,4966
Train|33702102240.mp4|1,33702102240.mp4,Train,1,150,299,5000,9966
Train|33702102250.mp4|0,33702102250.mp4,Train,0,0,149,0,4966
Train|33702102250.mp4|1,33702102250.mp4,Train,1,150,299,5000,9966
Train|33702102280.mp4|0,33702102280.mp4,Train,0,0,149,0,4966
Train|33702102280.mp4|1,33702102280.mp4,Train,1,150,299,5000,9966
Train|3370210230.mp4|0,3370210230.mp4,Train,0,0,149,0,4966
Train|3370210230.mp4|1,3370210230.mp4,Train,1,150,299,5000,9966
Train|33702102300.mp4|0,33702102300.mp4,Train,0,0,149,0,4966
Train|33702102300.mp4|1,33702102300.mp4,Train,1,150,299,5000,9966
Train|33702102310.mp4|0,33702102310.mp4,Train,0,0,149,0,4966
Train|33702102310.mp4|1,33702102310.mp4,Train,1,150,299,5000,9966
Train|33702102330.mp4|0,33702102330.mp4,Train,0,0,149,0,4966
Train|33702102330.mp4|1,33702102330.mp4,Train,1,150,299,5000,9966
Train|33702102350.mp4|0,33702102350.mp4,Train,0,0,149,0,4966
Train|33702102350.mp4|1,33702102350.mp4,Train,1,150,299,5000,9966
Train|33702102390.mp4|0,33702102390.mp4,Train,0,0,149,0,4966
Train|33702102390.mp4|1,33702102390.mp4,Train,1,150,299,5000,9966
Train|3370210240.mp4|0,3370210240.mp4,Train,0,0,149,0,4966
Train|3370210240.mp4|1,3370210240.mp4,Train,1,150,299,5000,9966
Train|33702102400.mp4|0,33702102400.mp4,Train,0,0,149,0,4966
Train|33702102400.mp4|1,33702102400.mp4,Train,1,150,299,5000,9966
Train|33702102420.mp4|0,33702102420.mp4,Train,0,0,149,0,4966
Train|33702102420.mp4|1,33702102420.mp4,Train,1,150,299,5000,9966
Train|33702102430.mp4|0,33702102430.mp4,Train,0,0,149,0,4966
Train|33702102430.mp4|1,33702102430.mp4,Train,1,150,299,5000,9966
Train|33702102470.mp4|0,33702102470.mp4,Train,0,0,149,0,4966
Train|33702102470.mp4|1,33702102470.mp4,Train,1,150,299,5000,9966
Train|33702102500.mp4|0,33702102500.mp4,Train,0,0,149,0,4966
Train|33702102500.mp4|1,33702102500.mp4,Train,1,150,299,5000,9966
Train|33702102530.mp4|0,33702102530.mp4,Train,0,0,149,0,4966
Train|33702102530.mp4|1,33702102530.mp4,Train,1,150,299,5000,9966
Train|33702102540.mp4|0,33702102540.mp4,Train,0,0,149,0,4966
Train|33702102540.mp4|1,33702102540.mp4,Train,1,150,299,5000,9966
Train|33702102550.mp4|0,33702102550.mp4,Train,0,0,149,0,4966
Train|33702102550.mp4|1,33702102550.mp4,Train,1,150,299,5000,9966
Train|33702102570.mp4|0,33702102570.mp4,Train,0,0,149,0,4966
Train|33702102570.mp4|1,33702102570.mp4,Train,1,150,299,5000,9966
Train|33702102580.mp4|0,33702102580.mp4,Train,0,0,149,0,4966
Train|33702102580.mp4|1,33702102580.mp4,Train,1,150,299,5000,9966
Train|33702102590.mp4|0,33702102590.mp4,Train,0,0,149,0,4966
Train|33702102590.mp4|1,33702102590.mp4,Train,1,150,299,5000,9966
Train|3370210260.mp4|0,3370210260.mp4,Train,0,0,149,0,4966
Train|3370210260.mp4|1,3370210260.mp4,Train,1,150,299,5000,9966
Train|33702102600.mp4|0,33702102600.mp4,Train,0,0,149,0,4966
Train|33702102600.mp4|1,33702102600.mp4,Train,1,150,299,5000,9966
Train|33702102640.mp4|0,33702102640.mp4,Train,0,0,149,0,4966
Train|33702102640.mp4|1,33702102640.mp4,Train,1,150,299,5000,9966
Train|33702102670.mp4|0,33702102670.mp4,Train,0,0,149,0,4966
Train|33702102670.mp4|1,33702102670.mp4,Train,1,150,299,5000,9966
Train|33702102690.mp4|0,33702102690.mp4,Train,0,0,149,0,4966
Train|33702102690.mp4|1,33702102690.mp4,Train,1,150,299,5000,9966
Train|33702102710.mp4|0,33702102710.mp4,Train,0,0,149,0,4966
Train|33702102710.mp4|1,33702102710.mp4,Train,1,150,299,5000,9966
Train|33702102740.mp4|0,33702102740.mp4,Train,0,0,149,0,4966
Train|33702102740.mp4|1,33702102740.mp4,Train,1,150,299,5000,9966
Train|3370210280.mp4|0,3370210280.mp4,Train,0,0,149,0,4966
Train|3370210280.mp4|1,3370210280.mp4,Train,1,150,299,5000,9966
Train|33702102820.mp4|0,33702102820.mp4,Train,0,0,149,0,4966
Train|33702102820.mp4|1,33702102820.mp4,Train,1,150,299,5000,9966
Train|33702102840.mp4|0,33702102840.mp4,Train,0,0,149,0,4966
Train|33702102840.mp4|1,33702102840.mp4,Train,1,150,299,5000,9966
Train|33702102850.mp4|0,33702102850.mp4,Train,0,0,149,0,4966
Train|33702102850.mp4|1,33702102850.mp4,Train,1,150,299,5000,9966
Train|33702102870.mp4|0,33702102870.mp4,Train,0,0,149,0,4966
Train|33702102870.mp4|1,33702102870.mp4,Train,1,150,299,5000,9966
Train|33702102880.mp4|0,33702102880.mp4,Train,0,0,149,0,4966
Train|33702102880.mp4|1,33702102880.mp4,Train,1,150,299,5000,9966
Train|342227010.avi|0,342227010.avi,Train,0,0,149,0,4966
Train|342227010.avi|1,342227010.avi,Train,1,150,299,5000,9966
Train|342227011.avi|0,342227011.avi,Train,0,0,149,0,4966
Train|342227011.avi|1,342227011.avi,Train,1,150,299,5000,9966
Train|3422270111.avi|0,3422270111.avi,Train,0,0,149,0,4966
Train|3422270111.avi|1,3422270111.avi,Train,1,150,299,5000,9966
Train|3422270112.avi|0,3422270112.avi,Train,0,0,149,0,4966
Train|3422270112.avi|1,3422270112.avi,Train,1,150,299,5000,9966
Train|3422270115.avi|0,3422270115.avi,Train,0,0,149,0,4966
Train|3422270115.avi|1,3422270115.avi,Train,1,150,299,5000,9966
Train|3422270116.avi|0,3422270116.avi,Train,0,0,149,0,4966
Train|3422270116.avi|1,3422270116.avi,Train,1,150,299,5000,9966
Train|3422270117.avi|0,3422270117.avi,Train,0,0,149,0,4966
Train|3422270117.avi|1,3422270117.avi,Train,1,150,299,5000,9966
Train|3422270118.avi|0,3422270118.avi,Train,0,0,149,0,4966
Train|3422270118.avi|1,3422270118.avi,Train,1,150,299,5000,9966
Train|3422270121.avi|0,3422270121.avi,Train,0,0,149,0,4966
Train|3422270121.avi|1,3422270121.avi,Train,1,150,299,5000,9966
Train|3422270122.avi|0,3422270122.avi,Train,0,0,149,0,4966
Train|3422270122.avi|1,3422270122.avi,Train,1,150,299,5000,9966
Train|3422270123.avi|0,3422270123.avi,Train,0,0,149,0,4966
Train|3422270123.avi|1,3422270123.avi,Train,1,150,299,5000,9966
Train|3422270126.avi|0,3422270126.avi,Train,0,0,149,0,4966
Train|3422270126.avi|1,3422270126.avi,Train,1,150,299,5000,9966
Train|3422270127.avi|0,3422270127.avi,Train,0,0,149,0,4966
Train|3422270127.avi|1,3422270127.avi,Train,1,150,299,5000,9966
Train|3422270128.avi|0,3422270128.avi,Train,0,0,149,0,4966
Train|3422270128.avi|1,3422270128.avi,Train,1,150,299,5000,9966
Train|3422270129.avi|0,3422270129.avi,Train,0,0,149,0,4966
Train|3422270129.avi|1,3422270129.avi,Train,1,150,299,5000,9966
Train|342227013.avi|0,342227013.avi,Train,0,0,149,0,4966
Train|342227013.avi|1,342227013.avi,Train,1,150,299,5000,9966
Train|3422270130.avi|0,3422270130.avi,Train,0,0,149,0,4966
Train|3422270130.avi|1,3422270130.avi,Train,1,150,299,5000,9966
Train|3422270131.avi|0,3422270131.avi,Train,0,0,149,0,4966
Train|3422270131.avi|1,3422270131.avi,Train,1,150,299,5000,9966
Train|3422270133.avi|0,3422270133.avi,Train,0,0,149,0,4966
Train|3422270133.avi|1,3422270133.avi,Train,1,150,299,5000,9966
Train|3422270134.avi|0,3422270134.avi,Train,0,0,149,0,4966
Train|3422270134.avi|1,3422270134.avi,Train,1,150,299,5000,9966
Train|3422270135.avi|0,3422270135.avi,Train,0,0,149,0,4966
Train|3422270135.avi|1,3422270135.avi,Train,1,150,299,5000,9966
Train|3422270138.avi|0,3422270138.avi,Train,0,0,149,0,4966
Train|3422270138.avi|1,3422270138.avi,Train,1,150,299,5000,9966
Train|3422270139.avi|0,3422270139.avi,Train,0,0,149,0,4966
Train|3422270139.avi|1,3422270139.avi,Train,1,150,299,5000,9966
Train|3422270140.avi|0,3422270140.avi,Train,0,0,149,0,4966
Train|3422270140.avi|1,3422270140.avi,Train,1,150,299,5000,9966
Train|3422270141.avi|0,3422270141.avi,Train,0,0,149,0,4966
Train|3422270141.avi|1,3422270141.avi,Train,1,150,299,5000,9966
Train|3422270142.avi|0,3422270142.avi,Train,0,0,149,0,4966
Train|3422270142.avi|1,3422270142.avi,Train,1,150,299,5000,9966
Train|3422270143.avi|0,3422270143.avi,Train,0,0,149,0,4966
Train|3422270143.avi|1,3422270143.avi,Train,1,150,299,5000,9966
Train|3422270144.avi|0,3422270144.avi,Train,0,0,149,0,4966
Train|3422270144.avi|1,3422270144.avi,Train,1,150,299,5000,9966
Train|3422270149.avi|0,3422270149.avi,Train,0,0,149,0,4966
Train|3422270149.avi|1,3422270149.avi,Train,1,150,299,5000,9966
Train|3422270151.avi|0,3422270151.avi,Train,0,0,149,0,4966
Train|3422270151.avi|1,3422270151.avi,Train,1,150,299,5000,9966
Train|3422270152.avi|0,3422270152.avi,Train,0,0,149,0,4966
Train|3422270152.avi|1,3422270152.avi,Train,1,150,299,5000,9966
Train|3422270153.avi|0,3422270153.avi,Train,0,0,149,0,4966
Train|3422270153.avi|1,3422270153.avi,Train,1,150,299,5000,9966
Train|3422270154.avi|0,3422270154.avi,Train,0,0,149,0,4966
Train|3422270154.avi|1,3422270154.avi,Train,1,150,299,5000,9966
Train|3422270155.avi|0,3422270155.avi,Train,0,0,149,0,4966
Train|3422270155.avi|1,3422270155.avi,Train,1,150,299,5000,9966
Train|3422270157.avi|0,3422270157.avi,Train,0,0,149,0,4966
Train|3422270157.avi|1,3422270157.avi,Train,1,150,299,5000,9966
Train|3422270158.avi|0,3422270158.avi,Train,0,0,149,0,4966
Train|3422270158.avi|1,3422270158.avi,Train,1,150,299,5000,9966
Train|3422270160.avi|0,3422270160.avi,Train,0,0,149,0,4966
Train|3422270160.avi|1,3422270160.avi,Train,1,150,299,5000,9966
Train|3422270165.avi|0,3422270165.avi,Train,0,0,149,0,4966
Train|3422270165.avi|1,3422270165.avi,Train,1,150,299,5000,9966
Train|3422270166.avi|0,3422270166.avi,Train,0,0,149,0,4966
Train|3422270166.avi|1,3422270166.avi,Train,1,150,299,5000,9966
Train|3422270167.avi|0,3422270167.avi,Train,0,0,149,0,4966
Train|3422270167.avi|1,3422270167.avi,Train,1,150,299,5000,9966
Train|3422270168.avi|0,3422270168.avi,Train,0,0,149,0,4966
Train|3422270168.avi|1,3422270168.avi,Train,1,150,299,5000,9966
Train|3422270169.avi|0,3422270169.avi,Train,0,0,149,0,4966
Train|3422270169.avi|1,3422270169.avi,Train,1,150,299,5000,9966
Train|3422270171.avi|0,3422270171.avi,Train,0,0,149,0,4966
Train|3422270171.avi|1,3422270171.avi,Train,1,150,299,5000,9966
Train|3422270172.avi|0,3422270172.avi,Train,0,0,149,0,4966
Train|3422270172.avi|1,3422270172.avi,Train,1,150,299,5000,9966
Train|342227020.avi|0,342227020.avi,Train,0,0,149,0,4966
Train|342227020.avi|1,342227020.avi,Train,1,150,299,5000,9966
Train|342227021.avi|0,342227021.avi,Train,0,0,149,0,4966
Train|342227021.avi|1,342227021.avi,Train,1,150,299,5000,9966
Train|3422270210.avi|0,3422270210.avi,Train,0,0,149,0,4966
Train|3422270210.avi|1,3422270210.avi,Train,1,150,299,5000,9966
Train|3422270211.avi|0,3422270211.avi,Train,0,0,149,0,4966
Train|3422270211.avi|1,3422270211.avi,Train,1,150,299,5000,9966
Train|3422270212.avi|0,3422270212.avi,Train,0,0,149,0,4966
Train|3422270212.avi|1,3422270212.avi,Train,1,150,299,5000,9966
Train|3422270213.avi|0,3422270213.avi,Train,0,0,149,0,4966
Train|3422270213.avi|1,3422270213.avi,Train,1,150,299,5000,9966
Train|3422270215.avi|0,3422270215.avi,Train,0,0,149,0,4966
Train|3422270215.avi|1,3422270215.avi,Train,1,150,299,5000,9966
Train|3422270216.avi|0,3422270216.avi,Train,0,0,149,0,4966
Train|3422270216.avi|1,3422270216.avi,Train,1,150,299,5000,9966
Train|3422270217.avi|0,3422270217.avi,Train,0,0,149,0,4966
Train|3422270217.avi|1,3422270217.avi,Train,1,150,299,5000,9966
Train|3422270219.avi|0,3422270219.avi,Train,0,0,149,0,4966
Train|3422270219.avi|1,3422270219.avi,Train,1,150,299,5000,9966
Train|3422270220.avi|0,3422270220.avi,Train,0,0,149,0,4966
Train|3422270220.avi|1,3422270220.avi,Train,1,150,299,5000,9966
Train|3422270221.avi|0,3422270221.avi,Train,0,0,149,0,4966
Train|3422270221.avi|1,3422270221.avi,Train,1,150,299,5000,9966
Train|3422270222.avi|0,3422270222.avi,Train,0,0,149,0,4966
Train|3422270222.avi|1,3422270222.avi,Train,1,150,299,5000,9966
Train|3422270223.avi|0,3422270223.avi,Train,0,0,149,0,4966
Train|3422270223.avi|1,3422270223.avi,Train,1,150,299,5000,9966
Train|3422270224.avi|0,3422270224.avi,Train,0,0,149,0,4966
Train|3422270224.avi|1,3422270224.avi,Train,1,150,299,5000,9966
Train|3422270225.avi|0,3422270225.avi,Train,0,0,149,0,4966
Train|3422270225.avi|1,3422270225.avi,Train,1,150,299,5000,9966
Train|3422270227.avi|0,3422270227.avi,Train,0,0,149,0,4966
Train|3422270227.avi|1,3422270227.avi,Train,1,150,299,5000,9966
Train|342227023.avi|0,342227023.avi,Train,0,0,149,0,4966
Train|342227023.avi|1,342227023.avi,Train,1,150,299,5000,9966
Train|3422270230.avi|0,3422270230.avi,Train,0,0,149,0,4966
Train|3422270230.avi|1,3422270230.avi,Train,1,150,299,5000,9966
Train|3422270238.avi|0,3422270238.avi,Train,0,0,149,0,4966
Train|3422270238.avi|1,3422270238.avi,Train,1,150,299,5000,9966
Train|3422270239.avi|0,3422270239.avi,Train,0,0,149,0,4966
Train|3422270239.avi|1,3422270239.avi,Train,1,150,299,5000,9966
Train|342227024.avi|0,342227024.avi,Train,0,0,149,0,4966
Train|342227024.avi|1,342227024.avi,Train,1,150,299,5000,9966
Train|3422270240.avi|0,3422270240.avi,Train,0,0,149,0,4966
Train|3422270240.avi|1,3422270240.avi,Train,1,150,299,5000,9966
Train|3422270241.avi|0,3422270241.avi,Train,0,0,149,0,4966
Train|3422270241.avi|1,3422270241.avi,Train,1,150,299,5000,9966
Train|3422270242.avi|0,3422270242.avi,Train,0,0,149,0,4966
Train|3422270242.avi|1,3422270242.avi,Train,1,150,299,5000,9966
Train|3422270244.avi|0,3422270244.avi,Train,0,0,149,0,4966
Train|3422270244.avi|1,3422270244.avi,Train,1,150,299,5000,9966
Train|3422270245.avi|0,3422270245.avi,Train,0,0,149,0,4966
Train|3422270245.avi|1,3422270245.avi,Train,1,150,299,5000,9966
Train|3422270246.avi|0,3422270246.avi,Train,0,0,149,0,4966
Train|3422270246.avi|1,3422270246.avi,Train,1,150,299,5000,9966
Train|3422270247.avi|0,3422270247.avi,Train,0,0,149,0,4966
Train|3422270247.avi|1,3422270247.avi,Train,1,150,299,5000,9966
Train|3422270249.avi|0,3422270249.avi,Train,0,0,149,0,4966
Train|3422270249.avi|1,3422270249.avi,Train,1,150,299,5000,9966
Train|342227025.avi|0,342227025.avi,Train,0,0,149,0,4966
Train|342227025.avi|1,342227025.avi,Train,1,150,299,5000,9966
Train|3422270250.avi|0,3422270250.avi,Train,0,0,149,0,4966
Train|3422270250.avi|1,3422270250.avi,Train,1,150,299,5000,9966
Train|3422270251.avi|0,3422270251.avi,Train,0,0,149,0,4966
Train|3422270251.avi|1,3422270251.avi,Train,1,150,299,5000,9966
Train|3422270252.avi|0,3422270252.avi,Train,0,0,149,0,4966
Train|3422270252.avi|1,3422270252.avi,Train,1,150,299,5000,9966
Train|3422270253.avi|0,3422270253.avi,Train,0,0,149,0,4966
Train|3422270253.avi|1,3422270253.avi,Train,1,150,299,5000,9966
Train|3422270254.avi|0,3422270254.avi,Train,0,0,149,0,4966
Train|3422270254.avi|1,3422270254.avi,Train,1,150,299,5000,9966
Train|3422270255.avi|0,3422270255.avi,Train,0,0,149,0,4966
Train|3422270255.avi|1,3422270255.avi,Train,1,150,299,5000,9966
Train|3422270256.avi|0,3422270256.avi,Train,0,0,149,0,4966
Train|3422270256.avi|1,3422270256.avi,Train,1,150,299,5000,9966
Train|3422270257.avi|0,3422270257.avi,Train,0,0,149,0,4966
Train|3422270257.avi|1,3422270257.avi,Train,1,150,299,5000,9966
Train|3422270261.avi|0,3422270261.avi,Train,0,0,149,0,4966
Train|3422270261.avi|1,3422270261.avi,Train,1,150,299,5000,9966
Train|3422270262.avi|0,3422270262.avi,Train,0,0,149,0,4966
Train|3422270262.avi|1,3422270262.avi,Train,1,150,299,5000,9966
Train|3422270263.avi|0,3422270263.avi,Train,0,0,149,0,4966
Train|3422270263.avi|1,3422270263.avi,Train,1,150,299,5000,9966
Train|3422270264.avi|0,3422270264.avi,Train,0,0,149,0,4966
Train|3422270264.avi|1,3422270264.avi,Train,1,150,299,5000,9966
Train|3422270267.avi|0,3422270267.avi,Train,0,0,149,0,4966
Train|3422270267.avi|1,3422270267.avi,Train,1,150,299,5000,9966
Train|3422270268.avi|0,3422270268.avi,Train,0,0,149,0,4966
Train|3422270268.avi|1,3422270268.avi,Train,1,150,299,5000,9966
Train|3422270269.avi|0,3422270269.avi,Train,0,0,149,0,4966
Train|3422270269.avi|1,3422270269.avi,Train,1,150,299,5000,9966
Train|342227027.avi|0,342227027.avi,Train,0,0,149,0,4966
Train|342227027.avi|1,342227027.avi,Train,1,150,299,5000,9966
Train|3422270274.avi|0,3422270274.avi,Train,0,0,149,0,4966
Train|3422270274.avi|1,3422270274.avi,Train,1,150,299,5000,9966
Train|3422270278.avi|0,3422270278.avi,Train,0,0,149,0,4966
Train|3422270278.avi|1,3422270278.avi,Train,1,150,299,5000,9966
Train|3422270279.avi|0,3422270279.avi,Train,0,0,149,0,4966
Train|3422270279.avi|1,3422270279.avi,Train,1,150,299,5000,9966
Train|3422270280.avi|0,3422270280.avi,Train,0,0,149,0,4966
Train|3422270280.avi|1,3422270280.avi,Train,1,150,299,5000,9966
Train|3422270281.avi|0,3422270281.avi,Train,0,0,149,0,4966
Train|3422270281.avi|1,3422270281.avi,Train,1,150,299,5000,9966
Train|342227029.avi|0,342227029.avi,Train,0,0,149,0,4966
Train|342227029.avi|1,342227029.avi,Train,1,150,299,5000,9966
Train|350361011.avi|0,350361011.avi,Train,0,0,149,0,4966
Train|350361011.avi|1,350361011.avi,Train,1,150,299,5000,9966
Train|3503610110.avi|0,3503610110.avi,Train,0,0,149,0,4966
Train|3503610110.avi|1,3503610110.avi,Train,1,150,299,5000,9966
Train|3503610111.avi|0,3503610111.avi,Train,0,0,149,0,4966
Train|3503610111.avi|1,3503610111.avi,Train,1,150,299,5000,9966
Train|3503610112.avi|0,3503610112.avi,Train,0,0,149,0,4966
Train|3503610112.avi|1,3503610112.avi,Train,1,150,299,5000,9966
Train|3503610113.avi|0,3503610113.avi,Train,0,0,149,0,4966
Train|3503610113.avi|1,3503610113.avi,Train,1,150,299,5000,9966
Train|3503610114.avi|0,3503610114.avi,Train,0,0,149,0,4966
Train|3503610114.avi|1,3503610114.avi,Train,1,150,299,5000,9966
Train|3503610115.avi|0,3503610115.avi,Train,0,0,149,0,4966
Train|3503610115.avi|1,3503610115.avi,Train,1,150,299,5000,9966
Train|3503610116.avi|0,3503610116.avi,Train,0,0,149,0,4966
Train|3503610116.avi|1,3503610116.avi,Train,1,150,299,5000,9966
Train|3503610117.avi|0,3503610117.avi,Train,0,0,149,0,4966
Train|3503610117.avi|1,3503610117.avi,Train,1,150,299,5000,9966
Train|3503610118.avi|0,3503610118.avi,Train,0,0,149,0,4966
Train|3503610118.avi|1,3503610118.avi,Train,1,150,299,5000,9966
Train|3503610119.avi|0,3503610119.avi,Train,0,0,149,0,4966
Train|3503610119.avi|1,3503610119.avi,Train,1,150,299,5000,9966
Train|350361012.avi|0,350361012.avi,Train,0,0,149,0,4966
Train|350361012.avi|1,350361012.avi,Train,1,150,299,5000,9966
Train|3503610120.avi|0,3503610120.avi,Train,0,0,149,0,4966
Train|3503610120.avi|1,3503610120.avi,Train,1,150,299,5000,9966
Train|3503610121.avi|0,3503610121.avi,Train,0,0,149,0,4966
Train|3503610121.avi|1,3503610121.avi,Train,1,150,299,5000,9966
Train|3503610122.avi|0,3503610122.avi,Train,0,0,149,0,4966
Train|3503610122.avi|1,3503610122.avi,Train,1,150,299,5000,9966
Train|3503610123.avi|0,3503610123.avi,Train,0,0,149,0,4966
Train|3503610123.avi|1,3503610123.avi,Train,1,150,299,5000,9966
Train|3503610124.avi|0,3503610124.avi,Train,0,0,149,0,4966
Train|3503610124.avi|1,3503610124.avi,Train,1,150,299,5000,9966
Train|3503610125.avi|0,3503610125.avi,Train,0,0,149,0,4966
Train|3503610125.avi|1,3503610125.avi,Train,1,150,299,5000,9966
Train|3503610126.avi|0,3503610126.avi,Train,0,0,149,0,4966
Train|3503610126.avi|1,3503610126.avi,Train,1,150,299,5000,9966
Train|3503610127.avi|0,3503610127.avi,Train,0,0,149,0,4966
Train|3503610127.avi|1,3503610127.avi,Train,1,150,299,5000,9966
Train|3503610128.avi|0,3503610128.avi,Train,0,0,149,0,4966
Train|3503610128.avi|1,3503610128.avi,Train,1,150,299,5000,9966
Train|3503610129.avi|0,3503610129.avi,Train,0,0,149,0,4966
Train|3503610129.avi|1,3503610129.avi,Train,1,150,299,5000,9966
Train|350361013.avi|0,350361013.avi,Train,0,0,149,0,4966
Train|350361013.avi|1,350361013.avi,Train,1,150,299,5000,9966
Train|3503610130.avi|0,3503610130.avi,Train,0,0,149,0,4966
Train|3503610130.avi|1,3503610130.avi,Train,1,150,299,5000,9966
Train|3503610131.avi|0,3503610131.avi,Train,0,0,149,0,4966
Train|3503610131.avi|1,3503610131.avi,Train,1,150,299,5000,9966
Train|3503610132.avi|0,3503610132.avi,Train,0,0,149,0,4966
Train|3503610132.avi|1,3503610132.avi,Train,1,150,299,5000,9966
Train|3503610133.avi|0,3503610133.avi,Train,0,0,149,0,4966
Train|3503610133.avi|1,3503610133.avi,Train,1,150,299,5000,9966
Train|3503610134.avi|0,3503610134.avi,Train,0,0,149,0,4966
Train|3503610134.avi|1,3503610134.avi,Train,1,150,299,5000,9966
Train|3503610135.avi|0,3503610135.avi,Train,0,0,149,0,4966
Train|3503610135.avi|1,3503610135.avi,Train,1,150,299,5000,9966
Train|3503610136.avi|0,3503610136.avi,Train,0,0,149,0,4966
Train|3503610136.avi|1,3503610136.avi,Train,1,150,299,5000,9966
Train|3503610137.avi|0,3503610137.avi,Train,0,0,149,0,4966
Train|3503610137.avi|1,3503610137.avi,Train,1,150,299,5000,9966
Train|3503610138.avi|0,3503610138.avi,Train,0,0,149,0,4966
Train|3503610138.avi|1,3503610138.avi,Train,1,150,299,5000,9966
Train|3503610139.avi|0,3503610139.avi,Train,0,0,149,0,4966
Train|3503610139.avi|1,3503610139.avi,Train,1,150,299,5000,9966
Train|350361014.avi|0,350361014.avi,Train,0,0,149,0,4966
Train|350361014.avi|1,350361014.avi,Train,1,150,299,5000,9966
Train|3503610140.avi|0,3503610140.avi,Train,0,0,149,0,4966
Train|3503610140.avi|1,3503610140.avi,Train,1,150,299,5000,9966
Train|3503610141.avi|0,3503610141.avi,Train,0,0,149,0,4966
Train|3503610141.avi|1,3503610141.avi,Train,1,150,299,5000,9966
Train|3503610142.avi|0,3503610142.avi,Train,0,0,149,0,4966
Train|3503610142.avi|1,3503610142.avi,Train,1,150,299,5000,9966
Train|3503610143.avi|0,3503610143.avi,Train,0,0,149,0,4966
Train|3503610143.avi|1,3503610143.avi,Train,1,150,299,5000,9966
Train|3503610144.avi|0,3503610144.avi,Train,0,0,149,0,4966
Train|3503610144.avi|1,3503610144.avi,Train,1,150,299,5000,9966
Train|3503610145.avi|0,3503610145.avi,Train,0,0,149,0,4966
Train|3503610145.avi|1,3503610145.avi,Train,1,150,299,5000,9966
Train|3503610146.avi|0,3503610146.avi,Train,0,0,149,0,4966
Train|3503610146.avi|1,3503610146.avi,Train,1,150,299,5000,9966
Train|3503610147.avi|0,3503610147.avi,Train,0,0,149,0,4966
Train|3503610147.avi|1,3503610147.avi,Train,1,150,299,5000,9966
Train|3503610148.avi|0,3503610148.avi,Train,0,0,149,0,4966
Train|3503610148.avi|1,3503610148.avi,Train,1,150,299,5000,9966
Train|3503610149.avi|0,3503610149.avi,Train,0,0,149,0,4966
Train|3503610149.avi|1,3503610149.avi,Train,1,150,299,5000,9966
Train|350361015.avi|0,350361015.avi,Train,0,0,149,0,4966
Train|350361015.avi|1,350361015.avi,Train,1,150,299,5000,9966
Train|3503610150.avi|0,3503610150.avi,Train,0,0,149,0,4966
Train|3503610150.avi|1,3503610150.avi,Train,1,150,299,5000,9966
Train|3503610151.avi|0,3503610151.avi,Train,0,0,149,0,4966
Train|3503610151.avi|1,3503610151.avi,Train,1,150,299,5000,9966
Train|3503610152.avi|0,3503610152.avi,Train,0,0,149,0,4966
Train|3503610152.avi|1,3503610152.avi,Train,1,150,299,5000,9966
Train|3503610154.avi|0,3503610154.avi,Train,0,0,149,0,4966
Train|3503610154.avi|1,3503610154.avi,Train,1,150,299,5000,9966
Train|3503610156.avi|0,3503610156.avi,Train,0,0,149,0,4966
Train|3503610156.avi|1,3503610156.avi,Train,1,150,299,5000,9966
Train|3503610157.avi|0,3503610157.avi,Train,0,0,149,0,4966
Train|3503610157.avi|1,3503610157.avi,Train,1,150,299,5000,9966
Train|3503610158.avi|0,3503610158.avi,Train,0,0,149,0,4966
Train|3503610158.avi|1,3503610158.avi,Train,1,150,299,5000,9966
Train|350361016.avi|0,350361016.avi,Train,0,0,149,0,4966
Train|350361016.avi|1,350361016.avi,Train,1,150,299,5000,9966
Train|3503610163.avi|0,3503610163.avi,Train,0,0,149,0,4966
Train|3503610163.avi|1,3503610163.avi,Train,1,150,299,5000,9966
Train|3503610168.avi|0,3503610168.avi,Train,0,0,149,0,4966
Train|3503610168.avi|1,3503610168.avi,Train,1,150,299,5000,9966
Train|350361017.avi|0,350361017.avi,Train,0,0,149,0,4966
Train|350361017.avi|1,350361017.avi,Train,1,150,299,5000,9966
Train|350361019.avi|0,350361019.avi,Train,0,0,149,0,4966
Train|350361019.avi|1,350361019.avi,Train,1,150,299,5000,9966
Train|350361021.avi|0,350361021.avi,Train,0,0,149,0,4966
Train|350361021.avi|1,350361021.avi,Train,1,150,299,5000,9966
Train|3503610210.avi|0,3503610210.avi,Train,0,0,149,0,4966
Train|3503610210.avi|1,3503610210.avi,Train,1,150,299,5000,9966
Train|3503610212.avi|0,3503610212.avi,Train,0,0,149,0,4966
Train|3503610212.avi|1,3503610212.avi,Train,1,150,299,5000,9966
Train|3503610213.avi|0,3503610213.avi,Train,0,0,149,0,4966
Train|3503610213.avi|1,3503610213.avi,Train,1,150,299,5000,9966
Train|3503610214.avi|0,3503610214.avi,Train,0,0,149,0,4966
Train|3503610214.avi|1,3503610214.avi,Train,1,150,299,5000,9966
Train|3503610217.avi|0,3503610217.avi,Train,0,0,149,0,4966
Train|3503610217.avi|1,3503610217.avi,Train,1,150,299,5000,9966
Train|350361022.avi|0,350361022.avi,Train,0,0,149,0,4966
Train|350361022.avi|1,350361022.avi,Train,1,150,299,5000,9966
Train|3503610223.avi|0,3503610223.avi,Train,0,0,149,0,4966
Train|3503610223.avi|1,3503610223.avi,Train,1,150,299,5000,9966
Train|3503610224.avi|0,3503610224.avi,Train,0,0,149,0,4966
Train|3503610224.avi|1,3503610224.avi,Train,1,150,299,5000,9966
Train|3503610225.avi|0,3503610225.avi,Train,0,0,149,0,4966
Train|3503610225.avi|1,3503610225.avi,Train,1,150,299,5000,9966
Train|3503610226.avi|0,3503610226.avi,Train,0,0,149,0,4966
Train|3503610226.avi|1,3503610226.avi,Train,1,150,299,5000,9966
Train|3503610227.avi|0,3503610227.avi,Train,0,0,149,0,4966
Train|3503610227.avi|1,3503610227.avi,Train,1,150,299,5000,9966
Train|3503610228.avi|0,3503610228.avi,Train,0,0,149,0,4966
Train|3503610228.avi|1,3503610228.avi,Train,1,150,299,5000,9966
Train|350361023.avi|0,350361023.avi,Train,0,0,149,0,4966
Train|350361023.avi|1,350361023.avi,Train,1,150,299,5000,9966
Train|3503610230.avi|0,3503610230.avi,Train,0,0,149,0,4966
Train|3503610230.avi|1,3503610230.avi,Train,1,150,299,5000,9966
Train|3503610231.avi|0,3503610231.avi,Train,0,0,149,0,4966
Train|3503610231.avi|1,3503610231.avi,Train,1,150,299,5000,9966
Train|3503610233.avi|0,3503610233.avi,Train,0,0,149,0,4966
Train|3503610233.avi|1,3503610233.avi,Train,1,150,299,5000,9966
Train|3503610234.avi|0,3503610234.avi,Train,0,0,149,0,4966
Train|3503610234.avi|1,3503610234.avi,Train,1,150,299,5000,9966
Train|3503610235.avi|0,3503610235.avi,Train,0,0,149,0,4966
Train|3503610235.avi|1,3503610235.avi,Train,1,150,299,5000,9966
Train|3503610236.avi|0,3503610236.avi,Train,0,0,149,0,4966
Train|3503610236.avi|1,3503610236.avi,Train,1,150,299,5000,9966
Train|3503610237.avi|0,3503610237.avi,Train,0,0,149,0,4966
Train|3503610237.avi|1,3503610237.avi,Train,1,150,299,5000,9966
Train|3503610238.avi|0,3503610238.avi,Train,0,0,149,0,4966
Train|3503610238.avi|1,3503610238.avi,Train,1,150,299,5000,9966
Train|350361024.avi|0,350361024.avi,Train,0,0,149,0,4966
Train|350361024.avi|1,350361024.avi,Train,1,150,299,5000,9966
Train|3503610240.avi|0,3503610240.avi,Train,0,0,149,0,4966
Train|3503610240.avi|1,3503610240.avi,Train,1,150,299,5000,9966
Train|3503610241.avi|0,3503610241.avi,Train,0,0,149,0,4966
Train|3503610241.avi|1,3503610241.avi,Train,1,150,299,5000,9966
Train|3503610242.avi|0,3503610242.avi,Train,0,0,149,0,4966
Train|3503610242.avi|1,3503610242.avi,Train,1,150,299,5000,9966
Train|3503610245.avi|0,3503610245.avi,Train,0,0,149,0,4966
Train|3503610245.avi|1,3503610245.avi,Train,1,150,299,5000,9966
Train|3503610246.avi|0,3503610246.avi,Train,0,0,149,0,4966
Train|3503610246.avi|1,3503610246.avi,Train,1,150,299,5000,9966
Train|3503610248.avi|0,3503610248.avi,Train,0,0,149,0,4966
Train|3503610248.avi|1,3503610248.avi,Train,1,150,299,5000,9966
Train|3503610250.avi|0,3503610250.avi,Train,0,0,149,0,4966
Train|3503610250.avi|1,3503610250.avi,Train,1,150,299,5000,9966
Train|3503610251.avi|0,3503610251.avi,Train,0,0,149,0,4966
Train|3503610251.avi|1,3503610251.avi,Train,1,150,299,5000,9966
Train|3503610252.avi|0,3503610252.avi,Train,0,0,149,0,4966
Train|3503610252.avi|1,3503610252.avi,Train,1,150,299,5000,9966
Train|3503610253.avi|0,3503610253.avi,Train,0,0,149,0,4966
Train|3503610253.avi|1,3503610253.avi,Train,1,150,299,5000,9966
Train|3503610254.avi|0,3503610254.avi,Train,0,0,149,0,4966
Train|3503610254.avi|1,3503610254.avi,Train,1,150,299,5000,9966
Train|3503610255.avi|0,3503610255.avi,Train,0,0,149,0,4966
Train|3503610255.avi|1,3503610255.avi,Train,1,150,299,5000,9966
Train|3503610256.avi|0,3503610256.avi,Train,0,0,149,0,4966
Train|3503610256.avi|1,3503610256.avi,Train,1,150,299,5000,9966
Train|3503610257.avi|0,3503610257.avi,Train,0,0,149,0,4966
Train|3503610257.avi|1,3503610257.avi,Train,1,150,299,5000,9966
Train|350361026.avi|0,350361026.avi,Train,0,0,149,0,4966
Train|350361026.avi|1,350361026.avi,Train,1,150,299,5000,9966
Train|3503610260.avi|0,3503610260.avi,Train,0,0,149,0,4966
Train|3503610260.avi|1,3503610260.avi,Train,1,150,299,5000,9966
Train|3503610261.avi|0,3503610261.avi,Train,0,0,149,0,4966
Train|3503610261.avi|1,3503610261.avi,Train,1,150,299,5000,9966
Train|3503610264.avi|0,3503610264.avi,Train,0,0,149,0,4966
Train|3503610264.avi|1,3503610264.avi,Train,1,150,299,5000,9966
Train|3503610265.avi|0,3503610265.avi,Train,0,0,149,0,4966
Train|3503610265.avi|1,3503610265.avi,Train,1,150,299,5000,9966
Train|3503610266.avi|0,3503610266.avi,Train,0,0,149,0,4966
Train|3503610266.avi|1,3503610266.avi,Train,1,150,299,5000,9966
Train|3503610267.avi|0,3503610267.avi,Train,0,0,149,0,4966
Train|3503610267.avi|1,3503610267.avi,Train,1,150,299,5000,9966
Train|3503610268.avi|0,3503610268.avi,Train,0,0,149,0,4966
Train|3503610268.avi|1,3503610268.avi,Train,1,150,299,5000,9966
Train|3503610269.avi|0,3503610269.avi,Train,0,0,149,0,4966
Train|3503610269.avi|1,3503610269.avi,Train,1,150,299,5000,9966
Train|3503610270.avi|0,3503610270.avi,Train,0,0,149,0,4966
Train|3503610270.avi|1,3503610270.avi,Train,1,150,299,5000,9966
Train|3503610272.avi|0,3503610272.avi,Train,0,0,149,0,4966
Train|3503610272.avi|1,3503610272.avi,Train,1,150,299,5000,9966
Train|3503610273.avi|0,3503610273.avi,Train,0,0,149,0,4966
Train|3503610273.avi|1,3503610273.avi,Train,1,150,299,5000,9966
Train|3503610275.avi|0,3503610275.avi,Train,0,0,149,0,4966
Train|3503610275.avi|1,3503610275.avi,Train,1,150,299,5000,9966
Train|3503610276.avi|0,3503610276.avi,Train,0,0,149,0,4966
Train|3503610276.avi|1,3503610276.avi,Train,1,150,299,5000,9966
Train|3503610277.avi|0,3503610277.avi,Train,0,0,149,0,4966
Train|3503610277.avi|1,3503610277.avi,Train,1,150,299,5000,9966
Train|3503610278.avi|0,3503610278.avi,Train,0,0,149,0,4966
Train|3503610278.avi|1,3503610278.avi,Train,1,150,299,5000,9966
Train|3503610279.avi|0,3503610279.avi,Train,0,0,149,0,4966
Train|3503610279.avi|1,3503610279.avi,Train,1,150,299,5000,9966
Train|350361028.avi|0,350361028.avi,Train,0,0,149,0,4966
Train|350361028.avi|1,350361028.avi,Train,1,150,299,5000,9966
Train|350361029.avi|0,350361029.avi,Train,0,0,149,0,4966
Train|350361029.avi|1,350361029.avi,Train,1,150,299,5000,9966
Train|4000181002.avi|0,4000181002.avi,Train,0,0,149,0,4966
Train|4000181002.avi|1,4000181002.avi,Train,1,150,299,5000,9966
Train|4000181004.avi|0,4000181004.avi,Train,0,0,149,0,4966
Train|4000181004.avi|1,4000181004.avi,Train,1,150,299,5000,9966
Train|4000181005.avi|0,4000181005.avi,Train,0,0,149,0,4966
Train|4000181005.avi|1,4000181005.avi,Train,1,150,299,5000,9966
Train|4000181006.avi|0,4000181006.avi,Train,0,0,149,0,4966
Train|4000181006.avi|1,4000181006.avi,Train,1,150,299,5000,9966
Train|4000181007.avi|0,4000181007.avi,Train,0,0,149,0,4966
Train|4000181007.avi|1,4000181007.avi,Train,1,150,299,5000,9966
Train|4000181008.avi|0,4000181008.avi,Train,0,0,149,0,4966
Train|4000181008.avi|1,4000181008.avi,Train,1,150,299,5000,9966
Train|4000181010.avi|0,4000181010.avi,Train,0,0,149,0,4966
Train|4000181010.avi|1,4000181010.avi,Train,1,150,299,5000,9966
Train|4000181011.avi|0,4000181011.avi,Train,0,0,149,0,4966
Train|4000181011.avi|1,4000181011.avi,Train,1,150,299,5000,9966
Train|4000181012.avi|0,4000181012.avi,Train,0,0,149,0,4966
Train|4000181012.avi|1,4000181012.avi,Train,1,150,299,5000,9966
Train|4000181013.avi|0,4000181013.avi,Train,0,0,149,0,4966
Train|4000181013.avi|1,4000181013.avi,Train,1,150,299,5000,9966
Train|4000181014.avi|0,4000181014.avi,Train,0,0,149,0,4966
Train|4000181014.avi|1,4000181014.avi,Train,1,150,299,5000,9966
Train|4000181015.avi|0,4000181015.avi,Train,0,0,149,0,4966
Train|4000181015.avi|1,4000181015.avi,Train,1,150,299,5000,9966
Train|4000181016.avi|0,4000181016.avi,Train,0,0,149,0,4966
Train|4000181016.avi|1,4000181016.avi,Train,1,150,299,5000,9966
Train|4000181017.avi|0,4000181017.avi,Train,0,0,149,0,4966
Train|4000181017.avi|1,4000181017.avi,Train,1,150,299,5000,9966
Train|4000181019.avi|0,4000181019.avi,Train,0,0,149,0,4966
Train|4000181019.avi|1,4000181019.avi,Train,1,150,299,5000,9966
Train|4000181020.avi|0,4000181020.avi,Train,0,0,149,0,4966
Train|4000181020.avi|1,4000181020.avi,Train,1,150,299,5000,9966
Train|4000181022.avi|0,4000181022.avi,Train,0,0,149,0,4966
Train|4000181022.avi|1,4000181022.avi,Train,1,150,299,5000,9966
Train|4000181023.avi|0,4000181023.avi,Train,0,0,149,0,4966
Train|4000181023.avi|1,4000181023.avi,Train,1,150,299,5000,9966
Train|4000181024.avi|0,4000181024.avi,Train,0,0,149,0,4966
Train|4000181024.avi|1,4000181024.avi,Train,1,150,299,5000,9966
Train|4000181026.avi|0,4000181026.avi,Train,0,0,149,0,4966
Train|4000181026.avi|1,4000181026.avi,Train,1,150,299,5000,9966
Train|4000181027.avi|0,4000181027.avi,Train,0,0,149,0,4966
Train|4000181027.avi|1,4000181027.avi,Train,1,150,299,5000,9966
Train|4000181028.avi|0,4000181028.avi,Train,0,0,149,0,4966
Train|4000181028.avi|1,4000181028.avi,Train,1,150,299,5000,9966
Train|4000181029.avi|0,4000181029.avi,Train,0,0,149,0,4966
Train|4000181029.avi|1,4000181029.avi,Train,1,150,299,5000,9966
Train|4000181030.avi|0,4000181030.avi,Train,0,0,149,0,4966
Train|4000181030.avi|1,4000181030.avi,Train,1,150,299,5000,9966
Train|4000181031.avi|0,4000181031.avi,Train,0,0,149,0,4966
Train|4000181031.avi|1,4000181031.avi,Train,1,150,299,5000,9966
Train|4000181032.avi|0,4000181032.avi,Train,0,0,149,0,4966
Train|4000181032.avi|1,4000181032.avi,Train,1,150,299,5000,9966
Train|4000181033.avi|0,4000181033.avi,Train,0,0,149,0,4966
Train|4000181033.avi|1,4000181033.avi,Train,1,150,299,5000,9966
Train|4000181035.avi|0,4000181035.avi,Train,0,0,149,0,4966
Train|4000181035.avi|1,4000181035.avi,Train,1,150,299,5000,9966
Train|4000181036.avi|0,4000181036.avi,Train,0,0,149,0,4966
Train|4000181036.avi|1,4000181036.avi,Train,1,150,299,5000,9966
Train|4000181037.avi|0,4000181037.avi,Train,0,0,149,0,4966
Train|4000181037.avi|1,4000181037.avi,Train,1,150,299,5000,9966
Train|4000181039.avi|0,4000181039.avi,Train,0,0,149,0,4966
Train|4000181039.avi|1,4000181039.avi,Train,1,150,299,5000,9966
Train|4000181041.avi|0,4000181041.avi,Train,0,0,149,0,4966
Train|4000181041.avi|1,4000181041.avi,Train,1,150,299,5000,9966
Train|4000181042.avi|0,4000181042.avi,Train,0,0,149,0,4966
Train|4000181042.avi|1,4000181042.avi,Train,1,150,299,5000,9966
Train|4000181043.avi|0,4000181043.avi,Train,0,0,149,0,4966
Train|4000181043.avi|1,4000181043.avi,Train,1,150,299,5000,9966
Train|4000181044.avi|0,4000181044.avi,Train,0,0,149,0,4966
Train|4000181044.avi|1,4000181044.avi,Train,1,150,299,5000,9966
Train|4000181045.avi|0,4000181045.avi,Train,0,0,149,0,4966
Train|4000181045.avi|1,4000181045.avi,Train,1,150,299,5000,9966
Train|4000181046.avi|0,4000181046.avi,Train,0,0,149,0,4966
Train|4000181046.avi|1,4000181046.avi,Train,1,150,299,5000,9966
Train|4000181047.avi|0,4000181047.avi,Train,0,0,149,0,4966
Train|4000181047.avi|1,4000181047.avi,Train,1,150,299,5000,9966
Train|4000181048.avi|0,4000181048.avi,Train,0,0,149,0,4966
Train|4000181048.avi|1,4000181048.avi,Train,1,150,299,5000,9966
Train|4000181049.avi|0,4000181049.avi,Train,0,0,149,0,4966
Train|4000181049.avi|1,4000181049.avi,Train,1,150,299,5000,9966
Train|4000181053.avi|0,4000181053.avi,Train,0,0,149,0,4966
Train|4000181053.avi|1,4000181053.avi,Train,1,150,299,5000,9966
Train|4000181054.avi|0,4000181054.avi,Train,0,0,149,0,4966
Train|4000181054.avi|1,4000181054.avi,Train,1,150,299,5000,9966
Train|4000181055.avi|0,4000181055.avi,Train,0,0,149,0,4966
Train|4000181055.avi|1,4000181055.avi,Train,1,150,299,5000,9966
Train|4000181056.avi|0,4000181056.avi,Train,0,0,149,0,4966
Train|4000181056.avi|1,4000181056.avi,Train,1,150,299,5000,9966
Train|4000181057.avi|0,4000181057.avi,Train,0,0,149,0,4966
Train|4000181057.avi|1,4000181057.avi,Train,1,150,299,5000,9966
Train|4000181060.avi|0,4000181060.avi,Train,0,0,149,0,4966
Train|4000181060.avi|1,4000181060.avi,Train,1,150,299,5000,9966
Train|4000181061.avi|0,4000181061.avi,Train,0,0,149,0,4966
Train|4000181061.avi|1,4000181061.avi,Train,1,150,299,5000,9966
Train|4000181062.avi|0,4000181062.avi,Train,0,0,149,0,4966
Train|4000181062.avi|1,4000181062.avi,Train,1,150,299,5000,9966
Train|4000181063.avi|0,4000181063.avi,Train,0,0,149,0,4966
Train|4000181063.avi|1,4000181063.avi,Train,1,150,299,5000,9966
Train|4000181064.avi|0,4000181064.avi,Train,0,0,149,0,4966
Train|4000181064.avi|1,4000181064.avi,Train,1,150,299,5000,9966
Train|4000181065.avi|0,4000181065.avi,Train,0,0,149,0,4966
Train|4000181065.avi|1,4000181065.avi,Train,1,150,299,5000,9966
Train|4000181066.avi|0,4000181066.avi,Train,0,0,149,0,4966
Train|4000181066.avi|1,4000181066.avi,Train,1,150,299,5000,9966
Train|4000181067.avi|0,4000181067.avi,Train,0,0,149,0,4966
Train|4000181067.avi|1,4000181067.avi,Train,1,150,299,5000,9966
Train|4000181068.avi|0,4000181068.avi,Train,0,0,149,0,4966
Train|4000181068.avi|1,4000181068.avi,Train,1,150,299,5000,9966
Train|4000181069.avi|0,4000181069.avi,Train,0,0,149,0,4966
Train|4000181069.avi|1,4000181069.avi,Train,1,150,299,5000,9966
Train|4000181070.avi|0,4000181070.avi,Train,0,0,149,0,4966
Train|4000181070.avi|1,4000181070.avi,Train,1,150,299,5000,9966
Train|4000181072.avi|0,4000181072.avi,Train,0,0,149,0,4966
Train|4000181072.avi|1,4000181072.avi,Train,1,150,299,5000,9966
Train|4000181073.avi|0,4000181073.avi,Train,0,0,149,0,4966
Train|4000181073.avi|1,4000181073.avi,Train,1,150,299,5000,9966
Train|4000181074.avi|0,4000181074.avi,Train,0,0,149,0,4966
Train|4000181074.avi|1,4000181074.avi,Train,1,150,299,5000,9966
Train|4000181075.avi|0,4000181075.avi,Train,0,0,149,0,4966
Train|4000181075.avi|1,4000181075.avi,Train,1,150,299,5000,9966
Train|4000181076.avi|0,4000181076.avi,Train,0,0,149,0,4966
Train|4000181076.avi|1,4000181076.avi,Train,1,150,299,5000,9966
Train|4000181077.avi|0,4000181077.avi,Train,0,0,149,0,4966
Train|4000181077.avi|1,4000181077.avi,Train,1,150,299,5000,9966
Train|4000181078.avi|0,4000181078.avi,Train,0,0,149,0,4966
Train|4000181078.avi|1,4000181078.avi,Train,1,150,299,5000,9966
Train|4000181079.avi|0,4000181079.avi,Train,0,0,149,0,4966
Train|4000181079.avi|1,4000181079.avi,Train,1,150,299,5000,9966
Train|4000181080.avi|0,4000181080.avi,Train,0,0,149,0,4966
Train|4000181080.avi|1,4000181080.avi,Train,1,150,299,5000,9966
Train|4000182003.avi|0,4000182003.avi,Train,0,0,149,0,4966
Train|4000182003.avi|1,4000182003.avi,Train,1,150,299,5000,9966
Train|4000182004.avi|0,4000182004.avi,Train,0,0,149,0,4966
Train|4000182004.avi|1,4000182004.avi,Train,1,150,299,5000,9966
Train|4000182005.avi|0,4000182005.avi,Train,0,0,149,0,4966
Train|4000182005.avi|1,4000182005.avi,Train,1,150,299,5000,9966
Train|4000182006.avi|0,4000182006.avi,Train,0,0,149,0,4966
Train|4000182006.avi|1,4000182006.avi,Train,1,150,299,5000,9966
Train|4000182007.avi|0,4000182007.avi,Train,0,0,149,0,4966
Train|4000182007.avi|1,4000182007.avi,Train,1,150,299,5000,9966
Train|4000182008.avi|0,4000182008.avi,Train,0,0,149,0,4966
Train|4000182008.avi|1,4000182008.avi,Train,1,150,299,5000,9966
Train|4000182009.avi|0,4000182009.avi,Train,0,0,149,0,4966
Train|4000182009.avi|1,4000182009.avi,Train,1,150,299,5000,9966
Train|4000182010.avi|0,4000182010.avi,Train,0,0,149,0,4966
Train|4000182010.avi|1,4000182010.avi,Train,1,150,299,5000,9966
Train|4000182011.avi|0,4000182011.avi,Train,0,0,149,0,4966
Train|4000182011.avi|1,4000182011.avi,Train,1,150,299,5000,9966
Train|4000182013.avi|0,4000182013.avi,Train,0,0,149,0,4966
Train|4000182013.avi|1,4000182013.avi,Train,1,150,299,5000,9966
Train|4000182014.avi|0,4000182014.avi,Train,0,0,149,0,4966
Train|4000182014.avi|1,4000182014.avi,Train,1,150,299,5000,9966
Train|4000182015.avi|0,4000182015.avi,Train,0,0,149,0,4966
Train|4000182015.avi|1,4000182015.avi,Train,1,150,299,5000,9966
Train|4000182016.avi|0,4000182016.avi,Train,0,0,149,0,4966
Train|4000182016.avi|1,4000182016.avi,Train,1,150,299,5000,9966
Train|4000182017.avi|0,4000182017.avi,Train,0,0,149,0,4966
Train|4000182017.avi|1,4000182017.avi,Train,1,150,299,5000,9966
Train|4000182018.avi|0,4000182018.avi,Train,0,0,149,0,4966
Train|4000182018.avi|1,4000182018.avi,Train,1,150,299,5000,9966
Train|4000182020.avi|0,4000182020.avi,Train,0,0,149,0,4966
Train|4000182020.avi|1,4000182020.avi,Train,1,150,299,5000,9966
Train|4000182022.avi|0,4000182022.avi,Train,0,0,149,0,4966
Train|4000182022.avi|1,4000182022.avi,Train,1,150,299,5000,9966
Train|4000182024.avi|0,4000182024.avi,Train,0,0,149,0,4966
Train|4000182024.avi|1,4000182024.avi,Train,1,150,299,5000,9966
Train|4000182025.avi|0,4000182025.avi,Train,0,0,149,0,4966
Train|4000182025.avi|1,4000182025.avi,Train,1,150,299,5000,9966
Train|4000182026.avi|0,4000182026.avi,Train,0,0,149,0,4966
Train|4000182026.avi|1,4000182026.avi,Train,1,150,299,5000,9966
Train|4000182027.avi|0,4000182027.avi,Train,0,0,149,0,4966
Train|4000182027.avi|1,4000182027.avi,Train,1,150,299,5000,9966
Train|4000182028.avi|0,4000182028.avi,Train,0,0,149,0,4966
Train|4000182028.avi|1,4000182028.avi,Train,1,150,299,5000,9966
Train|4000182029.avi|0,4000182029.avi,Train,0,0,149,0,4966
Train|4000182029.avi|1,4000182029.avi,Train,1,150,299,5000,9966
Train|4000182030.avi|0,4000182030.avi,Train,0,0,149,0,4966
Train|4000182030.avi|1,4000182030.avi,Train,1,150,299,5000,9966
Train|4000182031.avi|0,4000182031.avi,Train,0,0,149,0,4966
Train|4000182031.avi|1,4000182031.avi,Train,1,150,299,5000,9966
Train|4000182032.avi|0,4000182032.avi,Train,0,0,149,0,4966
Train|4000182032.avi|1,4000182032.avi,Train,1,150,299,5000,9966
Train|4000182033.avi|0,4000182033.avi,Train,0,0,149,0,4966
Train|4000182033.avi|1,4000182033.avi,Train,1,150,299,5000,9966
Train|4000182035.avi|0,4000182035.avi,Train,0,0,149,0,4966
Train|4000182035.avi|1,4000182035.avi,Train,1,150,299,5000,9966
Train|4000182036.avi|0,4000182036.avi,Train,0,0,149,0,4966
Train|4000182036.avi|1,4000182036.avi,Train,1,150,299,5000,9966
Train|4000182037.avi|0,4000182037.avi,Train,0,0,149,0,4966
Train|4000182037.avi|1,4000182037.avi,Train,1,150,299,5000,9966
Train|4000182038.avi|0,4000182038.avi,Train,0,0,149,0,4966
Train|4000182038.avi|1,4000182038.avi,Train,1,150,299,5000,9966
Train|4000182039.avi|0,4000182039.avi,Train,0,0,149,0,4966
Train|4000182039.avi|1,4000182039.avi,Train,1,150,299,5000,9966
Train|4000182040.avi|0,4000182040.avi,Train,0,0,149,0,4966
Train|4000182040.avi|1,4000182040.avi,Train,1,150,299,5000,9966
Train|4000182041.avi|0,4000182041.avi,Train,0,0,149,0,4966
Train|4000182041.avi|1,4000182041.avi,Train,1,150,299,5000,9966
Train|4000182042.avi|0,4000182042.avi,Train,0,0,149,0,4966
Train|4000182042.avi|1,4000182042.avi,Train,1,150,299,5000,9966
Train|4000182044.avi|0,4000182044.avi,Train,0,0,149,0,4966
Train|4000182044.avi|1,4000182044.avi,Train,1,150,299,5000,9966
Train|4000182046.avi|0,4000182046.avi,Train,0,0,149,0,4966
Train|4000182046.avi|1,4000182046.avi,Train,1,150,299,5000,9966
Train|4000182047.avi|0,4000182047.avi,Train,0,0,149,0,4966
Train|4000182047.avi|1,4000182047.avi,Train,1,150,299,5000,9966
Train|4000182049.avi|0,4000182049.avi,Train,0,0,149,0,4966
Train|4000182049.avi|1,4000182049.avi,Train,1,150,299,5000,9966
Train|4000182050.avi|0,4000182050.avi,Train,0,0,149,0,4966
Train|4000182050.avi|1,4000182050.avi,Train,1,150,299,5000,9966
Train|4000182051.avi|0,4000182051.avi,Train,0,0,149,0,4966
Train|4000182051.avi|1,4000182051.avi,Train,1,150,299,5000,9966
Train|4000182053.avi|0,4000182053.avi,Train,0,0,149,0,4966
Train|4000182053.avi|1,4000182053.avi,Train,1,150,299,5000,9966
Train|4000182054.avi|0,4000182054.avi,Train,0,0,149,0,4966
Train|4000182054.avi|1,4000182054.avi,Train,1,150,299,5000,9966
Train|4000182055.avi|0,4000182055.avi,Train,0,0,149,0,4966
Train|4000182055.avi|1,4000182055.avi,Train,1,150,299,5000,9966
Train|4000182058.avi|0,4000182058.avi,Train,0,0,149,0,4966
Train|4000182058.avi|1,4000182058.avi,Train,1,150,299,5000,9966
Train|4000182059.avi|0,4000182059.avi,Train,0,0,149,0,4966
Train|4000182059.avi|1,4000182059.avi,Train,1,150,299,5000,9966
Train|4000182060.avi|0,4000182060.avi,Train,0,0,149,0,4966
Train|4000182060.avi|1,4000182060.avi,Train,1,150,299,5000,9966
Train|4000182062.avi|0,4000182062.avi,Train,0,0,149,0,4966
Train|4000182062.avi|1,4000182062.avi,Train,1,150,299,5000,9966
Train|4000182063.avi|0,4000182063.avi,Train,0,0,149,0,4966
Train|4000182063.avi|1,4000182063.avi,Train,1,150,299,5000,9966
Train|4000182064.avi|0,4000182064.avi,Train,0,0,149,0,4966
Train|4000182064.avi|1,4000182064.avi,Train,1,150,299,5000,9966
Train|4000182067.avi|0,4000182067.avi,Train,0,0,149,0,4966
Train|4000182067.avi|1,4000182067.avi,Train,1,150,299,5000,9966
Train|4000182068.avi|0,4000182068.avi,Train,0,0,149,0,4966
Train|4000182068.avi|1,4000182068.avi,Train,1,150,299,5000,9966
Train|4000182069.avi|0,4000182069.avi,Train,0,0,149,0,4966
Train|4000182069.avi|1,4000182069.avi,Train,1,150,299,5000,9966
Train|401835011.mp4|0,401835011.mp4,Train,0,0,149,0,4966
Train|401835011.mp4|1,401835011.mp4,Train,1,150,299,5000,9966
Train|4018350112.mp4|0,4018350112.mp4,Train,0,0,149,0,4966
Train|4018350112.mp4|1,4018350112.mp4,Train,1,150,299,5000,9966
Train|4018350115.mp4|0,4018350115.mp4,Train,0,0,149,0,4966
Train|4018350115.mp4|1,4018350115.mp4,Train,1,150,299,5000,9966
Train|4018350116.mp4|0,4018350116.mp4,Train,0,0,149,0,4966
Train|4018350116.mp4|1,4018350116.mp4,Train,1,150,299,5000,9966
Train|4018350118.mp4|0,4018350118.mp4,Train,0,0,149,0,4966
Train|4018350118.mp4|1,4018350118.mp4,Train,1,150,299,5000,9966
Train|4018350119.mp4|0,4018350119.mp4,Train,0,0,149,0,4966
Train|4018350119.mp4|1,4018350119.mp4,Train,1,150,299,5000,9966
Train|4018350120.mp4|0,4018350120.mp4,Train,0,0,149,0,4966
Train|4018350120.mp4|1,4018350120.mp4,Train,1,150,299,5000,9966
Train|4018350121.mp4|0,4018350121.mp4,Train,0,0,149,0,4966
Train|4018350121.mp4|1,4018350121.mp4,Train,1,150,299,5000,9966
Train|4018350122.mp4|0,4018350122.mp4,Train,0,0,149,0,4966
Train|4018350122.mp4|1,4018350122.mp4,Train,1,150,299,5000,9966
Train|4018350126.mp4|0,4018350126.mp4,Train,0,0,149,0,4966
Train|4018350126.mp4|1,4018350126.mp4,Train,1,150,299,5000,9966
Train|4018350127.mp4|0,4018350127.mp4,Train,0,0,149,0,4966
Train|4018350127.mp4|1,4018350127.mp4,Train,1,150,299,5000,9966
Train|401835013.mp4|0,401835013.mp4,Train,0,0,149,0,4966
Train|401835013.mp4|1,401835013.mp4,Train,1,150,299,5000,9966
Train|4018350130.mp4|0,4018350130.mp4,Train,0,0,149,0,4966
Train|4018350130.mp4|1,4018350130.mp4,Train,1,150,299,5000,9966
Train|4018350132.mp4|0,4018350132.mp4,Train,0,0,149,0,4966
Train|4018350132.mp4|1,4018350132.mp4,Train,1,150,299,5000,9966
Train|4018350134.mp4|0,4018350134.mp4,Train,0,0,149,0,4966
Train|4018350134.mp4|1,4018350134.mp4,Train,1,150,299,5000,9966
Train|4018350136.mp4|0,4018350136.mp4,Train,0,0,149,0,4966
Train|4018350136.mp4|1,4018350136.mp4,Train,1,150,299,5000,9966
Train|4018350137.mp4|0,4018350137.mp4,Train,0,0,149,0,4966
Train|4018350137.mp4|1,4018350137.mp4,Train,1,150,299,5000,9966
Train|4018350138.mp4|0,4018350138.mp4,Train,0,0,149,0,4966
Train|4018350138.mp4|1,4018350138.mp4,Train,1,150,299,5000,9966
Train|4018350139.mp4|0,4018350139.mp4,Train,0,0,149,0,4966
Train|4018350139.mp4|1,4018350139.mp4,Train,1,150,299,5000,9966
Train|4018350140.mp4|0,4018350140.mp4,Train,0,0,149,0,4966
Train|4018350140.mp4|1,4018350140.mp4,Train,1,150,299,5000,9966
Train|4018350141.mp4|0,4018350141.mp4,Train,0,0,149,0,4966
Train|4018350141.mp4|1,4018350141.mp4,Train,1,150,299,5000,9966
Train|4018350143.mp4|0,4018350143.mp4,Train,0,0,149,0,4966
Train|4018350143.mp4|1,4018350143.mp4,Train,1,150,299,5000,9966
Train|4018350144.mp4|0,4018350144.mp4,Train,0,0,149,0,4966
Train|4018350144.mp4|1,4018350144.mp4,Train,1,150,299,5000,9966
Train|4018350145.mp4|0,4018350145.mp4,Train,0,0,149,0,4966
Train|4018350145.mp4|1,4018350145.mp4,Train,1,150,299,5000,9966
Train|4018350146.mp4|0,4018350146.mp4,Train,0,0,149,0,4966
Train|4018350146.mp4|1,4018350146.mp4,Train,1,150,299,5000,9966
Train|4018350147.mp4|0,4018350147.mp4,Train,0,0,149,0,4966
Train|4018350147.mp4|1,4018350147.mp4,Train,1,150,299,5000,9966
Train|4018350149.mp4|0,4018350149.mp4,Train,0,0,149,0,4966
Train|4018350149.mp4|1,4018350149.mp4,Train,1,150,299,5000,9966
Train|401835015.mp4|0,401835015.mp4,Train,0,0,149,0,4966
Train|401835015.mp4|1,401835015.mp4,Train,1,150,299,5000,9966
Train|4018350150.mp4|0,4018350150.mp4,Train,0,0,149,0,4966
Train|4018350150.mp4|1,4018350150.mp4,Train,1,150,299,5000,9966
Train|4018350152.mp4|0,4018350152.mp4,Train,0,0,149,0,4966
Train|4018350152.mp4|1,4018350152.mp4,Train,1,150,299,5000,9966
Train|4018350156.mp4|0,4018350156.mp4,Train,0,0,149,0,4966
Train|4018350156.mp4|1,4018350156.mp4,Train,1,150,299,5000,9966
Train|4018350157.mp4|0,4018350157.mp4,Train,0,0,149,0,4966
Train|4018350157.mp4|1,4018350157.mp4,Train,1,150,299,5000,9966
Train|4018350159.mp4|0,4018350159.mp4,Train,0,0,149,0,4966
Train|4018350159.mp4|1,4018350159.mp4,Train,1,150,299,5000,9966
Train|4018350160.mp4|0,4018350160.mp4,Train,0,0,149,0,4966
Train|4018350160.mp4|1,4018350160.mp4,Train,1,150,299,5000,9966
Train|4018350161.mp4|0,4018350161.mp4,Train,0,0,149,0,4966
Train|4018350161.mp4|1,4018350161.mp4,Train,1,150,299,5000,9966
Train|4018350162.mp4|0,4018350162.mp4,Train,0,0,149,0,4966
Train|4018350162.mp4|1,4018350162.mp4,Train,1,150,299,5000,9966
Train|4018350163.mp4|0,4018350163.mp4,Train,0,0,149,0,4966
Train|4018350163.mp4|1,4018350163.mp4,Train,1,150,299,5000,9966
Train|4018350166.mp4|0,4018350166.mp4,Train,0,0,149,0,4966
Train|4018350166.mp4|1,4018350166.mp4,Train,1,150,299,5000,9966
Train|4018350167.mp4|0,4018350167.mp4,Train,0,0,149,0,4966
Train|4018350167.mp4|1,4018350167.mp4,Train,1,150,299,5000,9966
Train|401835017.mp4|0,401835017.mp4,Train,0,0,149,0,4966
Train|401835017.mp4|1,401835017.mp4,Train,1,150,299,5000,9966
Train|401835018.mp4|0,401835018.mp4,Train,0,0,149,0,4966
Train|401835018.mp4|1,401835018.mp4,Train,1,150,299,5000,9966
Train|401835021.mp4|0,401835021.mp4,Train,0,0,149,0,4966
Train|401835021.mp4|1,401835021.mp4,Train,1,150,299,5000,9966
Train|4018350213.mp4|0,4018350213.mp4,Train,0,0,149,0,4966
Train|4018350213.mp4|1,4018350213.mp4,Train,1,150,299,5000,9966
Train|4018350215.mp4|0,4018350215.mp4,Train,0,0,149,0,4966
Train|4018350215.mp4|1,4018350215.mp4,Train,1,150,299,5000,9966
Train|4018350217.mp4|0,4018350217.mp4,Train,0,0,149,0,4966
Train|4018350217.mp4|1,4018350217.mp4,Train,1,150,299,5000,9966
Train|4018350219.mp4|0,4018350219.mp4,Train,0,0,149,0,4966
Train|4018350219.mp4|1,4018350219.mp4,Train,1,150,299,5000,9966
Train|4018350220.mp4|0,4018350220.mp4,Train,0,0,149,0,4966
Train|4018350220.mp4|1,4018350220.mp4,Train,1,150,299,5000,9966
Train|4018350221.mp4|0,4018350221.mp4,Train,0,0,149,0,4966
Train|4018350221.mp4|1,4018350221.mp4,Train,1,150,299,5000,9966
Train|4018350222.mp4|0,4018350222.mp4,Train,0,0,149,0,4966
Train|4018350222.mp4|1,4018350222.mp4,Train,1,150,299,5000,9966
Train|4018350223.mp4|0,4018350223.mp4,Train,0,0,149,0,4966
Train|4018350223.mp4|1,4018350223.mp4,Train,1,150,299,5000,9966
Train|4018350224.mp4|0,4018350224.mp4,Train,0,0,149,0,4966
Train|4018350224.mp4|1,4018350224.mp4,Train,1,150,299,5000,9966
Train|4018350225.mp4|0,4018350225.mp4,Train,0,0,149,0,4966
Train|4018350225.mp4|1,4018350225.mp4,Train,1,150,299,5000,9966
Train|4018350226.mp4|0,4018350226.mp4,Train,0,0,149,0,4966
Train|4018350226.mp4|1,4018350226.mp4,Train,1,150,299,5000,9966
Train|4018350227.mp4|0,4018350227.mp4,Train,0,0,149,0,4966
Train|4018350227.mp4|1,4018350227.mp4,Train,1,150,299,5000,9966
Train|4018350231.mp4|0,4018350231.mp4,Train,0,0,149,0,4966
Train|4018350231.mp4|1,4018350231.mp4,Train,1,150,299,5000,9966
Train|4018350232.mp4|0,4018350232.mp4,Train,0,0,149,0,4966
Train|4018350232.mp4|1,4018350232.mp4,Train,1,150,299,5000,9966
Train|4018350233.mp4|0,4018350233.mp4,Train,0,0,149,0,4966
Train|4018350233.mp4|1,4018350233.mp4,Train,1,150,299,5000,9966
Train|4018350234.mp4|0,4018350234.mp4,Train,0,0,149,0,4966
Train|4018350234.mp4|1,4018350234.mp4,Train,1,150,299,5000,9966
Train|4018350236.mp4|0,4018350236.mp4,Train,0,0,149,0,4966
Train|4018350236.mp4|1,4018350236.mp4,Train,1,150,299,5000,9966
Train|4018350239.mp4|0,4018350239.mp4,Train,0,0,149,0,4966
Train|4018350239.mp4|1,4018350239.mp4,Train,1,150,299,5000,9966
Train|401835024.mp4|0,401835024.mp4,Train,0,0,149,0,4966
Train|401835024.mp4|1,401835024.mp4,Train,1,150,299,5000,9966
Train|4018350240.mp4|0,4018350240.mp4,Train,0,0,149,0,4966
Train|4018350240.mp4|1,4018350240.mp4,Train,1,150,299,5000,9966
Train|4018350241.mp4|0,4018350241.mp4,Train,0,0,149,0,4966
Train|4018350241.mp4|1,4018350241.mp4,Train,1,150,299,5000,9966
Train|4018350244.mp4|0,4018350244.mp4,Train,0,0,149,0,4966
Train|4018350244.mp4|1,4018350244.mp4,Train,1,150,299,5000,9966
Train|4018350247.mp4|0,4018350247.mp4,Train,0,0,149,0,4966
Train|4018350247.mp4|1,4018350247.mp4,Train,1,150,299,5000,9966
Train|4018350251.mp4|0,4018350251.mp4,Train,0,0,149,0,4966
Train|4018350251.mp4|1,4018350251.mp4,Train,1,150,299,5000,9966
Train|4018350254.mp4|0,4018350254.mp4,Train,0,0,149,0,4966
Train|4018350254.mp4|1,4018350254.mp4,Train,1,150,299,5000,9966
Train|4018350256.mp4|0,4018350256.mp4,Train,0,0,149,0,4966
Train|4018350256.mp4|1,4018350256.mp4,Train,1,150,299,5000,9966
Train|4018350257.mp4|0,4018350257.mp4,Train,0,0,149,0,4966
Train|4018350257.mp4|1,4018350257.mp4,Train,1,150,299,5000,9966
Train|4018350258.mp4|0,4018350258.mp4,Train,0,0,149,0,4966
Train|4018350258.mp4|1,4018350258.mp4,Train,1,150,299,5000,9966
Train|4018350259.mp4|0,4018350259.mp4,Train,0,0,149,0,4966
Train|4018350259.mp4|1,4018350259.mp4,Train,1,150,299,5000,9966
Train|4018350260.mp4|0,4018350260.mp4,Train,0,0,149,0,4966
Train|4018350260.mp4|1,4018350260.mp4,Train,1,150,299,5000,9966
Train|4018350261.mp4|0,4018350261.mp4,Train,0,0,149,0,4966
Train|4018350261.mp4|1,4018350261.mp4,Train,1,150,299,5000,9966
Train|4018350263.mp4|0,4018350263.mp4,Train,0,0,149,0,4966
Train|4018350263.mp4|1,4018350263.mp4,Train,1,150,299,5000,9966
Train|4018350268.mp4|0,4018350268.mp4,Train,0,0,149,0,4966
Train|4018350268.mp4|1,4018350268.mp4,Train,1,150,299,5000,9966
Train|4018350269.mp4|0,4018350269.mp4,Train,0,0,149,0,4966
Train|4018350269.mp4|1,4018350269.mp4,Train,1,150,299,5000,9966
Train|4018350274.mp4|0,4018350274.mp4,Train,0,0,149,0,4966
Train|4018350274.mp4|1,4018350274.mp4,Train,1,150,299,5000,9966
Train|4018350276.mp4|0,4018350276.mp4,Train,0,0,149,0,4966
Train|4018350276.mp4|1,4018350276.mp4,Train,1,150,299,5000,9966
Train|4018350277.mp4|0,4018350277.mp4,Train,0,0,149,0,4966
Train|4018350277.mp4|1,4018350277.mp4,Train,1,150,299,5000,9966
Train|4018350279.mp4|0,4018350279.mp4,Train,0,0,149,0,4966
Train|4018350279.mp4|1,4018350279.mp4,Train,1,150,299,5000,9966
Train|401835028.mp4|0,401835028.mp4,Train,0,0,149,0,4966
Train|401835028.mp4|1,401835028.mp4,Train,1,150,299,5000,9966
Train|4018350281.mp4|0,4018350281.mp4,Train,0,0,149,0,4966
Train|4018350281.mp4|1,4018350281.mp4,Train,1,150,299,5000,9966
Train|4018350282.mp4|0,4018350282.mp4,Train,0,0,149,0,4966
Train|4018350282.mp4|1,4018350282.mp4,Train,1,150,299,5000,9966
Train|4110211001.avi|0,4110211001.avi,Train,0,0,149,0,4966
Train|4110211001.avi|1,4110211001.avi,Train,1,150,299,5000,9966
Train|4110211004.avi|0,4110211004.avi,Train,0,0,149,0,4966
Train|4110211004.avi|1,4110211004.avi,Train,1,150,299,5000,9966
Train|4110211005.avi|0,4110211005.avi,Train,0,0,149,0,4966
Train|4110211005.avi|1,4110211005.avi,Train,1,150,299,5000,9966
Train|4110211006.avi|0,4110211006.avi,Train,0,0,149,0,4966
Train|4110211006.avi|1,4110211006.avi,Train,1,150,299,5000,9966
Train|4110211007.avi|0,4110211007.avi,Train,0,0,149,0,4966
Train|4110211007.avi|1,4110211007.avi,Train,1,150,299,5000,9966
Train|4110211008.avi|0,4110211008.avi,Train,0,0,149,0,4966
Train|4110211008.avi|1,4110211008.avi,Train,1,150,299,5000,9966
Train|4110211009.avi|0,4110211009.avi,Train,0,0,149,0,4966
Train|4110211009.avi|1,4110211009.avi,Train,1,150,299,5000,9966
Train|4110211011.avi|0,4110211011.avi,Train,0,0,149,0,4966
Train|4110211011.avi|1,4110211011.avi,Train,1,150,299,5000,9966
Train|4110211013.avi|0,4110211013.avi,Train,0,0,149,0,4966
Train|4110211013.avi|1,4110211013.avi,Train,1,150,299,5000,9966
Train|4110211014.avi|0,4110211014.avi,Train,0,0,149,0,4966
Train|4110211014.avi|1,4110211014.avi,Train,1,150,299,5000,9966
Train|4110211015.avi|0,4110211015.avi,Train,0,0,149,0,4966
Train|4110211015.avi|1,4110211015.avi,Train,1,150,299,5000,9966
Train|4110211016.avi|0,4110211016.avi,Train,0,0,149,0,4966
Train|4110211016.avi|1,4110211016.avi,Train,1,150,299,5000,9966
Train|4110211018.avi|0,4110211018.avi,Train,0,0,149,0,4966
Train|4110211018.avi|1,4110211018.avi,Train,1,150,299,5000,9966
Train|4110211019.avi|0,4110211019.avi,Train,0,0,149,0,4966
Train|4110211019.avi|1,4110211019.avi,Train,1,150,299,5000,9966
Train|4110211020.avi|0,4110211020.avi,Train,0,0,149,0,4966
Train|4110211020.avi|1,4110211020.avi,Train,1,150,299,5000,9966
Train|4110211021.avi|0,4110211021.avi,Train,0,0,149,0,4966
Train|4110211021.avi|1,4110211021.avi,Train,1,150,299,5000,9966
Train|4110211022.avi|0,4110211022.avi,Train,0,0,149,0,4966
Train|4110211022.avi|1,4110211022.avi,Train,1,150,299,5000,9966
Train|4110211023.avi|0,4110211023.avi,Train,0,0,149,0,4966
Train|4110211023.avi|1,4110211023.avi,Train,1,150,299,5000,9966
Train|4110211024.avi|0,4110211024.avi,Train,0,0,149,0,4966
Train|4110211024.avi|1,4110211024.avi,Train,1,150,299,5000,9966
Train|4110211025.avi|0,4110211025.avi,Train,0,0,149,0,4966
Train|4110211025.avi|1,4110211025.avi,Train,1,150,299,5000,9966
Train|4110211026.avi|0,4110211026.avi,Train,0,0,149,0,4966
Train|4110211026.avi|1,4110211026.avi,Train,1,150,299,5000,9966
Train|4110211027.avi|0,4110211027.avi,Train,0,0,149,0,4966
Train|4110211027.avi|1,4110211027.avi,Train,1,150,299,5000,9966
Train|4110211028.avi|0,4110211028.avi,Train,0,0,149,0,4966
Train|4110211028.avi|1,4110211028.avi,Train,1,150,299,5000,9966
Train|4110211030.avi|0,4110211030.avi,Train,0,0,149,0,4966
Train|4110211030.avi|1,4110211030.avi,Train,1,150,299,5000,9966
Train|4110211032.avi|0,4110211032.avi,Train,0,0,149,0,4966
Train|4110211032.avi|1,4110211032.avi,Train,1,150,299,5000,9966
Train|4110211033.avi|0,4110211033.avi,Train,0,0,149,0,4966
Train|4110211033.avi|1,4110211033.avi,Train,1,150,299,5000,9966
Train|4110211034.avi|0,4110211034.avi,Train,0,0,149,0,4966
Train|4110211034.avi|1,4110211034.avi,Train,1,150,299,5000,9966
Train|4110211035.avi|0,4110211035.avi,Train,0,0,149,0,4966
Train|4110211035.avi|1,4110211035.avi,Train,1,150,299,5000,9966
Train|4110211036.avi|0,4110211036.avi,Train,0,0,149,0,4966
Train|4110211036.avi|1,4110211036.avi,Train,1,150,299,5000,9966
Train|4110211037.avi|0,4110211037.avi,Train,0,0,149,0,4966
Train|4110211037.avi|1,4110211037.avi,Train,1,150,299,5000,9966
Train|4110211038.avi|0,4110211038.avi,Train,0,0,149,0,4966
Train|4110211038.avi|1,4110211038.avi,Train,1,150,299,5000,9966
Train|4110211039.avi|0,4110211039.avi,Train,0,0,149,0,4966
Train|4110211039.avi|1,4110211039.avi,Train,1,150,299,5000,9966
Train|4110211040.avi|0,4110211040.avi,Train,0,0,149,0,4966
Train|4110211040.avi|1,4110211040.avi,Train,1,150,299,5000,9966
Train|4110211041.avi|0,4110211041.avi,Train,0,0,149,0,4966
Train|4110211041.avi|1,4110211041.avi,Train,1,150,299,5000,9966
Train|4110211043.avi|0,4110211043.avi,Train,0,0,149,0,4966
Train|4110211043.avi|1,4110211043.avi,Train,1,150,299,5000,9966
Train|4110211044.avi|0,4110211044.avi,Train,0,0,149,0,4966
Train|4110211044.avi|1,4110211044.avi,Train,1,150,299,5000,9966
Train|4110211045.avi|0,4110211045.avi,Train,0,0,149,0,4966
Train|4110211045.avi|1,4110211045.avi,Train,1,150,299,5000,9966
Train|4110211046.avi|0,4110211046.avi,Train,0,0,149,0,4966
Train|4110211046.avi|1,4110211046.avi,Train,1,150,299,5000,9966
Train|4110211047.avi|0,4110211047.avi,Train,0,0,149,0,4966
Train|4110211047.avi|1,4110211047.avi,Train,1,150,299,5000,9966
Train|4110211048.avi|0,4110211048.avi,Train,0,0,149,0,4966
Train|4110211048.avi|1,4110211048.avi,Train,1,150,299,5000,9966
Train|4110211049.avi|0,4110211049.avi,Train,0,0,149,0,4966
Train|4110211049.avi|1,4110211049.avi,Train,1,150,299,5000,9966
Train|4110211050.avi|0,4110211050.avi,Train,0,0,149,0,4966
Train|4110211050.avi|1,4110211050.avi,Train,1,150,299,5000,9966
Train|4110211051.avi|0,4110211051.avi,Train,0,0,149,0,4966
Train|4110211051.avi|1,4110211051.avi,Train,1,150,299,5000,9966
Train|4110211052.avi|0,4110211052.avi,Train,0,0,149,0,4966
Train|4110211052.avi|1,4110211052.avi,Train,1,150,299,5000,9966
Train|4110211053.avi|0,4110211053.avi,Train,0,0,149,0,4966
Train|4110211053.avi|1,4110211053.avi,Train,1,150,299,5000,9966
Train|4110211054.avi|0,4110211054.avi,Train,0,0,149,0,4966
Train|4110211054.avi|1,4110211054.avi,Train,1,150,299,5000,9966
Train|4110211055.avi|0,4110211055.avi,Train,0,0,149,0,4966
Train|4110211055.avi|1,4110211055.avi,Train,1,150,299,5000,9966
Train|4110211056.avi|0,4110211056.avi,Train,0,0,149,0,4966
Train|4110211056.avi|1,4110211056.avi,Train,1,150,299,5000,9966
Train|4110211057.avi|0,4110211057.avi,Train,0,0,149,0,4966
Train|4110211057.avi|1,4110211057.avi,Train,1,150,299,5000,9966
Train|4110211058.avi|0,4110211058.avi,Train,0,0,149,0,4966
Train|4110211058.avi|1,4110211058.avi,Train,1,150,299,5000,9966
Train|4110211060.avi|0,4110211060.avi,Train,0,0,149,0,4966
Train|4110211060.avi|1,4110211060.avi,Train,1,150,299,5000,9966
Train|4110211061.avi|0,4110211061.avi,Train,0,0,149,0,4966
Train|4110211061.avi|1,4110211061.avi,Train,1,150,299,5000,9966
Train|4110211062.avi|0,4110211062.avi,Train,0,0,149,0,4966
Train|4110211062.avi|1,4110211062.avi,Train,1,150,299,5000,9966
Train|4110211063.avi|0,4110211063.avi,Train,0,0,149,0,4966
Train|4110211063.avi|1,4110211063.avi,Train,1,150,299,5000,9966
Train|4110211064.avi|0,4110211064.avi,Train,0,0,149,0,4966
Train|4110211064.avi|1,4110211064.avi,Train,1,150,299,5000,9966
Train|4110211065.avi|0,4110211065.avi,Train,0,0,149,0,4966
Train|4110211065.avi|1,4110211065.avi,Train,1,150,299,5000,9966
Train|4110211067.avi|0,4110211067.avi,Train,0,0,149,0,4966
Train|4110211067.avi|1,4110211067.avi,Train,1,150,299,5000,9966
Train|4110211068.avi|0,4110211068.avi,Train,0,0,149,0,4966
Train|4110211068.avi|1,4110211068.avi,Train,1,150,299,5000,9966
Train|4110211072.avi|0,4110211072.avi,Train,0,0,149,0,4966
Train|4110211072.avi|1,4110211072.avi,Train,1,150,299,5000,9966
Train|4110211073.avi|0,4110211073.avi,Train,0,0,149,0,4966
Train|4110211073.avi|1,4110211073.avi,Train,1,150,299,5000,9966
Train|4110211075.avi|0,4110211075.avi,Train,0,0,149,0,4966
Train|4110211075.avi|1,4110211075.avi,Train,1,150,299,5000,9966
Train|4110211076.avi|0,4110211076.avi,Train,0,0,149,0,4966
Train|4110211076.avi|1,4110211076.avi,Train,1,150,299,5000,9966
Train|4110211078.avi|0,4110211078.avi,Train,0,0,149,0,4966
Train|4110211078.avi|1,4110211078.avi,Train,1,150,299,5000,9966
Train|4110211079.avi|0,4110211079.avi,Train,0,0,149,0,4966
Train|4110211079.avi|1,4110211079.avi,Train,1,150,299,5000,9966
Train|4110211080.avi|0,4110211080.avi,Train,0,0,149,0,4966
Train|4110211080.avi|1,4110211080.avi,Train,1,150,299,5000,9966
Train|4110212003.avi|0,4110212003.avi,Train,0,0,149,0,4966
Train|4110212003.avi|1,4110212003.avi,Train,1,150,299,5000,9966
Train|4110212004.avi|0,4110212004.avi,Train,0,0,149,0,4966
Train|4110212004.avi|1,4110212004.avi,Train,1,150,299,5000,9966
Train|4110212007.avi|0,4110212007.avi,Train,0,0,149,0,4966
Train|4110212007.avi|1,4110212007.avi,Train,1,150,299,5000,9966
Train|4110212008.avi|0,4110212008.avi,Train,0,0,149,0,4966
Train|4110212008.avi|1,4110212008.avi,Train,1,150,299,5000,9966
Train|4110212009.avi|0,4110212009.avi,Train,0,0,149,0,4966
Train|4110212009.avi|1,4110212009.avi,Train,1,150,299,5000,9966
Train|4110212010.avi|0,4110212010.avi,Train,0,0,149,0,4966
Train|4110212010.avi|1,4110212010.avi,Train,1,150,299,5000,9966
Train|4110212011.avi|0,4110212011.avi,Train,0,0,149,0,4966
Train|4110212011.avi|1,4110212011.avi,Train,1,150,299,5000,9966
Train|4110212013.avi|0,4110212013.avi,Train,0,0,149,0,4966
Train|4110212013.avi|1,4110212013.avi,Train,1,150,299,5000,9966
Train|4110212014.avi|0,4110212014.avi,Train,0,0,149,0,4966
Train|4110212014.avi|1,4110212014.avi,Train,1,150,299,5000,9966
Train|4110212015.avi|0,4110212015.avi,Train,0,0,149,0,4966
Train|4110212015.avi|1,4110212015.avi,Train,1,150,299,5000,9966
Train|4110212016.avi|0,4110212016.avi,Train,0,0,149,0,4966
Train|4110212016.avi|1,4110212016.avi,Train,1,150,299,5000,9966
Train|4110212017.avi|0,4110212017.avi,Train,0,0,149,0,4966
Train|4110212017.avi|1,4110212017.avi,Train,1,150,299,5000,9966
Train|4110212018.avi|0,4110212018.avi,Train,0,0,149,0,4966
Train|4110212018.avi|1,4110212018.avi,Train,1,150,299,5000,9966
Train|4110212019.avi|0,4110212019.avi,Train,0,0,149,0,4966
Train|4110212019.avi|1,4110212019.avi,Train,1,150,299,5000,9966
Train|4110212021.avi|0,4110212021.avi,Train,0,0,149,0,4966
Train|4110212021.avi|1,4110212021.avi,Train,1,150,299,5000,9966
Train|4110212023.avi|0,4110212023.avi,Train,0,0,149,0,4966
Train|4110212023.avi|1,4110212023.avi,Train,1,150,299,5000,9966
Train|4110212024.avi|0,4110212024.avi,Train,0,0,149,0,4966
Train|4110212024.avi|1,4110212024.avi,Train,1,150,299,5000,9966
Train|4110212026.avi|0,4110212026.avi,Train,0,0,149,0,4966
Train|4110212026.avi|1,4110212026.avi,Train,1,150,299,5000,9966
Train|4110212027.avi|0,4110212027.avi,Train,0,0,149,0,4966
Train|4110212027.avi|1,4110212027.avi,Train,1,150,299,5000,9966
Train|4110212029.avi|0,4110212029.avi,Train,0,0,149,0,4966
Train|4110212029.avi|1,4110212029.avi,Train,1,150,299,5000,9966
Train|4110212030.avi|0,4110212030.avi,Train,0,0,149,0,4966
Train|4110212030.avi|1,4110212030.avi,Train,1,150,299,5000,9966
Train|4110212033.avi|0,4110212033.avi,Train,0,0,149,0,4966
Train|4110212033.avi|1,4110212033.avi,Train,1,150,299,5000,9966
Train|4110212034.avi|0,4110212034.avi,Train,0,0,149,0,4966
Train|4110212034.avi|1,4110212034.avi,Train,1,150,299,5000,9966
Train|4110212035.avi|0,4110212035.avi,Train,0,0,149,0,4966
Train|4110212035.avi|1,4110212035.avi,Train,1,150,299,5000,9966
Train|4110212036.avi|0,4110212036.avi,Train,0,0,149,0,4966
Train|4110212036.avi|1,4110212036.avi,Train,1,150,299,5000,9966
Train|4110212038.avi|0,4110212038.avi,Train,0,0,149,0,4966
Train|4110212038.avi|1,4110212038.avi,Train,1,150,299,5000,9966
Train|4110212039.avi|0,4110212039.avi,Train,0,0,149,0,4966
Train|4110212039.avi|1,4110212039.avi,Train,1,150,299,5000,9966
Train|4110212041.avi|0,4110212041.avi,Train,0,0,149,0,4966
Train|4110212041.avi|1,4110212041.avi,Train,1,150,299,5000,9966
Train|4110212042.avi|0,4110212042.avi,Train,0,0,149,0,4966
Train|4110212042.avi|1,4110212042.avi,Train,1,150,299,5000,9966
Train|4110212044.avi|0,4110212044.avi,Train,0,0,149,0,4966
Train|4110212044.avi|1,4110212044.avi,Train,1,150,299,5000,9966
Train|4110212045.avi|0,4110212045.avi,Train,0,0,149,0,4966
Train|4110212045.avi|1,4110212045.avi,Train,1,150,299,5000,9966
Train|4110212046.avi|0,4110212046.avi,Train,0,0,149,0,4966
Train|4110212046.avi|1,4110212046.avi,Train,1,150,299,5000,9966
Train|4110212047.avi|0,4110212047.avi,Train,0,0,149,0,4966
Train|4110212047.avi|1,4110212047.avi,Train,1,150,299,5000,9966
Train|4110212049.avi|0,4110212049.avi,Train,0,0,149,0,4966
Train|4110212049.avi|1,4110212049.avi,Train,1,150,299,5000,9966
Train|4110212050.avi|0,4110212050.avi,Train,0,0,149,0,4966
Train|4110212050.avi|1,4110212050.avi,Train,1,150,299,5000,9966
Train|4110212051.avi|0,4110212051.avi,Train,0,0,149,0,4966
Train|4110212051.avi|1,4110212051.avi,Train,1,150,299,5000,9966
Train|4110212052.avi|0,4110212052.avi,Train,0,0,149,0,4966
Train|4110212052.avi|1,4110212052.avi,Train,1,150,299,5000,9966
Train|4110212053.avi|0,4110212053.avi,Train,0,0,149,0,4966
Train|4110212053.avi|1,4110212053.avi,Train,1,150,299,5000,9966
Train|4110212054.avi|0,4110212054.avi,Train,0,0,149,0,4966
Train|4110212054.avi|1,4110212054.avi,Train,1,150,299,5000,9966
Train|4110212055.avi|0,4110212055.avi,Train,0,0,149,0,4966
Train|4110212055.avi|1,4110212055.avi,Train,1,150,299,5000,9966
Train|4110212056.avi|0,4110212056.avi,Train,0,0,149,0,4966
Train|4110212056.avi|1,4110212056.avi,Train,1,150,299,5000,9966
Train|4110212059.avi|0,4110212059.avi,Train,0,0,149,0,4966
Train|4110212059.avi|1,4110212059.avi,Train,1,150,299,5000,9966
Train|4110212061.avi|0,4110212061.avi,Train,0,0,149,0,4966
Train|4110212061.avi|1,4110212061.avi,Train,1,150,299,5000,9966
Train|4110212062.avi|0,4110212062.avi,Train,0,0,149,0,4966
Train|4110212062.avi|1,4110212062.avi,Train,1,150,299,5000,9966
Train|4110212063.avi|0,4110212063.avi,Train,0,0,149,0,4966
Train|4110212063.avi|1,4110212063.avi,Train,1,150,299,5000,9966
Train|4110212064.avi|0,4110212064.avi,Train,0,0,149,0,4966
Train|4110212064.avi|1,4110212064.avi,Train,1,150,299,5000,9966
Train|4110212069.avi|0,4110212069.avi,Train,0,0,149,0,4966
Train|4110212069.avi|1,4110212069.avi,Train,1,150,299,5000,9966
Train|4110311001.avi|0,4110311001.avi,Train,0,0,149,0,4966
Train|4110311001.avi|1,4110311001.avi,Train,1,150,299,5000,9966
Train|4110311003.avi|0,4110311003.avi,Train,0,0,149,0,4966
Train|4110311003.avi|1,4110311003.avi,Train,1,150,299,5000,9966
Train|4110311004.avi|0,4110311004.avi,Train,0,0,149,0,4966
Train|4110311004.avi|1,4110311004.avi,Train,1,150,299,5000,9966
Train|4110311005.avi|0,4110311005.avi,Train,0,0,149,0,4966
Train|4110311005.avi|1,4110311005.avi,Train,1,150,299,5000,9966
Train|4110311006.avi|0,4110311006.avi,Train,0,0,149,0,4966
Train|4110311006.avi|1,4110311006.avi,Train,1,150,299,5000,9966
Train|4110311012.avi|0,4110311012.avi,Train,0,0,149,0,4966
Train|4110311012.avi|1,4110311012.avi,Train,1,150,299,5000,9966
Train|4110311015.avi|0,4110311015.avi,Train,0,0,149,0,4966
Train|4110311015.avi|1,4110311015.avi,Train,1,150,299,5000,9966
Train|4110311017.avi|0,4110311017.avi,Train,0,0,149,0,4966
Train|4110311017.avi|1,4110311017.avi,Train,1,150,299,5000,9966
Train|4110311018.avi|0,4110311018.avi,Train,0,0,149,0,4966
Train|4110311018.avi|1,4110311018.avi,Train,1,150,299,5000,9966
Train|4110311019.avi|0,4110311019.avi,Train,0,0,149,0,4966
Train|4110311019.avi|1,4110311019.avi,Train,1,150,299,5000,9966
Train|4110311020.avi|0,4110311020.avi,Train,0,0,149,0,4966
Train|4110311020.avi|1,4110311020.avi,Train,1,150,299,5000,9966
Train|4110311021.avi|0,4110311021.avi,Train,0,0,149,0,4966
Train|4110311021.avi|1,4110311021.avi,Train,1,150,299,5000,9966
Train|4110311023.avi|0,4110311023.avi,Train,0,0,149,0,4966
Train|4110311023.avi|1,4110311023.avi,Train,1,150,299,5000,9966
Train|4110311030.avi|0,4110311030.avi,Train,0,0,149,0,4966
Train|4110311030.avi|1,4110311030.avi,Train,1,150,299,5000,9966
Train|4110311031.avi|0,4110311031.avi,Train,0,0,149,0,4966
Train|4110311031.avi|1,4110311031.avi,Train,1,150,299,5000,9966
Train|4110311032.avi|0,4110311032.avi,Train,0,0,149,0,4966
Train|4110311032.avi|1,4110311032.avi,Train,1,150,299,5000,9966
Train|4110311033.avi|0,4110311033.avi,Train,0,0,149,0,4966
Train|4110311033.avi|1,4110311033.avi,Train,1,150,299,5000,9966
Train|4110311034.avi|0,4110311034.avi,Train,0,0,149,0,4966
Train|4110311034.avi|1,4110311034.avi,Train,1,150,299,5000,9966
Train|4110311036.avi|0,4110311036.avi,Train,0,0,149,0,4966
Train|4110311036.avi|1,4110311036.avi,Train,1,150,299,5000,9966
Train|4110311037.avi|0,4110311037.avi,Train,0,0,149,0,4966
Train|4110311037.avi|1,4110311037.avi,Train,1,150,299,5000,9966
Train|4110311038.avi|0,4110311038.avi,Train,0,0,149,0,4966
Train|4110311038.avi|1,4110311038.avi,Train,1,150,299,5000,9966
Train|4110311042.avi|0,4110311042.avi,Train,0,0,149,0,4966
Train|4110311042.avi|1,4110311042.avi,Train,1,150,299,5000,9966
Train|4110311043.avi|0,4110311043.avi,Train,0,0,149,0,4966
Train|4110311043.avi|1,4110311043.avi,Train,1,150,299,5000,9966
Train|4110311044.avi|0,4110311044.avi,Train,0,0,149,0,4966
Train|4110311044.avi|1,4110311044.avi,Train,1,150,299,5000,9966
Train|4110311045.avi|0,4110311045.avi,Train,0,0,149,0,4966
Train|4110311045.avi|1,4110311045.avi,Train,1,150,299,5000,9966
Train|4110311046.avi|0,4110311046.avi,Train,0,0,149,0,4966
Train|4110311046.avi|1,4110311046.avi,Train,1,150,299,5000,9966
Train|4110311048.avi|0,4110311048.avi,Train,0,0,149,0,4966
Train|4110311048.avi|1,4110311048.avi,Train,1,150,299,5000,9966
Train|4110311049.avi|0,4110311049.avi,Train,0,0,149,0,4966
Train|4110311049.avi|1,4110311049.avi,Train,1,150,299,5000,9966
Train|4110311050.avi|0,4110311050.avi,Train,0,0,149,0,4966
Train|4110311050.avi|1,4110311050.avi,Train,1,150,299,5000,9966
Train|4110311053.avi|0,4110311053.avi,Train,0,0,149,0,4966
Train|4110311053.avi|1,4110311053.avi,Train,1,150,299,5000,9966
Train|4110311054.avi|0,4110311054.avi,Train,0,0,149,0,4966
Train|4110311054.avi|1,4110311054.avi,Train,1,150,299,5000,9966
Train|4110311057.avi|0,4110311057.avi,Train,0,0,149,0,4966
Train|4110311057.avi|1,4110311057.avi,Train,1,150,299,5000,9966
Train|4110311061.avi|0,4110311061.avi,Train,0,0,149,0,4966
Train|4110311061.avi|1,4110311061.avi,Train,1,150,299,5000,9966
Train|4110311062.avi|0,4110311062.avi,Train,0,0,149,0,4966
Train|4110311062.avi|1,4110311062.avi,Train,1,150,299,5000,9966
Train|4110311064.avi|0,4110311064.avi,Train,0,0,149,0,4966
Train|4110311064.avi|1,4110311064.avi,Train,1,150,299,5000,9966
Train|4110311065.avi|0,4110311065.avi,Train,0,0,149,0,4966
Train|4110311065.avi|1,4110311065.avi,Train,1,150,299,5000,9966
Train|4110311067.avi|0,4110311067.avi,Train,0,0,149,0,4966
Train|4110311067.avi|1,4110311067.avi,Train,1,150,299,5000,9966
Train|4110311068.avi|0,4110311068.avi,Train,0,0,149,0,4966
Train|4110311068.avi|1,4110311068.avi,Train,1,150,299,5000,9966
Train|4110311072.avi|0,4110311072.avi,Train,0,0,149,0,4966
Train|4110311072.avi|1,4110311072.avi,Train,1,150,299,5000,9966
Train|4110312006.avi|0,4110312006.avi,Train,0,0,149,0,4966
Train|4110312006.avi|1,4110312006.avi,Train,1,150,299,5000,9966
Train|4110312007.avi|0,4110312007.avi,Train,0,0,149,0,4966
Train|4110312007.avi|1,4110312007.avi,Train,1,150,299,5000,9966
Train|4110312008.avi|0,4110312008.avi,Train,0,0,149,0,4966
Train|4110312008.avi|1,4110312008.avi,Train,1,150,299,5000,9966
Train|4110312009.avi|0,4110312009.avi,Train,0,0,149,0,4966
Train|4110312009.avi|1,4110312009.avi,Train,1,150,299,5000,9966
Train|4110312013.avi|0,4110312013.avi,Train,0,0,149,0,4966
Train|4110312013.avi|1,4110312013.avi,Train,1,150,299,5000,9966
Train|4110312023.avi|0,4110312023.avi,Train,0,0,149,0,4966
Train|4110312023.avi|1,4110312023.avi,Train,1,150,299,5000,9966
Train|4110312024.avi|0,4110312024.avi,Train,0,0,149,0,4966
Train|4110312024.avi|1,4110312024.avi,Train,1,150,299,5000,9966
Train|4110312025.avi|0,4110312025.avi,Train,0,0,149,0,4966
Train|4110312025.avi|1,4110312025.avi,Train,1,150,299,5000,9966
Train|4110312027.avi|0,4110312027.avi,Train,0,0,149,0,4966
Train|4110312027.avi|1,4110312027.avi,Train,1,150,299,5000,9966
Train|4110312030.avi|0,4110312030.avi,Train,0,0,149,0,4966
Train|4110312030.avi|1,4110312030.avi,Train,1,150,299,5000,9966
Train|4110312031.avi|0,4110312031.avi,Train,0,0,149,0,4966
Train|4110312031.avi|1,4110312031.avi,Train,1,150,299,5000,9966
Train|4110312048.avi|0,4110312048.avi,Train,0,0,149,0,4966
Train|4110312048.avi|1,4110312048.avi,Train,1,150,299,5000,9966
Train|4110312049.avi|0,4110312049.avi,Train,0,0,149,0,4966
Train|4110312049.avi|1,4110312049.avi,Train,1,150,299,5000,9966
Train|4110312078.avi|0,4110312078.avi,Train,0,0,149,0,4966
Train|4110312078.avi|1,4110312078.avi,Train,1,150,299,5000,9966
Train|414081010.avi|0,414081010.avi,Train,0,0,149,0,4966
Train|414081010.avi|1,414081010.avi,Train,1,150,299,5000,9966
Train|414081011.avi|0,414081011.avi,Train,0,0,149,0,4966
Train|414081011.avi|1,414081011.avi,Train,1,150,299,5000,9966
Train|4140810110.avi|0,4140810110.avi,Train,0,0,149,0,4966
Train|4140810110.avi|1,4140810110.avi,Train,1,150,299,5000,9966
Train|4140810114.avi|0,4140810114.avi,Train,0,0,149,0,4966
Train|4140810114.avi|1,4140810114.avi,Train,1,150,299,5000,9966
Train|4140810117.avi|0,4140810117.avi,Train,0,0,149,0,4966
Train|4140810117.avi|1,4140810117.avi,Train,1,150,299,5000,9966
Train|4140810122.avi|0,4140810122.avi,Train,0,0,149,0,4966
Train|4140810122.avi|1,4140810122.avi,Train,1,150,299,5000,9966
Train|4140810124.avi|0,4140810124.avi,Train,0,0,149,0,4966
Train|4140810124.avi|1,4140810124.avi,Train,1,150,299,5000,9966
Train|4140810125.avi|0,4140810125.avi,Train,0,0,149,0,4966
Train|4140810125.avi|1,4140810125.avi,Train,1,150,299,5000,9966
Train|4140810126.avi|0,4140810126.avi,Train,0,0,149,0,4966
Train|4140810126.avi|1,4140810126.avi,Train,1,150,299,5000,9966
Train|4140810127.avi|0,4140810127.avi,Train,0,0,149,0,4966
Train|4140810127.avi|1,4140810127.avi,Train,1,150,299,5000,9966
Train|4140810128.avi|0,4140810128.avi,Train,0,0,149,0,4966
Train|4140810128.avi|1,4140810128.avi,Train,1,150,299,5000,9966
Train|4140810129.avi|0,4140810129.avi,Train,0,0,149,0,4966
Train|4140810129.avi|1,4140810129.avi,Train,1,150,299,5000,9966
Train|414081013.avi|0,414081013.avi,Train,0,0,149,0,4966
Train|414081013.avi|1,414081013.avi,Train,1,150,299,5000,9966
Train|4140810132.avi|0,4140810132.avi,Train,0,0,149,0,4966
Train|4140810132.avi|1,4140810132.avi,Train,1,150,299,5000,9966
Train|4140810133.avi|0,4140810133.avi,Train,0,0,149,0,4966
Train|4140810133.avi|1,4140810133.avi,Train,1,150,299,5000,9966
Train|4140810135.avi|0,4140810135.avi,Train,0,0,149,0,4966
Train|4140810135.avi|1,4140810135.avi,Train,1,150,299,5000,9966
Train|4140810136.avi|0,4140810136.avi,Train,0,0,149,0,4966
Train|4140810136.avi|1,4140810136.avi,Train,1,150,299,5000,9966
Train|4140810138.avi|0,4140810138.avi,Train,0,0,149,0,4966
Train|4140810138.avi|1,4140810138.avi,Train,1,150,299,5000,9966
Train|4140810139.avi|0,4140810139.avi,Train,0,0,149,0,4966
Train|4140810139.avi|1,4140810139.avi,Train,1,150,299,5000,9966
Train|4140810140.avi|0,4140810140.avi,Train,0,0,149,0,4966
Train|4140810140.avi|1,4140810140.avi,Train,1,150,299,5000,9966
Train|4140810142.avi|0,4140810142.avi,Train,0,0,149,0,4966
Train|4140810142.avi|1,4140810142.avi,Train,1,150,299,5000,9966
Train|4140810143.avi|0,4140810143.avi,Train,0,0,149,0,4966
Train|4140810143.avi|1,4140810143.avi,Train,1,150,299,5000,9966
Train|4140810144.avi|0,4140810144.avi,Train,0,0,149,0,4966
Train|4140810144.avi|1,4140810144.avi,Train,1,150,299,5000,9966
Train|4140810145.avi|0,4140810145.avi,Train,0,0,149,0,4966
Train|4140810145.avi|1,4140810145.avi,Train,1,150,299,5000,9966
Train|4140810146.avi|0,4140810146.avi,Train,0,0,149,0,4966
Train|4140810146.avi|1,4140810146.avi,Train,1,150,299,5000,9966
Train|4140810148.avi|0,4140810148.avi,Train,0,0,149,0,4966
Train|4140810148.avi|1,4140810148.avi,Train,1,150,299,5000,9966
Train|414081015.avi|0,414081015.avi,Train,0,0,149,0,4966
Train|414081015.avi|1,414081015.avi,Train,1,150,299,5000,9966
Train|4140810150.avi|0,4140810150.avi,Train,0,0,149,0,4966
Train|4140810150.avi|1,4140810150.avi,Train,1,150,299,5000,9966
Train|4140810151.avi|0,4140810151.avi,Train,0,0,149,0,4966
Train|4140810151.avi|1,4140810151.avi,Train,1,150,299,5000,9966
Train|4140810152.avi|0,4140810152.avi,Train,0,0,149,0,4966
Train|4140810152.avi|1,4140810152.avi,Train,1,150,299,5000,9966
Train|4140810153.avi|0,4140810153.avi,Train,0,0,149,0,4966
Train|4140810153.avi|1,4140810153.avi,Train,1,150,299,5000,9966
Train|4140810154.avi|0,4140810154.avi,Train,0,0,149,0,4966
Train|4140810154.avi|1,4140810154.avi,Train,1,150,299,5000,9966
Train|4140810158.avi|0,4140810158.avi,Train,0,0,149,0,4966
Train|4140810158.avi|1,4140810158.avi,Train,1,150,299,5000,9966
Train|4140810159.avi|0,4140810159.avi,Train,0,0,149,0,4966
Train|4140810159.avi|1,4140810159.avi,Train,1,150,299,5000,9966
Train|414081016.avi|0,414081016.avi,Train,0,0,149,0,4966
Train|414081016.avi|1,414081016.avi,Train,1,150,299,5000,9966
Train|4140810162.avi|0,4140810162.avi,Train,0,0,149,0,4966
Train|4140810162.avi|1,4140810162.avi,Train,1,150,299,5000,9966
Train|4140810163.avi|0,4140810163.avi,Train,0,0,149,0,4966
Train|4140810163.avi|1,4140810163.avi,Train,1,150,299,5000,9966
Train|4140810164.avi|0,4140810164.avi,Train,0,0,149,0,4966
Train|4140810164.avi|1,4140810164.avi,Train,1,150,299,5000,9966
Train|4140810165.avi|0,4140810165.avi,Train,0,0,149,0,4966
Train|4140810165.avi|1,4140810165.avi,Train,1,150,299,5000,9966
Train|414081017.avi|0,414081017.avi,Train,0,0,149,0,4966
Train|414081017.avi|1,414081017.avi,Train,1,150,299,5000,9966
Train|4140810171.avi|0,4140810171.avi,Train,0,0,149,0,4966
Train|4140810171.avi|1,4140810171.avi,Train,1,150,299,5000,9966
Train|4140810173.avi|0,4140810173.avi,Train,0,0,149,0,4966
Train|4140810173.avi|1,4140810173.avi,Train,1,150,299,5000,9966
Train|4140810175.avi|0,4140810175.avi,Train,0,0,149,0,4966
Train|4140810175.avi|1,4140810175.avi,Train,1,150,299,5000,9966
Train|4140810176.avi|0,4140810176.avi,Train,0,0,149,0,4966
Train|4140810176.avi|1,4140810176.avi,Train,1,150,299,5000,9966
Train|4140810179.avi|0,4140810179.avi,Train,0,0,149,0,4966
Train|4140810179.avi|1,4140810179.avi,Train,1,150,299,5000,9966
Train|414081018.avi|0,414081018.avi,Train,0,0,149,0,4966
Train|414081018.avi|1,414081018.avi,Train,1,150,299,5000,9966
Train|4140810180.avi|0,4140810180.avi,Train,0,0,149,0,4966
Train|4140810180.avi|1,4140810180.avi,Train,1,150,299,5000,9966
Train|4140810181.avi|0,4140810181.avi,Train,0,0,149,0,4966
Train|4140810181.avi|1,4140810181.avi,Train,1,150,299,5000,9966
Train|4140810182.avi|0,4140810182.avi,Train,0,0,149,0,4966
Train|4140810182.avi|1,4140810182.avi,Train,1,150,299,5000,9966
Train|4140810183.avi|0,4140810183.avi,Train,0,0,149,0,4966
Train|4140810183.avi|1,4140810183.avi,Train,1,150,299,5000,9966
Train|4140810184.avi|0,4140810184.avi,Train,0,0,149,0,4966
Train|4140810184.avi|1,4140810184.avi,Train,1,150,299,5000,9966
Train|4140810185.avi|0,4140810185.avi,Train,0,0,149,0,4966
Train|4140810185.avi|1,4140810185.avi,Train,1,150,299,5000,9966
Train|414081019.avi|0,414081019.avi,Train,0,0,149,0,4966
Train|414081019.avi|1,414081019.avi,Train,1,150,299,5000,9966
Train|414081021.avi|0,414081021.avi,Train,0,0,149,0,4966
Train|414081021.avi|1,414081021.avi,Train,1,150,299,5000,9966
Train|4140810210.avi|0,4140810210.avi,Train,0,0,149,0,4966
Train|4140810210.avi|1,4140810210.avi,Train,1,150,299,5000,9966
Train|4140810211.avi|0,4140810211.avi,Train,0,0,149,0,4966
Train|4140810211.avi|1,4140810211.avi,Train,1,150,299,5000,9966
Train|4140810212.avi|0,4140810212.avi,Train,0,0,149,0,4966
Train|4140810212.avi|1,4140810212.avi,Train,1,150,299,5000,9966
Train|4140810215.avi|0,4140810215.avi,Train,0,0,149,0,4966
Train|4140810215.avi|1,4140810215.avi,Train,1,150,299,5000,9966
Train|4140810217.avi|0,4140810217.avi,Train,0,0,149,0,4966
Train|4140810217.avi|1,4140810217.avi,Train,1,150,299,5000,9966
Train|4140810219.avi|0,4140810219.avi,Train,0,0,149,0,4966
Train|4140810219.avi|1,4140810219.avi,Train,1,150,299,5000,9966
Train|4140810220.avi|0,4140810220.avi,Train,0,0,149,0,4966
Train|4140810220.avi|1,4140810220.avi,Train,1,150,299,5000,9966
Train|4140810221.avi|0,4140810221.avi,Train,0,0,149,0,4966
Train|4140810221.avi|1,4140810221.avi,Train,1,150,299,5000,9966
Train|4140810222.avi|0,4140810222.avi,Train,0,0,149,0,4966
Train|4140810222.avi|1,4140810222.avi,Train,1,150,299,5000,9966
Train|4140810223.avi|0,4140810223.avi,Train,0,0,149,0,4966
Train|4140810223.avi|1,4140810223.avi,Train,1,150,299,5000,9966
Train|4140810224.avi|0,4140810224.avi,Train,0,0,149,0,4966
Train|4140810224.avi|1,4140810224.avi,Train,1,150,299,5000,9966
Train|4140810225.avi|0,4140810225.avi,Train,0,0,149,0,4966
Train|4140810225.avi|1,4140810225.avi,Train,1,150,299,5000,9966
Train|4140810226.avi|0,4140810226.avi,Train,0,0,149,0,4966
Train|4140810226.avi|1,4140810226.avi,Train,1,150,299,5000,9966
Train|4140810228.avi|0,4140810228.avi,Train,0,0,149,0,4966
Train|4140810228.avi|1,4140810228.avi,Train,1,150,299,5000,9966
Train|4140810229.avi|0,4140810229.avi,Train,0,0,149,0,4966
Train|4140810229.avi|1,4140810229.avi,Train,1,150,299,5000,9966
Train|414081023.avi|0,414081023.avi,Train,0,0,149,0,4966
Train|414081023.avi|1,414081023.avi,Train,1,150,299,5000,9966
Train|4140810230.avi|0,4140810230.avi,Train,0,0,149,0,4966
Train|4140810230.avi|1,4140810230.avi,Train,1,150,299,5000,9966
Train|4140810233.avi|0,4140810233.avi,Train,0,0,149,0,4966
Train|4140810233.avi|1,4140810233.avi,Train,1,150,299,5000,9966
Train|4140810234.avi|0,4140810234.avi,Train,0,0,149,0,4966
Train|4140810234.avi|1,4140810234.avi,Train,1,150,299,5000,9966
Train|4140810237.avi|0,4140810237.avi,Train,0,0,149,0,4966
Train|4140810237.avi|1,4140810237.avi,Train,1,150,299,5000,9966
Train|4140810239.avi|0,4140810239.avi,Train,0,0,149,0,4966
Train|4140810239.avi|1,4140810239.avi,Train,1,150,299,5000,9966
Train|4140810240.avi|0,4140810240.avi,Train,0,0,149,0,4966
Train|4140810240.avi|1,4140810240.avi,Train,1,150,299,5000,9966
Train|4140810242.avi|0,4140810242.avi,Train,0,0,149,0,4966
Train|4140810242.avi|1,4140810242.avi,Train,1,150,299,5000,9966
Train|4140810244.avi|0,4140810244.avi,Train,0,0,149,0,4966
Train|4140810244.avi|1,4140810244.avi,Train,1,150,299,5000,9966
Train|4140810246.avi|0,4140810246.avi,Train,0,0,149,0,4966
Train|4140810246.avi|1,4140810246.avi,Train,1,150,299,5000,9966
Train|4140810247.avi|0,4140810247.avi,Train,0,0,149,0,4966
Train|4140810247.avi|1,4140810247.avi,Train,1,150,299,5000,9966
Train|4140810249.avi|0,4140810249.avi,Train,0,0,149,0,4966
Train|4140810249.avi|1,4140810249.avi,Train,1,150,299,5000,9966
Train|414081025.avi|0,414081025.avi,Train,0,0,149,0,4966
Train|414081025.avi|1,414081025.avi,Train,1,150,299,5000,9966
Train|4140810250.avi|0,4140810250.avi,Train,0,0,149,0,4966
Train|4140810250.avi|1,4140810250.avi,Train,1,150,299,5000,9966
Train|4140810251.avi|0,4140810251.avi,Train,0,0,149,0,4966
Train|4140810251.avi|1,4140810251.avi,Train,1,150,299,5000,9966
Train|4140810252.avi|0,4140810252.avi,Train,0,0,149,0,4966
Train|4140810252.avi|1,4140810252.avi,Train,1,150,299,5000,9966
Train|4140810253.avi|0,4140810253.avi,Train,0,0,149,0,4966
Train|4140810253.avi|1,4140810253.avi,Train,1,150,299,5000,9966
Train|4140810254.avi|0,4140810254.avi,Train,0,0,149,0,4966
Train|4140810254.avi|1,4140810254.avi,Train,1,150,299,5000,9966
Train|4140810255.avi|0,4140810255.avi,Train,0,0,149,0,4966
Train|4140810255.avi|1,4140810255.avi,Train,1,150,299,5000,9966
Train|4140810256.avi|0,4140810256.avi,Train,0,0,149,0,4966
Train|4140810256.avi|1,4140810256.avi,Train,1,150,299,5000,9966
Train|4140810257.avi|0,4140810257.avi,Train,0,0,149,0,4966
Train|4140810257.avi|1,4140810257.avi,Train,1,150,299,5000,9966
Train|4140810258.avi|0,4140810258.avi,Train,0,0,149,0,4966
Train|4140810258.avi|1,4140810258.avi,Train,1,150,299,5000,9966
Train|4140810259.avi|0,4140810259.avi,Train,0,0,149,0,4966
Train|4140810259.avi|1,4140810259.avi,Train,1,150,299,5000,9966
Train|414081026.avi|0,414081026.avi,Train,0,0,149,0,4966
Train|414081026.avi|1,414081026.avi,Train,1,150,299,5000,9966
Train|4140810264.avi|0,4140810264.avi,Train,0,0,149,0,4966
Train|4140810264.avi|1,4140810264.avi,Train,1,150,299,5000,9966
Train|4140810265.avi|0,4140810265.avi,Train,0,0,149,0,4966
Train|4140810265.avi|1,4140810265.avi,Train,1,150,299,5000,9966
Train|4140810266.avi|0,4140810266.avi,Train,0,0,149,0,4966
Train|4140810266.avi|1,4140810266.avi,Train,1,150,299,5000,9966
Train|4140810268.avi|0,4140810268.avi,Train,0,0,149,0,4966
Train|4140810268.avi|1,4140810268.avi,Train,1,150,299,5000,9966
Train|4140810269.avi|0,4140810269.avi,Train,0,0,149,0,4966
Train|4140810269.avi|1,4140810269.avi,Train,1,150,299,5000,9966
Train|414081027.avi|0,414081027.avi,Train,0,0,149,0,4966
Train|414081027.avi|1,414081027.avi,Train,1,150,299,5000,9966
Train|4140810270.avi|0,4140810270.avi,Train,0,0,149,0,4966
Train|4140810270.avi|1,4140810270.avi,Train,1,150,299,5000,9966
Train|4140810271.avi|0,4140810271.avi,Train,0,0,149,0,4966
Train|4140810271.avi|1,4140810271.avi,Train,1,150,299,5000,9966
Train|4140810272.avi|0,4140810272.avi,Train,0,0,149,0,4966
Train|4140810272.avi|1,4140810272.avi,Train,1,150,299,5000,9966
Train|4140810273.avi|0,4140810273.avi,Train,0,0,149,0,4966
Train|4140810273.avi|1,4140810273.avi,Train,1,150,299,5000,9966
Train|4140810274.avi|0,4140810274.avi,Train,0,0,149,0,4966
Train|4140810274.avi|1,4140810274.avi,Train,1,150,299,5000,9966
Train|4140810276.avi|0,4140810276.avi,Train,0,0,149,0,4966
Train|4140810276.avi|1,4140810276.avi,Train,1,150,299,5000,9966
Train|4140810277.avi|0,4140810277.avi,Train,0,0,149,0,4966
Train|4140810277.avi|1,4140810277.avi,Train,1,150,299,5000,9966
Train|4140810278.avi|0,4140810278.avi,Train,0,0,149,0,4966
Train|4140810278.avi|1,4140810278.avi,Train,1,150,299,5000,9966
Train|4140810279.avi|0,4140810279.avi,Train,0,0,149,0,4966
Train|4140810279.avi|1,4140810279.avi,Train,1,150,299,5000,9966
Train|414081028.avi|0,414081028.avi,Train,0,0,149,0,4966
Train|414081028.avi|1,414081028.avi,Train,1,150,299,5000,9966
Train|4140810280.avi|0,4140810280.avi,Train,0,0,149,0,4966
Train|4140810280.avi|1,4140810280.avi,Train,1,150,299,5000,9966
Train|414081029.avi|0,414081029.avi,Train,0,0,149,0,4966
Train|414081029.avi|1,414081029.avi,Train,1,150,299,5000,9966
Train|459999011.avi|0,459999011.avi,Train,0,0,149,0,4966
Train|459999011.avi|1,459999011.avi,Train,1,150,299,5000,9966
Train|4599990110.avi|0,4599990110.avi,Train,0,0,149,0,4966
Train|4599990110.avi|1,4599990110.avi,Train,1,150,299,5000,9966
Train|4599990112.avi|0,4599990112.avi,Train,0,0,149,0,4966
Train|4599990112.avi|1,4599990112.avi,Train,1,150,299,5000,9966
Train|4599990113.avi|0,4599990113.avi,Train,0,0,149,0,4966
Train|4599990113.avi|1,4599990113.avi,Train,1,150,299,5000,9966
Train|4599990114.avi|0,4599990114.avi,Train,0,0,149,0,4966
Train|4599990114.avi|1,4599990114.avi,Train,1,150,299,5000,9966
Train|4599990116.avi|0,4599990116.avi,Train,0,0,149,0,4966
Train|4599990116.avi|1,4599990116.avi,Train,1,150,299,5000,9966
Train|4599990117.avi|0,4599990117.avi,Train,0,0,149,0,4966
Train|4599990117.avi|1,4599990117.avi,Train,1,150,299,5000,9966
Train|4599990118.avi|0,4599990118.avi,Train,0,0,149,0,4966
Train|4599990118.avi|1,4599990118.avi,Train,1,150,299,5000,9966
Train|4599990119.avi|0,4599990119.avi,Train,0,0,149,0,4966
Train|4599990119.avi|1,4599990119.avi,Train,1,150,299,5000,9966
Train|459999012.avi|0,459999012.avi,Train,0,0,149,0,4966
Train|459999012.avi|1,459999012.avi,Train,1,150,299,5000,9966
Train|4599990120.avi|0,4599990120.avi,Train,0,0,149,0,4966
Train|4599990120.avi|1,4599990120.avi,Train,1,150,299,5000,9966
Train|4599990125.avi|0,4599990125.avi,Train,0,0,149,0,4966
Train|4599990125.avi|1,4599990125.avi,Train,1,150,299,5000,9966
Train|4599990126.avi|0,4599990126.avi,Train,0,0,149,0,4966
Train|4599990126.avi|1,4599990126.avi,Train,1,150,299,5000,9966
Train|4599990128.avi|0,4599990128.avi,Train,0,0,149,0,4966
Train|4599990128.avi|1,4599990128.avi,Train,1,150,299,5000,9966
Train|4599990129.avi|0,4599990129.avi,Train,0,0,149,0,4966
Train|4599990129.avi|1,4599990129.avi,Train,1,150,299,5000,9966
Train|459999013.avi|0,459999013.avi,Train,0,0,149,0,4966
Train|459999013.avi|1,459999013.avi,Train,1,150,299,5000,9966
Train|4599990130.avi|0,4599990130.avi,Train,0,0,149,0,4966
Train|4599990130.avi|1,4599990130.avi,Train,1,150,299,5000,9966
Train|4599990131.avi|0,4599990131.avi,Train,0,0,149,0,4966
Train|4599990131.avi|1,4599990131.avi,Train,1,150,299,5000,9966
Train|4599990132.avi|0,4599990132.avi,Train,0,0,149,0,4966
Train|4599990132.avi|1,4599990132.avi,Train,1,150,299,5000,9966
Train|4599990133.avi|0,4599990133.avi,Train,0,0,149,0,4966
Train|4599990133.avi|1,4599990133.avi,Train,1,150,299,5000,9966
Train|4599990134.avi|0,4599990134.avi,Train,0,0,149,0,4966
Train|4599990134.avi|1,4599990134.avi,Train,1,150,299,5000,9966
Train|4599990136.avi|0,4599990136.avi,Train,0,0,149,0,4966
Train|4599990136.avi|1,4599990136.avi,Train,1,150,299,5000,9966
Train|4599990137.avi|0,4599990137.avi,Train,0,0,149,0,4966
Train|4599990137.avi|1,4599990137.avi,Train,1,150,299,5000,9966
Train|4599990139.avi|0,4599990139.avi,Train,0,0,149,0,4966
Train|4599990139.avi|1,4599990139.avi,Train,1,150,299,5000,9966
Train|4599990141.avi|0,4599990141.avi,Train,0,0,149,0,4966
Train|4599990141.avi|1,4599990141.avi,Train,1,150,299,5000,9966
Train|4599990144.avi|0,4599990144.avi,Train,0,0,149,0,4966
Train|4599990144.avi|1,4599990144.avi,Train,1,150,299,5000,9966
Train|4599990146.avi|0,4599990146.avi,Train,0,0,149,0,4966
Train|4599990146.avi|1,4599990146.avi,Train,1,150,299,5000,9966
Train|4599990148.avi|0,4599990148.avi,Train,0,0,149,0,4966
Train|4599990148.avi|1,4599990148.avi,Train,1,150,299,5000,9966
Train|4599990149.avi|0,4599990149.avi,Train,0,0,149,0,4966
Train|4599990149.avi|1,4599990149.avi,Train,1,150,299,5000,9966
Train|4599990153.avi|0,4599990153.avi,Train,0,0,149,0,4966
Train|4599990153.avi|1,4599990153.avi,Train,1,150,299,5000,9966
Train|4599990154.avi|0,4599990154.avi,Train,0,0,149,0,4966
Train|4599990154.avi|1,4599990154.avi,Train,1,150,299,5000,9966
Train|4599990155.avi|0,4599990155.avi,Train,0,0,149,0,4966
Train|4599990155.avi|1,4599990155.avi,Train,1,150,299,5000,9966
Train|459999016.avi|0,459999016.avi,Train,0,0,149,0,4966
Train|459999016.avi|1,459999016.avi,Train,1,150,299,5000,9966
Train|4599990163.avi|0,4599990163.avi,Train,0,0,149,0,4966
Train|4599990163.avi|1,4599990163.avi,Train,1,150,299,5000,9966
Train|4599990165.avi|0,4599990165.avi,Train,0,0,149,0,4966
Train|4599990165.avi|1,4599990165.avi,Train,1,150,299,5000,9966
Train|4599990166.avi|0,4599990166.avi,Train,0,0,149,0,4966
Train|4599990166.avi|1,4599990166.avi,Train,1,150,299,5000,9966
Train|4599990168.avi|0,4599990168.avi,Train,0,0,149,0,4966
Train|4599990168.avi|1,4599990168.avi,Train,1,150,299,5000,9966
Train|459999017.avi|0,459999017.avi,Train,0,0,149,0,4966
Train|459999017.avi|1,459999017.avi,Train,1,150,299,5000,9966
Train|4599990171.avi|0,4599990171.avi,Train,0,0,149,0,4966
Train|4599990171.avi|1,4599990171.avi,Train,1,150,299,5000,9966
Train|459999021.avi|0,459999021.avi,Train,0,0,149,0,4966
Train|459999021.avi|1,459999021.avi,Train,1,150,299,5000,9966
Train|4599990211.avi|0,4599990211.avi,Train,0,0,149,0,4966
Train|4599990211.avi|1,4599990211.avi,Train,1,150,299,5000,9966
Train|4599990212.avi|0,4599990212.avi,Train,0,0,149,0,4966
Train|4599990212.avi|1,4599990212.avi,Train,1,150,299,5000,9966
Train|4599990214.avi|0,4599990214.avi,Train,0,0,149,0,4966
Train|4599990214.avi|1,4599990214.avi,Train,1,150,299,5000,9966
Train|4599990216.avi|0,4599990216.avi,Train,0,0,149,0,4966
Train|4599990216.avi|1,4599990216.avi,Train,1,150,299,5000,9966
Train|4599990218.avi|0,4599990218.avi,Train,0,0,149,0,4966
Train|4599990218.avi|1,4599990218.avi,Train,1,150,299,5000,9966
Train|459999022.avi|0,459999022.avi,Train,0,0,149,0,4966
Train|459999022.avi|1,459999022.avi,Train,1,150,299,5000,9966
Train|4599990221.avi|0,4599990221.avi,Train,0,0,149,0,4966
Train|4599990221.avi|1,4599990221.avi,Train,1,150,299,5000,9966
Train|4599990222.avi|0,4599990222.avi,Train,0,0,149,0,4966
Train|4599990222.avi|1,4599990222.avi,Train,1,150,299,5000,9966
Train|4599990223.avi|0,4599990223.avi,Train,0,0,149,0,4966
Train|4599990223.avi|1,4599990223.avi,Train,1,150,299,5000,9966
Train|4599990224.avi|0,4599990224.avi,Train,0,0,149,0,4966
Train|4599990224.avi|1,4599990224.avi,Train,1,150,299,5000,9966
Train|4599990226.avi|0,4599990226.avi,Train,0,0,149,0,4966
Train|4599990226.avi|1,4599990226.avi,Train,1,150,299,5000,9966
Train|4599990231.avi|0,4599990231.avi,Train,0,0,149,0,4966
Train|4599990231.avi|1,4599990231.avi,Train,1,150,299,5000,9966
Train|4599990233.avi|0,4599990233.avi,Train,0,0,149,0,4966
Train|4599990233.avi|1,4599990233.avi,Train,1,150,299,5000,9966
Train|4599990234.avi|0,4599990234.avi,Train,0,0,149,0,4966
Train|4599990234.avi|1,4599990234.avi,Train,1,150,299,5000,9966
Train|4599990235.avi|0,4599990235.avi,Train,0,0,149,0,4966
Train|4599990235.avi|1,4599990235.avi,Train,1,150,299,5000,9966
Train|4599990238.avi|0,4599990238.avi,Train,0,0,149,0,4966
Train|4599990238.avi|1,4599990238.avi,Train,1,150,299,5000,9966
Train|459999024.avi|0,459999024.avi,Train,0,0,149,0,4966
Train|459999024.avi|1,459999024.avi,Train,1,150,299,5000,9966
Train|4599990240.avi|0,4599990240.avi,Train,0,0,149,0,4966
Train|4599990240.avi|1,4599990240.avi,Train,1,150,299,5000,9966
Train|4599990241.avi|0,4599990241.avi,Train,0,0,149,0,4966
Train|4599990241.avi|1,4599990241.avi,Train,1,150,299,5000,9966
Train|4599990243.avi|0,4599990243.avi,Train,0,0,149,0,4966
Train|4599990243.avi|1,4599990243.avi,Train,1,150,299,5000,9966
Train|4599990244.avi|0,4599990244.avi,Train,0,0,149,0,4966
Train|4599990244.avi|1,4599990244.avi,Train,1,150,299,5000,9966
Train|4599990245.avi|0,4599990245.avi,Train,0,0,149,0,4966
Train|4599990245.avi|1,4599990245.avi,Train,1,150,299,5000,9966
Train|4599990246.avi|0,4599990246.avi,Train,0,0,149,0,4966
Train|4599990246.avi|1,4599990246.avi,Train,1,150,299,5000,9966
Train|4599990247.avi|0,4599990247.avi,Train,0,0,149,0,4966
Train|4599990247.avi|1,4599990247.avi,Train,1,150,299,5000,9966
Train|4599990248.avi|0,4599990248.avi,Train,0,0,149,0,4966
Train|4599990248.avi|1,4599990248.avi,Train,1,150,299,5000,9966
Train|4599990249.avi|0,4599990249.avi,Train,0,0,149,0,4966
Train|4599990249.avi|1,4599990249.avi,Train,1,150,299,5000,9966
Train|459999025.avi|0,459999025.avi,Train,0,0,149,0,4966
Train|459999025.avi|1,459999025.avi,Train,1,150,299,5000,9966
