[I 2026-10-09 00:39:09,243] A new study created in memory with name: gru|30fps/10s
[I 2026-10-09 00:39:38,545] Trial 0 finished with value: 0.18686051548629634 and parameters: {'hidden_size': 47, 'num_layers': 3, 'dropout': 0.0, 'learning_rate': 0.005399484409787433, 'batch_size': 64}. Best is trial 0 with value: 0.18686051548629634.
4 studies to run (0 already in tuning/results/shard_30_10s.csv), 70 training runs each, 280 total.
Using device: cuda
Class weights: [10.84615421295166, 0.524163544178009]
Epoch 1/50 | train loss: 0.6885 | validation loss: 0.6754 | validation accuracy: 0.599 | validation AP: 0.1727
Epoch 2/50 | train loss: 0.675 | validation loss: 0.695 | validation accuracy: 0.7901 | validation AP: 0.1916
Epoch 3/50 | train loss: 0.6666 | validation loss: 0.7196 | validation accuracy: 0.7355 | validation AP: 0.2032
Epoch 4/50 | train loss: 0.6639 | validation loss: 0.7131 | validation accuracy: 0.676 | validation AP: 0.1624
Epoch 5/50 | train loss: 0.6551 | validation loss: 0.723 | validation accuracy: 0.7124 | validation AP: 0.1389
Epoch 6/50 | train loss: 0.648 | validation loss: 0.7278 | validation accuracy: 0.7306 | validation AP: 0.1449
Epoch 7/50 | train loss: 0.6549 | validation loss: 0.7216 | validation accuracy: 0.7642 | validation AP: 0.154
Stopping at epoch 7: validation AP has not improved for 4 epochs.
Best epoch: 3 | validation AP: 0.2032 | epochs run: 7

Validation classification report:
              precision    recall  f1-score   support

  disengaged     0.1901    0.3916    0.2559       166
     engaged     0.9071    0.7807    0.8391      1263

    accuracy                         0.7355      1429
   macro avg     0.5486    0.5861    0.5475      1429
weighted avg     0.8238    0.7355    0.7714      1429

Confusion matrix (rows: actual, columns: predicted):
[[ 65 101]
 [277 986]]
Epoch 1/50 | train loss: 0.692 | validation loss: 0.6978 | validation accuracy: 0.6277 | validation AP: 0.1501
Epoch 2/50 | train loss: 0.6795 | validation loss: 0.6891 | validation accuracy: 0.7635 | validation AP: 0.1689
Epoch 3/50 | train loss: 0.6731 | validation loss: 0.7075 | validation accuracy: 0.627 | validation AP: 0.1477
Epoch 4/50 | train loss: 0.6656 | validation loss: 0.7219 | validation accuracy: 0.641 | validation AP: 0.1332
Epoch 5/50 | train loss: 0.6584 | validation loss: 0.6963 | validation accuracy: 0.6858 | validation AP: 0.1642
Epoch 6/50 | train loss: 0.6495 | validation loss: 0.7458 | validation accuracy: 0.7166 | validation AP: 0.1575
Stopping at epoch 6: validation AP has not improved for 4 epochs.
Best epoch: 2 | validation AP: 0.1689 | epochs run: 6

Validation classification report:
              precision    recall  f1-score   support

  disengaged     0.2095    0.3735    0.2684       166
     engaged     0.9082    0.8147    0.8589      1263

    accuracy                         0.7635      1429
   macro avg     0.5588    0.5941    0.5637      1429
weighted avg     0.8270    0.7635    0.7903      1429

Confusion matrix (rows: actual, columns: predicted):
[[  62  104]
 [ 234 1029]]
Epoch 1/50 | train loss: 0.6921 | validation loss: 0.7238 | validation accuracy: 0.7922 | validation AP: 0.1676
Epoch 2/50 | train loss: 0.6748 | validation loss: 0.6578 | validation accuracy: 0.5444 | validation AP: 0.1885
Epoch 3/50 | train loss: 0.6773 | validation loss: 0.6922 | validation accuracy: 0.7411 | validation AP: 0.1778
Epoch 4/50 | train loss: 0.67 | validation loss: 0.7049 | validation accuracy: 0.795 | validation AP: 0.1829
Epoch 5/50 | train loss: 0.6716 | validation loss: 0.6611 | validation accuracy: 0.4885 | validation AP: 0.1697
Epoch 6/50 | train loss: 0.652 | validation loss: 0.6806 | validation accuracy: 0.5241 | validation AP: 0.1349
Stopping at epoch 6: validation AP has not improved for 4 epochs.
Best epoch: 2 | validation AP: 0.1885 | epochs run: 6

Validation classification report:
              precision    recall  f1-score   support

  disengaged     0.1491    0.6205    0.2404       166
     engaged     0.9146    0.5344    0.6747      1263

    accuracy                         0.5444      1429
   macro avg     0.5318    0.5775    0.4575      1429
weighted avg     0.8257    0.5444    0.6242      1429

Confusion matrix (rows: actual, columns: predicted):
[[103  63]
 [588 675]]
Epoch 1/50 | train loss: 0.5619 | validation loss: 0.7392 | validation accuracy: 0.8544 | validation AP: 0.1528
Epoch 2/50 | train loss: 0.5321 | validation loss: 0.7362 | validation accuracy: 0.8789 | validation AP: 0.1929
Epoch 3/50 | train loss: 0.5337 | validation loss: 0.7581 | validation accuracy: 0.8747 | validation AP: 0.1855
Epoch 4/50 | train loss: 0.5328 | validation loss: 0.6829 | validation accuracy: 0.8411 | validation AP: 0.2083
Epoch 5/50 | train loss: 0.5195 | validation loss: 0.7322 | validation accuracy: 0.853 | validation AP: 0.1365
Epoch 6/50 | train loss: 0.5177 | validation loss: 0.7639 | validation accuracy: 0.8677 | validation AP: 0.183
Epoch 7/50 | train loss: 0.5203 | validation loss: 0.7374 | validation accuracy: 0.8425 | validation AP: 0.1531
Epoch 8/50 | train loss: 0.5127 | validation loss: 0.8245 | validation accuracy: 0.8733 | validation AP: 0.1673
Stopping at epoch 8: validation AP has not improved for 4 epochs.
Best epoch: 4 | validation AP: 0.2083 | epochs run: 8

Validation classification report:
              precision    recall  f1-score   support

  disengaged     0.2202    0.1446    0.1745       166
     engaged     0.8924    0.9327    0.9121      1263

    accuracy                         0.8411      1429
   macro avg     0.5563    0.5386    0.5433      1429
weighted avg     0.8143    0.8411    0.8264      1429

Confusion matrix (rows: actual, columns: predicted):
[[  24  142]
 [  85 1178]]
Epoch 1/50 | train loss: 0.562 | validation loss: 0.7373 | validation accuracy: 0.8663 | validation AP: 0.1369
Epoch 2/50 | train loss: 0.5413 | validation loss: 0.7362 | validation accuracy: 0.8586 | validation AP: 0.1476
Epoch 3/50 | train loss: 0.5384 | validation loss: 0.7153 | validation accuracy: 0.8341 | validation AP: 0.1428
Epoch 4/50 | train loss: 0.526 | validation loss: 0.7586 | validation accuracy: 0.8244 | validation AP: 0.1419
Epoch 5/50 | train loss: 0.5223 | validation loss: 0.703 | validation accuracy: 0.8684 | validation AP: 0.1899
Epoch 6/50 | train loss: 0.521 | validation loss: 0.7256 | validation accuracy: 0.8272 | validation AP: 0.1589
Epoch 7/50 | train loss: 0.5153 | validation loss: 0.7221 | validation accuracy: 0.8551 | validation AP: 0.1723
Epoch 8/50 | train loss: 0.5066 | validation loss: 0.7401 | validation accuracy: 0.8579 | validation AP: 0.1747
Epoch 9/50 | train loss: 0.5091 | validation loss: 0.7375 | validation accuracy: 0.8125 | validation AP: 0.148
Stopping at epoch 9: validation AP has not improved for 4 epochs.
Best epoch: 5 | validation AP: 0.1899 | epochs run: 9

Validation classification report:
              precision    recall  f1-score   support

  disengaged     0.2105    0.0482    0.0784       166
     engaged     0.8864    0.9762    0.9292      1263

    accuracy                         0.8684      1429
   macro avg     0.5485    0.5122    0.5038      1429
weighted avg     0.8079    0.8684    0.8303      1429

Confusion matrix (rows: actual, columns: predicted):
[[   8  158]
 [  30 1233]]
Epoch 1/50 | train loss: 0.5531 | validation loss: 0.7116 | validation accuracy: 0.8614 | validation AP: 0.1533
Epoch 2/50 | train loss: 0.5422 | validation loss: 0.683 | validation accuracy: 0.8334 | validation AP: 0.1735
Epoch 3/50 | train loss: 0.5346 | validation loss: 0.7489 | validation accuracy: 0.8439 | validation AP: 0.1466
Epoch 4/50 | train loss: 0.5319 | validation loss: 0.7086 | validation accuracy: 0.8747 | validation AP: 0.1645
Epoch 5/50 | train loss: 0.5122 | validation loss: 0.6828 | validation accuracy: 0.8621 | validation AP: 0.2045
Epoch 6/50 | train loss: 0.5156 | validation loss: 0.7468 | validation accuracy: 0.83 | validation AP: 0.1485
Epoch 7/50 | train loss: 0.5221 | validation loss: 0.7303 | validation accuracy: 0.8369 | validation AP: 0.1563
Epoch 8/50 | train loss: 0.5093 | validation loss: 0.7283 | validation accuracy: 0.8628 | validation AP: 0.1799
Epoch 9/50 | train loss: 0.5087 | validation loss: 0.7981 | validation accuracy: 0.8362 | validation AP: 0.1532
Stopping at epoch 9: validation AP has not improved for 4 epochs.
Best epoch: 5 | validation AP: 0.2045 | epochs run: 9

Validation classification report:
              precision    recall  f1-score   support

  disengaged     0.2182    0.0723    0.1086       166
     engaged     0.8879    0.9660    0.9253      1263

    accuracy                         0.8621      1429
   macro avg     0.5531    0.5191    0.5169      1429
weighted avg     0.8101    0.8621    0.8304      1429
[I 2026-10-09 00:44:13,382] Trial 1 finished with value: 0.2009101021430988 and parameters: {'hidden_size': 136, 'num_layers': 1, 'dropout': 0.25, 'learning_rate': 0.0003823475224675188, 'batch_size': 8}. Best is trial 1 with value: 0.2009101021430988.
[I 2026-10-09 00:44:41,183] Trial 2 finished with value: 0.186271808942887 and parameters: {'hidden_size': 56, 'num_layers': 3, 'dropout': 0.5, 'learning_rate': 0.00021930485556643703, 'batch_size': 32}. Best is trial 1 with value: 0.2009101021430988.
[I 2026-10-09 00:45:37,722] Trial 3 finished with value: 0.22038400171515896 and parameters: {'hidden_size': 40, 'num_layers': 1, 'dropout': 0.0, 'learning_rate': 0.006586289317583112, 'batch_size': 16}. Best is trial 3 with value: 0.22038400171515896.

Confusion matrix (rows: actual, columns: predicted):
[[  12  154]
 [  43 1220]]
Epoch 1/50 | train loss: 0.6904 | validation loss: 0.7084 | validation accuracy: 0.8467 | validation AP: 0.1923
Epoch 2/50 | train loss: 0.6675 | validation loss: 0.7147 | validation accuracy: 0.7978 | validation AP: 0.1719
Epoch 3/50 | train loss: 0.6557 | validation loss: 0.7097 | validation accuracy: 0.7628 | validation AP: 0.1665
Epoch 4/50 | train loss: 0.6542 | validation loss: 0.7249 | validation accuracy: 0.7831 | validation AP: 0.1738
Epoch 5/50 | train loss: 0.651 | validation loss: 0.741 | validation accuracy: 0.7523 | validation AP: 0.1492
Stopping at epoch 5: validation AP has not improved for 4 epochs.
Best epoch: 1 | validation AP: 0.1923 | epochs run: 5

Validation classification report:
              precision    recall  f1-score   support

  disengaged     0.2476    0.1566    0.1919       166
     engaged     0.8943    0.9375    0.9153      1263

    accuracy                         0.8467      1429
   macro avg     0.5709    0.5470    0.5536      1429
weighted avg     0.8191    0.8467    0.8313      1429

Confusion matrix (rows: actual, columns: predicted):
[[  26  140]
 [  79 1184]]
Epoch 1/50 | train loss: 0.6841 | validation loss: 0.7188 | validation accuracy: 0.8642 | validation AP: 0.1853
Epoch 2/50 | train loss: 0.6698 | validation loss: 0.7176 | validation accuracy: 0.8223 | validation AP: 0.1769
Epoch 3/50 | train loss: 0.6637 | validation loss: 0.7208 | validation accuracy: 0.8048 | validation AP: 0.1572
Epoch 4/50 | train loss: 0.6605 | validation loss: 0.7322 | validation accuracy: 0.7761 | validation AP: 0.1474
Epoch 5/50 | train loss: 0.6602 | validation loss: 0.7154 | validation accuracy: 0.7397 | validation AP: 0.1599
Stopping at epoch 5: validation AP has not improved for 4 epochs.
Best epoch: 1 | validation AP: 0.1853 | epochs run: 5

Validation classification report:
              precision    recall  f1-score   support

  disengaged     0.2083    0.0602    0.0935       166
     engaged     0.8870    0.9699    0.9266      1263

    accuracy                         0.8642      1429
   macro avg     0.5477    0.5151    0.5100      1429
weighted avg     0.8082    0.8642    0.8298      1429

Confusion matrix (rows: actual, columns: predicted):
[[  10  156]
 [  38 1225]]
Epoch 1/50 | train loss: 0.6862 | validation loss: 0.7296 | validation accuracy: 0.8838 | validation AP: 0.1812
Epoch 2/50 | train loss: 0.6734 | validation loss: 0.7249 | validation accuracy: 0.809 | validation AP: 0.1523
Epoch 3/50 | train loss: 0.6626 | validation loss: 0.7228 | validation accuracy: 0.7845 | validation AP: 0.1617
Epoch 4/50 | train loss: 0.6581 | validation loss: 0.729 | validation accuracy: 0.7852 | validation AP: 0.152
Epoch 5/50 | train loss: 0.6615 | validation loss: 0.7194 | validation accuracy: 0.7838 | validation AP: 0.1711
Stopping at epoch 5: validation AP has not improved for 4 epochs.
Best epoch: 1 | validation AP: 0.1812 | epochs run: 5

Validation classification report:
              precision    recall  f1-score   support

  disengaged     0.5000    0.0181    0.0349       166
     engaged     0.8855    0.9976    0.9382      1263

    accuracy                         0.8838      1429
   macro avg     0.6927    0.5078    0.4865      1429
weighted avg     0.8407    0.8838    0.8333      1429

Confusion matrix (rows: actual, columns: predicted):
[[   3  163]
 [   3 1260]]
Epoch 1/50 | train loss: 0.6551 | validation loss: 0.7471 | validation accuracy: 0.8027 | validation AP: 0.1445
Epoch 2/50 | train loss: 0.6198 | validation loss: 0.8408 | validation accuracy: 0.8635 | validation AP: 0.2221
Epoch 3/50 | train loss: 0.6218 | validation loss: 0.7719 | validation accuracy: 0.8803 | validation AP: 0.2298
Epoch 4/50 | train loss: 0.6241 | validation loss: 0.6932 | validation accuracy: 0.746 | validation AP: 0.1894
Epoch 5/50 | train loss: 0.6055 | validation loss: 0.7158 | validation accuracy: 0.7397 | validation AP: 0.147
Epoch 6/50 | train loss: 0.5853 | validation loss: 0.8339 | validation accuracy: 0.8376 | validation AP: 0.193
Epoch 7/50 | train loss: 0.5499 | validation loss: 0.7187 | validation accuracy: 0.7586 | validation AP: 0.1976
Stopping at epoch 7: validation AP has not improved for 4 epochs.
Best epoch: 3 | validation AP: 0.2298 | epochs run: 7

Validation classification report:
              precision    recall  f1-score   support

  disengaged     0.4286    0.0904    0.1493       166
     engaged     0.8917    0.9842    0.9356      1263

    accuracy                         0.8803      1429
   macro avg     0.6601    0.5373    0.5424      1429
weighted avg     0.8379    0.8803    0.8443      1429

Confusion matrix (rows: actual, columns: predicted):
[[  15  151]
 [  20 1243]]
Epoch 1/50 | train loss: 0.6606 | validation loss: 0.7559 | validation accuracy: 0.8355 | validation AP: 0.1497
Epoch 2/50 | train loss: 0.6306 | validation loss: 0.7766 | validation accuracy: 0.7971 | validation AP: 0.1348
Epoch 3/50 | train loss: 0.6346 | validation loss: 0.7214 | validation accuracy: 0.6718 | validation AP: 0.1489
Epoch 4/50 | train loss: 0.616 | validation loss: 0.7943 | validation accuracy: 0.7992 | validation AP: 0.1402
Epoch 5/50 | train loss: 0.6108 | validation loss: 0.7093 | validation accuracy: 0.8006 | validation AP: 0.2026
Epoch 6/50 | train loss: 0.5925 | validation loss: 0.7522 | validation accuracy: 0.7215 | validation AP: 0.1822
Epoch 7/50 | train loss: 0.5956 | validation loss: 0.7641 | validation accuracy: 0.7754 | validation AP: 0.1785
Epoch 8/50 | train loss: 0.5881 | validation loss: 0.7531 | validation accuracy: 0.7642 | validation AP: 0.1479
Epoch 9/50 | train loss: 0.592 | validation loss: 0.8151 | validation accuracy: 0.7642 | validation AP: 0.1703
Stopping at epoch 9: validation AP has not improved for 4 epochs.
Best epoch: 5 | validation AP: 0.2026 | epochs run: 9

Validation classification report:
              precision    recall  f1-score   support

  disengaged     0.2069    0.2530    0.2276       166
     engaged     0.8989    0.8725    0.8855      1263

    accuracy                         0.8006      1429
   macro avg     0.5529    0.5628    0.5566      1429
weighted avg     0.8185    0.8006    0.8091      1429

Confusion matrix (rows: actual, columns: predicted):
[[  42  124]
 [ 161 1102]]
Epoch 1/50 | train loss: 0.6479 | validation loss: 0.7596 | validation accuracy: 0.6963 | validation AP: 0.1381
Epoch 2/50 | train loss: 0.6293 | validation loss: 0.676 | validation accuracy: 0.7054 | validation AP: 0.2287
Epoch 3/50 | train loss: 0.6088 | validation loss: 0.7808 | validation accuracy: 0.8279 | validation AP: 0.1564
Epoch 4/50 | train loss: 0.6082 | validation loss: 0.7234 | validation accuracy: 0.7922 | validation AP: 0.1611
Epoch 5/50 | train loss: 0.5955 | validation loss: 0.7304 | validation accuracy: 0.8027 | validation AP: 0.1831
Epoch 6/50 | train loss: 0.5923 | validation loss: 0.7139 | validation accuracy: 0.6844 | validation AP: 0.146
Stopping at epoch 6: validation AP has not improved for 4 epochs.
Best epoch: 2 | validation AP: 0.2287 | epochs run: 6

Validation classification report:
              precision    recall  f1-score   support

  disengaged     0.1971    0.5000    0.2828       166
     engaged     0.9177    0.7324    0.8146      1263

    accuracy                         0.7054      1429
   macro avg     0.5574    0.6162    0.5487      1429
weighted avg     0.8340    0.7054    0.7528      1429

Confusion matrix (rows: actual, columns: predicted):
[[ 83  83]
 [338 925]]
Epoch 1/50 | train loss: 0.6876 | validation loss: 0.6934 | validation accuracy: 0.6151 | validation AP: 0.1559
Epoch 2/50 | train loss: 0.683 | validation loss: 0.6879 | validation accuracy: 0.6662 | validation AP: 0.1868
Epoch 3/50 | train loss: 0.6876 | validation loss: 0.7659 | validation accuracy: 0.7565 | validation AP: 0.1698
Epoch 4/50 | train loss: 0.7021 | validation loss: 0.6844 | validation accuracy: 0.4899 | validation AP: 0.1685
Epoch 5/50 | train loss: 0.6788 | validation loss: 0.7286 | validation accuracy: 0.6606 | validation AP: 0.1641
Epoch 6/50 | train loss: 0.7202 | validation loss: 0.8686 | validation accuracy: 0.7131 | validation AP: 0.1118[I 2026-10-09 00:45:54,005] Trial 4 finished with value: 0.21006540256569817 and parameters: {'hidden_size': 70, 'num_layers': 1, 'dropout': 0.0, 'learning_rate': 0.0069782812651260325, 'batch_size': 64}. Best is trial 3 with value: 0.22038400171515896.
[I 2026-10-09 00:46:47,279] Trial 5 finished with value: 0.20947612345143732 and parameters: {'hidden_size': 48, 'num_layers': 1, 'dropout': 0.0, 'learning_rate': 0.0040215545266902904, 'batch_size': 16}. Best is trial 3 with value: 0.22038400171515896.

Stopping at epoch 6: validation AP has not improved for 4 epochs.
Best epoch: 2 | validation AP: 0.1868 | epochs run: 6

Validation classification report:
              precision    recall  f1-score   support

  disengaged     0.1656    0.4639    0.2441       166
     engaged     0.9077    0.6928    0.7858      1263

    accuracy                         0.6662      1429
   macro avg     0.5366    0.5783    0.5149      1429
weighted avg     0.8215    0.6662    0.7229      1429

Confusion matrix (rows: actual, columns: predicted):
[[ 77  89]
 [388 875]]
Epoch 1/50 | train loss: 0.6905 | validation loss: 0.699 | validation accuracy: 0.6718 | validation AP: 0.1637
Epoch 2/50 | train loss: 0.6772 | validation loss: 0.6858 | validation accuracy: 0.6557 | validation AP: 0.1824
Epoch 3/50 | train loss: 0.6723 | validation loss: 0.7165 | validation accuracy: 0.6011 | validation AP: 0.1531
Epoch 4/50 | train loss: 0.6559 | validation loss: 0.7555 | validation accuracy: 0.6501 | validation AP: 0.1381
Epoch 5/50 | train loss: 0.6462 | validation loss: 0.7043 | validation accuracy: 0.7684 | validation AP: 0.225
Epoch 6/50 | train loss: 0.6372 | validation loss: 0.7358 | validation accuracy: 0.6263 | validation AP: 0.1567
Epoch 7/50 | train loss: 0.6422 | validation loss: 0.7756 | validation accuracy: 0.8006 | validation AP: 0.1984
Epoch 8/50 | train loss: 0.6318 | validation loss: 0.7526 | validation accuracy: 0.7572 | validation AP: 0.2042
Epoch 9/50 | train loss: 0.6178 | validation loss: 0.7288 | validation accuracy: 0.6802 | validation AP: 0.1693
Stopping at epoch 9: validation AP has not improved for 4 epochs.
Best epoch: 5 | validation AP: 0.225 | epochs run: 9

Validation classification report:
              precision    recall  f1-score   support

  disengaged     0.2347    0.4398    0.3061       166
     engaged     0.9168    0.8116    0.8610      1263

    accuracy                         0.7684      1429
   macro avg     0.5758    0.6257    0.5835      1429
weighted avg     0.8376    0.7684    0.7965      1429

Confusion matrix (rows: actual, columns: predicted):
[[  73   93]
 [ 238 1025]]
Epoch 1/50 | train loss: 0.6941 | validation loss: 0.7317 | validation accuracy: 0.6823 | validation AP: 0.1437
Epoch 2/50 | train loss: 0.6684 | validation loss: 0.6556 | validation accuracy: 0.5255 | validation AP: 0.2172
Epoch 3/50 | train loss: 0.6675 | validation loss: 0.6903 | validation accuracy: 0.6907 | validation AP: 0.1905
Epoch 4/50 | train loss: 0.6647 | validation loss: 0.7308 | validation accuracy: 0.662 | validation AP: 0.1291
Epoch 5/50 | train loss: 0.6548 | validation loss: 0.6386 | validation accuracy: 0.5647 | validation AP: 0.2184
Epoch 6/50 | train loss: 0.6698 | validation loss: 0.6816 | validation accuracy: 0.5724 | validation AP: 0.1681
Epoch 7/50 | train loss: 0.668 | validation loss: 0.7231 | validation accuracy: 0.641 | validation AP: 0.1546
Epoch 8/50 | train loss: 0.652 | validation loss: 0.6742 | validation accuracy: 0.5738 | validation AP: 0.1636
Epoch 9/50 | train loss: 0.6289 | validation loss: 0.796 | validation accuracy: 0.7299 | validation AP: 0.1886
Stopping at epoch 9: validation AP has not improved for 4 epochs.
Best epoch: 5 | validation AP: 0.2184 | epochs run: 9

Validation classification report:
              precision    recall  f1-score   support

  disengaged     0.1587    0.6386    0.2542       166
     engaged     0.9212    0.5550    0.6927      1263

    accuracy                         0.5647      1429
   macro avg     0.5399    0.5968    0.4734      1429
weighted avg     0.8326    0.5647    0.6418      1429

Confusion matrix (rows: actual, columns: predicted):
[[106  60]
 [562 701]]
Epoch 1/50 | train loss: 0.6505 | validation loss: 0.7306 | validation accuracy: 0.8132 | validation AP: 0.1545
Epoch 2/50 | train loss: 0.6158 | validation loss: 0.7963 | validation accuracy: 0.8544 | validation AP: 0.2129
Epoch 3/50 | train loss: 0.6107 | validation loss: 0.8027 | validation accuracy: 0.8495 | validation AP: 0.1915
Epoch 4/50 | train loss: 0.6121 | validation loss: 0.7291 | validation accuracy: 0.7726 | validation AP: 0.1873
Epoch 5/50 | train loss: 0.5974 | validation loss: 0.7892 | validation accuracy: 0.7621 | validation AP: 0.1418
Epoch 6/50 | train loss: 0.5774 | validation loss: 0.8532 | validation accuracy: 0.8341 | validation AP: 0.1875
Stopping at epoch 6: validation AP has not improved for 4 epochs.
Best epoch: 2 | validation AP: 0.2129 | epochs run: 6

Validation classification report:
              precision    recall  f1-score   support

  disengaged     0.2558    0.1325    0.1746       166
     engaged     0.8928    0.9493    0.9202      1263

    accuracy                         0.8544      1429
   macro avg     0.5743    0.5409    0.5474      1429
weighted avg     0.8188    0.8544    0.8336      1429

Confusion matrix (rows: actual, columns: predicted):
[[  22  144]
 [  64 1199]]
Epoch 1/50 | train loss: 0.6508 | validation loss: 0.7486 | validation accuracy: 0.8383 | validation AP: 0.1439
Epoch 2/50 | train loss: 0.6269 | validation loss: 0.7578 | validation accuracy: 0.7971 | validation AP: 0.1426
Epoch 3/50 | train loss: 0.6284 | validation loss: 0.7143 | validation accuracy: 0.7572 | validation AP: 0.1691
Epoch 4/50 | train loss: 0.6145 | validation loss: 0.7716 | validation accuracy: 0.7579 | validation AP: 0.1285
Epoch 5/50 | train loss: 0.6073 | validation loss: 0.7154 | validation accuracy: 0.8153 | validation AP: 0.2082
Epoch 6/50 | train loss: 0.5953 | validation loss: 0.7541 | validation accuracy: 0.7285 | validation AP: 0.1605
Epoch 7/50 | train loss: 0.5919 | validation loss: 0.7528 | validation accuracy: 0.7957 | validation AP: 0.1834
Epoch 8/50 | train loss: 0.5761 | validation loss: 0.7144 | validation accuracy: 0.7838 | validation AP: 0.1869
Epoch 9/50 | train loss: 0.5674 | validation loss: 0.7988 | validation accuracy: 0.7558 | validation AP: 0.1677
Stopping at epoch 9: validation AP has not improved for 4 epochs.
Best epoch: 5 | validation AP: 0.2082 | epochs run: 9

Validation classification report:
              precision    recall  f1-score   support

  disengaged     0.2247    0.2410    0.2326       166
     engaged     0.8993    0.8907    0.8950      1263

    accuracy                         0.8153      1429
   macro avg     0.5620    0.5659    0.5638      1429
weighted avg     0.8209    0.8153    0.8180      1429

Confusion matrix (rows: actual, columns: predicted):
[[  40  126]
 [ 138 1125]]
Epoch 1/50 | train loss: 0.6444 | validation loss: 0.7453 | validation accuracy: 0.7243 | validation AP: 0.1475
Epoch 2/50 | train loss: 0.6291 | validation loss: 0.6656 | validation accuracy: 0.6921 | validation AP: 0.2073
Epoch 3/50 | train loss: 0.6199 | validation loss: 0.7704 | validation accuracy: 0.8537 | validation AP: 0.1631
Epoch 4/50 | train loss: 0.6104 | validation loss: 0.7195 | validation accuracy: 0.7152 | validation AP: 0.1432
Epoch 5/50 | train loss: 0.5968 | validation loss: 0.7019 | validation accuracy: 0.7817 | validation AP: 0.1917
Epoch 6/50 | train loss: 0.575 | validation loss: 0.7454 | validation accuracy: 0.7621 | validation AP: 0.1406
Stopping at epoch 6: validation AP has not improved for 4 epochs.
Best epoch: 2 | validation AP: 0.2073 | epochs run: 6

Validation classification report:
              precision    recall  f1-score   support

  disengaged     0.1928    0.5181    0.2810       166
     engaged     0.9186    0.7150    0.8041      1263

    accuracy                         0.6921      1429
   macro avg     0.5557    0.6165    0.5426      1429
weighted avg     0.8343    0.6921    0.7433      1429

Confusion matrix (rows: actual, columns: predicted):
[[ 86  80]
 [360 903]]
Epoch 1/50 | train loss: 0.5822 | validation loss: 0.7476 | validation accuracy: 0.8838 | validation AP: 0.1778
Epoch 2/50 | train loss: 0.5321 | validation loss: 0.7585 | validation accuracy: 0.8838 | validation AP: 0.1709
Epoch 3/50 | train loss: 0.5371 | validation loss: 0.7524 | validation accuracy: 0.8838 | validation AP: 0.1668
Epoch 4/50 | train loss: 0.5399 | validation loss: 0.7233 | validation accuracy: 0.8684 | validation AP: 0.1677
Epoch 5/50 | train loss: 0.5276 | validation loss: 0.724 | validation accuracy: 0.8649 | validation AP: 0.157[I 2026-10-09 00:50:15,499] Trial 6 finished with value: 0.17826526500560647 and parameters: {'hidden_size': 20, 'num_layers': 3, 'dropout': 0.1, 'learning_rate': 0.0001705053926026929, 'batch_size': 8}. Best is trial 3 with value: 0.22038400171515896.

Stopping at epoch 5: validation AP has not improved for 4 epochs.
Best epoch: 1 | validation AP: 0.1778 | epochs run: 5

Validation classification report:
              precision    recall  f1-score   support

  disengaged     0.0000    0.0000    0.0000       166
     engaged     0.8838    1.0000    0.9383      1263

    accuracy                         0.8838      1429
   macro avg     0.4419    0.5000    0.4692      1429
weighted avg     0.7812    0.8838    0.8293      1429

Confusion matrix (rows: actual, columns: predicted):
[[   0  166]
 [   0 1263]]
Epoch 1/50 | train loss: 0.6118 | validation loss: 0.769 | validation accuracy: 0.8838 | validation AP: 0.1192
Epoch 2/50 | train loss: 0.5413 | validation loss: 0.7586 | validation accuracy: 0.8824 | validation AP: 0.1385
Epoch 3/50 | train loss: 0.5364 | validation loss: 0.7252 | validation accuracy: 0.8719 | validation AP: 0.1458
Epoch 4/50 | train loss: 0.5267 | validation loss: 0.7404 | validation accuracy: 0.8649 | validation AP: 0.1473
Epoch 5/50 | train loss: 0.5284 | validation loss: 0.7239 | validation accuracy: 0.86 | validation AP: 0.1561
Epoch 6/50 | train loss: 0.52 | validation loss: 0.723 | validation accuracy: 0.8516 | validation AP: 0.1537
Epoch 7/50 | train loss: 0.5257 | validation loss: 0.7282 | validation accuracy: 0.8614 | validation AP: 0.1593
Epoch 8/50 | train loss: 0.5102 | validation loss: 0.7359 | validation accuracy: 0.853 | validation AP: 0.1571
Epoch 9/50 | train loss: 0.5103 | validation loss: 0.7178 | validation accuracy: 0.8467 | validation AP: 0.1596
Epoch 10/50 | train loss: 0.522 | validation loss: 0.7005 | validation accuracy: 0.8376 | validation AP: 0.1607
Epoch 11/50 | train loss: 0.5167 | validation loss: 0.72 | validation accuracy: 0.8383 | validation AP: 0.1596
Epoch 12/50 | train loss: 0.5135 | validation loss: 0.7032 | validation accuracy: 0.8111 | validation AP: 0.1505
Epoch 13/50 | train loss: 0.5098 | validation loss: 0.7511 | validation accuracy: 0.8272 | validation AP: 0.153
Epoch 14/50 | train loss: 0.5199 | validation loss: 0.7305 | validation accuracy: 0.8509 | validation AP: 0.1649
Epoch 15/50 | train loss: 0.5122 | validation loss: 0.7312 | validation accuracy: 0.8216 | validation AP: 0.1565
Epoch 16/50 | train loss: 0.4989 | validation loss: 0.7313 | validation accuracy: 0.8265 | validation AP: 0.1588
Epoch 17/50 | train loss: 0.5072 | validation loss: 0.7405 | validation accuracy: 0.8244 | validation AP: 0.1565
Epoch 18/50 | train loss: 0.5134 | validation loss: 0.7482 | validation accuracy: 0.8348 | validation AP: 0.1657
Epoch 19/50 | train loss: 0.512 | validation loss: 0.7096 | validation accuracy: 0.823 | validation AP: 0.1653
Epoch 20/50 | train loss: 0.5043 | validation loss: 0.7164 | validation accuracy: 0.8195 | validation AP: 0.1679
Epoch 21/50 | train loss: 0.5015 | validation loss: 0.7429 | validation accuracy: 0.8195 | validation AP: 0.1597
Epoch 22/50 | train loss: 0.5093 | validation loss: 0.7558 | validation accuracy: 0.839 | validation AP: 0.1727
Epoch 23/50 | train loss: 0.4977 | validation loss: 0.7128 | validation accuracy: 0.8027 | validation AP: 0.16
Epoch 24/50 | train loss: 0.5062 | validation loss: 0.705 | validation accuracy: 0.8048 | validation AP: 0.168
Epoch 25/50 | train loss: 0.5053 | validation loss: 0.73 | validation accuracy: 0.8265 | validation AP: 0.1734
Epoch 26/50 | train loss: 0.4994 | validation loss: 0.6933 | validation accuracy: 0.8146 | validation AP: 0.1776
Epoch 27/50 | train loss: 0.4932 | validation loss: 0.7684 | validation accuracy: 0.8209 | validation AP: 0.1607
Epoch 28/50 | train loss: 0.4938 | validation loss: 0.708 | validation accuracy: 0.8202 | validation AP: 0.176
Epoch 29/50 | train loss: 0.4972 | validation loss: 0.7351 | validation accuracy: 0.8062 | validation AP: 0.1634
Epoch 30/50 | train loss: 0.5002 | validation loss: 0.7103 | validation accuracy: 0.8104 | validation AP: 0.173
Stopping at epoch 30: validation AP has not improved for 4 epochs.
Best epoch: 26 | validation AP: 0.1776 | epochs run: 30

Validation classification report:
              precision    recall  f1-score   support

  disengaged     0.1963    0.1928    0.1945       166
     engaged     0.8942    0.8963    0.8952      1263

    accuracy                         0.8146      1429
   macro avg     0.5452    0.5445    0.5449      1429
weighted avg     0.8131    0.8146    0.8138      1429

Confusion matrix (rows: actual, columns: predicted):
[[  32  134]
 [ 131 1132]]
Epoch 1/50 | train loss: 0.5644 | validation loss: 0.7348 | validation accuracy: 0.8838 | validation AP: 0.1794
Epoch 2/50 | train loss: 0.5432 | validation loss: 0.7193 | validation accuracy: 0.8761 | validation AP: 0.1533
Epoch 3/50 | train loss: 0.5373 | validation loss: 0.7411 | validation accuracy: 0.8733 | validation AP: 0.1593
Epoch 4/50 | train loss: 0.5355 | validation loss: 0.7223 | validation accuracy: 0.8698 | validation AP: 0.1581
Epoch 5/50 | train loss: 0.5222 | validation loss: 0.7212 | validation accuracy: 0.8684 | validation AP: 0.1596
Stopping at epoch 5: validation AP has not improved for 4 epochs.
Best epoch: 1 | validation AP: 0.1794 | epochs run: 5

Validation classification report:
              precision    recall  f1-score   support

  disengaged     0.0000    0.0000    0.0000       166
     engaged     0.8838    1.0000    0.9383      1263

    accuracy                         0.8838      1429
   macro avg     0.4419    0.5000    0.4692      1429
weighted avg     0.7812    0.8838    0.8293      1429

Confusion matrix (rows: actual, columns: predicted):
[[   0  166]
 [   0 1263]]
Epoch 1/50 | train loss: 0.6763 | validation loss: 0.7023 | validation accuracy: 0.6753 | validation AP: 0.154
Epoch 2/50 | train loss: 0.6651 | validation loss: 0.7134 | validation accuracy: 0.7656 | validation AP: 0.1762
Epoch 3/50 | train loss: 0.6517 | validation loss: 0.7297 | validation accuracy: 0.7642 | validation AP: 0.1803
Epoch 4/50 | train loss: 0.6508 | validation loss: 0.7141 | validation accuracy: 0.7117 | validation AP: 0.1907
Epoch 5/50 | train loss: 0.6467 | validation loss: 0.742 | validation accuracy: 0.6893 | validation AP: 0.1279
Epoch 6/50 | train loss: 0.6385 | validation loss: 0.7479 | validation accuracy: 0.7593 | validation AP: 0.156
Epoch 7/50 | train loss: 0.6356 | validation loss: 0.7341 | validation accuracy: 0.7446 | validation AP: 0.1557
Epoch 8/50 | train loss: 0.6224 | validation loss: 0.7955 | validation accuracy: 0.8209 | validation AP: 0.189
Stopping at epoch 8: validation AP has not improved for 4 epochs.
Best epoch: 4 | validation AP: 0.1907 | epochs run: 8

Validation classification report:
              precision    recall  f1-score   support

  disengaged     0.1830    0.4277    0.2563       166
     engaged     0.9087    0.7490    0.8212      1263

    accuracy                         0.7117      1429
   macro avg     0.5459    0.5884    0.5387      1429
weighted avg     0.8244    0.7117    0.7556      1429

Confusion matrix (rows: actual, columns: predicted):
[[ 71  95]
 [317 946]]
Epoch 1/50 | train loss: 0.6818 | validation loss: 0.7043 | validation accuracy: 0.718 | validation AP: 0.1616
Epoch 2/50 | train loss: 0.6635 | validation loss: 0.6858 | validation accuracy: 0.6739 | validation AP: 0.166
Epoch 3/50 | train loss: 0.654 | validation loss: 0.7377 | validation accuracy: 0.6949 | validation AP: 0.145
Epoch 4/50 | train loss: 0.6427 | validation loss: 0.7479 | validation accuracy: 0.6718 | validation AP: 0.1384
Epoch 5/50 | train loss: 0.6388 | validation loss: 0.7065 | validation accuracy: 0.7558 | validation AP: 0.214
Epoch 6/50 | train loss: 0.6334 | validation loss: 0.7338 | validation accuracy: 0.7397 | validation AP: 0.1662
Epoch 7/50 | train loss: 0.6227 | validation loss: 0.7522 | validation accuracy: 0.7817 | validation AP: 0.1888
Epoch 8/50 | train loss: 0.6217 | validation loss: 0.7767 | validation accuracy: 0.781 | validation AP: 0.175
Epoch 9/50 | train loss: 0.6016 | validation loss: 0.7403 | validation accuracy: 0.7082 | validation AP: 0.163
Stopping at epoch 9: validation AP has not improved for 4 epochs.
Best epoch: 5 | validation AP: 0.214 | epochs run: 9

Validation classification report:[I 2026-10-09 00:50:40,166] Trial 7 finished with value: 0.19909753779855813 and parameters: {'hidden_size': 40, 'num_layers': 1, 'dropout': 0.1, 'learning_rate': 0.0026698666742744613, 'batch_size': 32}. Best is trial 3 with value: 0.22038400171515896.
[I 2026-10-09 00:52:03,042] Trial 8 finished with value: 0.20093894655784741 and parameters: {'hidden_size': 66, 'num_layers': 2, 'dropout': 0.25, 'learning_rate': 0.0010402587615883842, 'batch_size': 8}. Best is trial 3 with value: 0.22038400171515896.

              precision    recall  f1-score   support

  disengaged     0.2039    0.3795    0.2653       166
     engaged     0.9080    0.8052    0.8535      1263

    accuracy                         0.7558      1429
   macro avg     0.5560    0.5924    0.5594      1429
weighted avg     0.8262    0.7558    0.7852      1429

Confusion matrix (rows: actual, columns: predicted):
[[  63  103]
 [ 246 1017]]
Epoch 1/50 | train loss: 0.6799 | validation loss: 0.7416 | validation accuracy: 0.7733 | validation AP: 0.1499
Epoch 2/50 | train loss: 0.6533 | validation loss: 0.6981 | validation accuracy: 0.6557 | validation AP: 0.1751
Epoch 3/50 | train loss: 0.6455 | validation loss: 0.7451 | validation accuracy: 0.7719 | validation AP: 0.1848
Epoch 4/50 | train loss: 0.6333 | validation loss: 0.7567 | validation accuracy: 0.7852 | validation AP: 0.1377
Epoch 5/50 | train loss: 0.6353 | validation loss: 0.6924 | validation accuracy: 0.6907 | validation AP: 0.1927
Epoch 6/50 | train loss: 0.6331 | validation loss: 0.6976 | validation accuracy: 0.6872 | validation AP: 0.1802
Epoch 7/50 | train loss: 0.6207 | validation loss: 0.762 | validation accuracy: 0.7467 | validation AP: 0.1629
Epoch 8/50 | train loss: 0.6035 | validation loss: 0.7437 | validation accuracy: 0.7033 | validation AP: 0.1633
Epoch 9/50 | train loss: 0.6111 | validation loss: 0.7707 | validation accuracy: 0.7936 | validation AP: 0.1812
Stopping at epoch 9: validation AP has not improved for 4 epochs.
Best epoch: 5 | validation AP: 0.1927 | epochs run: 9

Validation classification report:
              precision    recall  f1-score   support

  disengaged     0.1835    0.4819    0.2658       166
     engaged     0.9134    0.7181    0.8041      1263

    accuracy                         0.6907      1429
   macro avg     0.5484    0.6000    0.5349      1429
weighted avg     0.8286    0.6907    0.7415      1429

Confusion matrix (rows: actual, columns: predicted):
[[ 80  86]
 [356 907]]
Epoch 1/50 | train loss: 0.5609 | validation loss: 0.7561 | validation accuracy: 0.86 | validation AP: 0.1528
Epoch 2/50 | train loss: 0.5257 | validation loss: 0.7651 | validation accuracy: 0.8789 | validation AP: 0.1933
Epoch 3/50 | train loss: 0.5307 | validation loss: 0.7752 | validation accuracy: 0.8516 | validation AP: 0.2039
Epoch 4/50 | train loss: 0.5323 | validation loss: 0.6783 | validation accuracy: 0.8174 | validation AP: 0.206
Epoch 5/50 | train loss: 0.5225 | validation loss: 0.7246 | validation accuracy: 0.8272 | validation AP: 0.1306
Epoch 6/50 | train loss: 0.5206 | validation loss: 0.7781 | validation accuracy: 0.8439 | validation AP: 0.161
Epoch 7/50 | train loss: 0.5239 | validation loss: 0.7372 | validation accuracy: 0.8265 | validation AP: 0.1611
Epoch 8/50 | train loss: 0.5095 | validation loss: 0.8335 | validation accuracy: 0.86 | validation AP: 0.1637
Stopping at epoch 8: validation AP has not improved for 4 epochs.
Best epoch: 4 | validation AP: 0.206 | epochs run: 8

Validation classification report:
              precision    recall  f1-score   support

  disengaged     0.2121    0.2108    0.2115       166
     engaged     0.8964    0.8971    0.8967      1263

    accuracy                         0.8174      1429
   macro avg     0.5542    0.5540    0.5541      1429
weighted avg     0.8169    0.8174    0.8171      1429

Confusion matrix (rows: actual, columns: predicted):
[[  35  131]
 [ 130 1133]]
Epoch 1/50 | train loss: 0.5664 | validation loss: 0.7647 | validation accuracy: 0.8586 | validation AP: 0.132
Epoch 2/50 | train loss: 0.5453 | validation loss: 0.7538 | validation accuracy: 0.8523 | validation AP: 0.1477
Epoch 3/50 | train loss: 0.5415 | validation loss: 0.7126 | validation accuracy: 0.853 | validation AP: 0.1367
Epoch 4/50 | train loss: 0.5283 | validation loss: 0.7763 | validation accuracy: 0.8321 | validation AP: 0.1335
Epoch 5/50 | train loss: 0.5269 | validation loss: 0.7282 | validation accuracy: 0.8691 | validation AP: 0.2012
Epoch 6/50 | train loss: 0.5239 | validation loss: 0.731 | validation accuracy: 0.788 | validation AP: 0.1434
Epoch 7/50 | train loss: 0.5242 | validation loss: 0.7064 | validation accuracy: 0.8628 | validation AP: 0.1858
Epoch 8/50 | train loss: 0.5084 | validation loss: 0.7218 | validation accuracy: 0.846 | validation AP: 0.1738
Epoch 9/50 | train loss: 0.4924 | validation loss: 0.7328 | validation accuracy: 0.8146 | validation AP: 0.1584
Stopping at epoch 9: validation AP has not improved for 4 epochs.
Best epoch: 5 | validation AP: 0.2012 | epochs run: 9

Validation classification report:
              precision    recall  f1-score   support

  disengaged     0.2667    0.0723    0.1137       166
     engaged     0.8887    0.9739    0.9294      1263

    accuracy                         0.8691      1429
   macro avg     0.5777    0.5231    0.5215      1429
weighted avg     0.8165    0.8691    0.8346      1429

Confusion matrix (rows: actual, columns: predicted):
[[  12  154]
 [  33 1230]]
Epoch 1/50 | train loss: 0.5484 | validation loss: 0.7058 | validation accuracy: 0.8418 | validation AP: 0.1589
Epoch 2/50 | train loss: 0.549 | validation loss: 0.6791 | validation accuracy: 0.83 | validation AP: 0.1956
Epoch 3/50 | train loss: 0.541 | validation loss: 0.7484 | validation accuracy: 0.8712 | validation AP: 0.1734
Epoch 4/50 | train loss: 0.537 | validation loss: 0.7116 | validation accuracy: 0.881 | validation AP: 0.1573
Epoch 5/50 | train loss: 0.5138 | validation loss: 0.6929 | validation accuracy: 0.8628 | validation AP: 0.192
Epoch 6/50 | train loss: 0.5107 | validation loss: 0.7513 | validation accuracy: 0.8362 | validation AP: 0.1492
Stopping at epoch 6: validation AP has not improved for 4 epochs.
Best epoch: 2 | validation AP: 0.1956 | epochs run: 6

Validation classification report:
              precision    recall  f1-score   support

  disengaged     0.2516    0.2349    0.2430       166
     engaged     0.9003    0.9082    0.9042      1263

    accuracy                         0.8300      1429
   macro avg     0.5760    0.5715    0.5736      1429
weighted avg     0.8250    0.8300    0.8274      1429

Confusion matrix (rows: actual, columns: predicted):
[[  39  127]
 [ 116 1147]]
Epoch 1/50 | train loss: 0.6795 | validation loss: 0.7035 | validation accuracy: 0.6683 | validation AP: 0.1503
Epoch 2/50 | train loss: 0.6715 | validation loss: 0.7153 | validation accuracy: 0.7936 | validation AP: 0.1944
Epoch 3/50 | train loss: 0.6556 | validation loss: 0.7304 | validation accuracy: 0.7726 | validation AP: 0.1857
Epoch 4/50 | train loss: 0.6559 | validation loss: 0.7172 | validation accuracy: 0.732 | validation AP: 0.1858
Epoch 5/50 | train loss: 0.6432 | validation loss: 0.7122 | validation accuracy: 0.6823 | validation AP: 0.146
Epoch 6/50 | train loss: 0.6137 | validation loss: 0.8341 | validation accuracy: 0.8397 | validation AP: 0.211
Epoch 7/50 | train loss: 0.6102 | validation loss: 0.7305 | validation accuracy: 0.7446 | validation AP: 0.1754
Epoch 8/50 | train loss: 0.6016 | validation loss: 0.7389 | validation accuracy: 0.8013 | validation AP: 0.209
Epoch 9/50 | train loss: 0.5758 | validation loss: 0.707 | validation accuracy: 0.6634 | validation AP: 0.1879
Epoch 10/50 | train loss: 0.5883 | validation loss: 0.6974 | validation accuracy: 0.7187 | validation AP: 0.1818
Stopping at epoch 10: validation AP has not improved for 4 epochs.
Best epoch: 6 | validation AP: 0.211 | epochs run: 10

Validation classification report:
              precision    recall  f1-score   support

  disengaged     0.2632    0.2108    0.2341       166
     engaged     0.8989    0.9224    0.9105      1263

    accuracy                         0.8397      1429
   macro avg     0.5810    0.5666    0.5723      1429
weighted avg     0.8251    0.8397    0.8319      1429

Confusion matrix (rows: actual, columns: predicted):
[[  35  131]
 [  98 1165]]
Epoch 1/50 | train loss: 0.6786 | validation loss: 0.7167 | validation accuracy: 0.7285 | validation AP: 0.1753
Epoch 2/50 | train loss: 0.6666 | validation loss: 0.7072 | validation accuracy: 0.7124 | validation AP: 0.1695
Epoch 3/50 | train loss: 0.6612 | validation loss: 0.7275 | validation accuracy: 0.6452 | validation AP: 0.1292[I 2026-10-09 00:52:33,692] Trial 9 finished with value: 0.21416905818513668 and parameters: {'hidden_size': 33, 'num_layers': 1, 'dropout': 0.1, 'learning_rate': 0.005532496914298506, 'batch_size': 32}. Best is trial 3 with value: 0.22038400171515896.
[I 2026-10-09 00:53:19,532] Trial 10 finished with value: 0.1822857163122782 and parameters: {'hidden_size': 113, 'num_layers': 3, 'dropout': 0.0, 'learning_rate': 0.003903634606440267, 'batch_size': 16}. Best is trial 3 with value: 0.22038400171515896.

Epoch 4/50 | train loss: 0.647 | validation loss: 0.7583 | validation accuracy: 0.6928 | validation AP: 0.1303
Epoch 5/50 | train loss: 0.6465 | validation loss: 0.7099 | validation accuracy: 0.7467 | validation AP: 0.1999
Epoch 6/50 | train loss: 0.6335 | validation loss: 0.7432 | validation accuracy: 0.7103 | validation AP: 0.1746
Epoch 7/50 | train loss: 0.6245 | validation loss: 0.7451 | validation accuracy: 0.7978 | validation AP: 0.2006
Epoch 8/50 | train loss: 0.6093 | validation loss: 0.7917 | validation accuracy: 0.8139 | validation AP: 0.2187
Epoch 9/50 | train loss: 0.6001 | validation loss: 0.7505 | validation accuracy: 0.7138 | validation AP: 0.1731
Epoch 10/50 | train loss: 0.6001 | validation loss: 0.7587 | validation accuracy: 0.6907 | validation AP: 0.1724
Epoch 11/50 | train loss: 0.5765 | validation loss: 0.7628 | validation accuracy: 0.7747 | validation AP: 0.1877
Epoch 12/50 | train loss: 0.5662 | validation loss: 0.7246 | validation accuracy: 0.7103 | validation AP: 0.2192
Epoch 13/50 | train loss: 0.5454 | validation loss: 0.7841 | validation accuracy: 0.7495 | validation AP: 0.1777
Epoch 14/50 | train loss: 0.5379 | validation loss: 0.7822 | validation accuracy: 0.6879 | validation AP: 0.1522
Epoch 15/50 | train loss: 0.5234 | validation loss: 0.8935 | validation accuracy: 0.7614 | validation AP: 0.1584
Epoch 16/50 | train loss: 0.5091 | validation loss: 0.8654 | validation accuracy: 0.7355 | validation AP: 0.2073
Stopping at epoch 16: validation AP has not improved for 4 epochs.
Best epoch: 12 | validation AP: 0.2192 | epochs run: 16

Validation classification report:
              precision    recall  f1-score   support

  disengaged     0.1821    0.4277    0.2554       166
     engaged     0.9086    0.7474    0.8202      1263

    accuracy                         0.7103      1429
   macro avg     0.5453    0.5876    0.5378      1429
weighted avg     0.8242    0.7103    0.7546      1429

Confusion matrix (rows: actual, columns: predicted):
[[ 71  95]
 [319 944]]
Epoch 1/50 | train loss: 0.6824 | validation loss: 0.7501 | validation accuracy: 0.7537 | validation AP: 0.1388
Epoch 2/50 | train loss: 0.6617 | validation loss: 0.6968 | validation accuracy: 0.6396 | validation AP: 0.1729
Epoch 3/50 | train loss: 0.6542 | validation loss: 0.7389 | validation accuracy: 0.6991 | validation AP: 0.1472
Epoch 4/50 | train loss: 0.6389 | validation loss: 0.7321 | validation accuracy: 0.7586 | validation AP: 0.133
Epoch 5/50 | train loss: 0.6462 | validation loss: 0.6748 | validation accuracy: 0.6837 | validation AP: 0.2123
Epoch 6/50 | train loss: 0.6323 | validation loss: 0.7052 | validation accuracy: 0.6851 | validation AP: 0.1513
Epoch 7/50 | train loss: 0.6084 | validation loss: 0.795 | validation accuracy: 0.7397 | validation AP: 0.1761
Epoch 8/50 | train loss: 0.5987 | validation loss: 0.7566 | validation accuracy: 0.7159 | validation AP: 0.1587
Epoch 9/50 | train loss: 0.5962 | validation loss: 0.7891 | validation accuracy: 0.7649 | validation AP: 0.1896
Stopping at epoch 9: validation AP has not improved for 4 epochs.
Best epoch: 5 | validation AP: 0.2123 | epochs run: 9

Validation classification report:
              precision    recall  f1-score   support

  disengaged     0.1822    0.4940    0.2662       166
     engaged     0.9142    0.7086    0.7984      1263

    accuracy                         0.6837      1429
   macro avg     0.5482    0.6013    0.5323      1429
weighted avg     0.8292    0.6837    0.7366      1429

Confusion matrix (rows: actual, columns: predicted):
[[ 82  84]
 [368 895]]
Epoch 1/50 | train loss: 0.6619 | validation loss: 0.7445 | validation accuracy: 0.8593 | validation AP: 0.118
Epoch 2/50 | train loss: 0.6288 | validation loss: 0.7889 | validation accuracy: 0.8551 | validation AP: 0.1892
Epoch 3/50 | train loss: 0.7347 | validation loss: 1.01 | validation accuracy: 0.8838 | validation AP: 0.116
Epoch 4/50 | train loss: 0.7371 | validation loss: 0.8119 | validation accuracy: 0.8838 | validation AP: 0.1413
Epoch 5/50 | train loss: 0.7401 | validation loss: 0.7419 | validation accuracy: 0.8838 | validation AP: 0.1286
Epoch 6/50 | train loss: 0.7113 | validation loss: 0.7022 | validation accuracy: 0.8817 | validation AP: 0.1031
Stopping at epoch 6: validation AP has not improved for 4 epochs.
Best epoch: 2 | validation AP: 0.1892 | epochs run: 6

Validation classification report:
              precision    recall  f1-score   support

  disengaged     0.2588    0.1325    0.1753       166
     engaged     0.8929    0.9501    0.9206      1263

    accuracy                         0.8551      1429
   macro avg     0.5758    0.5413    0.5479      1429
weighted avg     0.8192    0.8551    0.8340      1429

Confusion matrix (rows: actual, columns: predicted):
[[  22  144]
 [  63 1200]]
Epoch 1/50 | train loss: 0.6925 | validation loss: 0.7613 | validation accuracy: 0.8691 | validation AP: 0.1437
Epoch 2/50 | train loss: 0.6882 | validation loss: 1.2214 | validation accuracy: 0.8831 | validation AP: 0.1191
Epoch 3/50 | train loss: 0.6985 | validation loss: 0.7933 | validation accuracy: 0.8831 | validation AP: 0.1293
Epoch 4/50 | train loss: 0.706 | validation loss: 0.7921 | validation accuracy: 0.746 | validation AP: 0.1187
Epoch 5/50 | train loss: 0.688 | validation loss: 0.6916 | validation accuracy: 0.1162 | validation AP: 0.1222
Stopping at epoch 5: validation AP has not improved for 4 epochs.
Best epoch: 1 | validation AP: 0.1437 | epochs run: 5

Validation classification report:
              precision    recall  f1-score   support

  disengaged     0.2439    0.0602    0.0966       166
     engaged     0.8876    0.9755    0.9295      1263

    accuracy                         0.8691      1429
   macro avg     0.5658    0.5178    0.5130      1429
weighted avg     0.8128    0.8691    0.8327      1429

Confusion matrix (rows: actual, columns: predicted):
[[  10  156]
 [  31 1232]]
Epoch 1/50 | train loss: 0.6665 | validation loss: 0.6977 | validation accuracy: 0.6704 | validation AP: 0.1396
Epoch 2/50 | train loss: 0.6476 | validation loss: 0.7335 | validation accuracy: 0.8719 | validation AP: 0.1603
Epoch 3/50 | train loss: 0.6986 | validation loss: 0.7543 | validation accuracy: 0.8719 | validation AP: 0.1776
Epoch 4/50 | train loss: 0.691 | validation loss: 0.9676 | validation accuracy: 0.8467 | validation AP: 0.2139
Epoch 5/50 | train loss: 0.6532 | validation loss: 0.6984 | validation accuracy: 0.7334 | validation AP: 0.1652
Epoch 6/50 | train loss: 0.6229 | validation loss: 0.7382 | validation accuracy: 0.781 | validation AP: 0.1599
Epoch 7/50 | train loss: 0.6522 | validation loss: 0.6845 | validation accuracy: 0.7376 | validation AP: 0.1784
Epoch 8/50 | train loss: 0.6784 | validation loss: 1.0682 | validation accuracy: 0.8195 | validation AP: 0.1791
Stopping at epoch 8: validation AP has not improved for 4 epochs.
Best epoch: 4 | validation AP: 0.2139 | epochs run: 8

Validation classification report:
              precision    recall  f1-score   support

  disengaged     0.2613    0.1747    0.2094       166
     engaged     0.8961    0.9351    0.9151      1263

    accuracy                         0.8467      1429
   macro avg     0.5787    0.5549    0.5623      1429
weighted avg     0.8223    0.8467    0.8332      1429

Confusion matrix (rows: actual, columns: predicted):
[[  29  137]
 [  82 1181]]
Epoch 1/50 | train loss: 0.6632 | validation loss: 0.766 | validation accuracy: 0.853 | validation AP: 0.1387
Epoch 2/50 | train loss: 0.6279 | validation loss: 0.9191 | validation accuracy: 0.8314 | validation AP: 0.2113
Epoch 3/50 | train loss: 0.6883 | validation loss: 0.7732 | validation accuracy: 0.8481 | validation AP: 0.1952
Epoch 4/50 | train loss: 0.6686 | validation loss: 0.6636 | validation accuracy: 0.634 | validation AP: 0.2253
Epoch 5/50 | train loss: 0.6356 | validation loss: 0.6969 | validation accuracy: 0.7201 | validation AP: 0.1585
Epoch 6/50 | train loss: 0.6084 | validation loss: 0.8896 | validation accuracy: 0.8509 | validation AP: 0.2275
Epoch 7/50 | train loss: 0.5862 | validation loss: 0.8193 | validation accuracy: 0.809 | validation AP: 0.1859
Epoch 8/50 | train loss: 0.5766 | validation loss: 1.0234 | validation accuracy: 0.8817 | validation AP: 0.1453[I 2026-10-09 00:54:18,186] Trial 11 finished with value: 0.20731548904044717 and parameters: {'hidden_size': 32, 'num_layers': 2, 'dropout': 0.1, 'learning_rate': 0.009313071094785151, 'batch_size': 16}. Best is trial 3 with value: 0.22038400171515896.

Epoch 9/50 | train loss: 0.5841 | validation loss: 0.8434 | validation accuracy: 0.6655 | validation AP: 0.1763
Epoch 10/50 | train loss: 0.5751 | validation loss: 0.6734 | validation accuracy: 0.8139 | validation AP: 0.2088
Stopping at epoch 10: validation AP has not improved for 4 epochs.
Best epoch: 6 | validation AP: 0.2275 | epochs run: 10

Validation classification report:
              precision    recall  f1-score   support

  disengaged     0.2883    0.1928    0.2310       166
     engaged     0.8983    0.9375    0.9175      1263

    accuracy                         0.8509      1429
   macro avg     0.5933    0.5651    0.5743      1429
weighted avg     0.8275    0.8509    0.8377      1429

Confusion matrix (rows: actual, columns: predicted):
[[  32  134]
 [  79 1184]]
Epoch 1/50 | train loss: 0.6709 | validation loss: 0.8088 | validation accuracy: 0.867 | validation AP: 0.1476
Epoch 2/50 | train loss: 0.6436 | validation loss: 0.7872 | validation accuracy: 0.8153 | validation AP: 0.1473
Epoch 3/50 | train loss: 0.6497 | validation loss: 0.7377 | validation accuracy: 0.7782 | validation AP: 0.1307
Epoch 4/50 | train loss: 0.6436 | validation loss: 0.8358 | validation accuracy: 0.8677 | validation AP: 0.124
Epoch 5/50 | train loss: 0.6425 | validation loss: 0.6931 | validation accuracy: 0.7397 | validation AP: 0.1684
Epoch 6/50 | train loss: 0.6408 | validation loss: 0.7036 | validation accuracy: 0.7523 | validation AP: 0.1736
Epoch 7/50 | train loss: 0.62 | validation loss: 0.7411 | validation accuracy: 0.8607 | validation AP: 0.1946
Epoch 8/50 | train loss: 0.6034 | validation loss: 0.7422 | validation accuracy: 0.8216 | validation AP: 0.1896
Epoch 9/50 | train loss: 0.5715 | validation loss: 0.75 | validation accuracy: 0.8216 | validation AP: 0.2154
Epoch 10/50 | train loss: 0.5744 | validation loss: 0.6928 | validation accuracy: 0.7537 | validation AP: 0.1784
Epoch 11/50 | train loss: 0.5635 | validation loss: 0.6996 | validation accuracy: 0.7628 | validation AP: 0.1854
Epoch 12/50 | train loss: 0.5614 | validation loss: 0.7233 | validation accuracy: 0.7838 | validation AP: 0.1933
Epoch 13/50 | train loss: 0.5626 | validation loss: 0.787 | validation accuracy: 0.8118 | validation AP: 0.2142
Stopping at epoch 13: validation AP has not improved for 4 epochs.
Best epoch: 9 | validation AP: 0.2154 | epochs run: 13

Validation classification report:
              precision    recall  f1-score   support

  disengaged     0.2620    0.2952    0.2776       166
     engaged     0.9058    0.8907    0.8982      1263

    accuracy                         0.8216      1429
   macro avg     0.5839    0.5930    0.5879      1429
weighted avg     0.8310    0.8216    0.8261      1429

Confusion matrix (rows: actual, columns: predicted):
[[  49  117]
 [ 138 1125]]
Epoch 1/50 | train loss: 0.6581 | validation loss: 0.7045 | validation accuracy: 0.7061 | validation AP: 0.1711
Epoch 2/50 | train loss: 0.6476 | validation loss: 0.6904 | validation accuracy: 0.7663 | validation AP: 0.179
Epoch 3/50 | train loss: 0.6322 | validation loss: 0.7188 | validation accuracy: 0.7929 | validation AP: 0.1606
Epoch 4/50 | train loss: 0.6115 | validation loss: 0.9147 | validation accuracy: 0.8656 | validation AP: 0.1748
Epoch 5/50 | train loss: 0.6071 | validation loss: 0.7502 | validation accuracy: 0.7187 | validation AP: 0.1571
Epoch 6/50 | train loss: 0.575 | validation loss: 0.8017 | validation accuracy: 0.7544 | validation AP: 0.1418
Stopping at epoch 6: validation AP has not improved for 4 epochs.
Best epoch: 2 | validation AP: 0.179 | epochs run: 6

Validation classification report:
              precision    recall  f1-score   support

  disengaged     0.2123    0.3735    0.2707       166
     engaged     0.9085    0.8179    0.8608      1263

    accuracy                         0.7663      1429
   macro avg     0.5604    0.5957    0.5658      1429
weighted avg     0.8277    0.7663    0.7923      1429

Confusion matrix (rows: actual, columns: predicted):
[[  62  104]
 [ 230 1033]]
Epoch 1/50 | train loss: 0.6765 | validation loss: 0.7145 | validation accuracy: 0.7649 | validation AP: 0.1691
Epoch 2/50 | train loss: 0.6598 | validation loss: 0.7233 | validation accuracy: 0.7691 | validation AP: 0.1569
Epoch 3/50 | train loss: 0.6484 | validation loss: 0.7579 | validation accuracy: 0.7894 | validation AP: 0.1693
Epoch 4/50 | train loss: 0.6467 | validation loss: 0.7301 | validation accuracy: 0.7299 | validation AP: 0.1635
Epoch 5/50 | train loss: 0.648 | validation loss: 0.7207 | validation accuracy: 0.739 | validation AP: 0.1447
Epoch 6/50 | train loss: 0.6349 | validation loss: 0.7661 | validation accuracy: 0.7607 | validation AP: 0.146
Epoch 7/50 | train loss: 0.6297 | validation loss: 0.7577 | validation accuracy: 0.7439 | validation AP: 0.1478
Stopping at epoch 7: validation AP has not improved for 4 epochs.
Best epoch: 3 | validation AP: 0.1693 | epochs run: 7

Validation classification report:
              precision    recall  f1-score   support

  disengaged     0.2128    0.3012    0.2494       166
     engaged     0.9028    0.8535    0.8775      1263

    accuracy                         0.7894      1429
   macro avg     0.5578    0.5774    0.5634      1429
weighted avg     0.8227    0.7894    0.8045      1429

Confusion matrix (rows: actual, columns: predicted):
[[  50  116]
 [ 185 1078]]
Epoch 1/50 | train loss: 0.6755 | validation loss: 0.7159 | validation accuracy: 0.6879 | validation AP: 0.1547
Epoch 2/50 | train loss: 0.6606 | validation loss: 0.6978 | validation accuracy: 0.7257 | validation AP: 0.1656
Epoch 3/50 | train loss: 0.6507 | validation loss: 0.7331 | validation accuracy: 0.6914 | validation AP: 0.1335
Epoch 4/50 | train loss: 0.6439 | validation loss: 0.7405 | validation accuracy: 0.6907 | validation AP: 0.1376
Epoch 5/50 | train loss: 0.6437 | validation loss: 0.7178 | validation accuracy: 0.732 | validation AP: 0.1735
Epoch 6/50 | train loss: 0.63 | validation loss: 0.7684 | validation accuracy: 0.7565 | validation AP: 0.1609
Epoch 7/50 | train loss: 0.6225 | validation loss: 0.7544 | validation accuracy: 0.8048 | validation AP: 0.1928
Epoch 8/50 | train loss: 0.6196 | validation loss: 0.7631 | validation accuracy: 0.7803 | validation AP: 0.1979
Epoch 9/50 | train loss: 0.6058 | validation loss: 0.7343 | validation accuracy: 0.697 | validation AP: 0.1621
Epoch 10/50 | train loss: 0.6121 | validation loss: 0.7276 | validation accuracy: 0.725 | validation AP: 0.1654
Epoch 11/50 | train loss: 0.5952 | validation loss: 0.7246 | validation accuracy: 0.7411 | validation AP: 0.1935
Epoch 12/50 | train loss: 0.6007 | validation loss: 0.7267 | validation accuracy: 0.7264 | validation AP: 0.1838
Stopping at epoch 12: validation AP has not improved for 4 epochs.
Best epoch: 8 | validation AP: 0.1979 | epochs run: 12

Validation classification report:
              precision    recall  f1-score   support

  disengaged     0.1992    0.2952    0.2379       166
     engaged     0.9011    0.8440    0.8716      1263

    accuracy                         0.7803      1429
   macro avg     0.5501    0.5696    0.5547      1429
weighted avg     0.8196    0.7803    0.7980      1429

Confusion matrix (rows: actual, columns: predicted):
[[  49  117]
 [ 197 1066]]
Epoch 1/50 | train loss: 0.6738 | validation loss: 0.7625 | validation accuracy: 0.774 | validation AP: 0.1469
Epoch 2/50 | train loss: 0.6557 | validation loss: 0.7086 | validation accuracy: 0.6501 | validation AP: 0.162
Epoch 3/50 | train loss: 0.6499 | validation loss: 0.7297 | validation accuracy: 0.7313 | validation AP: 0.1642
Epoch 4/50 | train loss: 0.6375 | validation loss: 0.7391 | validation accuracy: 0.7243 | validation AP: 0.1336
Epoch 5/50 | train loss: 0.6353 | validation loss: 0.6832 | validation accuracy: 0.6452 | validation AP: 0.158
Epoch 6/50 | train loss: 0.6395 | validation loss: 0.6821 | validation accuracy: 0.6417 | validation AP: 0.1779
Epoch 7/50 | train loss: 0.6268 | validation loss: 0.7289 | validation accuracy: 0.7404 | validation AP: 0.1523
Epoch 8/50 | train loss: 0.6142 | validation loss: 0.7181 | validation accuracy: 0.6935 | validation AP: 0.1448
Epoch 9/50 | train loss: 0.6188 | validation loss: 0.7465 | validation accuracy: 0.7362 | validation AP: 0.1632[I 2026-10-09 00:54:57,884] Trial 12 finished with value: 0.18604551813010317 and parameters: {'hidden_size': 23, 'num_layers': 2, 'dropout': 0.1, 'learning_rate': 0.0024307993564748023, 'batch_size': 32}. Best is trial 3 with value: 0.22038400171515896.
[I 2026-10-09 00:55:25,942] Trial 13 finished with value: 0.20809707841720929 and parameters: {'hidden_size': 58, 'num_layers': 2, 'dropout': 0.1, 'learning_rate': 0.003379631373462677, 'batch_size': 32}. Best is trial 3 with value: 0.22038400171515896.

Epoch 10/50 | train loss: 0.6227 | validation loss: 0.6944 | validation accuracy: 0.6305 | validation AP: 0.1909
Epoch 11/50 | train loss: 0.6196 | validation loss: 0.751 | validation accuracy: 0.7677 | validation AP: 0.1665
Epoch 12/50 | train loss: 0.5968 | validation loss: 0.758 | validation accuracy: 0.7635 | validation AP: 0.179
Epoch 13/50 | train loss: 0.5937 | validation loss: 0.809 | validation accuracy: 0.7915 | validation AP: 0.1631
Epoch 14/50 | train loss: 0.595 | validation loss: 0.7199 | validation accuracy: 0.6186 | validation AP: 0.1508
Stopping at epoch 14: validation AP has not improved for 4 epochs.
Best epoch: 10 | validation AP: 0.1909 | epochs run: 14

Validation classification report:
              precision    recall  f1-score   support

  disengaged     0.1546    0.4880    0.2348       166
     engaged     0.9061    0.6492    0.7565      1263

    accuracy                         0.6305      1429
   macro avg     0.5303    0.5686    0.4956      1429
weighted avg     0.8188    0.6305    0.6959      1429

Confusion matrix (rows: actual, columns: predicted):
[[ 81  85]
 [443 820]]
Epoch 1/50 | train loss: 0.6809 | validation loss: 0.7224 | validation accuracy: 0.718 | validation AP: 0.1452
Epoch 2/50 | train loss: 0.6669 | validation loss: 0.7317 | validation accuracy: 0.8369 | validation AP: 0.1714
Epoch 3/50 | train loss: 0.6565 | validation loss: 0.721 | validation accuracy: 0.7586 | validation AP: 0.1758
Epoch 4/50 | train loss: 0.6554 | validation loss: 0.708 | validation accuracy: 0.7222 | validation AP: 0.2059
Epoch 5/50 | train loss: 0.6549 | validation loss: 0.7349 | validation accuracy: 0.7369 | validation AP: 0.1298
Epoch 6/50 | train loss: 0.6477 | validation loss: 0.7627 | validation accuracy: 0.8348 | validation AP: 0.1603
Epoch 7/50 | train loss: 0.6651 | validation loss: 0.7538 | validation accuracy: 0.7292 | validation AP: 0.1657
Epoch 8/50 | train loss: 0.6519 | validation loss: 0.7684 | validation accuracy: 0.8293 | validation AP: 0.1845
Stopping at epoch 8: validation AP has not improved for 4 epochs.
Best epoch: 4 | validation AP: 0.2059 | epochs run: 8

Validation classification report:
              precision    recall  f1-score   support

  disengaged     0.1853    0.4096    0.2552       166
     engaged     0.9077    0.7633    0.8292      1263

    accuracy                         0.7222      1429
   macro avg     0.5465    0.5865    0.5422      1429
weighted avg     0.8238    0.7222    0.7626      1429

Confusion matrix (rows: actual, columns: predicted):
[[ 68  98]
 [299 964]]
Epoch 1/50 | train loss: 0.6813 | validation loss: 0.7161 | validation accuracy: 0.69 | validation AP: 0.1461
Epoch 2/50 | train loss: 0.6672 | validation loss: 0.7172 | validation accuracy: 0.7145 | validation AP: 0.1457
Epoch 3/50 | train loss: 0.6613 | validation loss: 0.715 | validation accuracy: 0.7215 | validation AP: 0.1506
Epoch 4/50 | train loss: 0.6486 | validation loss: 0.7833 | validation accuracy: 0.6851 | validation AP: 0.1263
Epoch 5/50 | train loss: 0.645 | validation loss: 0.6603 | validation accuracy: 0.662 | validation AP: 0.2278
Epoch 6/50 | train loss: 0.641 | validation loss: 0.7584 | validation accuracy: 0.7089 | validation AP: 0.1871
Epoch 7/50 | train loss: 0.6227 | validation loss: 0.7405 | validation accuracy: 0.7964 | validation AP: 0.1832
Epoch 8/50 | train loss: 0.6127 | validation loss: 0.7008 | validation accuracy: 0.739 | validation AP: 0.1958
Epoch 9/50 | train loss: 0.6245 | validation loss: 0.7188 | validation accuracy: 0.7061 | validation AP: 0.1547
Stopping at epoch 9: validation AP has not improved for 4 epochs.
Best epoch: 5 | validation AP: 0.2278 | epochs run: 9

Validation classification report:
              precision    recall  f1-score   support

  disengaged     0.1849    0.5602    0.2780       166
     engaged     0.9212    0.6754    0.7794      1263

    accuracy                         0.6620      1429
   macro avg     0.5530    0.6178    0.5287      1429
weighted avg     0.8356    0.6620    0.7211      1429

Confusion matrix (rows: actual, columns: predicted):
[[ 93  73]
 [410 853]]
Epoch 1/50 | train loss: 0.6824 | validation loss: 0.7507 | validation accuracy: 0.7194 | validation AP: 0.1496
Epoch 2/50 | train loss: 0.6651 | validation loss: 0.6912 | validation accuracy: 0.6074 | validation AP: 0.1907
Epoch 3/50 | train loss: 0.661 | validation loss: 0.7608 | validation accuracy: 0.8195 | validation AP: 0.1562
Epoch 4/50 | train loss: 0.6447 | validation loss: 0.7324 | validation accuracy: 0.8223 | validation AP: 0.1368
Epoch 5/50 | train loss: 0.6457 | validation loss: 0.6996 | validation accuracy: 0.7075 | validation AP: 0.1556
Epoch 6/50 | train loss: 0.6403 | validation loss: 0.7036 | validation accuracy: 0.6676 | validation AP: 0.137
Stopping at epoch 6: validation AP has not improved for 4 epochs.
Best epoch: 2 | validation AP: 0.1907 | epochs run: 6

Validation classification report:
              precision    recall  f1-score   support

  disengaged     0.1589    0.5542    0.2470       166
     engaged     0.9129    0.6144    0.7345      1263

    accuracy                         0.6074      1429
   macro avg     0.5359    0.5843    0.4907      1429
weighted avg     0.8253    0.6074    0.6779      1429

Confusion matrix (rows: actual, columns: predicted):
[[ 92  74]
 [487 776]]
Epoch 1/50 | train loss: 0.6473 | validation loss: 0.736 | validation accuracy: 0.8439 | validation AP: 0.1626
Epoch 2/50 | train loss: 0.6104 | validation loss: 0.7516 | validation accuracy: 0.8432 | validation AP: 0.1744
Epoch 3/50 | train loss: 0.6098 | validation loss: 0.7854 | validation accuracy: 0.8167 | validation AP: 0.1579
Epoch 4/50 | train loss: 0.6148 | validation loss: 0.7316 | validation accuracy: 0.7929 | validation AP: 0.1593
Epoch 5/50 | train loss: 0.6056 | validation loss: 0.7476 | validation accuracy: 0.7971 | validation AP: 0.1402
Epoch 6/50 | train loss: 0.5987 | validation loss: 0.772 | validation accuracy: 0.7915 | validation AP: 0.152
Stopping at epoch 6: validation AP has not improved for 4 epochs.
Best epoch: 2 | validation AP: 0.1744 | epochs run: 6

Validation classification report:
              precision    recall  f1-score   support

  disengaged     0.1778    0.0964    0.1250       166
     engaged     0.8880    0.9414    0.9139      1263

    accuracy                         0.8432      1429
   macro avg     0.5329    0.5189    0.5195      1429
weighted avg     0.8055    0.8432    0.8223      1429

Confusion matrix (rows: actual, columns: predicted):
[[  16  150]
 [  74 1189]]
Epoch 1/50 | train loss: 0.6496 | validation loss: 0.7339 | validation accuracy: 0.83 | validation AP: 0.1684
Epoch 2/50 | train loss: 0.6155 | validation loss: 0.7119 | validation accuracy: 0.8069 | validation AP: 0.1804
Epoch 3/50 | train loss: 0.6204 | validation loss: 0.7351 | validation accuracy: 0.788 | validation AP: 0.1556
Epoch 4/50 | train loss: 0.6076 | validation loss: 0.755 | validation accuracy: 0.7593 | validation AP: 0.1429
Epoch 5/50 | train loss: 0.6055 | validation loss: 0.7253 | validation accuracy: 0.8083 | validation AP: 0.1884
Epoch 6/50 | train loss: 0.5967 | validation loss: 0.7542 | validation accuracy: 0.7677 | validation AP: 0.1557
Epoch 7/50 | train loss: 0.5948 | validation loss: 0.7387 | validation accuracy: 0.7901 | validation AP: 0.1751
Epoch 8/50 | train loss: 0.589 | validation loss: 0.7598 | validation accuracy: 0.7985 | validation AP: 0.1669
Epoch 9/50 | train loss: 0.5758 | validation loss: 0.7494 | validation accuracy: 0.767 | validation AP: 0.1578
Stopping at epoch 9: validation AP has not improved for 4 epochs.
Best epoch: 5 | validation AP: 0.1884 | epochs run: 9

Validation classification report:
              precision    recall  f1-score   support

  disengaged     0.2188    0.2530    0.2346       166
     engaged     0.8998    0.8812    0.8904      1263

    accuracy                         0.8083      1429
   macro avg     0.5593    0.5671    0.5625      1429
weighted avg     0.8206    0.8083    0.8142      1429

Confusion matrix (rows: actual, columns: predicted):
[[  42  124]
 [ 150 1113]]
Epoch 1/50 | train loss: 0.6387 | validation loss: 0.7689 | validation accuracy: 0.8362 | validation AP: 0.146[I 2026-10-09 00:56:07,778] Trial 14 finished with value: 0.17581066273050752 and parameters: {'hidden_size': 28, 'num_layers': 1, 'dropout': 0.05, 'learning_rate': 0.0012434022867020287, 'batch_size': 16}. Best is trial 3 with value: 0.22038400171515896.
[I 2026-10-09 00:56:48,595] Trial 15 finished with value: 0.22756170976076595 and parameters: {'hidden_size': 93, 'num_layers': 1, 'dropout': 0.5, 'learning_rate': 0.0028410593716205537, 'batch_size': 16}. Best is trial 15 with value: 0.22756170976076595.

Epoch 2/50 | train loss: 0.6202 | validation loss: 0.7167 | validation accuracy: 0.7712 | validation AP: 0.1608
Epoch 3/50 | train loss: 0.6117 | validation loss: 0.7575 | validation accuracy: 0.8334 | validation AP: 0.1647
Epoch 4/50 | train loss: 0.6042 | validation loss: 0.7189 | validation accuracy: 0.8083 | validation AP: 0.1536
Epoch 5/50 | train loss: 0.5958 | validation loss: 0.7093 | validation accuracy: 0.774 | validation AP: 0.1647
Epoch 6/50 | train loss: 0.5914 | validation loss: 0.7517 | validation accuracy: 0.7649 | validation AP: 0.1435
Epoch 7/50 | train loss: 0.5924 | validation loss: 0.7627 | validation accuracy: 0.8076 | validation AP: 0.1559
Stopping at epoch 7: validation AP has not improved for 4 epochs.
Best epoch: 3 | validation AP: 0.1647 | epochs run: 7

Validation classification report:
              precision    recall  f1-score   support

  disengaged     0.1786    0.1205    0.1439       166
     engaged     0.8891    0.9272    0.9078      1263

    accuracy                         0.8334      1429
   macro avg     0.5339    0.5238    0.5258      1429
weighted avg     0.8066    0.8334    0.8190      1429

Confusion matrix (rows: actual, columns: predicted):
[[  20  146]
 [  92 1171]]
Epoch 1/50 | train loss: 0.6568 | validation loss: 0.7429 | validation accuracy: 0.8293 | validation AP: 0.1506
Epoch 2/50 | train loss: 0.6234 | validation loss: 0.768 | validation accuracy: 0.8733 | validation AP: 0.2248
Epoch 3/50 | train loss: 0.6256 | validation loss: 0.7661 | validation accuracy: 0.8537 | validation AP: 0.1891
Epoch 4/50 | train loss: 0.6409 | validation loss: 0.6835 | validation accuracy: 0.7509 | validation AP: 0.2103
Epoch 5/50 | train loss: 0.6355 | validation loss: 0.747 | validation accuracy: 0.8181 | validation AP: 0.1226
Epoch 6/50 | train loss: 0.6216 | validation loss: 0.7947 | validation accuracy: 0.8321 | validation AP: 0.1618
Stopping at epoch 6: validation AP has not improved for 4 epochs.
Best epoch: 2 | validation AP: 0.2248 | epochs run: 6

Validation classification report:
              precision    recall  f1-score   support

  disengaged     0.3256    0.0843    0.1340       166
     engaged     0.8903    0.9770    0.9317      1263

    accuracy                         0.8733      1429
   macro avg     0.6080    0.5307    0.5328      1429
weighted avg     0.8247    0.8733    0.8390      1429

Confusion matrix (rows: actual, columns: predicted):
[[  14  152]
 [  29 1234]]
Epoch 1/50 | train loss: 0.6618 | validation loss: 0.7514 | validation accuracy: 0.8083 | validation AP: 0.1419
Epoch 2/50 | train loss: 0.6362 | validation loss: 0.7675 | validation accuracy: 0.8097 | validation AP: 0.1339
Epoch 3/50 | train loss: 0.6454 | validation loss: 0.7279 | validation accuracy: 0.7061 | validation AP: 0.1417
Epoch 4/50 | train loss: 0.6309 | validation loss: 0.7839 | validation accuracy: 0.7327 | validation AP: 0.133
Epoch 5/50 | train loss: 0.6321 | validation loss: 0.6913 | validation accuracy: 0.8111 | validation AP: 0.223
Epoch 6/50 | train loss: 0.6262 | validation loss: 0.7116 | validation accuracy: 0.7138 | validation AP: 0.1855
Epoch 7/50 | train loss: 0.6137 | validation loss: 0.7311 | validation accuracy: 0.8111 | validation AP: 0.1882
Epoch 8/50 | train loss: 0.6089 | validation loss: 0.6936 | validation accuracy: 0.7656 | validation AP: 0.1904
Epoch 9/50 | train loss: 0.5983 | validation loss: 0.7804 | validation accuracy: 0.767 | validation AP: 0.165
Stopping at epoch 9: validation AP has not improved for 4 epochs.
Best epoch: 5 | validation AP: 0.223 | epochs run: 9

Validation classification report:
              precision    recall  f1-score   support

  disengaged     0.2451    0.3012    0.2703       166
     engaged     0.9053    0.8781    0.8915      1263

    accuracy                         0.8111      1429
   macro avg     0.5752    0.5896    0.5809      1429
weighted avg     0.8286    0.8111    0.8193      1429

Confusion matrix (rows: actual, columns: predicted):
[[  50  116]
 [ 154 1109]]
Epoch 1/50 | train loss: 0.6561 | validation loss: 0.7342 | validation accuracy: 0.7614 | validation AP: 0.1484
Epoch 2/50 | train loss: 0.6373 | validation loss: 0.6715 | validation accuracy: 0.739 | validation AP: 0.2349
Epoch 3/50 | train loss: 0.6384 | validation loss: 0.7572 | validation accuracy: 0.8425 | validation AP: 0.1662
Epoch 4/50 | train loss: 0.6281 | validation loss: 0.7171 | validation accuracy: 0.8097 | validation AP: 0.1291
Epoch 5/50 | train loss: 0.6422 | validation loss: 0.6892 | validation accuracy: 0.7523 | validation AP: 0.2016
Epoch 6/50 | train loss: 0.6277 | validation loss: 0.7622 | validation accuracy: 0.7782 | validation AP: 0.1141
Stopping at epoch 6: validation AP has not improved for 4 epochs.
Best epoch: 2 | validation AP: 0.2349 | epochs run: 6

Validation classification report:
              precision    recall  f1-score   support

  disengaged     0.2180    0.4819    0.3002       166
     engaged     0.9190    0.7728    0.8396      1263

    accuracy                         0.7390      1429
   macro avg     0.5685    0.6273    0.5699      1429
weighted avg     0.8376    0.7390    0.7769      1429

Confusion matrix (rows: actual, columns: predicted):
[[ 80  86]
 [287 976]]
Epoch 1/50 | train loss: 0.6758 | validation loss: 0.8986 | validation accuracy: 0.8845 | validation AP: 0.1532
Epoch 2/50 | train loss: 0.7057 | validation loss: 1.1181 | validation accuracy: 0.881 | validation AP: 0.1681
Epoch 3/50 | train loss: 0.7194 | validation loss: 0.8809 | validation accuracy: 0.8838 | validation AP: 0.2056
Epoch 4/50 | train loss: 0.7436 | validation loss: 0.6994 | validation accuracy: 0.4815 | validation AP: 0.1504
Epoch 5/50 | train loss: 0.7223 | validation loss: 0.7109 | validation accuracy: 0.6403 | validation AP: 0.1275
Epoch 6/50 | train loss: 0.6865 | validation loss: 0.7994 | validation accuracy: 0.8803 | validation AP: 0.1182
Epoch 7/50 | train loss: 0.7015 | validation loss: 0.8247 | validation accuracy: 0.8831 | validation AP: 0.163
Stopping at epoch 7: validation AP has not improved for 4 epochs.
Best epoch: 3 | validation AP: 0.2056 | epochs run: 7

Validation classification report:
              precision    recall  f1-score   support

  disengaged     0.5000    0.0723    0.1263       166
     engaged     0.8904    0.9905    0.9378      1263

    accuracy                         0.8838      1429
   macro avg     0.6952    0.5314    0.5320      1429
weighted avg     0.8450    0.8838    0.8435      1429

Confusion matrix (rows: actual, columns: predicted):
[[  12  154]
 [  12 1251]]
Epoch 1/50 | train loss: 0.7054 | validation loss: 0.7944 | validation accuracy: 0.8726 | validation AP: 0.1497
Epoch 2/50 | train loss: 0.6729 | validation loss: 0.9825 | validation accuracy: 0.7922 | validation AP: 0.113
Epoch 3/50 | train loss: 0.6738 | validation loss: 0.7539 | validation accuracy: 0.76 | validation AP: 0.159
Epoch 4/50 | train loss: 0.6823 | validation loss: 0.8294 | validation accuracy: 0.8551 | validation AP: 0.1421
Epoch 5/50 | train loss: 0.7033 | validation loss: 0.7145 | validation accuracy: 0.6613 | validation AP: 0.1588
Epoch 6/50 | train loss: 0.7099 | validation loss: 0.6788 | validation accuracy: 0.6424 | validation AP: 0.1653
Epoch 7/50 | train loss: 0.6934 | validation loss: 0.7357 | validation accuracy: 0.8453 | validation AP: 0.1575
Epoch 8/50 | train loss: 0.6665 | validation loss: 0.7167 | validation accuracy: 0.746 | validation AP: 0.1675
Epoch 9/50 | train loss: 0.6936 | validation loss: 0.8169 | validation accuracy: 0.7544 | validation AP: 0.1501
Epoch 10/50 | train loss: 0.6599 | validation loss: 0.7123 | validation accuracy: 0.8223 | validation AP: 0.1872
Epoch 11/50 | train loss: 0.6406 | validation loss: 0.7426 | validation accuracy: 0.7334 | validation AP: 0.1352
Epoch 12/50 | train loss: 0.6803 | validation loss: 0.6501 | validation accuracy: 0.5332 | validation AP: 0.1733
Epoch 13/50 | train loss: 0.6429 | validation loss: 0.8332 | validation accuracy: 0.8237 | validation AP: 0.1878
Epoch 14/50 | train loss: 0.6325 | validation loss: 0.9423 | validation accuracy: 0.8397 | validation AP: 0.2
Epoch 15/50 | train loss: 0.6083 | validation loss: 0.8021 | validation accuracy: 0.7733 | validation AP: 0.1725[I 2026-10-09 00:57:56,559] Trial 16 finished with value: 0.20241300223179362 and parameters: {'hidden_size': 102, 'num_layers': 2, 'dropout': 0.5, 'learning_rate': 0.004049685587521564, 'batch_size': 16}. Best is trial 15 with value: 0.22756170976076595.
[I 2026-10-09 00:59:34,474] Trial 17 finished with value: 0.2144203252881852 and parameters: {'hidden_size': 175, 'num_layers': 1, 'dropout': 0.5, 'learning_rate': 0.002390832233077926, 'batch_size': 16}. Best is trial 15 with value: 0.22756170976076595.

Epoch 16/50 | train loss: 0.6065 | validation loss: 0.7712 | validation accuracy: 0.7985 | validation AP: 0.2025
Epoch 17/50 | train loss: 0.6046 | validation loss: 0.9398 | validation accuracy: 0.8293 | validation AP: 0.1578
Epoch 18/50 | train loss: 0.6089 | validation loss: 0.9586 | validation accuracy: 0.8334 | validation AP: 0.1567
Epoch 19/50 | train loss: 0.6376 | validation loss: 0.8166 | validation accuracy: 0.8642 | validation AP: 0.154
Epoch 20/50 | train loss: 0.6262 | validation loss: 0.7768 | validation accuracy: 0.6977 | validation AP: 0.2005
Stopping at epoch 20: validation AP has not improved for 4 epochs.
Best epoch: 16 | validation AP: 0.2025 | epochs run: 20

Validation classification report:
              precision    recall  f1-score   support

  disengaged     0.1950    0.2349    0.2131       166
     engaged     0.8967    0.8725    0.8844      1263

    accuracy                         0.7985      1429
   macro avg     0.5458    0.5537    0.5488      1429
weighted avg     0.8152    0.7985    0.8064      1429

Confusion matrix (rows: actual, columns: predicted):
[[  39  127]
 [ 161 1102]]
Epoch 1/50 | train loss: 0.696 | validation loss: 0.6777 | validation accuracy: 0.1442 | validation AP: 0.1612
Epoch 2/50 | train loss: 0.7021 | validation loss: 0.8161 | validation accuracy: 0.8789 | validation AP: 0.1538
Epoch 3/50 | train loss: 0.6921 | validation loss: 0.7974 | validation accuracy: 0.8831 | validation AP: 0.1992
Epoch 4/50 | train loss: 0.6874 | validation loss: 0.8078 | validation accuracy: 0.8824 | validation AP: 0.1634
Epoch 5/50 | train loss: 0.6762 | validation loss: 0.7391 | validation accuracy: 0.8013 | validation AP: 0.1546
Epoch 6/50 | train loss: 0.6888 | validation loss: 0.7787 | validation accuracy: 0.8831 | validation AP: 0.1986
Epoch 7/50 | train loss: 0.6959 | validation loss: 0.7409 | validation accuracy: 0.7775 | validation AP: 0.1745
Stopping at epoch 7: validation AP has not improved for 4 epochs.
Best epoch: 3 | validation AP: 0.1992 | epochs run: 7

Validation classification report:
              precision    recall  f1-score   support

  disengaged     0.3333    0.0060    0.0118       166
     engaged     0.8843    0.9984    0.9379      1263

    accuracy                         0.8831      1429
   macro avg     0.6088    0.5022    0.4749      1429
weighted avg     0.8203    0.8831    0.8303      1429

Confusion matrix (rows: actual, columns: predicted):
[[   1  165]
 [   2 1261]]
Epoch 1/50 | train loss: 0.6652 | validation loss: 0.7456 | validation accuracy: 0.7649 | validation AP: 0.1397
Epoch 2/50 | train loss: 0.6372 | validation loss: 0.8387 | validation accuracy: 0.8817 | validation AP: 0.1749
Epoch 3/50 | train loss: 0.8318 | validation loss: 1.0175 | validation accuracy: 0.8838 | validation AP: 0.1966
Epoch 4/50 | train loss: 0.7804 | validation loss: 0.6664 | validation accuracy: 0.4738 | validation AP: 0.1915
Epoch 5/50 | train loss: 0.715 | validation loss: 0.6719 | validation accuracy: 0.6501 | validation AP: 0.179
Epoch 6/50 | train loss: 0.7007 | validation loss: 0.749 | validation accuracy: 0.8348 | validation AP: 0.1898
Epoch 7/50 | train loss: 0.6924 | validation loss: 0.7833 | validation accuracy: 0.8747 | validation AP: 0.1922
Stopping at epoch 7: validation AP has not improved for 4 epochs.
Best epoch: 3 | validation AP: 0.1966 | epochs run: 7

Validation classification report:
              precision    recall  f1-score   support

  disengaged     0.0000    0.0000    0.0000       166
     engaged     0.8838    1.0000    0.9383      1263

    accuracy                         0.8838      1429
   macro avg     0.4419    0.5000    0.4692      1429
weighted avg     0.7812    0.8838    0.8293      1429

Confusion matrix (rows: actual, columns: predicted):
[[   0  166]
 [   0 1263]]
Epoch 1/50 | train loss: 0.6814 | validation loss: 0.7415 | validation accuracy: 0.8355 | validation AP: 0.1451
Epoch 2/50 | train loss: 0.6427 | validation loss: 0.7575 | validation accuracy: 0.7887 | validation AP: 0.1333
Epoch 3/50 | train loss: 0.6439 | validation loss: 0.7025 | validation accuracy: 0.7313 | validation AP: 0.1632
Epoch 4/50 | train loss: 0.6349 | validation loss: 0.8281 | validation accuracy: 0.7117 | validation AP: 0.1254
Epoch 5/50 | train loss: 0.638 | validation loss: 0.6945 | validation accuracy: 0.8111 | validation AP: 0.2258
Epoch 6/50 | train loss: 0.6151 | validation loss: 0.7615 | validation accuracy: 0.7082 | validation AP: 0.1742
Epoch 7/50 | train loss: 0.6275 | validation loss: 0.7155 | validation accuracy: 0.7964 | validation AP: 0.2022
Epoch 8/50 | train loss: 0.6105 | validation loss: 0.6841 | validation accuracy: 0.7621 | validation AP: 0.2149
Epoch 9/50 | train loss: 0.6049 | validation loss: 0.7914 | validation accuracy: 0.7656 | validation AP: 0.1539
Stopping at epoch 9: validation AP has not improved for 4 epochs.
Best epoch: 5 | validation AP: 0.2258 | epochs run: 9

Validation classification report:
              precision    recall  f1-score   support

  disengaged     0.2320    0.2711    0.2500       166
     engaged     0.9020    0.8820    0.8919      1263

    accuracy                         0.8111      1429
   macro avg     0.5670    0.5766    0.5710      1429
weighted avg     0.8242    0.8111    0.8173      1429

Confusion matrix (rows: actual, columns: predicted):
[[  45  121]
 [ 149 1114]]
Epoch 1/50 | train loss: 0.6575 | validation loss: 0.7143 | validation accuracy: 0.6368 | validation AP: 0.1479
Epoch 2/50 | train loss: 0.651 | validation loss: 0.6691 | validation accuracy: 0.725 | validation AP: 0.2209
Epoch 3/50 | train loss: 0.6336 | validation loss: 0.7247 | validation accuracy: 0.7887 | validation AP: 0.1526
Epoch 4/50 | train loss: 0.642 | validation loss: 0.7023 | validation accuracy: 0.7866 | validation AP: 0.1493
Epoch 5/50 | train loss: 0.6425 | validation loss: 0.7091 | validation accuracy: 0.6452 | validation AP: 0.1319
Epoch 6/50 | train loss: 0.7122 | validation loss: 0.7911 | validation accuracy: 0.7761 | validation AP: 0.1377
Stopping at epoch 6: validation AP has not improved for 4 epochs.
Best epoch: 2 | validation AP: 0.2209 | epochs run: 6

Validation classification report:
              precision    recall  f1-score   support

  disengaged     0.2155    0.5181    0.3044       166
     engaged     0.9223    0.7522    0.8286      1263

    accuracy                         0.7250      1429
   macro avg     0.5689    0.6351    0.5665      1429
weighted avg     0.8402    0.7250    0.7677      1429

Confusion matrix (rows: actual, columns: predicted):
[[ 86  80]
 [313 950]]
Epoch 1/50 | train loss: 0.6408 | validation loss: 0.7349 | validation accuracy: 0.8237 | validation AP: 0.1498
Epoch 2/50 | train loss: 0.6113 | validation loss: 0.7533 | validation accuracy: 0.8642 | validation AP: 0.1791
Epoch 3/50 | train loss: 0.6069 | validation loss: 0.7777 | validation accuracy: 0.8279 | validation AP: 0.1668
Epoch 4/50 | train loss: 0.6167 | validation loss: 0.7237 | validation accuracy: 0.7754 | validation AP: 0.1672
Epoch 5/50 | train loss: 0.6078 | validation loss: 0.7625 | validation accuracy: 0.8195 | validation AP: 0.1377
Epoch 6/50 | train loss: 0.6005 | validation loss: 0.7829 | validation accuracy: 0.8139 | validation AP: 0.1578
Stopping at epoch 6: validation AP has not improved for 4 epochs.
Best epoch: 2 | validation AP: 0.1791 | epochs run: 6

Validation classification report:
              precision    recall  f1-score   support

  disengaged     0.2500    0.0843    0.1261       166
     engaged     0.8893    0.9667    0.9264      1263

    accuracy                         0.8642      1429
   macro avg     0.5696    0.5255    0.5263      1429
weighted avg     0.8150    0.8642    0.8334      1429

Confusion matrix (rows: actual, columns: predicted):
[[  14  152]
 [  42 1221]]
Epoch 1/50 | train loss: 0.6455 | validation loss: 0.7406 | validation accuracy: 0.839 | validation AP: 0.1567
Epoch 2/50 | train loss: 0.6197 | validation loss: 0.7273 | validation accuracy: 0.8076 | validation AP: 0.1584
Epoch 3/50 | train loss: 0.6226 | validation loss: 0.7307 | validation accuracy: 0.8118 | validation AP: 0.1569
Epoch 4/50 | train loss: 0.6078 | validation loss: 0.7611 | validation accuracy: 0.7481 | validation AP: 0.1348[I 2026-10-09 01:00:26,212] Trial 18 finished with value: 0.1928737249122051 and parameters: {'hidden_size': 81, 'num_layers': 1, 'dropout': 0.1, 'learning_rate': 0.0009534781917218532, 'batch_size': 16}. Best is trial 15 with value: 0.22756170976076595.
[I 2026-10-09 01:00:50,507] Trial 19 finished with value: 0.18845231653452574 and parameters: {'hidden_size': 158, 'num_layers': 1, 'dropout': 0.0, 'learning_rate': 0.00742877761690976, 'batch_size': 64}. Best is trial 15 with value: 0.22756170976076595.

Epoch 5/50 | train loss: 0.6064 | validation loss: 0.7279 | validation accuracy: 0.8258 | validation AP: 0.199
Epoch 6/50 | train loss: 0.6001 | validation loss: 0.741 | validation accuracy: 0.7649 | validation AP: 0.156
Epoch 7/50 | train loss: 0.6006 | validation loss: 0.73 | validation accuracy: 0.788 | validation AP: 0.1827
Epoch 8/50 | train loss: 0.5912 | validation loss: 0.7726 | validation accuracy: 0.8251 | validation AP: 0.1825
Epoch 9/50 | train loss: 0.5795 | validation loss: 0.7631 | validation accuracy: 0.7488 | validation AP: 0.1494
Stopping at epoch 9: validation AP has not improved for 4 epochs.
Best epoch: 5 | validation AP: 0.199 | epochs run: 9

Validation classification report:
              precision    recall  f1-score   support

  disengaged     0.2138    0.1867    0.1994       166
     engaged     0.8949    0.9097    0.9022      1263

    accuracy                         0.8258      1429
   macro avg     0.5543    0.5482    0.5508      1429
weighted avg     0.8157    0.8258    0.8206      1429

Confusion matrix (rows: actual, columns: predicted):
[[  31  135]
 [ 114 1149]]
Epoch 1/50 | train loss: 0.6368 | validation loss: 0.756 | validation accuracy: 0.8258 | validation AP: 0.1534
Epoch 2/50 | train loss: 0.6225 | validation loss: 0.6988 | validation accuracy: 0.7712 | validation AP: 0.1865
Epoch 3/50 | train loss: 0.6132 | validation loss: 0.757 | validation accuracy: 0.7768 | validation AP: 0.1539
Epoch 4/50 | train loss: 0.6038 | validation loss: 0.7206 | validation accuracy: 0.8383 | validation AP: 0.1747
Epoch 5/50 | train loss: 0.598 | validation loss: 0.6988 | validation accuracy: 0.7768 | validation AP: 0.2006
Epoch 6/50 | train loss: 0.5933 | validation loss: 0.7415 | validation accuracy: 0.7852 | validation AP: 0.1617
Epoch 7/50 | train loss: 0.5924 | validation loss: 0.7849 | validation accuracy: 0.8083 | validation AP: 0.1538
Epoch 8/50 | train loss: 0.5803 | validation loss: 0.7548 | validation accuracy: 0.7887 | validation AP: 0.159
Epoch 9/50 | train loss: 0.5826 | validation loss: 0.7954 | validation accuracy: 0.816 | validation AP: 0.1539
Stopping at epoch 9: validation AP has not improved for 4 epochs.
Best epoch: 5 | validation AP: 0.2006 | epochs run: 9

Validation classification report:
              precision    recall  f1-score   support

  disengaged     0.1976    0.3012    0.2387       166
     engaged     0.9014    0.8393    0.8692      1263

    accuracy                         0.7768      1429
   macro avg     0.5495    0.5702    0.5539      1429
weighted avg     0.8196    0.7768    0.7960      1429

Confusion matrix (rows: actual, columns: predicted):
[[  50  116]
 [ 203 1060]]
Epoch 1/50 | train loss: 0.732 | validation loss: 0.7541 | validation accuracy: 0.8439 | validation AP: 0.1794
Epoch 2/50 | train loss: 0.7322 | validation loss: 0.7145 | validation accuracy: 0.7383 | validation AP: 0.1964
Epoch 3/50 | train loss: 0.7311 | validation loss: 0.7262 | validation accuracy: 0.7194 | validation AP: 0.1753
Epoch 4/50 | train loss: 0.6805 | validation loss: 0.6525 | validation accuracy: 0.3695 | validation AP: 0.1773
Epoch 5/50 | train loss: 0.6519 | validation loss: 0.6708 | validation accuracy: 0.1617 | validation AP: 0.1711
Epoch 6/50 | train loss: 0.6976 | validation loss: 1.209 | validation accuracy: 0.8649 | validation AP: 0.1864
Stopping at epoch 6: validation AP has not improved for 4 epochs.
Best epoch: 2 | validation AP: 0.1964 | epochs run: 6

Validation classification report:
              precision    recall  f1-score   support

  disengaged     0.1810    0.3554    0.2398       166
     engaged     0.9030    0.7886    0.8419      1263

    accuracy                         0.7383      1429
   macro avg     0.5420    0.5720    0.5409      1429
weighted avg     0.8191    0.7383    0.7720      1429

Confusion matrix (rows: actual, columns: predicted):
[[ 59 107]
 [267 996]]
Epoch 1/50 | train loss: 0.7256 | validation loss: 0.8116 | validation accuracy: 0.6179 | validation AP: 0.1514
Epoch 2/50 | train loss: 0.7411 | validation loss: 0.8268 | validation accuracy: 0.7425 | validation AP: 0.1468
Epoch 3/50 | train loss: 0.7207 | validation loss: 0.6457 | validation accuracy: 0.1784 | validation AP: 0.1648
Epoch 4/50 | train loss: 0.6933 | validation loss: 0.8525 | validation accuracy: 0.795 | validation AP: 0.1405
Epoch 5/50 | train loss: 0.7043 | validation loss: 0.6849 | validation accuracy: 0.6242 | validation AP: 0.1587
Epoch 6/50 | train loss: 0.6593 | validation loss: 0.6555 | validation accuracy: 0.4703 | validation AP: 0.1645
Epoch 7/50 | train loss: 0.7088 | validation loss: 0.6765 | validation accuracy: 0.1966 | validation AP: 0.1786
Epoch 8/50 | train loss: 0.7146 | validation loss: 0.6562 | validation accuracy: 0.4829 | validation AP: 0.1638
Epoch 9/50 | train loss: 0.6357 | validation loss: 0.7177 | validation accuracy: 0.6004 | validation AP: 0.1574
Epoch 10/50 | train loss: 0.6652 | validation loss: 0.8741 | validation accuracy: 0.6704 | validation AP: 0.153
Epoch 11/50 | train loss: 0.6589 | validation loss: 0.6328 | validation accuracy: 0.3457 | validation AP: 0.1689
Stopping at epoch 11: validation AP has not improved for 4 epochs.
Best epoch: 7 | validation AP: 0.1786 | epochs run: 11

Validation classification report:
              precision    recall  f1-score   support

  disengaged     0.1188    0.9217    0.2105       166
     engaged     0.9078    0.1013    0.1823      1263

    accuracy                         0.1966      1429
   macro avg     0.5133    0.5115    0.1964      1429
weighted avg     0.8161    0.1966    0.1856      1429

Confusion matrix (rows: actual, columns: predicted):
[[ 153   13]
 [1135  128]]
Epoch 1/50 | train loss: 0.704 | validation loss: 0.679 | validation accuracy: 0.5591 | validation AP: 0.158
Epoch 2/50 | train loss: 0.716 | validation loss: 0.6324 | validation accuracy: 0.4423 | validation AP: 0.1904
Epoch 3/50 | train loss: 0.6808 | validation loss: 0.9753 | validation accuracy: 0.774 | validation AP: 0.1042
Epoch 4/50 | train loss: 0.7045 | validation loss: 0.6638 | validation accuracy: 0.4787 | validation AP: 0.1715
Epoch 5/50 | train loss: 0.7018 | validation loss: 0.7334 | validation accuracy: 0.3359 | validation AP: 0.1406
Epoch 6/50 | train loss: 0.6573 | validation loss: 0.7206 | validation accuracy: 0.5633 | validation AP: 0.1717
Stopping at epoch 6: validation AP has not improved for 4 epochs.
Best epoch: 2 | validation AP: 0.1904 | epochs run: 6

Validation classification report:
              precision    recall  f1-score   support

  disengaged     0.1451    0.7771    0.2445       166
     engaged     0.9315    0.3983    0.5580      1263

    accuracy                         0.4423      1429
   macro avg     0.5383    0.5877    0.4013      1429
weighted avg     0.8401    0.4423    0.5216      1429

Confusion matrix (rows: actual, columns: predicted):
[[129  37]
 [760 503]]
Epoch 1/50 | train loss: 0.6582 | validation loss: 0.6663 | validation accuracy: 0.6655 | validation AP: 0.1784
Epoch 2/50 | train loss: 0.6445 | validation loss: 0.7624 | validation accuracy: 0.8838 | validation AP: 0.2227
Epoch 3/50 | train loss: 0.6404 | validation loss: 0.7541 | validation accuracy: 0.7432 | validation AP: 0.1267
Epoch 4/50 | train loss: 0.6225 | validation loss: 0.8781 | validation accuracy: 0.8607 | validation AP: 0.2002
Epoch 5/50 | train loss: 0.6285 | validation loss: 0.7936 | validation accuracy: 0.7635 | validation AP: 0.1329
Epoch 6/50 | train loss: 0.6255 | validation loss: 0.8349 | validation accuracy: 0.7992 | validation AP: 0.1458
Stopping at epoch 6: validation AP has not improved for 4 epochs.
Best epoch: 2 | validation AP: 0.2227 | epochs run: 6

Validation classification report:
              precision    recall  f1-score   support

  disengaged     0.5000    0.0361    0.0674       166
     engaged     0.8871    0.9952    0.9381      1263

    accuracy                         0.8838      1429
   macro avg     0.6935    0.5157    0.5027      1429
weighted avg     0.8421    0.8838    0.8369      1429

Confusion matrix (rows: actual, columns: predicted):
[[   6  160]
 [   6 1257]]
Epoch 1/50 | train loss: 0.6472 | validation loss: 0.6925 | validation accuracy: 0.7075 | validation AP: 0.1672
Epoch 2/50 | train loss: 0.6344 | validation loss: 0.6902 | validation accuracy: 0.7775 | validation AP: 0.1633
Epoch 3/50 | train loss: 0.6303 | validation loss: 0.7572 | validation accuracy: 0.8348 | validation AP: 0.1597
Epoch 4/50 | train loss: 0.6163 | validation loss: 0.7947 | validation accuracy: 0.8474 | validation AP: 0.1633
Epoch 5/50 | train loss: 0.6312 | validation loss: 0.8696 | validation accuracy: 0.8216 | validation AP: 0.1124
Stopping at epoch 5: validation AP has not improved for 4 epochs.
Best epoch: 1 | validation AP: 0.1672 | epochs run: 5

Validation classification report:
              precision    recall  f1-score   support

  disengaged     0.1736    0.4036    0.2428       166
     engaged     0.9051    0.7474    0.8187      1263

    accuracy                         0.7075      1429
   macro avg     0.5393    0.5755    0.5307      1429
weighted avg     0.8201    0.7075    0.7518      1429

Confusion matrix (rows: actual, columns: predicted):
[[ 67  99]
 [319 944]]
Epoch 1/50 | train loss: 0.6497 | validation loss: 0.805 | validation accuracy: 0.8537 | validation AP: 0.1592
Epoch 2/50 | train loss: 0.6461 | validation loss: 0.7458 | validation accuracy: 0.8055 | validation AP: 0.1453
Epoch 3/50 | train loss: 0.6353 | validation loss: 0.6949 | validation accuracy: 0.7131 | validation AP: 0.1557
Epoch 4/50 | train loss: 0.6211 | validation loss: 0.7354 | validation accuracy: 0.7789 | validation AP: 0.152
Epoch 5/50 | train loss: 0.6382 | validation loss: 0.772 | validation accuracy: 0.7509 | validation AP: 0.1327
Stopping at epoch 5: validation AP has not improved for 4 epochs.
Best epoch: 1 | validation AP: 0.1592 | epochs run: 5

Validation classification report:
              precision    recall  f1-score   support

  disengaged     0.1791    0.0723    0.1030       166
     engaged     0.8869    0.9565    0.9204      1263

    accuracy                         0.8537      1429
   macro avg     0.5330    0.5144    0.5117      1429
weighted avg     0.8047    0.8537    0.8254      1429

Confusion matrix (rows: actual, columns: predicted):
[[  12  154]
 [  55 1208]]
Epoch 1/50 | train loss: 0.6465 | validation loss: 0.7614 | validation accuracy: 0.8502 | validation AP: 0.1474
Epoch 2/50 | train loss: 0.6414 | validation loss: 0.7371 | validation accuracy: 0.8677 | validation AP: 0.1967
Epoch 3/50 | train loss: 0.6282 | validation loss: 0.81 | validation accuracy: 0.8537 | validation AP: 0.225
Epoch 4/50 | train loss: 0.6268 | validation loss: 0.8495 | validation accuracy: 0.8181 | validation AP: 0.162
Epoch 5/50 | train loss: 0.6292 | validation loss: 0.8022 | validation accuracy: 0.7712 | validation AP: 0.134
Epoch 6/50 | train loss: 0.6139 | validation loss: 0.7462 | validation accuracy: 0.8237 | validation AP: 0.1908
Epoch 7/50 | train loss: 0.5923 | validation loss: 0.6863 | validation accuracy: 0.6536 | validation AP: 0.1987
Stopping at epoch 7: validation AP has not improved for 4 epochs.
Best epoch: 3 | validation AP: 0.225 | epochs run: 7

Validation classification report:
              precision    recall  f1-score   support

  disengaged     0.2637    0.1446    0.1868       166
     engaged     0.8939    0.9470    0.9196      1263

    accuracy                         0.8537      1429
   macro avg     0.5788    0.5458    0.5532      1429
weighted avg     0.8207    0.8537    0.8345      1429

Confusion matrix (rows: actual, columns: predicted):
[[  24  142]
 [  67 1196]]
Epoch 1/50 | train loss: 0.6525 | validation loss: 0.7289 | validation accuracy: 0.8118 | validation AP: 0.159
Epoch 2/50 | train loss: 0.6324 | validation loss: 0.7444 | validation accuracy: 0.7831 | validation AP: 0.1321
Epoch 3/50 | train loss: 0.6222 | validation loss: 0.7744 | validation accuracy: 0.8062 | validation AP: 0.1994
Epoch 4/50 | train loss: 0.6302 | validation loss: 0.7738 | validation accuracy: 0.6277 | validation AP: 0.1279
Epoch 5/50 | train loss: 0.6106 | validation loss: 0.7883 | validation accuracy: 0.7334 | validation AP: 0.1357
Epoch 6/50 | train loss: 0.6126 | validation loss: 0.7327 | validation accuracy: 0.7523 | validation AP: 0.1389
Epoch 7/50 | train loss: 0.6133 | validation loss: 0.7301 | validation accuracy: 0.8034 | validation AP: 0.1928
Stopping at epoch 7: validation AP has not improved for 4 epochs.
Best epoch: 3 | validation AP: 0.1994 | epochs run: 7

Validation classification report:
              precision    recall  f1-score   support

  disengaged     0.2266    0.2771    0.2493       166
     engaged     0.9021    0.8757    0.8887      1263

    accuracy                         0.8062      1429
   macro avg     0.5644    0.5764    0.5690      1429
weighted avg     0.8236    0.8062    0.8144      1429

Confusion matrix (rows: actual, columns: predicted):
[[  46  120]
 [ 157 1106]]
Epoch 1/50 | train loss: 0.6535 | validation loss: 0.6689 | validation accuracy: 0.6949 | validation AP: 0.1769
Epoch 2/50 | train loss: 0.6308 | validation loss: 0.7476 | validation accuracy: 0.8495 | validation AP: 0.2171
Epoch 3/50 | train loss: 0.618 | validation loss: 0.7341 | validation accuracy: 0.7586 | validation AP: 0.1407
Epoch 4/50 | train loss: 0.5996 | validation loss: 0.8703 | validation accuracy: 0.86 | validation AP: 0.1987
Epoch 5/50 | train loss: 0.6302 | validation loss: 0.7467 | validation accuracy: 0.7495 | validation AP: 0.1408
Epoch 6/50 | train loss: 0.6528 | validation loss: 0.8013 | validation accuracy: 0.7782 | validation AP: 0.1423
Stopping at epoch 6: validation AP has not improved for 4 epochs.
Best epoch: 2 | validation AP: 0.2171 | epochs run: 6

Validation classification report:
              precision    recall  f1-score   support

  disengaged     0.2574    0.1566    0.1948       166
     engaged     0.8946    0.9406    0.9170      1263

    accuracy                         0.8495      1429
   macro avg     0.5760    0.5486    0.5559      1429
weighted avg     0.8206    0.8495    0.8331      1429

Confusion matrix (rows: actual, columns: predicted):
[[  26  140]
 [  75 1188]]
Epoch 1/50 | train loss: 0.6502 | validation loss: 0.6886 | validation accuracy: 0.7488 | validation AP: 0.1814
Epoch 2/50 | train loss: 0.6286 | validation loss: 0.6975 | validation accuracy: 0.8244 | validation AP: 0.212
Epoch 3/50 | train loss: 0.62 | validation loss: 0.7825 | validation accuracy: 0.8097 | validation AP: 0.1367
Epoch 4/50 | train loss: 0.6047 | validation loss: 0.8137 | validation accuracy: 0.8565 | validation AP: 0.1447
Epoch 5/50 | train loss: 0.601 | validation loss: 0.9906 | validation accuracy: 0.8621 | validation AP: 0.1389
Epoch 6/50 | train loss: 0.5695 | validation loss: 0.8134 | validation accuracy: 0.7733 | validation AP: 0.1657
Stopping at epoch 6: validation AP has not improved for 4 epochs.
Best epoch: 2 | validation AP: 0.212 | epochs run: 6

Validation classification report:
              precision    recall  f1-score   support

  disengaged     0.2293    0.2169    0.2229       166
     engaged     0.8978    0.9042    0.9010      1263

    accuracy                         0.8244      1429
   macro avg     0.5635    0.5605    0.5619      1429
weighted avg     0.8201    0.8244    0.8222      1429

Confusion matrix (rows: actual, columns: predicted):
[[  36  130]
 [ 121 1142]]
Epoch 1/50 | train loss: 0.6412 | validation loss: 0.7716 | validation accuracy: 0.8314 | validation AP: 0.1654
Epoch 2/50 | train loss: 0.6388 | validation loss: 0.7349 | validation accuracy: 0.8153 | validation AP: 0.146
Epoch 3/50 | train loss: 0.6265 | validation loss: 0.693 | validation accuracy: 0.6991 | validation AP: 0.1517
Epoch 4/50 | train loss: 0.6188 | validation loss: 0.7472 | validation accuracy: 0.8223 | validation AP: 0.1601
Epoch 5/50 | train loss: 0.6333 | validation loss: 0.7766 | validation accuracy: 0.7397 | validation AP: 0.1254
Stopping at epoch 5: validation AP has not improved for 4 epochs.
Best epoch: 1 | validation AP: 0.1654 | epochs run: 5

Validation classification report:
              precision    recall  f1-score   support

  disengaged     0.1901    0.1386    0.1603       166
     engaged     0.8907    0.9224    0.9063      1263

    accuracy                         0.8314      1429
   macro avg     0.5404    0.5305    0.5333      1429
weighted avg     0.8093    0.8314    0.8196      1429
[I 2026-10-09 01:02:54,769] A new study created in memory with name: lstm|30fps/10s
[I 2026-10-09 01:03:07,793] Trial 0 finished with value: 0.1814763214556202 and parameters: {'hidden_size': 47, 'num_layers': 3, 'dropout': 0.0, 'learning_rate': 0.005399484409787433, 'batch_size': 64}. Best is trial 0 with value: 0.1814763214556202.

Confusion matrix (rows: actual, columns: predicted):
[[  23  143]
 [  98 1165]]
Epoch 1/50 | train loss: 0.6408 | validation loss: 0.7567 | validation accuracy: 0.853 | validation AP: 0.1541
Epoch 2/50 | train loss: 0.6291 | validation loss: 0.7473 | validation accuracy: 0.8691 | validation AP: 0.1523
Epoch 3/50 | train loss: 0.6092 | validation loss: 0.8381 | validation accuracy: 0.8544 | validation AP: 0.2265
Epoch 4/50 | train loss: 0.6084 | validation loss: 0.85 | validation accuracy: 0.7936 | validation AP: 0.1458
Epoch 5/50 | train loss: 0.6019 | validation loss: 0.8628 | validation accuracy: 0.7397 | validation AP: 0.1415
Epoch 6/50 | train loss: 0.5818 | validation loss: 0.7607 | validation accuracy: 0.7789 | validation AP: 0.1692
Epoch 7/50 | train loss: 0.556 | validation loss: 0.8056 | validation accuracy: 0.7537 | validation AP: 0.1698
Stopping at epoch 7: validation AP has not improved for 4 epochs.
Best epoch: 3 | validation AP: 0.2265 | epochs run: 7

Validation classification report:
              precision    recall  f1-score   support

  disengaged     0.2717    0.1506    0.1938       166
     engaged     0.8945    0.9470    0.9200      1263

    accuracy                         0.8544      1429
   macro avg     0.5831    0.5488    0.5569      1429
weighted avg     0.8222    0.8544    0.8356      1429

Confusion matrix (rows: actual, columns: predicted):
[[  25  141]
 [  67 1196]]
Epoch 1/50 | train loss: 0.6486 | validation loss: 0.7461 | validation accuracy: 0.8216 | validation AP: 0.1591
Epoch 2/50 | train loss: 0.6291 | validation loss: 0.748 | validation accuracy: 0.7985 | validation AP: 0.1364
Epoch 3/50 | train loss: 0.6087 | validation loss: 0.7615 | validation accuracy: 0.8104 | validation AP: 0.2032
Epoch 4/50 | train loss: 0.6168 | validation loss: 0.7686 | validation accuracy: 0.6956 | validation AP: 0.1251
Epoch 5/50 | train loss: 0.5852 | validation loss: 0.8754 | validation accuracy: 0.7635 | validation AP: 0.1375
Epoch 6/50 | train loss: 0.5824 | validation loss: 0.7647 | validation accuracy: 0.7705 | validation AP: 0.1611
Epoch 7/50 | train loss: 0.5746 | validation loss: 0.7116 | validation accuracy: 0.7992 | validation AP: 0.2102
Epoch 8/50 | train loss: 0.5504 | validation loss: 0.7274 | validation accuracy: 0.7803 | validation AP: 0.2299
Epoch 9/50 | train loss: 0.537 | validation loss: 0.9882 | validation accuracy: 0.7943 | validation AP: 0.1628
Epoch 10/50 | train loss: 0.5376 | validation loss: 0.8174 | validation accuracy: 0.7719 | validation AP: 0.1679
Epoch 11/50 | train loss: 0.5391 | validation loss: 0.8658 | validation accuracy: 0.8258 | validation AP: 0.2178
Epoch 12/50 | train loss: 0.5272 | validation loss: 0.7733 | validation accuracy: 0.8111 | validation AP: 0.2094
Stopping at epoch 12: validation AP has not improved for 4 epochs.
Best epoch: 8 | validation AP: 0.2299 | epochs run: 12

Validation classification report:
              precision    recall  f1-score   support

  disengaged     0.2376    0.4036    0.2991       166
     engaged     0.9137    0.8298    0.8697      1263

    accuracy                         0.7803      1429
   macro avg     0.5756    0.6167    0.5844      1429
weighted avg     0.8351    0.7803    0.8034      1429

Confusion matrix (rows: actual, columns: predicted):
[[  67   99]
 [ 215 1048]]

 gru | 30fps/10s (confirmed on seeds [52, 53, 54, 55, 56])
  0.2102 +/- 0.0104  (6322,) params  hidden_size=40, num_layers=1, dropout=0.0, learning_rate=0.006586289317583112, batch_size=16
  0.1947 +/- 0.0122  (29483,) params  hidden_size=93, num_layers=1, dropout=0.5, learning_rate=0.0028410593716205537, batch_size=16
  Selected: hidden_size=40, num_layers=1, dropout=0.0, learning_rate=0.006586289317583112, batch_size=16  (AP 0.2102, 6,322 parameters)
Epoch 1/50 | train loss: 0.6861 | validation loss: 0.6878 | validation accuracy: 0.7761 | validation AP: 0.1733
Epoch 2/50 | train loss: 0.6694 | validation loss: 0.6909 | validation accuracy: 0.7075 | validation AP: 0.1627
Epoch 3/50 | train loss: 0.6542 | validation loss: 0.7845 | validation accuracy: 0.7726 | validation AP: 0.1584
Epoch 4/50 | train loss: 0.6508 | validation loss: 0.7213 | validation accuracy: 0.7152 | validation AP: 0.1465
Epoch 5/50 | train loss: 0.654 | validation loss: 0.7212 | validation accuracy: 0.7278 | validation AP: 0.1403
Stopping at epoch 5: validation AP has not improved for 4 epochs.
Best epoch: 1 | validation AP: 0.1733 | epochs run: 5

Validation classification report:
              precision    recall  f1-score   support

  disengaged     0.2061    0.3253    0.2523       166
     engaged     0.9040    0.8353    0.8683      1263

    accuracy                         0.7761      1429
   macro avg     0.5551    0.5803    0.5603      1429
weighted avg     0.8230    0.7761    0.7968      1429

Confusion matrix (rows: actual, columns: predicted):
[[  54  112]
 [ 208 1055]]
Epoch 1/50 | train loss: 0.685 | validation loss: 0.7329 | validation accuracy: 0.7166 | validation AP: 0.1327
Epoch 2/50 | train loss: 0.6789 | validation loss: 0.7094 | validation accuracy: 0.881 | validation AP: 0.1835
Epoch 3/50 | train loss: 0.6792 | validation loss: 0.7199 | validation accuracy: 0.8656 | validation AP: 0.1693
Epoch 4/50 | train loss: 0.6662 | validation loss: 0.7129 | validation accuracy: 0.6739 | validation AP: 0.1344
Epoch 5/50 | train loss: 0.6527 | validation loss: 0.7162 | validation accuracy: 0.7138 | validation AP: 0.1274
Epoch 6/50 | train loss: 0.6561 | validation loss: 0.7344 | validation accuracy: 0.7089 | validation AP: 0.1416
Stopping at epoch 6: validation AP has not improved for 4 epochs.
Best epoch: 2 | validation AP: 0.1835 | epochs run: 6

Validation classification report:
              precision    recall  f1-score   support

  disengaged     0.3000    0.0181    0.0341       166
     engaged     0.8851    0.9945    0.9366      1263

    accuracy                         0.8810      1429
   macro avg     0.5926    0.5063    0.4854      1429
weighted avg     0.8172    0.8810    0.8318      1429

Confusion matrix (rows: actual, columns: predicted):
[[   3  163]
 [   7 1256]]
Epoch 1/50 | train loss: 0.6846 | validation loss: 0.7648 | validation accuracy: 0.8146 | validation AP: 0.1251
Epoch 2/50 | train loss: 0.6661 | validation loss: 0.655 | validation accuracy: 0.4409 | validation AP: 0.1774
Epoch 3/50 | train loss: 0.6746 | validation loss: 0.7355 | validation accuracy: 0.8516 | validation AP: 0.1794
Epoch 4/50 | train loss: 0.6649 | validation loss: 0.7157 | validation accuracy: 0.7649 | validation AP: 0.1488
Epoch 5/50 | train loss: 0.6617 | validation loss: 0.6714 | validation accuracy: 0.7117 | validation AP: 0.1877
Epoch 6/50 | train loss: 0.6446 | validation loss: 0.7197 | validation accuracy: 0.7054 | validation AP: 0.1427
Epoch 7/50 | train loss: 0.6413 | validation loss: 0.7132 | validation accuracy: 0.7383 | validation AP: 0.161
Epoch 8/50 | train loss: 0.6355 | validation loss: 0.7073 | validation accuracy: 0.7138 | validation AP: 0.1512
Epoch 9/50 | train loss: 0.6355 | validation loss: 0.7309 | validation accuracy: 0.7908 | validation AP: 0.1804
Stopping at epoch 9: validation AP has not improved for 4 epochs.
Best epoch: 5 | validation AP: 0.1877 | epochs run: 9

Validation classification report:
              precision    recall  f1-score   support

  disengaged     0.1894    0.4518    0.2669       166
     engaged     0.9119    0.7458    0.8206      1263

    accuracy                         0.7117      1429
   macro avg     0.5507    0.5988    0.5437      1429
weighted avg     0.8280    0.7117    0.7562      1429

Confusion matrix (rows: actual, columns: predicted):
[[ 75  91]
 [321 942]]
Epoch 1/50 | train loss: 0.5673 | validation loss: 0.75 | validation accuracy: 0.8726 | validation AP: 0.1546
Epoch 2/50 | train loss: 0.5238 | validation loss: 0.763 | validation accuracy: 0.8775 | validation AP: 0.1767
Epoch 3/50 | train loss: 0.5259 | validation loss: 0.7923 | validation accuracy: 0.8635 | validation AP: 0.1864
Epoch 4/50 | train loss: 0.5283 | validation loss: 0.6808 | validation accuracy: 0.8446 | validation AP: 0.198
Epoch 5/50 | train loss: 0.519 | validation loss: 0.7388 | validation accuracy: 0.8579 | validation AP: 0.155[I 2026-10-09 01:06:40,901] Trial 1 finished with value: 0.19588575382687937 and parameters: {'hidden_size': 136, 'num_layers': 1, 'dropout': 0.25, 'learning_rate': 0.0003823475224675188, 'batch_size': 8}. Best is trial 1 with value: 0.19588575382687937.
[I 2026-10-09 01:06:58,378] Trial 2 finished with value: 0.17482700405862447 and parameters: {'hidden_size': 56, 'num_layers': 3, 'dropout': 0.5, 'learning_rate': 0.00021930485556643703, 'batch_size': 32}. Best is trial 1 with value: 0.19588575382687937.

Epoch 6/50 | train loss: 0.514 | validation loss: 0.7615 | validation accuracy: 0.8446 | validation AP: 0.1717
Epoch 7/50 | train loss: 0.5219 | validation loss: 0.7406 | validation accuracy: 0.7649 | validation AP: 0.1641
Epoch 8/50 | train loss: 0.5103 | validation loss: 0.836 | validation accuracy: 0.8628 | validation AP: 0.1743
Stopping at epoch 8: validation AP has not improved for 4 epochs.
Best epoch: 4 | validation AP: 0.198 | epochs run: 8

Validation classification report:
              precision    recall  f1-score   support

  disengaged     0.2143    0.1265    0.1591       166
     engaged     0.8911    0.9390    0.9144      1263

    accuracy                         0.8446      1429
   macro avg     0.5527    0.5328    0.5368      1429
weighted avg     0.8124    0.8446    0.8267      1429

Confusion matrix (rows: actual, columns: predicted):
[[  21  145]
 [  77 1186]]
Epoch 1/50 | train loss: 0.5584 | validation loss: 0.7347 | validation accuracy: 0.8544 | validation AP: 0.1367
Epoch 2/50 | train loss: 0.5339 | validation loss: 0.73 | validation accuracy: 0.8656 | validation AP: 0.1555
Epoch 3/50 | train loss: 0.5277 | validation loss: 0.7196 | validation accuracy: 0.839 | validation AP: 0.1497
Epoch 4/50 | train loss: 0.5203 | validation loss: 0.763 | validation accuracy: 0.8216 | validation AP: 0.1421
Epoch 5/50 | train loss: 0.5187 | validation loss: 0.7126 | validation accuracy: 0.8642 | validation AP: 0.1926
Epoch 6/50 | train loss: 0.5168 | validation loss: 0.7212 | validation accuracy: 0.8474 | validation AP: 0.1708
Epoch 7/50 | train loss: 0.5162 | validation loss: 0.7099 | validation accuracy: 0.8481 | validation AP: 0.1745
Epoch 8/50 | train loss: 0.5045 | validation loss: 0.7568 | validation accuracy: 0.8341 | validation AP: 0.1598
Epoch 9/50 | train loss: 0.4987 | validation loss: 0.7746 | validation accuracy: 0.7999 | validation AP: 0.1612
Stopping at epoch 9: validation AP has not improved for 4 epochs.
Best epoch: 5 | validation AP: 0.1926 | epochs run: 9

Validation classification report:
              precision    recall  f1-score   support

  disengaged     0.2407    0.0783    0.1182       166
     engaged     0.8887    0.9675    0.9265      1263

    accuracy                         0.8642      1429
   macro avg     0.5647    0.5229    0.5223      1429
weighted avg     0.8135    0.8642    0.8326      1429

Confusion matrix (rows: actual, columns: predicted):
[[  13  153]
 [  41 1222]]
Epoch 1/50 | train loss: 0.5528 | validation loss: 0.7146 | validation accuracy: 0.8663 | validation AP: 0.1561
Epoch 2/50 | train loss: 0.5333 | validation loss: 0.6925 | validation accuracy: 0.8293 | validation AP: 0.1869
Epoch 3/50 | train loss: 0.5258 | validation loss: 0.7671 | validation accuracy: 0.8754 | validation AP: 0.1829
Epoch 4/50 | train loss: 0.5285 | validation loss: 0.7154 | validation accuracy: 0.8677 | validation AP: 0.1599
Epoch 5/50 | train loss: 0.5072 | validation loss: 0.6868 | validation accuracy: 0.8565 | validation AP: 0.1971
Epoch 6/50 | train loss: 0.506 | validation loss: 0.7494 | validation accuracy: 0.8321 | validation AP: 0.1543
Epoch 7/50 | train loss: 0.5152 | validation loss: 0.7229 | validation accuracy: 0.8181 | validation AP: 0.1561
Epoch 8/50 | train loss: 0.5 | validation loss: 0.7493 | validation accuracy: 0.8404 | validation AP: 0.1673
Epoch 9/50 | train loss: 0.5041 | validation loss: 0.8018 | validation accuracy: 0.8621 | validation AP: 0.1666
Stopping at epoch 9: validation AP has not improved for 4 epochs.
Best epoch: 5 | validation AP: 0.1971 | epochs run: 9

Validation classification report:
              precision    recall  f1-score   support

  disengaged     0.2000    0.0783    0.1126       166
     engaged     0.8878    0.9588    0.9220      1263

    accuracy                         0.8565      1429
   macro avg     0.5439    0.5186    0.5173      1429
weighted avg     0.8079    0.8565    0.8279      1429

Confusion matrix (rows: actual, columns: predicted):
[[  13  153]
 [  52 1211]]
Epoch 1/50 | train loss: 0.6818 | validation loss: 0.7254 | validation accuracy: 0.8838 | validation AP: 0.1876
Epoch 2/50 | train loss: 0.6761 | validation loss: 0.7286 | validation accuracy: 0.8831 | validation AP: 0.1736
Epoch 3/50 | train loss: 0.6617 | validation loss: 0.7207 | validation accuracy: 0.7621 | validation AP: 0.1615
Epoch 4/50 | train loss: 0.6428 | validation loss: 0.7323 | validation accuracy: 0.7544 | validation AP: 0.1605
Epoch 5/50 | train loss: 0.6354 | validation loss: 0.7486 | validation accuracy: 0.7558 | validation AP: 0.1469
Stopping at epoch 5: validation AP has not improved for 4 epochs.
Best epoch: 1 | validation AP: 0.1876 | epochs run: 5

Validation classification report:
              precision    recall  f1-score   support

  disengaged     0.0000    0.0000    0.0000       166
     engaged     0.8838    1.0000    0.9383      1263

    accuracy                         0.8838      1429
   macro avg     0.4419    0.5000    0.4692      1429
weighted avg     0.7812    0.8838    0.8293      1429

Confusion matrix (rows: actual, columns: predicted):
[[   0  166]
 [   0 1263]]
Epoch 1/50 | train loss: 0.6967 | validation loss: 0.7143 | validation accuracy: 0.8838 | validation AP: 0.168
Epoch 2/50 | train loss: 0.6735 | validation loss: 0.7264 | validation accuracy: 0.8523 | validation AP: 0.1623
Epoch 3/50 | train loss: 0.6537 | validation loss: 0.7404 | validation accuracy: 0.7796 | validation AP: 0.1421
Epoch 4/50 | train loss: 0.6436 | validation loss: 0.7492 | validation accuracy: 0.7159 | validation AP: 0.1323
Epoch 5/50 | train loss: 0.6363 | validation loss: 0.7266 | validation accuracy: 0.7348 | validation AP: 0.1565
Stopping at epoch 5: validation AP has not improved for 4 epochs.
Best epoch: 1 | validation AP: 0.168 | epochs run: 5

Validation classification report:
              precision    recall  f1-score   support

  disengaged     0.0000    0.0000    0.0000       166
     engaged     0.8838    1.0000    0.9383      1263

    accuracy                         0.8838      1429
   macro avg     0.4419    0.5000    0.4692      1429
weighted avg     0.7812    0.8838    0.8293      1429

Confusion matrix (rows: actual, columns: predicted):
[[   0  166]
 [   0 1263]]
Epoch 1/50 | train loss: 0.6841 | validation loss: 0.7353 | validation accuracy: 0.8838 | validation AP: 0.1688
Epoch 2/50 | train loss: 0.674 | validation loss: 0.7375 | validation accuracy: 0.8586 | validation AP: 0.1543
Epoch 3/50 | train loss: 0.6602 | validation loss: 0.7399 | validation accuracy: 0.8076 | validation AP: 0.152
Epoch 4/50 | train loss: 0.6403 | validation loss: 0.7533 | validation accuracy: 0.7768 | validation AP: 0.1455
Epoch 5/50 | train loss: 0.6343 | validation loss: 0.7374 | validation accuracy: 0.7369 | validation AP: 0.1503
Stopping at epoch 5: validation AP has not improved for 4 epochs.
Best epoch: 1 | validation AP: 0.1688 | epochs run: 5

Validation classification report:
              precision    recall  f1-score   support

  disengaged     0.0000    0.0000    0.0000       166
     engaged     0.8838    1.0000    0.9383      1263

    accuracy                         0.8838      1429
   macro avg     0.4419    0.5000    0.4692      1429
weighted avg     0.7812    0.8838    0.8293      1429

Confusion matrix (rows: actual, columns: predicted):
[[   0  166]
 [   0 1263]]
Epoch 1/50 | train loss: 0.6463 | validation loss: 0.7658 | validation accuracy: 0.8481 | validation AP: 0.1546
Epoch 2/50 | train loss: 0.6163 | validation loss: 0.7512 | validation accuracy: 0.8663 | validation AP: 0.1945
Epoch 3/50 | train loss: 0.6134 | validation loss: 0.7988 | validation accuracy: 0.8621 | validation AP: 0.2083
Epoch 4/50 | train loss: 0.6236 | validation loss: 0.7286 | validation accuracy: 0.7313 | validation AP: 0.1701
Epoch 5/50 | train loss: 0.6105 | validation loss: 0.7546 | validation accuracy: 0.8195 | validation AP: 0.1441
Epoch 6/50 | train loss: 0.5956 | validation loss: 0.8105 | validation accuracy: 0.8411 | validation AP: 0.1824
Epoch 7/50 | train loss: 0.6036 | validation loss: 0.78 | validation accuracy: 0.7404 | validation AP: 0.1403
Stopping at epoch 7: validation AP has not improved for 4 epochs.[I 2026-10-09 01:07:41,406] Trial 3 finished with value: 0.21005803667576947 and parameters: {'hidden_size': 40, 'num_layers': 1, 'dropout': 0.0, 'learning_rate': 0.006586289317583112, 'batch_size': 16}. Best is trial 3 with value: 0.21005803667576947.
[I 2026-10-09 01:07:53,172] Trial 4 finished with value: 0.181259166922321 and parameters: {'hidden_size': 70, 'num_layers': 1, 'dropout': 0.0, 'learning_rate': 0.0069782812651260325, 'batch_size': 64}. Best is trial 3 with value: 0.21005803667576947.

Best epoch: 3 | validation AP: 0.2083 | epochs run: 7

Validation classification report:
              precision    recall  f1-score   support

  disengaged     0.2754    0.1145    0.1617       166
     engaged     0.8919    0.9604    0.9249      1263

    accuracy                         0.8621      1429
   macro avg     0.5836    0.5374    0.5433      1429
weighted avg     0.8203    0.8621    0.8362      1429

Confusion matrix (rows: actual, columns: predicted):
[[  19  147]
 [  50 1213]]
Epoch 1/50 | train loss: 0.652 | validation loss: 0.7464 | validation accuracy: 0.7964 | validation AP: 0.1421
Epoch 2/50 | train loss: 0.62 | validation loss: 0.7543 | validation accuracy: 0.8034 | validation AP: 0.1419
Epoch 3/50 | train loss: 0.6291 | validation loss: 0.7291 | validation accuracy: 0.7901 | validation AP: 0.1404
Epoch 4/50 | train loss: 0.6111 | validation loss: 0.7676 | validation accuracy: 0.7705 | validation AP: 0.1286
Epoch 5/50 | train loss: 0.5994 | validation loss: 0.7578 | validation accuracy: 0.8111 | validation AP: 0.1694
Epoch 6/50 | train loss: 0.5863 | validation loss: 0.7941 | validation accuracy: 0.7586 | validation AP: 0.1531
Epoch 7/50 | train loss: 0.6046 | validation loss: 0.7277 | validation accuracy: 0.8167 | validation AP: 0.1974
Epoch 8/50 | train loss: 0.6079 | validation loss: 0.7758 | validation accuracy: 0.7432 | validation AP: 0.1499
Epoch 9/50 | train loss: 0.5988 | validation loss: 0.7751 | validation accuracy: 0.7488 | validation AP: 0.1623
Epoch 10/50 | train loss: 0.5905 | validation loss: 0.7783 | validation accuracy: 0.8118 | validation AP: 0.1665
Epoch 11/50 | train loss: 0.5862 | validation loss: 0.7494 | validation accuracy: 0.8174 | validation AP: 0.1802
Stopping at epoch 11: validation AP has not improved for 4 epochs.
Best epoch: 7 | validation AP: 0.1974 | epochs run: 11

Validation classification report:
              precision    recall  f1-score   support

  disengaged     0.2037    0.1988    0.2012       166
     engaged     0.8950    0.8979    0.8964      1263

    accuracy                         0.8167      1429
   macro avg     0.5494    0.5483    0.5488      1429
weighted avg     0.8147    0.8167    0.8157      1429

Confusion matrix (rows: actual, columns: predicted):
[[  33  133]
 [ 129 1134]]
Epoch 1/50 | train loss: 0.6434 | validation loss: 0.7653 | validation accuracy: 0.8174 | validation AP: 0.1488
Epoch 2/50 | train loss: 0.6231 | validation loss: 0.6762 | validation accuracy: 0.7425 | validation AP: 0.2245
Epoch 3/50 | train loss: 0.606 | validation loss: 0.7769 | validation accuracy: 0.8516 | validation AP: 0.1839
Epoch 4/50 | train loss: 0.5986 | validation loss: 0.7502 | validation accuracy: 0.7705 | validation AP: 0.1174
Epoch 5/50 | train loss: 0.5971 | validation loss: 0.7115 | validation accuracy: 0.7964 | validation AP: 0.1886
Epoch 6/50 | train loss: 0.5888 | validation loss: 0.7555 | validation accuracy: 0.8174 | validation AP: 0.1541
Stopping at epoch 6: validation AP has not improved for 4 epochs.
Best epoch: 2 | validation AP: 0.2245 | epochs run: 6

Validation classification report:
              precision    recall  f1-score   support

  disengaged     0.2210    0.4819    0.3030       166
     engaged     0.9194    0.7767    0.8421      1263

    accuracy                         0.7425      1429
   macro avg     0.5702    0.6293    0.5725      1429
weighted avg     0.8383    0.7425    0.7794      1429

Confusion matrix (rows: actual, columns: predicted):
[[ 80  86]
 [282 981]]
Epoch 1/50 | train loss: 0.6763 | validation loss: 0.7101 | validation accuracy: 0.69 | validation AP: 0.1408
Epoch 2/50 | train loss: 0.6722 | validation loss: 0.7013 | validation accuracy: 0.7292 | validation AP: 0.1673
Epoch 3/50 | train loss: 0.6525 | validation loss: 0.7243 | validation accuracy: 0.7523 | validation AP: 0.1622
Epoch 4/50 | train loss: 0.6436 | validation loss: 0.7087 | validation accuracy: 0.6914 | validation AP: 0.1674
Epoch 5/50 | train loss: 0.6424 | validation loss: 0.7766 | validation accuracy: 0.7915 | validation AP: 0.142
Epoch 6/50 | train loss: 0.6417 | validation loss: 0.7189 | validation accuracy: 0.7369 | validation AP: 0.1648
Epoch 7/50 | train loss: 0.6366 | validation loss: 0.7481 | validation accuracy: 0.7775 | validation AP: 0.169
Epoch 8/50 | train loss: 0.6257 | validation loss: 0.7423 | validation accuracy: 0.7677 | validation AP: 0.1938
Epoch 9/50 | train loss: 0.6114 | validation loss: 0.7373 | validation accuracy: 0.6991 | validation AP: 0.158
Epoch 10/50 | train loss: 0.5982 | validation loss: 0.7183 | validation accuracy: 0.6487 | validation AP: 0.1612
Epoch 11/50 | train loss: 0.5931 | validation loss: 0.7638 | validation accuracy: 0.6823 | validation AP: 0.1502
Epoch 12/50 | train loss: 0.5889 | validation loss: 0.7649 | validation accuracy: 0.697 | validation AP: 0.1437
Stopping at epoch 12: validation AP has not improved for 4 epochs.
Best epoch: 8 | validation AP: 0.1938 | epochs run: 12

Validation classification report:
              precision    recall  f1-score   support

  disengaged     0.1993    0.3313    0.2489       166
     engaged     0.9037    0.8250    0.8626      1263

    accuracy                         0.7677      1429
   macro avg     0.5515    0.5782    0.5557      1429
weighted avg     0.8219    0.7677    0.7913      1429

Confusion matrix (rows: actual, columns: predicted):
[[  55  111]
 [ 221 1042]]
Epoch 1/50 | train loss: 0.6838 | validation loss: 0.6662 | validation accuracy: 0.2995 | validation AP: 0.1518
Epoch 2/50 | train loss: 0.6874 | validation loss: 0.6884 | validation accuracy: 0.718 | validation AP: 0.1759
Epoch 3/50 | train loss: 0.6733 | validation loss: 0.7212 | validation accuracy: 0.7369 | validation AP: 0.1526
Epoch 4/50 | train loss: 0.6643 | validation loss: 0.7841 | validation accuracy: 0.7803 | validation AP: 0.1591
Epoch 5/50 | train loss: 0.6672 | validation loss: 0.7339 | validation accuracy: 0.7922 | validation AP: 0.1489
Epoch 6/50 | train loss: 0.6651 | validation loss: 0.7051 | validation accuracy: 0.7103 | validation AP: 0.1614
Stopping at epoch 6: validation AP has not improved for 4 epochs.
Best epoch: 2 | validation AP: 0.1759 | epochs run: 6

Validation classification report:
              precision    recall  f1-score   support

  disengaged     0.1662    0.3554    0.2265       166
     engaged     0.9004    0.7656    0.8276      1263

    accuracy                         0.7180      1429
   macro avg     0.5333    0.5605    0.5270      1429
weighted avg     0.8151    0.7180    0.7577      1429

Confusion matrix (rows: actual, columns: predicted):
[[ 59 107]
 [296 967]]
Epoch 1/50 | train loss: 0.6809 | validation loss: 0.7596 | validation accuracy: 0.7628 | validation AP: 0.1403
Epoch 2/50 | train loss: 0.6549 | validation loss: 0.6927 | validation accuracy: 0.6046 | validation AP: 0.174
Epoch 3/50 | train loss: 0.6557 | validation loss: 0.7484 | validation accuracy: 0.7908 | validation AP: 0.1608
Epoch 4/50 | train loss: 0.6477 | validation loss: 0.7117 | validation accuracy: 0.7418 | validation AP: 0.1606
Epoch 5/50 | train loss: 0.6381 | validation loss: 0.7008 | validation accuracy: 0.4689 | validation AP: 0.1426
Epoch 6/50 | train loss: 0.6482 | validation loss: 0.6822 | validation accuracy: 0.6816 | validation AP: 0.15
Stopping at epoch 6: validation AP has not improved for 4 epochs.
Best epoch: 2 | validation AP: 0.174 | epochs run: 6

Validation classification report:
              precision    recall  f1-score   support

  disengaged     0.1624    0.5783    0.2536       166
     engaged     0.9165    0.6081    0.7311      1263

    accuracy                         0.6046      1429
   macro avg     0.5395    0.5932    0.4924      1429
weighted avg     0.8289    0.6046    0.6756      1429

Confusion matrix (rows: actual, columns: predicted):
[[ 96  70]
 [495 768]]
Epoch 1/50 | train loss: 0.6405 | validation loss: 0.7356 | validation accuracy: 0.8348 | validation AP: 0.163
Epoch 2/50 | train loss: 0.611 | validation loss: 0.7754 | validation accuracy: 0.8705 | validation AP: 0.203
Epoch 3/50 | train loss: 0.6087 | validation loss: 0.7986 | validation accuracy: 0.8579 | validation AP: 0.2036[I 2026-10-09 01:08:34,306] Trial 5 finished with value: 0.20099556222493487 and parameters: {'hidden_size': 48, 'num_layers': 1, 'dropout': 0.0, 'learning_rate': 0.0040215545266902904, 'batch_size': 16}. Best is trial 3 with value: 0.21005803667576947.

Epoch 4/50 | train loss: 0.6203 | validation loss: 0.747 | validation accuracy: 0.7985 | validation AP: 0.1866
Epoch 5/50 | train loss: 0.6101 | validation loss: 0.76 | validation accuracy: 0.8076 | validation AP: 0.1479
Epoch 6/50 | train loss: 0.5975 | validation loss: 0.8068 | validation accuracy: 0.8146 | validation AP: 0.1744
Epoch 7/50 | train loss: 0.5933 | validation loss: 0.7596 | validation accuracy: 0.7684 | validation AP: 0.1634
Stopping at epoch 7: validation AP has not improved for 4 epochs.
Best epoch: 3 | validation AP: 0.2036 | epochs run: 7

Validation classification report:
              precision    recall  f1-score   support

  disengaged     0.2716    0.1325    0.1781       166
     engaged     0.8932    0.9533    0.9223      1263

    accuracy                         0.8579      1429
   macro avg     0.5824    0.5429    0.5502      1429
weighted avg     0.8210    0.8579    0.8358      1429

Confusion matrix (rows: actual, columns: predicted):
[[  22  144]
 [  59 1204]]
Epoch 1/50 | train loss: 0.646 | validation loss: 0.7522 | validation accuracy: 0.8097 | validation AP: 0.1375
Epoch 2/50 | train loss: 0.6213 | validation loss: 0.731 | validation accuracy: 0.8565 | validation AP: 0.1879
Epoch 3/50 | train loss: 0.6273 | validation loss: 0.7446 | validation accuracy: 0.7915 | validation AP: 0.1315
Epoch 4/50 | train loss: 0.6058 | validation loss: 0.7709 | validation accuracy: 0.7481 | validation AP: 0.1243
Epoch 5/50 | train loss: 0.6032 | validation loss: 0.7616 | validation accuracy: 0.8195 | validation AP: 0.1593
Epoch 6/50 | train loss: 0.5875 | validation loss: 0.7505 | validation accuracy: 0.7572 | validation AP: 0.1648
Stopping at epoch 6: validation AP has not improved for 4 epochs.
Best epoch: 2 | validation AP: 0.1879 | epochs run: 6

Validation classification report:
              precision    recall  f1-score   support

  disengaged     0.1905    0.0723    0.1048       166
     engaged     0.8873    0.9596    0.9220      1263

    accuracy                         0.8565      1429
   macro avg     0.5389    0.5160    0.5134      1429
weighted avg     0.8063    0.8565    0.8271      1429

Confusion matrix (rows: actual, columns: predicted):
[[  12  154]
 [  51 1212]]
Epoch 1/50 | train loss: 0.6415 | validation loss: 0.7837 | validation accuracy: 0.8411 | validation AP: 0.1446
Epoch 2/50 | train loss: 0.6175 | validation loss: 0.6896 | validation accuracy: 0.7369 | validation AP: 0.2115
Epoch 3/50 | train loss: 0.6162 | validation loss: 0.7644 | validation accuracy: 0.8502 | validation AP: 0.181
Epoch 4/50 | train loss: 0.6125 | validation loss: 0.7319 | validation accuracy: 0.8223 | validation AP: 0.152
Epoch 5/50 | train loss: 0.5967 | validation loss: 0.7139 | validation accuracy: 0.7866 | validation AP: 0.1744
Epoch 6/50 | train loss: 0.5913 | validation loss: 0.7498 | validation accuracy: 0.809 | validation AP: 0.146
Stopping at epoch 6: validation AP has not improved for 4 epochs.
Best epoch: 2 | validation AP: 0.2115 | epochs run: 6

Validation classification report:
              precision    recall  f1-score   support

  disengaged     0.2034    0.4337    0.2769       166
     engaged     0.9126    0.7767    0.8392      1263

    accuracy                         0.7369      1429
   macro avg     0.5580    0.6052    0.5581      1429
weighted avg     0.8302    0.7369    0.7739      1429

Confusion matrix (rows: actual, columns: predicted):
[[ 72  94]
 [282 981]]
Epoch 1/50 | train loss: 0.5849 | validation loss: 0.7679 | validation accuracy: 0.8838 | validation AP: 0.1187
Epoch 2/50 | train loss: 0.5308 | validation loss: 0.7781 | validation accuracy: 0.8838 | validation AP: 0.1246
Epoch 3/50 | train loss: 0.5315 | validation loss: 0.7831 | validation accuracy: 0.8838 | validation AP: 0.1302
Epoch 4/50 | train loss: 0.5308 | validation loss: 0.7457 | validation accuracy: 0.8838 | validation AP: 0.1317
Epoch 5/50 | train loss: 0.5147 | validation loss: 0.7413 | validation accuracy: 0.8565 | validation AP: 0.1348
Epoch 6/50 | train loss: 0.5146 | validation loss: 0.7715 | validation accuracy: 0.8314 | validation AP: 0.1386
Epoch 7/50 | train loss: 0.5158 | validation loss: 0.7446 | validation accuracy: 0.8146 | validation AP: 0.1419
Epoch 8/50 | train loss: 0.5014 | validation loss: 0.8067 | validation accuracy: 0.8439 | validation AP: 0.1472
Epoch 9/50 | train loss: 0.5053 | validation loss: 0.7397 | validation accuracy: 0.8125 | validation AP: 0.1412
Epoch 10/50 | train loss: 0.5046 | validation loss: 0.7365 | validation accuracy: 0.8153 | validation AP: 0.1448
Epoch 11/50 | train loss: 0.4906 | validation loss: 0.7555 | validation accuracy: 0.8153 | validation AP: 0.1431
Epoch 12/50 | train loss: 0.503 | validation loss: 0.7755 | validation accuracy: 0.8334 | validation AP: 0.1497
Epoch 13/50 | train loss: 0.5026 | validation loss: 0.7435 | validation accuracy: 0.7929 | validation AP: 0.1429
Epoch 14/50 | train loss: 0.4997 | validation loss: 0.7405 | validation accuracy: 0.781 | validation AP: 0.1395
Epoch 15/50 | train loss: 0.4998 | validation loss: 0.7536 | validation accuracy: 0.802 | validation AP: 0.1451
Epoch 16/50 | train loss: 0.4952 | validation loss: 0.7229 | validation accuracy: 0.8125 | validation AP: 0.1519
Epoch 17/50 | train loss: 0.4901 | validation loss: 0.7726 | validation accuracy: 0.8041 | validation AP: 0.1501
Epoch 18/50 | train loss: 0.4897 | validation loss: 0.7303 | validation accuracy: 0.7978 | validation AP: 0.1536
Epoch 19/50 | train loss: 0.4902 | validation loss: 0.7809 | validation accuracy: 0.8013 | validation AP: 0.1544
Epoch 20/50 | train loss: 0.493 | validation loss: 0.8117 | validation accuracy: 0.8383 | validation AP: 0.1656
Epoch 21/50 | train loss: 0.4855 | validation loss: 0.7656 | validation accuracy: 0.8341 | validation AP: 0.1647
Epoch 22/50 | train loss: 0.4775 | validation loss: 0.8123 | validation accuracy: 0.8334 | validation AP: 0.1613
Epoch 23/50 | train loss: 0.47 | validation loss: 0.7539 | validation accuracy: 0.8069 | validation AP: 0.1566
Epoch 24/50 | train loss: 0.4821 | validation loss: 0.7876 | validation accuracy: 0.8307 | validation AP: 0.1651
Stopping at epoch 24: validation AP has not improved for 4 epochs.
Best epoch: 20 | validation AP: 0.1656 | epochs run: 24

Validation classification report:
              precision    recall  f1-score   support

  disengaged     0.1963    0.1265    0.1538       166
     engaged     0.8903    0.9319    0.9106      1263

    accuracy                         0.8383      1429
   macro avg     0.5433    0.5292    0.5322      1429
weighted avg     0.8097    0.8383    0.8227      1429

Confusion matrix (rows: actual, columns: predicted):
[[  21  145]
 [  86 1177]]
Epoch 1/50 | train loss: 0.6001 | validation loss: 0.7492 | validation accuracy: 0.8838 | validation AP: 0.1527
Epoch 2/50 | train loss: 0.5375 | validation loss: 0.7461 | validation accuracy: 0.8838 | validation AP: 0.1527
Epoch 3/50 | train loss: 0.5322 | validation loss: 0.7223 | validation accuracy: 0.874 | validation AP: 0.1469
Epoch 4/50 | train loss: 0.5195 | validation loss: 0.7495 | validation accuracy: 0.8558 | validation AP: 0.1458
Epoch 5/50 | train loss: 0.5203 | validation loss: 0.7254 | validation accuracy: 0.8376 | validation AP: 0.153
Epoch 6/50 | train loss: 0.5118 | validation loss: 0.735 | validation accuracy: 0.8258 | validation AP: 0.1539
Epoch 7/50 | train loss: 0.5103 | validation loss: 0.7449 | validation accuracy: 0.8244 | validation AP: 0.1606
Epoch 8/50 | train loss: 0.4974 | validation loss: 0.7455 | validation accuracy: 0.8118 | validation AP: 0.1555
Epoch 9/50 | train loss: 0.4964 | validation loss: 0.7422 | validation accuracy: 0.8111 | validation AP: 0.1577
Epoch 10/50 | train loss: 0.5055 | validation loss: 0.7159 | validation accuracy: 0.8055 | validation AP: 0.158
Epoch 11/50 | train loss: 0.5026 | validation loss: 0.7411 | validation accuracy: 0.8202 | validation AP: 0.1589
Stopping at epoch 11: validation AP has not improved for 4 epochs.
Best epoch: 7 | validation AP: 0.1606 | epochs run: 11

Validation classification report:
              precision    recall  f1-score   support

  disengaged     0.1756    0.1386    0.1549       166
     engaged     0.8898    0.9145    0.9020      1263

    accuracy                         0.8244      1429
   macro avg     0.5327    0.5265    0.5284      1429
weighted avg     0.8069    0.8244    0.8152      1429
[I 2026-10-09 01:11:55,687] Trial 6 finished with value: 0.15780341679160922 and parameters: {'hidden_size': 20, 'num_layers': 3, 'dropout': 0.1, 'learning_rate': 0.0001705053926026929, 'batch_size': 8}. Best is trial 3 with value: 0.21005803667576947.
[I 2026-10-09 01:12:25,281] Trial 7 finished with value: 0.1837354048977169 and parameters: {'hidden_size': 40, 'num_layers': 1, 'dropout': 0.1, 'learning_rate': 0.0026698666742744613, 'batch_size': 32}. Best is trial 3 with value: 0.21005803667576947.

Confusion matrix (rows: actual, columns: predicted):
[[  23  143]
 [ 108 1155]]
Epoch 1/50 | train loss: 0.5748 | validation loss: 0.759 | validation accuracy: 0.8838 | validation AP: 0.1363
Epoch 2/50 | train loss: 0.5453 | validation loss: 0.7418 | validation accuracy: 0.8838 | validation AP: 0.1382
Epoch 3/50 | train loss: 0.5392 | validation loss: 0.7627 | validation accuracy: 0.8838 | validation AP: 0.1472
Epoch 4/50 | train loss: 0.5323 | validation loss: 0.7316 | validation accuracy: 0.8838 | validation AP: 0.147
Epoch 5/50 | train loss: 0.5164 | validation loss: 0.7216 | validation accuracy: 0.8796 | validation AP: 0.1455
Epoch 6/50 | train loss: 0.5111 | validation loss: 0.7534 | validation accuracy: 0.8439 | validation AP: 0.1392
Epoch 7/50 | train loss: 0.5107 | validation loss: 0.742 | validation accuracy: 0.8383 | validation AP: 0.1455
Stopping at epoch 7: validation AP has not improved for 4 epochs.
Best epoch: 3 | validation AP: 0.1472 | epochs run: 7

Validation classification report:
              precision    recall  f1-score   support

  disengaged     0.0000    0.0000    0.0000       166
     engaged     0.8838    1.0000    0.9383      1263

    accuracy                         0.8838      1429
   macro avg     0.4419    0.5000    0.4692      1429
weighted avg     0.7812    0.8838    0.8293      1429

Confusion matrix (rows: actual, columns: predicted):
[[   0  166]
 [   0 1263]]
Epoch 1/50 | train loss: 0.6705 | validation loss: 0.7098 | validation accuracy: 0.7523 | validation AP: 0.1554
Epoch 2/50 | train loss: 0.6525 | validation loss: 0.7432 | validation accuracy: 0.7845 | validation AP: 0.1593
Epoch 3/50 | train loss: 0.6352 | validation loss: 0.7487 | validation accuracy: 0.7971 | validation AP: 0.1856
Epoch 4/50 | train loss: 0.6363 | validation loss: 0.7169 | validation accuracy: 0.7124 | validation AP: 0.1677
Epoch 5/50 | train loss: 0.6241 | validation loss: 0.7737 | validation accuracy: 0.83 | validation AP: 0.167
Epoch 6/50 | train loss: 0.639 | validation loss: 0.7354 | validation accuracy: 0.7733 | validation AP: 0.1705
Epoch 7/50 | train loss: 0.6125 | validation loss: 0.7618 | validation accuracy: 0.7817 | validation AP: 0.1668
Stopping at epoch 7: validation AP has not improved for 4 epochs.
Best epoch: 3 | validation AP: 0.1856 | epochs run: 7

Validation classification report:
              precision    recall  f1-score   support

  disengaged     0.2156    0.2831    0.2448       166
     engaged     0.9017    0.8646    0.8828      1263

    accuracy                         0.7971      1429
   macro avg     0.5587    0.5739    0.5638      1429
weighted avg     0.8220    0.7971    0.8087      1429

Confusion matrix (rows: actual, columns: predicted):
[[  47  119]
 [ 171 1092]]
Epoch 1/50 | train loss: 0.6725 | validation loss: 0.713 | validation accuracy: 0.6732 | validation AP: 0.1586
Epoch 2/50 | train loss: 0.6493 | validation loss: 0.702 | validation accuracy: 0.7271 | validation AP: 0.1665
Epoch 3/50 | train loss: 0.6383 | validation loss: 0.7689 | validation accuracy: 0.753 | validation AP: 0.1407
Epoch 4/50 | train loss: 0.6262 | validation loss: 0.7487 | validation accuracy: 0.7124 | validation AP: 0.1529
Epoch 5/50 | train loss: 0.6276 | validation loss: 0.7453 | validation accuracy: 0.7684 | validation AP: 0.1714
Epoch 6/50 | train loss: 0.6234 | validation loss: 0.7521 | validation accuracy: 0.7341 | validation AP: 0.1518
Epoch 7/50 | train loss: 0.6164 | validation loss: 0.7496 | validation accuracy: 0.7845 | validation AP: 0.1695
Epoch 8/50 | train loss: 0.6112 | validation loss: 0.8205 | validation accuracy: 0.7817 | validation AP: 0.1468
Epoch 9/50 | train loss: 0.5927 | validation loss: 0.7683 | validation accuracy: 0.7082 | validation AP: 0.1456
Stopping at epoch 9: validation AP has not improved for 4 epochs.
Best epoch: 5 | validation AP: 0.1714 | epochs run: 9

Validation classification report:
              precision    recall  f1-score   support

  disengaged     0.1887    0.3012    0.2320       166
     engaged     0.9003    0.8298    0.8636      1263

    accuracy                         0.7684      1429
   macro avg     0.5445    0.5655    0.5478      1429
weighted avg     0.8177    0.7684    0.7902      1429

Confusion matrix (rows: actual, columns: predicted):
[[  50  116]
 [ 215 1048]]
Epoch 1/50 | train loss: 0.6721 | validation loss: 0.7549 | validation accuracy: 0.7894 | validation AP: 0.1413
Epoch 2/50 | train loss: 0.649 | validation loss: 0.7055 | validation accuracy: 0.7033 | validation AP: 0.1942
Epoch 3/50 | train loss: 0.6399 | validation loss: 0.7562 | validation accuracy: 0.7215 | validation AP: 0.1537
Epoch 4/50 | train loss: 0.6387 | validation loss: 0.7649 | validation accuracy: 0.8202 | validation AP: 0.1668
Epoch 5/50 | train loss: 0.6293 | validation loss: 0.7094 | validation accuracy: 0.6767 | validation AP: 0.1649
Epoch 6/50 | train loss: 0.6288 | validation loss: 0.7193 | validation accuracy: 0.7075 | validation AP: 0.1615
Stopping at epoch 6: validation AP has not improved for 4 epochs.
Best epoch: 2 | validation AP: 0.1942 | epochs run: 6

Validation classification report:
              precision    recall  f1-score   support

  disengaged     0.1838    0.4518    0.2613       166
     engaged     0.9109    0.7363    0.8144      1263

    accuracy                         0.7033      1429
   macro avg     0.5473    0.5941    0.5378      1429
weighted avg     0.8264    0.7033    0.7501      1429

Confusion matrix (rows: actual, columns: predicted):
[[ 75  91]
 [333 930]]
Epoch 1/50 | train loss: 0.5552 | validation loss: 0.7644 | validation accuracy: 0.8586 | validation AP: 0.1553
Epoch 2/50 | train loss: 0.5269 | validation loss: 0.759 | validation accuracy: 0.86 | validation AP: 0.1756
Epoch 3/50 | train loss: 0.5256 | validation loss: 0.8235 | validation accuracy: 0.8607 | validation AP: 0.1831
Epoch 4/50 | train loss: 0.5314 | validation loss: 0.6899 | validation accuracy: 0.823 | validation AP: 0.1884
Epoch 5/50 | train loss: 0.5138 | validation loss: 0.7196 | validation accuracy: 0.8446 | validation AP: 0.1501
Epoch 6/50 | train loss: 0.508 | validation loss: 0.8042 | validation accuracy: 0.8397 | validation AP: 0.1733
Epoch 7/50 | train loss: 0.5138 | validation loss: 0.7431 | validation accuracy: 0.7852 | validation AP: 0.1504
Epoch 8/50 | train loss: 0.5126 | validation loss: 0.8213 | validation accuracy: 0.8663 | validation AP: 0.1765
Stopping at epoch 8: validation AP has not improved for 4 epochs.
Best epoch: 4 | validation AP: 0.1884 | epochs run: 8

Validation classification report:
              precision    recall  f1-score   support

  disengaged     0.1915    0.1627    0.1759       166
     engaged     0.8921    0.9097    0.9008      1263

    accuracy                         0.8230      1429
   macro avg     0.5418    0.5362    0.5384      1429
weighted avg     0.8107    0.8230    0.8166      1429

Confusion matrix (rows: actual, columns: predicted):
[[  27  139]
 [ 114 1149]]
Epoch 1/50 | train loss: 0.5594 | validation loss: 0.785 | validation accuracy: 0.8314 | validation AP: 0.1344
Epoch 2/50 | train loss: 0.5371 | validation loss: 0.7566 | validation accuracy: 0.846 | validation AP: 0.1473
Epoch 3/50 | train loss: 0.5381 | validation loss: 0.7285 | validation accuracy: 0.8502 | validation AP: 0.1577
Epoch 4/50 | train loss: 0.5248 | validation loss: 0.7704 | validation accuracy: 0.7894 | validation AP: 0.1405
Epoch 5/50 | train loss: 0.5204 | validation loss: 0.7 | validation accuracy: 0.8265 | validation AP: 0.1892
Epoch 6/50 | train loss: 0.5183 | validation loss: 0.7161 | validation accuracy: 0.7663 | validation AP: 0.1523
Epoch 7/50 | train loss: 0.513 | validation loss: 0.7375 | validation accuracy: 0.8265 | validation AP: 0.1655
Epoch 8/50 | train loss: 0.4981 | validation loss: 0.7508 | validation accuracy: 0.8244 | validation AP: 0.1656
Epoch 9/50 | train loss: 0.5004 | validation loss: 0.7391 | validation accuracy: 0.7551 | validation AP: 0.1598
Stopping at epoch 9: validation AP has not improved for 4 epochs.
Best epoch: 5 | validation AP: 0.1892 | epochs run: 9

Validation classification report:
              precision    recall  f1-score   support

  disengaged     0.2405    0.2289    0.2346       166
     engaged     0.8993    0.9050    0.9021      1263

    accuracy                         0.8265      1429
   macro avg     0.5699    0.5670    0.5683      1429
weighted avg     0.8228    0.8265    0.8246      1429
[I 2026-10-09 01:14:35,428] Trial 8 finished with value: 0.19109339765390457 and parameters: {'hidden_size': 66, 'num_layers': 2, 'dropout': 0.25, 'learning_rate': 0.0010402587615883842, 'batch_size': 8}. Best is trial 3 with value: 0.21005803667576947.
[I 2026-10-09 01:14:55,593] Trial 9 finished with value: 0.1908660731336093 and parameters: {'hidden_size': 33, 'num_layers': 1, 'dropout': 0.1, 'learning_rate': 0.005532496914298506, 'batch_size': 32}. Best is trial 3 with value: 0.21005803667576947.

Confusion matrix (rows: actual, columns: predicted):
[[  38  128]
 [ 120 1143]]
Epoch 1/50 | train loss: 0.5469 | validation loss: 0.7449 | validation accuracy: 0.8544 | validation AP: 0.1529
Epoch 2/50 | train loss: 0.542 | validation loss: 0.6832 | validation accuracy: 0.8069 | validation AP: 0.1958
Epoch 3/50 | train loss: 0.5309 | validation loss: 0.7661 | validation accuracy: 0.8698 | validation AP: 0.1574
Epoch 4/50 | train loss: 0.5352 | validation loss: 0.7366 | validation accuracy: 0.8824 | validation AP: 0.146
Epoch 5/50 | train loss: 0.5136 | validation loss: 0.7167 | validation accuracy: 0.86 | validation AP: 0.1838
Epoch 6/50 | train loss: 0.5102 | validation loss: 0.7582 | validation accuracy: 0.83 | validation AP: 0.1444
Stopping at epoch 6: validation AP has not improved for 4 epochs.
Best epoch: 2 | validation AP: 0.1958 | epochs run: 6

Validation classification report:
              precision    recall  f1-score   support

  disengaged     0.2135    0.2470    0.2291       166
     engaged     0.8989    0.8804    0.8896      1263

    accuracy                         0.8069      1429
   macro avg     0.5562    0.5637    0.5593      1429
weighted avg     0.8193    0.8069    0.8129      1429

Confusion matrix (rows: actual, columns: predicted):
[[  41  125]
 [ 151 1112]]
Epoch 1/50 | train loss: 0.6767 | validation loss: 0.7055 | validation accuracy: 0.7607 | validation AP: 0.1585
Epoch 2/50 | train loss: 0.6609 | validation loss: 0.7338 | validation accuracy: 0.8237 | validation AP: 0.1786
Epoch 3/50 | train loss: 0.6436 | validation loss: 0.7609 | validation accuracy: 0.8076 | validation AP: 0.1911
Epoch 4/50 | train loss: 0.6473 | validation loss: 0.7337 | validation accuracy: 0.7929 | validation AP: 0.1889
Epoch 5/50 | train loss: 0.6367 | validation loss: 0.731 | validation accuracy: 0.7012 | validation AP: 0.1401
Epoch 6/50 | train loss: 0.628 | validation loss: 0.7673 | validation accuracy: 0.8188 | validation AP: 0.1678
Epoch 7/50 | train loss: 0.638 | validation loss: 0.7293 | validation accuracy: 0.7355 | validation AP: 0.1554
Stopping at epoch 7: validation AP has not improved for 4 epochs.
Best epoch: 3 | validation AP: 0.1911 | epochs run: 7

Validation classification report:
              precision    recall  f1-score   support

  disengaged     0.2315    0.2831    0.2547       166
     engaged     0.9029    0.8765    0.8895      1263

    accuracy                         0.8076      1429
   macro avg     0.5672    0.5798    0.5721      1429
weighted avg     0.8249    0.8076    0.8158      1429

Confusion matrix (rows: actual, columns: predicted):
[[  47  119]
 [ 156 1107]]
Epoch 1/50 | train loss: 0.6718 | validation loss: 0.7382 | validation accuracy: 0.7257 | validation AP: 0.1416
Epoch 2/50 | train loss: 0.6544 | validation loss: 0.6997 | validation accuracy: 0.7621 | validation AP: 0.1852
Epoch 3/50 | train loss: 0.6444 | validation loss: 0.7654 | validation accuracy: 0.7166 | validation AP: 0.1311
Epoch 4/50 | train loss: 0.634 | validation loss: 0.7538 | validation accuracy: 0.6956 | validation AP: 0.1379
Epoch 5/50 | train loss: 0.6392 | validation loss: 0.7226 | validation accuracy: 0.7474 | validation AP: 0.1719
Epoch 6/50 | train loss: 0.636 | validation loss: 0.7254 | validation accuracy: 0.6774 | validation AP: 0.1573
Stopping at epoch 6: validation AP has not improved for 4 epochs.
Best epoch: 2 | validation AP: 0.1852 | epochs run: 6

Validation classification report:
              precision    recall  f1-score   support

  disengaged     0.2119    0.3855    0.2735       166
     engaged     0.9095    0.8116    0.8577      1263

    accuracy                         0.7621      1429
   macro avg     0.5607    0.5986    0.5656      1429
weighted avg     0.8285    0.7621    0.7899      1429

Confusion matrix (rows: actual, columns: predicted):
[[  64  102]
 [ 238 1025]]
Epoch 1/50 | train loss: 0.6736 | validation loss: 0.7655 | validation accuracy: 0.8083 | validation AP: 0.1366
Epoch 2/50 | train loss: 0.6516 | validation loss: 0.7003 | validation accuracy: 0.6438 | validation AP: 0.1963
Epoch 3/50 | train loss: 0.6429 | validation loss: 0.7437 | validation accuracy: 0.7915 | validation AP: 0.174
Epoch 4/50 | train loss: 0.6265 | validation loss: 0.7334 | validation accuracy: 0.767 | validation AP: 0.1484
Epoch 5/50 | train loss: 0.6265 | validation loss: 0.7088 | validation accuracy: 0.697 | validation AP: 0.156
Epoch 6/50 | train loss: 0.6344 | validation loss: 0.7039 | validation accuracy: 0.6956 | validation AP: 0.1622
Stopping at epoch 6: validation AP has not improved for 4 epochs.
Best epoch: 2 | validation AP: 0.1963 | epochs run: 6

Validation classification report:
              precision    recall  f1-score   support

  disengaged     0.1770    0.5663    0.2697       166
     engaged     0.9198    0.6540    0.7645      1263

    accuracy                         0.6438      1429
   macro avg     0.5484    0.6101    0.5171      1429
weighted avg     0.8335    0.6438    0.7070      1429

Confusion matrix (rows: actual, columns: predicted):
[[ 94  72]
 [437 826]]
Epoch 1/50 | train loss: 0.6529 | validation loss: 0.7718 | validation accuracy: 0.8838 | validation AP: 0.1421
Epoch 2/50 | train loss: 0.6353 | validation loss: 0.7877 | validation accuracy: 0.8838 | validation AP: 0.1911
Epoch 3/50 | train loss: 0.646 | validation loss: 0.8111 | validation accuracy: 0.8838 | validation AP: 0.1749
Epoch 4/50 | train loss: 0.6505 | validation loss: 0.7505 | validation accuracy: 0.8838 | validation AP: 0.1999
Epoch 5/50 | train loss: 0.6471 | validation loss: 0.742 | validation accuracy: 0.8838 | validation AP: 0.1098
Epoch 6/50 | train loss: 0.648 | validation loss: 0.7818 | validation accuracy: 0.8838 | validation AP: 0.1561
Epoch 7/50 | train loss: 0.6501 | validation loss: 0.7434 | validation accuracy: 0.8838 | validation AP: 0.1287
Epoch 8/50 | train loss: 0.6397 | validation loss: 0.9005 | validation accuracy: 0.8838 | validation AP: 0.1892
Stopping at epoch 8: validation AP has not improved for 4 epochs.
Best epoch: 4 | validation AP: 0.1999 | epochs run: 8

Validation classification report:
              precision    recall  f1-score   support

  disengaged     0.0000    0.0000    0.0000       166
     engaged     0.8838    1.0000    0.9383      1263

    accuracy                         0.8838      1429
   macro avg     0.4419    0.5000    0.4692      1429
weighted avg     0.7812    0.8838    0.8293      1429

Confusion matrix (rows: actual, columns: predicted):
[[   0  166]
 [   0 1263]]
Epoch 1/50 | train loss: 0.6984 | validation loss: 0.8095 | validation accuracy: 0.8838 | validation AP: 0.1552
Epoch 2/50 | train loss: 0.6626 | validation loss: 1.2955 | validation accuracy: 0.8369 | validation AP: 0.12
Epoch 3/50 | train loss: 0.6575 | validation loss: 0.7125 | validation accuracy: 0.8376 | validation AP: 0.122
Epoch 4/50 | train loss: 0.6404 | validation loss: 0.7866 | validation accuracy: 0.8376 | validation AP: 0.1215
Epoch 5/50 | train loss: 0.6445 | validation loss: 0.7376 | validation accuracy: 0.8376 | validation AP: 0.1209
Stopping at epoch 5: validation AP has not improved for 4 epochs.
Best epoch: 1 | validation AP: 0.1552 | epochs run: 5

Validation classification report:
              precision    recall  f1-score   support

  disengaged     0.0000    0.0000    0.0000       166
     engaged     0.8838    1.0000    0.9383      1263

    accuracy                         0.8838      1429
   macro avg     0.4419    0.5000    0.4692      1429
weighted avg     0.7812    0.8838    0.8293      1429

Confusion matrix (rows: actual, columns: predicted):
[[   0  166]
 [   0 1263]]
Epoch 1/50 | train loss: 0.6543 | validation loss: 0.7229 | validation accuracy: 0.7789 | validation AP: 0.1392
Epoch 2/50 | train loss: 0.6459 | validation loss: 0.7466 | validation accuracy: 0.8838 | validation AP: 0.1412
Epoch 3/50 | train loss: 0.6527 | validation loss: 0.7778 | validation accuracy: 0.8838 | validation AP: 0.1492
Epoch 4/50 | train loss: 0.6416 | validation loss: 0.7541 | validation accuracy: 0.8838 | validation AP: 0.1311
Epoch 5/50 | train loss: 0.6422 | validation loss: 0.7287 | validation accuracy: 0.8838 | validation AP: 0.1405[I 2026-10-09 01:16:13,924] Trial 10 finished with value: 0.16811149913760093 and parameters: {'hidden_size': 113, 'num_layers': 3, 'dropout': 0.0, 'learning_rate': 0.003903634606440267, 'batch_size': 16}. Best is trial 3 with value: 0.21005803667576947.
[I 2026-10-09 01:17:02,166] Trial 11 finished with value: 0.20727325284280376 and parameters: {'hidden_size': 36, 'num_layers': 2, 'dropout': 0.25, 'learning_rate': 0.009368018290850351, 'batch_size': 16}. Best is trial 3 with value: 0.21005803667576947.

Epoch 6/50 | train loss: 0.6462 | validation loss: 0.7724 | validation accuracy: 0.8838 | validation AP: 0.1398
Epoch 7/50 | train loss: 0.6408 | validation loss: 0.7693 | validation accuracy: 0.8838 | validation AP: 0.1153
Stopping at epoch 7: validation AP has not improved for 4 epochs.
Best epoch: 3 | validation AP: 0.1492 | epochs run: 7

Validation classification report:
              precision    recall  f1-score   support

  disengaged     0.0000    0.0000    0.0000       166
     engaged     0.8838    1.0000    0.9383      1263

    accuracy                         0.8838      1429
   macro avg     0.4419    0.5000    0.4692      1429
weighted avg     0.7812    0.8838    0.8293      1429

Confusion matrix (rows: actual, columns: predicted):
[[   0  166]
 [   0 1263]]
Epoch 1/50 | train loss: 0.6559 | validation loss: 0.8246 | validation accuracy: 0.8775 | validation AP: 0.1594
Epoch 2/50 | train loss: 0.6311 | validation loss: 0.8657 | validation accuracy: 0.8838 | validation AP: 0.1311
Epoch 3/50 | train loss: 0.6397 | validation loss: 0.8008 | validation accuracy: 0.8838 | validation AP: 0.2234
Epoch 4/50 | train loss: 0.6482 | validation loss: 0.766 | validation accuracy: 0.86 | validation AP: 0.1511
Epoch 5/50 | train loss: 0.632 | validation loss: 0.7893 | validation accuracy: 0.881 | validation AP: 0.1279
Epoch 6/50 | train loss: 0.6288 | validation loss: 0.7921 | validation accuracy: 0.8663 | validation AP: 0.1474
Epoch 7/50 | train loss: 0.6403 | validation loss: 0.7436 | validation accuracy: 0.8034 | validation AP: 0.1422
Stopping at epoch 7: validation AP has not improved for 4 epochs.
Best epoch: 3 | validation AP: 0.2234 | epochs run: 7

Validation classification report:
              precision    recall  f1-score   support

  disengaged     0.0000    0.0000    0.0000       166
     engaged     0.8838    1.0000    0.9383      1263

    accuracy                         0.8838      1429
   macro avg     0.4419    0.5000    0.4692      1429
weighted avg     0.7812    0.8838    0.8293      1429

Confusion matrix (rows: actual, columns: predicted):
[[   0  166]
 [   0 1263]]
Epoch 1/50 | train loss: 0.6768 | validation loss: 0.7699 | validation accuracy: 0.8733 | validation AP: 0.1526
Epoch 2/50 | train loss: 0.6462 | validation loss: 0.781 | validation accuracy: 0.8796 | validation AP: 0.1486
Epoch 3/50 | train loss: 0.6366 | validation loss: 0.711 | validation accuracy: 0.8376 | validation AP: 0.158
Epoch 4/50 | train loss: 0.6406 | validation loss: 0.744 | validation accuracy: 0.8824 | validation AP: 0.1212
Epoch 5/50 | train loss: 0.6391 | validation loss: 0.741 | validation accuracy: 0.8642 | validation AP: 0.177
Epoch 6/50 | train loss: 0.6315 | validation loss: 0.7486 | validation accuracy: 0.8663 | validation AP: 0.1775
Epoch 7/50 | train loss: 0.6317 | validation loss: 0.7653 | validation accuracy: 0.881 | validation AP: 0.2031
Epoch 8/50 | train loss: 0.6334 | validation loss: 0.7754 | validation accuracy: 0.8558 | validation AP: 0.1735
Epoch 9/50 | train loss: 0.6245 | validation loss: 0.8106 | validation accuracy: 0.8523 | validation AP: 0.1511
Epoch 10/50 | train loss: 0.6086 | validation loss: 0.7766 | validation accuracy: 0.8635 | validation AP: 0.1481
Epoch 11/50 | train loss: 0.6464 | validation loss: 0.7124 | validation accuracy: 0.7593 | validation AP: 0.1685
Stopping at epoch 11: validation AP has not improved for 4 epochs.
Best epoch: 7 | validation AP: 0.2031 | epochs run: 11

Validation classification report:
              precision    recall  f1-score   support

  disengaged     0.3571    0.0301    0.0556       166
     engaged     0.8862    0.9929    0.9365      1263

    accuracy                         0.8810      1429
   macro avg     0.6217    0.5115    0.4960      1429
weighted avg     0.8248    0.8810    0.8342      1429

Confusion matrix (rows: actual, columns: predicted):
[[   5  161]
 [   9 1254]]
Epoch 1/50 | train loss: 0.6523 | validation loss: 0.7591 | validation accuracy: 0.8425 | validation AP: 0.1367
Epoch 2/50 | train loss: 0.6439 | validation loss: 0.7023 | validation accuracy: 0.8467 | validation AP: 0.1953
Epoch 3/50 | train loss: 0.6422 | validation loss: 0.8062 | validation accuracy: 0.8845 | validation AP: 0.1758
Epoch 4/50 | train loss: 0.6449 | validation loss: 0.7089 | validation accuracy: 0.8761 | validation AP: 0.1409
Epoch 5/50 | train loss: 0.6281 | validation loss: 0.7447 | validation accuracy: 0.8712 | validation AP: 0.1482
Epoch 6/50 | train loss: 0.6264 | validation loss: 0.7617 | validation accuracy: 0.8649 | validation AP: 0.1609
Stopping at epoch 6: validation AP has not improved for 4 epochs.
Best epoch: 2 | validation AP: 0.1953 | epochs run: 6

Validation classification report:
              precision    recall  f1-score   support

  disengaged     0.2476    0.1566    0.1919       166
     engaged     0.8943    0.9375    0.9153      1263

    accuracy                         0.8467      1429
   macro avg     0.5709    0.5470    0.5536      1429
weighted avg     0.8191    0.8467    0.8313      1429

Confusion matrix (rows: actual, columns: predicted):
[[  26  140]
 [  79 1184]]
Epoch 1/50 | train loss: 0.6495 | validation loss: 0.7673 | validation accuracy: 0.8824 | validation AP: 0.1519
Epoch 2/50 | train loss: 0.6245 | validation loss: 0.8352 | validation accuracy: 0.8838 | validation AP: 0.197
Epoch 3/50 | train loss: 0.636 | validation loss: 0.8179 | validation accuracy: 0.8817 | validation AP: 0.173
Epoch 4/50 | train loss: 0.6493 | validation loss: 0.6978 | validation accuracy: 0.8111 | validation AP: 0.2035
Epoch 5/50 | train loss: 0.6309 | validation loss: 0.7307 | validation accuracy: 0.8754 | validation AP: 0.1604
Epoch 6/50 | train loss: 0.6211 | validation loss: 0.8572 | validation accuracy: 0.8488 | validation AP: 0.1492
Epoch 7/50 | train loss: 0.6143 | validation loss: 0.7513 | validation accuracy: 0.8698 | validation AP: 0.1474
Epoch 8/50 | train loss: 0.6103 | validation loss: 0.873 | validation accuracy: 0.8803 | validation AP: 0.1699
Stopping at epoch 8: validation AP has not improved for 4 epochs.
Best epoch: 4 | validation AP: 0.2035 | epochs run: 8

Validation classification report:
              precision    recall  f1-score   support

  disengaged     0.2374    0.2831    0.2582       166
     engaged     0.9033    0.8804    0.8917      1263

    accuracy                         0.8111      1429
   macro avg     0.5704    0.5818    0.5750      1429
weighted avg     0.8260    0.8111    0.8181      1429

Confusion matrix (rows: actual, columns: predicted):
[[  47  119]
 [ 151 1112]]
Epoch 1/50 | train loss: 0.6651 | validation loss: 0.78 | validation accuracy: 0.8705 | validation AP: 0.1585
Epoch 2/50 | train loss: 0.6352 | validation loss: 0.7658 | validation accuracy: 0.8824 | validation AP: 0.1564
Epoch 3/50 | train loss: 0.6331 | validation loss: 0.7195 | validation accuracy: 0.8355 | validation AP: 0.161
Epoch 4/50 | train loss: 0.621 | validation loss: 0.7739 | validation accuracy: 0.8376 | validation AP: 0.1401
Epoch 5/50 | train loss: 0.6269 | validation loss: 0.6974 | validation accuracy: 0.8013 | validation AP: 0.1911
Epoch 6/50 | train loss: 0.6178 | validation loss: 0.7295 | validation accuracy: 0.7901 | validation AP: 0.1576
Epoch 7/50 | train loss: 0.6168 | validation loss: 0.7335 | validation accuracy: 0.7691 | validation AP: 0.1582
Epoch 8/50 | train loss: 0.6115 | validation loss: 0.7292 | validation accuracy: 0.7838 | validation AP: 0.135
Epoch 9/50 | train loss: 0.6114 | validation loss: 0.7371 | validation accuracy: 0.7719 | validation AP: 0.1571
Stopping at epoch 9: validation AP has not improved for 4 epochs.
Best epoch: 5 | validation AP: 0.1911 | epochs run: 9

Validation classification report:
              precision    recall  f1-score   support

  disengaged     0.2269    0.2952    0.2565       166
     engaged     0.9035    0.8678    0.8853      1263

    accuracy                         0.8013      1429
   macro avg     0.5652    0.5815    0.5709      1429
weighted avg     0.8249    0.8013    0.8123      1429

Confusion matrix (rows: actual, columns: predicted):
[[  49  117]
 [ 167 1096]]
Epoch 1/50 | train loss: 0.6497 | validation loss: 0.7907 | validation accuracy: 0.8719 | validation AP: 0.1588[I 2026-10-09 01:17:48,603] Trial 12 finished with value: 0.20747094628164073 and parameters: {'hidden_size': 35, 'num_layers': 2, 'dropout': 0.25, 'learning_rate': 0.007461616677091377, 'batch_size': 16}. Best is trial 3 with value: 0.21005803667576947.
[I 2026-10-09 01:18:47,391] Trial 13 finished with value: 0.19247134840660554 and parameters: {'hidden_size': 21, 'num_layers': 1, 'dropout': 0.25, 'learning_rate': 0.003691936634564159, 'batch_size': 16}. Best is trial 3 with value: 0.21005803667576947.

Epoch 2/50 | train loss: 0.6466 | validation loss: 0.7224 | validation accuracy: 0.8481 | validation AP: 0.2279
Epoch 3/50 | train loss: 0.6398 | validation loss: 0.7753 | validation accuracy: 0.8838 | validation AP: 0.199
Epoch 4/50 | train loss: 0.6293 | validation loss: 0.712 | validation accuracy: 0.8845 | validation AP: 0.2095
Epoch 5/50 | train loss: 0.6278 | validation loss: 0.738 | validation accuracy: 0.8558 | validation AP: 0.1839
Epoch 6/50 | train loss: 0.6238 | validation loss: 0.7506 | validation accuracy: 0.7866 | validation AP: 0.1448
Stopping at epoch 6: validation AP has not improved for 4 epochs.
Best epoch: 2 | validation AP: 0.2279 | epochs run: 6

Validation classification report:
              precision    recall  f1-score   support

  disengaged     0.2857    0.2048    0.2386       166
     engaged     0.8992    0.9327    0.9157      1263

    accuracy                         0.8481      1429
   macro avg     0.5925    0.5688    0.5771      1429
weighted avg     0.8280    0.8481    0.8370      1429

Confusion matrix (rows: actual, columns: predicted):
[[  34  132]
 [  85 1178]]
Epoch 1/50 | train loss: 0.6422 | validation loss: 0.7453 | validation accuracy: 0.853 | validation AP: 0.1554
Epoch 2/50 | train loss: 0.6106 | validation loss: 0.7802 | validation accuracy: 0.874 | validation AP: 0.1803
Epoch 3/50 | train loss: 0.6069 | validation loss: 0.8013 | validation accuracy: 0.83 | validation AP: 0.2016
Epoch 4/50 | train loss: 0.6139 | validation loss: 0.7569 | validation accuracy: 0.8244 | validation AP: 0.1804
Epoch 5/50 | train loss: 0.6001 | validation loss: 0.7765 | validation accuracy: 0.7824 | validation AP: 0.1375
Epoch 6/50 | train loss: 0.5979 | validation loss: 0.7752 | validation accuracy: 0.781 | validation AP: 0.1525
Epoch 7/50 | train loss: 0.5924 | validation loss: 0.7458 | validation accuracy: 0.774 | validation AP: 0.1583
Stopping at epoch 7: validation AP has not improved for 4 epochs.
Best epoch: 3 | validation AP: 0.2016 | epochs run: 7

Validation classification report:
              precision    recall  f1-score   support

  disengaged     0.2061    0.1627    0.1818       166
     engaged     0.8929    0.9177    0.9051      1263

    accuracy                         0.8300      1429
   macro avg     0.5495    0.5402    0.5435      1429
weighted avg     0.8131    0.8300    0.8211      1429

Confusion matrix (rows: actual, columns: predicted):
[[  27  139]
 [ 104 1159]]
Epoch 1/50 | train loss: 0.6444 | validation loss: 0.7279 | validation accuracy: 0.8209 | validation AP: 0.1507
Epoch 2/50 | train loss: 0.6178 | validation loss: 0.727 | validation accuracy: 0.7845 | validation AP: 0.1627
Epoch 3/50 | train loss: 0.6201 | validation loss: 0.7452 | validation accuracy: 0.7782 | validation AP: 0.1418
Epoch 4/50 | train loss: 0.6075 | validation loss: 0.7637 | validation accuracy: 0.7719 | validation AP: 0.1414
Epoch 5/50 | train loss: 0.599 | validation loss: 0.7714 | validation accuracy: 0.8279 | validation AP: 0.1728
Epoch 6/50 | train loss: 0.5921 | validation loss: 0.7607 | validation accuracy: 0.8027 | validation AP: 0.1746
Epoch 7/50 | train loss: 0.6057 | validation loss: 0.7644 | validation accuracy: 0.8153 | validation AP: 0.1646
Epoch 8/50 | train loss: 0.5961 | validation loss: 0.7838 | validation accuracy: 0.8034 | validation AP: 0.1563
Epoch 9/50 | train loss: 0.5762 | validation loss: 0.771 | validation accuracy: 0.7999 | validation AP: 0.1647
Epoch 10/50 | train loss: 0.5877 | validation loss: 0.7379 | validation accuracy: 0.8055 | validation AP: 0.1783
Epoch 11/50 | train loss: 0.5887 | validation loss: 0.7363 | validation accuracy: 0.8048 | validation AP: 0.1723
Epoch 12/50 | train loss: 0.5823 | validation loss: 0.7463 | validation accuracy: 0.7782 | validation AP: 0.1654
Epoch 13/50 | train loss: 0.5727 | validation loss: 0.8316 | validation accuracy: 0.83 | validation AP: 0.1941
Epoch 14/50 | train loss: 0.5796 | validation loss: 0.8295 | validation accuracy: 0.8321 | validation AP: 0.1594
Epoch 15/50 | train loss: 0.5878 | validation loss: 0.7515 | validation accuracy: 0.8439 | validation AP: 0.1703
Epoch 16/50 | train loss: 0.5784 | validation loss: 0.7464 | validation accuracy: 0.7957 | validation AP: 0.1602
Epoch 17/50 | train loss: 0.5657 | validation loss: 0.7798 | validation accuracy: 0.7194 | validation AP: 0.1478
Stopping at epoch 17: validation AP has not improved for 4 epochs.
Best epoch: 13 | validation AP: 0.1941 | epochs run: 17

Validation classification report:
              precision    recall  f1-score   support

  disengaged     0.1593    0.1084    0.1290       166
     engaged     0.8875    0.9248    0.9058      1263

    accuracy                         0.8300      1429
   macro avg     0.5234    0.5166    0.5174      1429
weighted avg     0.8029    0.8300    0.8155      1429

Confusion matrix (rows: actual, columns: predicted):
[[  18  148]
 [  95 1168]]
Epoch 1/50 | train loss: 0.6373 | validation loss: 0.7811 | validation accuracy: 0.8439 | validation AP: 0.1424
Epoch 2/50 | train loss: 0.6178 | validation loss: 0.7223 | validation accuracy: 0.7635 | validation AP: 0.1767
Epoch 3/50 | train loss: 0.6125 | validation loss: 0.7481 | validation accuracy: 0.8328 | validation AP: 0.1817
Epoch 4/50 | train loss: 0.6082 | validation loss: 0.7338 | validation accuracy: 0.8202 | validation AP: 0.1541
Epoch 5/50 | train loss: 0.6016 | validation loss: 0.7158 | validation accuracy: 0.7719 | validation AP: 0.1681
Epoch 6/50 | train loss: 0.5999 | validation loss: 0.7439 | validation accuracy: 0.8069 | validation AP: 0.1623
Epoch 7/50 | train loss: 0.5956 | validation loss: 0.7559 | validation accuracy: 0.7992 | validation AP: 0.1539
Stopping at epoch 7: validation AP has not improved for 4 epochs.
Best epoch: 3 | validation AP: 0.1817 | epochs run: 7

Validation classification report:
              precision    recall  f1-score   support

  disengaged     0.1983    0.1446    0.1672       166
     engaged     0.8914    0.9232    0.9070      1263

    accuracy                         0.8328      1429
   macro avg     0.5449    0.5339    0.5371      1429
weighted avg     0.8109    0.8328    0.8211      1429

Confusion matrix (rows: actual, columns: predicted):
[[  24  142]
 [  97 1166]]
Epoch 1/50 | train loss: 0.6435 | validation loss: 0.7507 | validation accuracy: 0.8383 | validation AP: 0.1496
Epoch 2/50 | train loss: 0.6054 | validation loss: 0.7671 | validation accuracy: 0.8321 | validation AP: 0.1807
Epoch 3/50 | train loss: 0.5957 | validation loss: 0.8188 | validation accuracy: 0.8216 | validation AP: 0.1709
Epoch 4/50 | train loss: 0.6079 | validation loss: 0.7632 | validation accuracy: 0.7971 | validation AP: 0.1719
Epoch 5/50 | train loss: 0.5915 | validation loss: 0.7562 | validation accuracy: 0.816 | validation AP: 0.1528
Epoch 6/50 | train loss: 0.5827 | validation loss: 0.8028 | validation accuracy: 0.8111 | validation AP: 0.1769
Stopping at epoch 6: validation AP has not improved for 4 epochs.
Best epoch: 2 | validation AP: 0.1807 | epochs run: 6

Validation classification report:
              precision    recall  f1-score   support

  disengaged     0.2109    0.1627    0.1837       166
     engaged     0.8932    0.9200    0.9064      1263

    accuracy                         0.8321      1429
   macro avg     0.5520    0.5413    0.5450      1429
weighted avg     0.8139    0.8321    0.8224      1429

Confusion matrix (rows: actual, columns: predicted):
[[  27  139]
 [ 101 1162]]
Epoch 1/50 | train loss: 0.6379 | validation loss: 0.7587 | validation accuracy: 0.8125 | validation AP: 0.137
Epoch 2/50 | train loss: 0.6126 | validation loss: 0.7506 | validation accuracy: 0.8537 | validation AP: 0.1734
Epoch 3/50 | train loss: 0.6073 | validation loss: 0.7341 | validation accuracy: 0.8125 | validation AP: 0.1571
Epoch 4/50 | train loss: 0.5963 | validation loss: 0.7695 | validation accuracy: 0.8181 | validation AP: 0.1564
Epoch 5/50 | train loss: 0.5944 | validation loss: 0.7532 | validation accuracy: 0.8027 | validation AP: 0.1704
Epoch 6/50 | train loss: 0.5855 | validation loss: 0.7505 | validation accuracy: 0.7334 | validation AP: 0.1583
Stopping at epoch 6: validation AP has not improved for 4 epochs.[I 2026-10-09 01:19:27,384] Trial 14 finished with value: 0.17815464911043044 and parameters: {'hidden_size': 25, 'num_layers': 2, 'dropout': 0.1, 'learning_rate': 0.0018442706189710923, 'batch_size': 16}. Best is trial 3 with value: 0.21005803667576947.
[I 2026-10-09 01:21:23,072] Trial 15 finished with value: 0.2057450449593264 and parameters: {'hidden_size': 24, 'num_layers': 3, 'dropout': 0.25, 'learning_rate': 0.008604665367591191, 'batch_size': 8}. Best is trial 3 with value: 0.21005803667576947.

Best epoch: 2 | validation AP: 0.1734 | epochs run: 6

Validation classification report:
              precision    recall  f1-score   support

  disengaged     0.2055    0.0904    0.1255       166
     engaged     0.8886    0.9541    0.9202      1263

    accuracy                         0.8537      1429
   macro avg     0.5471    0.5222    0.5229      1429
weighted avg     0.8093    0.8537    0.8279      1429

Confusion matrix (rows: actual, columns: predicted):
[[  15  151]
 [  58 1205]]
Epoch 1/50 | train loss: 0.6308 | validation loss: 0.7888 | validation accuracy: 0.795 | validation AP: 0.1338
Epoch 2/50 | train loss: 0.6131 | validation loss: 0.7196 | validation accuracy: 0.6823 | validation AP: 0.1616
Epoch 3/50 | train loss: 0.6021 | validation loss: 0.7592 | validation accuracy: 0.8551 | validation AP: 0.1804
Epoch 4/50 | train loss: 0.6046 | validation loss: 0.7256 | validation accuracy: 0.839 | validation AP: 0.1676
Epoch 5/50 | train loss: 0.5901 | validation loss: 0.7052 | validation accuracy: 0.7656 | validation AP: 0.1695
Epoch 6/50 | train loss: 0.5873 | validation loss: 0.7597 | validation accuracy: 0.8202 | validation AP: 0.1677
Epoch 7/50 | train loss: 0.5866 | validation loss: 0.7442 | validation accuracy: 0.7488 | validation AP: 0.1455
Stopping at epoch 7: validation AP has not improved for 4 epochs.
Best epoch: 3 | validation AP: 0.1804 | epochs run: 7

Validation classification report:
              precision    recall  f1-score   support

  disengaged     0.2338    0.1084    0.1481       166
     engaged     0.8905    0.9533    0.9208      1263

    accuracy                         0.8551      1429
   macro avg     0.5621    0.5309    0.5345      1429
weighted avg     0.8142    0.8551    0.8311      1429

Confusion matrix (rows: actual, columns: predicted):
[[  18  148]
 [  59 1204]]
Epoch 1/50 | train loss: 0.5814 | validation loss: 0.7704 | validation accuracy: 0.8838 | validation AP: 0.1331
Epoch 2/50 | train loss: 0.5577 | validation loss: 0.8377 | validation accuracy: 0.8838 | validation AP: 0.145
Epoch 3/50 | train loss: 0.5631 | validation loss: 0.7493 | validation accuracy: 0.8838 | validation AP: 0.1792
Epoch 4/50 | train loss: 0.5624 | validation loss: 0.7542 | validation accuracy: 0.8838 | validation AP: 0.1721
Epoch 5/50 | train loss: 0.5545 | validation loss: 0.7304 | validation accuracy: 0.8838 | validation AP: 0.2479
Epoch 6/50 | train loss: 0.5584 | validation loss: 0.765 | validation accuracy: 0.8838 | validation AP: 0.1038
Epoch 7/50 | train loss: 0.5636 | validation loss: 0.7601 | validation accuracy: 0.8838 | validation AP: 0.144
Epoch 8/50 | train loss: 0.556 | validation loss: 0.8503 | validation accuracy: 0.8838 | validation AP: 0.1421
Epoch 9/50 | train loss: 0.5585 | validation loss: 0.7513 | validation accuracy: 0.8838 | validation AP: 0.1925
Stopping at epoch 9: validation AP has not improved for 4 epochs.
Best epoch: 5 | validation AP: 0.2479 | epochs run: 9

Validation classification report:
              precision    recall  f1-score   support

  disengaged     0.0000    0.0000    0.0000       166
     engaged     0.8838    1.0000    0.9383      1263

    accuracy                         0.8838      1429
   macro avg     0.4419    0.5000    0.4692      1429
weighted avg     0.7812    0.8838    0.8293      1429

Confusion matrix (rows: actual, columns: predicted):
[[   0  166]
 [   0 1263]]
Epoch 1/50 | train loss: 0.5867 | validation loss: 0.7712 | validation accuracy: 0.8838 | validation AP: 0.12
Epoch 2/50 | train loss: 0.5664 | validation loss: 0.772 | validation accuracy: 0.8838 | validation AP: 0.1547
Epoch 3/50 | train loss: 0.5603 | validation loss: 0.7319 | validation accuracy: 0.8838 | validation AP: 0.1391
Epoch 4/50 | train loss: 0.5515 | validation loss: 0.7823 | validation accuracy: 0.8838 | validation AP: 0.1799
Epoch 5/50 | train loss: 0.552 | validation loss: 0.7418 | validation accuracy: 0.8838 | validation AP: 0.1722
Epoch 6/50 | train loss: 0.5417 | validation loss: 0.7356 | validation accuracy: 0.8705 | validation AP: 0.1863
Epoch 7/50 | train loss: 0.5487 | validation loss: 0.7366 | validation accuracy: 0.8796 | validation AP: 0.2005
Epoch 8/50 | train loss: 0.5271 | validation loss: 0.7326 | validation accuracy: 0.7845 | validation AP: 0.1484
Epoch 9/50 | train loss: 0.5373 | validation loss: 0.7693 | validation accuracy: 0.8768 | validation AP: 0.1475
Epoch 10/50 | train loss: 0.5509 | validation loss: 0.7327 | validation accuracy: 0.8663 | validation AP: 0.1711
Epoch 11/50 | train loss: 0.536 | validation loss: 0.7517 | validation accuracy: 0.8845 | validation AP: 0.1779
Stopping at epoch 11: validation AP has not improved for 4 epochs.
Best epoch: 7 | validation AP: 0.2005 | epochs run: 11

Validation classification report:
              precision    recall  f1-score   support

  disengaged     0.3333    0.0361    0.0652       166
     engaged     0.8866    0.9905    0.9357      1263

    accuracy                         0.8796      1429
   macro avg     0.6100    0.5133    0.5004      1429
weighted avg     0.8223    0.8796    0.8346      1429

Confusion matrix (rows: actual, columns: predicted):
[[   6  160]
 [  12 1251]]
Epoch 1/50 | train loss: 0.5761 | validation loss: 0.7086 | validation accuracy: 0.8838 | validation AP: 0.1452
Epoch 2/50 | train loss: 0.5683 | validation loss: 0.7353 | validation accuracy: 0.8838 | validation AP: 0.1659
Epoch 3/50 | train loss: 0.5547 | validation loss: 0.7697 | validation accuracy: 0.8628 | validation AP: 0.1542
Epoch 4/50 | train loss: 0.5622 | validation loss: 0.7174 | validation accuracy: 0.8838 | validation AP: 0.1689
Epoch 5/50 | train loss: 0.5458 | validation loss: 0.7448 | validation accuracy: 0.8838 | validation AP: 0.1108
Epoch 6/50 | train loss: 0.5565 | validation loss: 0.7884 | validation accuracy: 0.8719 | validation AP: 0.1187
Epoch 7/50 | train loss: 0.5443 | validation loss: 0.7506 | validation accuracy: 0.8838 | validation AP: 0.1382
Epoch 8/50 | train loss: 0.5494 | validation loss: 0.7606 | validation accuracy: 0.8845 | validation AP: 0.1207
Stopping at epoch 8: validation AP has not improved for 4 epochs.
Best epoch: 4 | validation AP: 0.1689 | epochs run: 8

Validation classification report:
              precision    recall  f1-score   support

  disengaged     0.0000    0.0000    0.0000       166
     engaged     0.8838    1.0000    0.9383      1263

    accuracy                         0.8838      1429
   macro avg     0.4419    0.5000    0.4692      1429
weighted avg     0.7812    0.8838    0.8293      1429

Confusion matrix (rows: actual, columns: predicted):
[[   0  166]
 [   0 1263]]
Epoch 1/50 | train loss: 0.6396 | validation loss: 0.7588 | validation accuracy: 0.8307 | validation AP: 0.1523
Epoch 2/50 | train loss: 0.6176 | validation loss: 0.7935 | validation accuracy: 0.8572 | validation AP: 0.1788
Epoch 3/50 | train loss: 0.6135 | validation loss: 0.8189 | validation accuracy: 0.8418 | validation AP: 0.1948
Epoch 4/50 | train loss: 0.6204 | validation loss: 0.7075 | validation accuracy: 0.7453 | validation AP: 0.2042
Epoch 5/50 | train loss: 0.616 | validation loss: 0.7523 | validation accuracy: 0.8272 | validation AP: 0.1557
Epoch 6/50 | train loss: 0.6007 | validation loss: 0.7922 | validation accuracy: 0.8328 | validation AP: 0.1813
Epoch 7/50 | train loss: 0.6109 | validation loss: 0.7406 | validation accuracy: 0.8223 | validation AP: 0.1551
Epoch 8/50 | train loss: 0.5889 | validation loss: 0.8517 | validation accuracy: 0.8481 | validation AP: 0.1674
Stopping at epoch 8: validation AP has not improved for 4 epochs.
Best epoch: 4 | validation AP: 0.2042 | epochs run: 8

Validation classification report:
              precision    recall  f1-score   support

  disengaged     0.1786    0.3313    0.2321       166
     engaged     0.9010    0.7997    0.8473      1263

    accuracy                         0.7453      1429
   macro avg     0.5398    0.5655    0.5397      1429
weighted avg     0.8171    0.7453    0.7758      1429

Confusion matrix (rows: actual, columns: predicted):
[[  55  111]
 [ 253 1010]]
Epoch 1/50 | train loss: 0.6452 | validation loss: 0.7937 | validation accuracy: 0.8062 | validation AP: 0.1476[I 2026-10-09 01:22:04,100] Trial 16 finished with value: 0.1985767844187312 and parameters: {'hidden_size': 72, 'num_layers': 2, 'dropout': 0.0, 'learning_rate': 0.0024045409941964467, 'batch_size': 16}. Best is trial 3 with value: 0.21005803667576947.
[I 2026-10-09 01:22:54,908] Trial 17 finished with value: 0.2010652625321306 and parameters: {'hidden_size': 66, 'num_layers': 1, 'dropout': 0.25, 'learning_rate': 0.00989998829584677, 'batch_size': 16}. Best is trial 3 with value: 0.21005803667576947.

Epoch 2/50 | train loss: 0.6262 | validation loss: 0.9798 | validation accuracy: 0.8838 | validation AP: 0.1138
Epoch 3/50 | train loss: 0.6461 | validation loss: 0.7313 | validation accuracy: 0.8719 | validation AP: 0.1908
Epoch 4/50 | train loss: 0.6353 | validation loss: 0.7542 | validation accuracy: 0.8782 | validation AP: 0.1517
Epoch 5/50 | train loss: 0.6298 | validation loss: 0.769 | validation accuracy: 0.8481 | validation AP: 0.1712
Epoch 6/50 | train loss: 0.6286 | validation loss: 0.7469 | validation accuracy: 0.8733 | validation AP: 0.1883
Epoch 7/50 | train loss: 0.628 | validation loss: 0.7366 | validation accuracy: 0.8698 | validation AP: 0.1578
Stopping at epoch 7: validation AP has not improved for 4 epochs.
Best epoch: 3 | validation AP: 0.1908 | epochs run: 7

Validation classification report:
              precision    recall  f1-score   support

  disengaged     0.2571    0.0542    0.0896       166
     engaged     0.8874    0.9794    0.9311      1263

    accuracy                         0.8719      1429
   macro avg     0.5723    0.5168    0.5103      1429
weighted avg     0.8142    0.8719    0.8334      1429

Confusion matrix (rows: actual, columns: predicted):
[[   9  157]
 [  26 1237]]
Epoch 1/50 | train loss: 0.6426 | validation loss: 0.7564 | validation accuracy: 0.8286 | validation AP: 0.1423
Epoch 2/50 | train loss: 0.6232 | validation loss: 0.7022 | validation accuracy: 0.725 | validation AP: 0.2008
Epoch 3/50 | train loss: 0.614 | validation loss: 0.7543 | validation accuracy: 0.8376 | validation AP: 0.1782
Epoch 4/50 | train loss: 0.6126 | validation loss: 0.7285 | validation accuracy: 0.8418 | validation AP: 0.15
Epoch 5/50 | train loss: 0.6003 | validation loss: 0.715 | validation accuracy: 0.7369 | validation AP: 0.1727
Epoch 6/50 | train loss: 0.5983 | validation loss: 0.7636 | validation accuracy: 0.8195 | validation AP: 0.1594
Stopping at epoch 6: validation AP has not improved for 4 epochs.
Best epoch: 2 | validation AP: 0.2008 | epochs run: 6

Validation classification report:
              precision    recall  f1-score   support

  disengaged     0.1924    0.4277    0.2654       166
     engaged     0.9104    0.7641    0.8308      1263

    accuracy                         0.7250      1429
   macro avg     0.5514    0.5959    0.5481      1429
weighted avg     0.8270    0.7250    0.7651      1429

Confusion matrix (rows: actual, columns: predicted):
[[ 71  95]
 [298 965]]
Epoch 1/50 | train loss: 0.6671 | validation loss: 0.7957 | validation accuracy: 0.86 | validation AP: 0.1502
Epoch 2/50 | train loss: 0.633 | validation loss: 0.9158 | validation accuracy: 0.8831 | validation AP: 0.1901
Epoch 3/50 | train loss: 0.6342 | validation loss: 0.8546 | validation accuracy: 0.8705 | validation AP: 0.1897
Epoch 4/50 | train loss: 0.6433 | validation loss: 0.6866 | validation accuracy: 0.7726 | validation AP: 0.2025
Epoch 5/50 | train loss: 0.6194 | validation loss: 0.763 | validation accuracy: 0.8348 | validation AP: 0.1264
Epoch 6/50 | train loss: 0.6233 | validation loss: 0.8751 | validation accuracy: 0.8586 | validation AP: 0.205
Epoch 7/50 | train loss: 0.636 | validation loss: 0.7202 | validation accuracy: 0.802 | validation AP: 0.1587
Epoch 8/50 | train loss: 0.6153 | validation loss: 0.8344 | validation accuracy: 0.8516 | validation AP: 0.1868
Epoch 9/50 | train loss: 0.6246 | validation loss: 0.7142 | validation accuracy: 0.7313 | validation AP: 0.1505
Epoch 10/50 | train loss: 0.6151 | validation loss: 0.6991 | validation accuracy: 0.7628 | validation AP: 0.1698
Stopping at epoch 10: validation AP has not improved for 4 epochs.
Best epoch: 6 | validation AP: 0.205 | epochs run: 10

Validation classification report:
              precision    recall  f1-score   support

  disengaged     0.2500    0.1084    0.1513       166
     engaged     0.8909    0.9572    0.9229      1263

    accuracy                         0.8586      1429
   macro avg     0.5705    0.5328    0.5371      1429
weighted avg     0.8165    0.8586    0.8333      1429

Confusion matrix (rows: actual, columns: predicted):
[[  18  148]
 [  54 1209]]
Epoch 1/50 | train loss: 0.7009 | validation loss: 0.7935 | validation accuracy: 0.8705 | validation AP: 0.153
Epoch 2/50 | train loss: 0.6365 | validation loss: 0.7548 | validation accuracy: 0.8488 | validation AP: 0.1633
Epoch 3/50 | train loss: 0.6401 | validation loss: 0.7116 | validation accuracy: 0.7859 | validation AP: 0.1627
Epoch 4/50 | train loss: 0.6241 | validation loss: 0.7925 | validation accuracy: 0.8369 | validation AP: 0.136
Epoch 5/50 | train loss: 0.6253 | validation loss: 0.6867 | validation accuracy: 0.7936 | validation AP: 0.1962
Epoch 6/50 | train loss: 0.6144 | validation loss: 0.7259 | validation accuracy: 0.7649 | validation AP: 0.1709
Epoch 7/50 | train loss: 0.6169 | validation loss: 0.7255 | validation accuracy: 0.8118 | validation AP: 0.1645
Epoch 8/50 | train loss: 0.6185 | validation loss: 0.7194 | validation accuracy: 0.739 | validation AP: 0.1494
Epoch 9/50 | train loss: 0.6023 | validation loss: 0.8146 | validation accuracy: 0.8062 | validation AP: 0.1314
Stopping at epoch 9: validation AP has not improved for 4 epochs.
Best epoch: 5 | validation AP: 0.1962 | epochs run: 9

Validation classification report:
              precision    recall  f1-score   support

  disengaged     0.1943    0.2470    0.2175       166
     engaged     0.8974    0.8654    0.8811      1263

    accuracy                         0.7936      1429
   macro avg     0.5458    0.5562    0.5493      1429
weighted avg     0.8157    0.7936    0.8040      1429

Confusion matrix (rows: actual, columns: predicted):
[[  41  125]
 [ 170 1093]]
Epoch 1/50 | train loss: 0.6567 | validation loss: 0.7492 | validation accuracy: 0.8027 | validation AP: 0.1465
Epoch 2/50 | train loss: 0.6435 | validation loss: 0.6986 | validation accuracy: 0.7509 | validation AP: 0.1706
Epoch 3/50 | train loss: 0.641 | validation loss: 0.8019 | validation accuracy: 0.8705 | validation AP: 0.177
Epoch 4/50 | train loss: 0.6329 | validation loss: 0.688 | validation accuracy: 0.7747 | validation AP: 0.1663
Epoch 5/50 | train loss: 0.6194 | validation loss: 0.6917 | validation accuracy: 0.8118 | validation AP: 0.2019
Epoch 6/50 | train loss: 0.6065 | validation loss: 0.7567 | validation accuracy: 0.8132 | validation AP: 0.1568
Epoch 7/50 | train loss: 0.6043 | validation loss: 0.7659 | validation accuracy: 0.7831 | validation AP: 0.1455
Epoch 8/50 | train loss: 0.6109 | validation loss: 0.712 | validation accuracy: 0.8174 | validation AP: 0.1778
Epoch 9/50 | train loss: 0.6077 | validation loss: 0.7942 | validation accuracy: 0.8579 | validation AP: 0.1619
Stopping at epoch 9: validation AP has not improved for 4 epochs.
Best epoch: 5 | validation AP: 0.2019 | epochs run: 9

Validation classification report:
              precision    recall  f1-score   support

  disengaged     0.1953    0.1988    0.1970       166
     engaged     0.8944    0.8923    0.8934      1263

    accuracy                         0.8118      1429
   macro avg     0.5449    0.5456    0.5452      1429
weighted avg     0.8132    0.8118    0.8125      1429

Confusion matrix (rows: actual, columns: predicted):
[[  33  133]
 [ 136 1127]]
Epoch 1/50 | train loss: 0.6389 | validation loss: 0.7334 | validation accuracy: 0.8153 | validation AP: 0.1521
Epoch 2/50 | train loss: 0.6097 | validation loss: 0.7529 | validation accuracy: 0.8642 | validation AP: 0.2076
Epoch 3/50 | train loss: 0.6076 | validation loss: 0.8048 | validation accuracy: 0.8544 | validation AP: 0.2014
Epoch 4/50 | train loss: 0.6161 | validation loss: 0.7339 | validation accuracy: 0.7978 | validation AP: 0.1911
Epoch 5/50 | train loss: 0.5989 | validation loss: 0.7641 | validation accuracy: 0.8656 | validation AP: 0.1919
Epoch 6/50 | train loss: 0.5983 | validation loss: 0.7985 | validation accuracy: 0.8453 | validation AP: 0.1715
Stopping at epoch 6: validation AP has not improved for 4 epochs.
Best epoch: 2 | validation AP: 0.2076 | epochs run: 6

Validation classification report:
              precision    recall  f1-score   support

  disengaged     0.2812    0.1084    0.1565       166
     engaged     0.8916    0.9636    0.9262      1263

    accuracy                         0.8642      1429
   macro avg     0.5864    0.5360    0.5414      1429
weighted avg     0.8207    0.8642    0.8368      1429
[I 2026-10-09 01:23:36,333] Trial 18 finished with value: 0.1997486878171817 and parameters: {'hidden_size': 79, 'num_layers': 1, 'dropout': 0.0, 'learning_rate': 0.0022224728072613837, 'batch_size': 16}. Best is trial 3 with value: 0.21005803667576947.
[I 2026-10-09 01:24:59,246] Trial 19 finished with value: 0.18103813676595326 and parameters: {'hidden_size': 48, 'num_layers': 2, 'dropout': 0.5, 'learning_rate': 0.0048101622144989045, 'batch_size': 16}. Best is trial 3 with value: 0.21005803667576947.

Confusion matrix (rows: actual, columns: predicted):
[[  18  148]
 [  46 1217]]
Epoch 1/50 | train loss: 0.6441 | validation loss: 0.7675 | validation accuracy: 0.8111 | validation AP: 0.1411
Epoch 2/50 | train loss: 0.6172 | validation loss: 0.7426 | validation accuracy: 0.8146 | validation AP: 0.1563
Epoch 3/50 | train loss: 0.6119 | validation loss: 0.7507 | validation accuracy: 0.7831 | validation AP: 0.1452
Epoch 4/50 | train loss: 0.5964 | validation loss: 0.7795 | validation accuracy: 0.7558 | validation AP: 0.1407
Epoch 5/50 | train loss: 0.6115 | validation loss: 0.7434 | validation accuracy: 0.8383 | validation AP: 0.1685
Epoch 6/50 | train loss: 0.5972 | validation loss: 0.7998 | validation accuracy: 0.7656 | validation AP: 0.1576
Epoch 7/50 | train loss: 0.5912 | validation loss: 0.7388 | validation accuracy: 0.8139 | validation AP: 0.184
Epoch 8/50 | train loss: 0.5858 | validation loss: 0.786 | validation accuracy: 0.8321 | validation AP: 0.1461
Epoch 9/50 | train loss: 0.5827 | validation loss: 0.7374 | validation accuracy: 0.746 | validation AP: 0.1548
Epoch 10/50 | train loss: 0.5786 | validation loss: 0.7325 | validation accuracy: 0.7873 | validation AP: 0.172
Epoch 11/50 | train loss: 0.5773 | validation loss: 0.7303 | validation accuracy: 0.7789 | validation AP: 0.1736
Stopping at epoch 11: validation AP has not improved for 4 epochs.
Best epoch: 7 | validation AP: 0.184 | epochs run: 11

Validation classification report:
              precision    recall  f1-score   support

  disengaged     0.1835    0.1747    0.1790       166
     engaged     0.8922    0.8979    0.8950      1263

    accuracy                         0.8139      1429
   macro avg     0.5379    0.5363    0.5370      1429
weighted avg     0.8099    0.8139    0.8119      1429

Confusion matrix (rows: actual, columns: predicted):
[[  29  137]
 [ 129 1134]]
Epoch 1/50 | train loss: 0.6367 | validation loss: 0.779 | validation accuracy: 0.8293 | validation AP: 0.1416
Epoch 2/50 | train loss: 0.6193 | validation loss: 0.6797 | validation accuracy: 0.7061 | validation AP: 0.2077
Epoch 3/50 | train loss: 0.6084 | validation loss: 0.7605 | validation accuracy: 0.8565 | validation AP: 0.1738
Epoch 4/50 | train loss: 0.6056 | validation loss: 0.7362 | validation accuracy: 0.8188 | validation AP: 0.1402
Epoch 5/50 | train loss: 0.5938 | validation loss: 0.7184 | validation accuracy: 0.767 | validation AP: 0.1786
Epoch 6/50 | train loss: 0.5933 | validation loss: 0.7594 | validation accuracy: 0.795 | validation AP: 0.1481
Stopping at epoch 6: validation AP has not improved for 4 epochs.
Best epoch: 2 | validation AP: 0.2077 | epochs run: 6

Validation classification report:
              precision    recall  f1-score   support

  disengaged     0.1991    0.5060    0.2857       166
     engaged     0.9186    0.7324    0.8150      1263

    accuracy                         0.7061      1429
   macro avg     0.5588    0.6192    0.5503      1429
weighted avg     0.8350    0.7061    0.7535      1429

Confusion matrix (rows: actual, columns: predicted):
[[ 84  82]
 [338 925]]
Epoch 1/50 | train loss: 0.6443 | validation loss: 0.7708 | validation accuracy: 0.8537 | validation AP: 0.1493
Epoch 2/50 | train loss: 0.6254 | validation loss: 0.8136 | validation accuracy: 0.86 | validation AP: 0.1612
Epoch 3/50 | train loss: 0.6249 | validation loss: 0.8165 | validation accuracy: 0.8111 | validation AP: 0.1482
Epoch 4/50 | train loss: 0.6303 | validation loss: 0.7169 | validation accuracy: 0.7341 | validation AP: 0.1858
Epoch 5/50 | train loss: 0.6211 | validation loss: 0.7423 | validation accuracy: 0.8621 | validation AP: 0.1561
Epoch 6/50 | train loss: 0.6132 | validation loss: 0.844 | validation accuracy: 0.8223 | validation AP: 0.1843
Epoch 7/50 | train loss: 0.6293 | validation loss: 0.7421 | validation accuracy: 0.8817 | validation AP: 0.1746
Epoch 8/50 | train loss: 0.6391 | validation loss: 0.88 | validation accuracy: 0.8845 | validation AP: 0.189
Epoch 9/50 | train loss: 0.6396 | validation loss: 0.7159 | validation accuracy: 0.8244 | validation AP: 0.1543
Epoch 10/50 | train loss: 0.626 | validation loss: 0.7086 | validation accuracy: 0.8754 | validation AP: 0.1847
Epoch 11/50 | train loss: 0.6256 | validation loss: 0.7786 | validation accuracy: 0.8775 | validation AP: 0.1485
Epoch 12/50 | train loss: 0.617 | validation loss: 0.7378 | validation accuracy: 0.8258 | validation AP: 0.1671
Stopping at epoch 12: validation AP has not improved for 4 epochs.
Best epoch: 8 | validation AP: 0.189 | epochs run: 12

Validation classification report:
              precision    recall  f1-score   support

  disengaged     1.0000    0.0060    0.0120       166
     engaged     0.8845    1.0000    0.9387      1263

    accuracy                         0.8845      1429
   macro avg     0.9422    0.5030    0.4753      1429
weighted avg     0.8979    0.8845    0.8310      1429

Confusion matrix (rows: actual, columns: predicted):
[[   1  165]
 [   0 1263]]
Epoch 1/50 | train loss: 0.6583 | validation loss: 0.7591 | validation accuracy: 0.8418 | validation AP: 0.1327
Epoch 2/50 | train loss: 0.6416 | validation loss: 0.7367 | validation accuracy: 0.8607 | validation AP: 0.1376
Epoch 3/50 | train loss: 0.6343 | validation loss: 0.7361 | validation accuracy: 0.8733 | validation AP: 0.1531
Epoch 4/50 | train loss: 0.6197 | validation loss: 0.7623 | validation accuracy: 0.816 | validation AP: 0.1435
Epoch 5/50 | train loss: 0.6218 | validation loss: 0.7636 | validation accuracy: 0.8558 | validation AP: 0.1758
Epoch 6/50 | train loss: 0.6151 | validation loss: 0.7329 | validation accuracy: 0.7292 | validation AP: 0.1514
Epoch 7/50 | train loss: 0.6154 | validation loss: 0.7304 | validation accuracy: 0.774 | validation AP: 0.145
Epoch 8/50 | train loss: 0.6041 | validation loss: 0.7386 | validation accuracy: 0.4815 | validation AP: 0.1163
Epoch 9/50 | train loss: 0.6187 | validation loss: 0.7264 | validation accuracy: 0.7712 | validation AP: 0.1626
Stopping at epoch 9: validation AP has not improved for 4 epochs.
Best epoch: 5 | validation AP: 0.1758 | epochs run: 9

Validation classification report:
              precision    recall  f1-score   support

  disengaged     0.1875    0.0723    0.1043       166
     engaged     0.8872    0.9588    0.9216      1263

    accuracy                         0.8558      1429
   macro avg     0.5373    0.5156    0.5130      1429
weighted avg     0.8059    0.8558    0.8267      1429

Confusion matrix (rows: actual, columns: predicted):
[[  12  154]
 [  52 1211]]
Epoch 1/50 | train loss: 0.6561 | validation loss: 0.7483 | validation accuracy: 0.8146 | validation AP: 0.1558
Epoch 2/50 | train loss: 0.6671 | validation loss: 0.7061 | validation accuracy: 0.8404 | validation AP: 0.1784
Epoch 3/50 | train loss: 0.6425 | validation loss: 0.7526 | validation accuracy: 0.8565 | validation AP: 0.1705
Epoch 4/50 | train loss: 0.6328 | validation loss: 0.7345 | validation accuracy: 0.8705 | validation AP: 0.1524
Epoch 5/50 | train loss: 0.6225 | validation loss: 0.735 | validation accuracy: 0.8649 | validation AP: 0.1699
Epoch 6/50 | train loss: 0.6248 | validation loss: 0.7649 | validation accuracy: 0.8642 | validation AP: 0.1416
Stopping at epoch 6: validation AP has not improved for 4 epochs.
Best epoch: 2 | validation AP: 0.1784 | epochs run: 6

Validation classification report:
              precision    recall  f1-score   support

  disengaged     0.2652    0.2108    0.2349       166
     engaged     0.8990    0.9232    0.9109      1263

    accuracy                         0.8404      1429
   macro avg     0.5821    0.5670    0.5729      1429
weighted avg     0.8254    0.8404    0.8324      1429

Confusion matrix (rows: actual, columns: predicted):
[[  35  131]
 [  97 1166]]
Epoch 1/50 | train loss: 0.6451 | validation loss: 0.6862 | validation accuracy: 0.7796 | validation AP: 0.1665
Epoch 2/50 | train loss: 0.6196 | validation loss: 0.7986 | validation accuracy: 0.8852 | validation AP: 0.1941
Epoch 3/50 | train loss: 0.6088 | validation loss: 0.7567 | validation accuracy: 0.7824 | validation AP: 0.1446
Epoch 4/50 | train loss: 0.6014 | validation loss: 0.8735 | validation accuracy: 0.8404 | validation AP: 0.1785
Epoch 5/50 | train loss: 0.5986 | validation loss: 0.8086 | validation accuracy: 0.7971 | validation AP: 0.1488
Epoch 6/50 | train loss: 0.6041 | validation loss: 0.7953 | validation accuracy: 0.8006 | validation AP: 0.1502
Stopping at epoch 6: validation AP has not improved for 4 epochs.
Best epoch: 2 | validation AP: 0.1941 | epochs run: 6

Validation classification report:
              precision    recall  f1-score   support

  disengaged     0.6667    0.0241    0.0465       166
     engaged     0.8862    0.9984    0.9389      1263

    accuracy                         0.8852      1429
   macro avg     0.7764    0.5113    0.4927      1429
weighted avg     0.8607    0.8852    0.8353      1429

Confusion matrix (rows: actual, columns: predicted):
[[   4  162]
 [   2 1261]]
Epoch 1/50 | train loss: 0.6425 | validation loss: 0.6944 | validation accuracy: 0.816 | validation AP: 0.1773
Epoch 2/50 | train loss: 0.6252 | validation loss: 0.7386 | validation accuracy: 0.8041 | validation AP: 0.19
Epoch 3/50 | train loss: 0.6114 | validation loss: 0.8274 | validation accuracy: 0.7516 | validation AP: 0.1546
Epoch 4/50 | train loss: 0.5975 | validation loss: 0.7845 | validation accuracy: 0.8775 | validation AP: 0.1839
Epoch 5/50 | train loss: 0.6154 | validation loss: 0.8326 | validation accuracy: 0.8593 | validation AP: 0.114
Epoch 6/50 | train loss: 0.6011 | validation loss: 0.7794 | validation accuracy: 0.8181 | validation AP: 0.1511
Stopping at epoch 6: validation AP has not improved for 4 epochs.
Best epoch: 2 | validation AP: 0.19 | epochs run: 6

Validation classification report:
              precision    recall  f1-score   support

  disengaged     0.2121    0.2530    0.2308       166
     engaged     0.8993    0.8765    0.8877      1263

    accuracy                         0.8041      1429
   macro avg     0.5557    0.5647    0.5592      1429
weighted avg     0.8194    0.8041    0.8114      1429

Confusion matrix (rows: actual, columns: predicted):
[[  42  124]
 [ 156 1107]]
Epoch 1/50 | train loss: 0.6436 | validation loss: 0.8446 | validation accuracy: 0.8754 | validation AP: 0.1932
Epoch 2/50 | train loss: 0.6317 | validation loss: 0.7391 | validation accuracy: 0.8754 | validation AP: 0.1835
Epoch 3/50 | train loss: 0.6184 | validation loss: 0.7024 | validation accuracy: 0.7229 | validation AP: 0.1581
Epoch 4/50 | train loss: 0.6157 | validation loss: 0.7179 | validation accuracy: 0.7656 | validation AP: 0.1589
Epoch 5/50 | train loss: 0.6125 | validation loss: 0.8062 | validation accuracy: 0.8537 | validation AP: 0.1481
Stopping at epoch 5: validation AP has not improved for 4 epochs.
Best epoch: 1 | validation AP: 0.1932 | epochs run: 5

Validation classification report:
              precision    recall  f1-score   support

  disengaged     0.2857    0.0482    0.0825       166
     engaged     0.8872    0.9842    0.9332      1263

    accuracy                         0.8754      1429
   macro avg     0.5865    0.5162    0.5078      1429
weighted avg     0.8173    0.8754    0.8344      1429

Confusion matrix (rows: actual, columns: predicted):
[[   8  158]
 [  20 1243]]
Epoch 1/50 | train loss: 0.6371 | validation loss: 0.7841 | validation accuracy: 0.8621 | validation AP: 0.1455
Epoch 2/50 | train loss: 0.628 | validation loss: 0.7389 | validation accuracy: 0.8691 | validation AP: 0.1695
Epoch 3/50 | train loss: 0.6104 | validation loss: 0.8256 | validation accuracy: 0.8719 | validation AP: 0.2078
Epoch 4/50 | train loss: 0.6073 | validation loss: 0.8321 | validation accuracy: 0.8188 | validation AP: 0.1609
Epoch 5/50 | train loss: 0.609 | validation loss: 0.8245 | validation accuracy: 0.8097 | validation AP: 0.1525
Epoch 6/50 | train loss: 0.597 | validation loss: 0.7242 | validation accuracy: 0.7684 | validation AP: 0.1712
Epoch 7/50 | train loss: 0.5736 | validation loss: 0.7866 | validation accuracy: 0.7929 | validation AP: 0.1565
Stopping at epoch 7: validation AP has not improved for 4 epochs.
Best epoch: 3 | validation AP: 0.2078 | epochs run: 7

Validation classification report:
              precision    recall  f1-score   support

  disengaged     0.3111    0.0843    0.1327       166
     engaged     0.8902    0.9755    0.9309      1263

    accuracy                         0.8719      1429
   macro avg     0.6006    0.5299    0.5318      1429
weighted avg     0.8229    0.8719    0.8381      1429

Confusion matrix (rows: actual, columns: predicted):
[[  14  152]
 [  31 1232]]
Epoch 1/50 | train loss: 0.6462 | validation loss: 0.7665 | validation accuracy: 0.8775 | validation AP: 0.1765
Epoch 2/50 | train loss: 0.6206 | validation loss: 0.7314 | validation accuracy: 0.8202 | validation AP: 0.1503
Epoch 3/50 | train loss: 0.6085 | validation loss: 0.796 | validation accuracy: 0.795 | validation AP: 0.1771
Epoch 4/50 | train loss: 0.6216 | validation loss: 0.7464 | validation accuracy: 0.8076 | validation AP: 0.1378
Epoch 5/50 | train loss: 0.599 | validation loss: 0.724 | validation accuracy: 0.6585 | validation AP: 0.1357
Epoch 6/50 | train loss: 0.6098 | validation loss: 0.7442 | validation accuracy: 0.7768 | validation AP: 0.1623
Epoch 7/50 | train loss: 0.5928 | validation loss: 0.7489 | validation accuracy: 0.8146 | validation AP: 0.1667
Stopping at epoch 7: validation AP has not improved for 4 epochs.
Best epoch: 3 | validation AP: 0.1771 | epochs run: 7

Validation classification report:
              precision    recall  f1-score   support

  disengaged     0.2019    0.2590    0.2269       166
     engaged     0.8988    0.8654    0.8818      1263

    accuracy                         0.7950      1429
   macro avg     0.5504    0.5622    0.5544      1429
weighted avg     0.8179    0.7950    0.8057      1429

Confusion matrix (rows: actual, columns: predicted):
[[  43  123]
 [ 170 1093]]
Epoch 1/50 | train loss: 0.6541 | validation loss: 0.6851 | validation accuracy: 0.6438 | validation AP: 0.138
Epoch 2/50 | train loss: 0.6399 | validation loss: 0.8022 | validation accuracy: 0.8775 | validation AP: 0.1651
Epoch 3/50 | train loss: 0.6282 | validation loss: 0.7566 | validation accuracy: 0.7936 | validation AP: 0.1377
Epoch 4/50 | train loss: 0.619 | validation loss: 0.9331 | validation accuracy: 0.8614 | validation AP: 0.1547
Epoch 5/50 | train loss: 0.6265 | validation loss: 0.8185 | validation accuracy: 0.8272 | validation AP: 0.1456
Epoch 6/50 | train loss: 0.6359 | validation loss: 0.7785 | validation accuracy: 0.8307 | validation AP: 0.1399
Stopping at epoch 6: validation AP has not improved for 4 epochs.
Best epoch: 2 | validation AP: 0.1651 | epochs run: 6

Validation classification report:
              precision    recall  f1-score   support

  disengaged     0.0000    0.0000    0.0000       166
     engaged     0.8831    0.9929    0.9348      1263

    accuracy                         0.8775      1429
   macro avg     0.4415    0.4964    0.4674      1429
weighted avg     0.7805    0.8775    0.8262      1429

Confusion matrix (rows: actual, columns: predicted):
[[   0  166]
 [   9 1254]]
Epoch 1/50 | train loss: 0.6435 | validation loss: 0.7226 | validation accuracy: 0.8824 | validation AP: 0.1423
Epoch 2/50 | train loss: 0.6308 | validation loss: 0.7398 | validation accuracy: 0.8831 | validation AP: 0.1923
Epoch 3/50 | train loss: 0.6308 | validation loss: 0.7733 | validation accuracy: 0.7586 | validation AP: 0.1211
Epoch 4/50 | train loss: 0.6182 | validation loss: 0.8062 | validation accuracy: 0.8838 | validation AP: 0.139
Epoch 5/50 | train loss: 0.6282 | validation loss: 0.7651 | validation accuracy: 0.8838 | validation AP: 0.1618
Epoch 6/50 | train loss: 0.6169 | validation loss: 0.7586 | validation accuracy: 0.8712 | validation AP: 0.1582
Stopping at epoch 6: validation AP has not improved for 4 epochs.
Best epoch: 2 | validation AP: 0.1923 | epochs run: 6

Validation classification report:
              precision    recall  f1-score   support

  disengaged     0.0000    0.0000    0.0000       166
     engaged     0.8838    0.9992    0.9379      1263

    accuracy                         0.8831      1429
   macro avg     0.4419    0.4996    0.4690      1429
weighted avg     0.7811    0.8831    0.8290      1429
[I 2026-10-09 01:29:00,298] A new study created in memory with name: gru_uni_attention|30fps/10s

Confusion matrix (rows: actual, columns: predicted):
[[   0  166]
 [   1 1262]]
Epoch 1/50 | train loss: 0.6445 | validation loss: 0.9184 | validation accuracy: 0.8838 | validation AP: 0.1576
Epoch 2/50 | train loss: 0.6435 | validation loss: 0.7623 | validation accuracy: 0.8796 | validation AP: 0.1691
Epoch 3/50 | train loss: 0.6385 | validation loss: 0.7178 | validation accuracy: 0.7579 | validation AP: 0.1446
Epoch 4/50 | train loss: 0.6368 | validation loss: 0.7619 | validation accuracy: 0.867 | validation AP: 0.1228
Epoch 5/50 | train loss: 0.641 | validation loss: 0.7712 | validation accuracy: 0.8845 | validation AP: 0.1498
Epoch 6/50 | train loss: 0.6405 | validation loss: 0.7464 | validation accuracy: 0.8845 | validation AP: 0.1994
Epoch 7/50 | train loss: 0.6296 | validation loss: 0.7186 | validation accuracy: 0.7243 | validation AP: 0.1481
Epoch 8/50 | train loss: 0.6338 | validation loss: 0.7531 | validation accuracy: 0.8789 | validation AP: 0.1656
Epoch 9/50 | train loss: 0.6307 | validation loss: 0.8064 | validation accuracy: 0.8838 | validation AP: 0.1617
Epoch 10/50 | train loss: 0.6216 | validation loss: 0.7638 | validation accuracy: 0.8859 | validation AP: 0.2306
Epoch 11/50 | train loss: 0.6173 | validation loss: 0.773 | validation accuracy: 0.8677 | validation AP: 0.143
Epoch 12/50 | train loss: 0.6323 | validation loss: 0.769 | validation accuracy: 0.8719 | validation AP: 0.1996
Epoch 13/50 | train loss: 0.6202 | validation loss: 0.7507 | validation accuracy: 0.867 | validation AP: 0.2001
Epoch 14/50 | train loss: 0.6073 | validation loss: 0.7278 | validation accuracy: 0.853 | validation AP: 0.2046
Stopping at epoch 14: validation AP has not improved for 4 epochs.
Best epoch: 10 | validation AP: 0.2306 | epochs run: 14

Validation classification report:
              precision    recall  f1-score   support

  disengaged     0.8000    0.0241    0.0468       166
     engaged     0.8862    0.9992    0.9393      1263

    accuracy                         0.8859      1429
   macro avg     0.8431    0.5117    0.4931      1429
weighted avg     0.8762    0.8859    0.8357      1429

Confusion matrix (rows: actual, columns: predicted):
[[   4  162]
 [   1 1262]]
Epoch 1/50 | train loss: 0.6391 | validation loss: 0.7483 | validation accuracy: 0.8838 | validation AP: 0.1453
Epoch 2/50 | train loss: 0.6419 | validation loss: 0.7582 | validation accuracy: 0.8838 | validation AP: 0.1642
Epoch 3/50 | train loss: 0.6275 | validation loss: 0.7845 | validation accuracy: 0.8845 | validation AP: 0.1874
Epoch 4/50 | train loss: 0.6256 | validation loss: 0.8574 | validation accuracy: 0.8216 | validation AP: 0.1546
Epoch 5/50 | train loss: 0.6222 | validation loss: 0.8204 | validation accuracy: 0.7838 | validation AP: 0.1315
Epoch 6/50 | train loss: 0.6146 | validation loss: 0.719 | validation accuracy: 0.7887 | validation AP: 0.1534
Epoch 7/50 | train loss: 0.5914 | validation loss: 0.755 | validation accuracy: 0.767 | validation AP: 0.1462
Stopping at epoch 7: validation AP has not improved for 4 epochs.
Best epoch: 3 | validation AP: 0.1874 | epochs run: 7

Validation classification report:
              precision    recall  f1-score   support

  disengaged     0.5556    0.0301    0.0571       166
     engaged     0.8866    0.9968    0.9385      1263

    accuracy                         0.8845      1429
   macro avg     0.7211    0.5135    0.4978      1429
weighted avg     0.8482    0.8845    0.8361      1429

Confusion matrix (rows: actual, columns: predicted):
[[   5  161]
 [   4 1259]]
Epoch 1/50 | train loss: 0.6508 | validation loss: 0.7424 | validation accuracy: 0.8838 | validation AP: 0.201
Epoch 2/50 | train loss: 0.6419 | validation loss: 0.7648 | validation accuracy: 0.8859 | validation AP: 0.138
Epoch 3/50 | train loss: 0.6395 | validation loss: 0.7734 | validation accuracy: 0.8838 | validation AP: 0.1723
Epoch 4/50 | train loss: 0.648 | validation loss: 0.7295 | validation accuracy: 0.881 | validation AP: 0.1524
Epoch 5/50 | train loss: 0.6264 | validation loss: 0.7732 | validation accuracy: 0.8642 | validation AP: 0.1571
Stopping at epoch 5: validation AP has not improved for 4 epochs.
Best epoch: 1 | validation AP: 0.201 | epochs run: 5

Validation classification report:
              precision    recall  f1-score   support

  disengaged     0.0000    0.0000    0.0000       166
     engaged     0.8838    1.0000    0.9383      1263

    accuracy                         0.8838      1429
   macro avg     0.4419    0.5000    0.4692      1429
weighted avg     0.7812    0.8838    0.8293      1429

Confusion matrix (rows: actual, columns: predicted):
[[   0  166]
 [   0 1263]]

 lstm | 30fps/10s (confirmed on seeds [52, 53, 54, 55, 56])
  0.1953 +/- 0.0095  (16732,) params  hidden_size=35, num_layers=2, dropout=0.25, learning_rate=0.007461616677091377, batch_size=16
  0.1924 +/- 0.0044  (8402,) params  hidden_size=40, num_layers=1, dropout=0.0, learning_rate=0.006586289317583112, batch_size=16
  Selected: hidden_size=35, num_layers=2, dropout=0.25, learning_rate=0.007461616677091377, batch_size=16  (AP 0.1953, 16,732 parameters)
Epoch 1/50 | train loss: 0.6736 | validation loss: 0.6512 | validation accuracy: 0.5703 | validation AP: 0.1666
Epoch 2/50 | train loss: 0.6454 | validation loss: 0.6832 | validation accuracy: 0.7306 | validation AP: 0.2521
Epoch 3/50 | train loss: 0.612 | validation loss: 0.6309 | validation accuracy: 0.7103 | validation AP: 0.2722
Epoch 4/50 | train loss: 0.608 | validation loss: 0.6466 | validation accuracy: 0.7166 | validation AP: 0.2469
Epoch 5/50 | train loss: 0.5901 | validation loss: 0.6108 | validation accuracy: 0.7208 | validation AP: 0.2947
Epoch 6/50 | train loss: 0.5952 | validation loss: 0.6901 | validation accuracy: 0.8027 | validation AP: 0.2297
Epoch 7/50 | train loss: 0.6116 | validation loss: 0.685 | validation accuracy: 0.7887 | validation AP: 0.2548
Epoch 8/50 | train loss: 0.5876 | validation loss: 0.6975 | validation accuracy: 0.7824 | validation AP: 0.2687
Epoch 9/50 | train loss: 0.5843 | validation loss: 0.6367 | validation accuracy: 0.6991 | validation AP: 0.2666
Stopping at epoch 9: validation AP has not improved for 4 epochs.
Best epoch: 5 | validation AP: 0.2947 | epochs run: 9

Validation classification report:
              precision    recall  f1-score   support

  disengaged     0.2246    0.5723    0.3226       166
     engaged     0.9294    0.7403    0.8242      1263

    accuracy                         0.7208      1429
   macro avg     0.5770    0.6563    0.5734      1429
weighted avg     0.8475    0.7208    0.7659      1429

Confusion matrix (rows: actual, columns: predicted):
[[ 95  71]
 [328 935]]
Epoch 1/50 | train loss: 0.6633 | validation loss: 0.6905 | validation accuracy: 0.7509 | validation AP: 0.2009
Epoch 2/50 | train loss: 0.6362 | validation loss: 0.6225 | validation accuracy: 0.662 | validation AP: 0.2501
Epoch 3/50 | train loss: 0.6268 | validation loss: 0.6272 | validation accuracy: 0.6627 | validation AP: 0.2538
Epoch 4/50 | train loss: 0.6043 | validation loss: 0.6435 | validation accuracy: 0.7866 | validation AP: 0.2899
Epoch 5/50 | train loss: 0.587 | validation loss: 0.6391 | validation accuracy: 0.7908 | validation AP: 0.3176
Epoch 6/50 | train loss: 0.5754 | validation loss: 0.6306 | validation accuracy: 0.6893 | validation AP: 0.2562
Epoch 7/50 | train loss: 0.5792 | validation loss: 0.6324 | validation accuracy: 0.7313 | validation AP: 0.294
Epoch 8/50 | train loss: 0.5759 | validation loss: 0.7442 | validation accuracy: 0.8551 | validation AP: 0.2737
Epoch 9/50 | train loss: 0.568 | validation loss: 0.7032 | validation accuracy: 0.662 | validation AP: 0.2681
Stopping at epoch 9: validation AP has not improved for 4 epochs.
Best epoch: 5 | validation AP: 0.3176 | epochs run: 9

Validation classification report:
              precision    recall  f1-score   support

  disengaged     0.2791    0.5060    0.3597       166
     engaged     0.9273    0.8282    0.8749      1263

    accuracy                         0.7908      1429
   macro avg     0.6032    0.6671    0.6173      1429
weighted avg     0.8520    0.7908    0.8151      1429

Confusion matrix (rows: actual, columns: predicted):[I 2026-10-09 01:29:30,637] Trial 0 finished with value: 0.29902087015644124 and parameters: {'hidden_size': 47, 'num_layers': 3, 'dropout': 0.0, 'learning_rate': 0.005399484409787433, 'batch_size': 64}. Best is trial 0 with value: 0.29902087015644124.
[I 2026-10-09 01:34:32,605] Trial 1 finished with value: 0.27583541567942654 and parameters: {'hidden_size': 136, 'num_layers': 1, 'dropout': 0.25, 'learning_rate': 0.0003823475224675188, 'batch_size': 8}. Best is trial 0 with value: 0.29902087015644124.

[[  84   82]
 [ 217 1046]]
Epoch 1/50 | train loss: 0.6814 | validation loss: 0.7298 | validation accuracy: 0.8146 | validation AP: 0.1999
Epoch 2/50 | train loss: 0.6435 | validation loss: 0.7094 | validation accuracy: 0.5416 | validation AP: 0.1682
Epoch 3/50 | train loss: 0.6315 | validation loss: 0.6516 | validation accuracy: 0.7383 | validation AP: 0.2766
Epoch 4/50 | train loss: 0.6363 | validation loss: 0.6142 | validation accuracy: 0.592 | validation AP: 0.2848
Epoch 5/50 | train loss: 0.6164 | validation loss: 0.607 | validation accuracy: 0.6179 | validation AP: 0.267
Epoch 6/50 | train loss: 0.5901 | validation loss: 0.6365 | validation accuracy: 0.5906 | validation AP: 0.1934
Epoch 7/50 | train loss: 0.6011 | validation loss: 0.6421 | validation accuracy: 0.7012 | validation AP: 0.2576
Epoch 8/50 | train loss: 0.5902 | validation loss: 0.6938 | validation accuracy: 0.7005 | validation AP: 0.2348
Stopping at epoch 8: validation AP has not improved for 4 epochs.
Best epoch: 4 | validation AP: 0.2848 | epochs run: 8

Validation classification report:
              precision    recall  f1-score   support

  disengaged     0.1846    0.7349    0.2950       166
     engaged     0.9427    0.5732    0.7129      1263

    accuracy                         0.5920      1429
   macro avg     0.5636    0.6541    0.5040      1429
weighted avg     0.8546    0.5920    0.6644      1429

Confusion matrix (rows: actual, columns: predicted):
[[122  44]
 [539 724]]
Epoch 1/50 | train loss: 0.5437 | validation loss: 0.7161 | validation accuracy: 0.8488 | validation AP: 0.1746
Epoch 2/50 | train loss: 0.4999 | validation loss: 0.7649 | validation accuracy: 0.8803 | validation AP: 0.2251
Epoch 3/50 | train loss: 0.4962 | validation loss: 0.6993 | validation accuracy: 0.8698 | validation AP: 0.2873
Epoch 4/50 | train loss: 0.4881 | validation loss: 0.6458 | validation accuracy: 0.86 | validation AP: 0.2762
Epoch 5/50 | train loss: 0.4756 | validation loss: 0.6487 | validation accuracy: 0.8607 | validation AP: 0.2688
Epoch 6/50 | train loss: 0.4708 | validation loss: 0.7059 | validation accuracy: 0.8628 | validation AP: 0.2592
Epoch 7/50 | train loss: 0.4693 | validation loss: 0.6977 | validation accuracy: 0.8558 | validation AP: 0.2454
Stopping at epoch 7: validation AP has not improved for 4 epochs.
Best epoch: 3 | validation AP: 0.2873 | epochs run: 7

Validation classification report:
              precision    recall  f1-score   support

  disengaged     0.3438    0.1325    0.1913       166
     engaged     0.8945    0.9667    0.9292      1263

    accuracy                         0.8698      1429
   macro avg     0.6191    0.5496    0.5603      1429
weighted avg     0.8305    0.8698    0.8435      1429

Confusion matrix (rows: actual, columns: predicted):
[[  22  144]
 [  42 1221]]
Epoch 1/50 | train loss: 0.5312 | validation loss: 0.7514 | validation accuracy: 0.8691 | validation AP: 0.1659
Epoch 2/50 | train loss: 0.5075 | validation loss: 0.7081 | validation accuracy: 0.8628 | validation AP: 0.1911
Epoch 3/50 | train loss: 0.5056 | validation loss: 0.6473 | validation accuracy: 0.8537 | validation AP: 0.2435
Epoch 4/50 | train loss: 0.4871 | validation loss: 0.6959 | validation accuracy: 0.8635 | validation AP: 0.2646
Epoch 5/50 | train loss: 0.4816 | validation loss: 0.655 | validation accuracy: 0.8572 | validation AP: 0.2812
Epoch 6/50 | train loss: 0.4783 | validation loss: 0.6569 | validation accuracy: 0.8397 | validation AP: 0.2411
Epoch 7/50 | train loss: 0.4678 | validation loss: 0.6624 | validation accuracy: 0.8481 | validation AP: 0.2721
Epoch 8/50 | train loss: 0.4648 | validation loss: 0.6779 | validation accuracy: 0.8544 | validation AP: 0.2486
Epoch 9/50 | train loss: 0.4571 | validation loss: 0.6803 | validation accuracy: 0.8251 | validation AP: 0.2235
Stopping at epoch 9: validation AP has not improved for 4 epochs.
Best epoch: 5 | validation AP: 0.2812 | epochs run: 9

Validation classification report:
              precision    recall  f1-score   support

  disengaged     0.3208    0.2048    0.2500       166
     engaged     0.9002    0.9430    0.9211      1263

    accuracy                         0.8572      1429
   macro avg     0.6105    0.5739    0.5856      1429
weighted avg     0.8329    0.8572    0.8432      1429

Confusion matrix (rows: actual, columns: predicted):
[[  34  132]
 [  72 1191]]
Epoch 1/50 | train loss: 0.5323 | validation loss: 0.6562 | validation accuracy: 0.8425 | validation AP: 0.2264
Epoch 2/50 | train loss: 0.5039 | validation loss: 0.6411 | validation accuracy: 0.8474 | validation AP: 0.249
Epoch 3/50 | train loss: 0.4967 | validation loss: 0.7087 | validation accuracy: 0.8635 | validation AP: 0.259
Epoch 4/50 | train loss: 0.4885 | validation loss: 0.6405 | validation accuracy: 0.8572 | validation AP: 0.2555
Epoch 5/50 | train loss: 0.4766 | validation loss: 0.6358 | validation accuracy: 0.8334 | validation AP: 0.2557
Epoch 6/50 | train loss: 0.4698 | validation loss: 0.6765 | validation accuracy: 0.8258 | validation AP: 0.2307
Epoch 7/50 | train loss: 0.4737 | validation loss: 0.6805 | validation accuracy: 0.8439 | validation AP: 0.2375
Stopping at epoch 7: validation AP has not improved for 4 epochs.
Best epoch: 3 | validation AP: 0.259 | epochs run: 7

Validation classification report:
              precision    recall  f1-score   support

  disengaged     0.3067    0.1386    0.1909       166
     engaged     0.8944    0.9588    0.9255      1263

    accuracy                         0.8635      1429
   macro avg     0.6005    0.5487    0.5582      1429
weighted avg     0.8261    0.8635    0.8402      1429

Confusion matrix (rows: actual, columns: predicted):
[[  23  143]
 [  52 1211]]
Epoch 1/50 | train loss: 0.6789 | validation loss: 0.6994 | validation accuracy: 0.8397 | validation AP: 0.2059
Epoch 2/50 | train loss: 0.6401 | validation loss: 0.6813 | validation accuracy: 0.7194 | validation AP: 0.2
Epoch 3/50 | train loss: 0.6165 | validation loss: 0.6823 | validation accuracy: 0.7124 | validation AP: 0.203
Epoch 4/50 | train loss: 0.6153 | validation loss: 0.6923 | validation accuracy: 0.7705 | validation AP: 0.2292
Epoch 5/50 | train loss: 0.6071 | validation loss: 0.6808 | validation accuracy: 0.7831 | validation AP: 0.2533
Epoch 6/50 | train loss: 0.5903 | validation loss: 0.6973 | validation accuracy: 0.7992 | validation AP: 0.2594
Epoch 7/50 | train loss: 0.585 | validation loss: 0.71 | validation accuracy: 0.816 | validation AP: 0.3011
Epoch 8/50 | train loss: 0.5785 | validation loss: 0.6843 | validation accuracy: 0.802 | validation AP: 0.3039
Epoch 9/50 | train loss: 0.5739 | validation loss: 0.6841 | validation accuracy: 0.7635 | validation AP: 0.2758
Epoch 10/50 | train loss: 0.5824 | validation loss: 0.6497 | validation accuracy: 0.753 | validation AP: 0.2828
Epoch 11/50 | train loss: 0.5755 | validation loss: 0.7098 | validation accuracy: 0.7726 | validation AP: 0.2651
Epoch 12/50 | train loss: 0.5762 | validation loss: 0.7023 | validation accuracy: 0.7495 | validation AP: 0.2491
Stopping at epoch 12: validation AP has not improved for 4 epochs.
Best epoch: 8 | validation AP: 0.3039 | epochs run: 12

Validation classification report:
              precision    recall  f1-score   support

  disengaged     0.2841    0.4639    0.3524       166
     engaged     0.9231    0.8464    0.8831      1263

    accuracy                         0.8020      1429
   macro avg     0.6036    0.6551    0.6178      1429
weighted avg     0.8489    0.8020    0.8215      1429

Confusion matrix (rows: actual, columns: predicted):
[[  77   89]
 [ 194 1069]]
Epoch 1/50 | train loss: 0.6779 | validation loss: 0.7003 | validation accuracy: 0.8279 | validation AP: 0.1801
Epoch 2/50 | train loss: 0.6378 | validation loss: 0.6636 | validation accuracy: 0.7152 | validation AP: 0.206
Epoch 3/50 | train loss: 0.6262 | validation loss: 0.6844 | validation accuracy: 0.7516 | validation AP: 0.2126
Epoch 4/50 | train loss: 0.6088 | validation loss: 0.6685 | validation accuracy: 0.7348 | validation AP: 0.2287
Epoch 5/50 | train loss: 0.6105 | validation loss: 0.6636 | validation accuracy: 0.7768 | validation AP: 0.2586[I 2026-10-09 01:35:55,232] Trial 2 finished with value: 0.29993252673904286 and parameters: {'hidden_size': 56, 'num_layers': 3, 'dropout': 0.5, 'learning_rate': 0.00021930485556643703, 'batch_size': 32}. Best is trial 2 with value: 0.29993252673904286.
[I 2026-10-09 01:37:13,513] Trial 3 finished with value: 0.26812355422468936 and parameters: {'hidden_size': 40, 'num_layers': 1, 'dropout': 0.0, 'learning_rate': 0.006586289317583112, 'batch_size': 16}. Best is trial 2 with value: 0.29993252673904286.

Epoch 6/50 | train loss: 0.5882 | validation loss: 0.689 | validation accuracy: 0.7908 | validation AP: 0.2593
Epoch 7/50 | train loss: 0.5879 | validation loss: 0.6851 | validation accuracy: 0.8174 | validation AP: 0.3015
Epoch 8/50 | train loss: 0.577 | validation loss: 0.7495 | validation accuracy: 0.8195 | validation AP: 0.2893
Epoch 9/50 | train loss: 0.57 | validation loss: 0.6383 | validation accuracy: 0.7523 | validation AP: 0.2912
Epoch 10/50 | train loss: 0.5783 | validation loss: 0.6751 | validation accuracy: 0.7516 | validation AP: 0.2752
Epoch 11/50 | train loss: 0.5658 | validation loss: 0.7339 | validation accuracy: 0.7908 | validation AP: 0.2741
Stopping at epoch 11: validation AP has not improved for 4 epochs.
Best epoch: 7 | validation AP: 0.3015 | epochs run: 11

Validation classification report:
              precision    recall  f1-score   support

  disengaged     0.2961    0.4157    0.3459       166
     engaged     0.9189    0.8702    0.8939      1263

    accuracy                         0.8174      1429
   macro avg     0.6075    0.6429    0.6199      1429
weighted avg     0.8466    0.8174    0.8302      1429

Confusion matrix (rows: actual, columns: predicted):
[[  69   97]
 [ 164 1099]]
Epoch 1/50 | train loss: 0.6729 | validation loss: 0.7174 | validation accuracy: 0.86 | validation AP: 0.1973
Epoch 2/50 | train loss: 0.6451 | validation loss: 0.6776 | validation accuracy: 0.7313 | validation AP: 0.193
Epoch 3/50 | train loss: 0.6212 | validation loss: 0.6871 | validation accuracy: 0.7565 | validation AP: 0.2243
Epoch 4/50 | train loss: 0.6068 | validation loss: 0.6844 | validation accuracy: 0.7635 | validation AP: 0.2278
Epoch 5/50 | train loss: 0.6056 | validation loss: 0.6349 | validation accuracy: 0.7033 | validation AP: 0.2642
Epoch 6/50 | train loss: 0.6176 | validation loss: 0.6309 | validation accuracy: 0.6865 | validation AP: 0.2491
Epoch 7/50 | train loss: 0.598 | validation loss: 0.656 | validation accuracy: 0.7509 | validation AP: 0.2578
Epoch 8/50 | train loss: 0.5876 | validation loss: 0.6243 | validation accuracy: 0.7173 | validation AP: 0.2771
Epoch 9/50 | train loss: 0.5847 | validation loss: 0.667 | validation accuracy: 0.7859 | validation AP: 0.2926
Epoch 10/50 | train loss: 0.5967 | validation loss: 0.6609 | validation accuracy: 0.7796 | validation AP: 0.2945
Epoch 11/50 | train loss: 0.593 | validation loss: 0.6708 | validation accuracy: 0.7838 | validation AP: 0.2738
Epoch 12/50 | train loss: 0.5666 | validation loss: 0.6832 | validation accuracy: 0.7754 | validation AP: 0.2695
Epoch 13/50 | train loss: 0.5694 | validation loss: 0.715 | validation accuracy: 0.7929 | validation AP: 0.275
Epoch 14/50 | train loss: 0.5698 | validation loss: 0.6592 | validation accuracy: 0.7061 | validation AP: 0.2619
Stopping at epoch 14: validation AP has not improved for 4 epochs.
Best epoch: 10 | validation AP: 0.2945 | epochs run: 14

Validation classification report:
              precision    recall  f1-score   support

  disengaged     0.2541    0.4639    0.3284       166
     engaged     0.9210    0.8211    0.8681      1263

    accuracy                         0.7796      1429
   macro avg     0.5875    0.6425    0.5983      1429
weighted avg     0.8435    0.7796    0.8054      1429

Confusion matrix (rows: actual, columns: predicted):
[[  77   89]
 [ 226 1037]]
Epoch 1/50 | train loss: 0.631 | validation loss: 0.7269 | validation accuracy: 0.7236 | validation AP: 0.154
Epoch 2/50 | train loss: 0.5824 | validation loss: 0.8511 | validation accuracy: 0.8803 | validation AP: 0.2691
Epoch 3/50 | train loss: 0.5626 | validation loss: 0.7305 | validation accuracy: 0.8104 | validation AP: 0.2522
Epoch 4/50 | train loss: 0.5704 | validation loss: 0.6936 | validation accuracy: 0.8418 | validation AP: 0.2646
Epoch 5/50 | train loss: 0.5445 | validation loss: 0.6993 | validation accuracy: 0.8118 | validation AP: 0.2266
Epoch 6/50 | train loss: 0.5181 | validation loss: 0.905 | validation accuracy: 0.8768 | validation AP: 0.2528
Stopping at epoch 6: validation AP has not improved for 4 epochs.
Best epoch: 2 | validation AP: 0.2691 | epochs run: 6

Validation classification report:
              precision    recall  f1-score   support

  disengaged     0.4242    0.0843    0.1407       166
     engaged     0.8911    0.9850    0.9357      1263

    accuracy                         0.8803      1429
   macro avg     0.6577    0.5346    0.5382      1429
weighted avg     0.8369    0.8803    0.8433      1429

Confusion matrix (rows: actual, columns: predicted):
[[  14  152]
 [  19 1244]]
Epoch 1/50 | train loss: 0.6266 | validation loss: 0.7257 | validation accuracy: 0.8488 | validation AP: 0.1881
Epoch 2/50 | train loss: 0.5826 | validation loss: 0.7554 | validation accuracy: 0.8083 | validation AP: 0.1921
Epoch 3/50 | train loss: 0.5901 | validation loss: 0.6568 | validation accuracy: 0.7586 | validation AP: 0.242
Epoch 4/50 | train loss: 0.5527 | validation loss: 0.7357 | validation accuracy: 0.8307 | validation AP: 0.2487
Epoch 5/50 | train loss: 0.5524 | validation loss: 0.679 | validation accuracy: 0.816 | validation AP: 0.2889
Epoch 6/50 | train loss: 0.5426 | validation loss: 0.703 | validation accuracy: 0.767 | validation AP: 0.2444
Epoch 7/50 | train loss: 0.5391 | validation loss: 0.6828 | validation accuracy: 0.7628 | validation AP: 0.2211
Epoch 8/50 | train loss: 0.5325 | validation loss: 0.7052 | validation accuracy: 0.8188 | validation AP: 0.2417
Epoch 9/50 | train loss: 0.5106 | validation loss: 0.7856 | validation accuracy: 0.7558 | validation AP: 0.1985
Stopping at epoch 9: validation AP has not improved for 4 epochs.
Best epoch: 5 | validation AP: 0.2889 | epochs run: 9

Validation classification report:
              precision    recall  f1-score   support

  disengaged     0.2701    0.3434    0.3024       166
     engaged     0.9105    0.8781    0.8940      1263

    accuracy                         0.8160      1429
   macro avg     0.5903    0.6107    0.5982      1429
weighted avg     0.8361    0.8160    0.8253      1429

Confusion matrix (rows: actual, columns: predicted):
[[  57  109]
 [ 154 1109]]
Epoch 1/50 | train loss: 0.6174 | validation loss: 0.7109 | validation accuracy: 0.7481 | validation AP: 0.1909
Epoch 2/50 | train loss: 0.5798 | validation loss: 0.6525 | validation accuracy: 0.7152 | validation AP: 0.2463
Epoch 3/50 | train loss: 0.5658 | validation loss: 0.7563 | validation accuracy: 0.8397 | validation AP: 0.2285
Epoch 4/50 | train loss: 0.5634 | validation loss: 0.6752 | validation accuracy: 0.6893 | validation AP: 0.1875
Epoch 5/50 | train loss: 0.5541 | validation loss: 0.6794 | validation accuracy: 0.7271 | validation AP: 0.1917
Epoch 6/50 | train loss: 0.5366 | validation loss: 0.6734 | validation accuracy: 0.795 | validation AP: 0.228
Stopping at epoch 6: validation AP has not improved for 4 epochs.
Best epoch: 2 | validation AP: 0.2463 | epochs run: 6

Validation classification report:
              precision    recall  f1-score   support

  disengaged     0.2025    0.4940    0.2872       166
     engaged     0.9180    0.7443    0.8220      1263

    accuracy                         0.7152      1429
   macro avg     0.5602    0.6191    0.5546      1429
weighted avg     0.8349    0.7152    0.7599      1429

Confusion matrix (rows: actual, columns: predicted):
[[ 82  84]
 [323 940]]
Epoch 1/50 | train loss: 0.6649 | validation loss: 0.6599 | validation accuracy: 0.5941 | validation AP: 0.1829
Epoch 2/50 | train loss: 0.6301 | validation loss: 0.6942 | validation accuracy: 0.8097 | validation AP: 0.2603
Epoch 3/50 | train loss: 0.5914 | validation loss: 0.6494 | validation accuracy: 0.7054 | validation AP: 0.2795
Epoch 4/50 | train loss: 0.6006 | validation loss: 0.6791 | validation accuracy: 0.7145 | validation AP: 0.2584
Epoch 5/50 | train loss: 0.5805 | validation loss: 0.6596 | validation accuracy: 0.7173 | validation AP: 0.2512
Epoch 6/50 | train loss: 0.5698 | validation loss: 0.7503 | validation accuracy: 0.8118 | validation AP: 0.2411
Epoch 7/50 | train loss: 0.5793 | validation loss: 0.692 | validation accuracy: 0.7677 | validation AP: 0.2418
Stopping at epoch 7: validation AP has not improved for 4 epochs.[I 2026-10-09 01:37:35,729] Trial 4 finished with value: 0.26873250377899194 and parameters: {'hidden_size': 70, 'num_layers': 1, 'dropout': 0.0, 'learning_rate': 0.0069782812651260325, 'batch_size': 64}. Best is trial 2 with value: 0.29993252673904286.
[I 2026-10-09 01:39:18,146] Trial 5 finished with value: 0.26592725417618324 and parameters: {'hidden_size': 48, 'num_layers': 1, 'dropout': 0.0, 'learning_rate': 0.0040215545266902904, 'batch_size': 16}. Best is trial 2 with value: 0.29993252673904286.

Best epoch: 3 | validation AP: 0.2795 | epochs run: 7

Validation classification report:
              precision    recall  f1-score   support

  disengaged     0.2198    0.6024    0.3221       166
     engaged     0.9322    0.7189    0.8118      1263

    accuracy                         0.7054      1429
   macro avg     0.5760    0.6607    0.5669      1429
weighted avg     0.8495    0.7054    0.7549      1429

Confusion matrix (rows: actual, columns: predicted):
[[100  66]
 [355 908]]
Epoch 1/50 | train loss: 0.6586 | validation loss: 0.6814 | validation accuracy: 0.7698 | validation AP: 0.2168
Epoch 2/50 | train loss: 0.6267 | validation loss: 0.6225 | validation accuracy: 0.62 | validation AP: 0.2281
Epoch 3/50 | train loss: 0.6137 | validation loss: 0.6547 | validation accuracy: 0.7012 | validation AP: 0.2488
Epoch 4/50 | train loss: 0.5821 | validation loss: 0.7121 | validation accuracy: 0.7362 | validation AP: 0.2199
Epoch 5/50 | train loss: 0.5743 | validation loss: 0.6315 | validation accuracy: 0.746 | validation AP: 0.2748
Epoch 6/50 | train loss: 0.5616 | validation loss: 0.6564 | validation accuracy: 0.6907 | validation AP: 0.2147
Epoch 7/50 | train loss: 0.559 | validation loss: 0.6773 | validation accuracy: 0.7824 | validation AP: 0.2492
Epoch 8/50 | train loss: 0.5611 | validation loss: 0.6917 | validation accuracy: 0.7418 | validation AP: 0.2368
Epoch 9/50 | train loss: 0.5542 | validation loss: 0.7443 | validation accuracy: 0.7327 | validation AP: 0.1989
Stopping at epoch 9: validation AP has not improved for 4 epochs.
Best epoch: 5 | validation AP: 0.2748 | epochs run: 9

Validation classification report:
              precision    recall  f1-score   support

  disengaged     0.2359    0.5301    0.3265       166
     engaged     0.9261    0.7743    0.8435      1263

    accuracy                         0.7460      1429
   macro avg     0.5810    0.6522    0.5850      1429
weighted avg     0.8460    0.7460    0.7834      1429

Confusion matrix (rows: actual, columns: predicted):
[[ 88  78]
 [285 978]]
Epoch 1/50 | train loss: 0.6733 | validation loss: 0.7451 | validation accuracy: 0.7957 | validation AP: 0.2073
Epoch 2/50 | train loss: 0.6231 | validation loss: 0.6776 | validation accuracy: 0.5542 | validation AP: 0.2052
Epoch 3/50 | train loss: 0.6094 | validation loss: 0.7577 | validation accuracy: 0.7929 | validation AP: 0.2519
Epoch 4/50 | train loss: 0.607 | validation loss: 0.7001 | validation accuracy: 0.6459 | validation AP: 0.1672
Epoch 5/50 | train loss: 0.5935 | validation loss: 0.6133 | validation accuracy: 0.5878 | validation AP: 0.2511
Epoch 6/50 | train loss: 0.5677 | validation loss: 0.6116 | validation accuracy: 0.6116 | validation AP: 0.2316
Epoch 7/50 | train loss: 0.5712 | validation loss: 0.7121 | validation accuracy: 0.7579 | validation AP: 0.2437
Stopping at epoch 7: validation AP has not improved for 4 epochs.
Best epoch: 3 | validation AP: 0.2519 | epochs run: 7

Validation classification report:
              precision    recall  f1-score   support

  disengaged     0.2421    0.3675    0.2919       166
     engaged     0.9108    0.8488    0.8787      1263

    accuracy                         0.7929      1429
   macro avg     0.5764    0.6081    0.5853      1429
weighted avg     0.8331    0.7929    0.8105      1429

Confusion matrix (rows: actual, columns: predicted):
[[  61  105]
 [ 191 1072]]
Epoch 1/50 | train loss: 0.6224 | validation loss: 0.7185 | validation accuracy: 0.7467 | validation AP: 0.1572
Epoch 2/50 | train loss: 0.5835 | validation loss: 0.8302 | validation accuracy: 0.8754 | validation AP: 0.2289
Epoch 3/50 | train loss: 0.56 | validation loss: 0.7287 | validation accuracy: 0.8125 | validation AP: 0.2646
Epoch 4/50 | train loss: 0.5659 | validation loss: 0.697 | validation accuracy: 0.8411 | validation AP: 0.2674
Epoch 5/50 | train loss: 0.541 | validation loss: 0.6853 | validation accuracy: 0.8048 | validation AP: 0.2644
Epoch 6/50 | train loss: 0.5286 | validation loss: 0.8389 | validation accuracy: 0.8614 | validation AP: 0.2489
Epoch 7/50 | train loss: 0.5228 | validation loss: 0.7269 | validation accuracy: 0.767 | validation AP: 0.2396
Epoch 8/50 | train loss: 0.5201 | validation loss: 0.8383 | validation accuracy: 0.8621 | validation AP: 0.2553
Stopping at epoch 8: validation AP has not improved for 4 epochs.
Best epoch: 4 | validation AP: 0.2674 | epochs run: 8

Validation classification report:
              precision    recall  f1-score   support

  disengaged     0.2774    0.2289    0.2508       166
     engaged     0.9009    0.9216    0.9112      1263

    accuracy                         0.8411      1429
   macro avg     0.5892    0.5753    0.5810      1429
weighted avg     0.8285    0.8411    0.8344      1429

Confusion matrix (rows: actual, columns: predicted):
[[  38  128]
 [  99 1164]]
Epoch 1/50 | train loss: 0.6174 | validation loss: 0.7167 | validation accuracy: 0.8202 | validation AP: 0.1864
Epoch 2/50 | train loss: 0.5766 | validation loss: 0.7361 | validation accuracy: 0.8181 | validation AP: 0.1946
Epoch 3/50 | train loss: 0.5827 | validation loss: 0.6485 | validation accuracy: 0.7866 | validation AP: 0.2469
Epoch 4/50 | train loss: 0.5433 | validation loss: 0.7061 | validation accuracy: 0.8272 | validation AP: 0.2496
Epoch 5/50 | train loss: 0.544 | validation loss: 0.6834 | validation accuracy: 0.8209 | validation AP: 0.2758
Epoch 6/50 | train loss: 0.5338 | validation loss: 0.6726 | validation accuracy: 0.781 | validation AP: 0.2525
Epoch 7/50 | train loss: 0.5257 | validation loss: 0.6722 | validation accuracy: 0.7761 | validation AP: 0.2516
Epoch 8/50 | train loss: 0.5143 | validation loss: 0.6887 | validation accuracy: 0.7796 | validation AP: 0.2323
Epoch 9/50 | train loss: 0.5013 | validation loss: 0.8125 | validation accuracy: 0.7663 | validation AP: 0.1942
Stopping at epoch 9: validation AP has not improved for 4 epochs.
Best epoch: 5 | validation AP: 0.2758 | epochs run: 9

Validation classification report:
              precision    recall  f1-score   support

  disengaged     0.2632    0.3012    0.2809       166
     engaged     0.9064    0.8892    0.8977      1263

    accuracy                         0.8209      1429
   macro avg     0.5848    0.5952    0.5893      1429
weighted avg     0.8317    0.8209    0.8260      1429

Confusion matrix (rows: actual, columns: predicted):
[[  50  116]
 [ 140 1123]]
Epoch 1/50 | train loss: 0.6171 | validation loss: 0.7071 | validation accuracy: 0.7635 | validation AP: 0.1925
Epoch 2/50 | train loss: 0.5845 | validation loss: 0.6546 | validation accuracy: 0.6851 | validation AP: 0.2246
Epoch 3/50 | train loss: 0.5617 | validation loss: 0.7594 | validation accuracy: 0.8334 | validation AP: 0.198
Epoch 4/50 | train loss: 0.562 | validation loss: 0.6638 | validation accuracy: 0.6375 | validation AP: 0.1723
Epoch 5/50 | train loss: 0.5469 | validation loss: 0.6714 | validation accuracy: 0.718 | validation AP: 0.1948
Epoch 6/50 | train loss: 0.5289 | validation loss: 0.6734 | validation accuracy: 0.8188 | validation AP: 0.2546
Epoch 7/50 | train loss: 0.5317 | validation loss: 0.7064 | validation accuracy: 0.7845 | validation AP: 0.2344
Epoch 8/50 | train loss: 0.5232 | validation loss: 0.7136 | validation accuracy: 0.7712 | validation AP: 0.2169
Epoch 9/50 | train loss: 0.5105 | validation loss: 0.687 | validation accuracy: 0.7901 | validation AP: 0.2502
Epoch 10/50 | train loss: 0.5172 | validation loss: 0.6826 | validation accuracy: 0.7698 | validation AP: 0.2515
Stopping at epoch 10: validation AP has not improved for 4 epochs.
Best epoch: 6 | validation AP: 0.2546 | epochs run: 10

Validation classification report:
              precision    recall  f1-score   support

  disengaged     0.2687    0.3253    0.2943       166
     engaged     0.9088    0.8836    0.8960      1263

    accuracy                         0.8188      1429
   macro avg     0.5887    0.6045    0.5952      1429
weighted avg     0.8344    0.8188    0.8261      1429

Confusion matrix (rows: actual, columns: predicted):
[[  54  112]
 [ 147 1116]]
Epoch 1/50 | train loss: 0.5765 | validation loss: 0.748 | validation accuracy: 0.8838 | validation AP: 0.1582[I 2026-10-09 01:46:48,289] Trial 6 finished with value: 0.27428939991166584 and parameters: {'hidden_size': 20, 'num_layers': 3, 'dropout': 0.1, 'learning_rate': 0.0001705053926026929, 'batch_size': 8}. Best is trial 2 with value: 0.29993252673904286.

Epoch 2/50 | train loss: 0.5193 | validation loss: 0.7418 | validation accuracy: 0.8831 | validation AP: 0.1776
Epoch 3/50 | train loss: 0.5079 | validation loss: 0.7258 | validation accuracy: 0.8677 | validation AP: 0.1931
Epoch 4/50 | train loss: 0.5035 | validation loss: 0.6937 | validation accuracy: 0.8565 | validation AP: 0.2045
Epoch 5/50 | train loss: 0.492 | validation loss: 0.688 | validation accuracy: 0.8495 | validation AP: 0.2159
Epoch 6/50 | train loss: 0.4913 | validation loss: 0.6893 | validation accuracy: 0.8558 | validation AP: 0.2319
Epoch 7/50 | train loss: 0.4894 | validation loss: 0.6691 | validation accuracy: 0.846 | validation AP: 0.2475
Epoch 8/50 | train loss: 0.485 | validation loss: 0.7139 | validation accuracy: 0.8649 | validation AP: 0.2481
Epoch 9/50 | train loss: 0.4786 | validation loss: 0.6642 | validation accuracy: 0.8397 | validation AP: 0.2484
Epoch 10/50 | train loss: 0.48 | validation loss: 0.6594 | validation accuracy: 0.8474 | validation AP: 0.2649
Epoch 11/50 | train loss: 0.4694 | validation loss: 0.6903 | validation accuracy: 0.8516 | validation AP: 0.2591
Epoch 12/50 | train loss: 0.4769 | validation loss: 0.669 | validation accuracy: 0.8411 | validation AP: 0.2543
Epoch 13/50 | train loss: 0.4747 | validation loss: 0.6483 | validation accuracy: 0.8293 | validation AP: 0.2745
Epoch 14/50 | train loss: 0.4675 | validation loss: 0.6427 | validation accuracy: 0.8314 | validation AP: 0.2796
Epoch 15/50 | train loss: 0.4709 | validation loss: 0.6708 | validation accuracy: 0.8369 | validation AP: 0.2551
Epoch 16/50 | train loss: 0.4655 | validation loss: 0.6512 | validation accuracy: 0.8334 | validation AP: 0.2695
Epoch 17/50 | train loss: 0.4583 | validation loss: 0.6705 | validation accuracy: 0.8314 | validation AP: 0.2596
Epoch 18/50 | train loss: 0.4633 | validation loss: 0.6408 | validation accuracy: 0.816 | validation AP: 0.2715
Stopping at epoch 18: validation AP has not improved for 4 epochs.
Best epoch: 14 | validation AP: 0.2796 | epochs run: 18

Validation classification report:
              precision    recall  f1-score   support

  disengaged     0.2881    0.3072    0.2974       166
     engaged     0.9081    0.9002    0.9042      1263

    accuracy                         0.8314      1429
   macro avg     0.5981    0.6037    0.6008      1429
weighted avg     0.8361    0.8314    0.8337      1429

Confusion matrix (rows: actual, columns: predicted):
[[  51  115]
 [ 126 1137]]
Epoch 1/50 | train loss: 0.5912 | validation loss: 0.7415 | validation accuracy: 0.8838 | validation AP: 0.1413
Epoch 2/50 | train loss: 0.5227 | validation loss: 0.7205 | validation accuracy: 0.8572 | validation AP: 0.1611
Epoch 3/50 | train loss: 0.5107 | validation loss: 0.6987 | validation accuracy: 0.8383 | validation AP: 0.1751
Epoch 4/50 | train loss: 0.4958 | validation loss: 0.7071 | validation accuracy: 0.8432 | validation AP: 0.1879
Epoch 5/50 | train loss: 0.4987 | validation loss: 0.7011 | validation accuracy: 0.8474 | validation AP: 0.2003
Epoch 6/50 | train loss: 0.4876 | validation loss: 0.6869 | validation accuracy: 0.8418 | validation AP: 0.2018
Epoch 7/50 | train loss: 0.4947 | validation loss: 0.6962 | validation accuracy: 0.8551 | validation AP: 0.2059
Epoch 8/50 | train loss: 0.4841 | validation loss: 0.6984 | validation accuracy: 0.8488 | validation AP: 0.2069
Epoch 9/50 | train loss: 0.4793 | validation loss: 0.673 | validation accuracy: 0.8272 | validation AP: 0.2071
Epoch 10/50 | train loss: 0.4854 | validation loss: 0.662 | validation accuracy: 0.8279 | validation AP: 0.2128
Epoch 11/50 | train loss: 0.4797 | validation loss: 0.6851 | validation accuracy: 0.8425 | validation AP: 0.2186
Epoch 12/50 | train loss: 0.477 | validation loss: 0.6504 | validation accuracy: 0.7943 | validation AP: 0.2001
Epoch 13/50 | train loss: 0.4685 | validation loss: 0.6902 | validation accuracy: 0.8355 | validation AP: 0.2177
Epoch 14/50 | train loss: 0.4812 | validation loss: 0.6771 | validation accuracy: 0.8474 | validation AP: 0.222
Epoch 15/50 | train loss: 0.4716 | validation loss: 0.6778 | validation accuracy: 0.83 | validation AP: 0.2225
Epoch 16/50 | train loss: 0.4585 | validation loss: 0.6635 | validation accuracy: 0.8328 | validation AP: 0.2365
Epoch 17/50 | train loss: 0.4647 | validation loss: 0.6795 | validation accuracy: 0.8383 | validation AP: 0.2399
Epoch 18/50 | train loss: 0.4717 | validation loss: 0.6842 | validation accuracy: 0.8467 | validation AP: 0.2527
Epoch 19/50 | train loss: 0.4656 | validation loss: 0.6401 | validation accuracy: 0.8223 | validation AP: 0.2598
Epoch 20/50 | train loss: 0.452 | validation loss: 0.6723 | validation accuracy: 0.8293 | validation AP: 0.2448
Epoch 21/50 | train loss: 0.456 | validation loss: 0.6842 | validation accuracy: 0.8348 | validation AP: 0.2515
Epoch 22/50 | train loss: 0.4583 | validation loss: 0.6876 | validation accuracy: 0.8369 | validation AP: 0.2852
Epoch 23/50 | train loss: 0.447 | validation loss: 0.6455 | validation accuracy: 0.8132 | validation AP: 0.2541
Epoch 24/50 | train loss: 0.4543 | validation loss: 0.6326 | validation accuracy: 0.7985 | validation AP: 0.2457
Epoch 25/50 | train loss: 0.453 | validation loss: 0.6881 | validation accuracy: 0.8251 | validation AP: 0.2604
Epoch 26/50 | train loss: 0.4492 | validation loss: 0.6261 | validation accuracy: 0.8062 | validation AP: 0.2796
Stopping at epoch 26: validation AP has not improved for 4 epochs.
Best epoch: 22 | validation AP: 0.2852 | epochs run: 26

Validation classification report:
              precision    recall  f1-score   support

  disengaged     0.2690    0.2349    0.2508       166
     engaged     0.9011    0.9161    0.9085      1263

    accuracy                         0.8369      1429
   macro avg     0.5850    0.5755    0.5797      1429
weighted avg     0.8277    0.8369    0.8321      1429

Confusion matrix (rows: actual, columns: predicted):
[[  39  127]
 [ 106 1157]]
Epoch 1/50 | train loss: 0.5711 | validation loss: 0.7264 | validation accuracy: 0.8817 | validation AP: 0.1723
Epoch 2/50 | train loss: 0.5218 | validation loss: 0.6934 | validation accuracy: 0.8334 | validation AP: 0.1703
Epoch 3/50 | train loss: 0.5092 | validation loss: 0.7199 | validation accuracy: 0.8502 | validation AP: 0.1849
Epoch 4/50 | train loss: 0.5038 | validation loss: 0.6862 | validation accuracy: 0.8286 | validation AP: 0.1847
Epoch 5/50 | train loss: 0.4855 | validation loss: 0.6831 | validation accuracy: 0.8251 | validation AP: 0.1922
Epoch 6/50 | train loss: 0.4866 | validation loss: 0.7018 | validation accuracy: 0.8446 | validation AP: 0.1999
Epoch 7/50 | train loss: 0.4873 | validation loss: 0.688 | validation accuracy: 0.8467 | validation AP: 0.2017
Epoch 8/50 | train loss: 0.4757 | validation loss: 0.7012 | validation accuracy: 0.8537 | validation AP: 0.2151
Epoch 9/50 | train loss: 0.4774 | validation loss: 0.7196 | validation accuracy: 0.8656 | validation AP: 0.231
Epoch 10/50 | train loss: 0.4841 | validation loss: 0.671 | validation accuracy: 0.8607 | validation AP: 0.2581
Epoch 11/50 | train loss: 0.4689 | validation loss: 0.6878 | validation accuracy: 0.8656 | validation AP: 0.2463
Epoch 12/50 | train loss: 0.4625 | validation loss: 0.6892 | validation accuracy: 0.8656 | validation AP: 0.2529
Epoch 13/50 | train loss: 0.4633 | validation loss: 0.6943 | validation accuracy: 0.8635 | validation AP: 0.2484
Epoch 14/50 | train loss: 0.4584 | validation loss: 0.6664 | validation accuracy: 0.8286 | validation AP: 0.2338
Stopping at epoch 14: validation AP has not improved for 4 epochs.
Best epoch: 10 | validation AP: 0.2581 | epochs run: 14

Validation classification report:
              precision    recall  f1-score   support

  disengaged     0.2800    0.1265    0.1743       166
     engaged     0.8929    0.9572    0.9240      1263

    accuracy                         0.8607      1429
   macro avg     0.5865    0.5419    0.5491      1429
weighted avg     0.8217    0.8607    0.8369      1429

Confusion matrix (rows: actual, columns: predicted):
[[  21  145]
 [  54 1209]]
Epoch 1/50 | train loss: 0.6483 | validation loss: 0.6802 | validation accuracy: 0.6753 | validation AP: 0.1775[I 2026-10-09 01:47:42,442] Trial 7 finished with value: 0.27588045319496074 and parameters: {'hidden_size': 40, 'num_layers': 1, 'dropout': 0.1, 'learning_rate': 0.0026698666742744613, 'batch_size': 32}. Best is trial 2 with value: 0.29993252673904286.

Epoch 2/50 | train loss: 0.6197 | validation loss: 0.7134 | validation accuracy: 0.8118 | validation AP: 0.2319
Epoch 3/50 | train loss: 0.5975 | validation loss: 0.6612 | validation accuracy: 0.7439 | validation AP: 0.2717
Epoch 4/50 | train loss: 0.5959 | validation loss: 0.6924 | validation accuracy: 0.7719 | validation AP: 0.2472
Epoch 5/50 | train loss: 0.5752 | validation loss: 0.6532 | validation accuracy: 0.7726 | validation AP: 0.272
Epoch 6/50 | train loss: 0.5676 | validation loss: 0.8189 | validation accuracy: 0.8376 | validation AP: 0.2334
Epoch 7/50 | train loss: 0.5489 | validation loss: 0.7137 | validation accuracy: 0.7936 | validation AP: 0.2524
Epoch 8/50 | train loss: 0.5585 | validation loss: 0.75 | validation accuracy: 0.7985 | validation AP: 0.2509
Epoch 9/50 | train loss: 0.5329 | validation loss: 0.6963 | validation accuracy: 0.7411 | validation AP: 0.247
Stopping at epoch 9: validation AP has not improved for 4 epochs.
Best epoch: 5 | validation AP: 0.272 | epochs run: 9

Validation classification report:
              precision    recall  f1-score   support

  disengaged     0.2410    0.4458    0.3129       166
     engaged     0.9180    0.8155    0.8637      1263

    accuracy                         0.7726      1429
   macro avg     0.5795    0.6307    0.5883      1429
weighted avg     0.8394    0.7726    0.7997      1429

Confusion matrix (rows: actual, columns: predicted):
[[  74   92]
 [ 233 1030]]
Epoch 1/50 | train loss: 0.641 | validation loss: 0.6869 | validation accuracy: 0.7418 | validation AP: 0.1973
Epoch 2/50 | train loss: 0.6073 | validation loss: 0.6506 | validation accuracy: 0.7292 | validation AP: 0.2448
Epoch 3/50 | train loss: 0.6077 | validation loss: 0.6479 | validation accuracy: 0.7621 | validation AP: 0.2679
Epoch 4/50 | train loss: 0.577 | validation loss: 0.6969 | validation accuracy: 0.7943 | validation AP: 0.2412
Epoch 5/50 | train loss: 0.5771 | validation loss: 0.6581 | validation accuracy: 0.788 | validation AP: 0.2675
Epoch 6/50 | train loss: 0.566 | validation loss: 0.6457 | validation accuracy: 0.7481 | validation AP: 0.2449
Epoch 7/50 | train loss: 0.5583 | validation loss: 0.6648 | validation accuracy: 0.7915 | validation AP: 0.2721
Epoch 8/50 | train loss: 0.5554 | validation loss: 0.6829 | validation accuracy: 0.7719 | validation AP: 0.2526
Epoch 9/50 | train loss: 0.5408 | validation loss: 0.7279 | validation accuracy: 0.7544 | validation AP: 0.2209
Epoch 10/50 | train loss: 0.5427 | validation loss: 0.6491 | validation accuracy: 0.6725 | validation AP: 0.2337
Epoch 11/50 | train loss: 0.5294 | validation loss: 0.7284 | validation accuracy: 0.7915 | validation AP: 0.2402
Stopping at epoch 11: validation AP has not improved for 4 epochs.
Best epoch: 7 | validation AP: 0.2721 | epochs run: 11

Validation classification report:
              precision    recall  f1-score   support

  disengaged     0.2462    0.3855    0.3005       166
     engaged     0.9127    0.8448    0.8775      1263

    accuracy                         0.7915      1429
   macro avg     0.5794    0.6152    0.5890      1429
weighted avg     0.8353    0.7915    0.8104      1429

Confusion matrix (rows: actual, columns: predicted):
[[  64  102]
 [ 196 1067]]
Epoch 1/50 | train loss: 0.6502 | validation loss: 0.7213 | validation accuracy: 0.7859 | validation AP: 0.2137
Epoch 2/50 | train loss: 0.6174 | validation loss: 0.6925 | validation accuracy: 0.7313 | validation AP: 0.2082
Epoch 3/50 | train loss: 0.5901 | validation loss: 0.7153 | validation accuracy: 0.8055 | validation AP: 0.2821
Epoch 4/50 | train loss: 0.5756 | validation loss: 0.6552 | validation accuracy: 0.6452 | validation AP: 0.2185
Epoch 5/50 | train loss: 0.5747 | validation loss: 0.6296 | validation accuracy: 0.7173 | validation AP: 0.2835
Epoch 6/50 | train loss: 0.5569 | validation loss: 0.6205 | validation accuracy: 0.6634 | validation AP: 0.255
Epoch 7/50 | train loss: 0.5505 | validation loss: 0.723 | validation accuracy: 0.7614 | validation AP: 0.2514
Epoch 8/50 | train loss: 0.5458 | validation loss: 0.6713 | validation accuracy: 0.746 | validation AP: 0.25
Epoch 9/50 | train loss: 0.5339 | validation loss: 0.7335 | validation accuracy: 0.7747 | validation AP: 0.2538
Stopping at epoch 9: validation AP has not improved for 4 epochs.
Best epoch: 5 | validation AP: 0.2835 | epochs run: 9

Validation classification report:
              precision    recall  f1-score   support

  disengaged     0.2245    0.5843    0.3244       166
     engaged     0.9308    0.7348    0.8212      1263

    accuracy                         0.7173      1429
   macro avg     0.5777    0.6595    0.5728      1429
weighted avg     0.8488    0.7173    0.7635      1429

Confusion matrix (rows: actual, columns: predicted):
[[ 97  69]
 [335 928]]
Epoch 1/50 | train loss: 0.5433 | validation loss: 0.6899 | validation accuracy: 0.8551 | validation AP: 0.2041
Epoch 2/50 | train loss: 0.4977 | validation loss: 0.7549 | validation accuracy: 0.881 | validation AP: 0.2617
Epoch 3/50 | train loss: 0.4916 | validation loss: 0.6788 | validation accuracy: 0.8537 | validation AP: 0.3008
Epoch 4/50 | train loss: 0.4912 | validation loss: 0.6505 | validation accuracy: 0.8614 | validation AP: 0.2806
Epoch 5/50 | train loss: 0.4778 | validation loss: 0.6423 | validation accuracy: 0.8509 | validation AP: 0.2722
Epoch 6/50 | train loss: 0.4762 | validation loss: 0.7401 | validation accuracy: 0.8691 | validation AP: 0.2905
Epoch 7/50 | train loss: 0.4756 | validation loss: 0.6978 | validation accuracy: 0.8369 | validation AP: 0.2604
Stopping at epoch 7: validation AP has not improved for 4 epochs.
Best epoch: 3 | validation AP: 0.3008 | epochs run: 7

Validation classification report:
              precision    recall  f1-score   support

  disengaged     0.3130    0.2169    0.2562       166
     engaged     0.9011    0.9375    0.9189      1263

    accuracy                         0.8537      1429
   macro avg     0.6071    0.5772    0.5876      1429
weighted avg     0.8328    0.8537    0.8419      1429

Confusion matrix (rows: actual, columns: predicted):
[[  36  130]
 [  79 1184]]
Epoch 1/50 | train loss: 0.5337 | validation loss: 0.7721 | validation accuracy: 0.867 | validation AP: 0.1665
Epoch 2/50 | train loss: 0.5103 | validation loss: 0.7385 | validation accuracy: 0.8642 | validation AP: 0.1945
Epoch 3/50 | train loss: 0.5013 | validation loss: 0.6498 | validation accuracy: 0.8537 | validation AP: 0.2415
Epoch 4/50 | train loss: 0.4823 | validation loss: 0.7357 | validation accuracy: 0.8635 | validation AP: 0.2142
Epoch 5/50 | train loss: 0.4685 | validation loss: 0.7122 | validation accuracy: 0.8593 | validation AP: 0.2937
Epoch 6/50 | train loss: 0.4724 | validation loss: 0.6694 | validation accuracy: 0.8174 | validation AP: 0.2038
Epoch 7/50 | train loss: 0.468 | validation loss: 0.6955 | validation accuracy: 0.823 | validation AP: 0.263
Epoch 8/50 | train loss: 0.462 | validation loss: 0.6939 | validation accuracy: 0.8565 | validation AP: 0.253
Epoch 9/50 | train loss: 0.4532 | validation loss: 0.7198 | validation accuracy: 0.8181 | validation AP: 0.2166
Stopping at epoch 9: validation AP has not improved for 4 epochs.
Best epoch: 5 | validation AP: 0.2937 | epochs run: 9

Validation classification report:
              precision    recall  f1-score   support

  disengaged     0.3232    0.1928    0.2415       166
     engaged     0.8992    0.9470    0.9225      1263

    accuracy                         0.8593      1429
   macro avg     0.6112    0.5699    0.5820      1429
weighted avg     0.8323    0.8593    0.8434      1429

Confusion matrix (rows: actual, columns: predicted):
[[  32  134]
 [  67 1196]]
Epoch 1/50 | train loss: 0.526 | validation loss: 0.652 | validation accuracy: 0.8195 | validation AP: 0.2217
Epoch 2/50 | train loss: 0.509 | validation loss: 0.6459 | validation accuracy: 0.8188 | validation AP: 0.2659
Epoch 3/50 | train loss: 0.4967 | validation loss: 0.7267 | validation accuracy: 0.8698 | validation AP: 0.2556
Epoch 4/50 | train loss: 0.4964 | validation loss: 0.6557 | validation accuracy: 0.846 | validation AP: 0.195
Epoch 5/50 | train loss: 0.4691 | validation loss: 0.6508 | validation accuracy: 0.839 | validation AP: 0.2641[I 2026-10-09 01:50:15,707] Trial 8 finished with value: 0.28679856329624603 and parameters: {'hidden_size': 66, 'num_layers': 2, 'dropout': 0.25, 'learning_rate': 0.0010402587615883842, 'batch_size': 8}. Best is trial 2 with value: 0.29993252673904286.
[I 2026-10-09 01:50:57,837] Trial 9 finished with value: 0.2746502466310718 and parameters: {'hidden_size': 33, 'num_layers': 1, 'dropout': 0.1, 'learning_rate': 0.005532496914298506, 'batch_size': 32}. Best is trial 2 with value: 0.29993252673904286.

Epoch 6/50 | train loss: 0.4665 | validation loss: 0.706 | validation accuracy: 0.8272 | validation AP: 0.2068
Stopping at epoch 6: validation AP has not improved for 4 epochs.
Best epoch: 2 | validation AP: 0.2659 | epochs run: 6

Validation classification report:
              precision    recall  f1-score   support

  disengaged     0.2775    0.3494    0.3093       166
     engaged     0.9115    0.8804    0.8957      1263

    accuracy                         0.8188      1429
   macro avg     0.5945    0.6149    0.6025      1429
weighted avg     0.8378    0.8188    0.8276      1429

Confusion matrix (rows: actual, columns: predicted):
[[  58  108]
 [ 151 1112]]
Epoch 1/50 | train loss: 0.6542 | validation loss: 0.6843 | validation accuracy: 0.6578 | validation AP: 0.1633
Epoch 2/50 | train loss: 0.6239 | validation loss: 0.7259 | validation accuracy: 0.8369 | validation AP: 0.2566
Epoch 3/50 | train loss: 0.5955 | validation loss: 0.6411 | validation accuracy: 0.7243 | validation AP: 0.2832
Epoch 4/50 | train loss: 0.596 | validation loss: 0.6884 | validation accuracy: 0.7607 | validation AP: 0.2358
Epoch 5/50 | train loss: 0.5761 | validation loss: 0.6533 | validation accuracy: 0.7656 | validation AP: 0.274
Epoch 6/50 | train loss: 0.5681 | validation loss: 0.8087 | validation accuracy: 0.8307 | validation AP: 0.2393
Epoch 7/50 | train loss: 0.5556 | validation loss: 0.7444 | validation accuracy: 0.7586 | validation AP: 0.217
Stopping at epoch 7: validation AP has not improved for 4 epochs.
Best epoch: 3 | validation AP: 0.2832 | epochs run: 7

Validation classification report:
              precision    recall  f1-score   support

  disengaged     0.2273    0.5723    0.3253       166
     engaged     0.9298    0.7443    0.8267      1263

    accuracy                         0.7243      1429
   macro avg     0.5785    0.6583    0.5760      1429
weighted avg     0.8482    0.7243    0.7685      1429

Confusion matrix (rows: actual, columns: predicted):
[[ 95  71]
 [323 940]]
Epoch 1/50 | train loss: 0.6445 | validation loss: 0.6757 | validation accuracy: 0.7222 | validation AP: 0.1985
Epoch 2/50 | train loss: 0.6156 | validation loss: 0.6499 | validation accuracy: 0.6627 | validation AP: 0.2135
Epoch 3/50 | train loss: 0.6074 | validation loss: 0.6543 | validation accuracy: 0.6305 | validation AP: 0.2124
Epoch 4/50 | train loss: 0.5839 | validation loss: 0.7199 | validation accuracy: 0.76 | validation AP: 0.1998
Epoch 5/50 | train loss: 0.575 | validation loss: 0.6511 | validation accuracy: 0.7509 | validation AP: 0.275
Epoch 6/50 | train loss: 0.5669 | validation loss: 0.6593 | validation accuracy: 0.7082 | validation AP: 0.22
Epoch 7/50 | train loss: 0.5521 | validation loss: 0.7007 | validation accuracy: 0.8034 | validation AP: 0.2579
Epoch 8/50 | train loss: 0.5506 | validation loss: 0.7028 | validation accuracy: 0.7432 | validation AP: 0.2133
Epoch 9/50 | train loss: 0.5292 | validation loss: 0.7444 | validation accuracy: 0.7488 | validation AP: 0.2228
Stopping at epoch 9: validation AP has not improved for 4 epochs.
Best epoch: 5 | validation AP: 0.275 | epochs run: 9

Validation classification report:
              precision    recall  f1-score   support

  disengaged     0.2376    0.5181    0.3258       166
     engaged     0.9250    0.7815    0.8472      1263

    accuracy                         0.7509      1429
   macro avg     0.5813    0.6498    0.5865      1429
weighted avg     0.8452    0.7509    0.7866      1429

Confusion matrix (rows: actual, columns: predicted):
[[ 86  80]
 [276 987]]
Epoch 1/50 | train loss: 0.6563 | validation loss: 0.7268 | validation accuracy: 0.767 | validation AP: 0.1963
Epoch 2/50 | train loss: 0.6223 | validation loss: 0.6683 | validation accuracy: 0.6508 | validation AP: 0.1956
Epoch 3/50 | train loss: 0.5978 | validation loss: 0.7382 | validation accuracy: 0.8258 | validation AP: 0.2495
Epoch 4/50 | train loss: 0.5842 | validation loss: 0.6713 | validation accuracy: 0.6081 | validation AP: 0.1761
Epoch 5/50 | train loss: 0.5903 | validation loss: 0.6361 | validation accuracy: 0.683 | validation AP: 0.2658
Epoch 6/50 | train loss: 0.5702 | validation loss: 0.6357 | validation accuracy: 0.655 | validation AP: 0.2523
Epoch 7/50 | train loss: 0.5591 | validation loss: 0.7347 | validation accuracy: 0.753 | validation AP: 0.2307
Epoch 8/50 | train loss: 0.5629 | validation loss: 0.6954 | validation accuracy: 0.7257 | validation AP: 0.2339
Epoch 9/50 | train loss: 0.5378 | validation loss: 0.7443 | validation accuracy: 0.7369 | validation AP: 0.247
Stopping at epoch 9: validation AP has not improved for 4 epochs.
Best epoch: 5 | validation AP: 0.2658 | epochs run: 9

Validation classification report:
              precision    recall  f1-score   support

  disengaged     0.2077    0.6145    0.3105       166
     engaged     0.9318    0.6920    0.7942      1263

    accuracy                         0.6830      1429
   macro avg     0.5698    0.6532    0.5523      1429
weighted avg     0.8477    0.6830    0.7380      1429

Confusion matrix (rows: actual, columns: predicted):
[[102  64]
 [389 874]]
Epoch 1/50 | train loss: 0.6532 | validation loss: 0.6937 | validation accuracy: 0.7131 | validation AP: 0.1889
Epoch 2/50 | train loss: 0.6234 | validation loss: 0.6831 | validation accuracy: 0.7537 | validation AP: 0.224
Epoch 3/50 | train loss: 0.6086 | validation loss: 0.6536 | validation accuracy: 0.7439 | validation AP: 0.2495
Epoch 4/50 | train loss: 0.6127 | validation loss: 0.684 | validation accuracy: 0.816 | validation AP: 0.2723
Epoch 5/50 | train loss: 0.5957 | validation loss: 0.6443 | validation accuracy: 0.7782 | validation AP: 0.2825
Epoch 6/50 | train loss: 0.5863 | validation loss: 0.7109 | validation accuracy: 0.8132 | validation AP: 0.2464
Epoch 7/50 | train loss: 0.5813 | validation loss: 0.6709 | validation accuracy: 0.7964 | validation AP: 0.3024
Epoch 8/50 | train loss: 0.5798 | validation loss: 0.6808 | validation accuracy: 0.802 | validation AP: 0.2978
Epoch 9/50 | train loss: 0.5792 | validation loss: 0.6687 | validation accuracy: 0.7516 | validation AP: 0.2523
Epoch 10/50 | train loss: 0.5881 | validation loss: 0.6385 | validation accuracy: 0.704 | validation AP: 0.2311
Epoch 11/50 | train loss: 0.5801 | validation loss: 0.6924 | validation accuracy: 0.7733 | validation AP: 0.2426
Stopping at epoch 11: validation AP has not improved for 4 epochs.
Best epoch: 7 | validation AP: 0.3024 | epochs run: 11

Validation classification report:
              precision    recall  f1-score   support

  disengaged     0.2727    0.4518    0.3401       166
     engaged     0.9211    0.8416    0.8796      1263

    accuracy                         0.7964      1429
   macro avg     0.5969    0.6467    0.6099      1429
weighted avg     0.8458    0.7964    0.8169      1429

Confusion matrix (rows: actual, columns: predicted):
[[  75   91]
 [ 200 1063]]
Epoch 1/50 | train loss: 0.6475 | validation loss: 0.6767 | validation accuracy: 0.7495 | validation AP: 0.2228
Epoch 2/50 | train loss: 0.6232 | validation loss: 0.6372 | validation accuracy: 0.711 | validation AP: 0.2451
Epoch 3/50 | train loss: 0.6207 | validation loss: 0.6702 | validation accuracy: 0.7593 | validation AP: 0.2388
Epoch 4/50 | train loss: 0.5962 | validation loss: 0.6566 | validation accuracy: 0.7719 | validation AP: 0.2692
Epoch 5/50 | train loss: 0.6065 | validation loss: 0.6359 | validation accuracy: 0.7733 | validation AP: 0.2969
Epoch 6/50 | train loss: 0.5885 | validation loss: 0.6631 | validation accuracy: 0.7495 | validation AP: 0.2469
Epoch 7/50 | train loss: 0.5791 | validation loss: 0.6531 | validation accuracy: 0.7887 | validation AP: 0.3077
Epoch 8/50 | train loss: 0.5812 | validation loss: 0.6989 | validation accuracy: 0.7887 | validation AP: 0.2907
Epoch 9/50 | train loss: 0.5722 | validation loss: 0.64 | validation accuracy: 0.7208 | validation AP: 0.2685
Epoch 10/50 | train loss: 0.5814 | validation loss: 0.6803 | validation accuracy: 0.7516 | validation AP: 0.2602
Epoch 11/50 | train loss: 0.5736 | validation loss: 0.677 | validation accuracy: 0.7663 | validation AP: 0.2662
Stopping at epoch 11: validation AP has not improved for 4 epochs.[I 2026-10-09 01:52:19,872] Trial 10 finished with value: 0.30171072798468446 and parameters: {'hidden_size': 98, 'num_layers': 3, 'dropout': 0.5, 'learning_rate': 0.0003251636522240597, 'batch_size': 32}. Best is trial 10 with value: 0.30171072798468446.

Best epoch: 7 | validation AP: 0.3077 | epochs run: 11

Validation classification report:
              precision    recall  f1-score   support

  disengaged     0.2703    0.4819    0.3463       166
     engaged     0.9241    0.8290    0.8740      1263

    accuracy                         0.7887      1429
   macro avg     0.5972    0.6555    0.6101      1429
weighted avg     0.8481    0.7887    0.8127      1429

Confusion matrix (rows: actual, columns: predicted):
[[  80   86]
 [ 216 1047]]
Epoch 1/50 | train loss: 0.6578 | validation loss: 0.7552 | validation accuracy: 0.7978 | validation AP: 0.1887
Epoch 2/50 | train loss: 0.6266 | validation loss: 0.6903 | validation accuracy: 0.7061 | validation AP: 0.1877
Epoch 3/50 | train loss: 0.6119 | validation loss: 0.6917 | validation accuracy: 0.7677 | validation AP: 0.2309
Epoch 4/50 | train loss: 0.5995 | validation loss: 0.6622 | validation accuracy: 0.7278 | validation AP: 0.2206
Epoch 5/50 | train loss: 0.5992 | validation loss: 0.6166 | validation accuracy: 0.7012 | validation AP: 0.2714
Epoch 6/50 | train loss: 0.5957 | validation loss: 0.6371 | validation accuracy: 0.662 | validation AP: 0.2464
Epoch 7/50 | train loss: 0.5807 | validation loss: 0.6719 | validation accuracy: 0.7061 | validation AP: 0.2381
Epoch 8/50 | train loss: 0.5737 | validation loss: 0.6807 | validation accuracy: 0.7628 | validation AP: 0.2815
Epoch 9/50 | train loss: 0.5735 | validation loss: 0.6934 | validation accuracy: 0.7915 | validation AP: 0.295
Epoch 10/50 | train loss: 0.5861 | validation loss: 0.6684 | validation accuracy: 0.7782 | validation AP: 0.2946
Epoch 11/50 | train loss: 0.5849 | validation loss: 0.6963 | validation accuracy: 0.7775 | validation AP: 0.2897
Epoch 12/50 | train loss: 0.5666 | validation loss: 0.6787 | validation accuracy: 0.7621 | validation AP: 0.2915
Epoch 13/50 | train loss: 0.5664 | validation loss: 0.7394 | validation accuracy: 0.7572 | validation AP: 0.2741
Stopping at epoch 13: validation AP has not improved for 4 epochs.
Best epoch: 9 | validation AP: 0.295 | epochs run: 13

Validation classification report:
              precision    recall  f1-score   support

  disengaged     0.2676    0.4578    0.3378       166
     engaged     0.9214    0.8353    0.8762      1263

    accuracy                         0.7915      1429
   macro avg     0.5945    0.6466    0.6070      1429
weighted avg     0.8454    0.7915    0.8137      1429

Confusion matrix (rows: actual, columns: predicted):
[[  76   90]
 [ 208 1055]]
Epoch 1/50 | train loss: 0.6725 | validation loss: 0.7336 | validation accuracy: 0.8824 | validation AP: 0.1498
Epoch 2/50 | train loss: 0.6617 | validation loss: 0.7071 | validation accuracy: 0.8041 | validation AP: 0.171
Epoch 3/50 | train loss: 0.6253 | validation loss: 0.6748 | validation accuracy: 0.7159 | validation AP: 0.2005
Epoch 4/50 | train loss: 0.6165 | validation loss: 0.6858 | validation accuracy: 0.7509 | validation AP: 0.2235
Epoch 5/50 | train loss: 0.6149 | validation loss: 0.6855 | validation accuracy: 0.7544 | validation AP: 0.2258
Epoch 6/50 | train loss: 0.5984 | validation loss: 0.6835 | validation accuracy: 0.7509 | validation AP: 0.2251
Epoch 7/50 | train loss: 0.6051 | validation loss: 0.6667 | validation accuracy: 0.7565 | validation AP: 0.2449
Epoch 8/50 | train loss: 0.6008 | validation loss: 0.6915 | validation accuracy: 0.7803 | validation AP: 0.2443
Epoch 9/50 | train loss: 0.5986 | validation loss: 0.68 | validation accuracy: 0.7803 | validation AP: 0.248
Epoch 10/50 | train loss: 0.5998 | validation loss: 0.6393 | validation accuracy: 0.7621 | validation AP: 0.2726
Epoch 11/50 | train loss: 0.592 | validation loss: 0.6762 | validation accuracy: 0.8006 | validation AP: 0.2715
Epoch 12/50 | train loss: 0.5889 | validation loss: 0.6724 | validation accuracy: 0.7929 | validation AP: 0.2623
Epoch 13/50 | train loss: 0.5974 | validation loss: 0.6351 | validation accuracy: 0.774 | validation AP: 0.2926
Epoch 14/50 | train loss: 0.5922 | validation loss: 0.6519 | validation accuracy: 0.7894 | validation AP: 0.3019
Epoch 15/50 | train loss: 0.5885 | validation loss: 0.6807 | validation accuracy: 0.7957 | validation AP: 0.2961
Epoch 16/50 | train loss: 0.5758 | validation loss: 0.6366 | validation accuracy: 0.7691 | validation AP: 0.2825
Epoch 17/50 | train loss: 0.5769 | validation loss: 0.6765 | validation accuracy: 0.7866 | validation AP: 0.2818
Epoch 18/50 | train loss: 0.5738 | validation loss: 0.6386 | validation accuracy: 0.7761 | validation AP: 0.3004
Stopping at epoch 18: validation AP has not improved for 4 epochs.
Best epoch: 14 | validation AP: 0.3019 | epochs run: 18

Validation classification report:
              precision    recall  f1-score   support

  disengaged     0.2727    0.4880    0.3499       166
     engaged     0.9249    0.8290    0.8743      1263

    accuracy                         0.7894      1429
   macro avg     0.5988    0.6585    0.6121      1429
weighted avg     0.8492    0.7894    0.8134      1429

Confusion matrix (rows: actual, columns: predicted):
[[  81   85]
 [ 216 1047]]
Epoch 1/50 | train loss: 0.6794 | validation loss: 0.7149 | validation accuracy: 0.8572 | validation AP: 0.1708
Epoch 2/50 | train loss: 0.6601 | validation loss: 0.7059 | validation accuracy: 0.8076 | validation AP: 0.1778
Epoch 3/50 | train loss: 0.631 | validation loss: 0.7026 | validation accuracy: 0.7572 | validation AP: 0.1843
Epoch 4/50 | train loss: 0.6113 | validation loss: 0.6959 | validation accuracy: 0.7229 | validation AP: 0.196
Epoch 5/50 | train loss: 0.619 | validation loss: 0.6766 | validation accuracy: 0.6977 | validation AP: 0.197
Epoch 6/50 | train loss: 0.6109 | validation loss: 0.7036 | validation accuracy: 0.7621 | validation AP: 0.2073
Epoch 7/50 | train loss: 0.6084 | validation loss: 0.6917 | validation accuracy: 0.7684 | validation AP: 0.2215
Epoch 8/50 | train loss: 0.6066 | validation loss: 0.7053 | validation accuracy: 0.7747 | validation AP: 0.2204
Epoch 9/50 | train loss: 0.5993 | validation loss: 0.6562 | validation accuracy: 0.7194 | validation AP: 0.2348
Epoch 10/50 | train loss: 0.6102 | validation loss: 0.6532 | validation accuracy: 0.7418 | validation AP: 0.2459
Epoch 11/50 | train loss: 0.5911 | validation loss: 0.686 | validation accuracy: 0.7943 | validation AP: 0.2469
Epoch 12/50 | train loss: 0.5963 | validation loss: 0.6759 | validation accuracy: 0.7467 | validation AP: 0.2331
Epoch 13/50 | train loss: 0.5893 | validation loss: 0.7175 | validation accuracy: 0.7859 | validation AP: 0.2332
Epoch 14/50 | train loss: 0.5908 | validation loss: 0.6823 | validation accuracy: 0.7509 | validation AP: 0.2307
Epoch 15/50 | train loss: 0.5717 | validation loss: 0.685 | validation accuracy: 0.767 | validation AP: 0.2569
Epoch 16/50 | train loss: 0.5686 | validation loss: 0.6761 | validation accuracy: 0.7495 | validation AP: 0.258
Epoch 17/50 | train loss: 0.573 | validation loss: 0.6984 | validation accuracy: 0.7579 | validation AP: 0.2651
Epoch 18/50 | train loss: 0.5762 | validation loss: 0.7099 | validation accuracy: 0.7866 | validation AP: 0.2792
Epoch 19/50 | train loss: 0.5728 | validation loss: 0.6884 | validation accuracy: 0.7684 | validation AP: 0.2829
Epoch 20/50 | train loss: 0.559 | validation loss: 0.7207 | validation accuracy: 0.7859 | validation AP: 0.274
Epoch 21/50 | train loss: 0.5701 | validation loss: 0.7059 | validation accuracy: 0.7733 | validation AP: 0.2609
Epoch 22/50 | train loss: 0.5682 | validation loss: 0.7165 | validation accuracy: 0.7831 | validation AP: 0.2761
Epoch 23/50 | train loss: 0.5496 | validation loss: 0.6971 | validation accuracy: 0.7376 | validation AP: 0.2527
Stopping at epoch 23: validation AP has not improved for 4 epochs.
Best epoch: 19 | validation AP: 0.2829 | epochs run: 23

Validation classification report:
              precision    recall  f1-score   support

  disengaged     0.2446    0.4759    0.3231       166
     engaged     0.9213    0.8068    0.8603      1263

    accuracy                         0.7684      1429
   macro avg     0.5830    0.6414    0.5917      1429
weighted avg     0.8427    0.7684    0.7979      1429

Confusion matrix (rows: actual, columns: predicted):[I 2026-10-09 01:54:34,627] Trial 11 finished with value: 0.2887287510810302 and parameters: {'hidden_size': 71, 'num_layers': 3, 'dropout': 0.5, 'learning_rate': 0.00010427001388770239, 'batch_size': 32}. Best is trial 10 with value: 0.30171072798468446.

[[  79   87]
 [ 244 1019]]
Epoch 1/50 | train loss: 0.6788 | validation loss: 0.7183 | validation accuracy: 0.8677 | validation AP: 0.1869
Epoch 2/50 | train loss: 0.6593 | validation loss: 0.6926 | validation accuracy: 0.7852 | validation AP: 0.1864
Epoch 3/50 | train loss: 0.6269 | validation loss: 0.6859 | validation accuracy: 0.7607 | validation AP: 0.2113
Epoch 4/50 | train loss: 0.6094 | validation loss: 0.6947 | validation accuracy: 0.7628 | validation AP: 0.2157
Epoch 5/50 | train loss: 0.6072 | validation loss: 0.669 | validation accuracy: 0.7117 | validation AP: 0.2309
Epoch 6/50 | train loss: 0.609 | validation loss: 0.673 | validation accuracy: 0.7215 | validation AP: 0.2244
Epoch 7/50 | train loss: 0.6089 | validation loss: 0.6763 | validation accuracy: 0.7362 | validation AP: 0.2265
Epoch 8/50 | train loss: 0.6018 | validation loss: 0.6763 | validation accuracy: 0.7341 | validation AP: 0.226
Epoch 9/50 | train loss: 0.5946 | validation loss: 0.6743 | validation accuracy: 0.7467 | validation AP: 0.2428
Epoch 10/50 | train loss: 0.6127 | validation loss: 0.6614 | validation accuracy: 0.7488 | validation AP: 0.2526
Epoch 11/50 | train loss: 0.6086 | validation loss: 0.6435 | validation accuracy: 0.7166 | validation AP: 0.2565
Epoch 12/50 | train loss: 0.5883 | validation loss: 0.6671 | validation accuracy: 0.7649 | validation AP: 0.2546
Epoch 13/50 | train loss: 0.585 | validation loss: 0.6644 | validation accuracy: 0.7635 | validation AP: 0.2667
Epoch 14/50 | train loss: 0.5826 | validation loss: 0.6595 | validation accuracy: 0.7117 | validation AP: 0.2323
Epoch 15/50 | train loss: 0.5851 | validation loss: 0.67 | validation accuracy: 0.7698 | validation AP: 0.2814
Epoch 16/50 | train loss: 0.5732 | validation loss: 0.6518 | validation accuracy: 0.7271 | validation AP: 0.2574
Epoch 17/50 | train loss: 0.5685 | validation loss: 0.7681 | validation accuracy: 0.8034 | validation AP: 0.2617
Epoch 18/50 | train loss: 0.5831 | validation loss: 0.6465 | validation accuracy: 0.7355 | validation AP: 0.2793
Epoch 19/50 | train loss: 0.5756 | validation loss: 0.71 | validation accuracy: 0.7838 | validation AP: 0.2678
Stopping at epoch 19: validation AP has not improved for 4 epochs.
Best epoch: 15 | validation AP: 0.2814 | epochs run: 19

Validation classification report:
              precision    recall  f1-score   support

  disengaged     0.2582    0.5241    0.3459       166
     engaged     0.9277    0.8021    0.8603      1263

    accuracy                         0.7698      1429
   macro avg     0.5929    0.6631    0.6031      1429
weighted avg     0.8499    0.7698    0.8005      1429

Confusion matrix (rows: actual, columns: predicted):
[[  87   79]
 [ 250 1013]]
Epoch 1/50 | train loss: 0.6539 | validation loss: 0.6848 | validation accuracy: 0.6851 | validation AP: 0.1766
Epoch 2/50 | train loss: 0.6311 | validation loss: 0.6978 | validation accuracy: 0.7985 | validation AP: 0.2309
Epoch 3/50 | train loss: 0.6141 | validation loss: 0.67 | validation accuracy: 0.7733 | validation AP: 0.2642
Epoch 4/50 | train loss: 0.6059 | validation loss: 0.6964 | validation accuracy: 0.7964 | validation AP: 0.2535
Epoch 5/50 | train loss: 0.5927 | validation loss: 0.6622 | validation accuracy: 0.8125 | validation AP: 0.3023
Epoch 6/50 | train loss: 0.5851 | validation loss: 0.7712 | validation accuracy: 0.8453 | validation AP: 0.2811
Epoch 7/50 | train loss: 0.5758 | validation loss: 0.7394 | validation accuracy: 0.8237 | validation AP: 0.29
Epoch 8/50 | train loss: 0.5743 | validation loss: 0.6993 | validation accuracy: 0.7936 | validation AP: 0.2649
Epoch 9/50 | train loss: 0.5804 | validation loss: 0.667 | validation accuracy: 0.7705 | validation AP: 0.2774
Stopping at epoch 9: validation AP has not improved for 4 epochs.
Best epoch: 5 | validation AP: 0.3023 | epochs run: 9

Validation classification report:
              precision    recall  f1-score   support

  disengaged     0.2743    0.3735    0.3163       166
     engaged     0.9135    0.8702    0.8913      1263

    accuracy                         0.8125      1429
   macro avg     0.5939    0.6218    0.6038      1429
weighted avg     0.8393    0.8125    0.8245      1429

Confusion matrix (rows: actual, columns: predicted):
[[  62  104]
 [ 164 1099]]
Epoch 1/50 | train loss: 0.6456 | validation loss: 0.7032 | validation accuracy: 0.7719 | validation AP: 0.2037
Epoch 2/50 | train loss: 0.629 | validation loss: 0.6431 | validation accuracy: 0.7502 | validation AP: 0.2757
Epoch 3/50 | train loss: 0.6169 | validation loss: 0.6636 | validation accuracy: 0.7432 | validation AP: 0.2661
Epoch 4/50 | train loss: 0.5969 | validation loss: 0.7218 | validation accuracy: 0.774 | validation AP: 0.2296
Epoch 5/50 | train loss: 0.5884 | validation loss: 0.6604 | validation accuracy: 0.7649 | validation AP: 0.2799
Epoch 6/50 | train loss: 0.5825 | validation loss: 0.6842 | validation accuracy: 0.7411 | validation AP: 0.2408
Epoch 7/50 | train loss: 0.5802 | validation loss: 0.6918 | validation accuracy: 0.781 | validation AP: 0.2962
Epoch 8/50 | train loss: 0.578 | validation loss: 0.7307 | validation accuracy: 0.7999 | validation AP: 0.2764
Epoch 9/50 | train loss: 0.5687 | validation loss: 0.6991 | validation accuracy: 0.7446 | validation AP: 0.2553
Epoch 10/50 | train loss: 0.5794 | validation loss: 0.7004 | validation accuracy: 0.7453 | validation AP: 0.2324
Epoch 11/50 | train loss: 0.5686 | validation loss: 0.7704 | validation accuracy: 0.8125 | validation AP: 0.2545
Stopping at epoch 11: validation AP has not improved for 4 epochs.
Best epoch: 7 | validation AP: 0.2962 | epochs run: 11

Validation classification report:
              precision    recall  f1-score   support

  disengaged     0.2621    0.4880    0.3411       166
     engaged     0.9241    0.8195    0.8687      1263

    accuracy                         0.7810      1429
   macro avg     0.5931    0.6537    0.6049      1429
weighted avg     0.8472    0.7810    0.8074      1429

Confusion matrix (rows: actual, columns: predicted):
[[  81   85]
 [ 228 1035]]
Epoch 1/50 | train loss: 0.6609 | validation loss: 0.7471 | validation accuracy: 0.8083 | validation AP: 0.1973
Epoch 2/50 | train loss: 0.638 | validation loss: 0.6852 | validation accuracy: 0.7229 | validation AP: 0.1851
Epoch 3/50 | train loss: 0.614 | validation loss: 0.6701 | validation accuracy: 0.7894 | validation AP: 0.2919
Epoch 4/50 | train loss: 0.6051 | validation loss: 0.6703 | validation accuracy: 0.6361 | validation AP: 0.1816
Epoch 5/50 | train loss: 0.5984 | validation loss: 0.6311 | validation accuracy: 0.7404 | validation AP: 0.2944
Epoch 6/50 | train loss: 0.5907 | validation loss: 0.6371 | validation accuracy: 0.7166 | validation AP: 0.2725
Epoch 7/50 | train loss: 0.5784 | validation loss: 0.7246 | validation accuracy: 0.7488 | validation AP: 0.2488
Epoch 8/50 | train loss: 0.5767 | validation loss: 0.686 | validation accuracy: 0.7614 | validation AP: 0.2957
Epoch 9/50 | train loss: 0.5718 | validation loss: 0.7325 | validation accuracy: 0.8069 | validation AP: 0.3001
Epoch 10/50 | train loss: 0.5819 | validation loss: 0.6797 | validation accuracy: 0.7936 | validation AP: 0.3049
Epoch 11/50 | train loss: 0.5774 | validation loss: 0.714 | validation accuracy: 0.802 | validation AP: 0.2942
Epoch 12/50 | train loss: 0.5588 | validation loss: 0.7266 | validation accuracy: 0.8076 | validation AP: 0.2909
Epoch 13/50 | train loss: 0.5501 | validation loss: 0.7982 | validation accuracy: 0.7817 | validation AP: 0.267
Epoch 14/50 | train loss: 0.545 | validation loss: 0.6722 | validation accuracy: 0.6886 | validation AP: 0.2486
Stopping at epoch 14: validation AP has not improved for 4 epochs.
Best epoch: 10 | validation AP: 0.3049 | epochs run: 14

Validation classification report:
              precision    recall  f1-score   support

  disengaged     0.2655    0.4398    0.3311       166
     engaged     0.9194    0.8401    0.8779      1263

    accuracy                         0.7936      1429
   macro avg     0.5924    0.6399    0.6045      1429
weighted avg     0.8434    0.7936    0.8144      1429

Confusion matrix (rows: actual, columns: predicted):
[[  73   93]
 [ 202 1061]][I 2026-10-09 01:55:39,990] Trial 12 finished with value: 0.3011416997151402 and parameters: {'hidden_size': 70, 'num_layers': 3, 'dropout': 0.5, 'learning_rate': 0.0008260114436119067, 'batch_size': 32}. Best is trial 10 with value: 0.30171072798468446.
[I 2026-10-09 01:59:27,773] Trial 13 finished with value: 0.3016940199705896 and parameters: {'hidden_size': 117, 'num_layers': 3, 'dropout': 0.5, 'learning_rate': 0.0008966508081689879, 'batch_size': 8}. Best is trial 10 with value: 0.30171072798468446.

Epoch 1/50 | train loss: 0.5546 | validation loss: 0.7435 | validation accuracy: 0.8558 | validation AP: 0.1801
Epoch 2/50 | train loss: 0.5151 | validation loss: 0.7299 | validation accuracy: 0.8698 | validation AP: 0.2534
Epoch 3/50 | train loss: 0.5168 | validation loss: 0.6772 | validation accuracy: 0.7859 | validation AP: 0.2943
Epoch 4/50 | train loss: 0.5172 | validation loss: 0.6346 | validation accuracy: 0.8579 | validation AP: 0.2771
Epoch 5/50 | train loss: 0.4989 | validation loss: 0.6258 | validation accuracy: 0.8348 | validation AP: 0.2803
Epoch 6/50 | train loss: 0.4906 | validation loss: 0.7139 | validation accuracy: 0.8817 | validation AP: 0.304
Epoch 7/50 | train loss: 0.494 | validation loss: 0.703 | validation accuracy: 0.8334 | validation AP: 0.2876
Epoch 8/50 | train loss: 0.4837 | validation loss: 0.8226 | validation accuracy: 0.8705 | validation AP: 0.2987
Epoch 9/50 | train loss: 0.4789 | validation loss: 0.6311 | validation accuracy: 0.839 | validation AP: 0.2736
Epoch 10/50 | train loss: 0.4796 | validation loss: 0.6447 | validation accuracy: 0.8481 | validation AP: 0.2802
Stopping at epoch 10: validation AP has not improved for 4 epochs.
Best epoch: 6 | validation AP: 0.304 | epochs run: 10

Validation classification report:
              precision    recall  f1-score   support

  disengaged     0.4681    0.1325    0.2066       166
     engaged     0.8958    0.9802    0.9361      1263

    accuracy                         0.8817      1429
   macro avg     0.6819    0.5564    0.5713      1429
weighted avg     0.8461    0.8817    0.8514      1429

Confusion matrix (rows: actual, columns: predicted):
[[  22  144]
 [  25 1238]]
Epoch 1/50 | train loss: 0.5687 | validation loss: 0.778 | validation accuracy: 0.86 | validation AP: 0.1539
Epoch 2/50 | train loss: 0.5193 | validation loss: 0.7407 | validation accuracy: 0.8439 | validation AP: 0.1796
Epoch 3/50 | train loss: 0.5264 | validation loss: 0.6326 | validation accuracy: 0.8509 | validation AP: 0.265
Epoch 4/50 | train loss: 0.5038 | validation loss: 0.7162 | validation accuracy: 0.8565 | validation AP: 0.2461
Epoch 5/50 | train loss: 0.4886 | validation loss: 0.6591 | validation accuracy: 0.853 | validation AP: 0.2834
Epoch 6/50 | train loss: 0.4922 | validation loss: 0.655 | validation accuracy: 0.8034 | validation AP: 0.2145
Epoch 7/50 | train loss: 0.4911 | validation loss: 0.6686 | validation accuracy: 0.8293 | validation AP: 0.2932
Epoch 8/50 | train loss: 0.4814 | validation loss: 0.6812 | validation accuracy: 0.8572 | validation AP: 0.2654
Epoch 9/50 | train loss: 0.4751 | validation loss: 0.6692 | validation accuracy: 0.8069 | validation AP: 0.2447
Epoch 10/50 | train loss: 0.4765 | validation loss: 0.6493 | validation accuracy: 0.7985 | validation AP: 0.2421
Epoch 11/50 | train loss: 0.4652 | validation loss: 0.762 | validation accuracy: 0.7845 | validation AP: 0.2304
Stopping at epoch 11: validation AP has not improved for 4 epochs.
Best epoch: 7 | validation AP: 0.2932 | epochs run: 11

Validation classification report:
              precision    recall  f1-score   support

  disengaged     0.3069    0.3735    0.3370       166
     engaged     0.9152    0.8892    0.9020      1263

    accuracy                         0.8293      1429
   macro avg     0.6111    0.6313    0.6195      1429
weighted avg     0.8446    0.8293    0.8364      1429

Confusion matrix (rows: actual, columns: predicted):
[[  62  104]
 [ 140 1123]]
Epoch 1/50 | train loss: 0.5417 | validation loss: 0.6271 | validation accuracy: 0.7803 | validation AP: 0.2224
Epoch 2/50 | train loss: 0.5281 | validation loss: 0.6595 | validation accuracy: 0.8272 | validation AP: 0.2121
Epoch 3/50 | train loss: 0.5249 | validation loss: 0.7143 | validation accuracy: 0.8733 | validation AP: 0.2512
Epoch 4/50 | train loss: 0.519 | validation loss: 0.6814 | validation accuracy: 0.867 | validation AP: 0.1671
Epoch 5/50 | train loss: 0.4894 | validation loss: 0.6398 | validation accuracy: 0.8013 | validation AP: 0.236
Epoch 6/50 | train loss: 0.4836 | validation loss: 0.7002 | validation accuracy: 0.8132 | validation AP: 0.2163
Epoch 7/50 | train loss: 0.4818 | validation loss: 0.6916 | validation accuracy: 0.8572 | validation AP: 0.2725
Epoch 8/50 | train loss: 0.4732 | validation loss: 0.7372 | validation accuracy: 0.8796 | validation AP: 0.285
Epoch 9/50 | train loss: 0.4679 | validation loss: 0.756 | validation accuracy: 0.8782 | validation AP: 0.2697
Epoch 10/50 | train loss: 0.4776 | validation loss: 0.673 | validation accuracy: 0.867 | validation AP: 0.3079
Epoch 11/50 | train loss: 0.4695 | validation loss: 0.6589 | validation accuracy: 0.8272 | validation AP: 0.2969
Epoch 12/50 | train loss: 0.4536 | validation loss: 0.7504 | validation accuracy: 0.8418 | validation AP: 0.2435
Epoch 13/50 | train loss: 0.4561 | validation loss: 0.9715 | validation accuracy: 0.8383 | validation AP: 0.256
Epoch 14/50 | train loss: 0.4495 | validation loss: 0.6676 | validation accuracy: 0.7579 | validation AP: 0.2809
Stopping at epoch 14: validation AP has not improved for 4 epochs.
Best epoch: 10 | validation AP: 0.3079 | epochs run: 14

Validation classification report:
              precision    recall  f1-score   support

  disengaged     0.3636    0.1928    0.2520       166
     engaged     0.9001    0.9557    0.9270      1263

    accuracy                         0.8670      1429
   macro avg     0.6319    0.5742    0.5895      1429
weighted avg     0.8378    0.8670    0.8486      1429

Confusion matrix (rows: actual, columns: predicted):
[[  32  134]
 [  56 1207]]
Epoch 1/50 | train loss: 0.6502 | validation loss: 0.6819 | validation accuracy: 0.6928 | validation AP: 0.1833
Epoch 2/50 | train loss: 0.6338 | validation loss: 0.715 | validation accuracy: 0.7971 | validation AP: 0.2192
Epoch 3/50 | train loss: 0.6221 | validation loss: 0.6676 | validation accuracy: 0.7453 | validation AP: 0.2499
Epoch 4/50 | train loss: 0.6141 | validation loss: 0.6602 | validation accuracy: 0.7866 | validation AP: 0.2766
Epoch 5/50 | train loss: 0.6002 | validation loss: 0.6086 | validation accuracy: 0.7488 | validation AP: 0.3193
Epoch 6/50 | train loss: 0.5991 | validation loss: 0.736 | validation accuracy: 0.8272 | validation AP: 0.2681
Epoch 7/50 | train loss: 0.591 | validation loss: 0.6957 | validation accuracy: 0.8153 | validation AP: 0.29
Epoch 8/50 | train loss: 0.5788 | validation loss: 0.6545 | validation accuracy: 0.7796 | validation AP: 0.2979
Epoch 9/50 | train loss: 0.5779 | validation loss: 0.6452 | validation accuracy: 0.7397 | validation AP: 0.2719
Stopping at epoch 9: validation AP has not improved for 4 epochs.
Best epoch: 5 | validation AP: 0.3193 | epochs run: 9

Validation classification report:
              precision    recall  f1-score   support

  disengaged     0.2581    0.6205    0.3646       166
     engaged     0.9388    0.7656    0.8434      1263

    accuracy                         0.7488      1429
   macro avg     0.5985    0.6931    0.6040      1429
weighted avg     0.8598    0.7488    0.7878      1429

Confusion matrix (rows: actual, columns: predicted):
[[103  63]
 [296 967]]
Epoch 1/50 | train loss: 0.6441 | validation loss: 0.6754 | validation accuracy: 0.7446 | validation AP: 0.2185
Epoch 2/50 | train loss: 0.6225 | validation loss: 0.6475 | validation accuracy: 0.7411 | validation AP: 0.253
Epoch 3/50 | train loss: 0.6297 | validation loss: 0.6311 | validation accuracy: 0.711 | validation AP: 0.2819
Epoch 4/50 | train loss: 0.597 | validation loss: 0.7124 | validation accuracy: 0.8118 | validation AP: 0.2501
Epoch 5/50 | train loss: 0.6044 | validation loss: 0.621 | validation accuracy: 0.7649 | validation AP: 0.32
Epoch 6/50 | train loss: 0.5946 | validation loss: 0.6302 | validation accuracy: 0.69 | validation AP: 0.2527
Epoch 7/50 | train loss: 0.5845 | validation loss: 0.6268 | validation accuracy: 0.739 | validation AP: 0.3121
Epoch 8/50 | train loss: 0.5879 | validation loss: 0.6796 | validation accuracy: 0.8153 | validation AP: 0.3072
Epoch 9/50 | train loss: 0.5791 | validation loss: 0.6669 | validation accuracy: 0.732 | validation AP: 0.267
Stopping at epoch 9: validation AP has not improved for 4 epochs.[I 2026-10-09 02:01:24,046] Trial 14 finished with value: 0.31666327531448524 and parameters: {'hidden_size': 160, 'num_layers': 3, 'dropout': 0.5, 'learning_rate': 0.0005383026507395216, 'batch_size': 32}. Best is trial 14 with value: 0.31666327531448524.
[I 2026-10-09 02:02:04,578] Trial 15 finished with value: 0.29681886106259814 and parameters: {'hidden_size': 113, 'num_layers': 2, 'dropout': 0.5, 'learning_rate': 0.0011798470647645897, 'batch_size': 32}. Best is trial 14 with value: 0.31666327531448524.

Best epoch: 5 | validation AP: 0.32 | epochs run: 9

Validation classification report:
              precision    recall  f1-score   support

  disengaged     0.2626    0.5663    0.3588       166
     engaged     0.9328    0.7910    0.8560      1263

    accuracy                         0.7649      1429
   macro avg     0.5977    0.6786    0.6074      1429
weighted avg     0.8549    0.7649    0.7983      1429

Confusion matrix (rows: actual, columns: predicted):
[[ 94  72]
 [264 999]]
Epoch 1/50 | train loss: 0.6622 | validation loss: 0.7004 | validation accuracy: 0.7495 | validation AP: 0.2054
Epoch 2/50 | train loss: 0.6337 | validation loss: 0.6602 | validation accuracy: 0.6424 | validation AP: 0.2008
Epoch 3/50 | train loss: 0.6147 | validation loss: 0.6472 | validation accuracy: 0.7796 | validation AP: 0.3024
Epoch 4/50 | train loss: 0.602 | validation loss: 0.6839 | validation accuracy: 0.6228 | validation AP: 0.1494
Epoch 5/50 | train loss: 0.6147 | validation loss: 0.6025 | validation accuracy: 0.7061 | validation AP: 0.3107
Epoch 6/50 | train loss: 0.5884 | validation loss: 0.632 | validation accuracy: 0.6599 | validation AP: 0.2701
Epoch 7/50 | train loss: 0.5875 | validation loss: 0.6694 | validation accuracy: 0.7145 | validation AP: 0.2676
Epoch 8/50 | train loss: 0.5832 | validation loss: 0.6745 | validation accuracy: 0.7523 | validation AP: 0.2765
Epoch 9/50 | train loss: 0.5781 | validation loss: 0.7098 | validation accuracy: 0.7733 | validation AP: 0.2878
Stopping at epoch 9: validation AP has not improved for 4 epochs.
Best epoch: 5 | validation AP: 0.3107 | epochs run: 9

Validation classification report:
              precision    recall  f1-score   support

  disengaged     0.2354    0.6807    0.3498       166
     engaged     0.9442    0.7094    0.8101      1263

    accuracy                         0.7061      1429
   macro avg     0.5898    0.6951    0.5800      1429
weighted avg     0.8618    0.7061    0.7567      1429

Confusion matrix (rows: actual, columns: predicted):
[[113  53]
 [367 896]]
Epoch 1/50 | train loss: 0.6579 | validation loss: 0.6628 | validation accuracy: 0.6739 | validation AP: 0.1908
Epoch 2/50 | train loss: 0.6308 | validation loss: 0.6968 | validation accuracy: 0.8272 | validation AP: 0.2636
Epoch 3/50 | train loss: 0.6044 | validation loss: 0.702 | validation accuracy: 0.7824 | validation AP: 0.292
Epoch 4/50 | train loss: 0.6141 | validation loss: 0.6792 | validation accuracy: 0.7803 | validation AP: 0.2822
Epoch 5/50 | train loss: 0.5895 | validation loss: 0.6257 | validation accuracy: 0.6914 | validation AP: 0.2581
Epoch 6/50 | train loss: 0.5825 | validation loss: 0.7711 | validation accuracy: 0.8341 | validation AP: 0.2676
Epoch 7/50 | train loss: 0.5787 | validation loss: 0.6688 | validation accuracy: 0.7726 | validation AP: 0.2842
Stopping at epoch 7: validation AP has not improved for 4 epochs.
Best epoch: 3 | validation AP: 0.292 | epochs run: 7

Validation classification report:
              precision    recall  f1-score   support

  disengaged     0.2607    0.4759    0.3369       166
     engaged     0.9227    0.8226    0.8698      1263

    accuracy                         0.7824      1429
   macro avg     0.5917    0.6493    0.6034      1429
weighted avg     0.8458    0.7824    0.8079      1429

Confusion matrix (rows: actual, columns: predicted):
[[  79   87]
 [ 224 1039]]
Epoch 1/50 | train loss: 0.6397 | validation loss: 0.7025 | validation accuracy: 0.7873 | validation AP: 0.2126
Epoch 2/50 | train loss: 0.6222 | validation loss: 0.6409 | validation accuracy: 0.6949 | validation AP: 0.2228
Epoch 3/50 | train loss: 0.619 | validation loss: 0.6543 | validation accuracy: 0.7852 | validation AP: 0.2962
Epoch 4/50 | train loss: 0.5921 | validation loss: 0.7071 | validation accuracy: 0.7887 | validation AP: 0.2617
Epoch 5/50 | train loss: 0.6005 | validation loss: 0.6465 | validation accuracy: 0.7733 | validation AP: 0.311
Epoch 6/50 | train loss: 0.5883 | validation loss: 0.6526 | validation accuracy: 0.7047 | validation AP: 0.2492
Epoch 7/50 | train loss: 0.5864 | validation loss: 0.6602 | validation accuracy: 0.7761 | validation AP: 0.3012
Epoch 8/50 | train loss: 0.5802 | validation loss: 0.6929 | validation accuracy: 0.7992 | validation AP: 0.2961
Epoch 9/50 | train loss: 0.5708 | validation loss: 0.6876 | validation accuracy: 0.7194 | validation AP: 0.268
Stopping at epoch 9: validation AP has not improved for 4 epochs.
Best epoch: 5 | validation AP: 0.311 | epochs run: 9

Validation classification report:
              precision    recall  f1-score   support

  disengaged     0.2591    0.5120    0.3441       166
     engaged     0.9264    0.8076    0.8629      1263

    accuracy                         0.7733      1429
   macro avg     0.5928    0.6598    0.6035      1429
weighted avg     0.8489    0.7733    0.8027      1429

Confusion matrix (rows: actual, columns: predicted):
[[  85   81]
 [ 243 1020]]
Epoch 1/50 | train loss: 0.6639 | validation loss: 0.7184 | validation accuracy: 0.7558 | validation AP: 0.1981
Epoch 2/50 | train loss: 0.6349 | validation loss: 0.6892 | validation accuracy: 0.7271 | validation AP: 0.1878
Epoch 3/50 | train loss: 0.6177 | validation loss: 0.7403 | validation accuracy: 0.7957 | validation AP: 0.2223
Epoch 4/50 | train loss: 0.5972 | validation loss: 0.6872 | validation accuracy: 0.5983 | validation AP: 0.1484
Epoch 5/50 | train loss: 0.6059 | validation loss: 0.6718 | validation accuracy: 0.7684 | validation AP: 0.2874
Epoch 6/50 | train loss: 0.5841 | validation loss: 0.6326 | validation accuracy: 0.6984 | validation AP: 0.2489
Epoch 7/50 | train loss: 0.5778 | validation loss: 0.7115 | validation accuracy: 0.7761 | validation AP: 0.2434
Epoch 8/50 | train loss: 0.5749 | validation loss: 0.6769 | validation accuracy: 0.7579 | validation AP: 0.2566
Epoch 9/50 | train loss: 0.573 | validation loss: 0.7346 | validation accuracy: 0.8034 | validation AP: 0.2852
Stopping at epoch 9: validation AP has not improved for 4 epochs.
Best epoch: 5 | validation AP: 0.2874 | epochs run: 9

Validation classification report:
              precision    recall  f1-score   support

  disengaged     0.2259    0.4096    0.2912       166
     engaged     0.9131    0.8155    0.8616      1263

    accuracy                         0.7684      1429
   macro avg     0.5695    0.6126    0.5764      1429
weighted avg     0.8333    0.7684    0.7953      1429

Confusion matrix (rows: actual, columns: predicted):
[[  68   98]
 [ 233 1030]]
Epoch 1/50 | train loss: 0.6187 | validation loss: 0.6969 | validation accuracy: 0.7586 | validation AP: 0.1834
Epoch 2/50 | train loss: 0.5841 | validation loss: 0.7601 | validation accuracy: 0.8593 | validation AP: 0.2145
Epoch 3/50 | train loss: 0.5769 | validation loss: 0.7208 | validation accuracy: 0.8348 | validation AP: 0.2414
Epoch 4/50 | train loss: 0.583 | validation loss: 0.6776 | validation accuracy: 0.8467 | validation AP: 0.2823
Epoch 5/50 | train loss: 0.5619 | validation loss: 0.6572 | validation accuracy: 0.8314 | validation AP: 0.3025
Epoch 6/50 | train loss: 0.5492 | validation loss: 0.7238 | validation accuracy: 0.8516 | validation AP: 0.2895
Epoch 7/50 | train loss: 0.5506 | validation loss: 0.6584 | validation accuracy: 0.8062 | validation AP: 0.2831
Epoch 8/50 | train loss: 0.5403 | validation loss: 0.716 | validation accuracy: 0.8425 | validation AP: 0.2873
Epoch 9/50 | train loss: 0.5446 | validation loss: 0.645 | validation accuracy: 0.7817 | validation AP: 0.2943
Stopping at epoch 9: validation AP has not improved for 4 epochs.
Best epoch: 5 | validation AP: 0.3025 | epochs run: 9

Validation classification report:
              precision    recall  f1-score   support

  disengaged     0.2807    0.2892    0.2849       166
     engaged     0.9062    0.9026    0.9044      1263

    accuracy                         0.8314      1429
   macro avg     0.5935    0.5959    0.5946      1429
weighted avg     0.8335    0.8314    0.8324      1429

Confusion matrix (rows: actual, columns: predicted):
[[  48  118]
 [ 123 1140]]
Epoch 1/50 | train loss: 0.6131 | validation loss: 0.736 | validation accuracy: 0.8432 | validation AP: 0.1896[I 2026-10-09 02:05:29,083] Trial 16 finished with value: 0.3072028889870513 and parameters: {'hidden_size': 142, 'num_layers': 3, 'dropout': 0.05, 'learning_rate': 0.00024590894549931234, 'batch_size': 16}. Best is trial 14 with value: 0.31666327531448524.

Epoch 2/50 | train loss: 0.5798 | validation loss: 0.6591 | validation accuracy: 0.809 | validation AP: 0.2412
Epoch 3/50 | train loss: 0.5884 | validation loss: 0.6355 | validation accuracy: 0.802 | validation AP: 0.2939
Epoch 4/50 | train loss: 0.5615 | validation loss: 0.6591 | validation accuracy: 0.8167 | validation AP: 0.2755
Epoch 5/50 | train loss: 0.5583 | validation loss: 0.637 | validation accuracy: 0.8076 | validation AP: 0.3119
Epoch 6/50 | train loss: 0.5531 | validation loss: 0.6523 | validation accuracy: 0.7873 | validation AP: 0.2815
Epoch 7/50 | train loss: 0.5541 | validation loss: 0.6204 | validation accuracy: 0.7908 | validation AP: 0.3083
Epoch 8/50 | train loss: 0.5465 | validation loss: 0.6549 | validation accuracy: 0.8104 | validation AP: 0.2777
Epoch 9/50 | train loss: 0.5429 | validation loss: 0.6587 | validation accuracy: 0.7439 | validation AP: 0.2415
Stopping at epoch 9: validation AP has not improved for 4 epochs.
Best epoch: 5 | validation AP: 0.3119 | epochs run: 9

Validation classification report:
              precision    recall  f1-score   support

  disengaged     0.2794    0.4157    0.3341       166
     engaged     0.9179    0.8591    0.8875      1263

    accuracy                         0.8076      1429
   macro avg     0.5986    0.6374    0.6108      1429
weighted avg     0.8438    0.8076    0.8232      1429

Confusion matrix (rows: actual, columns: predicted):
[[  69   97]
 [ 178 1085]]
Epoch 1/50 | train loss: 0.6164 | validation loss: 0.7178 | validation accuracy: 0.8258 | validation AP: 0.2106
Epoch 2/50 | train loss: 0.5894 | validation loss: 0.6539 | validation accuracy: 0.7614 | validation AP: 0.2173
Epoch 3/50 | train loss: 0.5766 | validation loss: 0.6883 | validation accuracy: 0.8397 | validation AP: 0.3072
Epoch 4/50 | train loss: 0.5708 | validation loss: 0.6811 | validation accuracy: 0.767 | validation AP: 0.1706
Epoch 5/50 | train loss: 0.5596 | validation loss: 0.6246 | validation accuracy: 0.7803 | validation AP: 0.2812
Epoch 6/50 | train loss: 0.5472 | validation loss: 0.6559 | validation accuracy: 0.7726 | validation AP: 0.2704
Epoch 7/50 | train loss: 0.5522 | validation loss: 0.6789 | validation accuracy: 0.7901 | validation AP: 0.2399
Stopping at epoch 7: validation AP has not improved for 4 epochs.
Best epoch: 3 | validation AP: 0.3072 | epochs run: 7

Validation classification report:
              precision    recall  f1-score   support

  disengaged     0.3019    0.2892    0.2954       166
     engaged     0.9071    0.9121    0.9096      1263

    accuracy                         0.8397      1429
   macro avg     0.6045    0.6006    0.6025      1429
weighted avg     0.8368    0.8397    0.8382      1429

Confusion matrix (rows: actual, columns: predicted):
[[  48  118]
 [ 111 1152]]
Epoch 1/50 | train loss: 0.6666 | validation loss: 0.6461 | validation accuracy: 0.5962 | validation AP: 0.1911
Epoch 2/50 | train loss: 0.6297 | validation loss: 0.646 | validation accuracy: 0.6333 | validation AP: 0.2152
Epoch 3/50 | train loss: 0.6211 | validation loss: 0.6471 | validation accuracy: 0.6494 | validation AP: 0.2128
Epoch 4/50 | train loss: 0.6181 | validation loss: 0.6581 | validation accuracy: 0.7376 | validation AP: 0.2442
Epoch 5/50 | train loss: 0.6137 | validation loss: 0.6377 | validation accuracy: 0.7229 | validation AP: 0.2543
Epoch 6/50 | train loss: 0.6024 | validation loss: 0.6366 | validation accuracy: 0.7152 | validation AP: 0.2537
Epoch 7/50 | train loss: 0.5955 | validation loss: 0.6505 | validation accuracy: 0.7803 | validation AP: 0.2948
Epoch 8/50 | train loss: 0.5812 | validation loss: 0.6395 | validation accuracy: 0.7537 | validation AP: 0.2937
Epoch 9/50 | train loss: 0.5785 | validation loss: 0.6538 | validation accuracy: 0.7341 | validation AP: 0.2687
Epoch 10/50 | train loss: 0.5835 | validation loss: 0.6308 | validation accuracy: 0.6865 | validation AP: 0.2307
Epoch 11/50 | train loss: 0.5798 | validation loss: 0.6817 | validation accuracy: 0.7481 | validation AP: 0.2386
Stopping at epoch 11: validation AP has not improved for 4 epochs.
Best epoch: 7 | validation AP: 0.2948 | epochs run: 11

Validation classification report:
              precision    recall  f1-score   support

  disengaged     0.2628    0.4940    0.3431       166
     engaged     0.9248    0.8179    0.8681      1263

    accuracy                         0.7803      1429
   macro avg     0.5938    0.6559    0.6056      1429
weighted avg     0.8479    0.7803    0.8071      1429

Confusion matrix (rows: actual, columns: predicted):
[[  82   84]
 [ 230 1033]]
Epoch 1/50 | train loss: 0.6706 | validation loss: 0.6478 | validation accuracy: 0.5962 | validation AP: 0.1869
Epoch 2/50 | train loss: 0.63 | validation loss: 0.6483 | validation accuracy: 0.6886 | validation AP: 0.2274
Epoch 3/50 | train loss: 0.6251 | validation loss: 0.6655 | validation accuracy: 0.6991 | validation AP: 0.2184
Epoch 4/50 | train loss: 0.6147 | validation loss: 0.6161 | validation accuracy: 0.6669 | validation AP: 0.2661
Epoch 5/50 | train loss: 0.609 | validation loss: 0.6118 | validation accuracy: 0.6753 | validation AP: 0.2761
Epoch 6/50 | train loss: 0.5985 | validation loss: 0.6549 | validation accuracy: 0.7516 | validation AP: 0.261
Epoch 7/50 | train loss: 0.5971 | validation loss: 0.6323 | validation accuracy: 0.7768 | validation AP: 0.3004
Epoch 8/50 | train loss: 0.5966 | validation loss: 0.645 | validation accuracy: 0.7733 | validation AP: 0.296
Epoch 9/50 | train loss: 0.5912 | validation loss: 0.5689 | validation accuracy: 0.6326 | validation AP: 0.2811
Epoch 10/50 | train loss: 0.5824 | validation loss: 0.6446 | validation accuracy: 0.6949 | validation AP: 0.2404
Epoch 11/50 | train loss: 0.5739 | validation loss: 0.6322 | validation accuracy: 0.7257 | validation AP: 0.262
Stopping at epoch 11: validation AP has not improved for 4 epochs.
Best epoch: 7 | validation AP: 0.3004 | epochs run: 11

Validation classification report:
              precision    recall  f1-score   support

  disengaged     0.2632    0.5120    0.3476       166
     engaged     0.9268    0.8116    0.8653      1263

    accuracy                         0.7768      1429
   macro avg     0.5950    0.6618    0.6065      1429
weighted avg     0.8497    0.7768    0.8052      1429

Confusion matrix (rows: actual, columns: predicted):
[[  85   81]
 [ 238 1025]]
Epoch 1/50 | train loss: 0.6698 | validation loss: 0.689 | validation accuracy: 0.697 | validation AP: 0.1826
Epoch 2/50 | train loss: 0.6329 | validation loss: 0.6775 | validation accuracy: 0.6613 | validation AP: 0.1819
Epoch 3/50 | train loss: 0.6255 | validation loss: 0.6745 | validation accuracy: 0.6998 | validation AP: 0.2088
Epoch 4/50 | train loss: 0.6237 | validation loss: 0.6608 | validation accuracy: 0.6991 | validation AP: 0.2198
Epoch 5/50 | train loss: 0.6142 | validation loss: 0.617 | validation accuracy: 0.6249 | validation AP: 0.2358
Epoch 6/50 | train loss: 0.6087 | validation loss: 0.6138 | validation accuracy: 0.6641 | validation AP: 0.2438
Epoch 7/50 | train loss: 0.6013 | validation loss: 0.6176 | validation accuracy: 0.6865 | validation AP: 0.258
Epoch 8/50 | train loss: 0.5902 | validation loss: 0.6134 | validation accuracy: 0.6662 | validation AP: 0.262
Epoch 9/50 | train loss: 0.5906 | validation loss: 0.6428 | validation accuracy: 0.7649 | validation AP: 0.2924
Epoch 10/50 | train loss: 0.5972 | validation loss: 0.662 | validation accuracy: 0.7124 | validation AP: 0.2644
Epoch 11/50 | train loss: 0.5891 | validation loss: 0.6463 | validation accuracy: 0.7341 | validation AP: 0.2848
Epoch 12/50 | train loss: 0.5738 | validation loss: 0.6382 | validation accuracy: 0.7033 | validation AP: 0.2751
Epoch 13/50 | train loss: 0.5764 | validation loss: 0.6794 | validation accuracy: 0.711 | validation AP: 0.2588
Stopping at epoch 13: validation AP has not improved for 4 epochs.
Best epoch: 9 | validation AP: 0.2924 | epochs run: 13

Validation classification report:
              precision    recall  f1-score   support

  disengaged     0.2529    0.5241    0.3412       166
     engaged     0.9272    0.7965    0.8569      1263

    accuracy                         0.7649      1429
   macro avg     0.5900    0.6603    0.5990      1429
weighted avg     0.8489    0.7649    0.7970      1429
[I 2026-10-09 02:11:41,665] Trial 17 finished with value: 0.29584339797994813 and parameters: {'hidden_size': 179, 'num_layers': 3, 'dropout': 0.05, 'learning_rate': 0.00016493849898258366, 'batch_size': 64}. Best is trial 14 with value: 0.31666327531448524.
[I 2026-10-09 02:15:53,025] Trial 18 finished with value: 0.28944945773185676 and parameters: {'hidden_size': 175, 'num_layers': 2, 'dropout': 0.05, 'learning_rate': 0.0003142055520981103, 'batch_size': 32}. Best is trial 14 with value: 0.31666327531448524.

Confusion matrix (rows: actual, columns: predicted):
[[  87   79]
 [ 257 1006]]
Epoch 1/50 | train loss: 0.6412 | validation loss: 0.6754 | validation accuracy: 0.6865 | validation AP: 0.1919
Epoch 2/50 | train loss: 0.6198 | validation loss: 0.6937 | validation accuracy: 0.767 | validation AP: 0.228
Epoch 3/50 | train loss: 0.6091 | validation loss: 0.6684 | validation accuracy: 0.7467 | validation AP: 0.2511
Epoch 4/50 | train loss: 0.6079 | validation loss: 0.6885 | validation accuracy: 0.7964 | validation AP: 0.2652
Epoch 5/50 | train loss: 0.5911 | validation loss: 0.6368 | validation accuracy: 0.7593 | validation AP: 0.2855
Epoch 6/50 | train loss: 0.5798 | validation loss: 0.7241 | validation accuracy: 0.8055 | validation AP: 0.2582
Epoch 7/50 | train loss: 0.5765 | validation loss: 0.7037 | validation accuracy: 0.8048 | validation AP: 0.2757
Epoch 8/50 | train loss: 0.5706 | validation loss: 0.68 | validation accuracy: 0.7936 | validation AP: 0.2812
Epoch 9/50 | train loss: 0.5687 | validation loss: 0.6636 | validation accuracy: 0.7411 | validation AP: 0.2764
Stopping at epoch 9: validation AP has not improved for 4 epochs.
Best epoch: 5 | validation AP: 0.2855 | epochs run: 9

Validation classification report:
              precision    recall  f1-score   support

  disengaged     0.2500    0.5361    0.3410       166
     engaged     0.9282    0.7886    0.8527      1263

    accuracy                         0.7593      1429
   macro avg     0.5891    0.6624    0.5969      1429
weighted avg     0.8495    0.7593    0.7933      1429

Confusion matrix (rows: actual, columns: predicted):
[[ 89  77]
 [267 996]]
Epoch 1/50 | train loss: 0.6412 | validation loss: 0.6888 | validation accuracy: 0.7474 | validation AP: 0.205
Epoch 2/50 | train loss: 0.6176 | validation loss: 0.6417 | validation accuracy: 0.7166 | validation AP: 0.2574
Epoch 3/50 | train loss: 0.6181 | validation loss: 0.67 | validation accuracy: 0.7824 | validation AP: 0.255
Epoch 4/50 | train loss: 0.5907 | validation loss: 0.671 | validation accuracy: 0.7705 | validation AP: 0.2599
Epoch 5/50 | train loss: 0.591 | validation loss: 0.6226 | validation accuracy: 0.7572 | validation AP: 0.2958
Epoch 6/50 | train loss: 0.5794 | validation loss: 0.6571 | validation accuracy: 0.739 | validation AP: 0.2569
Epoch 7/50 | train loss: 0.5687 | validation loss: 0.643 | validation accuracy: 0.7551 | validation AP: 0.2936
Epoch 8/50 | train loss: 0.5742 | validation loss: 0.6966 | validation accuracy: 0.774 | validation AP: 0.2633
Epoch 9/50 | train loss: 0.57 | validation loss: 0.6499 | validation accuracy: 0.711 | validation AP: 0.2475
Stopping at epoch 9: validation AP has not improved for 4 epochs.
Best epoch: 5 | validation AP: 0.2958 | epochs run: 9

Validation classification report:
              precision    recall  f1-score   support

  disengaged     0.2547    0.5663    0.3514       166
     engaged     0.9321    0.7823    0.8506      1263

    accuracy                         0.7572      1429
   macro avg     0.5934    0.6743    0.6010      1429
weighted avg     0.8534    0.7572    0.7926      1429

Confusion matrix (rows: actual, columns: predicted):
[[ 94  72]
 [275 988]]
Epoch 1/50 | train loss: 0.6548 | validation loss: 0.7278 | validation accuracy: 0.7971 | validation AP: 0.2136
Epoch 2/50 | train loss: 0.6224 | validation loss: 0.6847 | validation accuracy: 0.7264 | validation AP: 0.1945
Epoch 3/50 | train loss: 0.6085 | validation loss: 0.6634 | validation accuracy: 0.7544 | validation AP: 0.2544
Epoch 4/50 | train loss: 0.5939 | validation loss: 0.6715 | validation accuracy: 0.6578 | validation AP: 0.1771
Epoch 5/50 | train loss: 0.5882 | validation loss: 0.6284 | validation accuracy: 0.7292 | validation AP: 0.2788
Epoch 6/50 | train loss: 0.5785 | validation loss: 0.6272 | validation accuracy: 0.6585 | validation AP: 0.2702
Epoch 7/50 | train loss: 0.5757 | validation loss: 0.6841 | validation accuracy: 0.7495 | validation AP: 0.2416
Epoch 8/50 | train loss: 0.57 | validation loss: 0.671 | validation accuracy: 0.7397 | validation AP: 0.2517
Epoch 9/50 | train loss: 0.5621 | validation loss: 0.7093 | validation accuracy: 0.7957 | validation AP: 0.287
Epoch 10/50 | train loss: 0.5796 | validation loss: 0.669 | validation accuracy: 0.7663 | validation AP: 0.2726
Epoch 11/50 | train loss: 0.5758 | validation loss: 0.6928 | validation accuracy: 0.7803 | validation AP: 0.2718
Epoch 12/50 | train loss: 0.5576 | validation loss: 0.7144 | validation accuracy: 0.7789 | validation AP: 0.2666
Epoch 13/50 | train loss: 0.5565 | validation loss: 0.7204 | validation accuracy: 0.7635 | validation AP: 0.2546
Stopping at epoch 13: validation AP has not improved for 4 epochs.
Best epoch: 9 | validation AP: 0.287 | epochs run: 13

Validation classification report:
              precision    recall  f1-score   support

  disengaged     0.2649    0.4277    0.3272       166
     engaged     0.9182    0.8440    0.8795      1263

    accuracy                         0.7957      1429
   macro avg     0.5915    0.6359    0.6034      1429
weighted avg     0.8423    0.7957    0.8154      1429

Confusion matrix (rows: actual, columns: predicted):
[[  71   95]
 [ 197 1066]]
Epoch 1/50 | train loss: 0.6373 | validation loss: 0.7124 | validation accuracy: 0.8362 | validation AP: 0.1788
Epoch 2/50 | train loss: 0.5841 | validation loss: 0.7528 | validation accuracy: 0.8397 | validation AP: 0.2018
Epoch 3/50 | train loss: 0.5756 | validation loss: 0.7181 | validation accuracy: 0.8209 | validation AP: 0.2211
Epoch 4/50 | train loss: 0.5763 | validation loss: 0.681 | validation accuracy: 0.8174 | validation AP: 0.2527
Epoch 5/50 | train loss: 0.5727 | validation loss: 0.675 | validation accuracy: 0.8355 | validation AP: 0.2673
Epoch 6/50 | train loss: 0.5463 | validation loss: 0.7209 | validation accuracy: 0.8411 | validation AP: 0.2748
Epoch 7/50 | train loss: 0.5559 | validation loss: 0.6599 | validation accuracy: 0.8083 | validation AP: 0.2959
Epoch 8/50 | train loss: 0.541 | validation loss: 0.7209 | validation accuracy: 0.8439 | validation AP: 0.2974
Epoch 9/50 | train loss: 0.5435 | validation loss: 0.6448 | validation accuracy: 0.7796 | validation AP: 0.2799
Epoch 10/50 | train loss: 0.5461 | validation loss: 0.6458 | validation accuracy: 0.7747 | validation AP: 0.2506
Epoch 11/50 | train loss: 0.5375 | validation loss: 0.7276 | validation accuracy: 0.8153 | validation AP: 0.2341
Epoch 12/50 | train loss: 0.5343 | validation loss: 0.6815 | validation accuracy: 0.7866 | validation AP: 0.2489
Stopping at epoch 12: validation AP has not improved for 4 epochs.
Best epoch: 8 | validation AP: 0.2974 | epochs run: 12

Validation classification report:
              precision    recall  f1-score   support

  disengaged     0.2824    0.2229    0.2492       166
     engaged     0.9006    0.9256    0.9129      1263

    accuracy                         0.8439      1429
   macro avg     0.5915    0.5742    0.5810      1429
weighted avg     0.8288    0.8439    0.8358      1429

Confusion matrix (rows: actual, columns: predicted):
[[  37  129]
 [  94 1169]]
Epoch 1/50 | train loss: 0.6294 | validation loss: 0.721 | validation accuracy: 0.8404 | validation AP: 0.1933
Epoch 2/50 | train loss: 0.576 | validation loss: 0.6941 | validation accuracy: 0.8223 | validation AP: 0.2124
Epoch 3/50 | train loss: 0.5852 | validation loss: 0.692 | validation accuracy: 0.8265 | validation AP: 0.2139
Epoch 4/50 | train loss: 0.5667 | validation loss: 0.669 | validation accuracy: 0.8209 | validation AP: 0.2459
Epoch 5/50 | train loss: 0.5589 | validation loss: 0.6632 | validation accuracy: 0.8209 | validation AP: 0.2873
Epoch 6/50 | train loss: 0.551 | validation loss: 0.672 | validation accuracy: 0.8034 | validation AP: 0.2712
Epoch 7/50 | train loss: 0.5528 | validation loss: 0.6478 | validation accuracy: 0.8111 | validation AP: 0.2979
Epoch 8/50 | train loss: 0.5483 | validation loss: 0.6907 | validation accuracy: 0.8062 | validation AP: 0.2697
Epoch 9/50 | train loss: 0.5423 | validation loss: 0.666 | validation accuracy: 0.7838 | validation AP: 0.2595
Epoch 10/50 | train loss: 0.5415 | validation loss: 0.6835 | validation accuracy: 0.7922 | validation AP: 0.267[I 2026-10-09 02:17:38,093] Trial 19 finished with value: 0.29977891519537686 and parameters: {'hidden_size': 80, 'num_layers': 2, 'dropout': 0.5, 'learning_rate': 0.0002286061953701904, 'batch_size': 16}. Best is trial 14 with value: 0.31666327531448524.

Epoch 11/50 | train loss: 0.5363 | validation loss: 0.7159 | validation accuracy: 0.8104 | validation AP: 0.2508
Stopping at epoch 11: validation AP has not improved for 4 epochs.
Best epoch: 7 | validation AP: 0.2979 | epochs run: 11

Validation classification report:
              precision    recall  f1-score   support

  disengaged     0.2699    0.3675    0.3112       166
     engaged     0.9127    0.8694    0.8905      1263

    accuracy                         0.8111      1429
   macro avg     0.5913    0.6184    0.6009      1429
weighted avg     0.8380    0.8111    0.8232      1429

Confusion matrix (rows: actual, columns: predicted):
[[  61  105]
 [ 165 1098]]
Epoch 1/50 | train loss: 0.6233 | validation loss: 0.7441 | validation accuracy: 0.8411 | validation AP: 0.1902
Epoch 2/50 | train loss: 0.5913 | validation loss: 0.6876 | validation accuracy: 0.7726 | validation AP: 0.1877
Epoch 3/50 | train loss: 0.5779 | validation loss: 0.7323 | validation accuracy: 0.8244 | validation AP: 0.2102
Epoch 4/50 | train loss: 0.5796 | validation loss: 0.6902 | validation accuracy: 0.8125 | validation AP: 0.2122
Epoch 5/50 | train loss: 0.5667 | validation loss: 0.6702 | validation accuracy: 0.802 | validation AP: 0.2359
Epoch 6/50 | train loss: 0.5663 | validation loss: 0.6842 | validation accuracy: 0.8041 | validation AP: 0.2323
Epoch 7/50 | train loss: 0.5651 | validation loss: 0.6949 | validation accuracy: 0.8055 | validation AP: 0.2186
Epoch 8/50 | train loss: 0.551 | validation loss: 0.687 | validation accuracy: 0.8048 | validation AP: 0.2556
Epoch 9/50 | train loss: 0.5477 | validation loss: 0.7283 | validation accuracy: 0.8279 | validation AP: 0.2664
Epoch 10/50 | train loss: 0.5549 | validation loss: 0.6596 | validation accuracy: 0.8174 | validation AP: 0.304
Epoch 11/50 | train loss: 0.5394 | validation loss: 0.7047 | validation accuracy: 0.8223 | validation AP: 0.2817
Epoch 12/50 | train loss: 0.5362 | validation loss: 0.7021 | validation accuracy: 0.8202 | validation AP: 0.2872
Epoch 13/50 | train loss: 0.5382 | validation loss: 0.7776 | validation accuracy: 0.8202 | validation AP: 0.2558
Epoch 14/50 | train loss: 0.5309 | validation loss: 0.6845 | validation accuracy: 0.7733 | validation AP: 0.2428
Stopping at epoch 14: validation AP has not improved for 4 epochs.
Best epoch: 10 | validation AP: 0.304 | epochs run: 14

Validation classification report:
              precision    recall  f1-score   support

  disengaged     0.2683    0.3313    0.2965       166
     engaged     0.9093    0.8812    0.8951      1263

    accuracy                         0.8174      1429
   macro avg     0.5888    0.6063    0.5958      1429
weighted avg     0.8348    0.8174    0.8255      1429

Confusion matrix (rows: actual, columns: predicted):
[[  55  111]
 [ 150 1113]]
Epoch 1/50 | train loss: 0.6667 | validation loss: 0.6465 | validation accuracy: 0.6452 | validation AP: 0.226
Epoch 2/50 | train loss: 0.6259 | validation loss: 0.7422 | validation accuracy: 0.8307 | validation AP: 0.2275
Epoch 3/50 | train loss: 0.6185 | validation loss: 0.6321 | validation accuracy: 0.7334 | validation AP: 0.2809
Epoch 4/50 | train loss: 0.5937 | validation loss: 0.6883 | validation accuracy: 0.7614 | validation AP: 0.2429
Epoch 5/50 | train loss: 0.5997 | validation loss: 0.7503 | validation accuracy: 0.8369 | validation AP: 0.2783
Epoch 6/50 | train loss: 0.5982 | validation loss: 0.7294 | validation accuracy: 0.7775 | validation AP: 0.2403
Epoch 7/50 | train loss: 0.5776 | validation loss: 0.7503 | validation accuracy: 0.8223 | validation AP: 0.2824
Epoch 8/50 | train loss: 0.5823 | validation loss: 0.6492 | validation accuracy: 0.7299 | validation AP: 0.2554
Epoch 9/50 | train loss: 0.5808 | validation loss: 0.7083 | validation accuracy: 0.6942 | validation AP: 0.195
Epoch 10/50 | train loss: 0.5794 | validation loss: 0.6843 | validation accuracy: 0.6935 | validation AP: 0.238
Epoch 11/50 | train loss: 0.5745 | validation loss: 0.7654 | validation accuracy: 0.7887 | validation AP: 0.2881
Epoch 12/50 | train loss: 0.5639 | validation loss: 0.7127 | validation accuracy: 0.7789 | validation AP: 0.2846
Epoch 13/50 | train loss: 0.5606 | validation loss: 0.794 | validation accuracy: 0.7943 | validation AP: 0.286
Epoch 14/50 | train loss: 0.5593 | validation loss: 0.7196 | validation accuracy: 0.7502 | validation AP: 0.2631
Epoch 15/50 | train loss: 0.5693 | validation loss: 0.7224 | validation accuracy: 0.7915 | validation AP: 0.2813
Stopping at epoch 15: validation AP has not improved for 4 epochs.
Best epoch: 11 | validation AP: 0.2881 | epochs run: 15

Validation classification report:
              precision    recall  f1-score   support

  disengaged     0.2554    0.4277    0.3198       166
     engaged     0.9175    0.8361    0.8749      1263

    accuracy                         0.7887      1429
   macro avg     0.5864    0.6319    0.5974      1429
weighted avg     0.8406    0.7887    0.8104      1429

Confusion matrix (rows: actual, columns: predicted):
[[  71   95]
 [ 207 1056]]
Epoch 1/50 | train loss: 0.6425 | validation loss: 0.6766 | validation accuracy: 0.6648 | validation AP: 0.1887
Epoch 2/50 | train loss: 0.6303 | validation loss: 0.6719 | validation accuracy: 0.6326 | validation AP: 0.1739
Epoch 3/50 | train loss: 0.6223 | validation loss: 0.7161 | validation accuracy: 0.7635 | validation AP: 0.2072
Epoch 4/50 | train loss: 0.6102 | validation loss: 0.6786 | validation accuracy: 0.7719 | validation AP: 0.2396
Epoch 5/50 | train loss: 0.6102 | validation loss: 0.6926 | validation accuracy: 0.7684 | validation AP: 0.1988
Epoch 6/50 | train loss: 0.5948 | validation loss: 0.7058 | validation accuracy: 0.7474 | validation AP: 0.2038
Epoch 7/50 | train loss: 0.5894 | validation loss: 0.6874 | validation accuracy: 0.753 | validation AP: 0.2156
Epoch 8/50 | train loss: 0.5892 | validation loss: 0.7053 | validation accuracy: 0.7866 | validation AP: 0.2965
Epoch 9/50 | train loss: 0.5922 | validation loss: 0.7287 | validation accuracy: 0.7936 | validation AP: 0.2332
Epoch 10/50 | train loss: 0.5819 | validation loss: 0.7567 | validation accuracy: 0.7761 | validation AP: 0.285
Epoch 11/50 | train loss: 0.5682 | validation loss: 0.6838 | validation accuracy: 0.739 | validation AP: 0.2844
Epoch 12/50 | train loss: 0.5515 | validation loss: 0.7111 | validation accuracy: 0.7817 | validation AP: 0.276
Stopping at epoch 12: validation AP has not improved for 4 epochs.
Best epoch: 8 | validation AP: 0.2965 | epochs run: 12

Validation classification report:
              precision    recall  f1-score   support

  disengaged     0.2676    0.4819    0.3441       166
     engaged     0.9239    0.8266    0.8725      1263

    accuracy                         0.7866      1429
   macro avg     0.5957    0.6543    0.6083      1429
weighted avg     0.8477    0.7866    0.8112      1429

Confusion matrix (rows: actual, columns: predicted):
[[  80   86]
 [ 219 1044]]
Epoch 1/50 | train loss: 0.6517 | validation loss: 0.7941 | validation accuracy: 0.7922 | validation AP: 0.1745
Epoch 2/50 | train loss: 0.6373 | validation loss: 0.6778 | validation accuracy: 0.6669 | validation AP: 0.1965
Epoch 3/50 | train loss: 0.6276 | validation loss: 0.6603 | validation accuracy: 0.7523 | validation AP: 0.2153
Epoch 4/50 | train loss: 0.6187 | validation loss: 0.6523 | validation accuracy: 0.7292 | validation AP: 0.2142
Epoch 5/50 | train loss: 0.6079 | validation loss: 0.651 | validation accuracy: 0.7712 | validation AP: 0.3006
Epoch 6/50 | train loss: 0.6069 | validation loss: 0.6705 | validation accuracy: 0.7369 | validation AP: 0.2523
Epoch 7/50 | train loss: 0.5918 | validation loss: 0.6499 | validation accuracy: 0.7698 | validation AP: 0.3026
Epoch 8/50 | train loss: 0.5889 | validation loss: 0.6942 | validation accuracy: 0.6886 | validation AP: 0.1903
Epoch 9/50 | train loss: 0.5908 | validation loss: 0.6803 | validation accuracy: 0.7439 | validation AP: 0.258
Epoch 10/50 | train loss: 0.5853 | validation loss: 0.6493 | validation accuracy: 0.7509 | validation AP: 0.2982
Epoch 11/50 | train loss: 0.5695 | validation loss: 0.651 | validation accuracy: 0.7194 | validation AP: 0.2687
Stopping at epoch 11: validation AP has not improved for 4 epochs.
Best epoch: 7 | validation AP: 0.3026 | epochs run: 11

Validation classification report:
              precision    recall  f1-score   support

  disengaged     0.2508    0.4940    0.3327       166
     engaged     0.9238    0.8060    0.8609      1263

    accuracy                         0.7698      1429
   macro avg     0.5873    0.6500    0.5968      1429
weighted avg     0.8456    0.7698    0.7995      1429

Confusion matrix (rows: actual, columns: predicted):
[[  82   84]
 [ 245 1018]]
Epoch 1/50 | train loss: 0.6516 | validation loss: 0.7266 | validation accuracy: 0.7348 | validation AP: 0.1553
Epoch 2/50 | train loss: 0.6396 | validation loss: 0.6729 | validation accuracy: 0.7425 | validation AP: 0.2234
Epoch 3/50 | train loss: 0.6155 | validation loss: 0.677 | validation accuracy: 0.8216 | validation AP: 0.299
Epoch 4/50 | train loss: 0.6053 | validation loss: 0.7078 | validation accuracy: 0.7306 | validation AP: 0.2277
Epoch 5/50 | train loss: 0.6007 | validation loss: 0.6962 | validation accuracy: 0.7579 | validation AP: 0.2327
Epoch 6/50 | train loss: 0.5923 | validation loss: 0.6031 | validation accuracy: 0.6165 | validation AP: 0.2944
Epoch 7/50 | train loss: 0.5713 | validation loss: 0.6762 | validation accuracy: 0.7257 | validation AP: 0.2868
Stopping at epoch 7: validation AP has not improved for 4 epochs.
Best epoch: 3 | validation AP: 0.299 | epochs run: 7

Validation classification report:
              precision    recall  f1-score   support

  disengaged     0.3004    0.4036    0.3445       166
     engaged     0.9179    0.8765    0.8967      1263

    accuracy                         0.8216      1429
   macro avg     0.6092    0.6400    0.6206      1429
weighted avg     0.8462    0.8216    0.8326      1429

Confusion matrix (rows: actual, columns: predicted):
[[  67   99]
 [ 156 1107]]
Epoch 1/50 | train loss: 0.6517 | validation loss: 0.6246 | validation accuracy: 0.5556 | validation AP: 0.2603
Epoch 2/50 | train loss: 0.6444 | validation loss: 0.7118 | validation accuracy: 0.8083 | validation AP: 0.2047
Epoch 3/50 | train loss: 0.6243 | validation loss: 0.6631 | validation accuracy: 0.7474 | validation AP: 0.2371
Epoch 4/50 | train loss: 0.6133 | validation loss: 0.7083 | validation accuracy: 0.6844 | validation AP: 0.2043
Epoch 5/50 | train loss: 0.5996 | validation loss: 0.6534 | validation accuracy: 0.774 | validation AP: 0.2539
Stopping at epoch 5: validation AP has not improved for 4 epochs.
Best epoch: 1 | validation AP: 0.2603 | epochs run: 5

Validation classification report:
              precision    recall  f1-score   support

  disengaged     0.1674    0.7108    0.2710       166
     engaged     0.9337    0.5352    0.6804      1263

    accuracy                         0.5556      1429
   macro avg     0.5505    0.6230    0.4757      1429
weighted avg     0.8447    0.5556    0.6329      1429

Confusion matrix (rows: actual, columns: predicted):
[[118  48]
 [587 676]]
Epoch 1/50 | train loss: 0.6237 | validation loss: 0.6373 | validation accuracy: 0.7572 | validation AP: 0.246
Epoch 2/50 | train loss: 0.5913 | validation loss: 0.747 | validation accuracy: 0.8621 | validation AP: 0.2163
Epoch 3/50 | train loss: 0.5737 | validation loss: 0.6989 | validation accuracy: 0.8153 | validation AP: 0.2222
Epoch 4/50 | train loss: 0.5521 | validation loss: 0.7496 | validation accuracy: 0.8334 | validation AP: 0.2606
Epoch 5/50 | train loss: 0.554 | validation loss: 0.7396 | validation accuracy: 0.8111 | validation AP: 0.2569
Epoch 6/50 | train loss: 0.5541 | validation loss: 0.7312 | validation accuracy: 0.8055 | validation AP: 0.2521
Epoch 7/50 | train loss: 0.5467 | validation loss: 0.7257 | validation accuracy: 0.8265 | validation AP: 0.2702
Epoch 8/50 | train loss: 0.5429 | validation loss: 0.6843 | validation accuracy: 0.7887 | validation AP: 0.2608
Epoch 9/50 | train loss: 0.5413 | validation loss: 0.7277 | validation accuracy: 0.788 | validation AP: 0.2131
Epoch 10/50 | train loss: 0.5355 | validation loss: 0.7094 | validation accuracy: 0.7936 | validation AP: 0.2718
Epoch 11/50 | train loss: 0.536 | validation loss: 0.7478 | validation accuracy: 0.8041 | validation AP: 0.2686
Epoch 12/50 | train loss: 0.5342 | validation loss: 0.7406 | validation accuracy: 0.809 | validation AP: 0.2985
Epoch 13/50 | train loss: 0.5363 | validation loss: 0.7273 | validation accuracy: 0.8041 | validation AP: 0.2718
Epoch 14/50 | train loss: 0.5238 | validation loss: 0.7345 | validation accuracy: 0.7789 | validation AP: 0.2527
Epoch 15/50 | train loss: 0.5318 | validation loss: 0.7336 | validation accuracy: 0.8202 | validation AP: 0.283
Epoch 16/50 | train loss: 0.5218 | validation loss: 0.7612 | validation accuracy: 0.8118 | validation AP: 0.2842
Stopping at epoch 16: validation AP has not improved for 4 epochs.
Best epoch: 12 | validation AP: 0.2985 | epochs run: 16

Validation classification report:
              precision    recall  f1-score   support

  disengaged     0.2684    0.3735    0.3123       166
     engaged     0.9132    0.8662    0.8891      1263

    accuracy                         0.8090      1429
   macro avg     0.5908    0.6198    0.6007      1429
weighted avg     0.8383    0.8090    0.8221      1429

Confusion matrix (rows: actual, columns: predicted):
[[  62  104]
 [ 169 1094]]
Epoch 1/50 | train loss: 0.6087 | validation loss: 0.6691 | validation accuracy: 0.7747 | validation AP: 0.2093
Epoch 2/50 | train loss: 0.589 | validation loss: 0.6838 | validation accuracy: 0.7649 | validation AP: 0.1764
Epoch 3/50 | train loss: 0.5716 | validation loss: 0.715 | validation accuracy: 0.8314 | validation AP: 0.2302
Epoch 4/50 | train loss: 0.5655 | validation loss: 0.722 | validation accuracy: 0.8432 | validation AP: 0.2244
Epoch 5/50 | train loss: 0.5673 | validation loss: 0.6688 | validation accuracy: 0.8334 | validation AP: 0.2938
Epoch 6/50 | train loss: 0.5442 | validation loss: 0.7051 | validation accuracy: 0.7971 | validation AP: 0.222
Epoch 7/50 | train loss: 0.552 | validation loss: 0.6844 | validation accuracy: 0.8097 | validation AP: 0.2288
Epoch 8/50 | train loss: 0.5498 | validation loss: 0.713 | validation accuracy: 0.8097 | validation AP: 0.2844
Epoch 9/50 | train loss: 0.5417 | validation loss: 0.7479 | validation accuracy: 0.8481 | validation AP: 0.2671
Stopping at epoch 9: validation AP has not improved for 4 epochs.
Best epoch: 5 | validation AP: 0.2938 | epochs run: 9

Validation classification report:
              precision    recall  f1-score   support

  disengaged     0.2778    0.2711    0.2744       166
     engaged     0.9045    0.9074    0.9059      1263

    accuracy                         0.8334      1429
   macro avg     0.5911    0.5892    0.5902      1429
weighted avg     0.8317    0.8334    0.8326      1429

Confusion matrix (rows: actual, columns: predicted):
[[  45  121]
 [ 117 1146]]
Epoch 1/50 | train loss: 0.6075 | validation loss: 0.8125 | validation accuracy: 0.8376 | validation AP: 0.1794
Epoch 2/50 | train loss: 0.5879 | validation loss: 0.7009 | validation accuracy: 0.7775 | validation AP: 0.203
Epoch 3/50 | train loss: 0.5825 | validation loss: 0.687 | validation accuracy: 0.8132 | validation AP: 0.19
Epoch 4/50 | train loss: 0.5703 | validation loss: 0.68 | validation accuracy: 0.8097 | validation AP: 0.1995
Epoch 5/50 | train loss: 0.5778 | validation loss: 0.655 | validation accuracy: 0.8251 | validation AP: 0.3046
Epoch 6/50 | train loss: 0.5613 | validation loss: 0.6777 | validation accuracy: 0.7383 | validation AP: 0.241
Epoch 7/50 | train loss: 0.5501 | validation loss: 0.658 | validation accuracy: 0.7915 | validation AP: 0.2803
Epoch 8/50 | train loss: 0.5545 | validation loss: 0.662 | validation accuracy: 0.7901 | validation AP: 0.2576
Epoch 9/50 | train loss: 0.5484 | validation loss: 0.692 | validation accuracy: 0.7992 | validation AP: 0.2813
Stopping at epoch 9: validation AP has not improved for 4 epochs.
Best epoch: 5 | validation AP: 0.3046 | epochs run: 9

Validation classification report:
              precision    recall  f1-score   support

  disengaged     0.2766    0.3133    0.2938       166
     engaged     0.9081    0.8923    0.9002      1263

    accuracy                         0.8251      1429
   macro avg     0.5924    0.6028    0.5970      1429
weighted avg     0.8348    0.8251    0.8297      1429
[I 2026-10-09 02:29:07,481] A new study created in memory with name: lstm_uni_attention|30fps/10s

Confusion matrix (rows: actual, columns: predicted):
[[  52  114]
 [ 136 1127]]
Epoch 1/50 | train loss: 0.6073 | validation loss: 0.7157 | validation accuracy: 0.8286 | validation AP: 0.174
Epoch 2/50 | train loss: 0.5959 | validation loss: 0.6873 | validation accuracy: 0.8216 | validation AP: 0.2319
Epoch 3/50 | train loss: 0.5795 | validation loss: 0.6965 | validation accuracy: 0.8586 | validation AP: 0.3023
Epoch 4/50 | train loss: 0.5702 | validation loss: 0.7186 | validation accuracy: 0.7852 | validation AP: 0.2229
Epoch 5/50 | train loss: 0.5607 | validation loss: 0.696 | validation accuracy: 0.8181 | validation AP: 0.2375
Epoch 6/50 | train loss: 0.5484 | validation loss: 0.6292 | validation accuracy: 0.7334 | validation AP: 0.2478
Epoch 7/50 | train loss: 0.5312 | validation loss: 0.6402 | validation accuracy: 0.7411 | validation AP: 0.3064
Epoch 8/50 | train loss: 0.546 | validation loss: 0.7137 | validation accuracy: 0.7894 | validation AP: 0.2708
Epoch 9/50 | train loss: 0.5422 | validation loss: 0.7249 | validation accuracy: 0.7964 | validation AP: 0.26
Epoch 10/50 | train loss: 0.5412 | validation loss: 0.6645 | validation accuracy: 0.7698 | validation AP: 0.2821
Epoch 11/50 | train loss: 0.5347 | validation loss: 0.6875 | validation accuracy: 0.7936 | validation AP: 0.2808
Stopping at epoch 11: validation AP has not improved for 4 epochs.
Best epoch: 7 | validation AP: 0.3064 | epochs run: 11

Validation classification report:
              precision    recall  f1-score   support

  disengaged     0.2463    0.5964    0.3486       166
     engaged     0.9348    0.7601    0.8384      1263

    accuracy                         0.7411      1429
   macro avg     0.5905    0.6782    0.5935      1429
weighted avg     0.8548    0.7411    0.7815      1429

Confusion matrix (rows: actual, columns: predicted):
[[ 99  67]
 [303 960]]
Epoch 1/50 | train loss: 0.6162 | validation loss: 0.6582 | validation accuracy: 0.8048 | validation AP: 0.2535
Epoch 2/50 | train loss: 0.5877 | validation loss: 0.7042 | validation accuracy: 0.8544 | validation AP: 0.2059
Epoch 3/50 | train loss: 0.572 | validation loss: 0.6923 | validation accuracy: 0.8209 | validation AP: 0.2293
Epoch 4/50 | train loss: 0.5736 | validation loss: 0.6526 | validation accuracy: 0.781 | validation AP: 0.2704
Epoch 5/50 | train loss: 0.5525 | validation loss: 0.7016 | validation accuracy: 0.7999 | validation AP: 0.1954
Epoch 6/50 | train loss: 0.5629 | validation loss: 0.6989 | validation accuracy: 0.8272 | validation AP: 0.2237
Epoch 7/50 | train loss: 0.5603 | validation loss: 0.6736 | validation accuracy: 0.8048 | validation AP: 0.2828
Epoch 8/50 | train loss: 0.547 | validation loss: 0.6883 | validation accuracy: 0.802 | validation AP: 0.29
Epoch 9/50 | train loss: 0.5352 | validation loss: 0.867 | validation accuracy: 0.8174 | validation AP: 0.2269
Epoch 10/50 | train loss: 0.548 | validation loss: 0.7621 | validation accuracy: 0.823 | validation AP: 0.2631
Epoch 11/50 | train loss: 0.5411 | validation loss: 0.7077 | validation accuracy: 0.8069 | validation AP: 0.2786
Epoch 12/50 | train loss: 0.5305 | validation loss: 0.7332 | validation accuracy: 0.8139 | validation AP: 0.2917
Epoch 13/50 | train loss: 0.5287 | validation loss: 0.7678 | validation accuracy: 0.8111 | validation AP: 0.2423
Epoch 14/50 | train loss: 0.5326 | validation loss: 0.72 | validation accuracy: 0.7747 | validation AP: 0.2164
Epoch 15/50 | train loss: 0.524 | validation loss: 0.7674 | validation accuracy: 0.8132 | validation AP: 0.2804
Epoch 16/50 | train loss: 0.5214 | validation loss: 0.7312 | validation accuracy: 0.7936 | validation AP: 0.2345
Stopping at epoch 16: validation AP has not improved for 4 epochs.
Best epoch: 12 | validation AP: 0.2917 | epochs run: 16

Validation classification report:
              precision    recall  f1-score   support

  disengaged     0.2748    0.3675    0.3144       166
     engaged     0.9130    0.8725    0.8923      1263

    accuracy                         0.8139      1429
   macro avg     0.5939    0.6200    0.6034      1429
weighted avg     0.8389    0.8139    0.8252      1429

Confusion matrix (rows: actual, columns: predicted):
[[  61  105]
 [ 161 1102]]

 gru_uni_attention | 30fps/10s (confirmed on seeds [52, 53, 54, 55, 56])
  0.299 +/- 0.0026  (330011,) params  hidden_size=142, num_layers=3, dropout=0.05, learning_rate=0.00024590894549931234, batch_size=16
  0.2893 +/- 0.0068  (417923,) params  hidden_size=160, num_layers=3, dropout=0.5, learning_rate=0.0005383026507395216, batch_size=32
  Selected: hidden_size=142, num_layers=3, dropout=0.05, learning_rate=0.00024590894549931234, batch_size=16  (AP 0.299, 330,011 parameters)
Epoch 1/50 | train loss: 0.6731 | validation loss: 0.6712 | validation accuracy: 0.7033 | validation AP: 0.2176
Epoch 2/50 | train loss: 0.629 | validation loss: 0.6905 | validation accuracy: 0.7537 | validation AP: 0.2507
Epoch 3/50 | train loss: 0.6013 | validation loss: 0.705 | validation accuracy: 0.7803 | validation AP: 0.2753
Epoch 4/50 | train loss: 0.5994 | validation loss: 0.6732 | validation accuracy: 0.7124 | validation AP: 0.2438
Epoch 5/50 | train loss: 0.5755 | validation loss: 0.7077 | validation accuracy: 0.781 | validation AP: 0.2405
Epoch 6/50 | train loss: 0.6002 | validation loss: 0.7139 | validation accuracy: 0.8237 | validation AP: 0.2534
Epoch 7/50 | train loss: 0.594 | validation loss: 0.6643 | validation accuracy: 0.7726 | validation AP: 0.2651
Stopping at epoch 7: validation AP has not improved for 4 epochs.
Best epoch: 3 | validation AP: 0.2753 | epochs run: 7

Validation classification report:
              precision    recall  f1-score   support

  disengaged     0.2483    0.4398    0.3174       166
     engaged     0.9181    0.8250    0.8691      1263

    accuracy                         0.7803      1429
   macro avg     0.5832    0.6324    0.5932      1429
weighted avg     0.8403    0.7803    0.8050      1429

Confusion matrix (rows: actual, columns: predicted):
[[  73   93]
 [ 221 1042]]
Epoch 1/50 | train loss: 0.6667 | validation loss: 0.7288 | validation accuracy: 0.7621 | validation AP: 0.2007
Epoch 2/50 | train loss: 0.6303 | validation loss: 0.6966 | validation accuracy: 0.8139 | validation AP: 0.2094
Epoch 3/50 | train loss: 0.6235 | validation loss: 0.67 | validation accuracy: 0.8097 | validation AP: 0.2884
Epoch 4/50 | train loss: 0.6031 | validation loss: 0.6339 | validation accuracy: 0.7684 | validation AP: 0.2526
Epoch 5/50 | train loss: 0.5873 | validation loss: 0.6539 | validation accuracy: 0.7369 | validation AP: 0.2403
Epoch 6/50 | train loss: 0.5872 | validation loss: 0.6854 | validation accuracy: 0.7628 | validation AP: 0.2563
Epoch 7/50 | train loss: 0.5878 | validation loss: 0.7281 | validation accuracy: 0.7978 | validation AP: 0.2197
Stopping at epoch 7: validation AP has not improved for 4 epochs.
Best epoch: 3 | validation AP: 0.2884 | epochs run: 7

Validation classification report:
              precision    recall  f1-score   support

  disengaged     0.2828    0.4157    0.3366       166
     engaged     0.9181    0.8614    0.8889      1263

    accuracy                         0.8097      1429
   macro avg     0.6005    0.6386    0.6127      1429
weighted avg     0.8443    0.8097    0.8247      1429

Confusion matrix (rows: actual, columns: predicted):
[[  69   97]
 [ 175 1088]]
Epoch 1/50 | train loss: 0.6822 | validation loss: 0.7546 | validation accuracy: 0.8663 | validation AP: 0.206
Epoch 2/50 | train loss: 0.6255 | validation loss: 0.5966 | validation accuracy: 0.6207 | validation AP: 0.2511
Epoch 3/50 | train loss: 0.6236 | validation loss: 0.7372 | validation accuracy: 0.802 | validation AP: 0.2983
Epoch 4/50 | train loss: 0.6021 | validation loss: 0.6719 | validation accuracy: 0.7908 | validation AP: 0.2442
Epoch 5/50 | train loss: 0.583 | validation loss: 0.6134 | validation accuracy: 0.6221 | validation AP: 0.2505
Epoch 6/50 | train loss: 0.5962 | validation loss: 0.5952 | validation accuracy: 0.5927 | validation AP: 0.2138
Epoch 7/50 | train loss: 0.5805 | validation loss: 0.6144 | validation accuracy: 0.7166 | validation AP: 0.2925
Stopping at epoch 7: validation AP has not improved for 4 epochs.[I 2026-10-09 02:29:23,407] Trial 0 finished with value: 0.28733379759108413 and parameters: {'hidden_size': 47, 'num_layers': 3, 'dropout': 0.0, 'learning_rate': 0.005399484409787433, 'batch_size': 64}. Best is trial 0 with value: 0.28733379759108413.
[I 2026-10-09 02:32:34,443] Trial 1 finished with value: 0.2838466659277568 and parameters: {'hidden_size': 136, 'num_layers': 1, 'dropout': 0.25, 'learning_rate': 0.0003823475224675188, 'batch_size': 8}. Best is trial 0 with value: 0.28733379759108413.

Best epoch: 3 | validation AP: 0.2983 | epochs run: 7

Validation classification report:
              precision    recall  f1-score   support

  disengaged     0.2825    0.4578    0.3494       166
     engaged     0.9224    0.8472    0.8832      1263

    accuracy                         0.8020      1429
   macro avg     0.6025    0.6525    0.6163      1429
weighted avg     0.8481    0.8020    0.8212      1429

Confusion matrix (rows: actual, columns: predicted):
[[  76   90]
 [ 193 1070]]
Epoch 1/50 | train loss: 0.5445 | validation loss: 0.6915 | validation accuracy: 0.881 | validation AP: 0.2309
Epoch 2/50 | train loss: 0.4896 | validation loss: 0.7787 | validation accuracy: 0.874 | validation AP: 0.2715
Epoch 3/50 | train loss: 0.482 | validation loss: 0.7352 | validation accuracy: 0.8677 | validation AP: 0.2643
Epoch 4/50 | train loss: 0.476 | validation loss: 0.6493 | validation accuracy: 0.8586 | validation AP: 0.2558
Epoch 5/50 | train loss: 0.4688 | validation loss: 0.6577 | validation accuracy: 0.8516 | validation AP: 0.2498
Epoch 6/50 | train loss: 0.4577 | validation loss: 0.7379 | validation accuracy: 0.8565 | validation AP: 0.2506
Stopping at epoch 6: validation AP has not improved for 4 epochs.
Best epoch: 2 | validation AP: 0.2715 | epochs run: 6

Validation classification report:
              precision    recall  f1-score   support

  disengaged     0.3871    0.1446    0.2105       166
     engaged     0.8961    0.9699    0.9316      1263

    accuracy                         0.8740      1429
   macro avg     0.6416    0.5572    0.5710      1429
weighted avg     0.8370    0.8740    0.8478      1429

Confusion matrix (rows: actual, columns: predicted):
[[  24  142]
 [  38 1225]]
Epoch 1/50 | train loss: 0.5356 | validation loss: 0.7602 | validation accuracy: 0.8705 | validation AP: 0.1848
Epoch 2/50 | train loss: 0.4993 | validation loss: 0.6829 | validation accuracy: 0.8614 | validation AP: 0.2457
Epoch 3/50 | train loss: 0.4891 | validation loss: 0.6475 | validation accuracy: 0.853 | validation AP: 0.2418
Epoch 4/50 | train loss: 0.4756 | validation loss: 0.69 | validation accuracy: 0.8551 | validation AP: 0.2604
Epoch 5/50 | train loss: 0.4715 | validation loss: 0.648 | validation accuracy: 0.853 | validation AP: 0.2952
Epoch 6/50 | train loss: 0.4637 | validation loss: 0.631 | validation accuracy: 0.8006 | validation AP: 0.2269
Epoch 7/50 | train loss: 0.4577 | validation loss: 0.6658 | validation accuracy: 0.802 | validation AP: 0.2665
Epoch 8/50 | train loss: 0.4497 | validation loss: 0.6401 | validation accuracy: 0.8383 | validation AP: 0.2687
Epoch 9/50 | train loss: 0.4387 | validation loss: 0.7095 | validation accuracy: 0.8076 | validation AP: 0.2143
Stopping at epoch 9: validation AP has not improved for 4 epochs.
Best epoch: 5 | validation AP: 0.2952 | epochs run: 9

Validation classification report:
              precision    recall  f1-score   support

  disengaged     0.3103    0.2169    0.2553       166
     engaged     0.9010    0.9367    0.9185      1263

    accuracy                         0.8530      1429
   macro avg     0.6057    0.5768    0.5869      1429
weighted avg     0.8324    0.8530    0.8414      1429

Confusion matrix (rows: actual, columns: predicted):
[[  36  130]
 [  80 1183]]
Epoch 1/50 | train loss: 0.528 | validation loss: 0.6442 | validation accuracy: 0.8481 | validation AP: 0.2366
Epoch 2/50 | train loss: 0.4874 | validation loss: 0.6816 | validation accuracy: 0.8223 | validation AP: 0.2848
Epoch 3/50 | train loss: 0.4821 | validation loss: 0.7091 | validation accuracy: 0.86 | validation AP: 0.2749
Epoch 4/50 | train loss: 0.4801 | validation loss: 0.6413 | validation accuracy: 0.8663 | validation AP: 0.2623
Epoch 5/50 | train loss: 0.4625 | validation loss: 0.6465 | validation accuracy: 0.8369 | validation AP: 0.2524
Epoch 6/50 | train loss: 0.4499 | validation loss: 0.6717 | validation accuracy: 0.8146 | validation AP: 0.2406
Stopping at epoch 6: validation AP has not improved for 4 epochs.
Best epoch: 2 | validation AP: 0.2848 | epochs run: 6

Validation classification report:
              precision    recall  f1-score   support

  disengaged     0.2800    0.3373    0.3060       166
     engaged     0.9105    0.8860    0.8981      1263

    accuracy                         0.8223      1429
   macro avg     0.5952    0.6117    0.6020      1429
weighted avg     0.8373    0.8223    0.8293      1429

Confusion matrix (rows: actual, columns: predicted):
[[  56  110]
 [ 144 1119]]
Epoch 1/50 | train loss: 0.6854 | validation loss: 0.7241 | validation accuracy: 0.8838 | validation AP: 0.175
Epoch 2/50 | train loss: 0.6581 | validation loss: 0.7111 | validation accuracy: 0.7768 | validation AP: 0.1838
Epoch 3/50 | train loss: 0.6088 | validation loss: 0.7016 | validation accuracy: 0.7558 | validation AP: 0.2342
Epoch 4/50 | train loss: 0.5914 | validation loss: 0.6695 | validation accuracy: 0.7649 | validation AP: 0.2656
Epoch 5/50 | train loss: 0.576 | validation loss: 0.6914 | validation accuracy: 0.781 | validation AP: 0.2552
Epoch 6/50 | train loss: 0.5683 | validation loss: 0.7011 | validation accuracy: 0.7705 | validation AP: 0.2589
Epoch 7/50 | train loss: 0.5635 | validation loss: 0.6837 | validation accuracy: 0.7726 | validation AP: 0.2693
Epoch 8/50 | train loss: 0.5614 | validation loss: 0.6978 | validation accuracy: 0.7649 | validation AP: 0.2727
Epoch 9/50 | train loss: 0.5553 | validation loss: 0.6952 | validation accuracy: 0.7306 | validation AP: 0.2438
Epoch 10/50 | train loss: 0.5682 | validation loss: 0.6711 | validation accuracy: 0.7222 | validation AP: 0.2542
Epoch 11/50 | train loss: 0.5533 | validation loss: 0.7158 | validation accuracy: 0.7481 | validation AP: 0.247
Epoch 12/50 | train loss: 0.5578 | validation loss: 0.7163 | validation accuracy: 0.753 | validation AP: 0.2286
Stopping at epoch 12: validation AP has not improved for 4 epochs.
Best epoch: 8 | validation AP: 0.2727 | epochs run: 12

Validation classification report:
              precision    recall  f1-score   support

  disengaged     0.2515    0.5181    0.3386       166
     engaged     0.9264    0.7973    0.8570      1263

    accuracy                         0.7649      1429
   macro avg     0.5889    0.6577    0.5978      1429
weighted avg     0.8480    0.7649    0.7968      1429

Confusion matrix (rows: actual, columns: predicted):
[[  86   80]
 [ 256 1007]]
Epoch 1/50 | train loss: 0.6826 | validation loss: 0.7215 | validation accuracy: 0.8838 | validation AP: 0.2004
Epoch 2/50 | train loss: 0.6615 | validation loss: 0.6808 | validation accuracy: 0.7551 | validation AP: 0.1858
Epoch 3/50 | train loss: 0.6163 | validation loss: 0.6959 | validation accuracy: 0.7908 | validation AP: 0.2369
Epoch 4/50 | train loss: 0.5868 | validation loss: 0.6412 | validation accuracy: 0.7467 | validation AP: 0.2913
Epoch 5/50 | train loss: 0.5795 | validation loss: 0.6695 | validation accuracy: 0.7523 | validation AP: 0.2801
Epoch 6/50 | train loss: 0.5689 | validation loss: 0.6883 | validation accuracy: 0.7579 | validation AP: 0.2817
Epoch 7/50 | train loss: 0.5642 | validation loss: 0.688 | validation accuracy: 0.76 | validation AP: 0.2825
Epoch 8/50 | train loss: 0.5561 | validation loss: 0.7797 | validation accuracy: 0.7852 | validation AP: 0.2802
Stopping at epoch 8: validation AP has not improved for 4 epochs.
Best epoch: 4 | validation AP: 0.2913 | epochs run: 8

Validation classification report:
              precision    recall  f1-score   support

  disengaged     0.2487    0.5843    0.3489       166
     engaged     0.9336    0.7680    0.8427      1263

    accuracy                         0.7467      1429
   macro avg     0.5912    0.6762    0.5958      1429
weighted avg     0.8540    0.7467    0.7854      1429

Confusion matrix (rows: actual, columns: predicted):
[[ 97  69]
 [293 970]]
Epoch 1/50 | train loss: 0.6844 | validation loss: 0.7289 | validation accuracy: 0.8838 | validation AP: 0.1744
Epoch 2/50 | train loss: 0.6621 | validation loss: 0.7122 | validation accuracy: 0.767 | validation AP: 0.1741
Epoch 3/50 | train loss: 0.5984 | validation loss: 0.7117 | validation accuracy: 0.7355 | validation AP: 0.213[I 2026-10-09 02:33:21,767] Trial 2 finished with value: 0.27559360981720854 and parameters: {'hidden_size': 56, 'num_layers': 3, 'dropout': 0.5, 'learning_rate': 0.00021930485556643703, 'batch_size': 32}. Best is trial 0 with value: 0.28733379759108413.
[I 2026-10-09 02:34:47,027] Trial 3 finished with value: 0.2624619763791352 and parameters: {'hidden_size': 40, 'num_layers': 1, 'dropout': 0.0, 'learning_rate': 0.006586289317583112, 'batch_size': 16}. Best is trial 0 with value: 0.28733379759108413.

Epoch 4/50 | train loss: 0.5803 | validation loss: 0.6849 | validation accuracy: 0.7467 | validation AP: 0.2345
Epoch 5/50 | train loss: 0.573 | validation loss: 0.6586 | validation accuracy: 0.7173 | validation AP: 0.2628
Epoch 6/50 | train loss: 0.5722 | validation loss: 0.6393 | validation accuracy: 0.6886 | validation AP: 0.2628
Epoch 7/50 | train loss: 0.5618 | validation loss: 0.7113 | validation accuracy: 0.7285 | validation AP: 0.244
Epoch 8/50 | train loss: 0.5442 | validation loss: 0.6849 | validation accuracy: 0.7124 | validation AP: 0.2546
Epoch 9/50 | train loss: 0.5431 | validation loss: 0.7539 | validation accuracy: 0.7691 | validation AP: 0.2522
Stopping at epoch 9: validation AP has not improved for 4 epochs.
Best epoch: 5 | validation AP: 0.2628 | epochs run: 9

Validation classification report:
              precision    recall  f1-score   support

  disengaged     0.2283    0.6024    0.3311       166
     engaged     0.9334    0.7324    0.8208      1263

    accuracy                         0.7173      1429
   macro avg     0.5809    0.6674    0.5759      1429
weighted avg     0.8515    0.7173    0.7639      1429

Confusion matrix (rows: actual, columns: predicted):
[[100  66]
 [338 925]]
Epoch 1/50 | train loss: 0.6265 | validation loss: 0.7148 | validation accuracy: 0.8635 | validation AP: 0.2214
Epoch 2/50 | train loss: 0.5717 | validation loss: 0.8573 | validation accuracy: 0.8698 | validation AP: 0.2458
Epoch 3/50 | train loss: 0.5507 | validation loss: 0.784 | validation accuracy: 0.8125 | validation AP: 0.2393
Epoch 4/50 | train loss: 0.5625 | validation loss: 0.6976 | validation accuracy: 0.781 | validation AP: 0.2492
Epoch 5/50 | train loss: 0.5402 | validation loss: 0.6949 | validation accuracy: 0.809 | validation AP: 0.2571
Epoch 6/50 | train loss: 0.519 | validation loss: 0.8619 | validation accuracy: 0.8446 | validation AP: 0.2468
Epoch 7/50 | train loss: 0.5097 | validation loss: 0.7375 | validation accuracy: 0.7796 | validation AP: 0.254
Epoch 8/50 | train loss: 0.5086 | validation loss: 0.8556 | validation accuracy: 0.8425 | validation AP: 0.2721
Epoch 9/50 | train loss: 0.4972 | validation loss: 0.7395 | validation accuracy: 0.7992 | validation AP: 0.2545
Epoch 10/50 | train loss: 0.4948 | validation loss: 0.7493 | validation accuracy: 0.7481 | validation AP: 0.2188
Epoch 11/50 | train loss: 0.4976 | validation loss: 0.7888 | validation accuracy: 0.8167 | validation AP: 0.2254
Epoch 12/50 | train loss: 0.4833 | validation loss: 0.7524 | validation accuracy: 0.7628 | validation AP: 0.2223
Stopping at epoch 12: validation AP has not improved for 4 epochs.
Best epoch: 8 | validation AP: 0.2721 | epochs run: 12

Validation classification report:
              precision    recall  f1-score   support

  disengaged     0.2993    0.2651    0.2812       166
     engaged     0.9048    0.9184    0.9116      1263

    accuracy                         0.8425      1429
   macro avg     0.6021    0.5918    0.5964      1429
weighted avg     0.8345    0.8425    0.8384      1429

Confusion matrix (rows: actual, columns: predicted):
[[  44  122]
 [ 103 1160]]
Epoch 1/50 | train loss: 0.6248 | validation loss: 0.8119 | validation accuracy: 0.8796 | validation AP: 0.1905
Epoch 2/50 | train loss: 0.5695 | validation loss: 0.742 | validation accuracy: 0.8265 | validation AP: 0.2203
Epoch 3/50 | train loss: 0.567 | validation loss: 0.6933 | validation accuracy: 0.8118 | validation AP: 0.22
Epoch 4/50 | train loss: 0.5365 | validation loss: 0.7515 | validation accuracy: 0.8307 | validation AP: 0.235
Epoch 5/50 | train loss: 0.5358 | validation loss: 0.7355 | validation accuracy: 0.8279 | validation AP: 0.2496
Epoch 6/50 | train loss: 0.5249 | validation loss: 0.6868 | validation accuracy: 0.7684 | validation AP: 0.2351
Epoch 7/50 | train loss: 0.5166 | validation loss: 0.715 | validation accuracy: 0.7964 | validation AP: 0.2518
Epoch 8/50 | train loss: 0.5024 | validation loss: 0.7374 | validation accuracy: 0.7873 | validation AP: 0.2205
Epoch 9/50 | train loss: 0.5079 | validation loss: 0.7649 | validation accuracy: 0.7348 | validation AP: 0.2016
Epoch 10/50 | train loss: 0.5349 | validation loss: 0.7331 | validation accuracy: 0.7698 | validation AP: 0.2134
Epoch 11/50 | train loss: 0.5119 | validation loss: 0.7484 | validation accuracy: 0.7859 | validation AP: 0.2358
Stopping at epoch 11: validation AP has not improved for 4 epochs.
Best epoch: 7 | validation AP: 0.2518 | epochs run: 11

Validation classification report:
              precision    recall  f1-score   support

  disengaged     0.2605    0.4096    0.3185       166
     engaged     0.9161    0.8472    0.8803      1263

    accuracy                         0.7964      1429
   macro avg     0.5883    0.6284    0.5994      1429
weighted avg     0.8399    0.7964    0.8150      1429

Confusion matrix (rows: actual, columns: predicted):
[[  68   98]
 [ 193 1070]]
Epoch 1/50 | train loss: 0.6109 | validation loss: 0.7205 | validation accuracy: 0.8132 | validation AP: 0.1976
Epoch 2/50 | train loss: 0.5738 | validation loss: 0.6591 | validation accuracy: 0.7719 | validation AP: 0.261
Epoch 3/50 | train loss: 0.5579 | validation loss: 0.7461 | validation accuracy: 0.8258 | validation AP: 0.2635
Epoch 4/50 | train loss: 0.5468 | validation loss: 0.6571 | validation accuracy: 0.7124 | validation AP: 0.224
Epoch 5/50 | train loss: 0.5309 | validation loss: 0.7094 | validation accuracy: 0.7901 | validation AP: 0.2462
Epoch 6/50 | train loss: 0.504 | validation loss: 0.7143 | validation accuracy: 0.8244 | validation AP: 0.2497
Epoch 7/50 | train loss: 0.5213 | validation loss: 0.8342 | validation accuracy: 0.7761 | validation AP: 0.2016
Stopping at epoch 7: validation AP has not improved for 4 epochs.
Best epoch: 3 | validation AP: 0.2635 | epochs run: 7

Validation classification report:
              precision    recall  f1-score   support

  disengaged     0.2601    0.2711    0.2655       166
     engaged     0.9037    0.8987    0.9012      1263

    accuracy                         0.8258      1429
   macro avg     0.5819    0.5849    0.5833      1429
weighted avg     0.8289    0.8258    0.8273      1429

Confusion matrix (rows: actual, columns: predicted):
[[  45  121]
 [ 128 1135]]
Epoch 1/50 | train loss: 0.6597 | validation loss: 0.6256 | validation accuracy: 0.6074 | validation AP: 0.1874
Epoch 2/50 | train loss: 0.6078 | validation loss: 0.725 | validation accuracy: 0.7894 | validation AP: 0.2436
Epoch 3/50 | train loss: 0.5928 | validation loss: 0.7034 | validation accuracy: 0.7642 | validation AP: 0.2485
Epoch 4/50 | train loss: 0.5858 | validation loss: 0.6448 | validation accuracy: 0.6984 | validation AP: 0.2519
Epoch 5/50 | train loss: 0.5725 | validation loss: 0.7938 | validation accuracy: 0.7901 | validation AP: 0.2237
Epoch 6/50 | train loss: 0.5764 | validation loss: 0.7208 | validation accuracy: 0.7579 | validation AP: 0.2131
Epoch 7/50 | train loss: 0.5697 | validation loss: 0.6799 | validation accuracy: 0.7425 | validation AP: 0.2618
Epoch 8/50 | train loss: 0.5524 | validation loss: 0.7195 | validation accuracy: 0.7733 | validation AP: 0.2675
Epoch 9/50 | train loss: 0.5371 | validation loss: 0.7406 | validation accuracy: 0.7747 | validation AP: 0.2531
Epoch 10/50 | train loss: 0.5454 | validation loss: 0.7044 | validation accuracy: 0.6683 | validation AP: 0.2183
Epoch 11/50 | train loss: 0.5351 | validation loss: 0.822 | validation accuracy: 0.7761 | validation AP: 0.2189
Epoch 12/50 | train loss: 0.5525 | validation loss: 0.73 | validation accuracy: 0.7551 | validation AP: 0.2338
Stopping at epoch 12: validation AP has not improved for 4 epochs.
Best epoch: 8 | validation AP: 0.2675 | epochs run: 12

Validation classification report:
              precision    recall  f1-score   support

  disengaged     0.2452    0.4578    0.3193       166
     engaged     0.9196    0.8147    0.8640      1263

    accuracy                         0.7733      1429
   macro avg     0.5824    0.6363    0.5917      1429
weighted avg     0.8412    0.7733    0.8007      1429

Confusion matrix (rows: actual, columns: predicted):
[[  76   90]
 [ 234 1029]]
Epoch 1/50 | train loss: 0.6444 | validation loss: 0.6678 | validation accuracy: 0.7761 | validation AP: 0.2248[I 2026-10-09 02:35:10,583] Trial 4 finished with value: 0.27147237601328184 and parameters: {'hidden_size': 70, 'num_layers': 1, 'dropout': 0.0, 'learning_rate': 0.0069782812651260325, 'batch_size': 64}. Best is trial 0 with value: 0.28733379759108413.
[I 2026-10-09 02:36:37,873] Trial 5 finished with value: 0.27387461695447857 and parameters: {'hidden_size': 48, 'num_layers': 1, 'dropout': 0.0, 'learning_rate': 0.0040215545266902904, 'batch_size': 16}. Best is trial 0 with value: 0.28733379759108413.

Epoch 2/50 | train loss: 0.5992 | validation loss: 0.6902 | validation accuracy: 0.7404 | validation AP: 0.2276
Epoch 3/50 | train loss: 0.5988 | validation loss: 0.6508 | validation accuracy: 0.7229 | validation AP: 0.2623
Epoch 4/50 | train loss: 0.5881 | validation loss: 0.6411 | validation accuracy: 0.7019 | validation AP: 0.2626
Epoch 5/50 | train loss: 0.5741 | validation loss: 0.6693 | validation accuracy: 0.7271 | validation AP: 0.2422
Epoch 6/50 | train loss: 0.555 | validation loss: 0.6853 | validation accuracy: 0.7579 | validation AP: 0.2448
Epoch 7/50 | train loss: 0.5441 | validation loss: 0.7414 | validation accuracy: 0.7908 | validation AP: 0.238
Epoch 8/50 | train loss: 0.564 | validation loss: 0.7422 | validation accuracy: 0.7873 | validation AP: 0.2546
Stopping at epoch 8: validation AP has not improved for 4 epochs.
Best epoch: 4 | validation AP: 0.2626 | epochs run: 8

Validation classification report:
              precision    recall  f1-score   support

  disengaged     0.2149    0.5904    0.3151       166
     engaged     0.9301    0.7165    0.8095      1263

    accuracy                         0.7019      1429
   macro avg     0.5725    0.6535    0.5623      1429
weighted avg     0.8470    0.7019    0.7521      1429

Confusion matrix (rows: actual, columns: predicted):
[[ 98  68]
 [358 905]]
Epoch 1/50 | train loss: 0.6613 | validation loss: 0.7311 | validation accuracy: 0.8111 | validation AP: 0.2377
Epoch 2/50 | train loss: 0.6114 | validation loss: 0.64 | validation accuracy: 0.5976 | validation AP: 0.2732
Epoch 3/50 | train loss: 0.6005 | validation loss: 0.6662 | validation accuracy: 0.7446 | validation AP: 0.2843
Epoch 4/50 | train loss: 0.587 | validation loss: 0.6476 | validation accuracy: 0.7243 | validation AP: 0.2586
Epoch 5/50 | train loss: 0.5764 | validation loss: 0.6117 | validation accuracy: 0.6711 | validation AP: 0.2763
Epoch 6/50 | train loss: 0.5504 | validation loss: 0.6111 | validation accuracy: 0.6053 | validation AP: 0.254
Epoch 7/50 | train loss: 0.5497 | validation loss: 0.746 | validation accuracy: 0.6949 | validation AP: 0.2418
Stopping at epoch 7: validation AP has not improved for 4 epochs.
Best epoch: 3 | validation AP: 0.2843 | epochs run: 7

Validation classification report:
              precision    recall  f1-score   support

  disengaged     0.2361    0.5361    0.3278       166
     engaged     0.9268    0.7720    0.8423      1263

    accuracy                         0.7446      1429
   macro avg     0.5814    0.6541    0.5851      1429
weighted avg     0.8466    0.7446    0.7826      1429

Confusion matrix (rows: actual, columns: predicted):
[[ 89  77]
 [288 975]]
Epoch 1/50 | train loss: 0.619 | validation loss: 0.7079 | validation accuracy: 0.8502 | validation AP: 0.2067
Epoch 2/50 | train loss: 0.5645 | validation loss: 0.8347 | validation accuracy: 0.8593 | validation AP: 0.2214
Epoch 3/50 | train loss: 0.5508 | validation loss: 0.7216 | validation accuracy: 0.8048 | validation AP: 0.219
Epoch 4/50 | train loss: 0.5522 | validation loss: 0.7078 | validation accuracy: 0.816 | validation AP: 0.2676
Epoch 5/50 | train loss: 0.5351 | validation loss: 0.7048 | validation accuracy: 0.83 | validation AP: 0.2557
Epoch 6/50 | train loss: 0.5147 | validation loss: 0.8231 | validation accuracy: 0.8495 | validation AP: 0.2286
Epoch 7/50 | train loss: 0.5119 | validation loss: 0.6874 | validation accuracy: 0.7789 | validation AP: 0.2715
Epoch 8/50 | train loss: 0.5002 | validation loss: 0.858 | validation accuracy: 0.8223 | validation AP: 0.2437
Epoch 9/50 | train loss: 0.4975 | validation loss: 0.7068 | validation accuracy: 0.7453 | validation AP: 0.2275
Epoch 10/50 | train loss: 0.5008 | validation loss: 0.7493 | validation accuracy: 0.7509 | validation AP: 0.231
Epoch 11/50 | train loss: 0.4865 | validation loss: 0.8034 | validation accuracy: 0.8104 | validation AP: 0.2614
Stopping at epoch 11: validation AP has not improved for 4 epochs.
Best epoch: 7 | validation AP: 0.2715 | epochs run: 11

Validation classification report:
              precision    recall  f1-score   support

  disengaged     0.2656    0.5120    0.3498       166
     engaged     0.9270    0.8139    0.8668      1263

    accuracy                         0.7789      1429
   macro avg     0.5963    0.6630    0.6083      1429
weighted avg     0.8501    0.7789    0.8067      1429

Confusion matrix (rows: actual, columns: predicted):
[[  85   81]
 [ 235 1028]]
Epoch 1/50 | train loss: 0.6183 | validation loss: 0.7618 | validation accuracy: 0.86 | validation AP: 0.202
Epoch 2/50 | train loss: 0.5657 | validation loss: 0.7077 | validation accuracy: 0.8195 | validation AP: 0.2331
Epoch 3/50 | train loss: 0.5697 | validation loss: 0.6822 | validation accuracy: 0.8244 | validation AP: 0.2561
Epoch 4/50 | train loss: 0.5341 | validation loss: 0.7158 | validation accuracy: 0.8062 | validation AP: 0.2443
Epoch 5/50 | train loss: 0.5354 | validation loss: 0.7392 | validation accuracy: 0.8202 | validation AP: 0.2582
Epoch 6/50 | train loss: 0.5301 | validation loss: 0.6696 | validation accuracy: 0.76 | validation AP: 0.2674
Epoch 7/50 | train loss: 0.5209 | validation loss: 0.6842 | validation accuracy: 0.7789 | validation AP: 0.2555
Epoch 8/50 | train loss: 0.5095 | validation loss: 0.7153 | validation accuracy: 0.8132 | validation AP: 0.2695
Epoch 9/50 | train loss: 0.4924 | validation loss: 0.7436 | validation accuracy: 0.7621 | validation AP: 0.2177
Epoch 10/50 | train loss: 0.502 | validation loss: 0.7119 | validation accuracy: 0.7796 | validation AP: 0.2421
Epoch 11/50 | train loss: 0.4877 | validation loss: 0.8601 | validation accuracy: 0.8069 | validation AP: 0.2096
Epoch 12/50 | train loss: 0.4931 | validation loss: 0.6753 | validation accuracy: 0.6998 | validation AP: 0.2127
Stopping at epoch 12: validation AP has not improved for 4 epochs.
Best epoch: 8 | validation AP: 0.2695 | epochs run: 12

Validation classification report:
              precision    recall  f1-score   support

  disengaged     0.2735    0.3675    0.3136       166
     engaged     0.9129    0.8717    0.8919      1263

    accuracy                         0.8132      1429
   macro avg     0.5932    0.6196    0.6027      1429
weighted avg     0.8387    0.8132    0.8247      1429

Confusion matrix (rows: actual, columns: predicted):
[[  61  105]
 [ 162 1101]]
Epoch 1/50 | train loss: 0.6059 | validation loss: 0.7118 | validation accuracy: 0.8125 | validation AP: 0.1969
Epoch 2/50 | train loss: 0.5689 | validation loss: 0.6536 | validation accuracy: 0.7481 | validation AP: 0.2806
Epoch 3/50 | train loss: 0.5479 | validation loss: 0.7218 | validation accuracy: 0.8118 | validation AP: 0.2674
Epoch 4/50 | train loss: 0.5361 | validation loss: 0.6527 | validation accuracy: 0.6991 | validation AP: 0.2071
Epoch 5/50 | train loss: 0.5274 | validation loss: 0.6573 | validation accuracy: 0.7761 | validation AP: 0.2616
Epoch 6/50 | train loss: 0.5144 | validation loss: 0.6719 | validation accuracy: 0.788 | validation AP: 0.2498
Stopping at epoch 6: validation AP has not improved for 4 epochs.
Best epoch: 2 | validation AP: 0.2806 | epochs run: 6

Validation classification report:
              precision    recall  f1-score   support

  disengaged     0.2320    0.5060    0.3182       166
     engaged     0.9231    0.7799    0.8455      1263

    accuracy                         0.7481      1429
   macro avg     0.5776    0.6430    0.5818      1429
weighted avg     0.8429    0.7481    0.7842      1429

Confusion matrix (rows: actual, columns: predicted):
[[ 84  82]
 [278 985]]
Epoch 1/50 | train loss: 0.5984 | validation loss: 0.7624 | validation accuracy: 0.8838 | validation AP: 0.1274
Epoch 2/50 | train loss: 0.516 | validation loss: 0.7753 | validation accuracy: 0.8796 | validation AP: 0.1342
Epoch 3/50 | train loss: 0.5126 | validation loss: 0.7557 | validation accuracy: 0.8467 | validation AP: 0.1443
Epoch 4/50 | train loss: 0.5101 | validation loss: 0.7203 | validation accuracy: 0.8139 | validation AP: 0.1525
Epoch 5/50 | train loss: 0.4888 | validation loss: 0.7136 | validation accuracy: 0.8097 | validation AP: 0.1625
Epoch 6/50 | train loss: 0.4867 | validation loss: 0.7388 | validation accuracy: 0.8334 | validation AP: 0.1811[I 2026-10-09 02:43:02,599] Trial 6 finished with value: 0.25165055018116417 and parameters: {'hidden_size': 20, 'num_layers': 3, 'dropout': 0.1, 'learning_rate': 0.0001705053926026929, 'batch_size': 8}. Best is trial 0 with value: 0.28733379759108413.

Epoch 7/50 | train loss: 0.4836 | validation loss: 0.696 | validation accuracy: 0.7971 | validation AP: 0.1875
Epoch 8/50 | train loss: 0.4715 | validation loss: 0.7518 | validation accuracy: 0.8572 | validation AP: 0.2122
Epoch 9/50 | train loss: 0.4695 | validation loss: 0.6885 | validation accuracy: 0.8223 | validation AP: 0.2134
Epoch 10/50 | train loss: 0.4605 | validation loss: 0.6685 | validation accuracy: 0.823 | validation AP: 0.2192
Epoch 11/50 | train loss: 0.4533 | validation loss: 0.7136 | validation accuracy: 0.8383 | validation AP: 0.2171
Epoch 12/50 | train loss: 0.4589 | validation loss: 0.7397 | validation accuracy: 0.8467 | validation AP: 0.2281
Epoch 13/50 | train loss: 0.4577 | validation loss: 0.7001 | validation accuracy: 0.83 | validation AP: 0.2291
Epoch 14/50 | train loss: 0.4503 | validation loss: 0.6842 | validation accuracy: 0.8334 | validation AP: 0.2373
Epoch 15/50 | train loss: 0.4521 | validation loss: 0.7109 | validation accuracy: 0.8146 | validation AP: 0.2334
Epoch 16/50 | train loss: 0.4449 | validation loss: 0.687 | validation accuracy: 0.8139 | validation AP: 0.2396
Epoch 17/50 | train loss: 0.4352 | validation loss: 0.6996 | validation accuracy: 0.8174 | validation AP: 0.2375
Epoch 18/50 | train loss: 0.4365 | validation loss: 0.7038 | validation accuracy: 0.802 | validation AP: 0.2347
Epoch 19/50 | train loss: 0.4349 | validation loss: 0.7262 | validation accuracy: 0.8118 | validation AP: 0.2389
Epoch 20/50 | train loss: 0.4374 | validation loss: 0.8025 | validation accuracy: 0.86 | validation AP: 0.2549
Epoch 21/50 | train loss: 0.4369 | validation loss: 0.7579 | validation accuracy: 0.8321 | validation AP: 0.2455
Epoch 22/50 | train loss: 0.4239 | validation loss: 0.7673 | validation accuracy: 0.8481 | validation AP: 0.2496
Epoch 23/50 | train loss: 0.4263 | validation loss: 0.7187 | validation accuracy: 0.8223 | validation AP: 0.2388
Epoch 24/50 | train loss: 0.4259 | validation loss: 0.7794 | validation accuracy: 0.8495 | validation AP: 0.2388
Stopping at epoch 24: validation AP has not improved for 4 epochs.
Best epoch: 20 | validation AP: 0.2549 | epochs run: 24

Validation classification report:
              precision    recall  f1-score   support

  disengaged     0.3152    0.1747    0.2248       166
     engaged     0.8975    0.9501    0.9231      1263

    accuracy                         0.8600      1429
   macro avg     0.6064    0.5624    0.5739      1429
weighted avg     0.8299    0.8600    0.8420      1429

Confusion matrix (rows: actual, columns: predicted):
[[  29  137]
 [  63 1200]]
Epoch 1/50 | train loss: 0.5951 | validation loss: 0.7355 | validation accuracy: 0.8838 | validation AP: 0.1727
Epoch 2/50 | train loss: 0.5262 | validation loss: 0.7167 | validation accuracy: 0.8761 | validation AP: 0.1699
Epoch 3/50 | train loss: 0.5153 | validation loss: 0.6826 | validation accuracy: 0.8362 | validation AP: 0.1747
Epoch 4/50 | train loss: 0.4897 | validation loss: 0.6861 | validation accuracy: 0.8272 | validation AP: 0.1923
Epoch 5/50 | train loss: 0.4794 | validation loss: 0.6804 | validation accuracy: 0.823 | validation AP: 0.1991
Epoch 6/50 | train loss: 0.4659 | validation loss: 0.6685 | validation accuracy: 0.8062 | validation AP: 0.1975
Epoch 7/50 | train loss: 0.4669 | validation loss: 0.693 | validation accuracy: 0.8153 | validation AP: 0.2046
Epoch 8/50 | train loss: 0.456 | validation loss: 0.7003 | validation accuracy: 0.809 | validation AP: 0.198
Epoch 9/50 | train loss: 0.4525 | validation loss: 0.6592 | validation accuracy: 0.7915 | validation AP: 0.2006
Epoch 10/50 | train loss: 0.46 | validation loss: 0.6727 | validation accuracy: 0.8062 | validation AP: 0.205
Epoch 11/50 | train loss: 0.4553 | validation loss: 0.7036 | validation accuracy: 0.8118 | validation AP: 0.2113
Epoch 12/50 | train loss: 0.4465 | validation loss: 0.6646 | validation accuracy: 0.7824 | validation AP: 0.2041
Epoch 13/50 | train loss: 0.4436 | validation loss: 0.7068 | validation accuracy: 0.8069 | validation AP: 0.2161
Epoch 14/50 | train loss: 0.4525 | validation loss: 0.7107 | validation accuracy: 0.8062 | validation AP: 0.2188
Epoch 15/50 | train loss: 0.4457 | validation loss: 0.7246 | validation accuracy: 0.8139 | validation AP: 0.222
Epoch 16/50 | train loss: 0.4343 | validation loss: 0.6832 | validation accuracy: 0.7908 | validation AP: 0.219
Epoch 17/50 | train loss: 0.4415 | validation loss: 0.7336 | validation accuracy: 0.8153 | validation AP: 0.2305
Epoch 18/50 | train loss: 0.4481 | validation loss: 0.7387 | validation accuracy: 0.8237 | validation AP: 0.2327
Epoch 19/50 | train loss: 0.4383 | validation loss: 0.6916 | validation accuracy: 0.8069 | validation AP: 0.2368
Epoch 20/50 | train loss: 0.4279 | validation loss: 0.7199 | validation accuracy: 0.8041 | validation AP: 0.2364
Epoch 21/50 | train loss: 0.4324 | validation loss: 0.7293 | validation accuracy: 0.8132 | validation AP: 0.2383
Epoch 22/50 | train loss: 0.4325 | validation loss: 0.7529 | validation accuracy: 0.8223 | validation AP: 0.2381
Epoch 23/50 | train loss: 0.4235 | validation loss: 0.7223 | validation accuracy: 0.8188 | validation AP: 0.2288
Epoch 24/50 | train loss: 0.4312 | validation loss: 0.7149 | validation accuracy: 0.8104 | validation AP: 0.233
Epoch 25/50 | train loss: 0.4274 | validation loss: 0.7333 | validation accuracy: 0.8216 | validation AP: 0.2342
Stopping at epoch 25: validation AP has not improved for 4 epochs.
Best epoch: 21 | validation AP: 0.2383 | epochs run: 25

Validation classification report:
              precision    recall  f1-score   support

  disengaged     0.2560    0.3193    0.2842       166
     engaged     0.9075    0.8781    0.8926      1263

    accuracy                         0.8132      1429
   macro avg     0.5818    0.5987    0.5884      1429
weighted avg     0.8318    0.8132    0.8219      1429

Confusion matrix (rows: actual, columns: predicted):
[[  53  113]
 [ 154 1109]]
Epoch 1/50 | train loss: 0.5776 | validation loss: 0.7469 | validation accuracy: 0.8838 | validation AP: 0.1529
Epoch 2/50 | train loss: 0.532 | validation loss: 0.7141 | validation accuracy: 0.8824 | validation AP: 0.1599
Epoch 3/50 | train loss: 0.5136 | validation loss: 0.7289 | validation accuracy: 0.8698 | validation AP: 0.1858
Epoch 4/50 | train loss: 0.4942 | validation loss: 0.6492 | validation accuracy: 0.8188 | validation AP: 0.2089
Epoch 5/50 | train loss: 0.4662 | validation loss: 0.6613 | validation accuracy: 0.8328 | validation AP: 0.2381
Epoch 6/50 | train loss: 0.4598 | validation loss: 0.7017 | validation accuracy: 0.8237 | validation AP: 0.2323
Epoch 7/50 | train loss: 0.4567 | validation loss: 0.6942 | validation accuracy: 0.8202 | validation AP: 0.2452
Epoch 8/50 | train loss: 0.4506 | validation loss: 0.7103 | validation accuracy: 0.8293 | validation AP: 0.2539
Epoch 9/50 | train loss: 0.4466 | validation loss: 0.7674 | validation accuracy: 0.8558 | validation AP: 0.257
Epoch 10/50 | train loss: 0.4561 | validation loss: 0.7264 | validation accuracy: 0.846 | validation AP: 0.2618
Epoch 11/50 | train loss: 0.4431 | validation loss: 0.7216 | validation accuracy: 0.8341 | validation AP: 0.2529
Epoch 12/50 | train loss: 0.4379 | validation loss: 0.7378 | validation accuracy: 0.8328 | validation AP: 0.2563
Epoch 13/50 | train loss: 0.4407 | validation loss: 0.7544 | validation accuracy: 0.8348 | validation AP: 0.2479
Epoch 14/50 | train loss: 0.4375 | validation loss: 0.7083 | validation accuracy: 0.8111 | validation AP: 0.2357
Stopping at epoch 14: validation AP has not improved for 4 epochs.
Best epoch: 10 | validation AP: 0.2618 | epochs run: 14

Validation classification report:
              precision    recall  f1-score   support

  disengaged     0.3015    0.2470    0.2715       166
     engaged     0.9033    0.9248    0.9139      1263

    accuracy                         0.8460      1429
   macro avg     0.6024    0.5859    0.5927      1429
weighted avg     0.8334    0.8460    0.8393      1429

Confusion matrix (rows: actual, columns: predicted):
[[  41  125]
 [  95 1168]]
Epoch 1/50 | train loss: 0.6418 | validation loss: 0.6709 | validation accuracy: 0.7922 | validation AP: 0.2473[I 2026-10-09 02:43:35,559] Trial 7 finished with value: 0.27957909254587066 and parameters: {'hidden_size': 40, 'num_layers': 1, 'dropout': 0.1, 'learning_rate': 0.0026698666742744613, 'batch_size': 32}. Best is trial 0 with value: 0.28733379759108413.

Epoch 2/50 | train loss: 0.5965 | validation loss: 0.7023 | validation accuracy: 0.7768 | validation AP: 0.2235
Epoch 3/50 | train loss: 0.581 | validation loss: 0.6451 | validation accuracy: 0.7614 | validation AP: 0.2557
Epoch 4/50 | train loss: 0.5759 | validation loss: 0.6758 | validation accuracy: 0.7432 | validation AP: 0.2181
Epoch 5/50 | train loss: 0.56 | validation loss: 0.7049 | validation accuracy: 0.8069 | validation AP: 0.2515
Epoch 6/50 | train loss: 0.5435 | validation loss: 0.7698 | validation accuracy: 0.8265 | validation AP: 0.2509
Epoch 7/50 | train loss: 0.5452 | validation loss: 0.6949 | validation accuracy: 0.7712 | validation AP: 0.269
Epoch 8/50 | train loss: 0.5326 | validation loss: 0.7576 | validation accuracy: 0.8006 | validation AP: 0.2568
Epoch 9/50 | train loss: 0.5218 | validation loss: 0.7439 | validation accuracy: 0.7691 | validation AP: 0.2203
Epoch 10/50 | train loss: 0.5344 | validation loss: 0.7191 | validation accuracy: 0.7369 | validation AP: 0.2164
Epoch 11/50 | train loss: 0.5269 | validation loss: 0.7898 | validation accuracy: 0.7852 | validation AP: 0.2251
Stopping at epoch 11: validation AP has not improved for 4 epochs.
Best epoch: 7 | validation AP: 0.269 | epochs run: 11

Validation classification report:
              precision    recall  f1-score   support

  disengaged     0.2412    0.4518    0.3145       166
     engaged     0.9186    0.8131    0.8627      1263

    accuracy                         0.7712      1429
   macro avg     0.5799    0.6325    0.5886      1429
weighted avg     0.8399    0.7712    0.7990      1429

Confusion matrix (rows: actual, columns: predicted):
[[  75   91]
 [ 236 1027]]
Epoch 1/50 | train loss: 0.6336 | validation loss: 0.6942 | validation accuracy: 0.7691 | validation AP: 0.219
Epoch 2/50 | train loss: 0.5839 | validation loss: 0.6684 | validation accuracy: 0.732 | validation AP: 0.2561
Epoch 3/50 | train loss: 0.5826 | validation loss: 0.7077 | validation accuracy: 0.7502 | validation AP: 0.2543
Epoch 4/50 | train loss: 0.5617 | validation loss: 0.6491 | validation accuracy: 0.7306 | validation AP: 0.2742
Epoch 5/50 | train loss: 0.5511 | validation loss: 0.6863 | validation accuracy: 0.7593 | validation AP: 0.2763
Epoch 6/50 | train loss: 0.5452 | validation loss: 0.6837 | validation accuracy: 0.7166 | validation AP: 0.2385
Epoch 7/50 | train loss: 0.5393 | validation loss: 0.7037 | validation accuracy: 0.7747 | validation AP: 0.2542
Epoch 8/50 | train loss: 0.5285 | validation loss: 0.7731 | validation accuracy: 0.7873 | validation AP: 0.2472
Epoch 9/50 | train loss: 0.5181 | validation loss: 0.7437 | validation accuracy: 0.7292 | validation AP: 0.2327
Stopping at epoch 9: validation AP has not improved for 4 epochs.
Best epoch: 5 | validation AP: 0.2763 | epochs run: 9

Validation classification report:
              precision    recall  f1-score   support

  disengaged     0.2457    0.5181    0.3333       166
     engaged     0.9259    0.7910    0.8531      1263

    accuracy                         0.7593      1429
   macro avg     0.5858    0.6545    0.5932      1429
weighted avg     0.8468    0.7593    0.7927      1429

Confusion matrix (rows: actual, columns: predicted):
[[ 86  80]
 [264 999]]
Epoch 1/50 | train loss: 0.649 | validation loss: 0.716 | validation accuracy: 0.8167 | validation AP: 0.228
Epoch 2/50 | train loss: 0.5969 | validation loss: 0.6819 | validation accuracy: 0.7089 | validation AP: 0.2934
Epoch 3/50 | train loss: 0.5835 | validation loss: 0.6966 | validation accuracy: 0.7481 | validation AP: 0.2604
Epoch 4/50 | train loss: 0.5564 | validation loss: 0.6851 | validation accuracy: 0.7446 | validation AP: 0.2266
Epoch 5/50 | train loss: 0.5606 | validation loss: 0.6894 | validation accuracy: 0.7817 | validation AP: 0.2522
Epoch 6/50 | train loss: 0.5453 | validation loss: 0.6334 | validation accuracy: 0.69 | validation AP: 0.2386
Stopping at epoch 6: validation AP has not improved for 4 epochs.
Best epoch: 2 | validation AP: 0.2934 | epochs run: 6

Validation classification report:
              precision    recall  f1-score   support

  disengaged     0.1995    0.5000    0.2852       166
     engaged     0.9181    0.7363    0.8172      1263

    accuracy                         0.7089      1429
   macro avg     0.5588    0.6182    0.5512      1429
weighted avg     0.8346    0.7089    0.7554      1429

Confusion matrix (rows: actual, columns: predicted):
[[ 83  83]
 [333 930]]
Epoch 1/50 | train loss: 0.541 | validation loss: 0.684 | validation accuracy: 0.8649 | validation AP: 0.2309
Epoch 2/50 | train loss: 0.4899 | validation loss: 0.7585 | validation accuracy: 0.8789 | validation AP: 0.2718
Epoch 3/50 | train loss: 0.4847 | validation loss: 0.6954 | validation accuracy: 0.83 | validation AP: 0.2116
Epoch 4/50 | train loss: 0.4912 | validation loss: 0.6392 | validation accuracy: 0.8488 | validation AP: 0.2725
Epoch 5/50 | train loss: 0.4712 | validation loss: 0.7039 | validation accuracy: 0.8453 | validation AP: 0.2224
Epoch 6/50 | train loss: 0.4693 | validation loss: 0.7299 | validation accuracy: 0.8803 | validation AP: 0.263
Epoch 7/50 | train loss: 0.4601 | validation loss: 0.7324 | validation accuracy: 0.846 | validation AP: 0.2556
Epoch 8/50 | train loss: 0.4507 | validation loss: 0.8594 | validation accuracy: 0.8705 | validation AP: 0.2527
Stopping at epoch 8: validation AP has not improved for 4 epochs.
Best epoch: 4 | validation AP: 0.2725 | epochs run: 8

Validation classification report:
              precision    recall  f1-score   support

  disengaged     0.3047    0.2349    0.2653       166
     engaged     0.9024    0.9295    0.9158      1263

    accuracy                         0.8488      1429
   macro avg     0.6035    0.5822    0.5905      1429
weighted avg     0.8330    0.8488    0.8402      1429

Confusion matrix (rows: actual, columns: predicted):
[[  39  127]
 [  89 1174]]
Epoch 1/50 | train loss: 0.5318 | validation loss: 0.7875 | validation accuracy: 0.8775 | validation AP: 0.1995
Epoch 2/50 | train loss: 0.4936 | validation loss: 0.6994 | validation accuracy: 0.8425 | validation AP: 0.2173
Epoch 3/50 | train loss: 0.4882 | validation loss: 0.6619 | validation accuracy: 0.8572 | validation AP: 0.237
Epoch 4/50 | train loss: 0.4756 | validation loss: 0.7418 | validation accuracy: 0.8495 | validation AP: 0.2455
Epoch 5/50 | train loss: 0.4629 | validation loss: 0.7406 | validation accuracy: 0.8579 | validation AP: 0.2705
Epoch 6/50 | train loss: 0.461 | validation loss: 0.6836 | validation accuracy: 0.8258 | validation AP: 0.2575
Epoch 7/50 | train loss: 0.4505 | validation loss: 0.7795 | validation accuracy: 0.83 | validation AP: 0.2358
Epoch 8/50 | train loss: 0.4478 | validation loss: 0.6949 | validation accuracy: 0.8425 | validation AP: 0.2466
Epoch 9/50 | train loss: 0.4398 | validation loss: 0.7298 | validation accuracy: 0.7621 | validation AP: 0.2086
Stopping at epoch 9: validation AP has not improved for 4 epochs.
Best epoch: 5 | validation AP: 0.2705 | epochs run: 9

Validation classification report:
              precision    recall  f1-score   support

  disengaged     0.3168    0.1928    0.2397       166
     engaged     0.8991    0.9454    0.9217      1263

    accuracy                         0.8579      1429
   macro avg     0.6080    0.5691    0.5807      1429
weighted avg     0.8315    0.8579    0.8424      1429

Confusion matrix (rows: actual, columns: predicted):
[[  32  134]
 [  69 1194]]
Epoch 1/50 | train loss: 0.5226 | validation loss: 0.6458 | validation accuracy: 0.8237 | validation AP: 0.2182
Epoch 2/50 | train loss: 0.4956 | validation loss: 0.6617 | validation accuracy: 0.8048 | validation AP: 0.291
Epoch 3/50 | train loss: 0.4848 | validation loss: 0.7192 | validation accuracy: 0.8411 | validation AP: 0.2705
Epoch 4/50 | train loss: 0.4793 | validation loss: 0.6562 | validation accuracy: 0.8495 | validation AP: 0.2603
Epoch 5/50 | train loss: 0.4577 | validation loss: 0.6968 | validation accuracy: 0.8341 | validation AP: 0.2471
Epoch 6/50 | train loss: 0.4558 | validation loss: 0.6792 | validation accuracy: 0.8328 | validation AP: 0.2574
Stopping at epoch 6: validation AP has not improved for 4 epochs.[I 2026-10-09 02:45:37,431] Trial 8 finished with value: 0.27797922664428376 and parameters: {'hidden_size': 66, 'num_layers': 2, 'dropout': 0.25, 'learning_rate': 0.0010402587615883842, 'batch_size': 8}. Best is trial 0 with value: 0.28733379759108413.
[I 2026-10-09 02:46:03,733] Trial 9 finished with value: 0.2581570478883594 and parameters: {'hidden_size': 33, 'num_layers': 1, 'dropout': 0.1, 'learning_rate': 0.005532496914298506, 'batch_size': 32}. Best is trial 0 with value: 0.28733379759108413.

Best epoch: 2 | validation AP: 0.291 | epochs run: 6

Validation classification report:
              precision    recall  f1-score   support

  disengaged     0.2731    0.4096    0.3277       166
     engaged     0.9169    0.8567    0.8858      1263

    accuracy                         0.8048      1429
   macro avg     0.5950    0.6332    0.6068      1429
weighted avg     0.8422    0.8048    0.8210      1429

Confusion matrix (rows: actual, columns: predicted):
[[  68   98]
 [ 181 1082]]
Epoch 1/50 | train loss: 0.6408 | validation loss: 0.6924 | validation accuracy: 0.7845 | validation AP: 0.2136
Epoch 2/50 | train loss: 0.5965 | validation loss: 0.7612 | validation accuracy: 0.8293 | validation AP: 0.2423
Epoch 3/50 | train loss: 0.5866 | validation loss: 0.6963 | validation accuracy: 0.7558 | validation AP: 0.269
Epoch 4/50 | train loss: 0.57 | validation loss: 0.7376 | validation accuracy: 0.7992 | validation AP: 0.2595
Epoch 5/50 | train loss: 0.5497 | validation loss: 0.749 | validation accuracy: 0.8006 | validation AP: 0.2414
Epoch 6/50 | train loss: 0.5624 | validation loss: 0.7809 | validation accuracy: 0.8376 | validation AP: 0.2572
Epoch 7/50 | train loss: 0.5399 | validation loss: 0.7425 | validation accuracy: 0.7901 | validation AP: 0.2463
Stopping at epoch 7: validation AP has not improved for 4 epochs.
Best epoch: 3 | validation AP: 0.269 | epochs run: 7

Validation classification report:
              precision    recall  f1-score   support

  disengaged     0.2393    0.5060    0.3250       166
     engaged     0.9239    0.7886    0.8509      1263

    accuracy                         0.7558      1429
   macro avg     0.5816    0.6473    0.5879      1429
weighted avg     0.8444    0.7558    0.7898      1429

Confusion matrix (rows: actual, columns: predicted):
[[ 84  82]
 [267 996]]
Epoch 1/50 | train loss: 0.6338 | validation loss: 0.701 | validation accuracy: 0.774 | validation AP: 0.2154
Epoch 2/50 | train loss: 0.5839 | validation loss: 0.6527 | validation accuracy: 0.7488 | validation AP: 0.2274
Epoch 3/50 | train loss: 0.5889 | validation loss: 0.7039 | validation accuracy: 0.7957 | validation AP: 0.2422
Epoch 4/50 | train loss: 0.5582 | validation loss: 0.7139 | validation accuracy: 0.7789 | validation AP: 0.2125
Epoch 5/50 | train loss: 0.5554 | validation loss: 0.6902 | validation accuracy: 0.7628 | validation AP: 0.2361
Epoch 6/50 | train loss: 0.5368 | validation loss: 0.7186 | validation accuracy: 0.7831 | validation AP: 0.2225
Epoch 7/50 | train loss: 0.5281 | validation loss: 0.8002 | validation accuracy: 0.7985 | validation AP: 0.2064
Stopping at epoch 7: validation AP has not improved for 4 epochs.
Best epoch: 3 | validation AP: 0.2422 | epochs run: 7

Validation classification report:
              precision    recall  f1-score   support

  disengaged     0.2480    0.3735    0.2981       166
     engaged     0.9118    0.8511    0.8804      1263

    accuracy                         0.7957      1429
   macro avg     0.5799    0.6123    0.5893      1429
weighted avg     0.8347    0.7957    0.8128      1429

Confusion matrix (rows: actual, columns: predicted):
[[  62  104]
 [ 188 1075]]
Epoch 1/50 | train loss: 0.6497 | validation loss: 0.7301 | validation accuracy: 0.8069 | validation AP: 0.1966
Epoch 2/50 | train loss: 0.6086 | validation loss: 0.6777 | validation accuracy: 0.6928 | validation AP: 0.2091
Epoch 3/50 | train loss: 0.579 | validation loss: 0.732 | validation accuracy: 0.7817 | validation AP: 0.2315
Epoch 4/50 | train loss: 0.5642 | validation loss: 0.69 | validation accuracy: 0.7544 | validation AP: 0.2112
Epoch 5/50 | train loss: 0.5708 | validation loss: 0.676 | validation accuracy: 0.7355 | validation AP: 0.2633
Epoch 6/50 | train loss: 0.5532 | validation loss: 0.6679 | validation accuracy: 0.6907 | validation AP: 0.2393
Epoch 7/50 | train loss: 0.5422 | validation loss: 0.8042 | validation accuracy: 0.753 | validation AP: 0.2129
Epoch 8/50 | train loss: 0.5234 | validation loss: 0.74 | validation accuracy: 0.7334 | validation AP: 0.2366
Epoch 9/50 | train loss: 0.5194 | validation loss: 0.8159 | validation accuracy: 0.8146 | validation AP: 0.2445
Stopping at epoch 9: validation AP has not improved for 4 epochs.
Best epoch: 5 | validation AP: 0.2633 | epochs run: 9

Validation classification report:
              precision    recall  f1-score   support

  disengaged     0.2166    0.4880    0.3000       166
     engaged     0.9194    0.7680    0.8369      1263

    accuracy                         0.7355      1429
   macro avg     0.5680    0.6280    0.5685      1429
weighted avg     0.8378    0.7355    0.7746      1429

Confusion matrix (rows: actual, columns: predicted):
[[ 81  85]
 [293 970]]
Epoch 1/50 | train loss: 0.6655 | validation loss: 0.6511 | validation accuracy: 0.6998 | validation AP: 0.2003
Epoch 2/50 | train loss: 0.6175 | validation loss: 0.6187 | validation accuracy: 0.767 | validation AP: 0.2861
Epoch 3/50 | train loss: 0.5935 | validation loss: 0.6665 | validation accuracy: 0.7194 | validation AP: 0.274
Epoch 4/50 | train loss: 0.5927 | validation loss: 0.6592 | validation accuracy: 0.7635 | validation AP: 0.2787
Epoch 5/50 | train loss: 0.5773 | validation loss: 0.6588 | validation accuracy: 0.7362 | validation AP: 0.2649
Epoch 6/50 | train loss: 0.5714 | validation loss: 0.6967 | validation accuracy: 0.7894 | validation AP: 0.2668
Stopping at epoch 6: validation AP has not improved for 4 epochs.
Best epoch: 2 | validation AP: 0.2861 | epochs run: 6

Validation classification report:
              precision    recall  f1-score   support

  disengaged     0.2661    0.5723    0.3633       166
     engaged     0.9338    0.7926    0.8574      1263

    accuracy                         0.7670      1429
   macro avg     0.5999    0.6824    0.6103      1429
weighted avg     0.8562    0.7670    0.8000      1429

Confusion matrix (rows: actual, columns: predicted):
[[  95   71]
 [ 262 1001]]
Epoch 1/50 | train loss: 0.6545 | validation loss: 0.6971 | validation accuracy: 0.7194 | validation AP: 0.1813
Epoch 2/50 | train loss: 0.6197 | validation loss: 0.6049 | validation accuracy: 0.7481 | validation AP: 0.2785
Epoch 3/50 | train loss: 0.6023 | validation loss: 0.6623 | validation accuracy: 0.7726 | validation AP: 0.2807
Epoch 4/50 | train loss: 0.5918 | validation loss: 0.5806 | validation accuracy: 0.6858 | validation AP: 0.2875
Epoch 5/50 | train loss: 0.5849 | validation loss: 0.6431 | validation accuracy: 0.7635 | validation AP: 0.2755
Epoch 6/50 | train loss: 0.5709 | validation loss: 0.6542 | validation accuracy: 0.7551 | validation AP: 0.2761
Epoch 7/50 | train loss: 0.5726 | validation loss: 0.6639 | validation accuracy: 0.7607 | validation AP: 0.2894
Epoch 8/50 | train loss: 0.5693 | validation loss: 0.7268 | validation accuracy: 0.7866 | validation AP: 0.2733
Epoch 9/50 | train loss: 0.5638 | validation loss: 0.6024 | validation accuracy: 0.6207 | validation AP: 0.2673
Epoch 10/50 | train loss: 0.5511 | validation loss: 0.7259 | validation accuracy: 0.7502 | validation AP: 0.2539
Epoch 11/50 | train loss: 0.5574 | validation loss: 0.6699 | validation accuracy: 0.7348 | validation AP: 0.2584
Stopping at epoch 11: validation AP has not improved for 4 epochs.
Best epoch: 7 | validation AP: 0.2894 | epochs run: 11

Validation classification report:
              precision    recall  f1-score   support

  disengaged     0.2500    0.5301    0.3398       166
     engaged     0.9276    0.7910    0.8538      1263

    accuracy                         0.7607      1429
   macro avg     0.5888    0.6605    0.5968      1429
weighted avg     0.8489    0.7607    0.7941      1429

Confusion matrix (rows: actual, columns: predicted):
[[ 88  78]
 [264 999]]
Epoch 1/50 | train loss: 0.6673 | validation loss: 0.7567 | validation accuracy: 0.8237 | validation AP: 0.2056
Epoch 2/50 | train loss: 0.6053 | validation loss: 0.6301 | validation accuracy: 0.6585 | validation AP: 0.2753
Epoch 3/50 | train loss: 0.592 | validation loss: 0.6635 | validation accuracy: 0.7327 | validation AP: 0.2931
Epoch 4/50 | train loss: 0.6006 | validation loss: 0.6611 | validation accuracy: 0.7579 | validation AP: 0.2527[I 2026-10-09 02:46:34,440] Trial 10 finished with value: 0.2895202069963101 and parameters: {'hidden_size': 128, 'num_layers': 3, 'dropout': 0.0, 'learning_rate': 0.0007257517601450171, 'batch_size': 64}. Best is trial 10 with value: 0.2895202069963101.
[I 2026-10-09 02:47:20,640] Trial 11 finished with value: 0.2885682679952923 and parameters: {'hidden_size': 112, 'num_layers': 3, 'dropout': 0.0, 'learning_rate': 0.0053918838636393225, 'batch_size': 64}. Best is trial 10 with value: 0.2895202069963101.

Epoch 5/50 | train loss: 0.5788 | validation loss: 0.6359 | validation accuracy: 0.704 | validation AP: 0.284
Epoch 6/50 | train loss: 0.5745 | validation loss: 0.6037 | validation accuracy: 0.6277 | validation AP: 0.2791
Epoch 7/50 | train loss: 0.5699 | validation loss: 0.6938 | validation accuracy: 0.732 | validation AP: 0.2661
Stopping at epoch 7: validation AP has not improved for 4 epochs.
Best epoch: 3 | validation AP: 0.2931 | epochs run: 7

Validation classification report:
              precision    recall  f1-score   support

  disengaged     0.2429    0.6145    0.3481       166
     engaged     0.9366    0.7482    0.8319      1263

    accuracy                         0.7327      1429
   macro avg     0.5897    0.6813    0.5900      1429
weighted avg     0.8560    0.7327    0.7757      1429

Confusion matrix (rows: actual, columns: predicted):
[[102  64]
 [318 945]]
Epoch 1/50 | train loss: 0.6832 | validation loss: 0.7219 | validation accuracy: 0.7971 | validation AP: 0.1859
Epoch 2/50 | train loss: 0.6471 | validation loss: 0.7071 | validation accuracy: 0.8509 | validation AP: 0.2855
Epoch 3/50 | train loss: 0.6129 | validation loss: 0.6184 | validation accuracy: 0.7306 | validation AP: 0.2463
Epoch 4/50 | train loss: 0.6343 | validation loss: 0.6803 | validation accuracy: 0.8111 | validation AP: 0.287
Epoch 5/50 | train loss: 0.6046 | validation loss: 0.7681 | validation accuracy: 0.8104 | validation AP: 0.1767
Epoch 6/50 | train loss: 0.6113 | validation loss: 0.7298 | validation accuracy: 0.8411 | validation AP: 0.2542
Epoch 7/50 | train loss: 0.6066 | validation loss: 0.6946 | validation accuracy: 0.8348 | validation AP: 0.2547
Epoch 8/50 | train loss: 0.5975 | validation loss: 0.7502 | validation accuracy: 0.7495 | validation AP: 0.2505
Stopping at epoch 8: validation AP has not improved for 4 epochs.
Best epoch: 4 | validation AP: 0.287 | epochs run: 8

Validation classification report:
              precision    recall  f1-score   support

  disengaged     0.2658    0.3554    0.3041       166
     engaged     0.9114    0.8709    0.8907      1263

    accuracy                         0.8111      1429
   macro avg     0.5886    0.6132    0.5974      1429
weighted avg     0.8364    0.8111    0.8225      1429

Confusion matrix (rows: actual, columns: predicted):
[[  59  107]
 [ 163 1100]]
Epoch 1/50 | train loss: 0.6784 | validation loss: 0.7062 | validation accuracy: 0.7649 | validation AP: 0.1649
Epoch 2/50 | train loss: 0.6556 | validation loss: 0.6058 | validation accuracy: 0.6571 | validation AP: 0.2359
Epoch 3/50 | train loss: 0.6314 | validation loss: 0.6534 | validation accuracy: 0.7474 | validation AP: 0.2248
Epoch 4/50 | train loss: 0.6045 | validation loss: 0.6553 | validation accuracy: 0.7782 | validation AP: 0.2544
Epoch 5/50 | train loss: 0.6477 | validation loss: 0.6315 | validation accuracy: 0.7068 | validation AP: 0.2396
Epoch 6/50 | train loss: 0.6731 | validation loss: 0.7196 | validation accuracy: 0.7131 | validation AP: 0.1336
Epoch 7/50 | train loss: 0.6539 | validation loss: 0.6232 | validation accuracy: 0.1162 | validation AP: 0.2269
Epoch 8/50 | train loss: 0.6573 | validation loss: 0.6633 | validation accuracy: 0.7845 | validation AP: 0.2578
Epoch 9/50 | train loss: 0.602 | validation loss: 0.6102 | validation accuracy: 0.7285 | validation AP: 0.2815
Epoch 10/50 | train loss: 0.6012 | validation loss: 0.6501 | validation accuracy: 0.767 | validation AP: 0.2233
Epoch 11/50 | train loss: 0.6275 | validation loss: 0.6867 | validation accuracy: 0.8279 | validation AP: 0.2117
Epoch 12/50 | train loss: 0.7037 | validation loss: 0.6699 | validation accuracy: 0.1176 | validation AP: 0.1763
Epoch 13/50 | train loss: 0.6892 | validation loss: 0.7142 | validation accuracy: 0.8565 | validation AP: 0.1749
Stopping at epoch 13: validation AP has not improved for 4 epochs.
Best epoch: 9 | validation AP: 0.2815 | epochs run: 13

Validation classification report:
              precision    recall  f1-score   support

  disengaged     0.2344    0.5904    0.3356       166
     engaged     0.9327    0.7466    0.8294      1263

    accuracy                         0.7285      1429
   macro avg     0.5836    0.6685    0.5825      1429
weighted avg     0.8516    0.7285    0.7720      1429

Confusion matrix (rows: actual, columns: predicted):
[[ 98  68]
 [320 943]]
Epoch 1/50 | train loss: 0.6801 | validation loss: 0.6932 | validation accuracy: 0.7425 | validation AP: 0.1943
Epoch 2/50 | train loss: 0.654 | validation loss: 0.6504 | validation accuracy: 0.5892 | validation AP: 0.1928
Epoch 3/50 | train loss: 0.6289 | validation loss: 0.7318 | validation accuracy: 0.8376 | validation AP: 0.2592
Epoch 4/50 | train loss: 0.6219 | validation loss: 0.7118 | validation accuracy: 0.8216 | validation AP: 0.2122
Epoch 5/50 | train loss: 0.6048 | validation loss: 0.6515 | validation accuracy: 0.7138 | validation AP: 0.2739
Epoch 6/50 | train loss: 0.5953 | validation loss: 0.6654 | validation accuracy: 0.7173 | validation AP: 0.226
Epoch 7/50 | train loss: 0.5872 | validation loss: 0.68 | validation accuracy: 0.704 | validation AP: 0.2762
Epoch 8/50 | train loss: 0.5771 | validation loss: 0.7243 | validation accuracy: 0.7908 | validation AP: 0.2792
Epoch 9/50 | train loss: 0.5796 | validation loss: 0.6867 | validation accuracy: 0.7936 | validation AP: 0.2973
Epoch 10/50 | train loss: 0.5855 | validation loss: 0.706 | validation accuracy: 0.7628 | validation AP: 0.242
Epoch 11/50 | train loss: 0.5822 | validation loss: 0.6525 | validation accuracy: 0.7628 | validation AP: 0.272
Epoch 12/50 | train loss: 0.571 | validation loss: 0.6857 | validation accuracy: 0.7572 | validation AP: 0.276
Epoch 13/50 | train loss: 0.5609 | validation loss: 0.694 | validation accuracy: 0.7439 | validation AP: 0.2811
Stopping at epoch 13: validation AP has not improved for 4 epochs.
Best epoch: 9 | validation AP: 0.2973 | epochs run: 13

Validation classification report:
              precision    recall  f1-score   support

  disengaged     0.2584    0.4157    0.3187       166
     engaged     0.9165    0.8432    0.8784      1263

    accuracy                         0.7936      1429
   macro avg     0.5875    0.6294    0.5985      1429
weighted avg     0.8401    0.7936    0.8133      1429

Confusion matrix (rows: actual, columns: predicted):
[[  69   97]
 [ 198 1065]]
Epoch 1/50 | train loss: 0.683 | validation loss: 0.6588 | validation accuracy: 0.6886 | validation AP: 0.2018
Epoch 2/50 | train loss: 0.6298 | validation loss: 0.6565 | validation accuracy: 0.7075 | validation AP: 0.2015
Epoch 3/50 | train loss: 0.6097 | validation loss: 0.6229 | validation accuracy: 0.697 | validation AP: 0.2338
Epoch 4/50 | train loss: 0.5972 | validation loss: 0.658 | validation accuracy: 0.7474 | validation AP: 0.2511
Epoch 5/50 | train loss: 0.5842 | validation loss: 0.6296 | validation accuracy: 0.7292 | validation AP: 0.2712
Epoch 6/50 | train loss: 0.5778 | validation loss: 0.6463 | validation accuracy: 0.7096 | validation AP: 0.2687
Epoch 7/50 | train loss: 0.5753 | validation loss: 0.6832 | validation accuracy: 0.7712 | validation AP: 0.2748
Epoch 8/50 | train loss: 0.5651 | validation loss: 0.6948 | validation accuracy: 0.7656 | validation AP: 0.2757
Epoch 9/50 | train loss: 0.5593 | validation loss: 0.6751 | validation accuracy: 0.739 | validation AP: 0.2587
Epoch 10/50 | train loss: 0.5628 | validation loss: 0.6773 | validation accuracy: 0.7264 | validation AP: 0.256
Epoch 11/50 | train loss: 0.5517 | validation loss: 0.7481 | validation accuracy: 0.7642 | validation AP: 0.2448
Epoch 12/50 | train loss: 0.5523 | validation loss: 0.7381 | validation accuracy: 0.7719 | validation AP: 0.2181
Stopping at epoch 12: validation AP has not improved for 4 epochs.
Best epoch: 8 | validation AP: 0.2757 | epochs run: 12

Validation classification report:
              precision    recall  f1-score   support

  disengaged     0.2447    0.4880    0.3260       166
     engaged     0.9226    0.8021    0.8581      1263

    accuracy                         0.7656      1429
   macro avg     0.5836    0.6450    0.5920      1429
weighted avg     0.8438    0.7656    0.7963      1429
[I 2026-10-09 02:48:09,662] Trial 12 finished with value: 0.2886420478329435 and parameters: {'hidden_size': 115, 'num_layers': 3, 'dropout': 0.0, 'learning_rate': 0.0002439526715325055, 'batch_size': 64}. Best is trial 10 with value: 0.2895202069963101.
[I 2026-10-09 02:48:37,736] Trial 13 finished with value: 0.2900601019752888 and parameters: {'hidden_size': 94, 'num_layers': 3, 'dropout': 0.0, 'learning_rate': 0.0005127603930017573, 'batch_size': 64}. Best is trial 13 with value: 0.2900601019752888.

Confusion matrix (rows: actual, columns: predicted):
[[  81   85]
 [ 250 1013]]
Epoch 1/50 | train loss: 0.6905 | validation loss: 0.7039 | validation accuracy: 0.7803 | validation AP: 0.1653
Epoch 2/50 | train loss: 0.6296 | validation loss: 0.6326 | validation accuracy: 0.6998 | validation AP: 0.2418
Epoch 3/50 | train loss: 0.6042 | validation loss: 0.6531 | validation accuracy: 0.7299 | validation AP: 0.2437
Epoch 4/50 | train loss: 0.5813 | validation loss: 0.6086 | validation accuracy: 0.7215 | validation AP: 0.2991
Epoch 5/50 | train loss: 0.5807 | validation loss: 0.6178 | validation accuracy: 0.7124 | validation AP: 0.2925
Epoch 6/50 | train loss: 0.5695 | validation loss: 0.659 | validation accuracy: 0.7537 | validation AP: 0.2776
Epoch 7/50 | train loss: 0.5697 | validation loss: 0.6562 | validation accuracy: 0.7404 | validation AP: 0.2817
Epoch 8/50 | train loss: 0.5683 | validation loss: 0.7242 | validation accuracy: 0.7495 | validation AP: 0.2674
Stopping at epoch 8: validation AP has not improved for 4 epochs.
Best epoch: 4 | validation AP: 0.2991 | epochs run: 8

Validation classification report:
              precision    recall  f1-score   support

  disengaged     0.2302    0.5964    0.3322       166
     engaged     0.9329    0.7379    0.8240      1263

    accuracy                         0.7215      1429
   macro avg     0.5816    0.6672    0.5781      1429
weighted avg     0.8513    0.7215    0.7669      1429

Confusion matrix (rows: actual, columns: predicted):
[[ 99  67]
 [331 932]]
Epoch 1/50 | train loss: 0.6868 | validation loss: 0.7124 | validation accuracy: 0.8558 | validation AP: 0.1881
Epoch 2/50 | train loss: 0.6341 | validation loss: 0.6905 | validation accuracy: 0.7264 | validation AP: 0.1882
Epoch 3/50 | train loss: 0.611 | validation loss: 0.6556 | validation accuracy: 0.7411 | validation AP: 0.2235
Epoch 4/50 | train loss: 0.6003 | validation loss: 0.6492 | validation accuracy: 0.7656 | validation AP: 0.2612
Epoch 5/50 | train loss: 0.5845 | validation loss: 0.5945 | validation accuracy: 0.6879 | validation AP: 0.2912
Epoch 6/50 | train loss: 0.5791 | validation loss: 0.6199 | validation accuracy: 0.6746 | validation AP: 0.2685
Epoch 7/50 | train loss: 0.5786 | validation loss: 0.6388 | validation accuracy: 0.7278 | validation AP: 0.2671
Epoch 8/50 | train loss: 0.5704 | validation loss: 0.6313 | validation accuracy: 0.683 | validation AP: 0.2834
Epoch 9/50 | train loss: 0.5718 | validation loss: 0.6684 | validation accuracy: 0.7579 | validation AP: 0.2852
Stopping at epoch 9: validation AP has not improved for 4 epochs.
Best epoch: 5 | validation AP: 0.2912 | epochs run: 9

Validation classification report:
              precision    recall  f1-score   support

  disengaged     0.2222    0.6747    0.3343       166
     engaged     0.9416    0.6896    0.7962      1263

    accuracy                         0.6879      1429
   macro avg     0.5819    0.6822    0.5652      1429
weighted avg     0.8581    0.6879    0.7425      1429

Confusion matrix (rows: actual, columns: predicted):
[[112  54]
 [392 871]]
Epoch 1/50 | train loss: 0.6733 | validation loss: 0.6615 | validation accuracy: 0.7285 | validation AP: 0.1919
Epoch 2/50 | train loss: 0.6194 | validation loss: 0.6215 | validation accuracy: 0.7089 | validation AP: 0.2333
Epoch 3/50 | train loss: 0.5915 | validation loss: 0.6214 | validation accuracy: 0.7243 | validation AP: 0.2583
Epoch 4/50 | train loss: 0.5894 | validation loss: 0.6597 | validation accuracy: 0.767 | validation AP: 0.2725
Epoch 5/50 | train loss: 0.5765 | validation loss: 0.6431 | validation accuracy: 0.7502 | validation AP: 0.2785
Epoch 6/50 | train loss: 0.5705 | validation loss: 0.6738 | validation accuracy: 0.7586 | validation AP: 0.2633
Epoch 7/50 | train loss: 0.5714 | validation loss: 0.6755 | validation accuracy: 0.7838 | validation AP: 0.2898
Epoch 8/50 | train loss: 0.556 | validation loss: 0.6833 | validation accuracy: 0.7698 | validation AP: 0.2897
Epoch 9/50 | train loss: 0.5527 | validation loss: 0.6999 | validation accuracy: 0.7691 | validation AP: 0.2465
Epoch 10/50 | train loss: 0.5601 | validation loss: 0.6504 | validation accuracy: 0.6991 | validation AP: 0.2561
Epoch 11/50 | train loss: 0.5546 | validation loss: 0.7292 | validation accuracy: 0.7712 | validation AP: 0.2527
Stopping at epoch 11: validation AP has not improved for 4 epochs.
Best epoch: 7 | validation AP: 0.2898 | epochs run: 11

Validation classification report:
              precision    recall  f1-score   support

  disengaged     0.2609    0.4699    0.3355       166
     engaged     0.9221    0.8250    0.8709      1263

    accuracy                         0.7838      1429
   macro avg     0.5915    0.6474    0.6032      1429
weighted avg     0.8453    0.7838    0.8087      1429

Confusion matrix (rows: actual, columns: predicted):
[[  78   88]
 [ 221 1042]]
Epoch 1/50 | train loss: 0.6711 | validation loss: 0.6728 | validation accuracy: 0.7369 | validation AP: 0.1981
Epoch 2/50 | train loss: 0.6237 | validation loss: 0.6058 | validation accuracy: 0.7019 | validation AP: 0.2619
Epoch 3/50 | train loss: 0.6012 | validation loss: 0.6493 | validation accuracy: 0.7474 | validation AP: 0.2686
Epoch 4/50 | train loss: 0.5833 | validation loss: 0.5955 | validation accuracy: 0.7152 | validation AP: 0.2974
Epoch 5/50 | train loss: 0.5781 | validation loss: 0.6389 | validation accuracy: 0.7586 | validation AP: 0.2849
Epoch 6/50 | train loss: 0.5647 | validation loss: 0.643 | validation accuracy: 0.7474 | validation AP: 0.2732
Epoch 7/50 | train loss: 0.5601 | validation loss: 0.6891 | validation accuracy: 0.7684 | validation AP: 0.2764
Epoch 8/50 | train loss: 0.5615 | validation loss: 0.7747 | validation accuracy: 0.7978 | validation AP: 0.2452
Stopping at epoch 8: validation AP has not improved for 4 epochs.
Best epoch: 4 | validation AP: 0.2974 | epochs run: 8

Validation classification report:
              precision    recall  f1-score   support

  disengaged     0.2352    0.6446    0.3446       166
     engaged     0.9394    0.7245    0.8181      1263

    accuracy                         0.7152      1429
   macro avg     0.5873    0.6845    0.5813      1429
weighted avg     0.8576    0.7152    0.7631      1429

Confusion matrix (rows: actual, columns: predicted):
[[107  59]
 [348 915]]
Epoch 1/50 | train loss: 0.6743 | validation loss: 0.7568 | validation accuracy: 0.8083 | validation AP: 0.1805
Epoch 2/50 | train loss: 0.6192 | validation loss: 0.6863 | validation accuracy: 0.6613 | validation AP: 0.1706
Epoch 3/50 | train loss: 0.598 | validation loss: 0.6168 | validation accuracy: 0.7075 | validation AP: 0.2829
Epoch 4/50 | train loss: 0.5965 | validation loss: 0.6638 | validation accuracy: 0.7558 | validation AP: 0.2593
Epoch 5/50 | train loss: 0.5771 | validation loss: 0.6179 | validation accuracy: 0.7089 | validation AP: 0.2829
Epoch 6/50 | train loss: 0.5703 | validation loss: 0.6118 | validation accuracy: 0.6599 | validation AP: 0.2753
Epoch 7/50 | train loss: 0.57 | validation loss: 0.6699 | validation accuracy: 0.7285 | validation AP: 0.2668
Stopping at epoch 7: validation AP has not improved for 4 epochs.
Best epoch: 3 | validation AP: 0.2829 | epochs run: 7

Validation classification report:
              precision    recall  f1-score   support

  disengaged     0.2353    0.6747    0.3489       166
     engaged     0.9433    0.7118    0.8114      1263

    accuracy                         0.7075      1429
   macro avg     0.5893    0.6932    0.5801      1429
weighted avg     0.8611    0.7075    0.7576      1429

Confusion matrix (rows: actual, columns: predicted):
[[112  54]
 [364 899]]
Epoch 1/50 | train loss: 0.6671 | validation loss: 0.6606 | validation accuracy: 0.6368 | validation AP: 0.1873
Epoch 2/50 | train loss: 0.6182 | validation loss: 0.6529 | validation accuracy: 0.7796 | validation AP: 0.2816
Epoch 3/50 | train loss: 0.5911 | validation loss: 0.7086 | validation accuracy: 0.7677 | validation AP: 0.2633
Epoch 4/50 | train loss: 0.5893 | validation loss: 0.6629 | validation accuracy: 0.7712 | validation AP: 0.2836
Epoch 5/50 | train loss: 0.574 | validation loss: 0.6872 | validation accuracy: 0.7551 | validation AP: 0.2353[I 2026-10-09 02:49:27,170] Trial 14 finished with value: 0.29516447127277345 and parameters: {'hidden_size': 118, 'num_layers': 3, 'dropout': 0.0, 'learning_rate': 0.0012243125218912502, 'batch_size': 64}. Best is trial 14 with value: 0.29516447127277345.

Epoch 6/50 | train loss: 0.5684 | validation loss: 0.6904 | validation accuracy: 0.7817 | validation AP: 0.2498
Epoch 7/50 | train loss: 0.5743 | validation loss: 0.6954 | validation accuracy: 0.7922 | validation AP: 0.2887
Epoch 8/50 | train loss: 0.5564 | validation loss: 0.7013 | validation accuracy: 0.7649 | validation AP: 0.2779
Epoch 9/50 | train loss: 0.5499 | validation loss: 0.6944 | validation accuracy: 0.76 | validation AP: 0.2572
Epoch 10/50 | train loss: 0.559 | validation loss: 0.6735 | validation accuracy: 0.6837 | validation AP: 0.2525
Epoch 11/50 | train loss: 0.5519 | validation loss: 0.7453 | validation accuracy: 0.7439 | validation AP: 0.24
Stopping at epoch 11: validation AP has not improved for 4 epochs.
Best epoch: 7 | validation AP: 0.2887 | epochs run: 11

Validation classification report:
              precision    recall  f1-score   support

  disengaged     0.2718    0.4699    0.3444       166
     engaged     0.9229    0.8345    0.8765      1263

    accuracy                         0.7922      1429
   macro avg     0.5974    0.6522    0.6104      1429
weighted avg     0.8473    0.7922    0.8147      1429

Confusion matrix (rows: actual, columns: predicted):
[[  78   88]
 [ 209 1054]]
Epoch 1/50 | train loss: 0.6508 | validation loss: 0.7031 | validation accuracy: 0.7677 | validation AP: 0.1962
Epoch 2/50 | train loss: 0.6146 | validation loss: 0.6032 | validation accuracy: 0.7404 | validation AP: 0.2993
Epoch 3/50 | train loss: 0.6105 | validation loss: 0.6417 | validation accuracy: 0.7488 | validation AP: 0.2791
Epoch 4/50 | train loss: 0.5863 | validation loss: 0.6021 | validation accuracy: 0.6991 | validation AP: 0.3009
Epoch 5/50 | train loss: 0.5747 | validation loss: 0.6421 | validation accuracy: 0.7586 | validation AP: 0.2987
Epoch 6/50 | train loss: 0.566 | validation loss: 0.6484 | validation accuracy: 0.7257 | validation AP: 0.2865
Epoch 7/50 | train loss: 0.5657 | validation loss: 0.7346 | validation accuracy: 0.7362 | validation AP: 0.2686
Epoch 8/50 | train loss: 0.5766 | validation loss: 0.7082 | validation accuracy: 0.7502 | validation AP: 0.2488
Stopping at epoch 8: validation AP has not improved for 4 epochs.
Best epoch: 4 | validation AP: 0.3009 | epochs run: 8

Validation classification report:
              precision    recall  f1-score   support

  disengaged     0.2284    0.6687    0.3405       166
     engaged     0.9417    0.7031    0.8051      1263

    accuracy                         0.6991      1429
   macro avg     0.5850    0.6859    0.5728      1429
weighted avg     0.8588    0.6991    0.7511      1429

Confusion matrix (rows: actual, columns: predicted):
[[111  55]
 [375 888]]
Epoch 1/50 | train loss: 0.6677 | validation loss: 0.7009 | validation accuracy: 0.7831 | validation AP: 0.2314
Epoch 2/50 | train loss: 0.6044 | validation loss: 0.63 | validation accuracy: 0.6186 | validation AP: 0.2372
Epoch 3/50 | train loss: 0.5985 | validation loss: 0.6432 | validation accuracy: 0.7313 | validation AP: 0.2921
Epoch 4/50 | train loss: 0.5994 | validation loss: 0.6937 | validation accuracy: 0.7873 | validation AP: 0.2447
Epoch 5/50 | train loss: 0.5784 | validation loss: 0.6066 | validation accuracy: 0.7159 | validation AP: 0.2958
Epoch 6/50 | train loss: 0.5746 | validation loss: 0.6459 | validation accuracy: 0.6599 | validation AP: 0.2306
Epoch 7/50 | train loss: 0.572 | validation loss: 0.6922 | validation accuracy: 0.7383 | validation AP: 0.2793
Epoch 8/50 | train loss: 0.5668 | validation loss: 0.6805 | validation accuracy: 0.7299 | validation AP: 0.2629
Epoch 9/50 | train loss: 0.5674 | validation loss: 0.7056 | validation accuracy: 0.7775 | validation AP: 0.2661
Stopping at epoch 9: validation AP has not improved for 4 epochs.
Best epoch: 5 | validation AP: 0.2958 | epochs run: 9

Validation classification report:
              precision    recall  f1-score   support

  disengaged     0.2297    0.6145    0.3344       166
     engaged     0.9350    0.7292    0.8194      1263

    accuracy                         0.7159      1429
   macro avg     0.5824    0.6718    0.5769      1429
weighted avg     0.8531    0.7159    0.7631      1429

Confusion matrix (rows: actual, columns: predicted):
[[102  64]
 [342 921]]
Epoch 1/50 | train loss: 0.655 | validation loss: 0.6621 | validation accuracy: 0.6837 | validation AP: 0.2156
Epoch 2/50 | train loss: 0.6158 | validation loss: 0.6281 | validation accuracy: 0.7446 | validation AP: 0.2635
Epoch 3/50 | train loss: 0.5925 | validation loss: 0.6585 | validation accuracy: 0.7194 | validation AP: 0.2511
Epoch 4/50 | train loss: 0.5921 | validation loss: 0.6557 | validation accuracy: 0.7628 | validation AP: 0.2759
Epoch 5/50 | train loss: 0.5751 | validation loss: 0.6833 | validation accuracy: 0.7586 | validation AP: 0.2586
Epoch 6/50 | train loss: 0.5735 | validation loss: 0.7048 | validation accuracy: 0.7663 | validation AP: 0.2614
Epoch 7/50 | train loss: 0.5673 | validation loss: 0.6685 | validation accuracy: 0.7775 | validation AP: 0.2872
Epoch 8/50 | train loss: 0.554 | validation loss: 0.7115 | validation accuracy: 0.7775 | validation AP: 0.2733
Epoch 9/50 | train loss: 0.5496 | validation loss: 0.6747 | validation accuracy: 0.7285 | validation AP: 0.2335
Epoch 10/50 | train loss: 0.5552 | validation loss: 0.6824 | validation accuracy: 0.6914 | validation AP: 0.2258
Epoch 11/50 | train loss: 0.5505 | validation loss: 0.7387 | validation accuracy: 0.7348 | validation AP: 0.2423
Stopping at epoch 11: validation AP has not improved for 4 epochs.
Best epoch: 7 | validation AP: 0.2872 | epochs run: 11

Validation classification report:
              precision    recall  f1-score   support

  disengaged     0.2610    0.5000    0.3430       166
     engaged     0.9253    0.8139    0.8660      1263

    accuracy                         0.7775      1429
   macro avg     0.5931    0.6570    0.6045      1429
weighted avg     0.8481    0.7775    0.8053      1429

Confusion matrix (rows: actual, columns: predicted):
[[  83   83]
 [ 235 1028]]
Epoch 1/50 | train loss: 0.6546 | validation loss: 0.6845 | validation accuracy: 0.7173 | validation AP: 0.1876
Epoch 2/50 | train loss: 0.6179 | validation loss: 0.5899 | validation accuracy: 0.7159 | validation AP: 0.3102
Epoch 3/50 | train loss: 0.6004 | validation loss: 0.6497 | validation accuracy: 0.7488 | validation AP: 0.2919
Epoch 4/50 | train loss: 0.5849 | validation loss: 0.5893 | validation accuracy: 0.7061 | validation AP: 0.3077
Epoch 5/50 | train loss: 0.5816 | validation loss: 0.631 | validation accuracy: 0.7362 | validation AP: 0.286
Epoch 6/50 | train loss: 0.5666 | validation loss: 0.6498 | validation accuracy: 0.7383 | validation AP: 0.2382
Stopping at epoch 6: validation AP has not improved for 4 epochs.
Best epoch: 2 | validation AP: 0.3102 | epochs run: 6

Validation classification report:
              precision    recall  f1-score   support

  disengaged     0.2345    0.6386    0.3430       166
     engaged     0.9386    0.7260    0.8187      1263

    accuracy                         0.7159      1429
   macro avg     0.5866    0.6823    0.5809      1429
weighted avg     0.8568    0.7159    0.7635      1429

Confusion matrix (rows: actual, columns: predicted):
[[106  60]
 [346 917]]
Epoch 1/50 | train loss: 0.6577 | validation loss: 0.7288 | validation accuracy: 0.7887 | validation AP: 0.1985
Epoch 2/50 | train loss: 0.6035 | validation loss: 0.6091 | validation accuracy: 0.6466 | validation AP: 0.2863
Epoch 3/50 | train loss: 0.6048 | validation loss: 0.6075 | validation accuracy: 0.7327 | validation AP: 0.3148
Epoch 4/50 | train loss: 0.5968 | validation loss: 0.6568 | validation accuracy: 0.76 | validation AP: 0.2755
Epoch 5/50 | train loss: 0.5791 | validation loss: 0.6112 | validation accuracy: 0.7061 | validation AP: 0.2835
Epoch 6/50 | train loss: 0.5747 | validation loss: 0.6195 | validation accuracy: 0.6207 | validation AP: 0.2103
Epoch 7/50 | train loss: 0.5728 | validation loss: 0.6621 | validation accuracy: 0.7061 | validation AP: 0.2708
Stopping at epoch 7: validation AP has not improved for 4 epochs.
Best epoch: 3 | validation AP: 0.3148 | epochs run: 7

Validation classification report:[I 2026-10-09 02:53:46,047] Trial 15 finished with value: 0.3040575370427493 and parameters: {'hidden_size': 180, 'num_layers': 2, 'dropout': 0.0, 'learning_rate': 0.0005198301471907802, 'batch_size': 64}. Best is trial 15 with value: 0.3040575370427493.
[I 2026-10-09 03:02:37,515] Trial 16 finished with value: 0.29616684024911244 and parameters: {'hidden_size': 187, 'num_layers': 2, 'dropout': 0.0, 'learning_rate': 0.000762345357059738, 'batch_size': 16}. Best is trial 15 with value: 0.3040575370427493.

              precision    recall  f1-score   support

  disengaged     0.2477    0.6386    0.3569       166
     engaged     0.9401    0.7451    0.8313      1263

    accuracy                         0.7327      1429
   macro avg     0.5939    0.6918    0.5941      1429
weighted avg     0.8596    0.7327    0.7762      1429

Confusion matrix (rows: actual, columns: predicted):
[[106  60]
 [322 941]]
Epoch 1/50 | train loss: 0.6219 | validation loss: 0.6945 | validation accuracy: 0.8244 | validation AP: 0.2332
Epoch 2/50 | train loss: 0.575 | validation loss: 0.7792 | validation accuracy: 0.8775 | validation AP: 0.2535
Epoch 3/50 | train loss: 0.5617 | validation loss: 0.7352 | validation accuracy: 0.8195 | validation AP: 0.2408
Epoch 4/50 | train loss: 0.5632 | validation loss: 0.6751 | validation accuracy: 0.8314 | validation AP: 0.2975
Epoch 5/50 | train loss: 0.5468 | validation loss: 0.6783 | validation accuracy: 0.8293 | validation AP: 0.2797
Epoch 6/50 | train loss: 0.5358 | validation loss: 0.7949 | validation accuracy: 0.8649 | validation AP: 0.2827
Epoch 7/50 | train loss: 0.5221 | validation loss: 0.6987 | validation accuracy: 0.7852 | validation AP: 0.2795
Epoch 8/50 | train loss: 0.5234 | validation loss: 0.8132 | validation accuracy: 0.8307 | validation AP: 0.2827
Stopping at epoch 8: validation AP has not improved for 4 epochs.
Best epoch: 4 | validation AP: 0.2975 | epochs run: 8

Validation classification report:
              precision    recall  f1-score   support

  disengaged     0.2781    0.2831    0.2806       166
     engaged     0.9056    0.9034    0.9045      1263

    accuracy                         0.8314      1429
   macro avg     0.5918    0.5933    0.5925      1429
weighted avg     0.8327    0.8314    0.8320      1429

Confusion matrix (rows: actual, columns: predicted):
[[  47  119]
 [ 122 1141]]
Epoch 1/50 | train loss: 0.6383 | validation loss: 0.7575 | validation accuracy: 0.881 | validation AP: 0.1577
Epoch 2/50 | train loss: 0.6301 | validation loss: 0.7277 | validation accuracy: 0.8432 | validation AP: 0.1526
Epoch 3/50 | train loss: 0.6275 | validation loss: 0.726 | validation accuracy: 0.8516 | validation AP: 0.1606
Epoch 4/50 | train loss: 0.6195 | validation loss: 0.7328 | validation accuracy: 0.8663 | validation AP: 0.1629
Epoch 5/50 | train loss: 0.622 | validation loss: 0.7138 | validation accuracy: 0.8048 | validation AP: 0.1814
Epoch 6/50 | train loss: 0.5981 | validation loss: 0.6433 | validation accuracy: 0.8195 | validation AP: 0.2986
Epoch 7/50 | train loss: 0.5901 | validation loss: 0.7426 | validation accuracy: 0.8537 | validation AP: 0.1779
Epoch 8/50 | train loss: 0.5983 | validation loss: 0.789 | validation accuracy: 0.874 | validation AP: 0.1449
Epoch 9/50 | train loss: 0.6027 | validation loss: 0.7462 | validation accuracy: 0.781 | validation AP: 0.1473
Epoch 10/50 | train loss: 0.6033 | validation loss: 0.7552 | validation accuracy: 0.8328 | validation AP: 0.1448
Stopping at epoch 10: validation AP has not improved for 4 epochs.
Best epoch: 6 | validation AP: 0.2986 | epochs run: 10

Validation classification report:
              precision    recall  f1-score   support

  disengaged     0.3083    0.4458    0.3645       166
     engaged     0.9226    0.8686    0.8948      1263

    accuracy                         0.8195      1429
   macro avg     0.6155    0.6572    0.6297      1429
weighted avg     0.8513    0.8195    0.8332      1429

Confusion matrix (rows: actual, columns: predicted):
[[  74   92]
 [ 166 1097]]
Epoch 1/50 | train loss: 0.6208 | validation loss: 0.693 | validation accuracy: 0.7488 | validation AP: 0.191
Epoch 2/50 | train loss: 0.591 | validation loss: 0.6503 | validation accuracy: 0.753 | validation AP: 0.2924
Epoch 3/50 | train loss: 0.5693 | validation loss: 0.7014 | validation accuracy: 0.8404 | validation AP: 0.2906
Epoch 4/50 | train loss: 0.5615 | validation loss: 0.6615 | validation accuracy: 0.8006 | validation AP: 0.2259
Epoch 5/50 | train loss: 0.5493 | validation loss: 0.6995 | validation accuracy: 0.7782 | validation AP: 0.2321
Epoch 6/50 | train loss: 0.5406 | validation loss: 0.6796 | validation accuracy: 0.7299 | validation AP: 0.2157
Stopping at epoch 6: validation AP has not improved for 4 epochs.
Best epoch: 2 | validation AP: 0.2924 | epochs run: 6

Validation classification report:
              precision    recall  f1-score   support

  disengaged     0.2410    0.5241    0.3302       166
     engaged     0.9260    0.7831    0.8486      1263

    accuracy                         0.7530      1429
   macro avg     0.5835    0.6536    0.5894      1429
weighted avg     0.8465    0.7530    0.7883      1429

Confusion matrix (rows: actual, columns: predicted):
[[ 87  79]
 [274 989]]
Epoch 1/50 | train loss: 0.6799 | validation loss: 0.6676 | validation accuracy: 0.6529 | validation AP: 0.1961
Epoch 2/50 | train loss: 0.6286 | validation loss: 0.6574 | validation accuracy: 0.6774 | validation AP: 0.1969
Epoch 3/50 | train loss: 0.6108 | validation loss: 0.6401 | validation accuracy: 0.6788 | validation AP: 0.2235
Epoch 4/50 | train loss: 0.5992 | validation loss: 0.6561 | validation accuracy: 0.7502 | validation AP: 0.2578
Epoch 5/50 | train loss: 0.588 | validation loss: 0.6123 | validation accuracy: 0.7117 | validation AP: 0.2881
Epoch 6/50 | train loss: 0.5808 | validation loss: 0.6334 | validation accuracy: 0.7208 | validation AP: 0.2702
Epoch 7/50 | train loss: 0.5799 | validation loss: 0.6519 | validation accuracy: 0.7656 | validation AP: 0.2943
Epoch 8/50 | train loss: 0.5712 | validation loss: 0.6715 | validation accuracy: 0.7607 | validation AP: 0.2953
Epoch 9/50 | train loss: 0.5663 | validation loss: 0.6449 | validation accuracy: 0.7264 | validation AP: 0.2652
Epoch 10/50 | train loss: 0.5732 | validation loss: 0.6379 | validation accuracy: 0.7187 | validation AP: 0.2685
Epoch 11/50 | train loss: 0.5656 | validation loss: 0.689 | validation accuracy: 0.7537 | validation AP: 0.2579
Epoch 12/50 | train loss: 0.5672 | validation loss: 0.6644 | validation accuracy: 0.7425 | validation AP: 0.2519
Stopping at epoch 12: validation AP has not improved for 4 epochs.
Best epoch: 8 | validation AP: 0.2953 | epochs run: 12

Validation classification report:
              precision    recall  f1-score   support

  disengaged     0.2427    0.5000    0.3268       166
     engaged     0.9236    0.7949    0.8545      1263

    accuracy                         0.7607      1429
   macro avg     0.5832    0.6475    0.5906      1429
weighted avg     0.8445    0.7607    0.7932      1429

Confusion matrix (rows: actual, columns: predicted):
[[  83   83]
 [ 259 1004]]
Epoch 1/50 | train loss: 0.6849 | validation loss: 0.6884 | validation accuracy: 0.7313 | validation AP: 0.1763
Epoch 2/50 | train loss: 0.6302 | validation loss: 0.6559 | validation accuracy: 0.7222 | validation AP: 0.2254
Epoch 3/50 | train loss: 0.6131 | validation loss: 0.6534 | validation accuracy: 0.718 | validation AP: 0.2318
Epoch 4/50 | train loss: 0.5889 | validation loss: 0.6137 | validation accuracy: 0.7145 | validation AP: 0.296
Epoch 5/50 | train loss: 0.5842 | validation loss: 0.6147 | validation accuracy: 0.7124 | validation AP: 0.2809
Epoch 6/50 | train loss: 0.5741 | validation loss: 0.6627 | validation accuracy: 0.753 | validation AP: 0.2651
Epoch 7/50 | train loss: 0.5776 | validation loss: 0.6452 | validation accuracy: 0.7425 | validation AP: 0.2891
Epoch 8/50 | train loss: 0.5758 | validation loss: 0.6832 | validation accuracy: 0.7502 | validation AP: 0.2647
Stopping at epoch 8: validation AP has not improved for 4 epochs.
Best epoch: 4 | validation AP: 0.296 | epochs run: 8

Validation classification report:
              precision    recall  f1-score   support

  disengaged     0.2250    0.5964    0.3267       166
     engaged     0.9323    0.7300    0.8188      1263

    accuracy                         0.7145      1429
   macro avg     0.5786    0.6632    0.5728      1429
weighted avg     0.8501    0.7145    0.7617      1429

Confusion matrix (rows: actual, columns: predicted):
[[ 99  67]
 [341 922]]
Epoch 1/50 | train loss: 0.6843 | validation loss: 0.7055 | validation accuracy: 0.8041 | validation AP: 0.1696[I 2026-10-09 03:10:01,759] Trial 17 finished with value: 0.292234111289086 and parameters: {'hidden_size': 182, 'num_layers': 2, 'dropout': 0.0, 'learning_rate': 0.00016233548288760067, 'batch_size': 64}. Best is trial 15 with value: 0.3040575370427493.
[I 2026-10-09 03:11:37,109] Trial 18 finished with value: 0.29307591247463305 and parameters: {'hidden_size': 89, 'num_layers': 2, 'dropout': 0.0, 'learning_rate': 0.0007002884042268418, 'batch_size': 16}. Best is trial 15 with value: 0.3040575370427493.

Epoch 2/50 | train loss: 0.6314 | validation loss: 0.6972 | validation accuracy: 0.7082 | validation AP: 0.18
Epoch 3/50 | train loss: 0.6127 | validation loss: 0.6795 | validation accuracy: 0.725 | validation AP: 0.195
Epoch 4/50 | train loss: 0.6041 | validation loss: 0.6371 | validation accuracy: 0.7341 | validation AP: 0.2587
Epoch 5/50 | train loss: 0.5871 | validation loss: 0.6007 | validation accuracy: 0.6718 | validation AP: 0.2854
Epoch 6/50 | train loss: 0.582 | validation loss: 0.6186 | validation accuracy: 0.6753 | validation AP: 0.2671
Epoch 7/50 | train loss: 0.5796 | validation loss: 0.6353 | validation accuracy: 0.7068 | validation AP: 0.2656
Epoch 8/50 | train loss: 0.5744 | validation loss: 0.6176 | validation accuracy: 0.6585 | validation AP: 0.2831
Epoch 9/50 | train loss: 0.5711 | validation loss: 0.6658 | validation accuracy: 0.7327 | validation AP: 0.2842
Stopping at epoch 9: validation AP has not improved for 4 epochs.
Best epoch: 5 | validation AP: 0.2854 | epochs run: 9

Validation classification report:
              precision    recall  f1-score   support

  disengaged     0.2092    0.6566    0.3173       166
     engaged     0.9372    0.6738    0.7840      1263

    accuracy                         0.6718      1429
   macro avg     0.5732    0.6652    0.5506      1429
weighted avg     0.8527    0.6718    0.7298      1429

Confusion matrix (rows: actual, columns: predicted):
[[109  57]
 [412 851]]
Epoch 1/50 | train loss: 0.6154 | validation loss: 0.697 | validation accuracy: 0.846 | validation AP: 0.2277
Epoch 2/50 | train loss: 0.5635 | validation loss: 0.7535 | validation accuracy: 0.8558 | validation AP: 0.2637
Epoch 3/50 | train loss: 0.5486 | validation loss: 0.7488 | validation accuracy: 0.8202 | validation AP: 0.2441
Epoch 4/50 | train loss: 0.5557 | validation loss: 0.6804 | validation accuracy: 0.8223 | validation AP: 0.2883
Epoch 5/50 | train loss: 0.5372 | validation loss: 0.7024 | validation accuracy: 0.8286 | validation AP: 0.2615
Epoch 6/50 | train loss: 0.5225 | validation loss: 0.7999 | validation accuracy: 0.8502 | validation AP: 0.2684
Epoch 7/50 | train loss: 0.5099 | validation loss: 0.7324 | validation accuracy: 0.7789 | validation AP: 0.2745
Epoch 8/50 | train loss: 0.5164 | validation loss: 0.8307 | validation accuracy: 0.8467 | validation AP: 0.2732
Stopping at epoch 8: validation AP has not improved for 4 epochs.
Best epoch: 4 | validation AP: 0.2883 | epochs run: 8

Validation classification report:
              precision    recall  f1-score   support

  disengaged     0.2778    0.3313    0.3022       166
     engaged     0.9098    0.8868    0.8982      1263

    accuracy                         0.8223      1429
   macro avg     0.5938    0.6091    0.6002      1429
weighted avg     0.8364    0.8223    0.8289      1429

Confusion matrix (rows: actual, columns: predicted):
[[  55  111]
 [ 143 1120]]
Epoch 1/50 | train loss: 0.6098 | validation loss: 0.7214 | validation accuracy: 0.8355 | validation AP: 0.2129
Epoch 2/50 | train loss: 0.563 | validation loss: 0.6654 | validation accuracy: 0.8139 | validation AP: 0.2716
Epoch 3/50 | train loss: 0.5661 | validation loss: 0.6579 | validation accuracy: 0.8223 | validation AP: 0.2968
Epoch 4/50 | train loss: 0.5398 | validation loss: 0.6876 | validation accuracy: 0.8167 | validation AP: 0.2635
Epoch 5/50 | train loss: 0.5316 | validation loss: 0.7498 | validation accuracy: 0.83 | validation AP: 0.2812
Epoch 6/50 | train loss: 0.5255 | validation loss: 0.67 | validation accuracy: 0.7684 | validation AP: 0.2699
Epoch 7/50 | train loss: 0.5228 | validation loss: 0.7081 | validation accuracy: 0.7565 | validation AP: 0.2667
Stopping at epoch 7: validation AP has not improved for 4 epochs.
Best epoch: 3 | validation AP: 0.2968 | epochs run: 7

Validation classification report:
              precision    recall  f1-score   support

  disengaged     0.2864    0.3554    0.3172       166
     engaged     0.9125    0.8836    0.8978      1263

    accuracy                         0.8223      1429
   macro avg     0.5995    0.6195    0.6075      1429
weighted avg     0.8398    0.8223    0.8304      1429

Confusion matrix (rows: actual, columns: predicted):
[[  59  107]
 [ 147 1116]]
Epoch 1/50 | train loss: 0.6117 | validation loss: 0.7041 | validation accuracy: 0.8111 | validation AP: 0.2007
Epoch 2/50 | train loss: 0.5651 | validation loss: 0.6576 | validation accuracy: 0.7432 | validation AP: 0.2942
Epoch 3/50 | train loss: 0.556 | validation loss: 0.69 | validation accuracy: 0.8181 | validation AP: 0.2902
Epoch 4/50 | train loss: 0.5473 | validation loss: 0.678 | validation accuracy: 0.823 | validation AP: 0.2283
Epoch 5/50 | train loss: 0.5361 | validation loss: 0.6816 | validation accuracy: 0.7894 | validation AP: 0.2879
Epoch 6/50 | train loss: 0.5201 | validation loss: 0.6774 | validation accuracy: 0.7712 | validation AP: 0.2534
Stopping at epoch 6: validation AP has not improved for 4 epochs.
Best epoch: 2 | validation AP: 0.2942 | epochs run: 6

Validation classification report:
              precision    recall  f1-score   support

  disengaged     0.2348    0.5361    0.3266       166
     engaged     0.9267    0.7704    0.8413      1263

    accuracy                         0.7432      1429
   macro avg     0.5807    0.6533    0.5840      1429
weighted avg     0.8463    0.7432    0.7815      1429

Confusion matrix (rows: actual, columns: predicted):
[[ 89  77]
 [290 973]]
Epoch 1/50 | train loss: 0.6571 | validation loss: 0.6281 | validation accuracy: 0.6431 | validation AP: 0.2302
Epoch 2/50 | train loss: 0.6118 | validation loss: 0.6528 | validation accuracy: 0.7684 | validation AP: 0.2682
Epoch 3/50 | train loss: 0.5905 | validation loss: 0.6697 | validation accuracy: 0.718 | validation AP: 0.2708
Epoch 4/50 | train loss: 0.5906 | validation loss: 0.6552 | validation accuracy: 0.7453 | validation AP: 0.2787
Epoch 5/50 | train loss: 0.5749 | validation loss: 0.6777 | validation accuracy: 0.7285 | validation AP: 0.2554
Epoch 6/50 | train loss: 0.5657 | validation loss: 0.7015 | validation accuracy: 0.7607 | validation AP: 0.2417
Epoch 7/50 | train loss: 0.5766 | validation loss: 0.6603 | validation accuracy: 0.7572 | validation AP: 0.2836
Epoch 8/50 | train loss: 0.5594 | validation loss: 0.6772 | validation accuracy: 0.7376 | validation AP: 0.2782
Epoch 9/50 | train loss: 0.5529 | validation loss: 0.68 | validation accuracy: 0.7152 | validation AP: 0.2383
Epoch 10/50 | train loss: 0.559 | validation loss: 0.6691 | validation accuracy: 0.7026 | validation AP: 0.2488
Epoch 11/50 | train loss: 0.5476 | validation loss: 0.7391 | validation accuracy: 0.7341 | validation AP: 0.24
Stopping at epoch 11: validation AP has not improved for 4 epochs.
Best epoch: 7 | validation AP: 0.2836 | epochs run: 11

Validation classification report:
              precision    recall  f1-score   support

  disengaged     0.2422    0.5120    0.3288       166
     engaged     0.9249    0.7894    0.8518      1263

    accuracy                         0.7572      1429
   macro avg     0.5835    0.6507    0.5903      1429
weighted avg     0.8456    0.7572    0.7910      1429

Confusion matrix (rows: actual, columns: predicted):
[[ 85  81]
 [266 997]]
Epoch 1/50 | train loss: 0.6534 | validation loss: 0.6771 | validation accuracy: 0.7096 | validation AP: 0.1878
Epoch 2/50 | train loss: 0.6197 | validation loss: 0.5959 | validation accuracy: 0.7341 | validation AP: 0.3103
Epoch 3/50 | train loss: 0.6031 | validation loss: 0.6615 | validation accuracy: 0.7649 | validation AP: 0.2844
Epoch 4/50 | train loss: 0.588 | validation loss: 0.5904 | validation accuracy: 0.6956 | validation AP: 0.2955
Epoch 5/50 | train loss: 0.5831 | validation loss: 0.6342 | validation accuracy: 0.7509 | validation AP: 0.2848
Epoch 6/50 | train loss: 0.5675 | validation loss: 0.6595 | validation accuracy: 0.7586 | validation AP: 0.2524
Stopping at epoch 6: validation AP has not improved for 4 epochs.
Best epoch: 2 | validation AP: 0.3103 | epochs run: 6

Validation classification report:
              precision    recall  f1-score   support

  disengaged     0.2464    0.6265    0.3537       166
     engaged     0.9384    0.7482    0.8326      1263

    accuracy                         0.7341      1429
   macro avg     0.5924    0.6874    0.5932      1429
weighted avg     0.8580    0.7341    0.7770      1429
[I 2026-10-09 03:12:42,147] Trial 19 finished with value: 0.3029547971201981 and parameters: {'hidden_size': 196, 'num_layers': 2, 'dropout': 0.0, 'learning_rate': 0.0005022133241199041, 'batch_size': 64}. Best is trial 15 with value: 0.3040575370427493.

Confusion matrix (rows: actual, columns: predicted):
[[104  62]
 [318 945]]
Epoch 1/50 | train loss: 0.6598 | validation loss: 0.7237 | validation accuracy: 0.7817 | validation AP: 0.2008
Epoch 2/50 | train loss: 0.6051 | validation loss: 0.6136 | validation accuracy: 0.6256 | validation AP: 0.2873
Epoch 3/50 | train loss: 0.605 | validation loss: 0.6055 | validation accuracy: 0.7327 | validation AP: 0.3149
Epoch 4/50 | train loss: 0.5974 | validation loss: 0.6614 | validation accuracy: 0.7551 | validation AP: 0.2746
Epoch 5/50 | train loss: 0.5779 | validation loss: 0.6278 | validation accuracy: 0.7166 | validation AP: 0.2914
Epoch 6/50 | train loss: 0.5747 | validation loss: 0.6119 | validation accuracy: 0.6102 | validation AP: 0.2355
Epoch 7/50 | train loss: 0.5731 | validation loss: 0.6595 | validation accuracy: 0.7047 | validation AP: 0.2721
Stopping at epoch 7: validation AP has not improved for 4 epochs.
Best epoch: 3 | validation AP: 0.3149 | epochs run: 7

Validation classification report:
              precision    recall  f1-score   support

  disengaged     0.2477    0.6386    0.3569       166
     engaged     0.9401    0.7451    0.8313      1263

    accuracy                         0.7327      1429
   macro avg     0.5939    0.6918    0.5941      1429
weighted avg     0.8596    0.7327    0.7762      1429

Confusion matrix (rows: actual, columns: predicted):
[[106  60]
 [322 941]]
Epoch 1/50 | train loss: 0.658 | validation loss: 0.6498 | validation accuracy: 0.669 | validation AP: 0.1962
Epoch 2/50 | train loss: 0.6158 | validation loss: 0.693 | validation accuracy: 0.8181 | validation AP: 0.2431
Epoch 3/50 | train loss: 0.5975 | validation loss: 0.6318 | validation accuracy: 0.7551 | validation AP: 0.2865
Epoch 4/50 | train loss: 0.5868 | validation loss: 0.6397 | validation accuracy: 0.7509 | validation AP: 0.2889
Epoch 5/50 | train loss: 0.5798 | validation loss: 0.6907 | validation accuracy: 0.7789 | validation AP: 0.2768
Epoch 6/50 | train loss: 0.5816 | validation loss: 0.6223 | validation accuracy: 0.6907 | validation AP: 0.2795
Epoch 7/50 | train loss: 0.563 | validation loss: 0.6819 | validation accuracy: 0.8055 | validation AP: 0.2996
Epoch 8/50 | train loss: 0.5658 | validation loss: 0.6544 | validation accuracy: 0.7649 | validation AP: 0.2845
Epoch 9/50 | train loss: 0.5652 | validation loss: 0.7102 | validation accuracy: 0.7026 | validation AP: 0.227
Epoch 10/50 | train loss: 0.5562 | validation loss: 0.6906 | validation accuracy: 0.7208 | validation AP: 0.2264
Epoch 11/50 | train loss: 0.569 | validation loss: 0.6382 | validation accuracy: 0.7628 | validation AP: 0.2789
Stopping at epoch 11: validation AP has not improved for 4 epochs.
Best epoch: 7 | validation AP: 0.2996 | epochs run: 11

Validation classification report:
              precision    recall  f1-score   support

  disengaged     0.2760    0.4157    0.3317       166
     engaged     0.9177    0.8567    0.8862      1263

    accuracy                         0.8055      1429
   macro avg     0.5969    0.6362    0.6089      1429
weighted avg     0.8432    0.8055    0.8218      1429

Confusion matrix (rows: actual, columns: predicted):
[[  69   97]
 [ 181 1082]]
Epoch 1/50 | train loss: 0.6553 | validation loss: 0.6478 | validation accuracy: 0.6179 | validation AP: 0.1977
Epoch 2/50 | train loss: 0.6195 | validation loss: 0.6514 | validation accuracy: 0.7131 | validation AP: 0.2171
Epoch 3/50 | train loss: 0.5958 | validation loss: 0.6945 | validation accuracy: 0.7789 | validation AP: 0.2778
Epoch 4/50 | train loss: 0.5945 | validation loss: 0.6807 | validation accuracy: 0.7425 | validation AP: 0.2348
Epoch 5/50 | train loss: 0.5823 | validation loss: 0.668 | validation accuracy: 0.7152 | validation AP: 0.2231
Epoch 6/50 | train loss: 0.5741 | validation loss: 0.6504 | validation accuracy: 0.7075 | validation AP: 0.2713
Epoch 7/50 | train loss: 0.5717 | validation loss: 0.6919 | validation accuracy: 0.7103 | validation AP: 0.2572
Stopping at epoch 7: validation AP has not improved for 4 epochs.
Best epoch: 3 | validation AP: 0.2778 | epochs run: 7

Validation classification report:
              precision    recall  f1-score   support

  disengaged     0.2596    0.4880    0.3389       166
     engaged     0.9239    0.8171    0.8672      1263

    accuracy                         0.7789      1429
   macro avg     0.5918    0.6525    0.6031      1429
weighted avg     0.8467    0.7789    0.8059      1429

Confusion matrix (rows: actual, columns: predicted):
[[  81   85]
 [ 231 1032]]
Epoch 1/50 | train loss: 0.6591 | validation loss: 0.6189 | validation accuracy: 0.6886 | validation AP: 0.2712
Epoch 2/50 | train loss: 0.6087 | validation loss: 0.6218 | validation accuracy: 0.7404 | validation AP: 0.2591
Epoch 3/50 | train loss: 0.5952 | validation loss: 0.6783 | validation accuracy: 0.7663 | validation AP: 0.2225
Epoch 4/50 | train loss: 0.5992 | validation loss: 0.6138 | validation accuracy: 0.6781 | validation AP: 0.2449
Epoch 5/50 | train loss: 0.583 | validation loss: 0.6927 | validation accuracy: 0.8104 | validation AP: 0.2944
Epoch 6/50 | train loss: 0.574 | validation loss: 0.627 | validation accuracy: 0.7292 | validation AP: 0.2916
Epoch 7/50 | train loss: 0.5603 | validation loss: 0.6678 | validation accuracy: 0.7341 | validation AP: 0.2613
Epoch 8/50 | train loss: 0.5647 | validation loss: 0.6509 | validation accuracy: 0.7012 | validation AP: 0.2302
Epoch 9/50 | train loss: 0.5529 | validation loss: 0.7871 | validation accuracy: 0.7824 | validation AP: 0.2443
Stopping at epoch 9: validation AP has not improved for 4 epochs.
Best epoch: 5 | validation AP: 0.2944 | epochs run: 9

Validation classification report:
              precision    recall  f1-score   support

  disengaged     0.2747    0.3855    0.3208       166
     engaged     0.9147    0.8662    0.8898      1263

    accuracy                         0.8104      1429
   macro avg     0.5947    0.6259    0.6053      1429
weighted avg     0.8404    0.8104    0.8237      1429

Confusion matrix (rows: actual, columns: predicted):
[[  64  102]
 [ 169 1094]]
Epoch 1/50 | train loss: 0.6538 | validation loss: 0.7344 | validation accuracy: 0.7922 | validation AP: 0.1651
Epoch 2/50 | train loss: 0.6107 | validation loss: 0.6748 | validation accuracy: 0.7943 | validation AP: 0.2597
Epoch 3/50 | train loss: 0.6035 | validation loss: 0.6963 | validation accuracy: 0.7789 | validation AP: 0.2253
Epoch 4/50 | train loss: 0.5917 | validation loss: 0.6629 | validation accuracy: 0.7488 | validation AP: 0.2543
Epoch 5/50 | train loss: 0.5806 | validation loss: 0.7456 | validation accuracy: 0.7656 | validation AP: 0.2254
Epoch 6/50 | train loss: 0.5648 | validation loss: 0.5907 | validation accuracy: 0.62 | validation AP: 0.2986
Epoch 7/50 | train loss: 0.5635 | validation loss: 0.6949 | validation accuracy: 0.7201 | validation AP: 0.2546
Epoch 8/50 | train loss: 0.5616 | validation loss: 0.7759 | validation accuracy: 0.7425 | validation AP: 0.2634
Epoch 9/50 | train loss: 0.5634 | validation loss: 0.6496 | validation accuracy: 0.6921 | validation AP: 0.2453
Epoch 10/50 | train loss: 0.5488 | validation loss: 0.6257 | validation accuracy: 0.6879 | validation AP: 0.2773
Stopping at epoch 10: validation AP has not improved for 4 epochs.
Best epoch: 6 | validation AP: 0.2986 | epochs run: 10

Validation classification report:
              precision    recall  f1-score   support

  disengaged     0.1955    0.7289    0.3083       166
     engaged     0.9444    0.6057    0.7381      1263

    accuracy                         0.6200      1429
   macro avg     0.5700    0.6673    0.5232      1429
weighted avg     0.8574    0.6200    0.6881      1429

Confusion matrix (rows: actual, columns: predicted):
[[121  45]
 [498 765]]
Epoch 1/50 | train loss: 0.6582 | validation loss: 0.6966 | validation accuracy: 0.7775 | validation AP: 0.2117
Epoch 2/50 | train loss: 0.6204 | validation loss: 0.6651 | validation accuracy: 0.7698 | validation AP: 0.2595
Epoch 3/50 | train loss: 0.6055 | validation loss: 0.7051 | validation accuracy: 0.7663 | validation AP: 0.231
Epoch 4/50 | train loss: 0.5982 | validation loss: 0.6329 | validation accuracy: 0.6746 | validation AP: 0.2355
Epoch 5/50 | train loss: 0.5804 | validation loss: 0.6864 | validation accuracy: 0.7593 | validation AP: 0.2273
Epoch 6/50 | train loss: 0.5769 | validation loss: 0.6627 | validation accuracy: 0.7495 | validation AP: 0.2362
Stopping at epoch 6: validation AP has not improved for 4 epochs.
Best epoch: 2 | validation AP: 0.2595 | epochs run: 6

Validation classification report:
              precision    recall  f1-score   support

  disengaged     0.2429    0.4639    0.3188       166
     engaged     0.9200    0.8100    0.8615      1263

    accuracy                         0.7698      1429
   macro avg     0.5814    0.6369    0.5902      1429
weighted avg     0.8413    0.7698    0.7984      1429

Confusion matrix (rows: actual, columns: predicted):
[[  77   89]
 [ 240 1023]]
Epoch 1/50 | train loss: 0.6585 | validation loss: 0.6376 | validation accuracy: 0.6389 | validation AP: 0.2037
Epoch 2/50 | train loss: 0.6163 | validation loss: 0.6735 | validation accuracy: 0.7999 | validation AP: 0.2436
Epoch 3/50 | train loss: 0.5955 | validation loss: 0.6393 | validation accuracy: 0.7383 | validation AP: 0.281
Epoch 4/50 | train loss: 0.5844 | validation loss: 0.6462 | validation accuracy: 0.746 | validation AP: 0.2903
Epoch 5/50 | train loss: 0.5802 | validation loss: 0.6882 | validation accuracy: 0.7691 | validation AP: 0.2736
Epoch 6/50 | train loss: 0.5819 | validation loss: 0.6184 | validation accuracy: 0.6977 | validation AP: 0.287
Epoch 7/50 | train loss: 0.5648 | validation loss: 0.678 | validation accuracy: 0.7985 | validation AP: 0.2982
Epoch 8/50 | train loss: 0.5692 | validation loss: 0.6472 | validation accuracy: 0.7628 | validation AP: 0.2755
Epoch 9/50 | train loss: 0.5655 | validation loss: 0.6858 | validation accuracy: 0.6893 | validation AP: 0.2389
Epoch 10/50 | train loss: 0.5553 | validation loss: 0.6556 | validation accuracy: 0.7124 | validation AP: 0.2454
Epoch 11/50 | train loss: 0.5632 | validation loss: 0.6775 | validation accuracy: 0.7439 | validation AP: 0.2728
Stopping at epoch 11: validation AP has not improved for 4 epochs.
Best epoch: 7 | validation AP: 0.2982 | epochs run: 11

Validation classification report:
              precision    recall  f1-score   support

  disengaged     0.2707    0.4337    0.3333       166
     engaged     0.9192    0.8464    0.8813      1263

    accuracy                         0.7985      1429
   macro avg     0.5949    0.6401    0.6073      1429
weighted avg     0.8438    0.7985    0.8176      1429

Confusion matrix (rows: actual, columns: predicted):
[[  72   94]
 [ 194 1069]]
Epoch 1/50 | train loss: 0.6523 | validation loss: 0.6549 | validation accuracy: 0.6564 | validation AP: 0.1967
Epoch 2/50 | train loss: 0.6189 | validation loss: 0.6427 | validation accuracy: 0.7229 | validation AP: 0.2257
Epoch 3/50 | train loss: 0.5959 | validation loss: 0.684 | validation accuracy: 0.7726 | validation AP: 0.2768
Epoch 4/50 | train loss: 0.5948 | validation loss: 0.671 | validation accuracy: 0.7243 | validation AP: 0.2285
Epoch 5/50 | train loss: 0.5862 | validation loss: 0.6648 | validation accuracy: 0.7124 | validation AP: 0.2168
Epoch 6/50 | train loss: 0.5773 | validation loss: 0.6356 | validation accuracy: 0.7019 | validation AP: 0.2608
Epoch 7/50 | train loss: 0.5714 | validation loss: 0.6754 | validation accuracy: 0.6865 | validation AP: 0.2236
Stopping at epoch 7: validation AP has not improved for 4 epochs.
Best epoch: 3 | validation AP: 0.2768 | epochs run: 7

Validation classification report:
              precision    recall  f1-score   support

  disengaged     0.2539    0.4940    0.3354       166
     engaged     0.9241    0.8092    0.8628      1263

    accuracy                         0.7726      1429
   macro avg     0.5890    0.6516    0.5991      1429
weighted avg     0.8462    0.7726    0.8015      1429

Confusion matrix (rows: actual, columns: predicted):
[[  82   84]
 [ 241 1022]]
Epoch 1/50 | train loss: 0.6595 | validation loss: 0.6112 | validation accuracy: 0.6508 | validation AP: 0.2725
Epoch 2/50 | train loss: 0.609 | validation loss: 0.6088 | validation accuracy: 0.7173 | validation AP: 0.2765
Epoch 3/50 | train loss: 0.5958 | validation loss: 0.6793 | validation accuracy: 0.7817 | validation AP: 0.2335
Epoch 4/50 | train loss: 0.6006 | validation loss: 0.6157 | validation accuracy: 0.6767 | validation AP: 0.247
Epoch 5/50 | train loss: 0.582 | validation loss: 0.6687 | validation accuracy: 0.7908 | validation AP: 0.3011
Epoch 6/50 | train loss: 0.5752 | validation loss: 0.6209 | validation accuracy: 0.7131 | validation AP: 0.2981
Epoch 7/50 | train loss: 0.5624 | validation loss: 0.6608 | validation accuracy: 0.7159 | validation AP: 0.2733
Epoch 8/50 | train loss: 0.5511 | validation loss: 0.6849 | validation accuracy: 0.6984 | validation AP: 0.2299
Epoch 9/50 | train loss: 0.5476 | validation loss: 0.8028 | validation accuracy: 0.7901 | validation AP: 0.2348
Stopping at epoch 9: validation AP has not improved for 4 epochs.
Best epoch: 5 | validation AP: 0.3011 | epochs run: 9

Validation classification report:
              precision    recall  f1-score   support

  disengaged     0.2667    0.4578    0.3370       166
     engaged     0.9213    0.8345    0.8758      1263

    accuracy                         0.7908      1429
   macro avg     0.5940    0.6462    0.6064      1429
weighted avg     0.8453    0.7908    0.8132      1429

Confusion matrix (rows: actual, columns: predicted):
[[  76   90]
 [ 209 1054]]
Epoch 1/50 | train loss: 0.6537 | validation loss: 0.7296 | validation accuracy: 0.7691 | validation AP: 0.1664
Epoch 2/50 | train loss: 0.6112 | validation loss: 0.6717 | validation accuracy: 0.7943 | validation AP: 0.2477
Epoch 3/50 | train loss: 0.6075 | validation loss: 0.6943 | validation accuracy: 0.767 | validation AP: 0.2188
Epoch 4/50 | train loss: 0.5949 | validation loss: 0.6545 | validation accuracy: 0.7278 | validation AP: 0.2428
Epoch 5/50 | train loss: 0.5865 | validation loss: 0.6966 | validation accuracy: 0.7495 | validation AP: 0.2386
Epoch 6/50 | train loss: 0.571 | validation loss: 0.5858 | validation accuracy: 0.6186 | validation AP: 0.3027
Epoch 7/50 | train loss: 0.568 | validation loss: 0.6993 | validation accuracy: 0.6963 | validation AP: 0.2535
Epoch 8/50 | train loss: 0.5731 | validation loss: 0.8024 | validation accuracy: 0.7341 | validation AP: 0.2606
Epoch 9/50 | train loss: 0.5685 | validation loss: 0.6338 | validation accuracy: 0.7012 | validation AP: 0.2575
Epoch 10/50 | train loss: 0.5562 | validation loss: 0.6128 | validation accuracy: 0.7124 | validation AP: 0.2904
Stopping at epoch 10: validation AP has not improved for 4 epochs.
Best epoch: 6 | validation AP: 0.3027 | epochs run: 10

Validation classification report:
              precision    recall  f1-score   support

  disengaged     0.1968    0.7410    0.3110       166
     engaged     0.9465    0.6025    0.7363      1263

    accuracy                         0.6186      1429
   macro avg     0.5717    0.6717    0.5237      1429
weighted avg     0.8594    0.6186    0.6869      1429

Confusion matrix (rows: actual, columns: predicted):
[[123  43]
 [502 761]]
Epoch 1/50 | train loss: 0.6594 | validation loss: 0.6503 | validation accuracy: 0.7747 | validation AP: 0.2731
Epoch 2/50 | train loss: 0.6144 | validation loss: 0.6531 | validation accuracy: 0.7593 | validation AP: 0.2785
Epoch 3/50 | train loss: 0.6016 | validation loss: 0.6907 | validation accuracy: 0.7677 | validation AP: 0.2552
Epoch 4/50 | train loss: 0.5959 | validation loss: 0.6468 | validation accuracy: 0.676 | validation AP: 0.2302
Epoch 5/50 | train loss: 0.5866 | validation loss: 0.6801 | validation accuracy: 0.7775 | validation AP: 0.2562
Epoch 6/50 | train loss: 0.5801 | validation loss: 0.6678 | validation accuracy: 0.7579 | validation AP: 0.2245
Stopping at epoch 6: validation AP has not improved for 4 epochs.
Best epoch: 2 | validation AP: 0.2785 | epochs run: 6

Validation classification report:
              precision    recall  f1-score   support

  disengaged     0.2367    0.4819    0.3175       166
     engaged     0.9212    0.7957    0.8539      1263

    accuracy                         0.7593      1429
   macro avg     0.5789    0.6388    0.5857      1429
weighted avg     0.8417    0.7593    0.7916      1429

Confusion matrix (rows: actual, columns: predicted):
[[  80   86]
 [ 258 1005]]

 lstm_uni_attention | 30fps/10s (confirmed on seeds [52, 53, 54, 55, 56])
  0.2915 +/- 0.0051  (511171,) params  hidden_size=196, num_layers=2, dropout=0.0, learning_rate=0.0005022133241199041, batch_size=64
  0.286 +/- 0.0069  (432003,) params  hidden_size=180, num_layers=2, dropout=0.0, learning_rate=0.0005198301471907802, batch_size=64
  Selected: hidden_size=196, num_layers=2, dropout=0.0, learning_rate=0.0005022133241199041, batch_size=64  (AP 0.2915, 511,171 parameters)

Add these settings to src/attention_lapse_detection/utils/hyperparameters.py:
    ("gru", 30, 10): Hyperparameters(hidden_size=40, num_layers=1, dropout=0.0, learning_rate=0.00658629, batch_size=16),  # clip-level val AP 0.2102
    ("lstm", 30, 10): Hyperparameters(hidden_size=35, num_layers=2, dropout=0.25, learning_rate=0.00746162, batch_size=16),  # clip-level val AP 0.1953
    ("gru_uni_attention", 30, 10): Hyperparameters(hidden_size=142, num_layers=3, dropout=0.05, learning_rate=0.000245909, batch_size=16),  # clip-level val AP 0.299
    ("lstm_uni_attention", 30, 10): Hyperparameters(hidden_size=196, num_layers=2, dropout=0.0, learning_rate=0.000502213, batch_size=64),  # clip-level val AP 0.2915
