[I 2026-10-09 00:39:09,245] A new study created in memory with name: gru|15fps/10s
[I 2026-10-09 00:39:42,677] Trial 0 finished with value: 0.2021518112614299 and parameters: {'hidden_size': 47, 'num_layers': 3, 'dropout': 0.0, 'learning_rate': 0.005399484409787433, 'batch_size': 64}. Best is trial 0 with value: 0.2021518112614299.
4 studies to run (0 already in tuning/results/shard_15_10s.csv), 70 training runs each, 280 total.
Using device: cuda
Class weights: [10.84615421295166, 0.524163544178009]
Epoch 1/50 | train loss: 0.6881 | validation loss: 0.7108 | validation accuracy: 0.7131 | validation AP: 0.1576
Epoch 2/50 | train loss: 0.6755 | validation loss: 0.6907 | validation accuracy: 0.7362 | validation AP: 0.2028
Epoch 3/50 | train loss: 0.6658 | validation loss: 0.7282 | validation accuracy: 0.7446 | validation AP: 0.1986
Epoch 4/50 | train loss: 0.6713 | validation loss: 0.7082 | validation accuracy: 0.6956 | validation AP: 0.2217
Epoch 5/50 | train loss: 0.6519 | validation loss: 0.7251 | validation accuracy: 0.7915 | validation AP: 0.1714
Epoch 6/50 | train loss: 0.6624 | validation loss: 0.7415 | validation accuracy: 0.8069 | validation AP: 0.1695
Epoch 7/50 | train loss: 0.6573 | validation loss: 0.6929 | validation accuracy: 0.648 | validation AP: 0.1529
Epoch 8/50 | train loss: 0.6388 | validation loss: 0.7741 | validation accuracy: 0.8223 | validation AP: 0.1826
Stopping at epoch 8: validation AP has not improved for 4 epochs.
Best epoch: 4 | validation AP: 0.2217 | epochs run: 8

Validation classification report:
              precision    recall  f1-score   support

  disengaged     0.1936    0.5120    0.2810       166
     engaged     0.9182    0.7197    0.8069      1263

    accuracy                         0.6956      1429
   macro avg     0.5559    0.6159    0.5440      1429
weighted avg     0.8340    0.6956    0.7458      1429

Confusion matrix (rows: actual, columns: predicted):
[[ 85  81]
 [354 909]]
Epoch 1/50 | train loss: 0.6932 | validation loss: 0.6967 | validation accuracy: 0.6109 | validation AP: 0.147
Epoch 2/50 | train loss: 0.6769 | validation loss: 0.7226 | validation accuracy: 0.683 | validation AP: 0.1348
Epoch 3/50 | train loss: 0.6676 | validation loss: 0.7057 | validation accuracy: 0.7789 | validation AP: 0.1497
Epoch 4/50 | train loss: 0.6574 | validation loss: 0.7411 | validation accuracy: 0.6865 | validation AP: 0.1264
Epoch 5/50 | train loss: 0.6537 | validation loss: 0.6675 | validation accuracy: 0.7075 | validation AP: 0.1947
Epoch 6/50 | train loss: 0.6434 | validation loss: 0.6881 | validation accuracy: 0.6585 | validation AP: 0.1658
Epoch 7/50 | train loss: 0.6371 | validation loss: 0.7067 | validation accuracy: 0.7656 | validation AP: 0.191
Epoch 8/50 | train loss: 0.6356 | validation loss: 0.6637 | validation accuracy: 0.7152 | validation AP: 0.2097
Epoch 9/50 | train loss: 0.6347 | validation loss: 0.6838 | validation accuracy: 0.6662 | validation AP: 0.1861
Epoch 10/50 | train loss: 0.624 | validation loss: 0.6693 | validation accuracy: 0.5885 | validation AP: 0.1705
Epoch 11/50 | train loss: 0.5927 | validation loss: 0.756 | validation accuracy: 0.7656 | validation AP: 0.1987
Epoch 12/50 | train loss: 0.6045 | validation loss: 0.6673 | validation accuracy: 0.5696 | validation AP: 0.1624
Stopping at epoch 12: validation AP has not improved for 4 epochs.
Best epoch: 8 | validation AP: 0.2097 | epochs run: 12

Validation classification report:
              precision    recall  f1-score   support

  disengaged     0.2025    0.4940    0.2872       166
     engaged     0.9180    0.7443    0.8220      1263

    accuracy                         0.7152      1429
   macro avg     0.5602    0.6191    0.5546      1429
weighted avg     0.8349    0.7152    0.7599      1429

Confusion matrix (rows: actual, columns: predicted):
[[ 82  84]
 [323 940]]
Epoch 1/50 | train loss: 0.6936 | validation loss: 0.7318 | validation accuracy: 0.7964 | validation AP: 0.1686
Epoch 2/50 | train loss: 0.6718 | validation loss: 0.6603 | validation accuracy: 0.4927 | validation AP: 0.1751
Epoch 3/50 | train loss: 0.6727 | validation loss: 0.7066 | validation accuracy: 0.7432 | validation AP: 0.1602
Epoch 4/50 | train loss: 0.6679 | validation loss: 0.7105 | validation accuracy: 0.809 | validation AP: 0.1566
Epoch 5/50 | train loss: 0.6659 | validation loss: 0.6645 | validation accuracy: 0.5052 | validation AP: 0.1494
Epoch 6/50 | train loss: 0.6462 | validation loss: 0.6996 | validation accuracy: 0.5843 | validation AP: 0.136
Stopping at epoch 6: validation AP has not improved for 4 epochs.
Best epoch: 2 | validation AP: 0.1751 | epochs run: 6

Validation classification report:
              precision    recall  f1-score   support

  disengaged     0.1484    0.7108    0.2456       166
     engaged     0.9243    0.4640    0.6178      1263

    accuracy                         0.4927      1429
   macro avg     0.5364    0.5874    0.4317      1429
weighted avg     0.8342    0.4927    0.5746      1429

Confusion matrix (rows: actual, columns: predicted):
[[118  48]
 [677 586]]
Epoch 1/50 | train loss: 0.5616 | validation loss: 0.7448 | validation accuracy: 0.8565 | validation AP: 0.1527
Epoch 2/50 | train loss: 0.5308 | validation loss: 0.7282 | validation accuracy: 0.8761 | validation AP: 0.1855
Epoch 3/50 | train loss: 0.5328 | validation loss: 0.7536 | validation accuracy: 0.8782 | validation AP: 0.2026
Epoch 4/50 | train loss: 0.5305 | validation loss: 0.6801 | validation accuracy: 0.8474 | validation AP: 0.2106
Epoch 5/50 | train loss: 0.5165 | validation loss: 0.7278 | validation accuracy: 0.8586 | validation AP: 0.1445
Epoch 6/50 | train loss: 0.517 | validation loss: 0.742 | validation accuracy: 0.8761 | validation AP: 0.1936
Epoch 7/50 | train loss: 0.5198 | validation loss: 0.7142 | validation accuracy: 0.86 | validation AP: 0.1775
Epoch 8/50 | train loss: 0.5062 | validation loss: 0.8215 | validation accuracy: 0.8761 | validation AP: 0.175
Stopping at epoch 8: validation AP has not improved for 4 epochs.
Best epoch: 4 | validation AP: 0.2106 | epochs run: 8

Validation classification report:
              precision    recall  f1-score   support

  disengaged     0.2451    0.1506    0.1866       166
     engaged     0.8937    0.9390    0.9158      1263

    accuracy                         0.8474      1429
   macro avg     0.5694    0.5448    0.5512      1429
weighted avg     0.8184    0.8474    0.8311      1429

Confusion matrix (rows: actual, columns: predicted):
[[  25  141]
 [  77 1186]]
Epoch 1/50 | train loss: 0.5615 | validation loss: 0.7283 | validation accuracy: 0.8635 | validation AP: 0.1396
Epoch 2/50 | train loss: 0.5387 | validation loss: 0.7303 | validation accuracy: 0.8656 | validation AP: 0.1532
Epoch 3/50 | train loss: 0.5346 | validation loss: 0.7016 | validation accuracy: 0.8502 | validation AP: 0.1536
Epoch 4/50 | train loss: 0.5236 | validation loss: 0.7591 | validation accuracy: 0.8355 | validation AP: 0.14
Epoch 5/50 | train loss: 0.5195 | validation loss: 0.7029 | validation accuracy: 0.8726 | validation AP: 0.1876
Epoch 6/50 | train loss: 0.5181 | validation loss: 0.7255 | validation accuracy: 0.8453 | validation AP: 0.1588
Epoch 7/50 | train loss: 0.5199 | validation loss: 0.7296 | validation accuracy: 0.8705 | validation AP: 0.1807
Epoch 8/50 | train loss: 0.5078 | validation loss: 0.7451 | validation accuracy: 0.8656 | validation AP: 0.168
Epoch 9/50 | train loss: 0.5037 | validation loss: 0.7421 | validation accuracy: 0.8411 | validation AP: 0.1552
Stopping at epoch 9: validation AP has not improved for 4 epochs.
Best epoch: 5 | validation AP: 0.1876 | epochs run: 9

Validation classification report:
              precision    recall  f1-score   support

  disengaged     0.2500    0.0482    0.0808       166
     engaged     0.8869    0.9810    0.9316      1263

    accuracy                         0.8726      1429
   macro avg     0.5685    0.5146    0.5062      1429
weighted avg     0.8129    0.8726    0.8327      1429

Confusion matrix (rows: actual, columns: predicted):
[[   8  158]
 [  24 1239]]
Epoch 1/50 | train loss: 0.5531 | validation loss: 0.7017 | validation accuracy: 0.8677 | validation AP: 0.1587
Epoch 2/50 | train loss: 0.5398 | validation loss: 0.6782 | validation accuracy: 0.823 | validation AP: 0.1743
Epoch 3/50 | train loss: 0.5311 | validation loss: 0.7456 | validation accuracy: 0.8495 | validation AP: 0.1507
Epoch 4/50 | train loss: 0.5283 | validation loss: 0.7062 | validation accuracy: 0.8663 | validation AP: 0.1636[I 2026-10-09 00:44:29,084] Trial 1 finished with value: 0.19938567103195784 and parameters: {'hidden_size': 136, 'num_layers': 1, 'dropout': 0.25, 'learning_rate': 0.0003823475224675188, 'batch_size': 8}. Best is trial 0 with value: 0.2021518112614299.
[I 2026-10-09 00:44:59,149] Trial 2 finished with value: 0.17773102078292224 and parameters: {'hidden_size': 56, 'num_layers': 3, 'dropout': 0.5, 'learning_rate': 0.00021930485556643703, 'batch_size': 32}. Best is trial 0 with value: 0.2021518112614299.

Epoch 5/50 | train loss: 0.5088 | validation loss: 0.682 | validation accuracy: 0.8628 | validation AP: 0.1999
Epoch 6/50 | train loss: 0.5116 | validation loss: 0.7533 | validation accuracy: 0.8397 | validation AP: 0.1513
Epoch 7/50 | train loss: 0.5181 | validation loss: 0.7246 | validation accuracy: 0.8432 | validation AP: 0.1592
Epoch 8/50 | train loss: 0.5057 | validation loss: 0.7303 | validation accuracy: 0.8628 | validation AP: 0.1747
Epoch 9/50 | train loss: 0.5082 | validation loss: 0.7707 | validation accuracy: 0.8265 | validation AP: 0.1523
Stopping at epoch 9: validation AP has not improved for 4 epochs.
Best epoch: 5 | validation AP: 0.1999 | epochs run: 9

Validation classification report:
              precision    recall  f1-score   support

  disengaged     0.2321    0.0783    0.1171       166
     engaged     0.8886    0.9660    0.9256      1263

    accuracy                         0.8628      1429
   macro avg     0.5604    0.5221    0.5214      1429
weighted avg     0.8123    0.8628    0.8317      1429

Confusion matrix (rows: actual, columns: predicted):
[[  13  153]
 [  43 1220]]
Epoch 1/50 | train loss: 0.6922 | validation loss: 0.7086 | validation accuracy: 0.8579 | validation AP: 0.1869
Epoch 2/50 | train loss: 0.667 | validation loss: 0.7059 | validation accuracy: 0.7908 | validation AP: 0.1724
Epoch 3/50 | train loss: 0.662 | validation loss: 0.7005 | validation accuracy: 0.7439 | validation AP: 0.1623
Epoch 4/50 | train loss: 0.6564 | validation loss: 0.7089 | validation accuracy: 0.7621 | validation AP: 0.1753
Epoch 5/50 | train loss: 0.6503 | validation loss: 0.7349 | validation accuracy: 0.7425 | validation AP: 0.1466
Stopping at epoch 5: validation AP has not improved for 4 epochs.
Best epoch: 1 | validation AP: 0.1869 | epochs run: 5

Validation classification report:
              precision    recall  f1-score   support

  disengaged     0.2466    0.1084    0.1506       166
     engaged     0.8909    0.9565    0.9225      1263

    accuracy                         0.8579      1429
   macro avg     0.5687    0.5324    0.5366      1429
weighted avg     0.8160    0.8579    0.8328      1429

Confusion matrix (rows: actual, columns: predicted):
[[  18  148]
 [  55 1208]]
Epoch 1/50 | train loss: 0.6853 | validation loss: 0.7133 | validation accuracy: 0.8495 | validation AP: 0.1735
Epoch 2/50 | train loss: 0.6692 | validation loss: 0.7145 | validation accuracy: 0.8265 | validation AP: 0.1667
Epoch 3/50 | train loss: 0.6623 | validation loss: 0.7147 | validation accuracy: 0.788 | validation AP: 0.1511
Epoch 4/50 | train loss: 0.66 | validation loss: 0.7231 | validation accuracy: 0.7642 | validation AP: 0.1469
Epoch 5/50 | train loss: 0.6596 | validation loss: 0.7075 | validation accuracy: 0.7411 | validation AP: 0.1616
Stopping at epoch 5: validation AP has not improved for 4 epochs.
Best epoch: 1 | validation AP: 0.1735 | epochs run: 5

Validation classification report:
              precision    recall  f1-score   support

  disengaged     0.1644    0.0723    0.1004       166
     engaged     0.8864    0.9517    0.9179      1263

    accuracy                         0.8495      1429
   macro avg     0.5254    0.5120    0.5092      1429
weighted avg     0.8026    0.8495    0.8229      1429

Confusion matrix (rows: actual, columns: predicted):
[[  12  154]
 [  61 1202]]
Epoch 1/50 | train loss: 0.6817 | validation loss: 0.7301 | validation accuracy: 0.8768 | validation AP: 0.167
Epoch 2/50 | train loss: 0.6704 | validation loss: 0.7175 | validation accuracy: 0.8055 | validation AP: 0.1572
Epoch 3/50 | train loss: 0.6569 | validation loss: 0.7181 | validation accuracy: 0.7817 | validation AP: 0.1667
Epoch 4/50 | train loss: 0.6566 | validation loss: 0.7232 | validation accuracy: 0.7803 | validation AP: 0.1556
Epoch 5/50 | train loss: 0.6579 | validation loss: 0.7161 | validation accuracy: 0.7789 | validation AP: 0.1728
Epoch 6/50 | train loss: 0.6611 | validation loss: 0.7041 | validation accuracy: 0.7236 | validation AP: 0.1555
Epoch 7/50 | train loss: 0.6521 | validation loss: 0.7218 | validation accuracy: 0.7649 | validation AP: 0.158
Epoch 8/50 | train loss: 0.645 | validation loss: 0.715 | validation accuracy: 0.6949 | validation AP: 0.1449
Epoch 9/50 | train loss: 0.6437 | validation loss: 0.7207 | validation accuracy: 0.7383 | validation AP: 0.1613
Stopping at epoch 9: validation AP has not improved for 4 epochs.
Best epoch: 5 | validation AP: 0.1728 | epochs run: 9

Validation classification report:
              precision    recall  f1-score   support

  disengaged     0.2047    0.3133    0.2476       166
     engaged     0.9030    0.8401    0.8704      1263

    accuracy                         0.7789      1429
   macro avg     0.5539    0.5767    0.5590      1429
weighted avg     0.8219    0.7789    0.7980      1429

Confusion matrix (rows: actual, columns: predicted):
[[  52  114]
 [ 202 1061]]
Epoch 1/50 | train loss: 0.652 | validation loss: 0.7699 | validation accuracy: 0.7796 | validation AP: 0.1404
Epoch 2/50 | train loss: 0.6143 | validation loss: 0.8308 | validation accuracy: 0.8705 | validation AP: 0.2246
Epoch 3/50 | train loss: 0.6051 | validation loss: 0.7177 | validation accuracy: 0.8083 | validation AP: 0.1824
Epoch 4/50 | train loss: 0.6006 | validation loss: 0.692 | validation accuracy: 0.802 | validation AP: 0.1835
Epoch 5/50 | train loss: 0.5828 | validation loss: 0.7415 | validation accuracy: 0.7964 | validation AP: 0.1409
Epoch 6/50 | train loss: 0.5666 | validation loss: 0.8188 | validation accuracy: 0.8586 | validation AP: 0.1978
Stopping at epoch 6: validation AP has not improved for 4 epochs.
Best epoch: 2 | validation AP: 0.2246 | epochs run: 6

Validation classification report:
              precision    recall  f1-score   support

  disengaged     0.3061    0.0904    0.1395       166
     engaged     0.8906    0.9731    0.9300      1263

    accuracy                         0.8705      1429
   macro avg     0.5984    0.5317    0.5348      1429
weighted avg     0.8227    0.8705    0.8382      1429

Confusion matrix (rows: actual, columns: predicted):
[[  15  151]
 [  34 1229]]
Epoch 1/50 | train loss: 0.6592 | validation loss: 0.7363 | validation accuracy: 0.8314 | validation AP: 0.1522
Epoch 2/50 | train loss: 0.6281 | validation loss: 0.7708 | validation accuracy: 0.8111 | validation AP: 0.1407
Epoch 3/50 | train loss: 0.6291 | validation loss: 0.7054 | validation accuracy: 0.6515 | validation AP: 0.1583
Epoch 4/50 | train loss: 0.6045 | validation loss: 0.7509 | validation accuracy: 0.8258 | validation AP: 0.1731
Epoch 5/50 | train loss: 0.5773 | validation loss: 0.6853 | validation accuracy: 0.8146 | validation AP: 0.2308
Epoch 6/50 | train loss: 0.56 | validation loss: 0.671 | validation accuracy: 0.7306 | validation AP: 0.1943
Epoch 7/50 | train loss: 0.5489 | validation loss: 0.7003 | validation accuracy: 0.7922 | validation AP: 0.2359
Epoch 8/50 | train loss: 0.5368 | validation loss: 0.6646 | validation accuracy: 0.76 | validation AP: 0.2121
Epoch 9/50 | train loss: 0.5159 | validation loss: 0.8453 | validation accuracy: 0.8069 | validation AP: 0.1791
Epoch 10/50 | train loss: 0.5061 | validation loss: 0.6837 | validation accuracy: 0.7516 | validation AP: 0.2021
Epoch 11/50 | train loss: 0.4999 | validation loss: 0.7563 | validation accuracy: 0.7754 | validation AP: 0.1725
Stopping at epoch 11: validation AP has not improved for 4 epochs.
Best epoch: 7 | validation AP: 0.2359 | epochs run: 11

Validation classification report:
              precision    recall  f1-score   support

  disengaged     0.2327    0.3434    0.2774       166
     engaged     0.9079    0.8511    0.8786      1263

    accuracy                         0.7922      1429
   macro avg     0.5703    0.5973    0.5780      1429
weighted avg     0.8295    0.7922    0.8088      1429

Confusion matrix (rows: actual, columns: predicted):
[[  57  109]
 [ 188 1075]]
Epoch 1/50 | train loss: 0.6487 | validation loss: 0.7361 | validation accuracy: 0.7264 | validation AP: 0.1447
Epoch 2/50 | train loss: 0.6262 | validation loss: 0.6648 | validation accuracy: 0.6949 | validation AP: 0.2278
Epoch 3/50 | train loss: 0.5956 | validation loss: 0.7852 | validation accuracy: 0.8565 | validation AP: 0.1841[I 2026-10-09 00:45:59,594] Trial 3 finished with value: 0.22945817304086744 and parameters: {'hidden_size': 40, 'num_layers': 1, 'dropout': 0.0, 'learning_rate': 0.006586289317583112, 'batch_size': 16}. Best is trial 3 with value: 0.22945817304086744.
[I 2026-10-09 00:46:15,284] Trial 4 finished with value: 0.20518827442431786 and parameters: {'hidden_size': 70, 'num_layers': 1, 'dropout': 0.0, 'learning_rate': 0.0069782812651260325, 'batch_size': 64}. Best is trial 3 with value: 0.22945817304086744.

Epoch 4/50 | train loss: 0.5872 | validation loss: 0.6536 | validation accuracy: 0.6998 | validation AP: 0.2075
Epoch 5/50 | train loss: 0.5614 | validation loss: 0.7139 | validation accuracy: 0.7957 | validation AP: 0.2247
Epoch 6/50 | train loss: 0.5396 | validation loss: 0.7298 | validation accuracy: 0.8104 | validation AP: 0.1909
Stopping at epoch 6: validation AP has not improved for 4 epochs.
Best epoch: 2 | validation AP: 0.2278 | epochs run: 6

Validation classification report:
              precision    recall  f1-score   support

  disengaged     0.1918    0.5060    0.2781       166
     engaged     0.9173    0.7197    0.8066      1263

    accuracy                         0.6949      1429
   macro avg     0.5545    0.6129    0.5424      1429
weighted avg     0.8330    0.6949    0.7452      1429

Confusion matrix (rows: actual, columns: predicted):
[[ 84  82]
 [354 909]]
Epoch 1/50 | train loss: 0.6835 | validation loss: 0.6964 | validation accuracy: 0.6172 | validation AP: 0.1548
Epoch 2/50 | train loss: 0.6817 | validation loss: 0.6952 | validation accuracy: 0.7558 | validation AP: 0.1933
Epoch 3/50 | train loss: 0.662 | validation loss: 0.7108 | validation accuracy: 0.7404 | validation AP: 0.1797
Epoch 4/50 | train loss: 0.6601 | validation loss: 0.6974 | validation accuracy: 0.7012 | validation AP: 0.1928
Epoch 5/50 | train loss: 0.6459 | validation loss: 0.7157 | validation accuracy: 0.6788 | validation AP: 0.1437
Epoch 6/50 | train loss: 0.6775 | validation loss: 0.7211 | validation accuracy: 0.753 | validation AP: 0.1654
Stopping at epoch 6: validation AP has not improved for 4 epochs.
Best epoch: 2 | validation AP: 0.1933 | epochs run: 6

Validation classification report:
              precision    recall  f1-score   support

  disengaged     0.1960    0.3554    0.2527       166
     engaged     0.9051    0.8084    0.8540      1263

    accuracy                         0.7558      1429
   macro avg     0.5506    0.5819    0.5534      1429
weighted avg     0.8228    0.7558    0.7842      1429

Confusion matrix (rows: actual, columns: predicted):
[[  59  107]
 [ 242 1021]]
Epoch 1/50 | train loss: 0.6949 | validation loss: 0.685 | validation accuracy: 0.6305 | validation AP: 0.1608
Epoch 2/50 | train loss: 0.6719 | validation loss: 0.6687 | validation accuracy: 0.6165 | validation AP: 0.1731
Epoch 3/50 | train loss: 0.6636 | validation loss: 0.7044 | validation accuracy: 0.4829 | validation AP: 0.1374
Epoch 4/50 | train loss: 0.6508 | validation loss: 0.7619 | validation accuracy: 0.6767 | validation AP: 0.1323
Epoch 5/50 | train loss: 0.6376 | validation loss: 0.6865 | validation accuracy: 0.6949 | validation AP: 0.1943
Epoch 6/50 | train loss: 0.6283 | validation loss: 0.6736 | validation accuracy: 0.6403 | validation AP: 0.1922
Epoch 7/50 | train loss: 0.6273 | validation loss: 0.7772 | validation accuracy: 0.7964 | validation AP: 0.1874
Epoch 8/50 | train loss: 0.63 | validation loss: 0.7122 | validation accuracy: 0.7376 | validation AP: 0.2122
Epoch 9/50 | train loss: 0.6148 | validation loss: 0.7168 | validation accuracy: 0.7054 | validation AP: 0.2145
Epoch 10/50 | train loss: 0.6086 | validation loss: 0.7018 | validation accuracy: 0.5955 | validation AP: 0.209
Epoch 11/50 | train loss: 0.6112 | validation loss: 0.7384 | validation accuracy: 0.7474 | validation AP: 0.2117
Epoch 12/50 | train loss: 0.5969 | validation loss: 0.676 | validation accuracy: 0.501 | validation AP: 0.1873
Epoch 13/50 | train loss: 0.5503 | validation loss: 0.7718 | validation accuracy: 0.7327 | validation AP: 0.2019
Stopping at epoch 13: validation AP has not improved for 4 epochs.
Best epoch: 9 | validation AP: 0.2145 | epochs run: 13

Validation classification report:
              precision    recall  f1-score   support

  disengaged     0.1705    0.3976    0.2387       166
     engaged     0.9040    0.7458    0.8174      1263

    accuracy                         0.7054      1429
   macro avg     0.5373    0.5717    0.5280      1429
weighted avg     0.8188    0.7054    0.7501      1429

Confusion matrix (rows: actual, columns: predicted):
[[ 66 100]
 [321 942]]
Epoch 1/50 | train loss: 0.6947 | validation loss: 0.7071 | validation accuracy: 0.697 | validation AP: 0.1554
Epoch 2/50 | train loss: 0.6689 | validation loss: 0.6465 | validation accuracy: 0.4983 | validation AP: 0.2078
Epoch 3/50 | train loss: 0.6691 | validation loss: 0.6938 | validation accuracy: 0.6459 | validation AP: 0.1782
Epoch 4/50 | train loss: 0.6614 | validation loss: 0.7444 | validation accuracy: 0.6928 | validation AP: 0.1332
Epoch 5/50 | train loss: 0.6474 | validation loss: 0.6347 | validation accuracy: 0.5157 | validation AP: 0.2014
Epoch 6/50 | train loss: 0.617 | validation loss: 0.671 | validation accuracy: 0.5066 | validation AP: 0.1581
Stopping at epoch 6: validation AP has not improved for 4 epochs.
Best epoch: 2 | validation AP: 0.2078 | epochs run: 6

Validation classification report:
              precision    recall  f1-score   support

  disengaged     0.1472    0.6928    0.2429       166
     engaged     0.9213    0.4727    0.6248      1263

    accuracy                         0.4983      1429
   macro avg     0.5343    0.5827    0.4338      1429
weighted avg     0.8314    0.4983    0.5804      1429

Confusion matrix (rows: actual, columns: predicted):
[[115  51]
 [666 597]]
Epoch 1/50 | train loss: 0.6482 | validation loss: 0.749 | validation accuracy: 0.7922 | validation AP: 0.1475
Epoch 2/50 | train loss: 0.6136 | validation loss: 0.7805 | validation accuracy: 0.8488 | validation AP: 0.211
Epoch 3/50 | train loss: 0.6067 | validation loss: 0.7757 | validation accuracy: 0.8188 | validation AP: 0.186
Epoch 4/50 | train loss: 0.6017 | validation loss: 0.7131 | validation accuracy: 0.8027 | validation AP: 0.2008
Epoch 5/50 | train loss: 0.5726 | validation loss: 0.731 | validation accuracy: 0.7999 | validation AP: 0.1787
Epoch 6/50 | train loss: 0.5522 | validation loss: 0.8365 | validation accuracy: 0.8586 | validation AP: 0.2114
Epoch 7/50 | train loss: 0.5505 | validation loss: 0.7027 | validation accuracy: 0.7299 | validation AP: 0.204
Epoch 8/50 | train loss: 0.5393 | validation loss: 0.8222 | validation accuracy: 0.8341 | validation AP: 0.1991
Epoch 9/50 | train loss: 0.5237 | validation loss: 0.6776 | validation accuracy: 0.7089 | validation AP: 0.2209
Epoch 10/50 | train loss: 0.5091 | validation loss: 0.697 | validation accuracy: 0.7922 | validation AP: 0.2267
Epoch 11/50 | train loss: 0.502 | validation loss: 0.7618 | validation accuracy: 0.7327 | validation AP: 0.1813
Epoch 12/50 | train loss: 0.4744 | validation loss: 0.7237 | validation accuracy: 0.7285 | validation AP: 0.2062
Epoch 13/50 | train loss: 0.4835 | validation loss: 0.7636 | validation accuracy: 0.7558 | validation AP: 0.2229
Epoch 14/50 | train loss: 0.4591 | validation loss: 0.8572 | validation accuracy: 0.7306 | validation AP: 0.1666
Stopping at epoch 14: validation AP has not improved for 4 epochs.
Best epoch: 10 | validation AP: 0.2267 | epochs run: 14

Validation classification report:
              precision    recall  f1-score   support

  disengaged     0.2411    0.3675    0.2912       166
     engaged     0.9107    0.8480    0.8782      1263

    accuracy                         0.7922      1429
   macro avg     0.5759    0.6077    0.5847      1429
weighted avg     0.8329    0.7922    0.8100      1429

Confusion matrix (rows: actual, columns: predicted):
[[  61  105]
 [ 192 1071]]
Epoch 1/50 | train loss: 0.6504 | validation loss: 0.7343 | validation accuracy: 0.823 | validation AP: 0.1479
Epoch 2/50 | train loss: 0.6232 | validation loss: 0.7477 | validation accuracy: 0.8153 | validation AP: 0.1494
Epoch 3/50 | train loss: 0.6215 | validation loss: 0.722 | validation accuracy: 0.7418 | validation AP: 0.1403
Epoch 4/50 | train loss: 0.6056 | validation loss: 0.7607 | validation accuracy: 0.7775 | validation AP: 0.1401
Epoch 5/50 | train loss: 0.5982 | validation loss: 0.6927 | validation accuracy: 0.8097 | validation AP: 0.215
Epoch 6/50 | train loss: 0.5844 | validation loss: 0.7141 | validation accuracy: 0.7257 | validation AP: 0.1673
Epoch 7/50 | train loss: 0.577 | validation loss: 0.723 | validation accuracy: 0.7873 | validation AP: 0.1899[I 2026-10-09 00:47:31,540] Trial 5 finished with value: 0.21551495021486158 and parameters: {'hidden_size': 48, 'num_layers': 1, 'dropout': 0.0, 'learning_rate': 0.0040215545266902904, 'batch_size': 16}. Best is trial 3 with value: 0.22945817304086744.

Epoch 8/50 | train loss: 0.5659 | validation loss: 0.7225 | validation accuracy: 0.816 | validation AP: 0.2078
Epoch 9/50 | train loss: 0.5538 | validation loss: 0.7634 | validation accuracy: 0.7579 | validation AP: 0.1712
Stopping at epoch 9: validation AP has not improved for 4 epochs.
Best epoch: 5 | validation AP: 0.215 | epochs run: 9

Validation classification report:
              precision    recall  f1-score   support

  disengaged     0.2402    0.2952    0.2649       166
     engaged     0.9045    0.8773    0.8907      1263

    accuracy                         0.8097      1429
   macro avg     0.5723    0.5862    0.5778      1429
weighted avg     0.8273    0.8097    0.8180      1429

Confusion matrix (rows: actual, columns: predicted):
[[  49  117]
 [ 155 1108]]
Epoch 1/50 | train loss: 0.6439 | validation loss: 0.7415 | validation accuracy: 0.7467 | validation AP: 0.1458
Epoch 2/50 | train loss: 0.6246 | validation loss: 0.667 | validation accuracy: 0.6711 | validation AP: 0.2048
Epoch 3/50 | train loss: 0.6225 | validation loss: 0.7591 | validation accuracy: 0.8237 | validation AP: 0.1344
Epoch 4/50 | train loss: 0.6178 | validation loss: 0.7077 | validation accuracy: 0.7551 | validation AP: 0.1396
Epoch 5/50 | train loss: 0.611 | validation loss: 0.7005 | validation accuracy: 0.7999 | validation AP: 0.1749
Epoch 6/50 | train loss: 0.5771 | validation loss: 0.726 | validation accuracy: 0.7705 | validation AP: 0.1576
Stopping at epoch 6: validation AP has not improved for 4 epochs.
Best epoch: 2 | validation AP: 0.2048 | epochs run: 6

Validation classification report:
              precision    recall  f1-score   support

  disengaged     0.1833    0.5301    0.2724       166
     engaged     0.9178    0.6896    0.7875      1263

    accuracy                         0.6711      1429
   macro avg     0.5506    0.6099    0.5300      1429
weighted avg     0.8325    0.6711    0.7277      1429

Confusion matrix (rows: actual, columns: predicted):
[[ 88  78]
 [392 871]]
Epoch 1/50 | train loss: 0.5833 | validation loss: 0.7485 | validation accuracy: 0.8838 | validation AP: 0.1734
Epoch 2/50 | train loss: 0.5336 | validation loss: 0.7574 | validation accuracy: 0.8838 | validation AP: 0.1772
Epoch 3/50 | train loss: 0.5388 | validation loss: 0.7473 | validation accuracy: 0.8845 | validation AP: 0.1732
Epoch 4/50 | train loss: 0.5404 | validation loss: 0.7184 | validation accuracy: 0.8705 | validation AP: 0.1713
Epoch 5/50 | train loss: 0.5283 | validation loss: 0.722 | validation accuracy: 0.8684 | validation AP: 0.1574
Epoch 6/50 | train loss: 0.5302 | validation loss: 0.7188 | validation accuracy: 0.8691 | validation AP: 0.1707
Stopping at epoch 6: validation AP has not improved for 4 epochs.
Best epoch: 2 | validation AP: 0.1772 | epochs run: 6

Validation classification report:
              precision    recall  f1-score   support

  disengaged     0.0000    0.0000    0.0000       166
     engaged     0.8838    1.0000    0.9383      1263

    accuracy                         0.8838      1429
   macro avg     0.4419    0.5000    0.4692      1429
weighted avg     0.7812    0.8838    0.8293      1429

Confusion matrix (rows: actual, columns: predicted):
[[   0  166]
 [   0 1263]]
Epoch 1/50 | train loss: 0.6126 | validation loss: 0.7664 | validation accuracy: 0.8838 | validation AP: 0.1198
Epoch 2/50 | train loss: 0.5386 | validation loss: 0.7542 | validation accuracy: 0.8824 | validation AP: 0.1375
Epoch 3/50 | train loss: 0.5345 | validation loss: 0.7212 | validation accuracy: 0.8719 | validation AP: 0.144
Epoch 4/50 | train loss: 0.5268 | validation loss: 0.7357 | validation accuracy: 0.8635 | validation AP: 0.1473
Epoch 5/50 | train loss: 0.5291 | validation loss: 0.719 | validation accuracy: 0.86 | validation AP: 0.1563
Epoch 6/50 | train loss: 0.5159 | validation loss: 0.7174 | validation accuracy: 0.8516 | validation AP: 0.1568
Epoch 7/50 | train loss: 0.5252 | validation loss: 0.7242 | validation accuracy: 0.8572 | validation AP: 0.1614
Epoch 8/50 | train loss: 0.5089 | validation loss: 0.7347 | validation accuracy: 0.8565 | validation AP: 0.1612
Epoch 9/50 | train loss: 0.5072 | validation loss: 0.7133 | validation accuracy: 0.8523 | validation AP: 0.165
Epoch 10/50 | train loss: 0.5221 | validation loss: 0.6953 | validation accuracy: 0.8439 | validation AP: 0.1668
Epoch 11/50 | train loss: 0.5149 | validation loss: 0.7167 | validation accuracy: 0.8537 | validation AP: 0.1673
Epoch 12/50 | train loss: 0.5113 | validation loss: 0.699 | validation accuracy: 0.8251 | validation AP: 0.1592
Epoch 13/50 | train loss: 0.5066 | validation loss: 0.7533 | validation accuracy: 0.8432 | validation AP: 0.1602
Epoch 14/50 | train loss: 0.5157 | validation loss: 0.7247 | validation accuracy: 0.8586 | validation AP: 0.1726
Epoch 15/50 | train loss: 0.5083 | validation loss: 0.7313 | validation accuracy: 0.8362 | validation AP: 0.1644
Epoch 16/50 | train loss: 0.4952 | validation loss: 0.7243 | validation accuracy: 0.8411 | validation AP: 0.1715
Epoch 17/50 | train loss: 0.503 | validation loss: 0.7299 | validation accuracy: 0.8362 | validation AP: 0.1701
Epoch 18/50 | train loss: 0.509 | validation loss: 0.7392 | validation accuracy: 0.8453 | validation AP: 0.1781
Epoch 19/50 | train loss: 0.5094 | validation loss: 0.7067 | validation accuracy: 0.8341 | validation AP: 0.1749
Epoch 20/50 | train loss: 0.4964 | validation loss: 0.7107 | validation accuracy: 0.8321 | validation AP: 0.1841
Epoch 21/50 | train loss: 0.4936 | validation loss: 0.7439 | validation accuracy: 0.8376 | validation AP: 0.1703
Epoch 22/50 | train loss: 0.5029 | validation loss: 0.7469 | validation accuracy: 0.8558 | validation AP: 0.1873
Epoch 23/50 | train loss: 0.4861 | validation loss: 0.7022 | validation accuracy: 0.8181 | validation AP: 0.1754
Epoch 24/50 | train loss: 0.4957 | validation loss: 0.6908 | validation accuracy: 0.8069 | validation AP: 0.1765
Epoch 25/50 | train loss: 0.4953 | validation loss: 0.7225 | validation accuracy: 0.8383 | validation AP: 0.1893
Epoch 26/50 | train loss: 0.4899 | validation loss: 0.6758 | validation accuracy: 0.8132 | validation AP: 0.1894
Epoch 27/50 | train loss: 0.4832 | validation loss: 0.7625 | validation accuracy: 0.8348 | validation AP: 0.1741
Epoch 28/50 | train loss: 0.483 | validation loss: 0.6957 | validation accuracy: 0.8195 | validation AP: 0.1832
Epoch 29/50 | train loss: 0.4829 | validation loss: 0.731 | validation accuracy: 0.8223 | validation AP: 0.1792
Epoch 30/50 | train loss: 0.4828 | validation loss: 0.7006 | validation accuracy: 0.8132 | validation AP: 0.1872
Stopping at epoch 30: validation AP has not improved for 4 epochs.
Best epoch: 26 | validation AP: 0.1894 | epochs run: 30

Validation classification report:
              precision    recall  f1-score   support

  disengaged     0.2114    0.2229    0.2170       166
     engaged     0.8971    0.8907    0.8939      1263

    accuracy                         0.8132      1429
   macro avg     0.5543    0.5568    0.5555      1429
weighted avg     0.8175    0.8132    0.8153      1429

Confusion matrix (rows: actual, columns: predicted):
[[  37  129]
 [ 138 1125]]
Epoch 1/50 | train loss: 0.5665 | validation loss: 0.7342 | validation accuracy: 0.8838 | validation AP: 0.2037
Epoch 2/50 | train loss: 0.5457 | validation loss: 0.7145 | validation accuracy: 0.8838 | validation AP: 0.1626
Epoch 3/50 | train loss: 0.5377 | validation loss: 0.7327 | validation accuracy: 0.8768 | validation AP: 0.1638
Epoch 4/50 | train loss: 0.5361 | validation loss: 0.7147 | validation accuracy: 0.8754 | validation AP: 0.1631
Epoch 5/50 | train loss: 0.5195 | validation loss: 0.7131 | validation accuracy: 0.8607 | validation AP: 0.1626
Stopping at epoch 5: validation AP has not improved for 4 epochs.
Best epoch: 1 | validation AP: 0.2037 | epochs run: 5

Validation classification report:
              precision    recall  f1-score   support

  disengaged     0.0000    0.0000    0.0000       166
     engaged     0.8838    1.0000    0.9383      1263

    accuracy                         0.8838      1429
   macro avg     0.4419    0.5000    0.4692      1429
weighted avg     0.7812    0.8838    0.8293      1429
[I 2026-10-09 00:51:15,059] Trial 6 finished with value: 0.19008681802815566 and parameters: {'hidden_size': 20, 'num_layers': 3, 'dropout': 0.1, 'learning_rate': 0.0001705053926026929, 'batch_size': 8}. Best is trial 3 with value: 0.22945817304086744.
[I 2026-10-09 00:51:44,845] Trial 7 finished with value: 0.20467389377465472 and parameters: {'hidden_size': 40, 'num_layers': 1, 'dropout': 0.1, 'learning_rate': 0.0026698666742744613, 'batch_size': 32}. Best is trial 3 with value: 0.22945817304086744.

Confusion matrix (rows: actual, columns: predicted):
[[   0  166]
 [   0 1263]]
Epoch 1/50 | train loss: 0.6746 | validation loss: 0.701 | validation accuracy: 0.6816 | validation AP: 0.1558
Epoch 2/50 | train loss: 0.665 | validation loss: 0.7049 | validation accuracy: 0.7509 | validation AP: 0.1664
Epoch 3/50 | train loss: 0.6508 | validation loss: 0.7207 | validation accuracy: 0.7572 | validation AP: 0.1807
Epoch 4/50 | train loss: 0.6482 | validation loss: 0.7112 | validation accuracy: 0.732 | validation AP: 0.1874
Epoch 5/50 | train loss: 0.6414 | validation loss: 0.7271 | validation accuracy: 0.6501 | validation AP: 0.1342
Epoch 6/50 | train loss: 0.6303 | validation loss: 0.7515 | validation accuracy: 0.8041 | validation AP: 0.1872
Epoch 7/50 | train loss: 0.6215 | validation loss: 0.7357 | validation accuracy: 0.7761 | validation AP: 0.1798
Epoch 8/50 | train loss: 0.5994 | validation loss: 0.7566 | validation accuracy: 0.7838 | validation AP: 0.2124
Epoch 9/50 | train loss: 0.581 | validation loss: 0.7302 | validation accuracy: 0.7236 | validation AP: 0.1781
Epoch 10/50 | train loss: 0.5876 | validation loss: 0.7181 | validation accuracy: 0.7271 | validation AP: 0.1904
Epoch 11/50 | train loss: 0.5587 | validation loss: 0.8016 | validation accuracy: 0.7887 | validation AP: 0.2022
Epoch 12/50 | train loss: 0.5534 | validation loss: 0.7792 | validation accuracy: 0.7446 | validation AP: 0.1753
Stopping at epoch 12: validation AP has not improved for 4 epochs.
Best epoch: 8 | validation AP: 0.2124 | epochs run: 12

Validation classification report:
              precision    recall  f1-score   support

  disengaged     0.2322    0.3735    0.2864       166
     engaged     0.9105    0.8377    0.8726      1263

    accuracy                         0.7838      1429
   macro avg     0.5714    0.6056    0.5795      1429
weighted avg     0.8317    0.7838    0.8045      1429

Confusion matrix (rows: actual, columns: predicted):
[[  62  104]
 [ 205 1058]]
Epoch 1/50 | train loss: 0.6831 | validation loss: 0.6956 | validation accuracy: 0.7075 | validation AP: 0.1631
Epoch 2/50 | train loss: 0.6599 | validation loss: 0.6736 | validation accuracy: 0.6424 | validation AP: 0.1724
Epoch 3/50 | train loss: 0.6514 | validation loss: 0.731 | validation accuracy: 0.6452 | validation AP: 0.1304
Epoch 4/50 | train loss: 0.6395 | validation loss: 0.7438 | validation accuracy: 0.7047 | validation AP: 0.15
Epoch 5/50 | train loss: 0.6347 | validation loss: 0.7 | validation accuracy: 0.7327 | validation AP: 0.2056
Epoch 6/50 | train loss: 0.6263 | validation loss: 0.723 | validation accuracy: 0.7551 | validation AP: 0.1647
Epoch 7/50 | train loss: 0.6182 | validation loss: 0.715 | validation accuracy: 0.7719 | validation AP: 0.2061
Epoch 8/50 | train loss: 0.6089 | validation loss: 0.7502 | validation accuracy: 0.7768 | validation AP: 0.1983
Epoch 9/50 | train loss: 0.5917 | validation loss: 0.7096 | validation accuracy: 0.7348 | validation AP: 0.1742
Epoch 10/50 | train loss: 0.5835 | validation loss: 0.6786 | validation accuracy: 0.7327 | validation AP: 0.2009
Epoch 11/50 | train loss: 0.571 | validation loss: 0.6829 | validation accuracy: 0.7586 | validation AP: 0.2068
Epoch 12/50 | train loss: 0.57 | validation loss: 0.6792 | validation accuracy: 0.7061 | validation AP: 0.1986
Epoch 13/50 | train loss: 0.5407 | validation loss: 0.7847 | validation accuracy: 0.7684 | validation AP: 0.1864
Epoch 14/50 | train loss: 0.5389 | validation loss: 0.6834 | validation accuracy: 0.669 | validation AP: 0.1767
Epoch 15/50 | train loss: 0.5065 | validation loss: 0.8424 | validation accuracy: 0.732 | validation AP: 0.1661
Stopping at epoch 15: validation AP has not improved for 4 epochs.
Best epoch: 11 | validation AP: 0.2068 | epochs run: 15

Validation classification report:
              precision    recall  f1-score   support

  disengaged     0.2229    0.4337    0.2945       166
     engaged     0.9150    0.8013    0.8544      1263

    accuracy                         0.7586      1429
   macro avg     0.5690    0.6175    0.5744      1429
weighted avg     0.8346    0.7586    0.7893      1429

Confusion matrix (rows: actual, columns: predicted):
[[  72   94]
 [ 251 1012]]
Epoch 1/50 | train loss: 0.6795 | validation loss: 0.7271 | validation accuracy: 0.7733 | validation AP: 0.153
Epoch 2/50 | train loss: 0.6513 | validation loss: 0.6849 | validation accuracy: 0.6319 | validation AP: 0.1796
Epoch 3/50 | train loss: 0.6444 | validation loss: 0.7372 | validation accuracy: 0.7873 | validation AP: 0.1948
Epoch 4/50 | train loss: 0.6301 | validation loss: 0.7489 | validation accuracy: 0.7796 | validation AP: 0.1351
Epoch 5/50 | train loss: 0.6333 | validation loss: 0.6877 | validation accuracy: 0.7047 | validation AP: 0.1923
Epoch 6/50 | train loss: 0.6229 | validation loss: 0.6911 | validation accuracy: 0.7124 | validation AP: 0.1869
Epoch 7/50 | train loss: 0.6061 | validation loss: 0.7205 | validation accuracy: 0.7299 | validation AP: 0.1742
Stopping at epoch 7: validation AP has not improved for 4 epochs.
Best epoch: 3 | validation AP: 0.1948 | epochs run: 7

Validation classification report:
              precision    recall  f1-score   support

  disengaged     0.1974    0.2711    0.2284       166
     engaged     0.8993    0.8551    0.8766      1263

    accuracy                         0.7873      1429
   macro avg     0.5483    0.5631    0.5525      1429
weighted avg     0.8177    0.7873    0.8013      1429

Confusion matrix (rows: actual, columns: predicted):
[[  45  121]
 [ 183 1080]]
Epoch 1/50 | train loss: 0.5597 | validation loss: 0.7546 | validation accuracy: 0.8642 | validation AP: 0.1563
Epoch 2/50 | train loss: 0.528 | validation loss: 0.7567 | validation accuracy: 0.8803 | validation AP: 0.1942
Epoch 3/50 | train loss: 0.5283 | validation loss: 0.7586 | validation accuracy: 0.8558 | validation AP: 0.2039
Epoch 4/50 | train loss: 0.5286 | validation loss: 0.6742 | validation accuracy: 0.8286 | validation AP: 0.2197
Epoch 5/50 | train loss: 0.5168 | validation loss: 0.7157 | validation accuracy: 0.8579 | validation AP: 0.1523
Epoch 6/50 | train loss: 0.5105 | validation loss: 0.7674 | validation accuracy: 0.8719 | validation AP: 0.201
Epoch 7/50 | train loss: 0.5133 | validation loss: 0.7345 | validation accuracy: 0.8572 | validation AP: 0.1844
Epoch 8/50 | train loss: 0.4958 | validation loss: 0.8159 | validation accuracy: 0.8495 | validation AP: 0.1789
Stopping at epoch 8: validation AP has not improved for 4 epochs.
Best epoch: 4 | validation AP: 0.2197 | epochs run: 8

Validation classification report:
              precision    recall  f1-score   support

  disengaged     0.2276    0.1988    0.2122       166
     engaged     0.8964    0.9113    0.9038      1263

    accuracy                         0.8286      1429
   macro avg     0.5620    0.5551    0.5580      1429
weighted avg     0.8187    0.8286    0.8235      1429

Confusion matrix (rows: actual, columns: predicted):
[[  33  133]
 [ 112 1151]]
Epoch 1/50 | train loss: 0.5639 | validation loss: 0.7594 | validation accuracy: 0.8558 | validation AP: 0.135
Epoch 2/50 | train loss: 0.5399 | validation loss: 0.7736 | validation accuracy: 0.8509 | validation AP: 0.142
Epoch 3/50 | train loss: 0.5367 | validation loss: 0.7129 | validation accuracy: 0.8334 | validation AP: 0.137
Epoch 4/50 | train loss: 0.522 | validation loss: 0.7858 | validation accuracy: 0.8383 | validation AP: 0.1375
Epoch 5/50 | train loss: 0.5155 | validation loss: 0.7088 | validation accuracy: 0.8768 | validation AP: 0.2371
Epoch 6/50 | train loss: 0.5196 | validation loss: 0.7153 | validation accuracy: 0.8383 | validation AP: 0.166
Epoch 7/50 | train loss: 0.5001 | validation loss: 0.7034 | validation accuracy: 0.8677 | validation AP: 0.1818
Epoch 8/50 | train loss: 0.4817 | validation loss: 0.7016 | validation accuracy: 0.8635 | validation AP: 0.2083
Epoch 9/50 | train loss: 0.469 | validation loss: 0.7435 | validation accuracy: 0.8062 | validation AP: 0.1654
Stopping at epoch 9: validation AP has not improved for 4 epochs.
Best epoch: 5 | validation AP: 0.2371 | epochs run: 9

Validation classification report:
              precision    recall  f1-score   support

  disengaged     0.3810    0.0964    0.1538       166
     engaged     0.8919    0.9794    0.9336      1263

    accuracy                         0.8768      1429
   macro avg     0.6364    0.5379    0.5437      1429
weighted avg     0.8325    0.8768    0.8430      1429
[I 2026-10-09 00:53:33,611] Trial 8 finished with value: 0.222114182134496 and parameters: {'hidden_size': 66, 'num_layers': 2, 'dropout': 0.25, 'learning_rate': 0.0010402587615883842, 'batch_size': 8}. Best is trial 3 with value: 0.22945817304086744.
[I 2026-10-09 00:54:04,900] Trial 9 finished with value: 0.211289410533125 and parameters: {'hidden_size': 33, 'num_layers': 1, 'dropout': 0.1, 'learning_rate': 0.005532496914298506, 'batch_size': 32}. Best is trial 3 with value: 0.22945817304086744.

Confusion matrix (rows: actual, columns: predicted):
[[  16  150]
 [  26 1237]]
Epoch 1/50 | train loss: 0.5484 | validation loss: 0.6985 | validation accuracy: 0.8404 | validation AP: 0.1589
Epoch 2/50 | train loss: 0.5464 | validation loss: 0.672 | validation accuracy: 0.8237 | validation AP: 0.2095
Epoch 3/50 | train loss: 0.5383 | validation loss: 0.7467 | validation accuracy: 0.8509 | validation AP: 0.1529
Epoch 4/50 | train loss: 0.535 | validation loss: 0.7062 | validation accuracy: 0.8705 | validation AP: 0.1591
Epoch 5/50 | train loss: 0.5081 | validation loss: 0.6804 | validation accuracy: 0.8432 | validation AP: 0.1945
Epoch 6/50 | train loss: 0.5041 | validation loss: 0.7386 | validation accuracy: 0.8251 | validation AP: 0.1517
Stopping at epoch 6: validation AP has not improved for 4 epochs.
Best epoch: 2 | validation AP: 0.2095 | epochs run: 6

Validation classification report:
              precision    recall  f1-score   support

  disengaged     0.2410    0.2410    0.2410       166
     engaged     0.9002    0.9002    0.9002      1263

    accuracy                         0.8237      1429
   macro avg     0.5706    0.5706    0.5706      1429
weighted avg     0.8237    0.8237    0.8237      1429

Confusion matrix (rows: actual, columns: predicted):
[[  40  126]
 [ 126 1137]]
Epoch 1/50 | train loss: 0.6776 | validation loss: 0.7075 | validation accuracy: 0.6746 | validation AP: 0.1531
Epoch 2/50 | train loss: 0.6686 | validation loss: 0.7122 | validation accuracy: 0.7901 | validation AP: 0.1952
Epoch 3/50 | train loss: 0.6584 | validation loss: 0.7251 | validation accuracy: 0.7502 | validation AP: 0.1658
Epoch 4/50 | train loss: 0.6554 | validation loss: 0.7211 | validation accuracy: 0.7278 | validation AP: 0.1704
Epoch 5/50 | train loss: 0.644 | validation loss: 0.7245 | validation accuracy: 0.6907 | validation AP: 0.1397
Epoch 6/50 | train loss: 0.6305 | validation loss: 0.7623 | validation accuracy: 0.8153 | validation AP: 0.1743
Stopping at epoch 6: validation AP has not improved for 4 epochs.
Best epoch: 2 | validation AP: 0.1952 | epochs run: 6

Validation classification report:
              precision    recall  f1-score   support

  disengaged     0.2137    0.3012    0.2500       166
     engaged     0.9029    0.8543    0.8779      1263

    accuracy                         0.7901      1429
   macro avg     0.5583    0.5778    0.5640      1429
weighted avg     0.8229    0.7901    0.8050      1429

Confusion matrix (rows: actual, columns: predicted):
[[  50  116]
 [ 184 1079]]
Epoch 1/50 | train loss: 0.6801 | validation loss: 0.7047 | validation accuracy: 0.7033 | validation AP: 0.1745
Epoch 2/50 | train loss: 0.6636 | validation loss: 0.689 | validation accuracy: 0.6921 | validation AP: 0.1749
Epoch 3/50 | train loss: 0.6613 | validation loss: 0.7236 | validation accuracy: 0.6704 | validation AP: 0.1287
Epoch 4/50 | train loss: 0.6457 | validation loss: 0.7626 | validation accuracy: 0.7166 | validation AP: 0.1386
Epoch 5/50 | train loss: 0.6436 | validation loss: 0.681 | validation accuracy: 0.7215 | validation AP: 0.2131
Epoch 6/50 | train loss: 0.63 | validation loss: 0.7029 | validation accuracy: 0.6494 | validation AP: 0.1651
Epoch 7/50 | train loss: 0.6109 | validation loss: 0.7427 | validation accuracy: 0.7565 | validation AP: 0.1803
Epoch 8/50 | train loss: 0.5958 | validation loss: 0.761 | validation accuracy: 0.7593 | validation AP: 0.2137
Epoch 9/50 | train loss: 0.5678 | validation loss: 0.7803 | validation accuracy: 0.6844 | validation AP: 0.1749
Epoch 10/50 | train loss: 0.5753 | validation loss: 0.7409 | validation accuracy: 0.6991 | validation AP: 0.181
Epoch 11/50 | train loss: 0.5457 | validation loss: 0.7751 | validation accuracy: 0.7663 | validation AP: 0.1893
Epoch 12/50 | train loss: 0.5429 | validation loss: 0.7627 | validation accuracy: 0.7159 | validation AP: 0.1747
Stopping at epoch 12: validation AP has not improved for 4 epochs.
Best epoch: 8 | validation AP: 0.2137 | epochs run: 12

Validation classification report:
              precision    recall  f1-score   support

  disengaged     0.1888    0.3253    0.2389       166
     engaged     0.9020    0.8163    0.8570      1263

    accuracy                         0.7593      1429
   macro avg     0.5454    0.5708    0.5480      1429
weighted avg     0.8192    0.7593    0.7852      1429

Confusion matrix (rows: actual, columns: predicted):
[[  54  112]
 [ 232 1031]]
Epoch 1/50 | train loss: 0.6815 | validation loss: 0.733 | validation accuracy: 0.7229 | validation AP: 0.1392
Epoch 2/50 | train loss: 0.6571 | validation loss: 0.7067 | validation accuracy: 0.6431 | validation AP: 0.1741
Epoch 3/50 | train loss: 0.6554 | validation loss: 0.7409 | validation accuracy: 0.774 | validation AP: 0.1636
Epoch 4/50 | train loss: 0.6346 | validation loss: 0.7519 | validation accuracy: 0.7264 | validation AP: 0.1282
Epoch 5/50 | train loss: 0.6452 | validation loss: 0.6785 | validation accuracy: 0.7061 | validation AP: 0.1951
Epoch 6/50 | train loss: 0.6273 | validation loss: 0.6958 | validation accuracy: 0.6228 | validation AP: 0.1554
Epoch 7/50 | train loss: 0.6025 | validation loss: 0.753 | validation accuracy: 0.7376 | validation AP: 0.1725
Epoch 8/50 | train loss: 0.5836 | validation loss: 0.7261 | validation accuracy: 0.6998 | validation AP: 0.1612
Epoch 9/50 | train loss: 0.5726 | validation loss: 0.7272 | validation accuracy: 0.7726 | validation AP: 0.1987
Epoch 10/50 | train loss: 0.5479 | validation loss: 0.6306 | validation accuracy: 0.662 | validation AP: 0.2249
Epoch 11/50 | train loss: 0.5513 | validation loss: 0.7361 | validation accuracy: 0.7474 | validation AP: 0.2127
Epoch 12/50 | train loss: 0.5068 | validation loss: 0.849 | validation accuracy: 0.8188 | validation AP: 0.2037
Epoch 13/50 | train loss: 0.5121 | validation loss: 0.8732 | validation accuracy: 0.8062 | validation AP: 0.2072
Epoch 14/50 | train loss: 0.4957 | validation loss: 0.7953 | validation accuracy: 0.6732 | validation AP: 0.1691
Stopping at epoch 14: validation AP has not improved for 4 epochs.
Best epoch: 10 | validation AP: 0.2249 | epochs run: 14

Validation classification report:
              precision    recall  f1-score   support

  disengaged     0.2026    0.6506    0.3090       166
     engaged     0.9353    0.6635    0.7763      1263

    accuracy                         0.6620      1429
   macro avg     0.5689    0.6571    0.5426      1429
weighted avg     0.8502    0.6620    0.7220      1429

Confusion matrix (rows: actual, columns: predicted):
[[108  58]
 [425 838]]
Epoch 1/50 | train loss: 0.6605 | validation loss: 0.7432 | validation accuracy: 0.8789 | validation AP: 0.1304
Epoch 2/50 | train loss: 0.6316 | validation loss: 0.775 | validation accuracy: 0.8593 | validation AP: 0.1561
Epoch 3/50 | train loss: 0.7255 | validation loss: 0.8205 | validation accuracy: 0.8838 | validation AP: 0.1189
Epoch 4/50 | train loss: 0.7058 | validation loss: 0.7036 | validation accuracy: 0.7138 | validation AP: 0.1173
Epoch 5/50 | train loss: 0.6855 | validation loss: 0.7013 | validation accuracy: 0.7089 | validation AP: 0.1263
Epoch 6/50 | train loss: 0.6668 | validation loss: 0.766 | validation accuracy: 0.6823 | validation AP: 0.1279
Stopping at epoch 6: validation AP has not improved for 4 epochs.
Best epoch: 2 | validation AP: 0.1561 | epochs run: 6

Validation classification report:
              precision    recall  f1-score   support

  disengaged     0.2388    0.0964    0.1373       166
     engaged     0.8899    0.9596    0.9234      1263

    accuracy                         0.8593      1429
   macro avg     0.5643    0.5280    0.5304      1429
weighted avg     0.8142    0.8593    0.8321      1429

Confusion matrix (rows: actual, columns: predicted):
[[  16  150]
 [  51 1212]]
Epoch 1/50 | train loss: 0.7295 | validation loss: 0.7113 | validation accuracy: 0.8838 | validation AP: 0.1207
Epoch 2/50 | train loss: 0.7163 | validation loss: 1.2241 | validation accuracy: 0.8838 | validation AP: 0.1289
Epoch 3/50 | train loss: 0.7038 | validation loss: 0.7914 | validation accuracy: 0.8328 | validation AP: 0.1252
Epoch 4/50 | train loss: 0.7327 | validation loss: 0.8398 | validation accuracy: 0.8838 | validation AP: 0.1529[I 2026-10-09 00:55:16,338] Trial 10 finished with value: 0.15784891684388921 and parameters: {'hidden_size': 113, 'num_layers': 3, 'dropout': 0.0, 'learning_rate': 0.003903634606440267, 'batch_size': 16}. Best is trial 3 with value: 0.22945817304086744.
[I 2026-10-09 00:57:03,988] Trial 11 finished with value: 0.20215759408706288 and parameters: {'hidden_size': 84, 'num_layers': 2, 'dropout': 0.0, 'learning_rate': 0.00044331902330616805, 'batch_size': 8}. Best is trial 3 with value: 0.22945817304086744.

Epoch 5/50 | train loss: 0.7028 | validation loss: 0.7137 | validation accuracy: 0.1631 | validation AP: 0.1403
Epoch 6/50 | train loss: 0.7127 | validation loss: 0.7928 | validation accuracy: 0.8838 | validation AP: 0.1292
Epoch 7/50 | train loss: 0.6927 | validation loss: 0.9063 | validation accuracy: 0.8838 | validation AP: 0.1465
Epoch 8/50 | train loss: 0.6689 | validation loss: 0.6772 | validation accuracy: 0.2897 | validation AP: 0.1575
Epoch 9/50 | train loss: 0.6707 | validation loss: 0.9026 | validation accuracy: 0.8747 | validation AP: 0.175
Epoch 10/50 | train loss: 0.6527 | validation loss: 0.6984 | validation accuracy: 0.7439 | validation AP: 0.1659
Epoch 11/50 | train loss: 0.6503 | validation loss: 0.6655 | validation accuracy: 0.7096 | validation AP: 0.1681
Epoch 12/50 | train loss: 0.6469 | validation loss: 0.7729 | validation accuracy: 0.823 | validation AP: 0.1544
Epoch 13/50 | train loss: 0.6226 | validation loss: 0.755 | validation accuracy: 0.5052 | validation AP: 0.1629
Stopping at epoch 13: validation AP has not improved for 4 epochs.
Best epoch: 9 | validation AP: 0.175 | epochs run: 13

Validation classification report:
              precision    recall  f1-score   support

  disengaged     0.1905    0.0241    0.0428       166
     engaged     0.8849    0.9865    0.9330      1263

    accuracy                         0.8747      1429
   macro avg     0.5377    0.5053    0.4879      1429
weighted avg     0.8043    0.8747    0.8296      1429

Confusion matrix (rows: actual, columns: predicted):
[[   4  162]
 [  17 1246]]
Epoch 1/50 | train loss: 0.6711 | validation loss: 0.872 | validation accuracy: 0.6424 | validation AP: 0.1199
Epoch 2/50 | train loss: 0.7065 | validation loss: 0.7458 | validation accuracy: 0.8775 | validation AP: 0.1204
Epoch 3/50 | train loss: 0.6617 | validation loss: 0.7461 | validation accuracy: 0.8341 | validation AP: 0.1208
Epoch 4/50 | train loss: 0.6704 | validation loss: 1.1735 | validation accuracy: 0.8733 | validation AP: 0.133
Epoch 5/50 | train loss: 0.6323 | validation loss: 0.6883 | validation accuracy: 0.4801 | validation AP: 0.1324
Epoch 6/50 | train loss: 0.6482 | validation loss: 0.7533 | validation accuracy: 0.6116 | validation AP: 0.1424
Epoch 7/50 | train loss: 0.6982 | validation loss: 0.695 | validation accuracy: 0.4059 | validation AP: 0.1289
Epoch 8/50 | train loss: 0.7411 | validation loss: 1.1023 | validation accuracy: 0.8838 | validation AP: 0.1243
Epoch 9/50 | train loss: 0.6826 | validation loss: 0.8799 | validation accuracy: 0.8733 | validation AP: 0.1203
Epoch 10/50 | train loss: 0.6806 | validation loss: 0.7256 | validation accuracy: 0.8768 | validation AP: 0.1338
Stopping at epoch 10: validation AP has not improved for 4 epochs.
Best epoch: 6 | validation AP: 0.1424 | epochs run: 10

Validation classification report:
              precision    recall  f1-score   support

  disengaged     0.1483    0.4940    0.2281       166
     engaged     0.9041    0.6271    0.7405      1263

    accuracy                         0.6116      1429
   macro avg     0.5262    0.5605    0.4843      1429
weighted avg     0.8163    0.6116    0.6810      1429

Confusion matrix (rows: actual, columns: predicted):
[[ 82  84]
 [471 792]]
Epoch 1/50 | train loss: 0.5573 | validation loss: 0.7474 | validation accuracy: 0.8691 | validation AP: 0.153
Epoch 2/50 | train loss: 0.5246 | validation loss: 0.7326 | validation accuracy: 0.8817 | validation AP: 0.2081
Epoch 3/50 | train loss: 0.5277 | validation loss: 0.7639 | validation accuracy: 0.874 | validation AP: 0.197
Epoch 4/50 | train loss: 0.5267 | validation loss: 0.6772 | validation accuracy: 0.8355 | validation AP: 0.2157
Epoch 5/50 | train loss: 0.515 | validation loss: 0.7227 | validation accuracy: 0.8614 | validation AP: 0.1429
Epoch 6/50 | train loss: 0.5154 | validation loss: 0.7381 | validation accuracy: 0.8614 | validation AP: 0.1772
Epoch 7/50 | train loss: 0.5169 | validation loss: 0.7232 | validation accuracy: 0.8293 | validation AP: 0.159
Epoch 8/50 | train loss: 0.5027 | validation loss: 0.8346 | validation accuracy: 0.8712 | validation AP: 0.1628
Stopping at epoch 8: validation AP has not improved for 4 epochs.
Best epoch: 4 | validation AP: 0.2157 | epochs run: 8

Validation classification report:
              precision    recall  f1-score   support

  disengaged     0.2195    0.1627    0.1869       166
     engaged     0.8936    0.9240    0.9085      1263

    accuracy                         0.8355      1429
   macro avg     0.5565    0.5433    0.5477      1429
weighted avg     0.8153    0.8355    0.8247      1429

Confusion matrix (rows: actual, columns: predicted):
[[  27  139]
 [  96 1167]]
Epoch 1/50 | train loss: 0.5595 | validation loss: 0.7361 | validation accuracy: 0.8656 | validation AP: 0.1383
Epoch 2/50 | train loss: 0.5389 | validation loss: 0.7426 | validation accuracy: 0.8509 | validation AP: 0.1403
Epoch 3/50 | train loss: 0.5292 | validation loss: 0.7166 | validation accuracy: 0.8446 | validation AP: 0.1429
Epoch 4/50 | train loss: 0.5227 | validation loss: 0.7685 | validation accuracy: 0.8279 | validation AP: 0.1353
Epoch 5/50 | train loss: 0.5178 | validation loss: 0.7054 | validation accuracy: 0.8719 | validation AP: 0.2007
Epoch 6/50 | train loss: 0.5117 | validation loss: 0.7295 | validation accuracy: 0.8362 | validation AP: 0.1577
Epoch 7/50 | train loss: 0.5105 | validation loss: 0.7241 | validation accuracy: 0.8565 | validation AP: 0.1699
Epoch 8/50 | train loss: 0.4977 | validation loss: 0.7276 | validation accuracy: 0.8712 | validation AP: 0.1931
Epoch 9/50 | train loss: 0.4965 | validation loss: 0.733 | validation accuracy: 0.8146 | validation AP: 0.1526
Stopping at epoch 9: validation AP has not improved for 4 epochs.
Best epoch: 5 | validation AP: 0.2007 | epochs run: 9

Validation classification report:
              precision    recall  f1-score   support

  disengaged     0.3023    0.0783    0.1244       166
     engaged     0.8896    0.9762    0.9309      1263

    accuracy                         0.8719      1429
   macro avg     0.5960    0.5273    0.5277      1429
weighted avg     0.8214    0.8719    0.8372      1429

Confusion matrix (rows: actual, columns: predicted):
[[  13  153]
 [  30 1233]]
Epoch 1/50 | train loss: 0.5467 | validation loss: 0.7012 | validation accuracy: 0.8397 | validation AP: 0.1593
Epoch 2/50 | train loss: 0.5382 | validation loss: 0.6734 | validation accuracy: 0.83 | validation AP: 0.19
Epoch 3/50 | train loss: 0.5295 | validation loss: 0.7601 | validation accuracy: 0.839 | validation AP: 0.1471
Epoch 4/50 | train loss: 0.5259 | validation loss: 0.7047 | validation accuracy: 0.8712 | validation AP: 0.162
Epoch 5/50 | train loss: 0.5085 | validation loss: 0.6809 | validation accuracy: 0.8572 | validation AP: 0.1876
Epoch 6/50 | train loss: 0.5059 | validation loss: 0.7486 | validation accuracy: 0.8397 | validation AP: 0.1521
Stopping at epoch 6: validation AP has not improved for 4 epochs.
Best epoch: 2 | validation AP: 0.19 | epochs run: 6

Validation classification report:
              precision    recall  f1-score   support

  disengaged     0.2516    0.2349    0.2430       166
     engaged     0.9003    0.9082    0.9042      1263

    accuracy                         0.8300      1429
   macro avg     0.5760    0.5715    0.5736      1429
weighted avg     0.8250    0.8300    0.8274      1429

Confusion matrix (rows: actual, columns: predicted):
[[  39  127]
 [ 116 1147]]
Epoch 1/50 | train loss: 0.6486 | validation loss: 0.7683 | validation accuracy: 0.8404 | validation AP: 0.1462
Epoch 2/50 | train loss: 0.6149 | validation loss: 0.8484 | validation accuracy: 0.8635 | validation AP: 0.1966
Epoch 3/50 | train loss: 0.6153 | validation loss: 0.7669 | validation accuracy: 0.8251 | validation AP: 0.1929
Epoch 4/50 | train loss: 0.5998 | validation loss: 0.7061 | validation accuracy: 0.7852 | validation AP: 0.1778
Epoch 5/50 | train loss: 0.5776 | validation loss: 0.7645 | validation accuracy: 0.7817 | validation AP: 0.1359
Epoch 6/50 | train loss: 0.5534 | validation loss: 0.8641 | validation accuracy: 0.8565 | validation AP: 0.2169
Epoch 7/50 | train loss: 0.5321 | validation loss: 0.8178 | validation accuracy: 0.8223 | validation AP: 0.2377[I 2026-10-09 00:58:08,005] Trial 12 finished with value: 0.23837880981485457 and parameters: {'hidden_size': 20, 'num_layers': 2, 'dropout': 0.0, 'learning_rate': 0.008285735608019451, 'batch_size': 16}. Best is trial 12 with value: 0.23837880981485457.

Epoch 8/50 | train loss: 0.5259 | validation loss: 0.9048 | validation accuracy: 0.8579 | validation AP: 0.2045
Epoch 9/50 | train loss: 0.5256 | validation loss: 0.7118 | validation accuracy: 0.8062 | validation AP: 0.2452
Epoch 10/50 | train loss: 0.5114 | validation loss: 0.7605 | validation accuracy: 0.8083 | validation AP: 0.2072
Epoch 11/50 | train loss: 0.5012 | validation loss: 0.8229 | validation accuracy: 0.8111 | validation AP: 0.2004
Epoch 12/50 | train loss: 0.5011 | validation loss: 0.842 | validation accuracy: 0.795 | validation AP: 0.1569
Epoch 13/50 | train loss: 0.4978 | validation loss: 0.8855 | validation accuracy: 0.7887 | validation AP: 0.1913
Stopping at epoch 13: validation AP has not improved for 4 epochs.
Best epoch: 9 | validation AP: 0.2452 | epochs run: 13

Validation classification report:
              precision    recall  f1-score   support

  disengaged     0.2394    0.3072    0.2691       166
     engaged     0.9054    0.8717    0.8883      1263

    accuracy                         0.8062      1429
   macro avg     0.5724    0.5895    0.5787      1429
weighted avg     0.8281    0.8062    0.8163      1429

Confusion matrix (rows: actual, columns: predicted):
[[  51  115]
 [ 162 1101]]
Epoch 1/50 | train loss: 0.6508 | validation loss: 0.8056 | validation accuracy: 0.8488 | validation AP: 0.1392
Epoch 2/50 | train loss: 0.6236 | validation loss: 0.7806 | validation accuracy: 0.8076 | validation AP: 0.1496
Epoch 3/50 | train loss: 0.6146 | validation loss: 0.6944 | validation accuracy: 0.7481 | validation AP: 0.1724
Epoch 4/50 | train loss: 0.5769 | validation loss: 0.7358 | validation accuracy: 0.8013 | validation AP: 0.1944
Epoch 5/50 | train loss: 0.5692 | validation loss: 0.6682 | validation accuracy: 0.8006 | validation AP: 0.2338
Epoch 6/50 | train loss: 0.5452 | validation loss: 0.6861 | validation accuracy: 0.7173 | validation AP: 0.1759
Epoch 7/50 | train loss: 0.5336 | validation loss: 0.6919 | validation accuracy: 0.7754 | validation AP: 0.2172
Epoch 8/50 | train loss: 0.5069 | validation loss: 0.6829 | validation accuracy: 0.7432 | validation AP: 0.2032
Epoch 9/50 | train loss: 0.5018 | validation loss: 0.7661 | validation accuracy: 0.7327 | validation AP: 0.1816
Stopping at epoch 9: validation AP has not improved for 4 epochs.
Best epoch: 5 | validation AP: 0.2338 | epochs run: 9

Validation classification report:
              precision    recall  f1-score   support

  disengaged     0.2591    0.3855    0.3099       166
     engaged     0.9137    0.8551    0.8834      1263

    accuracy                         0.8006      1429
   macro avg     0.5864    0.6203    0.5967      1429
weighted avg     0.8377    0.8006    0.8168      1429

Confusion matrix (rows: actual, columns: predicted):
[[  64  102]
 [ 183 1080]]
Epoch 1/50 | train loss: 0.6449 | validation loss: 0.7278 | validation accuracy: 0.725 | validation AP: 0.1499
Epoch 2/50 | train loss: 0.6303 | validation loss: 0.6658 | validation accuracy: 0.6494 | validation AP: 0.1787
Epoch 3/50 | train loss: 0.6169 | validation loss: 0.7673 | validation accuracy: 0.8726 | validation AP: 0.2361
Epoch 4/50 | train loss: 0.604 | validation loss: 0.6985 | validation accuracy: 0.7103 | validation AP: 0.1497
Epoch 5/50 | train loss: 0.5984 | validation loss: 0.68 | validation accuracy: 0.7831 | validation AP: 0.2288
Epoch 6/50 | train loss: 0.566 | validation loss: 0.7718 | validation accuracy: 0.767 | validation AP: 0.1387
Epoch 7/50 | train loss: 0.5763 | validation loss: 0.7226 | validation accuracy: 0.8013 | validation AP: 0.1671
Stopping at epoch 7: validation AP has not improved for 4 epochs.
Best epoch: 3 | validation AP: 0.2361 | epochs run: 7

Validation classification report:
              precision    recall  f1-score   support

  disengaged     0.3182    0.0843    0.1333       166
     engaged     0.8903    0.9762    0.9313      1263

    accuracy                         0.8726      1429
   macro avg     0.6042    0.5303    0.5323      1429
weighted avg     0.8238    0.8726    0.8386      1429

Confusion matrix (rows: actual, columns: predicted):
[[  14  152]
 [  30 1233]]
Epoch 1/50 | train loss: 0.6436 | validation loss: 0.7323 | validation accuracy: 0.8328 | validation AP: 0.1442
Epoch 2/50 | train loss: 0.6104 | validation loss: 0.7604 | validation accuracy: 0.8705 | validation AP: 0.1914
Epoch 3/50 | train loss: 0.5991 | validation loss: 0.7995 | validation accuracy: 0.8446 | validation AP: 0.1802
Epoch 4/50 | train loss: 0.6001 | validation loss: 0.7477 | validation accuracy: 0.8362 | validation AP: 0.1941
Epoch 5/50 | train loss: 0.5723 | validation loss: 0.7463 | validation accuracy: 0.8041 | validation AP: 0.1735
Epoch 6/50 | train loss: 0.54 | validation loss: 0.8699 | validation accuracy: 0.8551 | validation AP: 0.1855
Epoch 7/50 | train loss: 0.5399 | validation loss: 0.7677 | validation accuracy: 0.7705 | validation AP: 0.1862
Epoch 8/50 | train loss: 0.531 | validation loss: 0.8592 | validation accuracy: 0.8565 | validation AP: 0.2024
Epoch 9/50 | train loss: 0.5172 | validation loss: 0.7199 | validation accuracy: 0.7334 | validation AP: 0.1999
Epoch 10/50 | train loss: 0.5084 | validation loss: 0.8095 | validation accuracy: 0.7915 | validation AP: 0.1733
Epoch 11/50 | train loss: 0.5028 | validation loss: 0.815 | validation accuracy: 0.7803 | validation AP: 0.1789
Epoch 12/50 | train loss: 0.4906 | validation loss: 0.8131 | validation accuracy: 0.7614 | validation AP: 0.1671
Stopping at epoch 12: validation AP has not improved for 4 epochs.
Best epoch: 8 | validation AP: 0.2024 | epochs run: 12

Validation classification report:
              precision    recall  f1-score   support

  disengaged     0.2532    0.1205    0.1633       166
     engaged     0.8919    0.9533    0.9215      1263

    accuracy                         0.8565      1429
   macro avg     0.5725    0.5369    0.5424      1429
weighted avg     0.8177    0.8565    0.8335      1429

Confusion matrix (rows: actual, columns: predicted):
[[  20  146]
 [  59 1204]]
Epoch 1/50 | train loss: 0.6444 | validation loss: 0.7472 | validation accuracy: 0.8334 | validation AP: 0.1494
Epoch 2/50 | train loss: 0.6147 | validation loss: 0.7247 | validation accuracy: 0.7978 | validation AP: 0.1602
Epoch 3/50 | train loss: 0.61 | validation loss: 0.7311 | validation accuracy: 0.7964 | validation AP: 0.1599
Epoch 4/50 | train loss: 0.5911 | validation loss: 0.7681 | validation accuracy: 0.8034 | validation AP: 0.1558
Epoch 5/50 | train loss: 0.576 | validation loss: 0.7031 | validation accuracy: 0.8321 | validation AP: 0.2255
Epoch 6/50 | train loss: 0.554 | validation loss: 0.6622 | validation accuracy: 0.7649 | validation AP: 0.2033
Epoch 7/50 | train loss: 0.5426 | validation loss: 0.6862 | validation accuracy: 0.7852 | validation AP: 0.2213
Epoch 8/50 | train loss: 0.525 | validation loss: 0.6928 | validation accuracy: 0.7803 | validation AP: 0.2162
Epoch 9/50 | train loss: 0.5079 | validation loss: 0.7419 | validation accuracy: 0.7908 | validation AP: 0.2024
Stopping at epoch 9: validation AP has not improved for 4 epochs.
Best epoch: 5 | validation AP: 0.2255 | epochs run: 9

Validation classification report:
              precision    recall  f1-score   support

  disengaged     0.2716    0.2651    0.2683       166
     engaged     0.9037    0.9066    0.9051      1263

    accuracy                         0.8321      1429
   macro avg     0.5877    0.5858    0.5867      1429
weighted avg     0.8303    0.8321    0.8312      1429

Confusion matrix (rows: actual, columns: predicted):
[[  44  122]
 [ 118 1145]]
Epoch 1/50 | train loss: 0.637 | validation loss: 0.7543 | validation accuracy: 0.8069 | validation AP: 0.1462
Epoch 2/50 | train loss: 0.616 | validation loss: 0.6949 | validation accuracy: 0.7159 | validation AP: 0.1877
Epoch 3/50 | train loss: 0.6078 | validation loss: 0.7534 | validation accuracy: 0.788 | validation AP: 0.1594
Epoch 4/50 | train loss: 0.5964 | validation loss: 0.7091 | validation accuracy: 0.7187 | validation AP: 0.1471
Epoch 5/50 | train loss: 0.5811 | validation loss: 0.6884 | validation accuracy: 0.7376 | validation AP: 0.1827
Epoch 6/50 | train loss: 0.5641 | validation loss: 0.7312 | validation accuracy: 0.7467 | validation AP: 0.1699[I 2026-10-09 00:59:17,983] Trial 13 finished with value: 0.20519350035157916 and parameters: {'hidden_size': 20, 'num_layers': 1, 'dropout': 0.0, 'learning_rate': 0.0038742493632163404, 'batch_size': 16}. Best is trial 12 with value: 0.23837880981485457.
[I 2026-10-09 01:00:59,167] Trial 14 finished with value: 0.20956607866405116 and parameters: {'hidden_size': 22, 'num_layers': 2, 'dropout': 0.0, 'learning_rate': 0.001965563888697516, 'batch_size': 16}. Best is trial 12 with value: 0.23837880981485457.

Stopping at epoch 6: validation AP has not improved for 4 epochs.
Best epoch: 2 | validation AP: 0.1877 | epochs run: 6

Validation classification report:
              precision    recall  f1-score   support

  disengaged     0.1842    0.4217    0.2564       166
     engaged     0.9085    0.7546    0.8244      1263

    accuracy                         0.7159      1429
   macro avg     0.5463    0.5881    0.5404      1429
weighted avg     0.8243    0.7159    0.7584      1429

Confusion matrix (rows: actual, columns: predicted):
[[ 70  96]
 [310 953]]
Epoch 1/50 | train loss: 0.6353 | validation loss: 0.7414 | validation accuracy: 0.8341 | validation AP: 0.1486
Epoch 2/50 | train loss: 0.6108 | validation loss: 0.7521 | validation accuracy: 0.8544 | validation AP: 0.1583
Epoch 3/50 | train loss: 0.6074 | validation loss: 0.778 | validation accuracy: 0.8411 | validation AP: 0.1681
Epoch 4/50 | train loss: 0.6092 | validation loss: 0.7195 | validation accuracy: 0.7943 | validation AP: 0.1705
Epoch 5/50 | train loss: 0.5958 | validation loss: 0.7404 | validation accuracy: 0.809 | validation AP: 0.1526
Epoch 6/50 | train loss: 0.5842 | validation loss: 0.7923 | validation accuracy: 0.8523 | validation AP: 0.1749
Epoch 7/50 | train loss: 0.5778 | validation loss: 0.7255 | validation accuracy: 0.7208 | validation AP: 0.151
Epoch 8/50 | train loss: 0.5614 | validation loss: 0.7887 | validation accuracy: 0.8425 | validation AP: 0.1882
Epoch 9/50 | train loss: 0.5461 | validation loss: 0.6694 | validation accuracy: 0.6851 | validation AP: 0.2006
Epoch 10/50 | train loss: 0.5425 | validation loss: 0.692 | validation accuracy: 0.7376 | validation AP: 0.1879
Epoch 11/50 | train loss: 0.5258 | validation loss: 0.7437 | validation accuracy: 0.7943 | validation AP: 0.192
Epoch 12/50 | train loss: 0.5073 | validation loss: 0.7814 | validation accuracy: 0.7649 | validation AP: 0.1739
Epoch 13/50 | train loss: 0.4877 | validation loss: 0.7659 | validation accuracy: 0.767 | validation AP: 0.2088
Epoch 14/50 | train loss: 0.4686 | validation loss: 0.8162 | validation accuracy: 0.7432 | validation AP: 0.1542
Epoch 15/50 | train loss: 0.4543 | validation loss: 0.8094 | validation accuracy: 0.7124 | validation AP: 0.1877
Epoch 16/50 | train loss: 0.4287 | validation loss: 0.7784 | validation accuracy: 0.7236 | validation AP: 0.1954
Epoch 17/50 | train loss: 0.4177 | validation loss: 0.8452 | validation accuracy: 0.7159 | validation AP: 0.1769
Stopping at epoch 17: validation AP has not improved for 4 epochs.
Best epoch: 13 | validation AP: 0.2088 | epochs run: 17

Validation classification report:
              precision    recall  f1-score   support

  disengaged     0.2131    0.3735    0.2713       166
     engaged     0.9086    0.8187    0.8613      1263

    accuracy                         0.7670      1429
   macro avg     0.5608    0.5961    0.5663      1429
weighted avg     0.8278    0.7670    0.7928      1429

Confusion matrix (rows: actual, columns: predicted):
[[  62  104]
 [ 229 1034]]
Epoch 1/50 | train loss: 0.6402 | validation loss: 0.7602 | validation accuracy: 0.8202 | validation AP: 0.1429
Epoch 2/50 | train loss: 0.6137 | validation loss: 0.7292 | validation accuracy: 0.8013 | validation AP: 0.1541
Epoch 3/50 | train loss: 0.6148 | validation loss: 0.7291 | validation accuracy: 0.7698 | validation AP: 0.1437
Epoch 4/50 | train loss: 0.6014 | validation loss: 0.7696 | validation accuracy: 0.7768 | validation AP: 0.1391
Epoch 5/50 | train loss: 0.5984 | validation loss: 0.7262 | validation accuracy: 0.8279 | validation AP: 0.1885
Epoch 6/50 | train loss: 0.5894 | validation loss: 0.7599 | validation accuracy: 0.781 | validation AP: 0.159
Epoch 7/50 | train loss: 0.5861 | validation loss: 0.7403 | validation accuracy: 0.8174 | validation AP: 0.1806
Epoch 8/50 | train loss: 0.572 | validation loss: 0.7428 | validation accuracy: 0.8334 | validation AP: 0.1907
Epoch 9/50 | train loss: 0.5605 | validation loss: 0.7624 | validation accuracy: 0.7789 | validation AP: 0.1623
Epoch 10/50 | train loss: 0.5525 | validation loss: 0.7499 | validation accuracy: 0.8041 | validation AP: 0.2019
Epoch 11/50 | train loss: 0.5395 | validation loss: 0.7284 | validation accuracy: 0.7726 | validation AP: 0.2009
Epoch 12/50 | train loss: 0.5404 | validation loss: 0.6656 | validation accuracy: 0.7082 | validation AP: 0.1985
Epoch 13/50 | train loss: 0.4984 | validation loss: 0.8239 | validation accuracy: 0.8132 | validation AP: 0.2121
Epoch 14/50 | train loss: 0.5086 | validation loss: 0.8166 | validation accuracy: 0.8348 | validation AP: 0.2219
Epoch 15/50 | train loss: 0.4879 | validation loss: 0.7923 | validation accuracy: 0.8111 | validation AP: 0.2047
Epoch 16/50 | train loss: 0.4674 | validation loss: 0.8156 | validation accuracy: 0.8013 | validation AP: 0.2253
Epoch 17/50 | train loss: 0.456 | validation loss: 0.9361 | validation accuracy: 0.8188 | validation AP: 0.1949
Epoch 18/50 | train loss: 0.4655 | validation loss: 0.8765 | validation accuracy: 0.802 | validation AP: 0.2134
Epoch 19/50 | train loss: 0.4376 | validation loss: 0.8198 | validation accuracy: 0.7901 | validation AP: 0.1958
Epoch 20/50 | train loss: 0.4209 | validation loss: 0.8207 | validation accuracy: 0.8132 | validation AP: 0.2408
Epoch 21/50 | train loss: 0.4262 | validation loss: 0.7915 | validation accuracy: 0.7656 | validation AP: 0.2165
Epoch 22/50 | train loss: 0.405 | validation loss: 0.8825 | validation accuracy: 0.8055 | validation AP: 0.2136
Epoch 23/50 | train loss: 0.3753 | validation loss: 0.955 | validation accuracy: 0.8188 | validation AP: 0.2173
Epoch 24/50 | train loss: 0.3797 | validation loss: 0.9025 | validation accuracy: 0.8216 | validation AP: 0.2199
Stopping at epoch 24: validation AP has not improved for 4 epochs.
Best epoch: 20 | validation AP: 0.2408 | epochs run: 24

Validation classification report:
              precision    recall  f1-score   support

  disengaged     0.2673    0.3494    0.3029       166
     engaged     0.9109    0.8741    0.8921      1263

    accuracy                         0.8132      1429
   macro avg     0.5891    0.6118    0.5975      1429
weighted avg     0.8361    0.8132    0.8237      1429

Confusion matrix (rows: actual, columns: predicted):
[[  58  108]
 [ 159 1104]]
Epoch 1/50 | train loss: 0.6349 | validation loss: 0.7554 | validation accuracy: 0.8132 | validation AP: 0.14
Epoch 2/50 | train loss: 0.617 | validation loss: 0.6827 | validation accuracy: 0.6984 | validation AP: 0.1792
Epoch 3/50 | train loss: 0.6046 | validation loss: 0.7715 | validation accuracy: 0.7775 | validation AP: 0.1476
Epoch 4/50 | train loss: 0.596 | validation loss: 0.7072 | validation accuracy: 0.7586 | validation AP: 0.1448
Epoch 5/50 | train loss: 0.5826 | validation loss: 0.6871 | validation accuracy: 0.7544 | validation AP: 0.1772
Epoch 6/50 | train loss: 0.5715 | validation loss: 0.7226 | validation accuracy: 0.7663 | validation AP: 0.1718
Stopping at epoch 6: validation AP has not improved for 4 epochs.
Best epoch: 2 | validation AP: 0.1792 | epochs run: 6

Validation classification report:
              precision    recall  f1-score   support

  disengaged     0.1807    0.4518    0.2582       166
     engaged     0.9103    0.7308    0.8107      1263

    accuracy                         0.6984      1429
   macro avg     0.5455    0.5913    0.5344      1429
weighted avg     0.8255    0.6984    0.7465      1429

Confusion matrix (rows: actual, columns: predicted):
[[ 75  91]
 [340 923]]
Epoch 1/50 | train loss: 0.5754 | validation loss: 0.8463 | validation accuracy: 0.8293 | validation AP: 0.1255
Epoch 2/50 | train loss: 0.544 | validation loss: 0.7995 | validation accuracy: 0.8789 | validation AP: 0.1455
Epoch 3/50 | train loss: 0.549 | validation loss: 0.8072 | validation accuracy: 0.8824 | validation AP: 0.1808
Epoch 4/50 | train loss: 0.5503 | validation loss: 0.7472 | validation accuracy: 0.86 | validation AP: 0.1248
Epoch 5/50 | train loss: 0.5509 | validation loss: 0.6742 | validation accuracy: 0.7922 | validation AP: 0.1441
Epoch 6/50 | train loss: 0.5318 | validation loss: 0.8079 | validation accuracy: 0.8705 | validation AP: 0.1986
Epoch 7/50 | train loss: 0.5412 | validation loss: 0.8297 | validation accuracy: 0.8803 | validation AP: 0.1923[I 2026-10-09 01:03:44,224] Trial 15 finished with value: 0.2013484043233473 and parameters: {'hidden_size': 22, 'num_layers': 3, 'dropout': 0.0, 'learning_rate': 0.00869691248220831, 'batch_size': 8}. Best is trial 12 with value: 0.23837880981485457.

Epoch 8/50 | train loss: 0.5283 | validation loss: 0.8954 | validation accuracy: 0.8726 | validation AP: 0.1933
Epoch 9/50 | train loss: 0.5251 | validation loss: 0.7269 | validation accuracy: 0.8642 | validation AP: 0.1754
Epoch 10/50 | train loss: 0.5378 | validation loss: 0.6833 | validation accuracy: 0.8083 | validation AP: 0.188
Stopping at epoch 10: validation AP has not improved for 4 epochs.
Best epoch: 6 | validation AP: 0.1986 | epochs run: 10

Validation classification report:
              precision    recall  f1-score   support

  disengaged     0.1935    0.0361    0.0609       166
     engaged     0.8856    0.9802    0.9305      1263

    accuracy                         0.8705      1429
   macro avg     0.5395    0.5082    0.4957      1429
weighted avg     0.8052    0.8705    0.8295      1429

Confusion matrix (rows: actual, columns: predicted):
[[   6  160]
 [  25 1238]]
Epoch 1/50 | train loss: 0.6018 | validation loss: 0.8153 | validation accuracy: 0.8838 | validation AP: 0.1066
Epoch 2/50 | train loss: 0.5854 | validation loss: 0.9841 | validation accuracy: 0.8838 | validation AP: 0.1626
Epoch 3/50 | train loss: 0.572 | validation loss: 0.7184 | validation accuracy: 0.8838 | validation AP: 0.1344
Epoch 4/50 | train loss: 0.5855 | validation loss: 0.8422 | validation accuracy: 0.8838 | validation AP: 0.172
Epoch 5/50 | train loss: 0.5718 | validation loss: 0.7126 | validation accuracy: 0.8838 | validation AP: 0.1411
Epoch 6/50 | train loss: 0.5678 | validation loss: 0.7467 | validation accuracy: 0.8824 | validation AP: 0.1758
Epoch 7/50 | train loss: 0.5513 | validation loss: 0.7755 | validation accuracy: 0.8761 | validation AP: 0.1786
Epoch 8/50 | train loss: 0.5431 | validation loss: 0.6694 | validation accuracy: 0.8663 | validation AP: 0.1959
Epoch 9/50 | train loss: 0.5277 | validation loss: 0.862 | validation accuracy: 0.7866 | validation AP: 0.1372
Epoch 10/50 | train loss: 0.5386 | validation loss: 0.7096 | validation accuracy: 0.802 | validation AP: 0.1617
Epoch 11/50 | train loss: 0.5349 | validation loss: 0.7086 | validation accuracy: 0.8467 | validation AP: 0.183
Epoch 12/50 | train loss: 0.5243 | validation loss: 0.6615 | validation accuracy: 0.7992 | validation AP: 0.1968
Epoch 13/50 | train loss: 0.5262 | validation loss: 0.69 | validation accuracy: 0.6473 | validation AP: 0.1836
Epoch 14/50 | train loss: 0.5305 | validation loss: 0.7572 | validation accuracy: 0.8307 | validation AP: 0.183
Epoch 15/50 | train loss: 0.5299 | validation loss: 0.7713 | validation accuracy: 0.8726 | validation AP: 0.1731
Epoch 16/50 | train loss: 0.5159 | validation loss: 0.7391 | validation accuracy: 0.8404 | validation AP: 0.1805
Stopping at epoch 16: validation AP has not improved for 4 epochs.
Best epoch: 12 | validation AP: 0.1968 | epochs run: 16

Validation classification report:
              precision    recall  f1-score   support

  disengaged     0.2212    0.2892    0.2507       166
     engaged     0.9026    0.8662    0.8840      1263

    accuracy                         0.7992      1429
   macro avg     0.5619    0.5777    0.5673      1429
weighted avg     0.8235    0.7992    0.8105      1429

Confusion matrix (rows: actual, columns: predicted):
[[  48  118]
 [ 169 1094]]
Epoch 1/50 | train loss: 0.5584 | validation loss: 0.6958 | validation accuracy: 0.7964 | validation AP: 0.1489
Epoch 2/50 | train loss: 0.5523 | validation loss: 0.7639 | validation accuracy: 0.8677 | validation AP: 0.1427
Epoch 3/50 | train loss: 0.5438 | validation loss: 0.8036 | validation accuracy: 0.8768 | validation AP: 0.2087
Epoch 4/50 | train loss: 0.5539 | validation loss: 0.7732 | validation accuracy: 0.8789 | validation AP: 0.1573
Epoch 5/50 | train loss: 0.5015 | validation loss: 0.7254 | validation accuracy: 0.8467 | validation AP: 0.1553
Epoch 6/50 | train loss: 0.511 | validation loss: 0.7639 | validation accuracy: 0.8188 | validation AP: 0.1466
Epoch 7/50 | train loss: 0.5196 | validation loss: 0.7503 | validation accuracy: 0.8279 | validation AP: 0.1687
Stopping at epoch 7: validation AP has not improved for 4 epochs.
Best epoch: 3 | validation AP: 0.2087 | epochs run: 7

Validation classification report:
              precision    recall  f1-score   support

  disengaged     0.3750    0.0904    0.1456       166
     engaged     0.8913    0.9802    0.9336      1263

    accuracy                         0.8768      1429
   macro avg     0.6331    0.5353    0.5396      1429
weighted avg     0.8313    0.8768    0.8421      1429

Confusion matrix (rows: actual, columns: predicted):
[[  15  151]
 [  25 1238]]
Epoch 1/50 | train loss: 0.6535 | validation loss: 0.7534 | validation accuracy: 0.8034 | validation AP: 0.1355
Epoch 2/50 | train loss: 0.619 | validation loss: 0.8473 | validation accuracy: 0.8516 | validation AP: 0.1867
Epoch 3/50 | train loss: 0.63 | validation loss: 0.7223 | validation accuracy: 0.8013 | validation AP: 0.2054
Epoch 4/50 | train loss: 0.6469 | validation loss: 0.6571 | validation accuracy: 0.7271 | validation AP: 0.2206
Epoch 5/50 | train loss: 0.6226 | validation loss: 0.6961 | validation accuracy: 0.7754 | validation AP: 0.1519
Epoch 6/50 | train loss: 0.6313 | validation loss: 0.7017 | validation accuracy: 0.7719 | validation AP: 0.1943
Epoch 7/50 | train loss: 0.6235 | validation loss: 1.1491 | validation accuracy: 0.8824 | validation AP: 0.2026
Epoch 8/50 | train loss: 0.6502 | validation loss: 0.8423 | validation accuracy: 0.8726 | validation AP: 0.2221
Epoch 9/50 | train loss: 0.6362 | validation loss: 0.6488 | validation accuracy: 0.753 | validation AP: 0.2064
Epoch 10/50 | train loss: 0.5899 | validation loss: 0.6545 | validation accuracy: 0.6186 | validation AP: 0.1672
Epoch 11/50 | train loss: 0.6067 | validation loss: 0.6692 | validation accuracy: 0.3793 | validation AP: 0.186
Epoch 12/50 | train loss: 0.6204 | validation loss: 0.9501 | validation accuracy: 0.8481 | validation AP: 0.1644
Stopping at epoch 12: validation AP has not improved for 4 epochs.
Best epoch: 8 | validation AP: 0.2221 | epochs run: 12

Validation classification report:
              precision    recall  f1-score   support

  disengaged     0.3182    0.0843    0.1333       166
     engaged     0.8903    0.9762    0.9313      1263

    accuracy                         0.8726      1429
   macro avg     0.6042    0.5303    0.5323      1429
weighted avg     0.8238    0.8726    0.8386      1429

Confusion matrix (rows: actual, columns: predicted):
[[  14  152]
 [  30 1233]]
Epoch 1/50 | train loss: 0.6849 | validation loss: 0.7762 | validation accuracy: 0.853 | validation AP: 0.1523
Epoch 2/50 | train loss: 0.6323 | validation loss: 0.8671 | validation accuracy: 0.8265 | validation AP: 0.1555
Epoch 3/50 | train loss: 0.6224 | validation loss: 0.7625 | validation accuracy: 0.8307 | validation AP: 0.1784
Epoch 4/50 | train loss: 0.615 | validation loss: 0.8039 | validation accuracy: 0.8272 | validation AP: 0.1708
Epoch 5/50 | train loss: 0.5896 | validation loss: 0.7069 | validation accuracy: 0.8146 | validation AP: 0.2691
Epoch 6/50 | train loss: 0.5847 | validation loss: 0.666 | validation accuracy: 0.6886 | validation AP: 0.2109
Epoch 7/50 | train loss: 0.5664 | validation loss: 0.6817 | validation accuracy: 0.7607 | validation AP: 0.2309
Epoch 8/50 | train loss: 0.5823 | validation loss: 0.6525 | validation accuracy: 0.7768 | validation AP: 0.2499
Epoch 9/50 | train loss: 0.5448 | validation loss: 0.8436 | validation accuracy: 0.7236 | validation AP: 0.1723
Stopping at epoch 9: validation AP has not improved for 4 epochs.
Best epoch: 5 | validation AP: 0.2691 | epochs run: 9

Validation classification report:
              precision    recall  f1-score   support

  disengaged     0.2585    0.3193    0.2857       166
     engaged     0.9077    0.8797    0.8934      1263

    accuracy                         0.8146      1429
   macro avg     0.5831    0.5995    0.5896      1429
weighted avg     0.8323    0.8146    0.8228      1429

Confusion matrix (rows: actual, columns: predicted):
[[  53  113]
 [ 152 1111]]
Epoch 1/50 | train loss: 0.6515 | validation loss: 0.7166 | validation accuracy: 0.7201 | validation AP: 0.1552
Epoch 2/50 | train loss: 0.6393 | validation loss: 0.6701 | validation accuracy: 0.6956 | validation AP: 0.2046[I 2026-10-09 01:05:02,344] Trial 16 finished with value: 0.23196033204577993 and parameters: {'hidden_size': 65, 'num_layers': 2, 'dropout': 0.0, 'learning_rate': 0.005165289322623654, 'batch_size': 16}. Best is trial 12 with value: 0.23837880981485457.
[I 2026-10-09 01:05:54,998] Trial 17 finished with value: 0.19885429425373935 and parameters: {'hidden_size': 76, 'num_layers': 2, 'dropout': 0.25, 'learning_rate': 0.009916286286876335, 'batch_size': 16}. Best is trial 12 with value: 0.23837880981485457.

Epoch 3/50 | train loss: 0.6296 | validation loss: 0.7472 | validation accuracy: 0.8223 | validation AP: 0.1496
Epoch 4/50 | train loss: 0.6292 | validation loss: 0.9562 | validation accuracy: 0.8663 | validation AP: 0.1547
Epoch 5/50 | train loss: 0.6939 | validation loss: 0.8196 | validation accuracy: 0.485 | validation AP: 0.1132
Epoch 6/50 | train loss: 0.6547 | validation loss: 0.7215 | validation accuracy: 0.8069 | validation AP: 0.1689
Stopping at epoch 6: validation AP has not improved for 4 epochs.
Best epoch: 2 | validation AP: 0.2046 | epochs run: 6

Validation classification report:
              precision    recall  f1-score   support

  disengaged     0.1805    0.4578    0.2589       166
     engaged     0.9107    0.7268    0.8085      1263

    accuracy                         0.6956      1429
   macro avg     0.5456    0.5923    0.5337      1429
weighted avg     0.8259    0.6956    0.7446      1429

Confusion matrix (rows: actual, columns: predicted):
[[ 76  90]
 [345 918]]
Epoch 1/50 | train loss: 0.7338 | validation loss: 1.0946 | validation accuracy: 0.8076 | validation AP: 0.1135
Epoch 2/50 | train loss: 0.7247 | validation loss: 1.1639 | validation accuracy: 0.8817 | validation AP: 0.1797
Epoch 3/50 | train loss: 0.7498 | validation loss: 0.8949 | validation accuracy: 0.8048 | validation AP: 0.1929
Epoch 4/50 | train loss: 0.7501 | validation loss: 0.7229 | validation accuracy: 0.7901 | validation AP: 0.1611
Epoch 5/50 | train loss: 0.7311 | validation loss: 0.7559 | validation accuracy: 0.8649 | validation AP: 0.1577
Epoch 6/50 | train loss: 0.7263 | validation loss: 0.6854 | validation accuracy: 0.6949 | validation AP: 0.1522
Epoch 7/50 | train loss: 0.6986 | validation loss: 0.8572 | validation accuracy: 0.8572 | validation AP: 0.1685
Stopping at epoch 7: validation AP has not improved for 4 epochs.
Best epoch: 3 | validation AP: 0.1929 | epochs run: 7

Validation classification report:
              precision    recall  f1-score   support

  disengaged     0.2132    0.2530    0.2314       166
     engaged     0.8994    0.8773    0.8882      1263

    accuracy                         0.8048      1429
   macro avg     0.5563    0.5651    0.5598      1429
weighted avg     0.8196    0.8048    0.8119      1429

Confusion matrix (rows: actual, columns: predicted):
[[  42  124]
 [ 155 1108]]
Epoch 1/50 | train loss: 0.7807 | validation loss: 0.7486 | validation accuracy: 0.8656 | validation AP: 0.2004
Epoch 2/50 | train loss: 0.7154 | validation loss: 1.3361 | validation accuracy: 0.8838 | validation AP: 0.1557
Epoch 3/50 | train loss: 0.6948 | validation loss: 0.7644 | validation accuracy: 0.8593 | validation AP: 0.1676
Epoch 4/50 | train loss: 0.7041 | validation loss: 0.7715 | validation accuracy: 0.8062 | validation AP: 0.1618
Epoch 5/50 | train loss: 0.696 | validation loss: 0.6647 | validation accuracy: 0.543 | validation AP: 0.1907
Stopping at epoch 5: validation AP has not improved for 4 epochs.
Best epoch: 1 | validation AP: 0.2004 | epochs run: 5

Validation classification report:
              precision    recall  f1-score   support

  disengaged     0.2903    0.1084    0.1579       166
     engaged     0.8917    0.9652    0.9270      1263

    accuracy                         0.8656      1429
   macro avg     0.5910    0.5368    0.5424      1429
weighted avg     0.8219    0.8656    0.8377      1429

Confusion matrix (rows: actual, columns: predicted):
[[  18  148]
 [  44 1219]]
Epoch 1/50 | train loss: 0.7509 | validation loss: 0.671 | validation accuracy: 0.5675 | validation AP: 0.1742
Epoch 2/50 | train loss: 0.7423 | validation loss: 0.7948 | validation accuracy: 0.8747 | validation AP: 0.2033
Epoch 3/50 | train loss: 0.7037 | validation loss: 0.6974 | validation accuracy: 0.6473 | validation AP: 0.1566
Epoch 4/50 | train loss: 0.7403 | validation loss: 1.1897 | validation accuracy: 0.7859 | validation AP: 0.1338
Epoch 5/50 | train loss: 0.7022 | validation loss: 0.7876 | validation accuracy: 0.4374 | validation AP: 0.1291
Epoch 6/50 | train loss: 0.7084 | validation loss: 0.8742 | validation accuracy: 0.8307 | validation AP: 0.1667
Stopping at epoch 6: validation AP has not improved for 4 epochs.
Best epoch: 2 | validation AP: 0.2033 | epochs run: 6

Validation classification report:
              precision    recall  f1-score   support

  disengaged     0.3415    0.0843    0.1353       166
     engaged     0.8905    0.9786    0.9325      1263

    accuracy                         0.8747      1429
   macro avg     0.6160    0.5315    0.5339      1429
weighted avg     0.8267    0.8747    0.8399      1429

Confusion matrix (rows: actual, columns: predicted):
[[  14  152]
 [  27 1236]]
Epoch 1/50 | train loss: 0.6471 | validation loss: 0.7523 | validation accuracy: 0.8048 | validation AP: 0.1354
Epoch 2/50 | train loss: 0.6173 | validation loss: 0.811 | validation accuracy: 0.8593 | validation AP: 0.1957
Epoch 3/50 | train loss: 0.6219 | validation loss: 0.7772 | validation accuracy: 0.8223 | validation AP: 0.1764
Epoch 4/50 | train loss: 0.6204 | validation loss: 0.6889 | validation accuracy: 0.7628 | validation AP: 0.2043
Epoch 5/50 | train loss: 0.6129 | validation loss: 0.744 | validation accuracy: 0.8209 | validation AP: 0.1347
Epoch 6/50 | train loss: 0.6183 | validation loss: 0.7368 | validation accuracy: 0.788 | validation AP: 0.1484
Epoch 7/50 | train loss: 0.6453 | validation loss: 0.8694 | validation accuracy: 0.86 | validation AP: 0.1512
Epoch 8/50 | train loss: 0.5981 | validation loss: 0.9182 | validation accuracy: 0.8761 | validation AP: 0.1618
Stopping at epoch 8: validation AP has not improved for 4 epochs.
Best epoch: 4 | validation AP: 0.2043 | epochs run: 8

Validation classification report:
              precision    recall  f1-score   support

  disengaged     0.2007    0.3494    0.2549       166
     engaged     0.9053    0.8171    0.8589      1263

    accuracy                         0.7628      1429
   macro avg     0.5530    0.5832    0.5569      1429
weighted avg     0.8234    0.7628    0.7888      1429

Confusion matrix (rows: actual, columns: predicted):
[[  58  108]
 [ 231 1032]]
Epoch 1/50 | train loss: 0.6685 | validation loss: 0.749 | validation accuracy: 0.8132 | validation AP: 0.1422
Epoch 2/50 | train loss: 0.6261 | validation loss: 0.7518 | validation accuracy: 0.8579 | validation AP: 0.1564
Epoch 3/50 | train loss: 0.6227 | validation loss: 0.7122 | validation accuracy: 0.7635 | validation AP: 0.1406
Epoch 4/50 | train loss: 0.6061 | validation loss: 0.7452 | validation accuracy: 0.7362 | validation AP: 0.1469
Epoch 5/50 | train loss: 0.5972 | validation loss: 0.6551 | validation accuracy: 0.8083 | validation AP: 0.242
Epoch 6/50 | train loss: 0.5864 | validation loss: 0.6504 | validation accuracy: 0.7957 | validation AP: 0.2276
Epoch 7/50 | train loss: 0.5776 | validation loss: 0.65 | validation accuracy: 0.7656 | validation AP: 0.2277
Epoch 8/50 | train loss: 0.5595 | validation loss: 0.6714 | validation accuracy: 0.8244 | validation AP: 0.2383
Epoch 9/50 | train loss: 0.5445 | validation loss: 0.7262 | validation accuracy: 0.7495 | validation AP: 0.1938
Stopping at epoch 9: validation AP has not improved for 4 epochs.
Best epoch: 5 | validation AP: 0.242 | epochs run: 9

Validation classification report:
              precision    recall  f1-score   support

  disengaged     0.2568    0.3434    0.2938       166
     engaged     0.9097    0.8694    0.8891      1263

    accuracy                         0.8083      1429
   macro avg     0.5832    0.6064    0.5914      1429
weighted avg     0.8338    0.8083    0.8199      1429

Confusion matrix (rows: actual, columns: predicted):
[[  57  109]
 [ 165 1098]]
Epoch 1/50 | train loss: 0.6474 | validation loss: 0.7192 | validation accuracy: 0.6935 | validation AP: 0.1514
Epoch 2/50 | train loss: 0.6336 | validation loss: 0.6659 | validation accuracy: 0.7082 | validation AP: 0.2151
Epoch 3/50 | train loss: 0.6232 | validation loss: 0.7549 | validation accuracy: 0.8293 | validation AP: 0.1431
Epoch 4/50 | train loss: 0.6163 | validation loss: 0.8387 | validation accuracy: 0.8579 | validation AP: 0.143
Epoch 5/50 | train loss: 0.6097 | validation loss: 0.7019 | validation accuracy: 0.7887 | validation AP: 0.1592[I 2026-10-09 01:06:58,295] Trial 18 finished with value: 0.2204594393394618 and parameters: {'hidden_size': 97, 'num_layers': 2, 'dropout': 0.0, 'learning_rate': 0.00253728540919604, 'batch_size': 16}. Best is trial 12 with value: 0.23837880981485457.
[I 2026-10-09 01:08:07,714] Trial 19 finished with value: 0.23247557830203092 and parameters: {'hidden_size': 31, 'num_layers': 2, 'dropout': 0.5, 'learning_rate': 0.004819707557405196, 'batch_size': 16}. Best is trial 12 with value: 0.23837880981485457.

Epoch 6/50 | train loss: 0.6107 | validation loss: 0.707 | validation accuracy: 0.7691 | validation AP: 0.1656
Stopping at epoch 6: validation AP has not improved for 4 epochs.
Best epoch: 2 | validation AP: 0.2151 | epochs run: 6

Validation classification report:
              precision    recall  f1-score   support

  disengaged     0.1916    0.4699    0.2723       166
     engaged     0.9139    0.7395    0.8175      1263

    accuracy                         0.7082      1429
   macro avg     0.5528    0.6047    0.5449      1429
weighted avg     0.8300    0.7082    0.7542      1429

Confusion matrix (rows: actual, columns: predicted):
[[ 78  88]
 [329 934]]
Epoch 1/50 | train loss: 0.6508 | validation loss: 0.7624 | validation accuracy: 0.7894 | validation AP: 0.1415
Epoch 2/50 | train loss: 0.63 | validation loss: 0.7969 | validation accuracy: 0.8831 | validation AP: 0.1736
Epoch 3/50 | train loss: 0.6347 | validation loss: 0.7758 | validation accuracy: 0.8334 | validation AP: 0.1864
Epoch 4/50 | train loss: 0.6321 | validation loss: 0.7263 | validation accuracy: 0.8111 | validation AP: 0.1831
Epoch 5/50 | train loss: 0.6259 | validation loss: 0.7217 | validation accuracy: 0.7985 | validation AP: 0.1461
Epoch 6/50 | train loss: 0.5856 | validation loss: 0.9154 | validation accuracy: 0.8579 | validation AP: 0.2194
Epoch 7/50 | train loss: 0.5893 | validation loss: 0.7907 | validation accuracy: 0.76 | validation AP: 0.1656
Epoch 8/50 | train loss: 0.5829 | validation loss: 0.83 | validation accuracy: 0.8376 | validation AP: 0.211
Epoch 9/50 | train loss: 0.5751 | validation loss: 0.7199 | validation accuracy: 0.7684 | validation AP: 0.1637
Epoch 10/50 | train loss: 0.5722 | validation loss: 0.6824 | validation accuracy: 0.6844 | validation AP: 0.1647
Stopping at epoch 10: validation AP has not improved for 4 epochs.
Best epoch: 6 | validation AP: 0.2194 | epochs run: 10

Validation classification report:
              precision    recall  f1-score   support

  disengaged     0.2533    0.1145    0.1577       166
     engaged     0.8914    0.9557    0.9224      1263

    accuracy                         0.8579      1429
   macro avg     0.5724    0.5351    0.5401      1429
weighted avg     0.8173    0.8579    0.8336      1429

Confusion matrix (rows: actual, columns: predicted):
[[  19  147]
 [  56 1207]]
Epoch 1/50 | train loss: 0.6618 | validation loss: 0.7612 | validation accuracy: 0.8677 | validation AP: 0.1694
Epoch 2/50 | train loss: 0.6386 | validation loss: 0.7609 | validation accuracy: 0.8733 | validation AP: 0.1548
Epoch 3/50 | train loss: 0.6346 | validation loss: 0.7218 | validation accuracy: 0.8593 | validation AP: 0.1854
Epoch 4/50 | train loss: 0.6222 | validation loss: 0.756 | validation accuracy: 0.8048 | validation AP: 0.1597
Epoch 5/50 | train loss: 0.5949 | validation loss: 0.7094 | validation accuracy: 0.8272 | validation AP: 0.2393
Epoch 6/50 | train loss: 0.6008 | validation loss: 0.6561 | validation accuracy: 0.7334 | validation AP: 0.2111
Epoch 7/50 | train loss: 0.5901 | validation loss: 0.7542 | validation accuracy: 0.7803 | validation AP: 0.1872
Epoch 8/50 | train loss: 0.5694 | validation loss: 0.709 | validation accuracy: 0.8516 | validation AP: 0.2136
Epoch 9/50 | train loss: 0.5607 | validation loss: 0.7457 | validation accuracy: 0.7747 | validation AP: 0.2469
Epoch 10/50 | train loss: 0.5524 | validation loss: 0.7956 | validation accuracy: 0.8097 | validation AP: 0.1883
Epoch 11/50 | train loss: 0.5281 | validation loss: 0.8052 | validation accuracy: 0.7558 | validation AP: 0.1917
Epoch 12/50 | train loss: 0.5599 | validation loss: 0.6636 | validation accuracy: 0.7467 | validation AP: 0.2051
Epoch 13/50 | train loss: 0.5269 | validation loss: 0.9668 | validation accuracy: 0.8174 | validation AP: 0.2204
Stopping at epoch 13: validation AP has not improved for 4 epochs.
Best epoch: 9 | validation AP: 0.2469 | epochs run: 13

Validation classification report:
              precision    recall  f1-score   support

  disengaged     0.2365    0.4217    0.3030       166
     engaged     0.9153    0.8211    0.8656      1263

    accuracy                         0.7747      1429
   macro avg     0.5759    0.6214    0.5843      1429
weighted avg     0.8364    0.7747    0.8003      1429

Confusion matrix (rows: actual, columns: predicted):
[[  70   96]
 [ 226 1037]]
Epoch 1/50 | train loss: 0.6539 | validation loss: 0.7228 | validation accuracy: 0.7789 | validation AP: 0.1502
Epoch 2/50 | train loss: 0.6468 | validation loss: 0.7049 | validation accuracy: 0.6956 | validation AP: 0.1505
Epoch 3/50 | train loss: 0.6247 | validation loss: 0.7746 | validation accuracy: 0.8111 | validation AP: 0.1507
Epoch 4/50 | train loss: 0.6201 | validation loss: 0.6932 | validation accuracy: 0.6928 | validation AP: 0.134
Epoch 5/50 | train loss: 0.6233 | validation loss: 0.6974 | validation accuracy: 0.8006 | validation AP: 0.1955
Epoch 6/50 | train loss: 0.6105 | validation loss: 0.7123 | validation accuracy: 0.7467 | validation AP: 0.1564
Epoch 7/50 | train loss: 0.6166 | validation loss: 0.7111 | validation accuracy: 0.7999 | validation AP: 0.1834
Epoch 8/50 | train loss: 0.599 | validation loss: 0.7134 | validation accuracy: 0.8062 | validation AP: 0.2007
Epoch 9/50 | train loss: 0.5883 | validation loss: 0.7461 | validation accuracy: 0.8369 | validation AP: 0.2135
Epoch 10/50 | train loss: 0.5755 | validation loss: 0.7095 | validation accuracy: 0.8383 | validation AP: 0.2311
Epoch 11/50 | train loss: 0.5724 | validation loss: 0.7378 | validation accuracy: 0.7859 | validation AP: 0.2035
Epoch 12/50 | train loss: 0.5298 | validation loss: 0.8363 | validation accuracy: 0.8195 | validation AP: 0.21
Epoch 13/50 | train loss: 0.5244 | validation loss: 0.9406 | validation accuracy: 0.8237 | validation AP: 0.2044
Epoch 14/50 | train loss: 0.5188 | validation loss: 0.6702 | validation accuracy: 0.7551 | validation AP: 0.2128
Stopping at epoch 14: validation AP has not improved for 4 epochs.
Best epoch: 10 | validation AP: 0.2311 | epochs run: 14

Validation classification report:
              precision    recall  f1-score   support

  disengaged     0.3077    0.3133    0.3104       166
     engaged     0.9095    0.9074    0.9084      1263

    accuracy                         0.8383      1429
   macro avg     0.6086    0.6103    0.6094      1429
weighted avg     0.8396    0.8383    0.8390      1429

Confusion matrix (rows: actual, columns: predicted):
[[  52  114]
 [ 117 1146]]
Epoch 1/50 | train loss: 0.6528 | validation loss: 0.6637 | validation accuracy: 0.6102 | validation AP: 0.1738
Epoch 2/50 | train loss: 0.6289 | validation loss: 0.7483 | validation accuracy: 0.8712 | validation AP: 0.2188
Epoch 3/50 | train loss: 0.6109 | validation loss: 0.7227 | validation accuracy: 0.7327 | validation AP: 0.1486
Epoch 4/50 | train loss: 0.5613 | validation loss: 0.8112 | validation accuracy: 0.8453 | validation AP: 0.2231
Epoch 5/50 | train loss: 0.5676 | validation loss: 0.712 | validation accuracy: 0.8181 | validation AP: 0.2328
Epoch 6/50 | train loss: 0.5416 | validation loss: 0.8081 | validation accuracy: 0.8244 | validation AP: 0.1965
Epoch 7/50 | train loss: 0.5274 | validation loss: 0.7857 | validation accuracy: 0.8328 | validation AP: 0.2099
Epoch 8/50 | train loss: 0.5212 | validation loss: 0.7574 | validation accuracy: 0.7838 | validation AP: 0.2109
Epoch 9/50 | train loss: 0.5122 | validation loss: 0.7847 | validation accuracy: 0.7922 | validation AP: 0.2261
Stopping at epoch 9: validation AP has not improved for 4 epochs.
Best epoch: 5 | validation AP: 0.2328 | epochs run: 9

Validation classification report:
              precision    recall  f1-score   support

  disengaged     0.2202    0.2229    0.2216       166
     engaged     0.8977    0.8963    0.8970      1263

    accuracy                         0.8181      1429
   macro avg     0.5590    0.5596    0.5593      1429
weighted avg     0.8190    0.8181    0.8185      1429

Confusion matrix (rows: actual, columns: predicted):
[[  37  129]
 [ 131 1132]]
Epoch 1/50 | train loss: 0.6384 | validation loss: 0.6926 | validation accuracy: 0.7397 | validation AP: 0.1623
Epoch 2/50 | train loss: 0.6134 | validation loss: 0.6992 | validation accuracy: 0.8593 | validation AP: 0.2434
Epoch 3/50 | train loss: 0.5814 | validation loss: 0.7 | validation accuracy: 0.7278 | validation AP: 0.1569
Epoch 4/50 | train loss: 0.5606 | validation loss: 0.7836 | validation accuracy: 0.8628 | validation AP: 0.1846
Epoch 5/50 | train loss: 0.5647 | validation loss: 0.9104 | validation accuracy: 0.8474 | validation AP: 0.1624
Epoch 6/50 | train loss: 0.5419 | validation loss: 0.7908 | validation accuracy: 0.795 | validation AP: 0.1684
Stopping at epoch 6: validation AP has not improved for 4 epochs.
Best epoch: 2 | validation AP: 0.2434 | epochs run: 6

Validation classification report:
              precision    recall  f1-score   support

  disengaged     0.3034    0.1627    0.2118       166
     engaged     0.8963    0.9509    0.9228      1263

    accuracy                         0.8593      1429
   macro avg     0.5998    0.5568    0.5673      1429
weighted avg     0.8274    0.8593    0.8402      1429

Confusion matrix (rows: actual, columns: predicted):
[[  27  139]
 [  62 1201]]
Epoch 1/50 | train loss: 0.6425 | validation loss: 0.7832 | validation accuracy: 0.8698 | validation AP: 0.1601
Epoch 2/50 | train loss: 0.636 | validation loss: 0.6995 | validation accuracy: 0.7124 | validation AP: 0.1957
Epoch 3/50 | train loss: 0.6259 | validation loss: 0.6815 | validation accuracy: 0.6984 | validation AP: 0.1688
Epoch 4/50 | train loss: 0.6075 | validation loss: 0.6992 | validation accuracy: 0.7649 | validation AP: 0.1602
Epoch 5/50 | train loss: 0.6138 | validation loss: 0.7304 | validation accuracy: 0.7565 | validation AP: 0.1594
Epoch 6/50 | train loss: 0.5798 | validation loss: 0.7208 | validation accuracy: 0.7096 | validation AP: 0.1791
Stopping at epoch 6: validation AP has not improved for 4 epochs.
Best epoch: 2 | validation AP: 0.1957 | epochs run: 6

Validation classification report:
              precision    recall  f1-score   support

  disengaged     0.1698    0.3795    0.2346       166
     engaged     0.9026    0.7561    0.8229      1263

    accuracy                         0.7124      1429
   macro avg     0.5362    0.5678    0.5288      1429
weighted avg     0.8175    0.7124    0.7546      1429

Confusion matrix (rows: actual, columns: predicted):
[[ 63 103]
 [308 955]]
Epoch 1/50 | train loss: 0.6463 | validation loss: 0.7474 | validation accuracy: 0.8824 | validation AP: 0.1307
Epoch 2/50 | train loss: 0.642 | validation loss: 0.7318 | validation accuracy: 0.8803 | validation AP: 0.1777
Epoch 3/50 | train loss: 0.6193 | validation loss: 1.0115 | validation accuracy: 0.8593 | validation AP: 0.2241
Epoch 4/50 | train loss: 0.6204 | validation loss: 0.8371 | validation accuracy: 0.7936 | validation AP: 0.1564
Epoch 5/50 | train loss: 0.5991 | validation loss: 0.8726 | validation accuracy: 0.7446 | validation AP: 0.1419
Epoch 6/50 | train loss: 0.5847 | validation loss: 0.7323 | validation accuracy: 0.8055 | validation AP: 0.1729
Epoch 7/50 | train loss: 0.5489 | validation loss: 0.743 | validation accuracy: 0.7474 | validation AP: 0.1939
Stopping at epoch 7: validation AP has not improved for 4 epochs.
Best epoch: 3 | validation AP: 0.2241 | epochs run: 7

Validation classification report:
              precision    recall  f1-score   support

  disengaged     0.2989    0.1566    0.2055       166
     engaged     0.8957    0.9517    0.9228      1263

    accuracy                         0.8593      1429
   macro avg     0.5973    0.5542    0.5642      1429
weighted avg     0.8263    0.8593    0.8395      1429

Confusion matrix (rows: actual, columns: predicted):
[[  26  140]
 [  61 1202]]
Epoch 1/50 | train loss: 0.6445 | validation loss: 0.7086 | validation accuracy: 0.788 | validation AP: 0.1752
Epoch 2/50 | train loss: 0.6175 | validation loss: 0.7249 | validation accuracy: 0.8516 | validation AP: 0.1764
Epoch 3/50 | train loss: 0.6012 | validation loss: 0.7176 | validation accuracy: 0.7915 | validation AP: 0.1988
Epoch 4/50 | train loss: 0.6022 | validation loss: 0.7203 | validation accuracy: 0.7474 | validation AP: 0.1575
Epoch 5/50 | train loss: 0.5945 | validation loss: 0.9264 | validation accuracy: 0.8747 | validation AP: 0.1263
Epoch 6/50 | train loss: 0.598 | validation loss: 0.7302 | validation accuracy: 0.7817 | validation AP: 0.1883
Epoch 7/50 | train loss: 0.58 | validation loss: 0.6781 | validation accuracy: 0.7628 | validation AP: 0.1895
Stopping at epoch 7: validation AP has not improved for 4 epochs.
Best epoch: 3 | validation AP: 0.1988 | epochs run: 7

Validation classification report:
              precision    recall  f1-score   support

  disengaged     0.2317    0.3434    0.2767       166
     engaged     0.9079    0.8504    0.8782      1263

    accuracy                         0.7915      1429
   macro avg     0.5698    0.5969    0.5774      1429
weighted avg     0.8293    0.7915    0.8083      1429

Confusion matrix (rows: actual, columns: predicted):
[[  57  109]
 [ 189 1074]]
Epoch 1/50 | train loss: 0.6535 | validation loss: 0.673 | validation accuracy: 0.6781 | validation AP: 0.2183
Epoch 2/50 | train loss: 0.6443 | validation loss: 0.7497 | validation accuracy: 0.8663 | validation AP: 0.1854
Epoch 3/50 | train loss: 0.6405 | validation loss: 0.7573 | validation accuracy: 0.7572 | validation AP: 0.1289
Epoch 4/50 | train loss: 0.6268 | validation loss: 0.9027 | validation accuracy: 0.8502 | validation AP: 0.2065
Epoch 5/50 | train loss: 0.6178 | validation loss: 0.8106 | validation accuracy: 0.8328 | validation AP: 0.1854
Stopping at epoch 5: validation AP has not improved for 4 epochs.
Best epoch: 1 | validation AP: 0.2183 | epochs run: 5

Validation classification report:
              precision    recall  f1-score   support

  disengaged     0.1659    0.4398    0.2409       166
     engaged     0.9060    0.7094    0.7957      1263

    accuracy                         0.6781      1429
   macro avg     0.5359    0.5746    0.5183      1429
weighted avg     0.8200    0.6781    0.7313      1429

Confusion matrix (rows: actual, columns: predicted):
[[ 73  93]
 [367 896]]
Epoch 1/50 | train loss: 0.651 | validation loss: 0.7026 | validation accuracy: 0.7418 | validation AP: 0.1498
Epoch 2/50 | train loss: 0.6389 | validation loss: 0.7124 | validation accuracy: 0.8104 | validation AP: 0.1387
Epoch 3/50 | train loss: 0.6337 | validation loss: 0.7272 | validation accuracy: 0.7719 | validation AP: 0.1419
Epoch 4/50 | train loss: 0.6191 | validation loss: 0.8297 | validation accuracy: 0.8838 | validation AP: 0.1047
Epoch 5/50 | train loss: 0.6338 | validation loss: 0.8935 | validation accuracy: 0.8453 | validation AP: 0.1171
Stopping at epoch 5: validation AP has not improved for 4 epochs.
Best epoch: 1 | validation AP: 0.1498 | epochs run: 5

Validation classification report:
              precision    recall  f1-score   support

  disengaged     0.1536    0.2711    0.1961       166
     engaged     0.8935    0.8036    0.8462      1263

    accuracy                         0.7418      1429
   macro avg     0.5235    0.5374    0.5211      1429
weighted avg     0.8075    0.7418    0.7707      1429

Confusion matrix (rows: actual, columns: predicted):
[[  45  121]
 [ 248 1015]]
Epoch 1/50 | train loss: 0.6518 | validation loss: 0.7573 | validation accuracy: 0.8572 | validation AP: 0.1537
Epoch 2/50 | train loss: 0.6419 | validation loss: 0.7162 | validation accuracy: 0.7929 | validation AP: 0.1699
Epoch 3/50 | train loss: 0.6317 | validation loss: 0.6657 | validation accuracy: 0.69 | validation AP: 0.1692
Epoch 4/50 | train loss: 0.6195 | validation loss: 0.7592 | validation accuracy: 0.7957 | validation AP: 0.1566
Epoch 5/50 | train loss: 0.6296 | validation loss: 0.7983 | validation accuracy: 0.7859 | validation AP: 0.1541
Epoch 6/50 | train loss: 0.6195 | validation loss: 0.715 | validation accuracy: 0.7845 | validation AP: 0.2119
Epoch 7/50 | train loss: 0.6003 | validation loss: 0.6902 | validation accuracy: 0.802 | validation AP: 0.2231
Epoch 8/50 | train loss: 0.5942 | validation loss: 0.7432 | validation accuracy: 0.8328 | validation AP: 0.2012
Epoch 9/50 | train loss: 0.587 | validation loss: 0.7648 | validation accuracy: 0.8223 | validation AP: 0.2169
Epoch 10/50 | train loss: 0.5629 | validation loss: 0.7052 | validation accuracy: 0.8083 | validation AP: 0.256[I 2026-10-09 01:11:11,401] A new study created in memory with name: lstm|15fps/10s

Epoch 11/50 | train loss: 0.5545 | validation loss: 0.6879 | validation accuracy: 0.7999 | validation AP: 0.2508
Epoch 12/50 | train loss: 0.5623 | validation loss: 0.7095 | validation accuracy: 0.7992 | validation AP: 0.2432
Epoch 13/50 | train loss: 0.5348 | validation loss: 0.744 | validation accuracy: 0.8195 | validation AP: 0.2236
Epoch 14/50 | train loss: 0.5258 | validation loss: 0.8505 | validation accuracy: 0.83 | validation AP: 0.2158
Stopping at epoch 14: validation AP has not improved for 4 epochs.
Best epoch: 10 | validation AP: 0.256 | epochs run: 14

Validation classification report:
              precision    recall  f1-score   support

  disengaged     0.2545    0.3373    0.2902       166
     engaged     0.9090    0.8702    0.8892      1263

    accuracy                         0.8083      1429
   macro avg     0.5818    0.6037    0.5897      1429
weighted avg     0.8330    0.8083    0.8196      1429

Confusion matrix (rows: actual, columns: predicted):
[[  56  110]
 [ 164 1099]]
Epoch 1/50 | train loss: 0.6481 | validation loss: 0.7703 | validation accuracy: 0.8782 | validation AP: 0.1152
Epoch 2/50 | train loss: 0.6491 | validation loss: 0.7306 | validation accuracy: 0.8712 | validation AP: 0.1725
Epoch 3/50 | train loss: 0.6287 | validation loss: 0.8615 | validation accuracy: 0.8775 | validation AP: 0.2262
Epoch 4/50 | train loss: 0.6271 | validation loss: 0.8281 | validation accuracy: 0.7544 | validation AP: 0.1609
Epoch 5/50 | train loss: 0.6342 | validation loss: 0.794 | validation accuracy: 0.7712 | validation AP: 0.1425
Epoch 6/50 | train loss: 0.6164 | validation loss: 0.738 | validation accuracy: 0.7705 | validation AP: 0.1526
Epoch 7/50 | train loss: 0.5986 | validation loss: 0.6549 | validation accuracy: 0.7628 | validation AP: 0.2309
Epoch 8/50 | train loss: 0.5874 | validation loss: 0.7514 | validation accuracy: 0.7572 | validation AP: 0.1738
Epoch 9/50 | train loss: 0.5877 | validation loss: 0.7569 | validation accuracy: 0.8048 | validation AP: 0.1819
Epoch 10/50 | train loss: 0.577 | validation loss: 0.724 | validation accuracy: 0.774 | validation AP: 0.1778
Epoch 11/50 | train loss: 0.5581 | validation loss: 0.7634 | validation accuracy: 0.8341 | validation AP: 0.2173
Stopping at epoch 11: validation AP has not improved for 4 epochs.
Best epoch: 7 | validation AP: 0.2309 | epochs run: 11

Validation classification report:
              precision    recall  f1-score   support

  disengaged     0.2402    0.4819    0.3206       166
     engaged     0.9215    0.7997    0.8563      1263

    accuracy                         0.7628      1429
   macro avg     0.5809    0.6408    0.5885      1429
weighted avg     0.8424    0.7628    0.7941      1429

Confusion matrix (rows: actual, columns: predicted):
[[  80   86]
 [ 253 1010]]
Epoch 1/50 | train loss: 0.6545 | validation loss: 0.7566 | validation accuracy: 0.8446 | validation AP: 0.1494
Epoch 2/50 | train loss: 0.6294 | validation loss: 0.7769 | validation accuracy: 0.7635 | validation AP: 0.1135
Epoch 3/50 | train loss: 0.6247 | validation loss: 0.7106 | validation accuracy: 0.7901 | validation AP: 0.1936
Epoch 4/50 | train loss: 0.6372 | validation loss: 0.77 | validation accuracy: 0.7292 | validation AP: 0.1243
Epoch 5/50 | train loss: 0.6048 | validation loss: 0.8653 | validation accuracy: 0.7929 | validation AP: 0.15
Epoch 6/50 | train loss: 0.6236 | validation loss: 0.7023 | validation accuracy: 0.7614 | validation AP: 0.1558
Epoch 7/50 | train loss: 0.5897 | validation loss: 0.7171 | validation accuracy: 0.7607 | validation AP: 0.1572
Stopping at epoch 7: validation AP has not improved for 4 epochs.
Best epoch: 3 | validation AP: 0.1936 | epochs run: 7

Validation classification report:
              precision    recall  f1-score   support

  disengaged     0.2208    0.3193    0.2611       166
     engaged     0.9050    0.8519    0.8777      1263

    accuracy                         0.7901      1429
   macro avg     0.5629    0.5856    0.5694      1429
weighted avg     0.8255    0.7901    0.8060      1429

Confusion matrix (rows: actual, columns: predicted):
[[  53  113]
 [ 187 1076]]

 gru | 15fps/10s (confirmed on seeds [52, 53, 54, 55, 56])
  0.2189 +/- 0.0084  (4482,) params  hidden_size=20, num_layers=2, dropout=0.0, learning_rate=0.008285735608019451, batch_size=16
  0.2097 +/- 0.0161  (10015,) params  hidden_size=31, num_layers=2, dropout=0.5, learning_rate=0.004819707557405196, batch_size=16
  Selected: hidden_size=20, num_layers=2, dropout=0.0, learning_rate=0.008285735608019451, batch_size=16  (AP 0.2189, 4,482 parameters)
Epoch 1/50 | train loss: 0.6846 | validation loss: 0.7077 | validation accuracy: 0.7453 | validation AP: 0.1455
Epoch 2/50 | train loss: 0.6721 | validation loss: 0.714 | validation accuracy: 0.7845 | validation AP: 0.1448
Epoch 3/50 | train loss: 0.6527 | validation loss: 0.7351 | validation accuracy: 0.8132 | validation AP: 0.1899
Epoch 4/50 | train loss: 0.6503 | validation loss: 0.7694 | validation accuracy: 0.7579 | validation AP: 0.1471
Epoch 5/50 | train loss: 0.6417 | validation loss: 0.7413 | validation accuracy: 0.8048 | validation AP: 0.1633
Epoch 6/50 | train loss: 0.6492 | validation loss: 0.668 | validation accuracy: 0.6263 | validation AP: 0.1688
Epoch 7/50 | train loss: 0.6439 | validation loss: 0.7127 | validation accuracy: 0.7054 | validation AP: 0.1475
Stopping at epoch 7: validation AP has not improved for 4 epochs.
Best epoch: 3 | validation AP: 0.1899 | epochs run: 7

Validation classification report:
              precision    recall  f1-score   support

  disengaged     0.2114    0.2229    0.2170       166
     engaged     0.8971    0.8907    0.8939      1263

    accuracy                         0.8132      1429
   macro avg     0.5543    0.5568    0.5555      1429
weighted avg     0.8175    0.8132    0.8153      1429

Confusion matrix (rows: actual, columns: predicted):
[[  37  129]
 [ 138 1125]]
Epoch 1/50 | train loss: 0.6854 | validation loss: 0.7348 | validation accuracy: 0.7404 | validation AP: 0.1353
Epoch 2/50 | train loss: 0.6651 | validation loss: 0.7069 | validation accuracy: 0.8453 | validation AP: 0.2066
Epoch 3/50 | train loss: 0.6535 | validation loss: 0.7031 | validation accuracy: 0.7747 | validation AP: 0.1633
Epoch 4/50 | train loss: 0.6449 | validation loss: 0.7253 | validation accuracy: 0.6991 | validation AP: 0.1427
Epoch 5/50 | train loss: 0.6419 | validation loss: 0.6888 | validation accuracy: 0.8272 | validation AP: 0.1913
Epoch 6/50 | train loss: 0.6606 | validation loss: 0.7073 | validation accuracy: 0.7278 | validation AP: 0.1634
Stopping at epoch 6: validation AP has not improved for 4 epochs.
Best epoch: 2 | validation AP: 0.2066 | epochs run: 6

Validation classification report:
              precision    recall  f1-score   support

  disengaged     0.2330    0.1446    0.1784       166
     engaged     0.8929    0.9375    0.9146      1263

    accuracy                         0.8453      1429
   macro avg     0.5630    0.5410    0.5465      1429
weighted avg     0.8163    0.8453    0.8291      1429

Confusion matrix (rows: actual, columns: predicted):
[[  24  142]
 [  79 1184]]
Epoch 1/50 | train loss: 0.6858 | validation loss: 0.754 | validation accuracy: 0.809 | validation AP: 0.1447
Epoch 2/50 | train loss: 0.6582 | validation loss: 0.6709 | validation accuracy: 0.5759 | validation AP: 0.1924
Epoch 3/50 | train loss: 0.6602 | validation loss: 0.7165 | validation accuracy: 0.7901 | validation AP: 0.1559
Epoch 4/50 | train loss: 0.6519 | validation loss: 0.7475 | validation accuracy: 0.8258 | validation AP: 0.138
Epoch 5/50 | train loss: 0.6424 | validation loss: 0.6813 | validation accuracy: 0.6956 | validation AP: 0.1671
Epoch 6/50 | train loss: 0.6367 | validation loss: 0.6793 | validation accuracy: 0.6697 | validation AP: 0.1512
Stopping at epoch 6: validation AP has not improved for 4 epochs.
Best epoch: 2 | validation AP: 0.1924 | epochs run: 6

Validation classification report:
              precision    recall  f1-score   support

  disengaged     0.1486    0.5602    0.2348       166
     engaged     0.9091    0.5780    0.7067      1263

    accuracy                         0.5759      1429
   macro avg     0.5288    0.5691    0.4708      1429
weighted avg     0.8207    0.5759    0.6519      1429
[I 2026-10-09 01:11:21,792] Trial 0 finished with value: 0.19628704848389542 and parameters: {'hidden_size': 47, 'num_layers': 3, 'dropout': 0.0, 'learning_rate': 0.005399484409787433, 'batch_size': 64}. Best is trial 0 with value: 0.19628704848389542.
[I 2026-10-09 01:14:36,458] Trial 1 finished with value: 0.2002530267943112 and parameters: {'hidden_size': 136, 'num_layers': 1, 'dropout': 0.25, 'learning_rate': 0.0003823475224675188, 'batch_size': 8}. Best is trial 1 with value: 0.2002530267943112.

Confusion matrix (rows: actual, columns: predicted):
[[ 93  73]
 [533 730]]
Epoch 1/50 | train loss: 0.5666 | validation loss: 0.7494 | validation accuracy: 0.874 | validation AP: 0.1557
Epoch 2/50 | train loss: 0.5207 | validation loss: 0.7534 | validation accuracy: 0.881 | validation AP: 0.1835
Epoch 3/50 | train loss: 0.5224 | validation loss: 0.7867 | validation accuracy: 0.8677 | validation AP: 0.1929
Epoch 4/50 | train loss: 0.5225 | validation loss: 0.693 | validation accuracy: 0.8523 | validation AP: 0.1975
Epoch 5/50 | train loss: 0.5115 | validation loss: 0.75 | validation accuracy: 0.8607 | validation AP: 0.161
Epoch 6/50 | train loss: 0.5163 | validation loss: 0.7544 | validation accuracy: 0.8642 | validation AP: 0.1833
Epoch 7/50 | train loss: 0.5152 | validation loss: 0.7199 | validation accuracy: 0.8411 | validation AP: 0.1704
Epoch 8/50 | train loss: 0.5043 | validation loss: 0.8499 | validation accuracy: 0.874 | validation AP: 0.1735
Stopping at epoch 8: validation AP has not improved for 4 epochs.
Best epoch: 4 | validation AP: 0.1975 | epochs run: 8

Validation classification report:
              precision    recall  f1-score   support

  disengaged     0.2222    0.1084    0.1457       166
     engaged     0.8902    0.9501    0.9192      1263

    accuracy                         0.8523      1429
   macro avg     0.5562    0.5293    0.5325      1429
weighted avg     0.8126    0.8523    0.8293      1429

Confusion matrix (rows: actual, columns: predicted):
[[  18  148]
 [  63 1200]]
Epoch 1/50 | train loss: 0.5576 | validation loss: 0.7246 | validation accuracy: 0.8558 | validation AP: 0.1401
Epoch 2/50 | train loss: 0.5305 | validation loss: 0.7298 | validation accuracy: 0.8684 | validation AP: 0.1629
Epoch 3/50 | train loss: 0.5247 | validation loss: 0.7089 | validation accuracy: 0.8425 | validation AP: 0.1547
Epoch 4/50 | train loss: 0.5193 | validation loss: 0.7548 | validation accuracy: 0.8244 | validation AP: 0.1427
Epoch 5/50 | train loss: 0.5156 | validation loss: 0.6963 | validation accuracy: 0.8684 | validation AP: 0.2019
Epoch 6/50 | train loss: 0.512 | validation loss: 0.7243 | validation accuracy: 0.8202 | validation AP: 0.1692
Epoch 7/50 | train loss: 0.5164 | validation loss: 0.7148 | validation accuracy: 0.8355 | validation AP: 0.1616
Epoch 8/50 | train loss: 0.4984 | validation loss: 0.7414 | validation accuracy: 0.8453 | validation AP: 0.1647
Epoch 9/50 | train loss: 0.4902 | validation loss: 0.7905 | validation accuracy: 0.8244 | validation AP: 0.1588
Stopping at epoch 9: validation AP has not improved for 4 epochs.
Best epoch: 5 | validation AP: 0.2019 | epochs run: 9

Validation classification report:
              precision    recall  f1-score   support

  disengaged     0.2800    0.0843    0.1296       166
     engaged     0.8898    0.9715    0.9288      1263

    accuracy                         0.8684      1429
   macro avg     0.5849    0.5279    0.5292      1429
weighted avg     0.8189    0.8684    0.8360      1429

Confusion matrix (rows: actual, columns: predicted):
[[  14  152]
 [  36 1227]]
Epoch 1/50 | train loss: 0.5528 | validation loss: 0.7088 | validation accuracy: 0.8656 | validation AP: 0.1561
Epoch 2/50 | train loss: 0.5303 | validation loss: 0.6826 | validation accuracy: 0.8237 | validation AP: 0.1909
Epoch 3/50 | train loss: 0.536 | validation loss: 0.7486 | validation accuracy: 0.8803 | validation AP: 0.1393
Epoch 4/50 | train loss: 0.5468 | validation loss: 0.6729 | validation accuracy: 0.8782 | validation AP: 0.1901
Epoch 5/50 | train loss: 0.5133 | validation loss: 0.6768 | validation accuracy: 0.8796 | validation AP: 0.1943
Epoch 6/50 | train loss: 0.5171 | validation loss: 0.739 | validation accuracy: 0.8132 | validation AP: 0.1965
Epoch 7/50 | train loss: 0.5289 | validation loss: 0.6868 | validation accuracy: 0.8691 | validation AP: 0.1995
Epoch 8/50 | train loss: 0.5069 | validation loss: 0.6987 | validation accuracy: 0.8537 | validation AP: 0.1804
Epoch 9/50 | train loss: 0.5025 | validation loss: 0.7597 | validation accuracy: 0.8321 | validation AP: 0.1684
Epoch 10/50 | train loss: 0.5351 | validation loss: 0.7338 | validation accuracy: 0.8852 | validation AP: 0.2013
Epoch 11/50 | train loss: 0.5263 | validation loss: 0.7204 | validation accuracy: 0.8698 | validation AP: 0.1692
Epoch 12/50 | train loss: 0.511 | validation loss: 0.7612 | validation accuracy: 0.8803 | validation AP: 0.1833
Epoch 13/50 | train loss: 0.5117 | validation loss: 0.7618 | validation accuracy: 0.8509 | validation AP: 0.163
Epoch 14/50 | train loss: 0.5104 | validation loss: 0.6863 | validation accuracy: 0.86 | validation AP: 0.1903
Stopping at epoch 14: validation AP has not improved for 4 epochs.
Best epoch: 10 | validation AP: 0.2013 | epochs run: 14

Validation classification report:
              precision    recall  f1-score   support

  disengaged     0.6000    0.0361    0.0682       166
     engaged     0.8872    0.9968    0.9389      1263

    accuracy                         0.8852      1429
   macro avg     0.7436    0.5165    0.5035      1429
weighted avg     0.8539    0.8852    0.8377      1429

Confusion matrix (rows: actual, columns: predicted):
[[   6  160]
 [   4 1259]]
Epoch 1/50 | train loss: 0.682 | validation loss: 0.7252 | validation accuracy: 0.8838 | validation AP: 0.1859
Epoch 2/50 | train loss: 0.6765 | validation loss: 0.7274 | validation accuracy: 0.8831 | validation AP: 0.1738
Epoch 3/50 | train loss: 0.6585 | validation loss: 0.6979 | validation accuracy: 0.725 | validation AP: 0.1612
Epoch 4/50 | train loss: 0.6363 | validation loss: 0.7202 | validation accuracy: 0.774 | validation AP: 0.1672
Epoch 5/50 | train loss: 0.6321 | validation loss: 0.7174 | validation accuracy: 0.7117 | validation AP: 0.1539
Stopping at epoch 5: validation AP has not improved for 4 epochs.
Best epoch: 1 | validation AP: 0.1859 | epochs run: 5

Validation classification report:
              precision    recall  f1-score   support

  disengaged     0.0000    0.0000    0.0000       166
     engaged     0.8838    1.0000    0.9383      1263

    accuracy                         0.8838      1429
   macro avg     0.4419    0.5000    0.4692      1429
weighted avg     0.7812    0.8838    0.8293      1429

Confusion matrix (rows: actual, columns: predicted):
[[   0  166]
 [   0 1263]]
Epoch 1/50 | train loss: 0.6961 | validation loss: 0.7155 | validation accuracy: 0.8838 | validation AP: 0.1591
Epoch 2/50 | train loss: 0.6746 | validation loss: 0.7234 | validation accuracy: 0.8663 | validation AP: 0.1634
Epoch 3/50 | train loss: 0.6567 | validation loss: 0.7244 | validation accuracy: 0.7929 | validation AP: 0.1442
Epoch 4/50 | train loss: 0.6468 | validation loss: 0.7287 | validation accuracy: 0.7208 | validation AP: 0.1387
Epoch 5/50 | train loss: 0.6363 | validation loss: 0.7129 | validation accuracy: 0.7411 | validation AP: 0.1628
Epoch 6/50 | train loss: 0.62 | validation loss: 0.7442 | validation accuracy: 0.7628 | validation AP: 0.1676
Epoch 7/50 | train loss: 0.6136 | validation loss: 0.7435 | validation accuracy: 0.7747 | validation AP: 0.1792
Epoch 8/50 | train loss: 0.6128 | validation loss: 0.775 | validation accuracy: 0.7782 | validation AP: 0.1724
Epoch 9/50 | train loss: 0.6018 | validation loss: 0.7136 | validation accuracy: 0.7341 | validation AP: 0.1771
Epoch 10/50 | train loss: 0.6069 | validation loss: 0.7094 | validation accuracy: 0.7425 | validation AP: 0.191
Epoch 11/50 | train loss: 0.6069 | validation loss: 0.7205 | validation accuracy: 0.7621 | validation AP: 0.1837
Epoch 12/50 | train loss: 0.6041 | validation loss: 0.7276 | validation accuracy: 0.7432 | validation AP: 0.18
Epoch 13/50 | train loss: 0.5834 | validation loss: 0.807 | validation accuracy: 0.7782 | validation AP: 0.1926
Epoch 14/50 | train loss: 0.5987 | validation loss: 0.7462 | validation accuracy: 0.7418 | validation AP: 0.1693
Epoch 15/50 | train loss: 0.585 | validation loss: 0.7596 | validation accuracy: 0.7642 | validation AP: 0.1727
Epoch 16/50 | train loss: 0.5869 | validation loss: 0.736 | validation accuracy: 0.7215 | validation AP: 0.1843
Epoch 17/50 | train loss: 0.5805 | validation loss: 0.7224 | validation accuracy: 0.7327 | validation AP: 0.1881[I 2026-10-09 01:15:28,103] Trial 2 finished with value: 0.18877382589097547 and parameters: {'hidden_size': 56, 'num_layers': 3, 'dropout': 0.5, 'learning_rate': 0.00021930485556643703, 'batch_size': 32}. Best is trial 1 with value: 0.2002530267943112.
[I 2026-10-09 01:16:24,133] Trial 3 finished with value: 0.20068791628407892 and parameters: {'hidden_size': 40, 'num_layers': 1, 'dropout': 0.0, 'learning_rate': 0.006586289317583112, 'batch_size': 16}. Best is trial 3 with value: 0.20068791628407892.

Stopping at epoch 17: validation AP has not improved for 4 epochs.
Best epoch: 13 | validation AP: 0.1926 | epochs run: 17

Validation classification report:
              precision    recall  f1-score   support

  disengaged     0.2234    0.3675    0.2779       166
     engaged     0.9092    0.8321    0.8690      1263

    accuracy                         0.7782      1429
   macro avg     0.5663    0.5998    0.5734      1429
weighted avg     0.8295    0.7782    0.8003      1429

Confusion matrix (rows: actual, columns: predicted):
[[  61  105]
 [ 212 1051]]
Epoch 1/50 | train loss: 0.6832 | validation loss: 0.7386 | validation accuracy: 0.8838 | validation AP: 0.1569
Epoch 2/50 | train loss: 0.6747 | validation loss: 0.7311 | validation accuracy: 0.86 | validation AP: 0.158
Epoch 3/50 | train loss: 0.6554 | validation loss: 0.7358 | validation accuracy: 0.7999 | validation AP: 0.1621
Epoch 4/50 | train loss: 0.6379 | validation loss: 0.74 | validation accuracy: 0.7775 | validation AP: 0.1523
Epoch 5/50 | train loss: 0.6287 | validation loss: 0.7085 | validation accuracy: 0.7383 | validation AP: 0.1826
Epoch 6/50 | train loss: 0.6276 | validation loss: 0.7181 | validation accuracy: 0.7264 | validation AP: 0.1668
Epoch 7/50 | train loss: 0.62 | validation loss: 0.734 | validation accuracy: 0.7628 | validation AP: 0.1798
Epoch 8/50 | train loss: 0.6022 | validation loss: 0.7394 | validation accuracy: 0.7327 | validation AP: 0.1582
Epoch 9/50 | train loss: 0.6106 | validation loss: 0.742 | validation accuracy: 0.7684 | validation AP: 0.187
Epoch 10/50 | train loss: 0.6178 | validation loss: 0.7286 | validation accuracy: 0.767 | validation AP: 0.176
Epoch 11/50 | train loss: 0.615 | validation loss: 0.7243 | validation accuracy: 0.76 | validation AP: 0.1695
Epoch 12/50 | train loss: 0.5967 | validation loss: 0.7585 | validation accuracy: 0.7719 | validation AP: 0.1878
Epoch 13/50 | train loss: 0.5962 | validation loss: 0.7711 | validation accuracy: 0.7642 | validation AP: 0.1668
Epoch 14/50 | train loss: 0.6011 | validation loss: 0.7195 | validation accuracy: 0.6879 | validation AP: 0.1543
Epoch 15/50 | train loss: 0.5898 | validation loss: 0.7957 | validation accuracy: 0.7656 | validation AP: 0.1756
Epoch 16/50 | train loss: 0.5908 | validation loss: 0.7722 | validation accuracy: 0.7677 | validation AP: 0.1606
Stopping at epoch 16: validation AP has not improved for 4 epochs.
Best epoch: 12 | validation AP: 0.1878 | epochs run: 16

Validation classification report:
              precision    recall  f1-score   support

  disengaged     0.2015    0.3253    0.2488       166
     engaged     0.9035    0.8306    0.8655      1263

    accuracy                         0.7719      1429
   macro avg     0.5525    0.5779    0.5572      1429
weighted avg     0.8220    0.7719    0.7939      1429

Confusion matrix (rows: actual, columns: predicted):
[[  54  112]
 [ 214 1049]]
Epoch 1/50 | train loss: 0.6434 | validation loss: 0.7621 | validation accuracy: 0.7873 | validation AP: 0.1234
Epoch 2/50 | train loss: 0.6156 | validation loss: 0.7874 | validation accuracy: 0.8621 | validation AP: 0.1594
Epoch 3/50 | train loss: 0.6048 | validation loss: 0.8239 | validation accuracy: 0.853 | validation AP: 0.1661
Epoch 4/50 | train loss: 0.6706 | validation loss: 0.6913 | validation accuracy: 0.7964 | validation AP: 0.2131
Epoch 5/50 | train loss: 0.6209 | validation loss: 0.774 | validation accuracy: 0.7922 | validation AP: 0.1183
Epoch 6/50 | train loss: 0.6216 | validation loss: 0.8748 | validation accuracy: 0.8733 | validation AP: 0.1726
Epoch 7/50 | train loss: 0.5952 | validation loss: 0.6949 | validation accuracy: 0.7355 | validation AP: 0.1954
Epoch 8/50 | train loss: 0.5766 | validation loss: 0.843 | validation accuracy: 0.8418 | validation AP: 0.1954
Stopping at epoch 8: validation AP has not improved for 4 epochs.
Best epoch: 4 | validation AP: 0.2131 | epochs run: 8

Validation classification report:
              precision    recall  f1-score   support

  disengaged     0.2340    0.3313    0.2743       166
     engaged     0.9070    0.8575    0.8816      1263

    accuracy                         0.7964      1429
   macro avg     0.5705    0.5944    0.5779      1429
weighted avg     0.8289    0.7964    0.8110      1429

Confusion matrix (rows: actual, columns: predicted):
[[  55  111]
 [ 180 1083]]
Epoch 1/50 | train loss: 0.6506 | validation loss: 0.7472 | validation accuracy: 0.8286 | validation AP: 0.1474
Epoch 2/50 | train loss: 0.615 | validation loss: 0.7453 | validation accuracy: 0.8523 | validation AP: 0.1541
Epoch 3/50 | train loss: 0.618 | validation loss: 0.7063 | validation accuracy: 0.8062 | validation AP: 0.178
Epoch 4/50 | train loss: 0.594 | validation loss: 0.7689 | validation accuracy: 0.7691 | validation AP: 0.1271
Epoch 5/50 | train loss: 0.5946 | validation loss: 0.7352 | validation accuracy: 0.7957 | validation AP: 0.1722
Epoch 6/50 | train loss: 0.5784 | validation loss: 0.7777 | validation accuracy: 0.8167 | validation AP: 0.1723
Epoch 7/50 | train loss: 0.5803 | validation loss: 0.7516 | validation accuracy: 0.7943 | validation AP: 0.1775
Stopping at epoch 7: validation AP has not improved for 4 epochs.
Best epoch: 3 | validation AP: 0.178 | epochs run: 7

Validation classification report:
              precision    recall  f1-score   support

  disengaged     0.1864    0.1988    0.1924       166
     engaged     0.8938    0.8860    0.8899      1263

    accuracy                         0.8062      1429
   macro avg     0.5401    0.5424    0.5411      1429
weighted avg     0.8116    0.8062    0.8088      1429

Confusion matrix (rows: actual, columns: predicted):
[[  33  133]
 [ 144 1119]]
Epoch 1/50 | train loss: 0.6441 | validation loss: 0.7542 | validation accuracy: 0.8265 | validation AP: 0.1486
Epoch 2/50 | train loss: 0.615 | validation loss: 0.6929 | validation accuracy: 0.7334 | validation AP: 0.211
Epoch 3/50 | train loss: 0.6055 | validation loss: 0.7675 | validation accuracy: 0.8348 | validation AP: 0.1752
Epoch 4/50 | train loss: 0.5925 | validation loss: 0.7358 | validation accuracy: 0.8307 | validation AP: 0.1446
Epoch 5/50 | train loss: 0.5875 | validation loss: 0.7075 | validation accuracy: 0.7859 | validation AP: 0.1754
Epoch 6/50 | train loss: 0.5782 | validation loss: 0.7677 | validation accuracy: 0.8104 | validation AP: 0.1419
Stopping at epoch 6: validation AP has not improved for 4 epochs.
Best epoch: 2 | validation AP: 0.211 | epochs run: 6

Validation classification report:
              precision    recall  f1-score   support

  disengaged     0.1937    0.4096    0.2631       166
     engaged     0.9091    0.7759    0.8372      1263

    accuracy                         0.7334      1429
   macro avg     0.5514    0.5928    0.5502      1429
weighted avg     0.8260    0.7334    0.7705      1429

Confusion matrix (rows: actual, columns: predicted):
[[ 68  98]
 [283 980]]
Epoch 1/50 | train loss: 0.6709 | validation loss: 0.7532 | validation accuracy: 0.6998 | validation AP: 0.1387
Epoch 2/50 | train loss: 0.6766 | validation loss: 0.6818 | validation accuracy: 0.7341 | validation AP: 0.166
Epoch 3/50 | train loss: 0.6556 | validation loss: 0.7477 | validation accuracy: 0.809 | validation AP: 0.1699
Epoch 4/50 | train loss: 0.6495 | validation loss: 0.7044 | validation accuracy: 0.5752 | validation AP: 0.1506
Epoch 5/50 | train loss: 0.6501 | validation loss: 0.7237 | validation accuracy: 0.6578 | validation AP: 0.1331
Epoch 6/50 | train loss: 0.6476 | validation loss: 0.7176 | validation accuracy: 0.8055 | validation AP: 0.1778
Epoch 7/50 | train loss: 0.6397 | validation loss: 0.7053 | validation accuracy: 0.7705 | validation AP: 0.174
Epoch 8/50 | train loss: 0.6306 | validation loss: 0.7675 | validation accuracy: 0.8258 | validation AP: 0.1945
Epoch 9/50 | train loss: 0.6271 | validation loss: 0.7137 | validation accuracy: 0.7173 | validation AP: 0.1492
Epoch 10/50 | train loss: 0.6141 | validation loss: 0.7162 | validation accuracy: 0.6893 | validation AP: 0.1568
Epoch 11/50 | train loss: 0.6031 | validation loss: 0.7532 | validation accuracy: 0.774 | validation AP: 0.1591
Epoch 12/50 | train loss: 0.6002 | validation loss: 0.7778 | validation accuracy: 0.7831 | validation AP: 0.1525[I 2026-10-09 01:16:36,886] Trial 4 finished with value: 0.20526785460733743 and parameters: {'hidden_size': 70, 'num_layers': 1, 'dropout': 0.0, 'learning_rate': 0.0069782812651260325, 'batch_size': 64}. Best is trial 4 with value: 0.20526785460733743.
[I 2026-10-09 01:17:23,256] Trial 5 finished with value: 0.19794001379799533 and parameters: {'hidden_size': 48, 'num_layers': 1, 'dropout': 0.0, 'learning_rate': 0.0040215545266902904, 'batch_size': 16}. Best is trial 4 with value: 0.20526785460733743.

Stopping at epoch 12: validation AP has not improved for 4 epochs.
Best epoch: 8 | validation AP: 0.1945 | epochs run: 12

Validation classification report:
              precision    recall  f1-score   support

  disengaged     0.1926    0.1566    0.1728       166
     engaged     0.8918    0.9137    0.9026      1263

    accuracy                         0.8258      1429
   macro avg     0.5422    0.5352    0.5377      1429
weighted avg     0.8106    0.8258    0.8178      1429

Confusion matrix (rows: actual, columns: predicted):
[[  26  140]
 [ 109 1154]]
Epoch 1/50 | train loss: 0.6876 | validation loss: 0.6961 | validation accuracy: 0.5815 | validation AP: 0.1331
Epoch 2/50 | train loss: 0.6614 | validation loss: 0.6694 | validation accuracy: 0.7376 | validation AP: 0.2123
Epoch 3/50 | train loss: 0.6485 | validation loss: 0.7279 | validation accuracy: 0.6298 | validation AP: 0.1254
Epoch 4/50 | train loss: 0.64 | validation loss: 0.6981 | validation accuracy: 0.662 | validation AP: 0.1625
Epoch 5/50 | train loss: 0.6318 | validation loss: 0.7037 | validation accuracy: 0.6788 | validation AP: 0.1661
Epoch 6/50 | train loss: 0.622 | validation loss: 0.7332 | validation accuracy: 0.7453 | validation AP: 0.162
Stopping at epoch 6: validation AP has not improved for 4 epochs.
Best epoch: 2 | validation AP: 0.2123 | epochs run: 6

Validation classification report:
              precision    recall  f1-score   support

  disengaged     0.2183    0.4880    0.3017       166
     engaged     0.9197    0.7704    0.8384      1263

    accuracy                         0.7376      1429
   macro avg     0.5690    0.6292    0.5701      1429
weighted avg     0.8382    0.7376    0.7761      1429

Confusion matrix (rows: actual, columns: predicted):
[[ 81  85]
 [290 973]]
Epoch 1/50 | train loss: 0.6818 | validation loss: 0.7359 | validation accuracy: 0.7831 | validation AP: 0.1621
Epoch 2/50 | train loss: 0.6496 | validation loss: 0.6751 | validation accuracy: 0.6179 | validation AP: 0.2089
Epoch 3/50 | train loss: 0.6485 | validation loss: 0.7177 | validation accuracy: 0.7306 | validation AP: 0.1636
Epoch 4/50 | train loss: 0.6368 | validation loss: 0.7462 | validation accuracy: 0.7978 | validation AP: 0.1424
Epoch 5/50 | train loss: 0.6322 | validation loss: 0.6859 | validation accuracy: 0.6466 | validation AP: 0.1611
Epoch 6/50 | train loss: 0.6275 | validation loss: 0.7239 | validation accuracy: 0.6788 | validation AP: 0.1433
Stopping at epoch 6: validation AP has not improved for 4 epochs.
Best epoch: 2 | validation AP: 0.2089 | epochs run: 6

Validation classification report:
              precision    recall  f1-score   support

  disengaged     0.1643    0.5602    0.2541       166
     engaged     0.9154    0.6255    0.7432      1263

    accuracy                         0.6179      1429
   macro avg     0.5399    0.5929    0.4986      1429
weighted avg     0.8282    0.6179    0.6864      1429

Confusion matrix (rows: actual, columns: predicted):
[[ 93  73]
 [473 790]]
Epoch 1/50 | train loss: 0.636 | validation loss: 0.7491 | validation accuracy: 0.83 | validation AP: 0.1453
Epoch 2/50 | train loss: 0.6071 | validation loss: 0.7623 | validation accuracy: 0.8635 | validation AP: 0.1962
Epoch 3/50 | train loss: 0.5966 | validation loss: 0.8013 | validation accuracy: 0.8195 | validation AP: 0.1651
Epoch 4/50 | train loss: 0.602 | validation loss: 0.753 | validation accuracy: 0.795 | validation AP: 0.1626
Epoch 5/50 | train loss: 0.5909 | validation loss: 0.7682 | validation accuracy: 0.7978 | validation AP: 0.1362
Epoch 6/50 | train loss: 0.6044 | validation loss: 0.7841 | validation accuracy: 0.8055 | validation AP: 0.1622
Stopping at epoch 6: validation AP has not improved for 4 epochs.
Best epoch: 2 | validation AP: 0.1962 | epochs run: 6

Validation classification report:
              precision    recall  f1-score   support

  disengaged     0.2769    0.1084    0.1558       166
     engaged     0.8915    0.9628    0.9258      1263

    accuracy                         0.8635      1429
   macro avg     0.5842    0.5356    0.5408      1429
weighted avg     0.8201    0.8635    0.8363      1429

Confusion matrix (rows: actual, columns: predicted):
[[  18  148]
 [  47 1216]]
Epoch 1/50 | train loss: 0.6473 | validation loss: 0.7535 | validation accuracy: 0.8314 | validation AP: 0.1465
Epoch 2/50 | train loss: 0.6145 | validation loss: 0.7616 | validation accuracy: 0.8502 | validation AP: 0.1547
Epoch 3/50 | train loss: 0.6243 | validation loss: 0.7267 | validation accuracy: 0.8181 | validation AP: 0.1677
Epoch 4/50 | train loss: 0.6083 | validation loss: 0.7807 | validation accuracy: 0.8348 | validation AP: 0.1501
Epoch 5/50 | train loss: 0.5981 | validation loss: 0.7339 | validation accuracy: 0.8104 | validation AP: 0.176
Epoch 6/50 | train loss: 0.5808 | validation loss: 0.7574 | validation accuracy: 0.6403 | validation AP: 0.1409
Epoch 7/50 | train loss: 0.5862 | validation loss: 0.7694 | validation accuracy: 0.7929 | validation AP: 0.1583
Epoch 8/50 | train loss: 0.5705 | validation loss: 0.7898 | validation accuracy: 0.8251 | validation AP: 0.1554
Epoch 9/50 | train loss: 0.5497 | validation loss: 0.7652 | validation accuracy: 0.7705 | validation AP: 0.1528
Stopping at epoch 9: validation AP has not improved for 4 epochs.
Best epoch: 5 | validation AP: 0.176 | epochs run: 9

Validation classification report:
              precision    recall  f1-score   support

  disengaged     0.1818    0.1807    0.1813       166
     engaged     0.8924    0.8931    0.8928      1263

    accuracy                         0.8104      1429
   macro avg     0.5371    0.5369    0.5370      1429
weighted avg     0.8099    0.8104    0.8101      1429

Confusion matrix (rows: actual, columns: predicted):
[[  30  136]
 [ 135 1128]]
Epoch 1/50 | train loss: 0.6404 | validation loss: 0.763 | validation accuracy: 0.8314 | validation AP: 0.1485
Epoch 2/50 | train loss: 0.6121 | validation loss: 0.6893 | validation accuracy: 0.7425 | validation AP: 0.2177
Epoch 3/50 | train loss: 0.6073 | validation loss: 0.7409 | validation accuracy: 0.8293 | validation AP: 0.1936
Epoch 4/50 | train loss: 0.5993 | validation loss: 0.7306 | validation accuracy: 0.802 | validation AP: 0.1428
Epoch 5/50 | train loss: 0.5906 | validation loss: 0.696 | validation accuracy: 0.8244 | validation AP: 0.2216
Epoch 6/50 | train loss: 0.5932 | validation loss: 0.7495 | validation accuracy: 0.7754 | validation AP: 0.1557
Epoch 7/50 | train loss: 0.5891 | validation loss: 0.7403 | validation accuracy: 0.7852 | validation AP: 0.1738
Epoch 8/50 | train loss: 0.5745 | validation loss: 0.7321 | validation accuracy: 0.8069 | validation AP: 0.1543
Epoch 9/50 | train loss: 0.5723 | validation loss: 0.7698 | validation accuracy: 0.823 | validation AP: 0.1716
Stopping at epoch 9: validation AP has not improved for 4 epochs.
Best epoch: 5 | validation AP: 0.2216 | epochs run: 9

Validation classification report:
              precision    recall  f1-score   support

  disengaged     0.2485    0.2530    0.2507       166
     engaged     0.9016    0.8994    0.9005      1263

    accuracy                         0.8244      1429
   macro avg     0.5751    0.5762    0.5756      1429
weighted avg     0.8257    0.8244    0.8250      1429

Confusion matrix (rows: actual, columns: predicted):
[[  42  124]
 [ 127 1136]]
Epoch 1/50 | train loss: 0.5852 | validation loss: 0.7712 | validation accuracy: 0.8838 | validation AP: 0.1173
Epoch 2/50 | train loss: 0.5317 | validation loss: 0.7804 | validation accuracy: 0.8838 | validation AP: 0.1248
Epoch 3/50 | train loss: 0.5329 | validation loss: 0.7786 | validation accuracy: 0.8838 | validation AP: 0.1329
Epoch 4/50 | train loss: 0.5341 | validation loss: 0.7394 | validation accuracy: 0.8838 | validation AP: 0.1376
Epoch 5/50 | train loss: 0.5165 | validation loss: 0.7305 | validation accuracy: 0.867 | validation AP: 0.1385
Epoch 6/50 | train loss: 0.5172 | validation loss: 0.757 | validation accuracy: 0.8558 | validation AP: 0.1428
Epoch 7/50 | train loss: 0.5144 | validation loss: 0.7411 | validation accuracy: 0.8307 | validation AP: 0.1458
Epoch 8/50 | train loss: 0.5006 | validation loss: 0.8034 | validation accuracy: 0.8586 | validation AP: 0.1529[I 2026-10-09 01:21:19,139] Trial 6 finished with value: 0.16666479554954958 and parameters: {'hidden_size': 20, 'num_layers': 3, 'dropout': 0.1, 'learning_rate': 0.0001705053926026929, 'batch_size': 8}. Best is trial 4 with value: 0.20526785460733743.

Epoch 9/50 | train loss: 0.4989 | validation loss: 0.735 | validation accuracy: 0.8174 | validation AP: 0.1483
Epoch 10/50 | train loss: 0.4986 | validation loss: 0.7319 | validation accuracy: 0.8062 | validation AP: 0.1477
Epoch 11/50 | train loss: 0.4838 | validation loss: 0.7703 | validation accuracy: 0.8132 | validation AP: 0.1431
Epoch 12/50 | train loss: 0.4954 | validation loss: 0.7917 | validation accuracy: 0.8272 | validation AP: 0.1513
Stopping at epoch 12: validation AP has not improved for 4 epochs.
Best epoch: 8 | validation AP: 0.1529 | epochs run: 12

Validation classification report:
              precision    recall  f1-score   support

  disengaged     0.1538    0.0482    0.0734       166
     engaged     0.8853    0.9652    0.9235      1263

    accuracy                         0.8586      1429
   macro avg     0.5196    0.5067    0.4984      1429
weighted avg     0.8003    0.8586    0.8247      1429

Confusion matrix (rows: actual, columns: predicted):
[[   8  158]
 [  44 1219]]
Epoch 1/50 | train loss: 0.6022 | validation loss: 0.75 | validation accuracy: 0.8838 | validation AP: 0.1534
Epoch 2/50 | train loss: 0.5375 | validation loss: 0.7458 | validation accuracy: 0.8838 | validation AP: 0.1541
Epoch 3/50 | train loss: 0.5319 | validation loss: 0.7166 | validation accuracy: 0.8726 | validation AP: 0.15
Epoch 4/50 | train loss: 0.52 | validation loss: 0.7399 | validation accuracy: 0.8523 | validation AP: 0.1508
Epoch 5/50 | train loss: 0.521 | validation loss: 0.7224 | validation accuracy: 0.8432 | validation AP: 0.1609
Epoch 6/50 | train loss: 0.5096 | validation loss: 0.7296 | validation accuracy: 0.8328 | validation AP: 0.1609
Epoch 7/50 | train loss: 0.5095 | validation loss: 0.7354 | validation accuracy: 0.8328 | validation AP: 0.1657
Epoch 8/50 | train loss: 0.4953 | validation loss: 0.746 | validation accuracy: 0.8237 | validation AP: 0.1609
Epoch 9/50 | train loss: 0.4936 | validation loss: 0.7429 | validation accuracy: 0.8118 | validation AP: 0.1596
Epoch 10/50 | train loss: 0.5035 | validation loss: 0.7243 | validation accuracy: 0.8237 | validation AP: 0.162
Epoch 11/50 | train loss: 0.4982 | validation loss: 0.747 | validation accuracy: 0.8355 | validation AP: 0.1629
Stopping at epoch 11: validation AP has not improved for 4 epochs.
Best epoch: 7 | validation AP: 0.1657 | epochs run: 11

Validation classification report:
              precision    recall  f1-score   support

  disengaged     0.1933    0.1386    0.1614       166
     engaged     0.8908    0.9240    0.9071      1263

    accuracy                         0.8328      1429
   macro avg     0.5421    0.5313    0.5343      1429
weighted avg     0.8098    0.8328    0.8205      1429

Confusion matrix (rows: actual, columns: predicted):
[[  23  143]
 [  96 1167]]
Epoch 1/50 | train loss: 0.5762 | validation loss: 0.7546 | validation accuracy: 0.8838 | validation AP: 0.1325
Epoch 2/50 | train loss: 0.5475 | validation loss: 0.7373 | validation accuracy: 0.8838 | validation AP: 0.1408
Epoch 3/50 | train loss: 0.541 | validation loss: 0.7561 | validation accuracy: 0.8838 | validation AP: 0.1498
Epoch 4/50 | train loss: 0.5348 | validation loss: 0.7256 | validation accuracy: 0.8838 | validation AP: 0.155
Epoch 5/50 | train loss: 0.5191 | validation loss: 0.7136 | validation accuracy: 0.8831 | validation AP: 0.1554
Epoch 6/50 | train loss: 0.5156 | validation loss: 0.7516 | validation accuracy: 0.867 | validation AP: 0.149
Epoch 7/50 | train loss: 0.5139 | validation loss: 0.7311 | validation accuracy: 0.8551 | validation AP: 0.1498
Epoch 8/50 | train loss: 0.502 | validation loss: 0.738 | validation accuracy: 0.8495 | validation AP: 0.156
Epoch 9/50 | train loss: 0.5019 | validation loss: 0.7758 | validation accuracy: 0.8523 | validation AP: 0.1609
Epoch 10/50 | train loss: 0.5078 | validation loss: 0.7327 | validation accuracy: 0.8509 | validation AP: 0.1633
Epoch 11/50 | train loss: 0.499 | validation loss: 0.7541 | validation accuracy: 0.8467 | validation AP: 0.1659
Epoch 12/50 | train loss: 0.4895 | validation loss: 0.7595 | validation accuracy: 0.8432 | validation AP: 0.1716
Epoch 13/50 | train loss: 0.4927 | validation loss: 0.7687 | validation accuracy: 0.8334 | validation AP: 0.1682
Epoch 14/50 | train loss: 0.4979 | validation loss: 0.7025 | validation accuracy: 0.8209 | validation AP: 0.1637
Epoch 15/50 | train loss: 0.4898 | validation loss: 0.7758 | validation accuracy: 0.8439 | validation AP: 0.1718
Epoch 16/50 | train loss: 0.4885 | validation loss: 0.7533 | validation accuracy: 0.8425 | validation AP: 0.169
Epoch 17/50 | train loss: 0.4769 | validation loss: 0.852 | validation accuracy: 0.8565 | validation AP: 0.1771
Epoch 18/50 | train loss: 0.4793 | validation loss: 0.7574 | validation accuracy: 0.8383 | validation AP: 0.1723
Epoch 19/50 | train loss: 0.487 | validation loss: 0.8221 | validation accuracy: 0.8565 | validation AP: 0.1762
Epoch 20/50 | train loss: 0.475 | validation loss: 0.7578 | validation accuracy: 0.8523 | validation AP: 0.1802
Epoch 21/50 | train loss: 0.4771 | validation loss: 0.7369 | validation accuracy: 0.8383 | validation AP: 0.176
Epoch 22/50 | train loss: 0.4764 | validation loss: 0.7549 | validation accuracy: 0.8369 | validation AP: 0.1775
Epoch 23/50 | train loss: 0.4782 | validation loss: 0.7845 | validation accuracy: 0.8488 | validation AP: 0.1776
Epoch 24/50 | train loss: 0.4744 | validation loss: 0.7677 | validation accuracy: 0.8418 | validation AP: 0.1814
Epoch 25/50 | train loss: 0.469 | validation loss: 0.8265 | validation accuracy: 0.8432 | validation AP: 0.1785
Epoch 26/50 | train loss: 0.4665 | validation loss: 0.7922 | validation accuracy: 0.8411 | validation AP: 0.1788
Epoch 27/50 | train loss: 0.4705 | validation loss: 0.7784 | validation accuracy: 0.8376 | validation AP: 0.1749
Epoch 28/50 | train loss: 0.4642 | validation loss: 0.7427 | validation accuracy: 0.8181 | validation AP: 0.1758
Stopping at epoch 28: validation AP has not improved for 4 epochs.
Best epoch: 24 | validation AP: 0.1814 | epochs run: 28

Validation classification report:
              precision    recall  f1-score   support

  disengaged     0.2059    0.1265    0.1567       166
     engaged     0.8907    0.9359    0.9127      1263

    accuracy                         0.8418      1429
   macro avg     0.5483    0.5312    0.5347      1429
weighted avg     0.8112    0.8418    0.8249      1429

Confusion matrix (rows: actual, columns: predicted):
[[  21  145]
 [  81 1182]]
Epoch 1/50 | train loss: 0.6674 | validation loss: 0.7201 | validation accuracy: 0.7621 | validation AP: 0.1516
Epoch 2/50 | train loss: 0.6456 | validation loss: 0.7315 | validation accuracy: 0.8118 | validation AP: 0.1591
Epoch 3/50 | train loss: 0.6317 | validation loss: 0.7394 | validation accuracy: 0.7824 | validation AP: 0.1723
Epoch 4/50 | train loss: 0.6259 | validation loss: 0.7409 | validation accuracy: 0.7579 | validation AP: 0.1595
Epoch 5/50 | train loss: 0.6258 | validation loss: 0.7669 | validation accuracy: 0.8314 | validation AP: 0.1606
Epoch 6/50 | train loss: 0.6173 | validation loss: 0.7472 | validation accuracy: 0.7768 | validation AP: 0.1638
Epoch 7/50 | train loss: 0.609 | validation loss: 0.7338 | validation accuracy: 0.7341 | validation AP: 0.1563
Stopping at epoch 7: validation AP has not improved for 4 epochs.
Best epoch: 3 | validation AP: 0.1723 | epochs run: 7

Validation classification report:
              precision    recall  f1-score   support

  disengaged     0.2016    0.2952    0.2396       166
     engaged     0.9013    0.8464    0.8730      1263

    accuracy                         0.7824      1429
   macro avg     0.5515    0.5708    0.5563      1429
weighted avg     0.8201    0.7824    0.7994      1429

Confusion matrix (rows: actual, columns: predicted):
[[  49  117]
 [ 194 1069]]
Epoch 1/50 | train loss: 0.671 | validation loss: 0.7058 | validation accuracy: 0.6914 | validation AP: 0.1486
Epoch 2/50 | train loss: 0.6463 | validation loss: 0.6688 | validation accuracy: 0.7285 | validation AP: 0.1882
Epoch 3/50 | train loss: 0.6411 | validation loss: 0.732 | validation accuracy: 0.7201 | validation AP: 0.1469
Epoch 4/50 | train loss: 0.6244 | validation loss: 0.7058 | validation accuracy: 0.6998 | validation AP: 0.1573[I 2026-10-09 01:21:39,619] Trial 7 finished with value: 0.18477591029203486 and parameters: {'hidden_size': 40, 'num_layers': 1, 'dropout': 0.1, 'learning_rate': 0.0026698666742744613, 'batch_size': 32}. Best is trial 4 with value: 0.20526785460733743.
[I 2026-10-09 01:23:29,877] Trial 8 finished with value: 0.18725375006675984 and parameters: {'hidden_size': 66, 'num_layers': 2, 'dropout': 0.25, 'learning_rate': 0.0010402587615883842, 'batch_size': 8}. Best is trial 4 with value: 0.20526785460733743.

Epoch 5/50 | train loss: 0.6151 | validation loss: 0.7187 | validation accuracy: 0.7614 | validation AP: 0.1767
Epoch 6/50 | train loss: 0.6021 | validation loss: 0.7547 | validation accuracy: 0.7719 | validation AP: 0.1728
Stopping at epoch 6: validation AP has not improved for 4 epochs.
Best epoch: 2 | validation AP: 0.1882 | epochs run: 6

Validation classification report:
              precision    recall  f1-score   support

  disengaged     0.2016    0.4518    0.2788       166
     engaged     0.9139    0.7648    0.8328      1263

    accuracy                         0.7285      1429
   macro avg     0.5578    0.6083    0.5558      1429
weighted avg     0.8312    0.7285    0.7684      1429

Confusion matrix (rows: actual, columns: predicted):
[[ 75  91]
 [297 966]]
Epoch 1/50 | train loss: 0.6716 | validation loss: 0.7412 | validation accuracy: 0.7866 | validation AP: 0.144
Epoch 2/50 | train loss: 0.6432 | validation loss: 0.6955 | validation accuracy: 0.6809 | validation AP: 0.1798
Epoch 3/50 | train loss: 0.6306 | validation loss: 0.7267 | validation accuracy: 0.7761 | validation AP: 0.1818
Epoch 4/50 | train loss: 0.6156 | validation loss: 0.7602 | validation accuracy: 0.8097 | validation AP: 0.143
Epoch 5/50 | train loss: 0.6354 | validation loss: 0.7212 | validation accuracy: 0.7593 | validation AP: 0.1939
Epoch 6/50 | train loss: 0.6192 | validation loss: 0.7256 | validation accuracy: 0.7285 | validation AP: 0.1435
Epoch 7/50 | train loss: 0.6055 | validation loss: 0.7502 | validation accuracy: 0.7418 | validation AP: 0.1529
Epoch 8/50 | train loss: 0.5999 | validation loss: 0.7149 | validation accuracy: 0.394 | validation AP: 0.14
Epoch 9/50 | train loss: 0.6084 | validation loss: 0.764 | validation accuracy: 0.7208 | validation AP: 0.1655
Stopping at epoch 9: validation AP has not improved for 4 epochs.
Best epoch: 5 | validation AP: 0.1939 | epochs run: 9

Validation classification report:
              precision    recall  f1-score   support

  disengaged     0.1952    0.3434    0.2489       166
     engaged     0.9041    0.8139    0.8567      1263

    accuracy                         0.7593      1429
   macro avg     0.5497    0.5787    0.5528      1429
weighted avg     0.8218    0.7593    0.7861      1429

Confusion matrix (rows: actual, columns: predicted):
[[  57  109]
 [ 235 1028]]
Epoch 1/50 | train loss: 0.5536 | validation loss: 0.7528 | validation accuracy: 0.8362 | validation AP: 0.149
Epoch 2/50 | train loss: 0.522 | validation loss: 0.7735 | validation accuracy: 0.8677 | validation AP: 0.1751
Epoch 3/50 | train loss: 0.5215 | validation loss: 0.7897 | validation accuracy: 0.8572 | validation AP: 0.183
Epoch 4/50 | train loss: 0.523 | validation loss: 0.6934 | validation accuracy: 0.8481 | validation AP: 0.1809
Epoch 5/50 | train loss: 0.5165 | validation loss: 0.72 | validation accuracy: 0.8328 | validation AP: 0.1506
Epoch 6/50 | train loss: 0.5062 | validation loss: 0.7786 | validation accuracy: 0.8334 | validation AP: 0.17
Epoch 7/50 | train loss: 0.5021 | validation loss: 0.7386 | validation accuracy: 0.8048 | validation AP: 0.1775
Stopping at epoch 7: validation AP has not improved for 4 epochs.
Best epoch: 3 | validation AP: 0.183 | epochs run: 7

Validation classification report:
              precision    recall  f1-score   support

  disengaged     0.1724    0.0602    0.0893       166
     engaged     0.8862    0.9620    0.9226      1263

    accuracy                         0.8572      1429
   macro avg     0.5293    0.5111    0.5059      1429
weighted avg     0.8033    0.8572    0.8258      1429

Confusion matrix (rows: actual, columns: predicted):
[[  10  156]
 [  48 1215]]
Epoch 1/50 | train loss: 0.5584 | validation loss: 0.7705 | validation accuracy: 0.8537 | validation AP: 0.1377
Epoch 2/50 | train loss: 0.5307 | validation loss: 0.762 | validation accuracy: 0.8516 | validation AP: 0.1453
Epoch 3/50 | train loss: 0.5304 | validation loss: 0.7086 | validation accuracy: 0.8635 | validation AP: 0.1618
Epoch 4/50 | train loss: 0.5186 | validation loss: 0.771 | validation accuracy: 0.7985 | validation AP: 0.1458
Epoch 5/50 | train loss: 0.5126 | validation loss: 0.6928 | validation accuracy: 0.8293 | validation AP: 0.1953
Epoch 6/50 | train loss: 0.5103 | validation loss: 0.7141 | validation accuracy: 0.8027 | validation AP: 0.1667
Epoch 7/50 | train loss: 0.5213 | validation loss: 0.7216 | validation accuracy: 0.8523 | validation AP: 0.1732
Epoch 8/50 | train loss: 0.4953 | validation loss: 0.7188 | validation accuracy: 0.83 | validation AP: 0.1737
Epoch 9/50 | train loss: 0.4885 | validation loss: 0.7814 | validation accuracy: 0.7943 | validation AP: 0.1651
Stopping at epoch 9: validation AP has not improved for 4 epochs.
Best epoch: 5 | validation AP: 0.1953 | epochs run: 9

Validation classification report:
              precision    recall  f1-score   support

  disengaged     0.2434    0.2229    0.2327       166
     engaged     0.8990    0.9089    0.9039      1263

    accuracy                         0.8293      1429
   macro avg     0.5712    0.5659    0.5683      1429
weighted avg     0.8228    0.8293    0.8260      1429

Confusion matrix (rows: actual, columns: predicted):
[[  37  129]
 [ 115 1148]]
Epoch 1/50 | train loss: 0.546 | validation loss: 0.724 | validation accuracy: 0.8467 | validation AP: 0.164
Epoch 2/50 | train loss: 0.5398 | validation loss: 0.6726 | validation accuracy: 0.8034 | validation AP: 0.1727
Epoch 3/50 | train loss: 0.53 | validation loss: 0.7517 | validation accuracy: 0.8705 | validation AP: 0.1769
Epoch 4/50 | train loss: 0.5252 | validation loss: 0.7099 | validation accuracy: 0.8691 | validation AP: 0.1547
Epoch 5/50 | train loss: 0.4977 | validation loss: 0.696 | validation accuracy: 0.83 | validation AP: 0.1835
Epoch 6/50 | train loss: 0.4996 | validation loss: 0.7697 | validation accuracy: 0.8628 | validation AP: 0.174
Epoch 7/50 | train loss: 0.4984 | validation loss: 0.7452 | validation accuracy: 0.8209 | validation AP: 0.1544
Epoch 8/50 | train loss: 0.4925 | validation loss: 0.743 | validation accuracy: 0.8369 | validation AP: 0.1592
Epoch 9/50 | train loss: 0.4922 | validation loss: 0.8076 | validation accuracy: 0.8579 | validation AP: 0.1426
Stopping at epoch 9: validation AP has not improved for 4 epochs.
Best epoch: 5 | validation AP: 0.1835 | epochs run: 9

Validation classification report:
              precision    recall  f1-score   support

  disengaged     0.1969    0.1506    0.1706       166
     engaged     0.8917    0.9192    0.9053      1263

    accuracy                         0.8300      1429
   macro avg     0.5443    0.5349    0.5380      1429
weighted avg     0.8110    0.8300    0.8199      1429

Confusion matrix (rows: actual, columns: predicted):
[[  25  141]
 [ 102 1161]]
Epoch 1/50 | train loss: 0.6728 | validation loss: 0.7257 | validation accuracy: 0.7607 | validation AP: 0.1485
Epoch 2/50 | train loss: 0.6558 | validation loss: 0.7419 | validation accuracy: 0.8118 | validation AP: 0.1597
Epoch 3/50 | train loss: 0.6375 | validation loss: 0.7425 | validation accuracy: 0.7838 | validation AP: 0.1763
Epoch 4/50 | train loss: 0.6386 | validation loss: 0.7363 | validation accuracy: 0.7334 | validation AP: 0.1605
Epoch 5/50 | train loss: 0.616 | validation loss: 0.7573 | validation accuracy: 0.7845 | validation AP: 0.1565
Epoch 6/50 | train loss: 0.6303 | validation loss: 0.7572 | validation accuracy: 0.8041 | validation AP: 0.1808
Epoch 7/50 | train loss: 0.6164 | validation loss: 0.7486 | validation accuracy: 0.7299 | validation AP: 0.161
Epoch 8/50 | train loss: 0.62 | validation loss: 0.7724 | validation accuracy: 0.8244 | validation AP: 0.1848
Epoch 9/50 | train loss: 0.5969 | validation loss: 0.7616 | validation accuracy: 0.7656 | validation AP: 0.1492
Epoch 10/50 | train loss: 0.5988 | validation loss: 0.7397 | validation accuracy: 0.7131 | validation AP: 0.1522
Epoch 11/50 | train loss: 0.5953 | validation loss: 0.7845 | validation accuracy: 0.7922 | validation AP: 0.147
Epoch 12/50 | train loss: 0.6051 | validation loss: 0.7939 | validation accuracy: 0.7782 | validation AP: 0.1327
Stopping at epoch 12: validation AP has not improved for 4 epochs.[I 2026-10-09 01:24:03,556] Trial 9 finished with value: 0.18702469488323784 and parameters: {'hidden_size': 33, 'num_layers': 1, 'dropout': 0.1, 'learning_rate': 0.005532496914298506, 'batch_size': 32}. Best is trial 4 with value: 0.20526785460733743.
[I 2026-10-09 01:24:29,433] Trial 10 finished with value: 0.20014406719715896 and parameters: {'hidden_size': 128, 'num_layers': 3, 'dropout': 0.0, 'learning_rate': 0.0007257517601450171, 'batch_size': 64}. Best is trial 4 with value: 0.20526785460733743.

Best epoch: 8 | validation AP: 0.1848 | epochs run: 12

Validation classification report:
              precision    recall  f1-score   support

  disengaged     0.2222    0.2048    0.2132       166
     engaged     0.8966    0.9058    0.9011      1263

    accuracy                         0.8244      1429
   macro avg     0.5594    0.5553    0.5572      1429
weighted avg     0.8182    0.8244    0.8212      1429

Confusion matrix (rows: actual, columns: predicted):
[[  34  132]
 [ 119 1144]]
Epoch 1/50 | train loss: 0.67 | validation loss: 0.7222 | validation accuracy: 0.6858 | validation AP: 0.1407
Epoch 2/50 | train loss: 0.6464 | validation loss: 0.7129 | validation accuracy: 0.6655 | validation AP: 0.1445
Epoch 3/50 | train loss: 0.6457 | validation loss: 0.7077 | validation accuracy: 0.7614 | validation AP: 0.1646
Epoch 4/50 | train loss: 0.6348 | validation loss: 0.7063 | validation accuracy: 0.7215 | validation AP: 0.1709
Epoch 5/50 | train loss: 0.6379 | validation loss: 0.7047 | validation accuracy: 0.7523 | validation AP: 0.1933
Epoch 6/50 | train loss: 0.636 | validation loss: 0.7292 | validation accuracy: 0.732 | validation AP: 0.1575
Epoch 7/50 | train loss: 0.6182 | validation loss: 0.7726 | validation accuracy: 0.7677 | validation AP: 0.1588
Epoch 8/50 | train loss: 0.6227 | validation loss: 0.7605 | validation accuracy: 0.7957 | validation AP: 0.1658
Epoch 9/50 | train loss: 0.6099 | validation loss: 0.7152 | validation accuracy: 0.6893 | validation AP: 0.1557
Stopping at epoch 9: validation AP has not improved for 4 epochs.
Best epoch: 5 | validation AP: 0.1933 | epochs run: 9

Validation classification report:
              precision    recall  f1-score   support

  disengaged     0.1987    0.3735    0.2594       166
     engaged     0.9069    0.8021    0.8513      1263

    accuracy                         0.7523      1429
   macro avg     0.5528    0.5878    0.5553      1429
weighted avg     0.8246    0.7523    0.7825      1429

Confusion matrix (rows: actual, columns: predicted):
[[  62  104]
 [ 250 1013]]
Epoch 1/50 | train loss: 0.6707 | validation loss: 0.7437 | validation accuracy: 0.7957 | validation AP: 0.1377
Epoch 2/50 | train loss: 0.6434 | validation loss: 0.7048 | validation accuracy: 0.6942 | validation AP: 0.1789
Epoch 3/50 | train loss: 0.6435 | validation loss: 0.7604 | validation accuracy: 0.8341 | validation AP: 0.183
Epoch 4/50 | train loss: 0.6318 | validation loss: 0.7316 | validation accuracy: 0.7887 | validation AP: 0.1475
Epoch 5/50 | train loss: 0.622 | validation loss: 0.7112 | validation accuracy: 0.7376 | validation AP: 0.1795
Epoch 6/50 | train loss: 0.6153 | validation loss: 0.7131 | validation accuracy: 0.6991 | validation AP: 0.1458
Epoch 7/50 | train loss: 0.6065 | validation loss: 0.7495 | validation accuracy: 0.7187 | validation AP: 0.1477
Stopping at epoch 7: validation AP has not improved for 4 epochs.
Best epoch: 3 | validation AP: 0.183 | epochs run: 7

Validation classification report:
              precision    recall  f1-score   support

  disengaged     0.2017    0.1446    0.1684       166
     engaged     0.8916    0.9248    0.9079      1263

    accuracy                         0.8341      1429
   macro avg     0.5466    0.5347    0.5382      1429
weighted avg     0.8115    0.8341    0.8220      1429

Confusion matrix (rows: actual, columns: predicted):
[[  24  142]
 [  95 1168]]
Epoch 1/50 | train loss: 0.6847 | validation loss: 0.6739 | validation accuracy: 0.6305 | validation AP: 0.1602
Epoch 2/50 | train loss: 0.6599 | validation loss: 0.7071 | validation accuracy: 0.7642 | validation AP: 0.1454
Epoch 3/50 | train loss: 0.6467 | validation loss: 0.6802 | validation accuracy: 0.7152 | validation AP: 0.1935
Epoch 4/50 | train loss: 0.645 | validation loss: 0.7144 | validation accuracy: 0.7103 | validation AP: 0.1653
Epoch 5/50 | train loss: 0.6398 | validation loss: 0.7206 | validation accuracy: 0.7362 | validation AP: 0.1521
Epoch 6/50 | train loss: 0.6403 | validation loss: 0.6948 | validation accuracy: 0.7012 | validation AP: 0.1504
Epoch 7/50 | train loss: 0.6326 | validation loss: 0.7037 | validation accuracy: 0.725 | validation AP: 0.1692
Stopping at epoch 7: validation AP has not improved for 4 epochs.
Best epoch: 3 | validation AP: 0.1935 | epochs run: 7

Validation classification report:
              precision    recall  f1-score   support

  disengaged     0.1734    0.3855    0.2393       166
     engaged     0.9038    0.7585    0.8248      1263

    accuracy                         0.7152      1429
   macro avg     0.5386    0.5720    0.5320      1429
weighted avg     0.8189    0.7152    0.7568      1429

Confusion matrix (rows: actual, columns: predicted):
[[ 64 102]
 [305 958]]
Epoch 1/50 | train loss: 0.6797 | validation loss: 0.7037 | validation accuracy: 0.7054 | validation AP: 0.1459
Epoch 2/50 | train loss: 0.6589 | validation loss: 0.6696 | validation accuracy: 0.7208 | validation AP: 0.1895
Epoch 3/50 | train loss: 0.6507 | validation loss: 0.7053 | validation accuracy: 0.7005 | validation AP: 0.1414
Epoch 4/50 | train loss: 0.6476 | validation loss: 0.718 | validation accuracy: 0.7754 | validation AP: 0.1933
Epoch 5/50 | train loss: 0.6448 | validation loss: 0.6793 | validation accuracy: 0.7257 | validation AP: 0.194
Epoch 6/50 | train loss: 0.6371 | validation loss: 0.7165 | validation accuracy: 0.7551 | validation AP: 0.1662
Epoch 7/50 | train loss: 0.6311 | validation loss: 0.7083 | validation accuracy: 0.7502 | validation AP: 0.1828
Epoch 8/50 | train loss: 0.6304 | validation loss: 0.697 | validation accuracy: 0.7012 | validation AP: 0.1787
Epoch 9/50 | train loss: 0.6294 | validation loss: 0.6796 | validation accuracy: 0.69 | validation AP: 0.163
Stopping at epoch 9: validation AP has not improved for 4 epochs.
Best epoch: 5 | validation AP: 0.194 | epochs run: 9

Validation classification report:
              precision    recall  f1-score   support

  disengaged     0.1771    0.3735    0.2403       166
     engaged     0.9036    0.7720    0.8326      1263

    accuracy                         0.7257      1429
   macro avg     0.5404    0.5727    0.5365      1429
weighted avg     0.8192    0.7257    0.7638      1429

Confusion matrix (rows: actual, columns: predicted):
[[ 62 104]
 [288 975]]
Epoch 1/50 | train loss: 0.6813 | validation loss: 0.7373 | validation accuracy: 0.7852 | validation AP: 0.1536
Epoch 2/50 | train loss: 0.6504 | validation loss: 0.6764 | validation accuracy: 0.6179 | validation AP: 0.2129
Epoch 3/50 | train loss: 0.6494 | validation loss: 0.6974 | validation accuracy: 0.7845 | validation AP: 0.1814
Epoch 4/50 | train loss: 0.6472 | validation loss: 0.7354 | validation accuracy: 0.788 | validation AP: 0.1483
Epoch 5/50 | train loss: 0.6393 | validation loss: 0.6959 | validation accuracy: 0.7215 | validation AP: 0.1853
Epoch 6/50 | train loss: 0.6328 | validation loss: 0.7197 | validation accuracy: 0.7145 | validation AP: 0.1624
Stopping at epoch 6: validation AP has not improved for 4 epochs.
Best epoch: 2 | validation AP: 0.2129 | epochs run: 6

Validation classification report:
              precision    recall  f1-score   support

  disengaged     0.1520    0.5000    0.2331       166
     engaged     0.9060    0.6334    0.7456      1263

    accuracy                         0.6179      1429
   macro avg     0.5290    0.5667    0.4894      1429
weighted avg     0.8184    0.6179    0.6860      1429

Confusion matrix (rows: actual, columns: predicted):
[[ 83  83]
 [463 800]]
Epoch 1/50 | train loss: 0.6591 | validation loss: 0.779 | validation accuracy: 0.8838 | validation AP: 0.1494
Epoch 2/50 | train loss: 0.6305 | validation loss: 0.8459 | validation accuracy: 0.8782 | validation AP: 0.179
Epoch 3/50 | train loss: 0.6537 | validation loss: 0.7726 | validation accuracy: 0.8838 | validation AP: 0.1872
Epoch 4/50 | train loss: 0.6558 | validation loss: 0.7656 | validation accuracy: 0.8838 | validation AP: 0.175
Epoch 5/50 | train loss: 0.6524 | validation loss: 0.7373 | validation accuracy: 0.8838 | validation AP: 0.1775
Epoch 6/50 | train loss: 0.651 | validation loss: 0.8043 | validation accuracy: 0.8775 | validation AP: 0.1933[I 2026-10-09 01:26:04,781] Trial 11 finished with value: 0.20976196781917 and parameters: {'hidden_size': 77, 'num_layers': 2, 'dropout': 0.0, 'learning_rate': 0.008880504466259325, 'batch_size': 16}. Best is trial 11 with value: 0.20976196781917.

Epoch 7/50 | train loss: 0.6674 | validation loss: 0.7698 | validation accuracy: 0.8838 | validation AP: 0.1402
Epoch 8/50 | train loss: 0.6428 | validation loss: 0.8464 | validation accuracy: 0.8838 | validation AP: 0.1182
Epoch 9/50 | train loss: 0.6502 | validation loss: 0.7416 | validation accuracy: 0.8838 | validation AP: 0.1998
Epoch 10/50 | train loss: 0.6458 | validation loss: 0.7067 | validation accuracy: 0.8803 | validation AP: 0.1656
Epoch 11/50 | train loss: 0.6362 | validation loss: 0.6935 | validation accuracy: 0.5199 | validation AP: 0.1398
Epoch 12/50 | train loss: 0.6551 | validation loss: 0.7282 | validation accuracy: 0.8691 | validation AP: 0.1557
Epoch 13/50 | train loss: 0.6479 | validation loss: 0.7181 | validation accuracy: 0.8677 | validation AP: 0.1753
Stopping at epoch 13: validation AP has not improved for 4 epochs.
Best epoch: 9 | validation AP: 0.1998 | epochs run: 13

Validation classification report:
              precision    recall  f1-score   support

  disengaged     0.0000    0.0000    0.0000       166
     engaged     0.8838    1.0000    0.9383      1263

    accuracy                         0.8838      1429
   macro avg     0.4419    0.5000    0.4692      1429
weighted avg     0.7812    0.8838    0.8293      1429

Confusion matrix (rows: actual, columns: predicted):
[[   0  166]
 [   0 1263]]
Epoch 1/50 | train loss: 0.6927 | validation loss: 0.774 | validation accuracy: 0.8838 | validation AP: 0.1527
Epoch 2/50 | train loss: 0.6488 | validation loss: 0.7757 | validation accuracy: 0.8838 | validation AP: 0.1741
Epoch 3/50 | train loss: 0.6466 | validation loss: 0.7419 | validation accuracy: 0.8838 | validation AP: 0.0981
Epoch 4/50 | train loss: 0.6567 | validation loss: 0.7773 | validation accuracy: 0.8838 | validation AP: 0.2163
Epoch 5/50 | train loss: 0.6553 | validation loss: 0.7072 | validation accuracy: 0.8838 | validation AP: 0.1878
Epoch 6/50 | train loss: 0.6526 | validation loss: 0.7276 | validation accuracy: 0.8838 | validation AP: 0.1067
Epoch 7/50 | train loss: 0.6581 | validation loss: 0.8199 | validation accuracy: 0.8845 | validation AP: 0.2251
Epoch 8/50 | train loss: 0.659 | validation loss: 0.7036 | validation accuracy: 0.613 | validation AP: 0.1236
Epoch 9/50 | train loss: 0.6356 | validation loss: 0.7319 | validation accuracy: 0.8838 | validation AP: 0.1938
Epoch 10/50 | train loss: 0.6287 | validation loss: 0.7528 | validation accuracy: 0.8635 | validation AP: 0.1799
Epoch 11/50 | train loss: 0.6184 | validation loss: 0.7646 | validation accuracy: 0.8635 | validation AP: 0.1554
Stopping at epoch 11: validation AP has not improved for 4 epochs.
Best epoch: 7 | validation AP: 0.2251 | epochs run: 11

Validation classification report:
              precision    recall  f1-score   support

  disengaged     1.0000    0.0060    0.0120       166
     engaged     0.8845    1.0000    0.9387      1263

    accuracy                         0.8845      1429
   macro avg     0.9422    0.5030    0.4753      1429
weighted avg     0.8979    0.8845    0.8310      1429

Confusion matrix (rows: actual, columns: predicted):
[[   1  165]
 [   0 1263]]
Epoch 1/50 | train loss: 0.6531 | validation loss: 0.7111 | validation accuracy: 0.7656 | validation AP: 0.1633
Epoch 2/50 | train loss: 0.6358 | validation loss: 0.72 | validation accuracy: 0.8768 | validation AP: 0.1629
Epoch 3/50 | train loss: 0.6296 | validation loss: 0.8009 | validation accuracy: 0.881 | validation AP: 0.179
Epoch 4/50 | train loss: 0.6323 | validation loss: 0.7383 | validation accuracy: 0.8796 | validation AP: 0.1507
Epoch 5/50 | train loss: 0.6217 | validation loss: 0.7212 | validation accuracy: 0.8775 | validation AP: 0.2043
Epoch 6/50 | train loss: 0.6402 | validation loss: 0.7955 | validation accuracy: 0.8775 | validation AP: 0.1712
Epoch 7/50 | train loss: 0.6234 | validation loss: 0.7542 | validation accuracy: 0.8628 | validation AP: 0.1559
Epoch 8/50 | train loss: 0.6229 | validation loss: 0.7591 | validation accuracy: 0.881 | validation AP: 0.1567
Epoch 9/50 | train loss: 0.6381 | validation loss: 0.7957 | validation accuracy: 0.8649 | validation AP: 0.1529
Stopping at epoch 9: validation AP has not improved for 4 epochs.
Best epoch: 5 | validation AP: 0.2043 | epochs run: 9

Validation classification report:
              precision    recall  f1-score   support

  disengaged     0.4000    0.1084    0.1706       166
     engaged     0.8931    0.9786    0.9339      1263

    accuracy                         0.8775      1429
   macro avg     0.6465    0.5435    0.5523      1429
weighted avg     0.8358    0.8775    0.8452      1429

Confusion matrix (rows: actual, columns: predicted):
[[  18  148]
 [  27 1236]]
Epoch 1/50 | train loss: 0.6591 | validation loss: 0.78 | validation accuracy: 0.8838 | validation AP: 0.1562
Epoch 2/50 | train loss: 0.6328 | validation loss: 0.85 | validation accuracy: 0.8838 | validation AP: 0.1612
Epoch 3/50 | train loss: 0.627 | validation loss: 0.7929 | validation accuracy: 0.8761 | validation AP: 0.1737
Epoch 4/50 | train loss: 0.6369 | validation loss: 0.736 | validation accuracy: 0.8062 | validation AP: 0.1514
Epoch 5/50 | train loss: 0.6268 | validation loss: 0.7777 | validation accuracy: 0.8803 | validation AP: 0.1178
Epoch 6/50 | train loss: 0.6071 | validation loss: 0.8658 | validation accuracy: 0.8418 | validation AP: 0.1568
Epoch 7/50 | train loss: 0.6083 | validation loss: 0.7316 | validation accuracy: 0.8209 | validation AP: 0.1539
Stopping at epoch 7: validation AP has not improved for 4 epochs.
Best epoch: 3 | validation AP: 0.1737 | epochs run: 7

Validation classification report:
              precision    recall  f1-score   support

  disengaged     0.2800    0.0422    0.0733       166
     engaged     0.8868    0.9857    0.9336      1263

    accuracy                         0.8761      1429
   macro avg     0.5834    0.5140    0.5035      1429
weighted avg     0.8163    0.8761    0.8337      1429

Confusion matrix (rows: actual, columns: predicted):
[[   7  159]
 [  18 1245]]
Epoch 1/50 | train loss: 0.7091 | validation loss: 0.7564 | validation accuracy: 0.8838 | validation AP: 0.1709
Epoch 2/50 | train loss: 0.6467 | validation loss: 0.8435 | validation accuracy: 0.8838 | validation AP: 0.168
Epoch 3/50 | train loss: 0.6547 | validation loss: 0.7458 | validation accuracy: 0.8803 | validation AP: 0.0934
Epoch 4/50 | train loss: 0.649 | validation loss: 0.7622 | validation accuracy: 0.8838 | validation AP: 0.1955
Epoch 5/50 | train loss: 0.6421 | validation loss: 0.7457 | validation accuracy: 0.8684 | validation AP: 0.1674
Epoch 6/50 | train loss: 0.6305 | validation loss: 0.7432 | validation accuracy: 0.8614 | validation AP: 0.1919
Epoch 7/50 | train loss: 0.644 | validation loss: 0.7245 | validation accuracy: 0.8838 | validation AP: 0.2165
Epoch 8/50 | train loss: 0.6549 | validation loss: 0.7631 | validation accuracy: 0.3394 | validation AP: 0.1269
Epoch 9/50 | train loss: 0.6703 | validation loss: 0.7249 | validation accuracy: 0.8838 | validation AP: 0.1554
Epoch 10/50 | train loss: 0.651 | validation loss: 0.731 | validation accuracy: 0.8838 | validation AP: 0.1369
Epoch 11/50 | train loss: 0.6465 | validation loss: 0.7588 | validation accuracy: 0.8838 | validation AP: 0.1479
Stopping at epoch 11: validation AP has not improved for 4 epochs.
Best epoch: 7 | validation AP: 0.2165 | epochs run: 11

Validation classification report:
              precision    recall  f1-score   support

  disengaged     0.0000    0.0000    0.0000       166
     engaged     0.8838    1.0000    0.9383      1263

    accuracy                         0.8838      1429
   macro avg     0.4419    0.5000    0.4692      1429
weighted avg     0.7812    0.8838    0.8293      1429

Confusion matrix (rows: actual, columns: predicted):
[[   0  166]
 [   0 1263]]
Epoch 1/50 | train loss: 0.6497 | validation loss: 0.7495 | validation accuracy: 0.8174 | validation AP: 0.1607
Epoch 2/50 | train loss: 0.6324 | validation loss: 0.7052 | validation accuracy: 0.8719 | validation AP: 0.1921
Epoch 3/50 | train loss: 0.635 | validation loss: 0.7527 | validation accuracy: 0.8677 | validation AP: 0.1504
Epoch 4/50 | train loss: 0.6343 | validation loss: 0.7221 | validation accuracy: 0.8838 | validation AP: 0.1579[I 2026-10-09 01:27:24,190] Trial 12 finished with value: 0.19405934211078232 and parameters: {'hidden_size': 120, 'num_layers': 2, 'dropout': 0.0, 'learning_rate': 0.004437685875676787, 'batch_size': 16}. Best is trial 11 with value: 0.20976196781917.
[I 2026-10-09 01:28:51,453] Trial 13 finished with value: 0.21103365422017528 and parameters: {'hidden_size': 148, 'num_layers': 2, 'dropout': 0.5, 'learning_rate': 0.007589475130378365, 'batch_size': 64}. Best is trial 13 with value: 0.21103365422017528.

Epoch 5/50 | train loss: 0.6447 | validation loss: 0.724 | validation accuracy: 0.8845 | validation AP: 0.1692
Epoch 6/50 | train loss: 0.6402 | validation loss: 0.7808 | validation accuracy: 0.8775 | validation AP: 0.1406
Stopping at epoch 6: validation AP has not improved for 4 epochs.
Best epoch: 2 | validation AP: 0.1921 | epochs run: 6

Validation classification report:
              precision    recall  f1-score   support

  disengaged     0.2821    0.0663    0.1073       166
     engaged     0.8885    0.9778    0.9310      1263

    accuracy                         0.8719      1429
   macro avg     0.5853    0.5220    0.5192      1429
weighted avg     0.8180    0.8719    0.8353      1429

Confusion matrix (rows: actual, columns: predicted):
[[  11  155]
 [  28 1235]]
Epoch 1/50 | train loss: 0.7029 | validation loss: 0.6811 | validation accuracy: 0.5808 | validation AP: 0.1532
Epoch 2/50 | train loss: 0.6856 | validation loss: 0.7115 | validation accuracy: 0.8355 | validation AP: 0.1265
Epoch 3/50 | train loss: 0.6885 | validation loss: 0.7708 | validation accuracy: 0.8439 | validation AP: 0.1559
Epoch 4/50 | train loss: 0.7015 | validation loss: 0.7128 | validation accuracy: 0.8286 | validation AP: 0.164
Epoch 5/50 | train loss: 0.6925 | validation loss: 0.7428 | validation accuracy: 0.8838 | validation AP: 0.2119
Epoch 6/50 | train loss: 0.695 | validation loss: 0.7202 | validation accuracy: 0.8593 | validation AP: 0.1648
Epoch 7/50 | train loss: 0.6859 | validation loss: 0.7126 | validation accuracy: 0.867 | validation AP: 0.1776
Epoch 8/50 | train loss: 0.6924 | validation loss: 0.7571 | validation accuracy: 0.8838 | validation AP: 0.144
Epoch 9/50 | train loss: 0.6913 | validation loss: 0.6978 | validation accuracy: 0.8139 | validation AP: 0.1563
Stopping at epoch 9: validation AP has not improved for 4 epochs.
Best epoch: 5 | validation AP: 0.2119 | epochs run: 9

Validation classification report:
              precision    recall  f1-score   support

  disengaged     0.0000    0.0000    0.0000       166
     engaged     0.8838    1.0000    0.9383      1263

    accuracy                         0.8838      1429
   macro avg     0.4419    0.5000    0.4692      1429
weighted avg     0.7812    0.8838    0.8293      1429

Confusion matrix (rows: actual, columns: predicted):
[[   0  166]
 [   0 1263]]
Epoch 1/50 | train loss: 0.7025 | validation loss: 0.7459 | validation accuracy: 0.7481 | validation AP: 0.1316
Epoch 2/50 | train loss: 0.6999 | validation loss: 0.7127 | validation accuracy: 0.8796 | validation AP: 0.2018
Epoch 3/50 | train loss: 0.6924 | validation loss: 0.7285 | validation accuracy: 0.5199 | validation AP: 0.1162
Epoch 4/50 | train loss: 0.7091 | validation loss: 0.7293 | validation accuracy: 0.8013 | validation AP: 0.1416
Epoch 5/50 | train loss: 0.734 | validation loss: 0.6447 | validation accuracy: 0.1162 | validation AP: 0.1607
Epoch 6/50 | train loss: 0.7432 | validation loss: 0.7654 | validation accuracy: 0.5521 | validation AP: 0.1134
Stopping at epoch 6: validation AP has not improved for 4 epochs.
Best epoch: 2 | validation AP: 0.2018 | epochs run: 6

Validation classification report:
              precision    recall  f1-score   support

  disengaged     0.3333    0.0361    0.0652       166
     engaged     0.8866    0.9905    0.9357      1263

    accuracy                         0.8796      1429
   macro avg     0.6100    0.5133    0.5004      1429
weighted avg     0.8223    0.8796    0.8346      1429

Confusion matrix (rows: actual, columns: predicted):
[[   6  160]
 [  12 1251]]
Epoch 1/50 | train loss: 0.7068 | validation loss: 0.7369 | validation accuracy: 0.7719 | validation AP: 0.1369
Epoch 2/50 | train loss: 0.6693 | validation loss: 0.742 | validation accuracy: 0.4717 | validation AP: 0.2194
Epoch 3/50 | train loss: 0.7076 | validation loss: 0.7187 | validation accuracy: 0.8097 | validation AP: 0.1622
Epoch 4/50 | train loss: 0.6959 | validation loss: 0.7198 | validation accuracy: 0.8796 | validation AP: 0.1529
Epoch 5/50 | train loss: 0.6919 | validation loss: 0.6633 | validation accuracy: 0.4703 | validation AP: 0.1998
Epoch 6/50 | train loss: 0.6833 | validation loss: 0.7051 | validation accuracy: 0.7831 | validation AP: 0.1601
Stopping at epoch 6: validation AP has not improved for 4 epochs.
Best epoch: 2 | validation AP: 0.2194 | epochs run: 6

Validation classification report:
              precision    recall  f1-score   support

  disengaged     0.1422    0.7048    0.2366       166
     engaged     0.9191    0.4410    0.5960      1263

    accuracy                         0.4717      1429
   macro avg     0.5307    0.5729    0.4163      1429
weighted avg     0.8289    0.4717    0.5543      1429

Confusion matrix (rows: actual, columns: predicted):
[[117  49]
 [706 557]]
Epoch 1/50 | train loss: 0.7101 | validation loss: 0.7773 | validation accuracy: 0.8838 | validation AP: 0.1621
Epoch 2/50 | train loss: 0.6489 | validation loss: 0.8846 | validation accuracy: 0.8838 | validation AP: 0.126
Epoch 3/50 | train loss: 0.669 | validation loss: 0.7863 | validation accuracy: 0.8838 | validation AP: 0.2166
Epoch 4/50 | train loss: 0.6878 | validation loss: 0.7087 | validation accuracy: 0.8838 | validation AP: 0.1197
Epoch 5/50 | train loss: 0.6729 | validation loss: 0.7604 | validation accuracy: 0.8838 | validation AP: 0.0909
Epoch 6/50 | train loss: 0.6574 | validation loss: 0.7748 | validation accuracy: 0.8838 | validation AP: 0.1815
Epoch 7/50 | train loss: 0.672 | validation loss: 0.8274 | validation accuracy: 0.8838 | validation AP: 0.2215
Epoch 8/50 | train loss: 0.6793 | validation loss: 1.0612 | validation accuracy: 0.8838 | validation AP: 0.1015
Epoch 9/50 | train loss: 0.6786 | validation loss: 0.6943 | validation accuracy: 0.8838 | validation AP: 0.0913
Epoch 10/50 | train loss: 0.6915 | validation loss: 0.7001 | validation accuracy: 0.8838 | validation AP: 0.1017
Epoch 11/50 | train loss: 0.6679 | validation loss: 0.7551 | validation accuracy: 0.8838 | validation AP: 0.095
Stopping at epoch 11: validation AP has not improved for 4 epochs.
Best epoch: 7 | validation AP: 0.2215 | epochs run: 11

Validation classification report:
              precision    recall  f1-score   support

  disengaged     0.0000    0.0000    0.0000       166
     engaged     0.8838    1.0000    0.9383      1263

    accuracy                         0.8838      1429
   macro avg     0.4419    0.5000    0.4692      1429
weighted avg     0.7812    0.8838    0.8293      1429

Confusion matrix (rows: actual, columns: predicted):
[[   0  166]
 [   0 1263]]
Epoch 1/50 | train loss: 0.7479 | validation loss: 0.9033 | validation accuracy: 0.8838 | validation AP: 0.0951
Epoch 2/50 | train loss: 0.7077 | validation loss: 1.0277 | validation accuracy: 0.8838 | validation AP: 0.1213
Epoch 3/50 | train loss: 0.6763 | validation loss: 0.7051 | validation accuracy: 0.8838 | validation AP: 0.1192
Epoch 4/50 | train loss: 0.6747 | validation loss: 0.8056 | validation accuracy: 0.8838 | validation AP: 0.1473
Epoch 5/50 | train loss: 0.6851 | validation loss: 0.6962 | validation accuracy: 0.8838 | validation AP: 0.2326
Epoch 6/50 | train loss: 0.6685 | validation loss: 0.8292 | validation accuracy: 0.8838 | validation AP: 0.1701
Epoch 7/50 | train loss: 0.6885 | validation loss: 0.787 | validation accuracy: 0.8838 | validation AP: 0.1323
Epoch 8/50 | train loss: 0.6779 | validation loss: 0.6945 | validation accuracy: 0.8838 | validation AP: 0.1253
Epoch 9/50 | train loss: 0.706 | validation loss: 0.8543 | validation accuracy: 0.8838 | validation AP: 0.1202
Stopping at epoch 9: validation AP has not improved for 4 epochs.
Best epoch: 5 | validation AP: 0.2326 | epochs run: 9

Validation classification report:
              precision    recall  f1-score   support

  disengaged     0.0000    0.0000    0.0000       166
     engaged     0.8838    1.0000    0.9383      1263

    accuracy                         0.8838      1429
   macro avg     0.4419    0.5000    0.4692      1429
weighted avg     0.7812    0.8838    0.8293      1429

Confusion matrix (rows: actual, columns: predicted):
[[   0  166]
 [   0 1263]]
Epoch 1/50 | train loss: 0.6905 | validation loss: 0.7317 | validation accuracy: 0.8453 | validation AP: 0.1552[I 2026-10-09 01:30:43,057] Trial 14 finished with value: 0.21821249452287242 and parameters: {'hidden_size': 104, 'num_layers': 2, 'dropout': 0.5, 'learning_rate': 0.009477828949427558, 'batch_size': 16}. Best is trial 14 with value: 0.21821249452287242.
[I 2026-10-09 01:33:21,310] Trial 15 finished with value: 0.20762458593327304 and parameters: {'hidden_size': 183, 'num_layers': 2, 'dropout': 0.5, 'learning_rate': 0.003065998667464959, 'batch_size': 64}. Best is trial 14 with value: 0.21821249452287242.

Epoch 2/50 | train loss: 0.669 | validation loss: 0.7841 | validation accuracy: 0.8796 | validation AP: 0.1504
Epoch 3/50 | train loss: 0.6798 | validation loss: 0.8518 | validation accuracy: 0.8663 | validation AP: 0.1885
Epoch 4/50 | train loss: 0.6945 | validation loss: 0.7944 | validation accuracy: 0.8845 | validation AP: 0.1338
Epoch 5/50 | train loss: 0.6645 | validation loss: 0.6956 | validation accuracy: 0.8677 | validation AP: 0.1326
Epoch 6/50 | train loss: 0.6765 | validation loss: 0.8157 | validation accuracy: 0.8838 | validation AP: 0.2006
Epoch 7/50 | train loss: 0.6593 | validation loss: 0.7354 | validation accuracy: 0.8691 | validation AP: 0.1353
Epoch 8/50 | train loss: 0.6701 | validation loss: 0.8024 | validation accuracy: 0.8251 | validation AP: 0.1499
Epoch 9/50 | train loss: 0.6581 | validation loss: 0.7495 | validation accuracy: 0.881 | validation AP: 0.1356
Epoch 10/50 | train loss: 0.6647 | validation loss: 0.7748 | validation accuracy: 0.8775 | validation AP: 0.1915
Stopping at epoch 10: validation AP has not improved for 4 epochs.
Best epoch: 6 | validation AP: 0.2006 | epochs run: 10

Validation classification report:
              precision    recall  f1-score   support

  disengaged     0.0000    0.0000    0.0000       166
     engaged     0.8838    1.0000    0.9383      1263

    accuracy                         0.8838      1429
   macro avg     0.4419    0.5000    0.4692      1429
weighted avg     0.7812    0.8838    0.8293      1429

Confusion matrix (rows: actual, columns: predicted):
[[   0  166]
 [   0 1263]]
Epoch 1/50 | train loss: 0.6796 | validation loss: 0.7253 | validation accuracy: 0.5794 | validation AP: 0.1414
Epoch 2/50 | train loss: 0.6729 | validation loss: 0.7061 | validation accuracy: 0.7649 | validation AP: 0.1482
Epoch 3/50 | train loss: 0.6586 | validation loss: 0.7032 | validation accuracy: 0.7411 | validation AP: 0.1934
Epoch 4/50 | train loss: 0.6555 | validation loss: 0.715 | validation accuracy: 0.6284 | validation AP: 0.1408
Epoch 5/50 | train loss: 0.6497 | validation loss: 0.7072 | validation accuracy: 0.7292 | validation AP: 0.1599
Epoch 6/50 | train loss: 0.6456 | validation loss: 0.7235 | validation accuracy: 0.7082 | validation AP: 0.141
Epoch 7/50 | train loss: 0.6374 | validation loss: 0.7168 | validation accuracy: 0.7236 | validation AP: 0.1594
Stopping at epoch 7: validation AP has not improved for 4 epochs.
Best epoch: 3 | validation AP: 0.1934 | epochs run: 7

Validation classification report:
              precision    recall  f1-score   support

  disengaged     0.1909    0.3795    0.2540       166
     engaged     0.9063    0.7886    0.8434      1263

    accuracy                         0.7411      1429
   macro avg     0.5486    0.5841    0.5487      1429
weighted avg     0.8232    0.7411    0.7749      1429

Confusion matrix (rows: actual, columns: predicted):
[[ 63 103]
 [267 996]]
Epoch 1/50 | train loss: 0.6851 | validation loss: 0.7288 | validation accuracy: 0.7327 | validation AP: 0.1364
Epoch 2/50 | train loss: 0.6673 | validation loss: 0.6923 | validation accuracy: 0.774 | validation AP: 0.1754
Epoch 3/50 | train loss: 0.6685 | validation loss: 0.7031 | validation accuracy: 0.7369 | validation AP: 0.1623
Epoch 4/50 | train loss: 0.6566 | validation loss: 0.746 | validation accuracy: 0.7061 | validation AP: 0.1356
Epoch 5/50 | train loss: 0.6607 | validation loss: 0.6784 | validation accuracy: 0.697 | validation AP: 0.2035
Epoch 6/50 | train loss: 0.6502 | validation loss: 0.7419 | validation accuracy: 0.7481 | validation AP: 0.1524
Epoch 7/50 | train loss: 0.6364 | validation loss: 0.7469 | validation accuracy: 0.7768 | validation AP: 0.1648
Epoch 8/50 | train loss: 0.6362 | validation loss: 0.7363 | validation accuracy: 0.7404 | validation AP: 0.1747
Epoch 9/50 | train loss: 0.6304 | validation loss: 0.6743 | validation accuracy: 0.6452 | validation AP: 0.1566
Stopping at epoch 9: validation AP has not improved for 4 epochs.
Best epoch: 5 | validation AP: 0.2035 | epochs run: 9

Validation classification report:
              precision    recall  f1-score   support

  disengaged     0.1874    0.4819    0.2698       166
     engaged     0.9142    0.7253    0.8088      1263

    accuracy                         0.6970      1429
   macro avg     0.5508    0.6036    0.5393      1429
weighted avg     0.8297    0.6970    0.7462      1429

Confusion matrix (rows: actual, columns: predicted):
[[ 80  86]
 [347 916]]
Epoch 1/50 | train loss: 0.6916 | validation loss: 0.743 | validation accuracy: 0.7985 | validation AP: 0.1566
Epoch 2/50 | train loss: 0.6669 | validation loss: 0.6701 | validation accuracy: 0.571 | validation AP: 0.1681
Epoch 3/50 | train loss: 0.6776 | validation loss: 0.7837 | validation accuracy: 0.867 | validation AP: 0.1683
Epoch 4/50 | train loss: 0.6859 | validation loss: 0.7134 | validation accuracy: 0.3681 | validation AP: 0.226
Epoch 5/50 | train loss: 0.6955 | validation loss: 0.6597 | validation accuracy: 0.6242 | validation AP: 0.2028
Epoch 6/50 | train loss: 0.6699 | validation loss: 0.6643 | validation accuracy: 0.6767 | validation AP: 0.2058
Epoch 7/50 | train loss: 0.6661 | validation loss: 0.663 | validation accuracy: 0.6606 | validation AP: 0.1825
Epoch 8/50 | train loss: 0.6744 | validation loss: 0.6897 | validation accuracy: 0.536 | validation AP: 0.1404
Stopping at epoch 8: validation AP has not improved for 4 epochs.
Best epoch: 4 | validation AP: 0.226 | epochs run: 8

Validation classification report:
              precision    recall  f1-score   support

  disengaged     0.1282    0.7651    0.2195       166
     engaged     0.9110    0.3159    0.4691      1263

    accuracy                         0.3681      1429
   macro avg     0.5196    0.5405    0.3443      1429
weighted avg     0.8200    0.3681    0.4401      1429

Confusion matrix (rows: actual, columns: predicted):
[[127  39]
 [864 399]]
Epoch 1/50 | train loss: 0.6403 | validation loss: 0.9367 | validation accuracy: 0.8838 | validation AP: 0.1274
Epoch 2/50 | train loss: 0.5888 | validation loss: 0.6953 | validation accuracy: 0.8817 | validation AP: 0.2058
Epoch 3/50 | train loss: 0.7063 | validation loss: 0.8129 | validation accuracy: 0.8838 | validation AP: 0.215
Epoch 4/50 | train loss: 0.6559 | validation loss: 0.7728 | validation accuracy: 0.8775 | validation AP: 0.2312
Epoch 5/50 | train loss: 0.6227 | validation loss: 0.6939 | validation accuracy: 0.8712 | validation AP: 0.1237
Epoch 6/50 | train loss: 0.5853 | validation loss: 0.7358 | validation accuracy: 0.8824 | validation AP: 0.1837
Epoch 7/50 | train loss: 0.5927 | validation loss: 0.7922 | validation accuracy: 0.881 | validation AP: 0.1548
Epoch 8/50 | train loss: 0.5692 | validation loss: 0.8644 | validation accuracy: 0.8852 | validation AP: 0.1849
Stopping at epoch 8: validation AP has not improved for 4 epochs.
Best epoch: 4 | validation AP: 0.2312 | epochs run: 8

Validation classification report:
              precision    recall  f1-score   support

  disengaged     0.4043    0.1145    0.1784       166
     engaged     0.8936    0.9778    0.9338      1263

    accuracy                         0.8775      1429
   macro avg     0.6489    0.5461    0.5561      1429
weighted avg     0.8368    0.8775    0.8461      1429

Confusion matrix (rows: actual, columns: predicted):
[[  19  147]
 [  28 1235]]
Epoch 1/50 | train loss: 0.6497 | validation loss: 0.873 | validation accuracy: 0.8824 | validation AP: 0.1558
Epoch 2/50 | train loss: 0.6337 | validation loss: 0.9048 | validation accuracy: 0.8579 | validation AP: 0.1116
Epoch 3/50 | train loss: 0.6045 | validation loss: 0.7119 | validation accuracy: 0.823 | validation AP: 0.1185
Epoch 4/50 | train loss: 0.5985 | validation loss: 0.8524 | validation accuracy: 0.8838 | validation AP: 0.1375
Epoch 5/50 | train loss: 0.6074 | validation loss: 0.7505 | validation accuracy: 0.8852 | validation AP: 0.2095
Epoch 6/50 | train loss: 0.5689 | validation loss: 0.7259 | validation accuracy: 0.8383 | validation AP: 0.186
Epoch 7/50 | train loss: 0.5742 | validation loss: 0.7348 | validation accuracy: 0.8824 | validation AP: 0.2034
Epoch 8/50 | train loss: 0.6007 | validation loss: 0.6838 | validation accuracy: 0.8656 | validation AP: 0.1964[I 2026-10-09 01:37:18,214] Trial 16 finished with value: 0.22243359585311281 and parameters: {'hidden_size': 179, 'num_layers': 1, 'dropout': 0.5, 'learning_rate': 0.008954378952985145, 'batch_size': 8}. Best is trial 16 with value: 0.22243359585311281.
[I 2026-10-09 01:39:22,843] Trial 17 finished with value: 0.21080913815226562 and parameters: {'hidden_size': 175, 'num_layers': 1, 'dropout': 0.5, 'learning_rate': 0.002390832233077926, 'batch_size': 16}. Best is trial 16 with value: 0.22243359585311281.

Epoch 9/50 | train loss: 0.5596 | validation loss: 0.9206 | validation accuracy: 0.8656 | validation AP: 0.1389
Stopping at epoch 9: validation AP has not improved for 4 epochs.
Best epoch: 5 | validation AP: 0.2095 | epochs run: 9

Validation classification report:
              precision    recall  f1-score   support

  disengaged     1.0000    0.0120    0.0238       166
     engaged     0.8851    1.0000    0.9390      1263

    accuracy                         0.8852      1429
   macro avg     0.9425    0.5060    0.4814      1429
weighted avg     0.8984    0.8852    0.8327      1429

Confusion matrix (rows: actual, columns: predicted):
[[   2  164]
 [   0 1263]]
Epoch 1/50 | train loss: 0.6303 | validation loss: 0.6887 | validation accuracy: 0.8831 | validation AP: 0.1625
Epoch 2/50 | train loss: 0.6065 | validation loss: 0.6848 | validation accuracy: 0.8642 | validation AP: 0.2266
Epoch 3/50 | train loss: 0.6083 | validation loss: 1.0561 | validation accuracy: 0.8838 | validation AP: 0.1983
Epoch 4/50 | train loss: 0.6225 | validation loss: 1.089 | validation accuracy: 0.8838 | validation AP: 0.1832
Epoch 5/50 | train loss: 0.5941 | validation loss: 0.7043 | validation accuracy: 0.8852 | validation AP: 0.2091
Epoch 6/50 | train loss: 0.5806 | validation loss: 0.844 | validation accuracy: 0.881 | validation AP: 0.1216
Stopping at epoch 6: validation AP has not improved for 4 epochs.
Best epoch: 2 | validation AP: 0.2266 | epochs run: 6

Validation classification report:
              precision    recall  f1-score   support

  disengaged     0.2879    0.1145    0.1638       166
     engaged     0.8921    0.9628    0.9261      1263

    accuracy                         0.8642      1429
   macro avg     0.5900    0.5386    0.5450      1429
weighted avg     0.8220    0.8642    0.8376      1429

Confusion matrix (rows: actual, columns: predicted):
[[  19  147]
 [  47 1216]]
Epoch 1/50 | train loss: 0.6465 | validation loss: 0.8139 | validation accuracy: 0.8614 | validation AP: 0.1465
Epoch 2/50 | train loss: 0.6247 | validation loss: 0.8099 | validation accuracy: 0.8852 | validation AP: 0.2112
Epoch 3/50 | train loss: 0.6312 | validation loss: 0.7616 | validation accuracy: 0.8355 | validation AP: 0.1973
Epoch 4/50 | train loss: 0.6252 | validation loss: 0.7026 | validation accuracy: 0.7915 | validation AP: 0.2071
Epoch 5/50 | train loss: 0.6153 | validation loss: 0.7403 | validation accuracy: 0.839 | validation AP: 0.1488
Epoch 6/50 | train loss: 0.6087 | validation loss: 0.7551 | validation accuracy: 0.8272 | validation AP: 0.1783
Stopping at epoch 6: validation AP has not improved for 4 epochs.
Best epoch: 2 | validation AP: 0.2112 | epochs run: 6

Validation classification report:
              precision    recall  f1-score   support

  disengaged     0.7500    0.0181    0.0353       166
     engaged     0.8856    0.9992    0.9390      1263

    accuracy                         0.8852      1429
   macro avg     0.8178    0.5086    0.4871      1429
weighted avg     0.8699    0.8852    0.8340      1429

Confusion matrix (rows: actual, columns: predicted):
[[   3  163]
 [   1 1262]]
Epoch 1/50 | train loss: 0.6633 | validation loss: 0.7565 | validation accuracy: 0.846 | validation AP: 0.1435
Epoch 2/50 | train loss: 0.6756 | validation loss: 0.805 | validation accuracy: 0.8852 | validation AP: 0.1855
Epoch 3/50 | train loss: 0.645 | validation loss: 0.706 | validation accuracy: 0.8446 | validation AP: 0.1641
Epoch 4/50 | train loss: 0.6287 | validation loss: 0.7552 | validation accuracy: 0.7117 | validation AP: 0.1284
Epoch 5/50 | train loss: 0.6216 | validation loss: 0.7251 | validation accuracy: 0.8341 | validation AP: 0.1968
Epoch 6/50 | train loss: 0.6153 | validation loss: 0.7307 | validation accuracy: 0.7656 | validation AP: 0.1624
Epoch 7/50 | train loss: 0.6361 | validation loss: 0.7738 | validation accuracy: 0.8747 | validation AP: 0.1829
Epoch 8/50 | train loss: 0.6592 | validation loss: 0.7141 | validation accuracy: 0.8223 | validation AP: 0.2006
Epoch 9/50 | train loss: 0.6383 | validation loss: 0.708 | validation accuracy: 0.7859 | validation AP: 0.1858
Epoch 10/50 | train loss: 0.6266 | validation loss: 0.7152 | validation accuracy: 0.8355 | validation AP: 0.1824
Epoch 11/50 | train loss: 0.6136 | validation loss: 0.7234 | validation accuracy: 0.8097 | validation AP: 0.1694
Epoch 12/50 | train loss: 0.6029 | validation loss: 0.6956 | validation accuracy: 0.7222 | validation AP: 0.1552
Stopping at epoch 12: validation AP has not improved for 4 epochs.
Best epoch: 8 | validation AP: 0.2006 | epochs run: 12

Validation classification report:
              precision    recall  f1-score   support

  disengaged     0.2215    0.2108    0.2160       166
     engaged     0.8969    0.9026    0.8998      1263

    accuracy                         0.8223      1429
   macro avg     0.5592    0.5567    0.5579      1429
weighted avg     0.8185    0.8223    0.8203      1429

Confusion matrix (rows: actual, columns: predicted):
[[  35  131]
 [ 123 1140]]
Epoch 1/50 | train loss: 0.6478 | validation loss: 0.7372 | validation accuracy: 0.7894 | validation AP: 0.1439
Epoch 2/50 | train loss: 0.6264 | validation loss: 0.6993 | validation accuracy: 0.739 | validation AP: 0.2205
Epoch 3/50 | train loss: 0.673 | validation loss: 0.7414 | validation accuracy: 0.8859 | validation AP: 0.1995
Epoch 4/50 | train loss: 0.653 | validation loss: 0.8098 | validation accuracy: 0.8719 | validation AP: 0.1405
Epoch 5/50 | train loss: 0.6836 | validation loss: 0.7474 | validation accuracy: 0.8055 | validation AP: 0.1119
Epoch 6/50 | train loss: 0.6615 | validation loss: 0.787 | validation accuracy: 0.8824 | validation AP: 0.1149
Stopping at epoch 6: validation AP has not improved for 4 epochs.
Best epoch: 2 | validation AP: 0.2205 | epochs run: 6

Validation classification report:
              precision    recall  f1-score   support

  disengaged     0.2101    0.4518    0.2868       166
     engaged     0.9151    0.7767    0.8403      1263

    accuracy                         0.7390      1429
   macro avg     0.5626    0.6143    0.5635      1429
weighted avg     0.8332    0.7390    0.7760      1429

Confusion matrix (rows: actual, columns: predicted):
[[ 75  91]
 [282 981]]
Epoch 1/50 | train loss: 0.6417 | validation loss: 0.7871 | validation accuracy: 0.8369 | validation AP: 0.1462
Epoch 2/50 | train loss: 0.619 | validation loss: 0.7727 | validation accuracy: 0.8656 | validation AP: 0.2075
Epoch 3/50 | train loss: 0.6086 | validation loss: 0.7932 | validation accuracy: 0.8139 | validation AP: 0.1918
Epoch 4/50 | train loss: 0.6123 | validation loss: 0.7228 | validation accuracy: 0.7789 | validation AP: 0.1877
Epoch 5/50 | train loss: 0.6004 | validation loss: 0.744 | validation accuracy: 0.8202 | validation AP: 0.1525
Epoch 6/50 | train loss: 0.5926 | validation loss: 0.7927 | validation accuracy: 0.8055 | validation AP: 0.1712
Stopping at epoch 6: validation AP has not improved for 4 epochs.
Best epoch: 2 | validation AP: 0.2075 | epochs run: 6

Validation classification report:
              precision    recall  f1-score   support

  disengaged     0.2759    0.0964    0.1429       166
     engaged     0.8906    0.9667    0.9271      1263

    accuracy                         0.8656      1429
   macro avg     0.5832    0.5316    0.5350      1429
weighted avg     0.8192    0.8656    0.8360      1429

Confusion matrix (rows: actual, columns: predicted):
[[  16  150]
 [  42 1221]]
Epoch 1/50 | train loss: 0.6569 | validation loss: 0.7801 | validation accuracy: 0.8446 | validation AP: 0.1357
Epoch 2/50 | train loss: 0.6169 | validation loss: 0.7434 | validation accuracy: 0.8174 | validation AP: 0.1471
Epoch 3/50 | train loss: 0.6235 | validation loss: 0.7232 | validation accuracy: 0.83 | validation AP: 0.1615
Epoch 4/50 | train loss: 0.6048 | validation loss: 0.7532 | validation accuracy: 0.7936 | validation AP: 0.1371
Epoch 5/50 | train loss: 0.5985 | validation loss: 0.7295 | validation accuracy: 0.823 | validation AP: 0.1928
Epoch 6/50 | train loss: 0.5893 | validation loss: 0.7416 | validation accuracy: 0.753 | validation AP: 0.1578
Epoch 7/50 | train loss: 0.6022 | validation loss: 0.7293 | validation accuracy: 0.8286 | validation AP: 0.1829[I 2026-10-09 01:40:26,007] Trial 18 finished with value: 0.2091378265178341 and parameters: {'hidden_size': 87, 'num_layers': 1, 'dropout': 0.05, 'learning_rate': 0.004045102889372987, 'batch_size': 16}. Best is trial 16 with value: 0.22243359585311281.
[I 2026-10-09 01:43:21,110] Trial 19 finished with value: 0.17953488666586184 and parameters: {'hidden_size': 78, 'num_layers': 1, 'dropout': 0.5, 'learning_rate': 0.0014990469313494771, 'batch_size': 8}. Best is trial 16 with value: 0.22243359585311281.

Epoch 8/50 | train loss: 0.5796 | validation loss: 0.7527 | validation accuracy: 0.8341 | validation AP: 0.178
Epoch 9/50 | train loss: 0.5602 | validation loss: 0.7593 | validation accuracy: 0.7768 | validation AP: 0.1544
Stopping at epoch 9: validation AP has not improved for 4 epochs.
Best epoch: 5 | validation AP: 0.1928 | epochs run: 9

Validation classification report:
              precision    recall  f1-score   support

  disengaged     0.2000    0.1747    0.1865       166
     engaged     0.8933    0.9082    0.9007      1263

    accuracy                         0.8230      1429
   macro avg     0.5467    0.5414    0.5436      1429
weighted avg     0.8128    0.8230    0.8177      1429

Confusion matrix (rows: actual, columns: predicted):
[[  29  137]
 [ 116 1147]]
Epoch 1/50 | train loss: 0.6401 | validation loss: 0.7673 | validation accuracy: 0.8279 | validation AP: 0.1519
Epoch 2/50 | train loss: 0.6211 | validation loss: 0.6786 | validation accuracy: 0.7005 | validation AP: 0.2271
Epoch 3/50 | train loss: 0.6131 | validation loss: 0.7619 | validation accuracy: 0.8355 | validation AP: 0.1734
Epoch 4/50 | train loss: 0.6063 | validation loss: 0.7194 | validation accuracy: 0.7306 | validation AP: 0.1339
Epoch 5/50 | train loss: 0.6033 | validation loss: 0.7104 | validation accuracy: 0.8104 | validation AP: 0.1742
Epoch 6/50 | train loss: 0.601 | validation loss: 0.7244 | validation accuracy: 0.8006 | validation AP: 0.1687
Stopping at epoch 6: validation AP has not improved for 4 epochs.
Best epoch: 2 | validation AP: 0.2271 | epochs run: 6

Validation classification report:
              precision    recall  f1-score   support

  disengaged     0.1982    0.5181    0.2867       166
     engaged     0.9196    0.7245    0.8105      1263

    accuracy                         0.7005      1429
   macro avg     0.5589    0.6213    0.5486      1429
weighted avg     0.8358    0.7005    0.7496      1429

Confusion matrix (rows: actual, columns: predicted):
[[ 86  80]
 [348 915]]
Epoch 1/50 | train loss: 0.5612 | validation loss: 0.7647 | validation accuracy: 0.8607 | validation AP: 0.1515
Epoch 2/50 | train loss: 0.5273 | validation loss: 0.7465 | validation accuracy: 0.874 | validation AP: 0.177
Epoch 3/50 | train loss: 0.5303 | validation loss: 0.8126 | validation accuracy: 0.867 | validation AP: 0.1795
Epoch 4/50 | train loss: 0.5295 | validation loss: 0.7067 | validation accuracy: 0.8411 | validation AP: 0.1827
Epoch 5/50 | train loss: 0.5139 | validation loss: 0.7333 | validation accuracy: 0.8579 | validation AP: 0.1411
Epoch 6/50 | train loss: 0.5161 | validation loss: 0.7514 | validation accuracy: 0.8481 | validation AP: 0.1711
Epoch 7/50 | train loss: 0.5165 | validation loss: 0.7257 | validation accuracy: 0.8153 | validation AP: 0.1544
Epoch 8/50 | train loss: 0.5062 | validation loss: 0.7931 | validation accuracy: 0.8698 | validation AP: 0.1685
Stopping at epoch 8: validation AP has not improved for 4 epochs.
Best epoch: 4 | validation AP: 0.1827 | epochs run: 8

Validation classification report:
              precision    recall  f1-score   support

  disengaged     0.1856    0.1084    0.1369       166
     engaged     0.8889    0.9375    0.9125      1263

    accuracy                         0.8411      1429
   macro avg     0.5372    0.5229    0.5247      1429
weighted avg     0.8072    0.8411    0.8224      1429

Confusion matrix (rows: actual, columns: predicted):
[[  18  148]
 [  79 1184]]
Epoch 1/50 | train loss: 0.5706 | validation loss: 0.7547 | validation accuracy: 0.8579 | validation AP: 0.1365
Epoch 2/50 | train loss: 0.5415 | validation loss: 0.7416 | validation accuracy: 0.8579 | validation AP: 0.1467
Epoch 3/50 | train loss: 0.5364 | validation loss: 0.7221 | validation accuracy: 0.8502 | validation AP: 0.1515
Epoch 4/50 | train loss: 0.5366 | validation loss: 0.7803 | validation accuracy: 0.8642 | validation AP: 0.1407
Epoch 5/50 | train loss: 0.5168 | validation loss: 0.7146 | validation accuracy: 0.853 | validation AP: 0.1687
Epoch 6/50 | train loss: 0.5221 | validation loss: 0.7248 | validation accuracy: 0.8488 | validation AP: 0.1574
Epoch 7/50 | train loss: 0.5214 | validation loss: 0.7367 | validation accuracy: 0.8572 | validation AP: 0.1602
Epoch 8/50 | train loss: 0.5068 | validation loss: 0.7468 | validation accuracy: 0.846 | validation AP: 0.1514
Epoch 9/50 | train loss: 0.4959 | validation loss: 0.7363 | validation accuracy: 0.8048 | validation AP: 0.1508
Stopping at epoch 9: validation AP has not improved for 4 epochs.
Best epoch: 5 | validation AP: 0.1687 | epochs run: 9

Validation classification report:
              precision    recall  f1-score   support

  disengaged     0.1944    0.0843    0.1176       166
     engaged     0.8880    0.9541    0.9198      1263

    accuracy                         0.8530      1429
   macro avg     0.5412    0.5192    0.5187      1429
weighted avg     0.8074    0.8530    0.8267      1429

Confusion matrix (rows: actual, columns: predicted):
[[  14  152]
 [  58 1205]]
Epoch 1/50 | train loss: 0.5537 | validation loss: 0.7205 | validation accuracy: 0.8516 | validation AP: 0.1525
Epoch 2/50 | train loss: 0.5384 | validation loss: 0.6978 | validation accuracy: 0.8328 | validation AP: 0.1872
Epoch 3/50 | train loss: 0.5332 | validation loss: 0.7551 | validation accuracy: 0.8768 | validation AP: 0.1671
Epoch 4/50 | train loss: 0.5299 | validation loss: 0.7287 | validation accuracy: 0.8775 | validation AP: 0.1527
Epoch 5/50 | train loss: 0.5192 | validation loss: 0.7021 | validation accuracy: 0.8635 | validation AP: 0.1642
Epoch 6/50 | train loss: 0.5122 | validation loss: 0.7872 | validation accuracy: 0.8579 | validation AP: 0.1389
Stopping at epoch 6: validation AP has not improved for 4 epochs.
Best epoch: 2 | validation AP: 0.1872 | epochs run: 6

Validation classification report:
              precision    recall  f1-score   support

  disengaged     0.2374    0.1988    0.2164       166
     engaged     0.8969    0.9161    0.9064      1263

    accuracy                         0.8328      1429
   macro avg     0.5672    0.5574    0.5614      1429
weighted avg     0.8203    0.8328    0.8262      1429

Confusion matrix (rows: actual, columns: predicted):
[[  33  133]
 [ 106 1157]]
Epoch 1/50 | train loss: 0.6548 | validation loss: 0.6733 | validation accuracy: 0.8698 | validation AP: 0.1793
Epoch 2/50 | train loss: 0.6062 | validation loss: 0.7865 | validation accuracy: 0.8838 | validation AP: 0.2137
Epoch 3/50 | train loss: 0.6087 | validation loss: 0.7385 | validation accuracy: 0.8761 | validation AP: 0.1479
Epoch 4/50 | train loss: 0.5833 | validation loss: 0.9561 | validation accuracy: 0.8698 | validation AP: 0.1763
Epoch 5/50 | train loss: 0.6089 | validation loss: 0.8475 | validation accuracy: 0.8789 | validation AP: 0.1762
Epoch 6/50 | train loss: 0.5805 | validation loss: 0.9092 | validation accuracy: 0.8649 | validation AP: 0.1701
Stopping at epoch 6: validation AP has not improved for 4 epochs.
Best epoch: 2 | validation AP: 0.2137 | epochs run: 6

Validation classification report:
              precision    recall  f1-score   support

  disengaged     0.5000    0.0060    0.0119       166
     engaged     0.8844    0.9992    0.9383      1263

    accuracy                         0.8838      1429
   macro avg     0.6922    0.5026    0.4751      1429
weighted avg     0.8397    0.8838    0.8307      1429

Confusion matrix (rows: actual, columns: predicted):
[[   1  165]
 [   1 1262]]
Epoch 1/50 | train loss: 0.6332 | validation loss: 0.6643 | validation accuracy: 0.8474 | validation AP: 0.1942
Epoch 2/50 | train loss: 0.6443 | validation loss: 1.019 | validation accuracy: 0.8838 | validation AP: 0.2267
Epoch 3/50 | train loss: 0.6263 | validation loss: 0.7147 | validation accuracy: 0.8803 | validation AP: 0.1549
Epoch 4/50 | train loss: 0.5971 | validation loss: 0.69 | validation accuracy: 0.8838 | validation AP: 0.1939
Epoch 5/50 | train loss: 0.6044 | validation loss: 0.8857 | validation accuracy: 0.8845 | validation AP: 0.1732
Epoch 6/50 | train loss: 0.5712 | validation loss: 0.8876 | validation accuracy: 0.8698 | validation AP: 0.145
Stopping at epoch 6: validation AP has not improved for 4 epochs.
Best epoch: 2 | validation AP: 0.2267 | epochs run: 6

Validation classification report:
              precision    recall  f1-score   support

  disengaged     0.0000    0.0000    0.0000       166
     engaged     0.8838    1.0000    0.9383      1263

    accuracy                         0.8838      1429
   macro avg     0.4419    0.5000    0.4692      1429
weighted avg     0.7812    0.8838    0.8293      1429

Confusion matrix (rows: actual, columns: predicted):
[[   0  166]
 [   0 1263]]
Epoch 1/50 | train loss: 0.6885 | validation loss: 2.0226 | validation accuracy: 0.8838 | validation AP: 0.2278
Epoch 2/50 | train loss: 0.6403 | validation loss: 0.6901 | validation accuracy: 0.881 | validation AP: 0.1854
Epoch 3/50 | train loss: 0.5817 | validation loss: 0.6677 | validation accuracy: 0.8502 | validation AP: 0.1576
Epoch 4/50 | train loss: 0.5777 | validation loss: 0.7213 | validation accuracy: 0.8677 | validation AP: 0.1654
Epoch 5/50 | train loss: 0.5802 | validation loss: 0.6733 | validation accuracy: 0.8642 | validation AP: 0.1749
Stopping at epoch 5: validation AP has not improved for 4 epochs.
Best epoch: 1 | validation AP: 0.2278 | epochs run: 5

Validation classification report:
              precision    recall  f1-score   support

  disengaged     0.0000    0.0000    0.0000       166
     engaged     0.8838    1.0000    0.9383      1263

    accuracy                         0.8838      1429
   macro avg     0.4419    0.5000    0.4692      1429
weighted avg     0.7812    0.8838    0.8293      1429

Confusion matrix (rows: actual, columns: predicted):
[[   0  166]
 [   0 1263]]
Epoch 1/50 | train loss: 0.6807 | validation loss: 1.045 | validation accuracy: 0.8838 | validation AP: 0.1278
Epoch 2/50 | train loss: 0.5931 | validation loss: 0.8917 | validation accuracy: 0.8824 | validation AP: 0.1222
Epoch 3/50 | train loss: 0.5803 | validation loss: 0.845 | validation accuracy: 0.881 | validation AP: 0.2045
Epoch 4/50 | train loss: 0.5831 | validation loss: 0.8183 | validation accuracy: 0.8712 | validation AP: 0.1867
Epoch 5/50 | train loss: 0.5837 | validation loss: 0.7636 | validation accuracy: 0.8845 | validation AP: 0.1649
Epoch 6/50 | train loss: 0.6016 | validation loss: 0.7346 | validation accuracy: 0.8733 | validation AP: 0.1809
Epoch 7/50 | train loss: 0.6052 | validation loss: 0.6742 | validation accuracy: 0.8579 | validation AP: 0.1982
Stopping at epoch 7: validation AP has not improved for 4 epochs.
Best epoch: 3 | validation AP: 0.2045 | epochs run: 7

Validation classification report:
              precision    recall  f1-score   support

  disengaged     0.3889    0.0422    0.0761       166
     engaged     0.8873    0.9913    0.9364      1263

    accuracy                         0.8810      1429
   macro avg     0.6381    0.5167    0.5063      1429
weighted avg     0.8294    0.8810    0.8365      1429

Confusion matrix (rows: actual, columns: predicted):
[[   7  159]
 [  11 1252]]
Epoch 1/50 | train loss: 0.6528 | validation loss: 0.6802 | validation accuracy: 0.8453 | validation AP: 0.1427
Epoch 2/50 | train loss: 0.6289 | validation loss: 0.8333 | validation accuracy: 0.881 | validation AP: 0.1446
Epoch 3/50 | train loss: 0.6025 | validation loss: 0.7358 | validation accuracy: 0.8796 | validation AP: 0.156
Epoch 4/50 | train loss: 0.5807 | validation loss: 0.8651 | validation accuracy: 0.8705 | validation AP: 0.1298
Epoch 5/50 | train loss: 0.5807 | validation loss: 0.848 | validation accuracy: 0.8621 | validation AP: 0.1271
Epoch 6/50 | train loss: 0.6098 | validation loss: 0.7013 | validation accuracy: 0.8635 | validation AP: 0.1633
Epoch 7/50 | train loss: 0.5726 | validation loss: 0.6819 | validation accuracy: 0.8705 | validation AP: 0.1854
Epoch 8/50 | train loss: 0.5864 | validation loss: 0.654 | validation accuracy: 0.8481 | validation AP: 0.2277
Epoch 9/50 | train loss: 0.5902 | validation loss: 0.823 | validation accuracy: 0.7698 | validation AP: 0.1071
Epoch 10/50 | train loss: 0.5734 | validation loss: 0.684 | validation accuracy: 0.8069 | validation AP: 0.1381
Epoch 11/50 | train loss: 0.5672 | validation loss: 1.7495 | validation accuracy: 0.8845 | validation AP: 0.2023
Epoch 12/50 | train loss: 0.5708 | validation loss: 0.7704 | validation accuracy: 0.8502 | validation AP: 0.1537
Stopping at epoch 12: validation AP has not improved for 4 epochs.
Best epoch: 8 | validation AP: 0.2277 | epochs run: 12

Validation classification report:
              precision    recall  f1-score   support

  disengaged     0.2524    0.1566    0.1933       166
     engaged     0.8944    0.9390    0.9162      1263

    accuracy                         0.8481      1429
   macro avg     0.5734    0.5478    0.5547      1429
weighted avg     0.8198    0.8481    0.8322      1429

Confusion matrix (rows: actual, columns: predicted):
[[  26  140]
 [  77 1186]]
Epoch 1/50 | train loss: 0.702 | validation loss: 0.6922 | validation accuracy: 0.1162 | validation AP: 0.1581
Epoch 2/50 | train loss: 0.6837 | validation loss: 0.782 | validation accuracy: 0.8838 | validation AP: 0.1522
Epoch 3/50 | train loss: 0.6917 | validation loss: 0.691 | validation accuracy: 0.1162 | validation AP: 0.1636
Epoch 4/50 | train loss: 0.6771 | validation loss: 0.9438 | validation accuracy: 0.8838 | validation AP: 0.1827
Epoch 5/50 | train loss: 0.6898 | validation loss: 0.784 | validation accuracy: 0.8838 | validation AP: 0.1515
Epoch 6/50 | train loss: 0.7149 | validation loss: 0.78 | validation accuracy: 0.8838 | validation AP: 0.1121
Epoch 7/50 | train loss: 0.708 | validation loss: 0.7218 | validation accuracy: 0.8838 | validation AP: 0.1304
Epoch 8/50 | train loss: 0.7173 | validation loss: 0.8472 | validation accuracy: 0.8838 | validation AP: 0.1693
Stopping at epoch 8: validation AP has not improved for 4 epochs.
Best epoch: 4 | validation AP: 0.1827 | epochs run: 8

Validation classification report:
              precision    recall  f1-score   support

  disengaged     0.0000    0.0000    0.0000       166
     engaged     0.8838    1.0000    0.9383      1263

    accuracy                         0.8838      1429
   macro avg     0.4419    0.5000    0.4692      1429
weighted avg     0.7812    0.8838    0.8293      1429

Confusion matrix (rows: actual, columns: predicted):
[[   0  166]
 [   0 1263]]
Epoch 1/50 | train loss: 0.6982 | validation loss: 0.6876 | validation accuracy: 0.7243 | validation AP: 0.1641
Epoch 2/50 | train loss: 0.6764 | validation loss: 0.7275 | validation accuracy: 0.8691 | validation AP: 0.1624
Epoch 3/50 | train loss: 0.674 | validation loss: 0.712 | validation accuracy: 0.8761 | validation AP: 0.1377
Epoch 4/50 | train loss: 0.6667 | validation loss: 0.8084 | validation accuracy: 0.8838 | validation AP: 0.1057
Epoch 5/50 | train loss: 0.6723 | validation loss: 1.0075 | validation accuracy: 0.8838 | validation AP: 0.129
Stopping at epoch 5: validation AP has not improved for 4 epochs.
Best epoch: 1 | validation AP: 0.1641 | epochs run: 5

Validation classification report:
              precision    recall  f1-score   support

  disengaged     0.1524    0.3012    0.2024       166
     engaged     0.8946    0.7799    0.8333      1263

    accuracy                         0.7243      1429
   macro avg     0.5235    0.5405    0.5179      1429
weighted avg     0.8084    0.7243    0.7600      1429

Confusion matrix (rows: actual, columns: predicted):
[[ 50 116]
 [278 985]]
Epoch 1/50 | train loss: 0.6998 | validation loss: 0.922 | validation accuracy: 0.8838 | validation AP: 0.1983
Epoch 2/50 | train loss: 0.6895 | validation loss: 0.7398 | validation accuracy: 0.8838 | validation AP: 0.1685
Epoch 3/50 | train loss: 0.6763 | validation loss: 0.7077 | validation accuracy: 0.1162 | validation AP: 0.1857
Epoch 4/50 | train loss: 0.7474 | validation loss: 0.9006 | validation accuracy: 0.8838 | validation AP: 0.1101
Epoch 5/50 | train loss: 0.77 | validation loss: 0.7034 | validation accuracy: 0.1162 | validation AP: 0.1669
Stopping at epoch 5: validation AP has not improved for 4 epochs.
Best epoch: 1 | validation AP: 0.1983 | epochs run: 5

Validation classification report:
              precision    recall  f1-score   support

  disengaged     0.0000    0.0000    0.0000       166
     engaged     0.8838    1.0000    0.9383      1263

    accuracy                         0.8838      1429
   macro avg     0.4419    0.5000    0.4692      1429
weighted avg     0.7812    0.8838    0.8293      1429
[I 2026-10-09 01:51:46,504] A new study created in memory with name: gru_uni_attention|15fps/10s

Confusion matrix (rows: actual, columns: predicted):
[[   0  166]
 [   0 1263]]
Epoch 1/50 | train loss: 0.6963 | validation loss: 1.0322 | validation accuracy: 0.8838 | validation AP: 0.1289
Epoch 2/50 | train loss: 0.6842 | validation loss: 0.8122 | validation accuracy: 0.8845 | validation AP: 0.1327
Epoch 3/50 | train loss: 0.6732 | validation loss: 0.9222 | validation accuracy: 0.8838 | validation AP: 0.1723
Epoch 4/50 | train loss: 0.6967 | validation loss: 0.8088 | validation accuracy: 0.8502 | validation AP: 0.119
Epoch 5/50 | train loss: 0.6933 | validation loss: 0.7883 | validation accuracy: 0.8838 | validation AP: 0.1701
Epoch 6/50 | train loss: 0.6741 | validation loss: 0.7737 | validation accuracy: 0.874 | validation AP: 0.1318
Epoch 7/50 | train loss: 0.6554 | validation loss: 0.7302 | validation accuracy: 0.8824 | validation AP: 0.1812
Epoch 8/50 | train loss: 0.6665 | validation loss: 0.7363 | validation accuracy: 0.867 | validation AP: 0.1363
Epoch 9/50 | train loss: 0.6901 | validation loss: 0.9064 | validation accuracy: 0.8824 | validation AP: 0.1451
Epoch 10/50 | train loss: 0.691 | validation loss: 0.7764 | validation accuracy: 0.8838 | validation AP: 0.1673
Epoch 11/50 | train loss: 0.664 | validation loss: 0.7914 | validation accuracy: 0.8838 | validation AP: 0.1993
Epoch 12/50 | train loss: 0.6688 | validation loss: 0.8459 | validation accuracy: 0.8831 | validation AP: 0.1782
Epoch 13/50 | train loss: 0.6692 | validation loss: 0.8517 | validation accuracy: 0.8838 | validation AP: 0.1256
Epoch 14/50 | train loss: 0.7092 | validation loss: 0.7952 | validation accuracy: 0.8747 | validation AP: 0.1594
Epoch 15/50 | train loss: 0.6848 | validation loss: 0.7867 | validation accuracy: 0.8824 | validation AP: 0.1124
Stopping at epoch 15: validation AP has not improved for 4 epochs.
Best epoch: 11 | validation AP: 0.1993 | epochs run: 15

Validation classification report:
              precision    recall  f1-score   support

  disengaged     0.0000    0.0000    0.0000       166
     engaged     0.8838    1.0000    0.9383      1263

    accuracy                         0.8838      1429
   macro avg     0.4419    0.5000    0.4692      1429
weighted avg     0.7812    0.8838    0.8293      1429

Confusion matrix (rows: actual, columns: predicted):
[[   0  166]
 [   0 1263]]
Epoch 1/50 | train loss: 0.6802 | validation loss: 0.7157 | validation accuracy: 0.7257 | validation AP: 0.1191
Epoch 2/50 | train loss: 0.6826 | validation loss: 0.7661 | validation accuracy: 0.8845 | validation AP: 0.1841
Epoch 3/50 | train loss: 0.6691 | validation loss: 0.7765 | validation accuracy: 0.8838 | validation AP: 0.116
Epoch 4/50 | train loss: 0.6883 | validation loss: 0.876 | validation accuracy: 0.8726 | validation AP: 0.1242
Epoch 5/50 | train loss: 0.6891 | validation loss: 0.9568 | validation accuracy: 0.8838 | validation AP: 0.1289
Epoch 6/50 | train loss: 0.6702 | validation loss: 0.8149 | validation accuracy: 0.8838 | validation AP: 0.2065
Epoch 7/50 | train loss: 0.6626 | validation loss: 0.7142 | validation accuracy: 0.8677 | validation AP: 0.1476
Epoch 8/50 | train loss: 0.6517 | validation loss: 0.7458 | validation accuracy: 0.8691 | validation AP: 0.1857
Epoch 9/50 | train loss: 0.6505 | validation loss: 0.7684 | validation accuracy: 0.7908 | validation AP: 0.1562
Epoch 10/50 | train loss: 0.6447 | validation loss: 0.8266 | validation accuracy: 0.8838 | validation AP: 0.1816
Stopping at epoch 10: validation AP has not improved for 4 epochs.
Best epoch: 6 | validation AP: 0.2065 | epochs run: 10

Validation classification report:
              precision    recall  f1-score   support

  disengaged     0.0000    0.0000    0.0000       166
     engaged     0.8838    1.0000    0.9383      1263

    accuracy                         0.8838      1429
   macro avg     0.4419    0.5000    0.4692      1429
weighted avg     0.7812    0.8838    0.8293      1429

Confusion matrix (rows: actual, columns: predicted):
[[   0  166]
 [   0 1263]]

 lstm | 15fps/10s (confirmed on seeds [52, 53, 54, 55, 56])
  0.2201 +/- 0.0042  (137116,) params  hidden_size=179, num_layers=1, dropout=0.5, learning_rate=0.008954378952985145, batch_size=8
  0.1902 +/- 0.0068  (135826,) params  hidden_size=104, num_layers=2, dropout=0.5, learning_rate=0.009477828949427558, batch_size=16
  Selected: hidden_size=179, num_layers=1, dropout=0.5, learning_rate=0.008954378952985145, batch_size=8  (AP 0.2201, 137,116 parameters)
Epoch 1/50 | train loss: 0.6678 | validation loss: 0.6581 | validation accuracy: 0.7677 | validation AP: 0.2266
Epoch 2/50 | train loss: 0.6469 | validation loss: 0.6733 | validation accuracy: 0.6571 | validation AP: 0.2036
Epoch 3/50 | train loss: 0.6283 | validation loss: 0.687 | validation accuracy: 0.7054 | validation AP: 0.2356
Epoch 4/50 | train loss: 0.6191 | validation loss: 0.7089 | validation accuracy: 0.7474 | validation AP: 0.2127
Epoch 5/50 | train loss: 0.6185 | validation loss: 0.7449 | validation accuracy: 0.7586 | validation AP: 0.1512
Epoch 6/50 | train loss: 0.652 | validation loss: 0.7424 | validation accuracy: 0.7691 | validation AP: 0.1527
Epoch 7/50 | train loss: 0.6514 | validation loss: 0.7085 | validation accuracy: 0.7544 | validation AP: 0.1966
Stopping at epoch 7: validation AP has not improved for 4 epochs.
Best epoch: 3 | validation AP: 0.2356 | epochs run: 7

Validation classification report:
              precision    recall  f1-score   support

  disengaged     0.2148    0.5783    0.3132       166
     engaged     0.9287    0.7221    0.8125      1263

    accuracy                         0.7054      1429
   macro avg     0.5717    0.6502    0.5628      1429
weighted avg     0.8458    0.7054    0.7545      1429

Confusion matrix (rows: actual, columns: predicted):
[[ 96  70]
 [351 912]]
Epoch 1/50 | train loss: 0.6597 | validation loss: 0.6937 | validation accuracy: 0.7908 | validation AP: 0.2216
Epoch 2/50 | train loss: 0.6366 | validation loss: 0.6365 | validation accuracy: 0.634 | validation AP: 0.2423
Epoch 3/50 | train loss: 0.6232 | validation loss: 0.6839 | validation accuracy: 0.8328 | validation AP: 0.2762
Epoch 4/50 | train loss: 0.6031 | validation loss: 0.6485 | validation accuracy: 0.7096 | validation AP: 0.2723
Epoch 5/50 | train loss: 0.5843 | validation loss: 0.6791 | validation accuracy: 0.781 | validation AP: 0.2709
Epoch 6/50 | train loss: 0.5738 | validation loss: 0.6225 | validation accuracy: 0.6641 | validation AP: 0.2553
Epoch 7/50 | train loss: 0.5662 | validation loss: 0.6593 | validation accuracy: 0.7432 | validation AP: 0.2837
Epoch 8/50 | train loss: 0.5729 | validation loss: 0.7215 | validation accuracy: 0.8258 | validation AP: 0.2648
Epoch 9/50 | train loss: 0.5489 | validation loss: 0.7265 | validation accuracy: 0.7411 | validation AP: 0.232
Epoch 10/50 | train loss: 0.5418 | validation loss: 0.6755 | validation accuracy: 0.7019 | validation AP: 0.1974
Epoch 11/50 | train loss: 0.5247 | validation loss: 0.8002 | validation accuracy: 0.7516 | validation AP: 0.221
Stopping at epoch 11: validation AP has not improved for 4 epochs.
Best epoch: 7 | validation AP: 0.2837 | epochs run: 11

Validation classification report:
              precision    recall  f1-score   support

  disengaged     0.2291    0.5120    0.3166       166
     engaged     0.9234    0.7736    0.8419      1263

    accuracy                         0.7432      1429
   macro avg     0.5763    0.6428    0.5792      1429
weighted avg     0.8428    0.7432    0.7809      1429

Confusion matrix (rows: actual, columns: predicted):
[[ 85  81]
 [286 977]]
Epoch 1/50 | train loss: 0.6825 | validation loss: 0.7427 | validation accuracy: 0.8362 | validation AP: 0.1983
Epoch 2/50 | train loss: 0.6507 | validation loss: 0.6768 | validation accuracy: 0.4759 | validation AP: 0.1719
Epoch 3/50 | train loss: 0.6296 | validation loss: 0.636 | validation accuracy: 0.7677 | validation AP: 0.2949
Epoch 4/50 | train loss: 0.6254 | validation loss: 0.6646 | validation accuracy: 0.7677 | validation AP: 0.2799
Epoch 5/50 | train loss: 0.5998 | validation loss: 0.62 | validation accuracy: 0.6767 | validation AP: 0.2629
Epoch 6/50 | train loss: 0.5824 | validation loss: 0.671 | validation accuracy: 0.6389 | validation AP: 0.1766[I 2026-10-09 01:52:10,834] Trial 0 finished with value: 0.2713864344716367 and parameters: {'hidden_size': 47, 'num_layers': 3, 'dropout': 0.0, 'learning_rate': 0.005399484409787433, 'batch_size': 64}. Best is trial 0 with value: 0.2713864344716367.
[I 2026-10-09 01:56:30,884] Trial 1 finished with value: 0.2706028712800442 and parameters: {'hidden_size': 136, 'num_layers': 1, 'dropout': 0.25, 'learning_rate': 0.0003823475224675188, 'batch_size': 8}. Best is trial 0 with value: 0.2713864344716367.

Epoch 7/50 | train loss: 0.5969 | validation loss: 0.6832 | validation accuracy: 0.7089 | validation AP: 0.2482
Stopping at epoch 7: validation AP has not improved for 4 epochs.
Best epoch: 3 | validation AP: 0.2949 | epochs run: 7

Validation classification report:
              precision    recall  f1-score   support

  disengaged     0.2587    0.5361    0.3490       166
     engaged     0.9290    0.7981    0.8586      1263

    accuracy                         0.7677      1429
   macro avg     0.5939    0.6671    0.6038      1429
weighted avg     0.8512    0.7677    0.7994      1429

Confusion matrix (rows: actual, columns: predicted):
[[  89   77]
 [ 255 1008]]
Epoch 1/50 | train loss: 0.5428 | validation loss: 0.7181 | validation accuracy: 0.8579 | validation AP: 0.1772
Epoch 2/50 | train loss: 0.5 | validation loss: 0.7484 | validation accuracy: 0.8803 | validation AP: 0.231
Epoch 3/50 | train loss: 0.4972 | validation loss: 0.7033 | validation accuracy: 0.874 | validation AP: 0.2804
Epoch 4/50 | train loss: 0.4902 | validation loss: 0.6398 | validation accuracy: 0.8572 | validation AP: 0.2777
Epoch 5/50 | train loss: 0.476 | validation loss: 0.6562 | validation accuracy: 0.8614 | validation AP: 0.2623
Epoch 6/50 | train loss: 0.4717 | validation loss: 0.7032 | validation accuracy: 0.8677 | validation AP: 0.2587
Epoch 7/50 | train loss: 0.4689 | validation loss: 0.6939 | validation accuracy: 0.8523 | validation AP: 0.2379
Stopping at epoch 7: validation AP has not improved for 4 epochs.
Best epoch: 3 | validation AP: 0.2804 | epochs run: 7

Validation classification report:
              precision    recall  f1-score   support

  disengaged     0.3704    0.1205    0.1818       166
     engaged     0.8938    0.9731    0.9318      1263

    accuracy                         0.8740      1429
   macro avg     0.6321    0.5468    0.5568      1429
weighted avg     0.8330    0.8740    0.8446      1429

Confusion matrix (rows: actual, columns: predicted):
[[  20  146]
 [  34 1229]]
Epoch 1/50 | train loss: 0.5318 | validation loss: 0.7427 | validation accuracy: 0.8663 | validation AP: 0.1697
Epoch 2/50 | train loss: 0.5085 | validation loss: 0.7051 | validation accuracy: 0.8635 | validation AP: 0.1919
Epoch 3/50 | train loss: 0.5062 | validation loss: 0.6503 | validation accuracy: 0.8586 | validation AP: 0.2407
Epoch 4/50 | train loss: 0.4887 | validation loss: 0.6882 | validation accuracy: 0.8621 | validation AP: 0.2417
Epoch 5/50 | train loss: 0.4814 | validation loss: 0.6589 | validation accuracy: 0.8551 | validation AP: 0.2628
Epoch 6/50 | train loss: 0.4781 | validation loss: 0.6548 | validation accuracy: 0.8334 | validation AP: 0.2296
Epoch 7/50 | train loss: 0.468 | validation loss: 0.6614 | validation accuracy: 0.8481 | validation AP: 0.2655
Epoch 8/50 | train loss: 0.4627 | validation loss: 0.6782 | validation accuracy: 0.8439 | validation AP: 0.2357
Epoch 9/50 | train loss: 0.4551 | validation loss: 0.674 | validation accuracy: 0.8237 | validation AP: 0.2193
Epoch 10/50 | train loss: 0.4622 | validation loss: 0.6491 | validation accuracy: 0.8153 | validation AP: 0.2285
Epoch 11/50 | train loss: 0.453 | validation loss: 0.7344 | validation accuracy: 0.8328 | validation AP: 0.2036
Stopping at epoch 11: validation AP has not improved for 4 epochs.
Best epoch: 7 | validation AP: 0.2655 | epochs run: 11

Validation classification report:
              precision    recall  f1-score   support

  disengaged     0.3023    0.2349    0.2644       166
     engaged     0.9023    0.9287    0.9153      1263

    accuracy                         0.8481      1429
   macro avg     0.6023    0.5818    0.5899      1429
weighted avg     0.8326    0.8481    0.8397      1429

Confusion matrix (rows: actual, columns: predicted):
[[  39  127]
 [  90 1173]]
Epoch 1/50 | train loss: 0.5336 | validation loss: 0.6527 | validation accuracy: 0.839 | validation AP: 0.2212
Epoch 2/50 | train loss: 0.5056 | validation loss: 0.6391 | validation accuracy: 0.8425 | validation AP: 0.242
Epoch 3/50 | train loss: 0.4981 | validation loss: 0.6978 | validation accuracy: 0.8656 | validation AP: 0.266
Epoch 4/50 | train loss: 0.4896 | validation loss: 0.6377 | validation accuracy: 0.8509 | validation AP: 0.2431
Epoch 5/50 | train loss: 0.476 | validation loss: 0.6319 | validation accuracy: 0.8223 | validation AP: 0.2452
Epoch 6/50 | train loss: 0.4699 | validation loss: 0.6845 | validation accuracy: 0.8334 | validation AP: 0.2361
Epoch 7/50 | train loss: 0.4736 | validation loss: 0.6821 | validation accuracy: 0.8439 | validation AP: 0.2318
Stopping at epoch 7: validation AP has not improved for 4 epochs.
Best epoch: 3 | validation AP: 0.266 | epochs run: 7

Validation classification report:
              precision    recall  f1-score   support

  disengaged     0.3143    0.1325    0.1864       166
     engaged     0.8940    0.9620    0.9268      1263

    accuracy                         0.8656      1429
   macro avg     0.6042    0.5473    0.5566      1429
weighted avg     0.8267    0.8656    0.8408      1429

Confusion matrix (rows: actual, columns: predicted):
[[  22  144]
 [  48 1215]]
Epoch 1/50 | train loss: 0.6792 | validation loss: 0.6961 | validation accuracy: 0.8376 | validation AP: 0.2083
Epoch 2/50 | train loss: 0.6459 | validation loss: 0.6688 | validation accuracy: 0.6984 | validation AP: 0.1977
Epoch 3/50 | train loss: 0.6189 | validation loss: 0.6702 | validation accuracy: 0.6949 | validation AP: 0.2048
Epoch 4/50 | train loss: 0.616 | validation loss: 0.6743 | validation accuracy: 0.7523 | validation AP: 0.2402
Epoch 5/50 | train loss: 0.6087 | validation loss: 0.6866 | validation accuracy: 0.7831 | validation AP: 0.2389
Epoch 6/50 | train loss: 0.5922 | validation loss: 0.6865 | validation accuracy: 0.7873 | validation AP: 0.2533
Epoch 7/50 | train loss: 0.5918 | validation loss: 0.6829 | validation accuracy: 0.8104 | validation AP: 0.3008
Epoch 8/50 | train loss: 0.5836 | validation loss: 0.688 | validation accuracy: 0.8118 | validation AP: 0.3016
Epoch 9/50 | train loss: 0.5755 | validation loss: 0.6853 | validation accuracy: 0.7593 | validation AP: 0.2564
Epoch 10/50 | train loss: 0.5801 | validation loss: 0.6591 | validation accuracy: 0.7474 | validation AP: 0.2675
Epoch 11/50 | train loss: 0.5729 | validation loss: 0.7118 | validation accuracy: 0.7845 | validation AP: 0.2591
Epoch 12/50 | train loss: 0.5757 | validation loss: 0.6976 | validation accuracy: 0.7551 | validation AP: 0.2489
Stopping at epoch 12: validation AP has not improved for 4 epochs.
Best epoch: 8 | validation AP: 0.3016 | epochs run: 12

Validation classification report:
              precision    recall  f1-score   support

  disengaged     0.2996    0.4639    0.3641       166
     engaged     0.9241    0.8575    0.8895      1263

    accuracy                         0.8118      1429
   macro avg     0.6118    0.6607    0.6268      1429
weighted avg     0.8515    0.8118    0.8285      1429

Confusion matrix (rows: actual, columns: predicted):
[[  77   89]
 [ 180 1083]]
Epoch 1/50 | train loss: 0.6783 | validation loss: 0.6984 | validation accuracy: 0.8286 | validation AP: 0.1802
Epoch 2/50 | train loss: 0.6401 | validation loss: 0.6565 | validation accuracy: 0.6823 | validation AP: 0.203
Epoch 3/50 | train loss: 0.6279 | validation loss: 0.6753 | validation accuracy: 0.7348 | validation AP: 0.2141
Epoch 4/50 | train loss: 0.6075 | validation loss: 0.6587 | validation accuracy: 0.7166 | validation AP: 0.2317
Epoch 5/50 | train loss: 0.612 | validation loss: 0.6668 | validation accuracy: 0.7649 | validation AP: 0.25
Epoch 6/50 | train loss: 0.5899 | validation loss: 0.7023 | validation accuracy: 0.7901 | validation AP: 0.2449
Epoch 7/50 | train loss: 0.5892 | validation loss: 0.6752 | validation accuracy: 0.809 | validation AP: 0.2988
Epoch 8/50 | train loss: 0.5811 | validation loss: 0.7408 | validation accuracy: 0.8153 | validation AP: 0.283
Epoch 9/50 | train loss: 0.5724 | validation loss: 0.6353 | validation accuracy: 0.7425 | validation AP: 0.2931
Epoch 10/50 | train loss: 0.5833 | validation loss: 0.6648 | validation accuracy: 0.7313 | validation AP: 0.2693
Epoch 11/50 | train loss: 0.5639 | validation loss: 0.7328 | validation accuracy: 0.7929 | validation AP: 0.2736[I 2026-10-09 01:57:33,092] Trial 2 finished with value: 0.29741385873927867 and parameters: {'hidden_size': 56, 'num_layers': 3, 'dropout': 0.5, 'learning_rate': 0.00021930485556643703, 'batch_size': 32}. Best is trial 2 with value: 0.29741385873927867.
[I 2026-10-09 01:58:39,678] Trial 3 finished with value: 0.26649490460035463 and parameters: {'hidden_size': 40, 'num_layers': 1, 'dropout': 0.0, 'learning_rate': 0.006586289317583112, 'batch_size': 16}. Best is trial 2 with value: 0.29741385873927867.

Stopping at epoch 11: validation AP has not improved for 4 epochs.
Best epoch: 7 | validation AP: 0.2988 | epochs run: 11

Validation classification report:
              precision    recall  f1-score   support

  disengaged     0.2851    0.4277    0.3422       166
     engaged     0.9195    0.8591    0.8883      1263

    accuracy                         0.8090      1429
   macro avg     0.6023    0.6434    0.6152      1429
weighted avg     0.8458    0.8090    0.8248      1429

Confusion matrix (rows: actual, columns: predicted):
[[  71   95]
 [ 178 1085]]
Epoch 1/50 | train loss: 0.6734 | validation loss: 0.7158 | validation accuracy: 0.8656 | validation AP: 0.1997
Epoch 2/50 | train loss: 0.6466 | validation loss: 0.6604 | validation accuracy: 0.6963 | validation AP: 0.2025
Epoch 3/50 | train loss: 0.6261 | validation loss: 0.6852 | validation accuracy: 0.7516 | validation AP: 0.2236
Epoch 4/50 | train loss: 0.6088 | validation loss: 0.6882 | validation accuracy: 0.7677 | validation AP: 0.2265
Epoch 5/50 | train loss: 0.6101 | validation loss: 0.6404 | validation accuracy: 0.7271 | validation AP: 0.258
Epoch 6/50 | train loss: 0.6156 | validation loss: 0.6357 | validation accuracy: 0.6914 | validation AP: 0.2435
Epoch 7/50 | train loss: 0.6001 | validation loss: 0.6595 | validation accuracy: 0.739 | validation AP: 0.2473
Epoch 8/50 | train loss: 0.5928 | validation loss: 0.6264 | validation accuracy: 0.711 | validation AP: 0.2629
Epoch 9/50 | train loss: 0.5828 | validation loss: 0.6612 | validation accuracy: 0.7775 | validation AP: 0.282
Epoch 10/50 | train loss: 0.6036 | validation loss: 0.6381 | validation accuracy: 0.7691 | validation AP: 0.2918
Epoch 11/50 | train loss: 0.5955 | validation loss: 0.6523 | validation accuracy: 0.7712 | validation AP: 0.2615
Epoch 12/50 | train loss: 0.5729 | validation loss: 0.6569 | validation accuracy: 0.7691 | validation AP: 0.2694
Epoch 13/50 | train loss: 0.5734 | validation loss: 0.6838 | validation accuracy: 0.788 | validation AP: 0.2856
Epoch 14/50 | train loss: 0.5768 | validation loss: 0.6475 | validation accuracy: 0.711 | validation AP: 0.263
Stopping at epoch 14: validation AP has not improved for 4 epochs.
Best epoch: 10 | validation AP: 0.2918 | epochs run: 14

Validation classification report:
              precision    recall  f1-score   support

  disengaged     0.2545    0.5120    0.3400       166
     engaged     0.9260    0.8029    0.8601      1263

    accuracy                         0.7691      1429
   macro avg     0.5903    0.6574    0.6000      1429
weighted avg     0.8480    0.7691    0.7996      1429

Confusion matrix (rows: actual, columns: predicted):
[[  85   81]
 [ 249 1014]]
Epoch 1/50 | train loss: 0.6307 | validation loss: 0.7068 | validation accuracy: 0.7677 | validation AP: 0.1686
Epoch 2/50 | train loss: 0.5802 | validation loss: 0.8081 | validation accuracy: 0.8761 | validation AP: 0.2533
Epoch 3/50 | train loss: 0.5628 | validation loss: 0.7138 | validation accuracy: 0.8153 | validation AP: 0.2684
Epoch 4/50 | train loss: 0.5611 | validation loss: 0.6964 | validation accuracy: 0.8153 | validation AP: 0.2403
Epoch 5/50 | train loss: 0.5372 | validation loss: 0.7066 | validation accuracy: 0.8244 | validation AP: 0.2164
Epoch 6/50 | train loss: 0.5155 | validation loss: 0.931 | validation accuracy: 0.8544 | validation AP: 0.1906
Epoch 7/50 | train loss: 0.5089 | validation loss: 0.7688 | validation accuracy: 0.7873 | validation AP: 0.2606
Stopping at epoch 7: validation AP has not improved for 4 epochs.
Best epoch: 3 | validation AP: 0.2684 | epochs run: 7

Validation classification report:
              precision    recall  f1-score   support

  disengaged     0.2525    0.3012    0.2747       166
     engaged     0.9058    0.8828    0.8941      1263

    accuracy                         0.8153      1429
   macro avg     0.5791    0.5920    0.5844      1429
weighted avg     0.8299    0.8153    0.8222      1429

Confusion matrix (rows: actual, columns: predicted):
[[  50  116]
 [ 148 1115]]
Epoch 1/50 | train loss: 0.622 | validation loss: 0.7247 | validation accuracy: 0.8565 | validation AP: 0.1961
Epoch 2/50 | train loss: 0.5817 | validation loss: 0.7432 | validation accuracy: 0.8055 | validation AP: 0.1905
Epoch 3/50 | train loss: 0.5846 | validation loss: 0.6547 | validation accuracy: 0.7705 | validation AP: 0.2341
Epoch 4/50 | train loss: 0.5506 | validation loss: 0.7355 | validation accuracy: 0.8314 | validation AP: 0.2322
Epoch 5/50 | train loss: 0.5488 | validation loss: 0.72 | validation accuracy: 0.8495 | validation AP: 0.2773
Epoch 6/50 | train loss: 0.5421 | validation loss: 0.6895 | validation accuracy: 0.7614 | validation AP: 0.2355
Epoch 7/50 | train loss: 0.5371 | validation loss: 0.689 | validation accuracy: 0.7873 | validation AP: 0.2505
Epoch 8/50 | train loss: 0.5294 | validation loss: 0.6482 | validation accuracy: 0.7537 | validation AP: 0.2414
Epoch 9/50 | train loss: 0.5153 | validation loss: 0.7178 | validation accuracy: 0.7313 | validation AP: 0.2044
Stopping at epoch 9: validation AP has not improved for 4 epochs.
Best epoch: 5 | validation AP: 0.2773 | epochs run: 9

Validation classification report:
              precision    recall  f1-score   support

  disengaged     0.3185    0.2590    0.2857       166
     engaged     0.9049    0.9272    0.9159      1263

    accuracy                         0.8495      1429
   macro avg     0.6117    0.5931    0.6008      1429
weighted avg     0.8368    0.8495    0.8427      1429

Confusion matrix (rows: actual, columns: predicted):
[[  43  123]
 [  92 1171]]
Epoch 1/50 | train loss: 0.618 | validation loss: 0.687 | validation accuracy: 0.7397 | validation AP: 0.2048
Epoch 2/50 | train loss: 0.5827 | validation loss: 0.6484 | validation accuracy: 0.6928 | validation AP: 0.2538
Epoch 3/50 | train loss: 0.5651 | validation loss: 0.7557 | validation accuracy: 0.8572 | validation AP: 0.2382
Epoch 4/50 | train loss: 0.5631 | validation loss: 0.6595 | validation accuracy: 0.69 | validation AP: 0.1782
Epoch 5/50 | train loss: 0.5486 | validation loss: 0.6971 | validation accuracy: 0.6977 | validation AP: 0.1705
Epoch 6/50 | train loss: 0.526 | validation loss: 0.6884 | validation accuracy: 0.7593 | validation AP: 0.2161
Stopping at epoch 6: validation AP has not improved for 4 epochs.
Best epoch: 2 | validation AP: 0.2538 | epochs run: 6

Validation classification report:
              precision    recall  f1-score   support

  disengaged     0.1973    0.5361    0.2885       166
     engaged     0.9213    0.7134    0.8041      1263

    accuracy                         0.6928      1429
   macro avg     0.5593    0.6248    0.5463      1429
weighted avg     0.8372    0.6928    0.7442      1429

Confusion matrix (rows: actual, columns: predicted):
[[ 89  77]
 [362 901]]
Epoch 1/50 | train loss: 0.6624 | validation loss: 0.6496 | validation accuracy: 0.5969 | validation AP: 0.1903
Epoch 2/50 | train loss: 0.6299 | validation loss: 0.6829 | validation accuracy: 0.7999 | validation AP: 0.2682
Epoch 3/50 | train loss: 0.5917 | validation loss: 0.6528 | validation accuracy: 0.7208 | validation AP: 0.2675
Epoch 4/50 | train loss: 0.5968 | validation loss: 0.6772 | validation accuracy: 0.7082 | validation AP: 0.2503
Epoch 5/50 | train loss: 0.5776 | validation loss: 0.6591 | validation accuracy: 0.7306 | validation AP: 0.2462
Epoch 6/50 | train loss: 0.5671 | validation loss: 0.6917 | validation accuracy: 0.7754 | validation AP: 0.2518
Stopping at epoch 6: validation AP has not improved for 4 epochs.
Best epoch: 2 | validation AP: 0.2682 | epochs run: 6

Validation classification report:
              precision    recall  f1-score   support

  disengaged     0.2692    0.4217    0.3286       166
     engaged     0.9179    0.8496    0.8824      1263

    accuracy                         0.7999      1429
   macro avg     0.5936    0.6356    0.6055      1429
weighted avg     0.8425    0.7999    0.8181      1429

Confusion matrix (rows: actual, columns: predicted):
[[  70   96]
 [ 190 1073]]
Epoch 1/50 | train loss: 0.6577 | validation loss: 0.6738 | validation accuracy: 0.7691 | validation AP: 0.2188
Epoch 2/50 | train loss: 0.6242 | validation loss: 0.6223 | validation accuracy: 0.6417 | validation AP: 0.2591[I 2026-10-09 01:58:54,732] Trial 4 finished with value: 0.2593915587379378 and parameters: {'hidden_size': 70, 'num_layers': 1, 'dropout': 0.0, 'learning_rate': 0.0069782812651260325, 'batch_size': 64}. Best is trial 2 with value: 0.29741385873927867.
[I 2026-10-09 02:00:15,122] Trial 5 finished with value: 0.26190614316228084 and parameters: {'hidden_size': 48, 'num_layers': 1, 'dropout': 0.0, 'learning_rate': 0.0040215545266902904, 'batch_size': 16}. Best is trial 2 with value: 0.29741385873927867.

Epoch 3/50 | train loss: 0.6142 | validation loss: 0.6877 | validation accuracy: 0.7558 | validation AP: 0.2297
Epoch 4/50 | train loss: 0.5865 | validation loss: 0.7081 | validation accuracy: 0.7229 | validation AP: 0.2062
Epoch 5/50 | train loss: 0.579 | validation loss: 0.6485 | validation accuracy: 0.7026 | validation AP: 0.24
Epoch 6/50 | train loss: 0.5615 | validation loss: 0.6904 | validation accuracy: 0.6837 | validation AP: 0.2068
Stopping at epoch 6: validation AP has not improved for 4 epochs.
Best epoch: 2 | validation AP: 0.2591 | epochs run: 6

Validation classification report:
              precision    recall  f1-score   support

  disengaged     0.1954    0.6687    0.3025       166
     engaged     0.9361    0.6382    0.7589      1263

    accuracy                         0.6417      1429
   macro avg     0.5658    0.6534    0.5307      1429
weighted avg     0.8501    0.6417    0.7059      1429

Confusion matrix (rows: actual, columns: predicted):
[[111  55]
 [457 806]]
Epoch 1/50 | train loss: 0.6711 | validation loss: 0.7065 | validation accuracy: 0.7705 | validation AP: 0.206
Epoch 2/50 | train loss: 0.6183 | validation loss: 0.6565 | validation accuracy: 0.5472 | validation AP: 0.2336
Epoch 3/50 | train loss: 0.6069 | validation loss: 0.7436 | validation accuracy: 0.7894 | validation AP: 0.2509
Epoch 4/50 | train loss: 0.6005 | validation loss: 0.7011 | validation accuracy: 0.6641 | validation AP: 0.175
Epoch 5/50 | train loss: 0.5985 | validation loss: 0.6042 | validation accuracy: 0.5696 | validation AP: 0.2321
Epoch 6/50 | train loss: 0.5621 | validation loss: 0.6374 | validation accuracy: 0.6263 | validation AP: 0.2034
Epoch 7/50 | train loss: 0.5669 | validation loss: 0.6873 | validation accuracy: 0.7418 | validation AP: 0.2334
Stopping at epoch 7: validation AP has not improved for 4 epochs.
Best epoch: 3 | validation AP: 0.2509 | epochs run: 7

Validation classification report:
              precision    recall  f1-score   support

  disengaged     0.2394    0.3735    0.2918       166
     engaged     0.9111    0.8440    0.8763      1263

    accuracy                         0.7894      1429
   macro avg     0.5752    0.6088    0.5840      1429
weighted avg     0.8331    0.7894    0.8084      1429

Confusion matrix (rows: actual, columns: predicted):
[[  62  104]
 [ 197 1066]]
Epoch 1/50 | train loss: 0.6207 | validation loss: 0.7101 | validation accuracy: 0.7768 | validation AP: 0.1677
Epoch 2/50 | train loss: 0.582 | validation loss: 0.8174 | validation accuracy: 0.881 | validation AP: 0.2448
Epoch 3/50 | train loss: 0.5601 | validation loss: 0.7336 | validation accuracy: 0.8188 | validation AP: 0.2593
Epoch 4/50 | train loss: 0.5635 | validation loss: 0.691 | validation accuracy: 0.816 | validation AP: 0.2557
Epoch 5/50 | train loss: 0.536 | validation loss: 0.6727 | validation accuracy: 0.7957 | validation AP: 0.2396
Epoch 6/50 | train loss: 0.5228 | validation loss: 0.838 | validation accuracy: 0.8551 | validation AP: 0.2345
Epoch 7/50 | train loss: 0.5103 | validation loss: 0.7174 | validation accuracy: 0.7726 | validation AP: 0.2337
Stopping at epoch 7: validation AP has not improved for 4 epochs.
Best epoch: 3 | validation AP: 0.2593 | epochs run: 7

Validation classification report:
              precision    recall  f1-score   support

  disengaged     0.2540    0.2892    0.2704       166
     engaged     0.9048    0.8884    0.8965      1263

    accuracy                         0.8188      1429
   macro avg     0.5794    0.5888    0.5835      1429
weighted avg     0.8292    0.8188    0.8238      1429

Confusion matrix (rows: actual, columns: predicted):
[[  48  118]
 [ 141 1122]]
Epoch 1/50 | train loss: 0.6159 | validation loss: 0.7209 | validation accuracy: 0.8362 | validation AP: 0.1934
Epoch 2/50 | train loss: 0.5779 | validation loss: 0.7112 | validation accuracy: 0.8153 | validation AP: 0.2046
Epoch 3/50 | train loss: 0.5825 | validation loss: 0.636 | validation accuracy: 0.7586 | validation AP: 0.2588
Epoch 4/50 | train loss: 0.543 | validation loss: 0.7164 | validation accuracy: 0.8341 | validation AP: 0.237
Epoch 5/50 | train loss: 0.5441 | validation loss: 0.6723 | validation accuracy: 0.83 | validation AP: 0.288
Epoch 6/50 | train loss: 0.5321 | validation loss: 0.6737 | validation accuracy: 0.7628 | validation AP: 0.239
Epoch 7/50 | train loss: 0.5224 | validation loss: 0.6481 | validation accuracy: 0.7565 | validation AP: 0.2523
Epoch 8/50 | train loss: 0.508 | validation loss: 0.6866 | validation accuracy: 0.7775 | validation AP: 0.2273
Epoch 9/50 | train loss: 0.4987 | validation loss: 0.7306 | validation accuracy: 0.7341 | validation AP: 0.1959
Stopping at epoch 9: validation AP has not improved for 4 epochs.
Best epoch: 5 | validation AP: 0.288 | epochs run: 9

Validation classification report:
              precision    recall  f1-score   support

  disengaged     0.2941    0.3313    0.3116       166
     engaged     0.9106    0.8955    0.9030      1263

    accuracy                         0.8300      1429
   macro avg     0.6024    0.6134    0.6073      1429
weighted avg     0.8390    0.8300    0.8343      1429

Confusion matrix (rows: actual, columns: predicted):
[[  55  111]
 [ 132 1131]]
Epoch 1/50 | train loss: 0.6185 | validation loss: 0.6913 | validation accuracy: 0.7684 | validation AP: 0.2007
Epoch 2/50 | train loss: 0.5834 | validation loss: 0.6393 | validation accuracy: 0.6795 | validation AP: 0.2385
Epoch 3/50 | train loss: 0.561 | validation loss: 0.7458 | validation accuracy: 0.8481 | validation AP: 0.2355
Epoch 4/50 | train loss: 0.5536 | validation loss: 0.6648 | validation accuracy: 0.641 | validation AP: 0.1728
Epoch 5/50 | train loss: 0.5409 | validation loss: 0.6858 | validation accuracy: 0.7579 | validation AP: 0.2049
Epoch 6/50 | train loss: 0.5123 | validation loss: 0.6801 | validation accuracy: 0.7929 | validation AP: 0.233
Stopping at epoch 6: validation AP has not improved for 4 epochs.
Best epoch: 2 | validation AP: 0.2385 | epochs run: 6

Validation classification report:
              precision    recall  f1-score   support

  disengaged     0.1971    0.5723    0.2932       166
     engaged     0.9250    0.6936    0.7928      1263

    accuracy                         0.6795      1429
   macro avg     0.5611    0.6329    0.5430      1429
weighted avg     0.8405    0.6795    0.7347      1429

Confusion matrix (rows: actual, columns: predicted):
[[ 95  71]
 [387 876]]
Epoch 1/50 | train loss: 0.577 | validation loss: 0.7474 | validation accuracy: 0.8838 | validation AP: 0.1588
Epoch 2/50 | train loss: 0.5225 | validation loss: 0.7455 | validation accuracy: 0.8831 | validation AP: 0.1724
Epoch 3/50 | train loss: 0.5133 | validation loss: 0.7263 | validation accuracy: 0.8656 | validation AP: 0.1822
Epoch 4/50 | train loss: 0.506 | validation loss: 0.7043 | validation accuracy: 0.8516 | validation AP: 0.1858
Epoch 5/50 | train loss: 0.4945 | validation loss: 0.7071 | validation accuracy: 0.839 | validation AP: 0.1919
Epoch 6/50 | train loss: 0.4957 | validation loss: 0.7052 | validation accuracy: 0.8537 | validation AP: 0.2053
Epoch 7/50 | train loss: 0.4932 | validation loss: 0.6842 | validation accuracy: 0.8348 | validation AP: 0.2211
Epoch 8/50 | train loss: 0.4884 | validation loss: 0.7264 | validation accuracy: 0.8628 | validation AP: 0.2259
Epoch 9/50 | train loss: 0.4837 | validation loss: 0.6838 | validation accuracy: 0.8397 | validation AP: 0.2272
Epoch 10/50 | train loss: 0.4842 | validation loss: 0.669 | validation accuracy: 0.8397 | validation AP: 0.2365
Epoch 11/50 | train loss: 0.474 | validation loss: 0.7 | validation accuracy: 0.8509 | validation AP: 0.2327
Epoch 12/50 | train loss: 0.4801 | validation loss: 0.6807 | validation accuracy: 0.8404 | validation AP: 0.2349
Epoch 13/50 | train loss: 0.4788 | validation loss: 0.6498 | validation accuracy: 0.83 | validation AP: 0.2497
Epoch 14/50 | train loss: 0.4702 | validation loss: 0.6508 | validation accuracy: 0.8348 | validation AP: 0.2539
Epoch 15/50 | train loss: 0.474 | validation loss: 0.6725 | validation accuracy: 0.8286 | validation AP: 0.2301
Epoch 16/50 | train loss: 0.4644 | validation loss: 0.6414 | validation accuracy: 0.8209 | validation AP: 0.2645[I 2026-10-09 02:12:54,310] Trial 6 finished with value: 0.26772890423290463 and parameters: {'hidden_size': 20, 'num_layers': 3, 'dropout': 0.1, 'learning_rate': 0.0001705053926026929, 'batch_size': 8}. Best is trial 2 with value: 0.29741385873927867.

Epoch 17/50 | train loss: 0.4563 | validation loss: 0.6692 | validation accuracy: 0.8209 | validation AP: 0.243
Epoch 18/50 | train loss: 0.465 | validation loss: 0.6453 | validation accuracy: 0.8153 | validation AP: 0.2556
Epoch 19/50 | train loss: 0.4602 | validation loss: 0.6717 | validation accuracy: 0.8209 | validation AP: 0.2561
Epoch 20/50 | train loss: 0.4618 | validation loss: 0.7126 | validation accuracy: 0.8355 | validation AP: 0.2545
Stopping at epoch 20: validation AP has not improved for 4 epochs.
Best epoch: 16 | validation AP: 0.2645 | epochs run: 20

Validation classification report:
              precision    recall  f1-score   support

  disengaged     0.2750    0.3313    0.3005       166
     engaged     0.9097    0.8852    0.8973      1263

    accuracy                         0.8209      1429
   macro avg     0.5923    0.6083    0.5989      1429
weighted avg     0.8360    0.8209    0.8280      1429

Confusion matrix (rows: actual, columns: predicted):
[[  55  111]
 [ 145 1118]]
Epoch 1/50 | train loss: 0.5931 | validation loss: 0.7362 | validation accuracy: 0.8838 | validation AP: 0.1382
Epoch 2/50 | train loss: 0.5279 | validation loss: 0.7184 | validation accuracy: 0.8628 | validation AP: 0.1567
Epoch 3/50 | train loss: 0.5143 | validation loss: 0.6966 | validation accuracy: 0.8362 | validation AP: 0.1705
Epoch 4/50 | train loss: 0.4995 | validation loss: 0.7069 | validation accuracy: 0.8404 | validation AP: 0.1832
Epoch 5/50 | train loss: 0.5013 | validation loss: 0.7033 | validation accuracy: 0.8432 | validation AP: 0.1949
Epoch 6/50 | train loss: 0.49 | validation loss: 0.6897 | validation accuracy: 0.8244 | validation AP: 0.192
Epoch 7/50 | train loss: 0.4964 | validation loss: 0.7017 | validation accuracy: 0.8516 | validation AP: 0.1987
Epoch 8/50 | train loss: 0.4862 | validation loss: 0.705 | validation accuracy: 0.8488 | validation AP: 0.1995
Epoch 9/50 | train loss: 0.4828 | validation loss: 0.6844 | validation accuracy: 0.8307 | validation AP: 0.2
Epoch 10/50 | train loss: 0.4899 | validation loss: 0.6723 | validation accuracy: 0.8251 | validation AP: 0.2021
Epoch 11/50 | train loss: 0.4823 | validation loss: 0.7008 | validation accuracy: 0.8411 | validation AP: 0.2065
Epoch 12/50 | train loss: 0.4812 | validation loss: 0.6629 | validation accuracy: 0.7957 | validation AP: 0.1913
Epoch 13/50 | train loss: 0.4708 | validation loss: 0.7072 | validation accuracy: 0.8314 | validation AP: 0.2007
Epoch 14/50 | train loss: 0.4843 | validation loss: 0.6901 | validation accuracy: 0.8397 | validation AP: 0.2048
Epoch 15/50 | train loss: 0.476 | validation loss: 0.6935 | validation accuracy: 0.83 | validation AP: 0.2096
Epoch 16/50 | train loss: 0.4632 | validation loss: 0.6735 | validation accuracy: 0.8265 | validation AP: 0.215
Epoch 17/50 | train loss: 0.469 | validation loss: 0.6828 | validation accuracy: 0.8341 | validation AP: 0.2193
Epoch 18/50 | train loss: 0.4762 | validation loss: 0.6952 | validation accuracy: 0.8425 | validation AP: 0.2387
Epoch 19/50 | train loss: 0.469 | validation loss: 0.6446 | validation accuracy: 0.823 | validation AP: 0.2318
Epoch 20/50 | train loss: 0.4535 | validation loss: 0.6792 | validation accuracy: 0.8279 | validation AP: 0.2377
Epoch 21/50 | train loss: 0.4566 | validation loss: 0.6913 | validation accuracy: 0.8369 | validation AP: 0.2441
Epoch 22/50 | train loss: 0.4577 | validation loss: 0.7002 | validation accuracy: 0.8362 | validation AP: 0.2775
Epoch 23/50 | train loss: 0.4497 | validation loss: 0.6503 | validation accuracy: 0.8083 | validation AP: 0.235
Epoch 24/50 | train loss: 0.4561 | validation loss: 0.6402 | validation accuracy: 0.7957 | validation AP: 0.2427
Epoch 25/50 | train loss: 0.4552 | validation loss: 0.6948 | validation accuracy: 0.8244 | validation AP: 0.2666
Epoch 26/50 | train loss: 0.4511 | validation loss: 0.6338 | validation accuracy: 0.802 | validation AP: 0.2786
Epoch 27/50 | train loss: 0.444 | validation loss: 0.7069 | validation accuracy: 0.823 | validation AP: 0.2232
Epoch 28/50 | train loss: 0.4427 | validation loss: 0.6542 | validation accuracy: 0.7922 | validation AP: 0.2309
Epoch 29/50 | train loss: 0.4489 | validation loss: 0.6824 | validation accuracy: 0.8139 | validation AP: 0.2571
Epoch 30/50 | train loss: 0.4475 | validation loss: 0.6833 | validation accuracy: 0.8041 | validation AP: 0.2423
Stopping at epoch 30: validation AP has not improved for 4 epochs.
Best epoch: 26 | validation AP: 0.2786 | epochs run: 30

Validation classification report:
              precision    recall  f1-score   support

  disengaged     0.2669    0.4036    0.3213       166
     engaged     0.9160    0.8543    0.8841      1263

    accuracy                         0.8020      1429
   macro avg     0.5914    0.6290    0.6027      1429
weighted avg     0.8406    0.8020    0.8187      1429

Confusion matrix (rows: actual, columns: predicted):
[[  67   99]
 [ 184 1079]]
Epoch 1/50 | train loss: 0.5754 | validation loss: 0.7308 | validation accuracy: 0.8831 | validation AP: 0.1709
Epoch 2/50 | train loss: 0.5258 | validation loss: 0.6961 | validation accuracy: 0.8362 | validation AP: 0.1644
Epoch 3/50 | train loss: 0.5126 | validation loss: 0.7218 | validation accuracy: 0.8453 | validation AP: 0.1789
Epoch 4/50 | train loss: 0.5065 | validation loss: 0.6907 | validation accuracy: 0.8307 | validation AP: 0.1786
Epoch 5/50 | train loss: 0.4879 | validation loss: 0.6886 | validation accuracy: 0.8146 | validation AP: 0.1839
Epoch 6/50 | train loss: 0.4894 | validation loss: 0.7096 | validation accuracy: 0.8314 | validation AP: 0.188
Epoch 7/50 | train loss: 0.4901 | validation loss: 0.6942 | validation accuracy: 0.8362 | validation AP: 0.1894
Epoch 8/50 | train loss: 0.4801 | validation loss: 0.7079 | validation accuracy: 0.8467 | validation AP: 0.1975
Epoch 9/50 | train loss: 0.4818 | validation loss: 0.7269 | validation accuracy: 0.8593 | validation AP: 0.2075
Epoch 10/50 | train loss: 0.4884 | validation loss: 0.6812 | validation accuracy: 0.86 | validation AP: 0.2269
Epoch 11/50 | train loss: 0.4732 | validation loss: 0.6932 | validation accuracy: 0.8586 | validation AP: 0.227
Epoch 12/50 | train loss: 0.466 | validation loss: 0.6962 | validation accuracy: 0.8621 | validation AP: 0.2309
Epoch 13/50 | train loss: 0.4655 | validation loss: 0.6881 | validation accuracy: 0.8586 | validation AP: 0.236
Epoch 14/50 | train loss: 0.4625 | validation loss: 0.6632 | validation accuracy: 0.8258 | validation AP: 0.2264
Epoch 15/50 | train loss: 0.4565 | validation loss: 0.6926 | validation accuracy: 0.8544 | validation AP: 0.26
Epoch 16/50 | train loss: 0.4573 | validation loss: 0.7033 | validation accuracy: 0.8404 | validation AP: 0.2169
Epoch 17/50 | train loss: 0.452 | validation loss: 0.7751 | validation accuracy: 0.8684 | validation AP: 0.2475
Epoch 18/50 | train loss: 0.4495 | validation loss: 0.7082 | validation accuracy: 0.8481 | validation AP: 0.2411
Epoch 19/50 | train loss: 0.4639 | validation loss: 0.7448 | validation accuracy: 0.8593 | validation AP: 0.2479
Stopping at epoch 19: validation AP has not improved for 4 epochs.
Best epoch: 15 | validation AP: 0.26 | epochs run: 19

Validation classification report:
              precision    recall  f1-score   support

  disengaged     0.3190    0.2229    0.2624       166
     engaged     0.9018    0.9375    0.9193      1263

    accuracy                         0.8544      1429
   macro avg     0.6104    0.5802    0.5908      1429
weighted avg     0.8341    0.8544    0.8430      1429

Confusion matrix (rows: actual, columns: predicted):
[[  37  129]
 [  79 1184]]
Epoch 1/50 | train loss: 0.6481 | validation loss: 0.6747 | validation accuracy: 0.683 | validation AP: 0.1857
Epoch 2/50 | train loss: 0.6188 | validation loss: 0.6973 | validation accuracy: 0.7992 | validation AP: 0.2385
Epoch 3/50 | train loss: 0.5981 | validation loss: 0.6795 | validation accuracy: 0.7649 | validation AP: 0.2711
Epoch 4/50 | train loss: 0.5935 | validation loss: 0.6978 | validation accuracy: 0.7677 | validation AP: 0.2247
Epoch 5/50 | train loss: 0.576 | validation loss: 0.6764 | validation accuracy: 0.7817 | validation AP: 0.2546[I 2026-10-09 02:13:42,373] Trial 7 finished with value: 0.2738510435578046 and parameters: {'hidden_size': 40, 'num_layers': 1, 'dropout': 0.1, 'learning_rate': 0.0026698666742744613, 'batch_size': 32}. Best is trial 2 with value: 0.29741385873927867.
[I 2026-10-09 02:17:00,843] Trial 8 finished with value: 0.28642412522779753 and parameters: {'hidden_size': 66, 'num_layers': 2, 'dropout': 0.25, 'learning_rate': 0.0010402587615883842, 'batch_size': 8}. Best is trial 2 with value: 0.29741385873927867.

Epoch 6/50 | train loss: 0.5662 | validation loss: 0.8145 | validation accuracy: 0.8314 | validation AP: 0.2277
Epoch 7/50 | train loss: 0.5494 | validation loss: 0.7162 | validation accuracy: 0.7901 | validation AP: 0.2346
Stopping at epoch 7: validation AP has not improved for 4 epochs.
Best epoch: 3 | validation AP: 0.2711 | epochs run: 7

Validation classification report:
              precision    recall  f1-score   support

  disengaged     0.2440    0.4880    0.3253       166
     engaged     0.9225    0.8013    0.8576      1263

    accuracy                         0.7649      1429
   macro avg     0.5832    0.6446    0.5915      1429
weighted avg     0.8437    0.7649    0.7958      1429

Confusion matrix (rows: actual, columns: predicted):
[[  81   85]
 [ 251 1012]]
Epoch 1/50 | train loss: 0.6416 | validation loss: 0.6795 | validation accuracy: 0.7446 | validation AP: 0.2045
Epoch 2/50 | train loss: 0.6072 | validation loss: 0.6239 | validation accuracy: 0.7033 | validation AP: 0.2608
Epoch 3/50 | train loss: 0.6044 | validation loss: 0.6414 | validation accuracy: 0.76 | validation AP: 0.2551
Epoch 4/50 | train loss: 0.5771 | validation loss: 0.6735 | validation accuracy: 0.7768 | validation AP: 0.2426
Epoch 5/50 | train loss: 0.5747 | validation loss: 0.6572 | validation accuracy: 0.7796 | validation AP: 0.2653
Epoch 6/50 | train loss: 0.5619 | validation loss: 0.63 | validation accuracy: 0.7243 | validation AP: 0.2448
Epoch 7/50 | train loss: 0.5538 | validation loss: 0.6809 | validation accuracy: 0.7978 | validation AP: 0.2736
Epoch 8/50 | train loss: 0.5465 | validation loss: 0.6714 | validation accuracy: 0.7565 | validation AP: 0.255
Epoch 9/50 | train loss: 0.5342 | validation loss: 0.722 | validation accuracy: 0.7446 | validation AP: 0.226
Epoch 10/50 | train loss: 0.5407 | validation loss: 0.6583 | validation accuracy: 0.6802 | validation AP: 0.2423
Epoch 11/50 | train loss: 0.5149 | validation loss: 0.7115 | validation accuracy: 0.7341 | validation AP: 0.2095
Stopping at epoch 11: validation AP has not improved for 4 epochs.
Best epoch: 7 | validation AP: 0.2736 | epochs run: 11

Validation classification report:
              precision    recall  f1-score   support

  disengaged     0.2588    0.3976    0.3135       166
     engaged     0.9148    0.8504    0.8814      1263

    accuracy                         0.7978      1429
   macro avg     0.5868    0.6240    0.5975      1429
weighted avg     0.8386    0.7978    0.8154      1429

Confusion matrix (rows: actual, columns: predicted):
[[  66  100]
 [ 189 1074]]
Epoch 1/50 | train loss: 0.6497 | validation loss: 0.7056 | validation accuracy: 0.7971 | validation AP: 0.2267
Epoch 2/50 | train loss: 0.6129 | validation loss: 0.6739 | validation accuracy: 0.7131 | validation AP: 0.2264
Epoch 3/50 | train loss: 0.5875 | validation loss: 0.7038 | validation accuracy: 0.7985 | validation AP: 0.2769
Epoch 4/50 | train loss: 0.5657 | validation loss: 0.6594 | validation accuracy: 0.6438 | validation AP: 0.2072
Epoch 5/50 | train loss: 0.5708 | validation loss: 0.6434 | validation accuracy: 0.6928 | validation AP: 0.2422
Epoch 6/50 | train loss: 0.5483 | validation loss: 0.6376 | validation accuracy: 0.683 | validation AP: 0.2386
Epoch 7/50 | train loss: 0.5438 | validation loss: 0.7143 | validation accuracy: 0.7572 | validation AP: 0.2384
Stopping at epoch 7: validation AP has not improved for 4 epochs.
Best epoch: 3 | validation AP: 0.2769 | epochs run: 7

Validation classification report:
              precision    recall  f1-score   support

  disengaged     0.2520    0.3735    0.3010       166
     engaged     0.9121    0.8543    0.8823      1263

    accuracy                         0.7985      1429
   macro avg     0.5821    0.6139    0.5916      1429
weighted avg     0.8354    0.7985    0.8147      1429

Confusion matrix (rows: actual, columns: predicted):
[[  62  104]
 [ 184 1079]]
Epoch 1/50 | train loss: 0.5424 | validation loss: 0.7013 | validation accuracy: 0.8684 | validation AP: 0.21
Epoch 2/50 | train loss: 0.5001 | validation loss: 0.7466 | validation accuracy: 0.8817 | validation AP: 0.2582
Epoch 3/50 | train loss: 0.4944 | validation loss: 0.6781 | validation accuracy: 0.86 | validation AP: 0.2799
Epoch 4/50 | train loss: 0.494 | validation loss: 0.6462 | validation accuracy: 0.8579 | validation AP: 0.2902
Epoch 5/50 | train loss: 0.477 | validation loss: 0.6479 | validation accuracy: 0.8502 | validation AP: 0.2565
Epoch 6/50 | train loss: 0.4772 | validation loss: 0.7408 | validation accuracy: 0.8663 | validation AP: 0.2658
Epoch 7/50 | train loss: 0.4746 | validation loss: 0.6917 | validation accuracy: 0.8328 | validation AP: 0.2469
Epoch 8/50 | train loss: 0.4692 | validation loss: 0.7789 | validation accuracy: 0.8656 | validation AP: 0.2651
Stopping at epoch 8: validation AP has not improved for 4 epochs.
Best epoch: 4 | validation AP: 0.2902 | epochs run: 8

Validation classification report:
              precision    recall  f1-score   support

  disengaged     0.2967    0.1627    0.2101       166
     engaged     0.8961    0.9493    0.9220      1263

    accuracy                         0.8579      1429
   macro avg     0.5964    0.5560    0.5660      1429
weighted avg     0.8265    0.8579    0.8393      1429

Confusion matrix (rows: actual, columns: predicted):
[[  27  139]
 [  64 1199]]
Epoch 1/50 | train loss: 0.5331 | validation loss: 0.7815 | validation accuracy: 0.874 | validation AP: 0.1722
Epoch 2/50 | train loss: 0.5143 | validation loss: 0.7206 | validation accuracy: 0.8642 | validation AP: 0.2001
Epoch 3/50 | train loss: 0.5041 | validation loss: 0.643 | validation accuracy: 0.8523 | validation AP: 0.2471
Epoch 4/50 | train loss: 0.4846 | validation loss: 0.7353 | validation accuracy: 0.86 | validation AP: 0.2071
Epoch 5/50 | train loss: 0.4713 | validation loss: 0.706 | validation accuracy: 0.8537 | validation AP: 0.2846
Epoch 6/50 | train loss: 0.4692 | validation loss: 0.6741 | validation accuracy: 0.8132 | validation AP: 0.1973
Epoch 7/50 | train loss: 0.4661 | validation loss: 0.682 | validation accuracy: 0.8341 | validation AP: 0.256
Epoch 8/50 | train loss: 0.4577 | validation loss: 0.6878 | validation accuracy: 0.8509 | validation AP: 0.2408
Epoch 9/50 | train loss: 0.4475 | validation loss: 0.7369 | validation accuracy: 0.8174 | validation AP: 0.2238
Stopping at epoch 9: validation AP has not improved for 4 epochs.
Best epoch: 5 | validation AP: 0.2846 | epochs run: 9

Validation classification report:
              precision    recall  f1-score   support

  disengaged     0.3252    0.2410    0.2768       166
     engaged     0.9035    0.9343    0.9186      1263

    accuracy                         0.8537      1429
   macro avg     0.6144    0.5876    0.5977      1429
weighted avg     0.8363    0.8537    0.8441      1429

Confusion matrix (rows: actual, columns: predicted):
[[  40  126]
 [  83 1180]]
Epoch 1/50 | train loss: 0.5256 | validation loss: 0.6446 | validation accuracy: 0.8272 | validation AP: 0.235
Epoch 2/50 | train loss: 0.5101 | validation loss: 0.6344 | validation accuracy: 0.823 | validation AP: 0.2844
Epoch 3/50 | train loss: 0.4966 | validation loss: 0.7151 | validation accuracy: 0.8635 | validation AP: 0.2325
Epoch 4/50 | train loss: 0.4977 | validation loss: 0.6515 | validation accuracy: 0.8355 | validation AP: 0.1944
Epoch 5/50 | train loss: 0.467 | validation loss: 0.6454 | validation accuracy: 0.8362 | validation AP: 0.2398
Epoch 6/50 | train loss: 0.4637 | validation loss: 0.7303 | validation accuracy: 0.8174 | validation AP: 0.1874
Stopping at epoch 6: validation AP has not improved for 4 epochs.
Best epoch: 2 | validation AP: 0.2844 | epochs run: 6

Validation classification report:
              precision    recall  f1-score   support

  disengaged     0.2995    0.3916    0.3394       166
     engaged     0.9167    0.8797    0.8978      1263

    accuracy                         0.8230      1429
   macro avg     0.6081    0.6356    0.6186      1429
weighted avg     0.8450    0.8230    0.8329      1429

Confusion matrix (rows: actual, columns: predicted):
[[  65  101]
 [ 152 1111]]
Epoch 1/50 | train loss: 0.6523 | validation loss: 0.6799 | validation accuracy: 0.697 | validation AP: 0.1806[I 2026-10-09 02:17:34,735] Trial 9 finished with value: 0.26303295431473095 and parameters: {'hidden_size': 33, 'num_layers': 1, 'dropout': 0.1, 'learning_rate': 0.005532496914298506, 'batch_size': 32}. Best is trial 2 with value: 0.29741385873927867.

Epoch 2/50 | train loss: 0.622 | validation loss: 0.7226 | validation accuracy: 0.83 | validation AP: 0.2446
Epoch 3/50 | train loss: 0.5942 | validation loss: 0.6664 | validation accuracy: 0.7404 | validation AP: 0.2519
Epoch 4/50 | train loss: 0.5899 | validation loss: 0.7058 | validation accuracy: 0.7677 | validation AP: 0.2176
Epoch 5/50 | train loss: 0.5727 | validation loss: 0.6836 | validation accuracy: 0.774 | validation AP: 0.233
Epoch 6/50 | train loss: 0.5574 | validation loss: 0.7889 | validation accuracy: 0.8376 | validation AP: 0.2236
Epoch 7/50 | train loss: 0.5483 | validation loss: 0.7134 | validation accuracy: 0.7264 | validation AP: 0.2204
Stopping at epoch 7: validation AP has not improved for 4 epochs.
Best epoch: 3 | validation AP: 0.2519 | epochs run: 7

Validation classification report:
              precision    recall  f1-score   support

  disengaged     0.2324    0.5361    0.3242       166
     engaged     0.9264    0.7672    0.8393      1263

    accuracy                         0.7404      1429
   macro avg     0.5794    0.6517    0.5818      1429
weighted avg     0.8458    0.7404    0.7795      1429

Confusion matrix (rows: actual, columns: predicted):
[[ 89  77]
 [294 969]]
Epoch 1/50 | train loss: 0.6455 | validation loss: 0.6692 | validation accuracy: 0.7292 | validation AP: 0.2054
Epoch 2/50 | train loss: 0.6135 | validation loss: 0.6326 | validation accuracy: 0.6753 | validation AP: 0.2306
Epoch 3/50 | train loss: 0.6104 | validation loss: 0.6583 | validation accuracy: 0.6592 | validation AP: 0.2235
Epoch 4/50 | train loss: 0.5839 | validation loss: 0.6963 | validation accuracy: 0.7264 | validation AP: 0.2135
Epoch 5/50 | train loss: 0.5686 | validation loss: 0.6703 | validation accuracy: 0.7712 | validation AP: 0.2625
Epoch 6/50 | train loss: 0.5613 | validation loss: 0.6604 | validation accuracy: 0.6816 | validation AP: 0.2117
Epoch 7/50 | train loss: 0.5503 | validation loss: 0.6837 | validation accuracy: 0.7971 | validation AP: 0.2813
Epoch 8/50 | train loss: 0.5449 | validation loss: 0.6653 | validation accuracy: 0.7411 | validation AP: 0.2476
Epoch 9/50 | train loss: 0.5297 | validation loss: 0.7291 | validation accuracy: 0.7278 | validation AP: 0.2065
Epoch 10/50 | train loss: 0.5337 | validation loss: 0.6691 | validation accuracy: 0.7124 | validation AP: 0.2435
Epoch 11/50 | train loss: 0.5107 | validation loss: 0.7657 | validation accuracy: 0.7719 | validation AP: 0.2066
Stopping at epoch 11: validation AP has not improved for 4 epochs.
Best epoch: 7 | validation AP: 0.2813 | epochs run: 11

Validation classification report:
              precision    recall  f1-score   support

  disengaged     0.2559    0.3916    0.3095       166
     engaged     0.9140    0.8504    0.8811      1263

    accuracy                         0.7971      1429
   macro avg     0.5850    0.6210    0.5953      1429
weighted avg     0.8376    0.7971    0.8147      1429

Confusion matrix (rows: actual, columns: predicted):
[[  65  101]
 [ 189 1074]]
Epoch 1/50 | train loss: 0.6555 | validation loss: 0.7188 | validation accuracy: 0.7726 | validation AP: 0.2045
Epoch 2/50 | train loss: 0.6205 | validation loss: 0.6559 | validation accuracy: 0.6452 | validation AP: 0.2089
Epoch 3/50 | train loss: 0.5964 | validation loss: 0.7323 | validation accuracy: 0.823 | validation AP: 0.256
Epoch 4/50 | train loss: 0.5796 | validation loss: 0.679 | validation accuracy: 0.6291 | validation AP: 0.173
Epoch 5/50 | train loss: 0.5864 | validation loss: 0.6473 | validation accuracy: 0.6788 | validation AP: 0.2475
Epoch 6/50 | train loss: 0.5604 | validation loss: 0.6608 | validation accuracy: 0.6438 | validation AP: 0.2043
Epoch 7/50 | train loss: 0.5555 | validation loss: 0.7241 | validation accuracy: 0.7544 | validation AP: 0.2353
Stopping at epoch 7: validation AP has not improved for 4 epochs.
Best epoch: 3 | validation AP: 0.256 | epochs run: 7

Validation classification report:
              precision    recall  f1-score   support

  disengaged     0.2514    0.2651    0.2581       166
     engaged     0.9027    0.8963    0.8995      1263

    accuracy                         0.8230      1429
   macro avg     0.5771    0.5807    0.5788      1429
weighted avg     0.8271    0.8230    0.8250      1429

Confusion matrix (rows: actual, columns: predicted):
[[  44  122]
 [ 131 1132]]
Epoch 1/50 | train loss: 0.6563 | validation loss: 0.6856 | validation accuracy: 0.7264 | validation AP: 0.1945
Epoch 2/50 | train loss: 0.6225 | validation loss: 0.6719 | validation accuracy: 0.7502 | validation AP: 0.2301
Epoch 3/50 | train loss: 0.6096 | validation loss: 0.6412 | validation accuracy: 0.7306 | validation AP: 0.2576
Epoch 4/50 | train loss: 0.6133 | validation loss: 0.6579 | validation accuracy: 0.7908 | validation AP: 0.2795
Epoch 5/50 | train loss: 0.5987 | validation loss: 0.6492 | validation accuracy: 0.7859 | validation AP: 0.2822
Epoch 6/50 | train loss: 0.5857 | validation loss: 0.6978 | validation accuracy: 0.8097 | validation AP: 0.2604
Epoch 7/50 | train loss: 0.5827 | validation loss: 0.6797 | validation accuracy: 0.7999 | validation AP: 0.2945
Epoch 8/50 | train loss: 0.579 | validation loss: 0.6784 | validation accuracy: 0.7943 | validation AP: 0.2945
Epoch 9/50 | train loss: 0.576 | validation loss: 0.6486 | validation accuracy: 0.7243 | validation AP: 0.2653
Epoch 10/50 | train loss: 0.5845 | validation loss: 0.6366 | validation accuracy: 0.6844 | validation AP: 0.2209
Epoch 11/50 | train loss: 0.5792 | validation loss: 0.6936 | validation accuracy: 0.7705 | validation AP: 0.2462
Stopping at epoch 11: validation AP has not improved for 4 epochs.
Best epoch: 7 | validation AP: 0.2945 | epochs run: 11

Validation classification report:
              precision    recall  f1-score   support

  disengaged     0.2692    0.4217    0.3286       166
     engaged     0.9179    0.8496    0.8824      1263

    accuracy                         0.7999      1429
   macro avg     0.5936    0.6356    0.6055      1429
weighted avg     0.8425    0.7999    0.8181      1429

Confusion matrix (rows: actual, columns: predicted):
[[  70   96]
 [ 190 1073]]
Epoch 1/50 | train loss: 0.6496 | validation loss: 0.6565 | validation accuracy: 0.7089 | validation AP: 0.2256
Epoch 2/50 | train loss: 0.6251 | validation loss: 0.6241 | validation accuracy: 0.7117 | validation AP: 0.2688
Epoch 3/50 | train loss: 0.6187 | validation loss: 0.6638 | validation accuracy: 0.7642 | validation AP: 0.2445
Epoch 4/50 | train loss: 0.5991 | validation loss: 0.636 | validation accuracy: 0.7516 | validation AP: 0.2611
Epoch 5/50 | train loss: 0.6095 | validation loss: 0.6382 | validation accuracy: 0.7705 | validation AP: 0.2789
Epoch 6/50 | train loss: 0.5884 | validation loss: 0.6485 | validation accuracy: 0.7355 | validation AP: 0.2582
Epoch 7/50 | train loss: 0.5847 | validation loss: 0.6597 | validation accuracy: 0.7775 | validation AP: 0.2925
Epoch 8/50 | train loss: 0.5818 | validation loss: 0.6896 | validation accuracy: 0.7845 | validation AP: 0.2927
Epoch 9/50 | train loss: 0.5722 | validation loss: 0.6244 | validation accuracy: 0.7145 | validation AP: 0.2689
Epoch 10/50 | train loss: 0.5835 | validation loss: 0.6721 | validation accuracy: 0.7348 | validation AP: 0.2528
Epoch 11/50 | train loss: 0.5733 | validation loss: 0.681 | validation accuracy: 0.7593 | validation AP: 0.271
Epoch 12/50 | train loss: 0.5834 | validation loss: 0.6375 | validation accuracy: 0.6606 | validation AP: 0.2439
Stopping at epoch 12: validation AP has not improved for 4 epochs.
Best epoch: 8 | validation AP: 0.2927 | epochs run: 12

Validation classification report:
              precision    recall  f1-score   support

  disengaged     0.2568    0.4518    0.3275       166
     engaged     0.9200    0.8282    0.8717      1263

    accuracy                         0.7845      1429
   macro avg     0.5884    0.6400    0.5996      1429
weighted avg     0.8429    0.7845    0.8085      1429

Confusion matrix (rows: actual, columns: predicted):
[[  75   91]
 [ 217 1046]]
Epoch 1/50 | train loss: 0.6597 | validation loss: 0.734 | validation accuracy: 0.7754 | validation AP: 0.1907
Epoch 2/50 | train loss: 0.6257 | validation loss: 0.6864 | validation accuracy: 0.6998 | validation AP: 0.1893[I 2026-10-09 02:18:40,781] Trial 10 finished with value: 0.2916366576444251 and parameters: {'hidden_size': 98, 'num_layers': 3, 'dropout': 0.5, 'learning_rate': 0.0003251636522240597, 'batch_size': 32}. Best is trial 2 with value: 0.29741385873927867.

Epoch 3/50 | train loss: 0.613 | validation loss: 0.6793 | validation accuracy: 0.7684 | validation AP: 0.2382
Epoch 4/50 | train loss: 0.6015 | validation loss: 0.6793 | validation accuracy: 0.7502 | validation AP: 0.2074
Epoch 5/50 | train loss: 0.5987 | validation loss: 0.6082 | validation accuracy: 0.6837 | validation AP: 0.2583
Epoch 6/50 | train loss: 0.5908 | validation loss: 0.6381 | validation accuracy: 0.6487 | validation AP: 0.2384
Epoch 7/50 | train loss: 0.5801 | validation loss: 0.6539 | validation accuracy: 0.7012 | validation AP: 0.2398
Epoch 8/50 | train loss: 0.5755 | validation loss: 0.649 | validation accuracy: 0.753 | validation AP: 0.2784
Epoch 9/50 | train loss: 0.5692 | validation loss: 0.687 | validation accuracy: 0.7887 | validation AP: 0.2877
Epoch 10/50 | train loss: 0.5796 | validation loss: 0.6653 | validation accuracy: 0.7845 | validation AP: 0.2817
Epoch 11/50 | train loss: 0.5805 | validation loss: 0.6926 | validation accuracy: 0.7831 | validation AP: 0.2733
Epoch 12/50 | train loss: 0.5664 | validation loss: 0.6668 | validation accuracy: 0.76 | validation AP: 0.2808
Epoch 13/50 | train loss: 0.5635 | validation loss: 0.726 | validation accuracy: 0.7551 | validation AP: 0.2657
Stopping at epoch 13: validation AP has not improved for 4 epochs.
Best epoch: 9 | validation AP: 0.2877 | epochs run: 13

Validation classification report:
              precision    recall  f1-score   support

  disengaged     0.2622    0.4518    0.3319       166
     engaged     0.9204    0.8329    0.8745      1263

    accuracy                         0.7887      1429
   macro avg     0.5913    0.6424    0.6032      1429
weighted avg     0.8439    0.7887    0.8114      1429

Confusion matrix (rows: actual, columns: predicted):
[[  75   91]
 [ 211 1052]]
Epoch 1/50 | train loss: 0.6719 | validation loss: 0.7305 | validation accuracy: 0.8803 | validation AP: 0.1503
Epoch 2/50 | train loss: 0.6627 | validation loss: 0.7071 | validation accuracy: 0.8041 | validation AP: 0.1679
Epoch 3/50 | train loss: 0.631 | validation loss: 0.6631 | validation accuracy: 0.6886 | validation AP: 0.2063
Epoch 4/50 | train loss: 0.6171 | validation loss: 0.6703 | validation accuracy: 0.732 | validation AP: 0.2251
Epoch 5/50 | train loss: 0.6164 | validation loss: 0.6746 | validation accuracy: 0.7432 | validation AP: 0.2269
Epoch 6/50 | train loss: 0.6004 | validation loss: 0.678 | validation accuracy: 0.7502 | validation AP: 0.2258
Epoch 7/50 | train loss: 0.608 | validation loss: 0.6583 | validation accuracy: 0.7369 | validation AP: 0.2387
Epoch 8/50 | train loss: 0.602 | validation loss: 0.6871 | validation accuracy: 0.7726 | validation AP: 0.2386
Epoch 9/50 | train loss: 0.6021 | validation loss: 0.674 | validation accuracy: 0.7663 | validation AP: 0.2393
Epoch 10/50 | train loss: 0.5978 | validation loss: 0.6436 | validation accuracy: 0.7572 | validation AP: 0.2633
Epoch 11/50 | train loss: 0.5969 | validation loss: 0.6729 | validation accuracy: 0.7852 | validation AP: 0.2601
Epoch 12/50 | train loss: 0.5905 | validation loss: 0.6772 | validation accuracy: 0.7901 | validation AP: 0.2471
Epoch 13/50 | train loss: 0.5973 | validation loss: 0.6437 | validation accuracy: 0.774 | validation AP: 0.2839
Epoch 14/50 | train loss: 0.595 | validation loss: 0.6536 | validation accuracy: 0.7901 | validation AP: 0.2999
Epoch 15/50 | train loss: 0.5915 | validation loss: 0.6701 | validation accuracy: 0.7901 | validation AP: 0.2936
Epoch 16/50 | train loss: 0.5789 | validation loss: 0.637 | validation accuracy: 0.7656 | validation AP: 0.2898
Epoch 17/50 | train loss: 0.5799 | validation loss: 0.6642 | validation accuracy: 0.7824 | validation AP: 0.2889
Epoch 18/50 | train loss: 0.5764 | validation loss: 0.6296 | validation accuracy: 0.7621 | validation AP: 0.2964
Stopping at epoch 18: validation AP has not improved for 4 epochs.
Best epoch: 14 | validation AP: 0.2999 | epochs run: 18

Validation classification report:
              precision    recall  f1-score   support

  disengaged     0.2752    0.4940    0.3534       166
     engaged     0.9257    0.8290    0.8747      1263

    accuracy                         0.7901      1429
   macro avg     0.6004    0.6615    0.6141      1429
weighted avg     0.8502    0.7901    0.8141      1429

Confusion matrix (rows: actual, columns: predicted):
[[  82   84]
 [ 216 1047]]
Epoch 1/50 | train loss: 0.6791 | validation loss: 0.7119 | validation accuracy: 0.8593 | validation AP: 0.1722
Epoch 2/50 | train loss: 0.6605 | validation loss: 0.7022 | validation accuracy: 0.8111 | validation AP: 0.1779
Epoch 3/50 | train loss: 0.6363 | validation loss: 0.6951 | validation accuracy: 0.7509 | validation AP: 0.1815
Epoch 4/50 | train loss: 0.6157 | validation loss: 0.6871 | validation accuracy: 0.7019 | validation AP: 0.192
Epoch 5/50 | train loss: 0.6199 | validation loss: 0.6779 | validation accuracy: 0.6823 | validation AP: 0.1955
Epoch 6/50 | train loss: 0.6123 | validation loss: 0.7033 | validation accuracy: 0.7481 | validation AP: 0.2022
Epoch 7/50 | train loss: 0.6104 | validation loss: 0.6913 | validation accuracy: 0.7628 | validation AP: 0.2161
Epoch 8/50 | train loss: 0.6046 | validation loss: 0.7026 | validation accuracy: 0.76 | validation AP: 0.2115
Epoch 9/50 | train loss: 0.6012 | validation loss: 0.6668 | validation accuracy: 0.7257 | validation AP: 0.2204
Epoch 10/50 | train loss: 0.6133 | validation loss: 0.6576 | validation accuracy: 0.7348 | validation AP: 0.2351
Epoch 11/50 | train loss: 0.5942 | validation loss: 0.6879 | validation accuracy: 0.7817 | validation AP: 0.2345
Epoch 12/50 | train loss: 0.5982 | validation loss: 0.6786 | validation accuracy: 0.7446 | validation AP: 0.2233
Epoch 13/50 | train loss: 0.5919 | validation loss: 0.7117 | validation accuracy: 0.774 | validation AP: 0.2265
Epoch 14/50 | train loss: 0.5903 | validation loss: 0.6751 | validation accuracy: 0.7222 | validation AP: 0.2231
Stopping at epoch 14: validation AP has not improved for 4 epochs.
Best epoch: 10 | validation AP: 0.2351 | epochs run: 14

Validation classification report:
              precision    recall  f1-score   support

  disengaged     0.2276    0.5361    0.3196       166
     engaged     0.9258    0.7609    0.8353      1263

    accuracy                         0.7348      1429
   macro avg     0.5767    0.6485    0.5774      1429
weighted avg     0.8447    0.7348    0.7754      1429

Confusion matrix (rows: actual, columns: predicted):
[[ 89  77]
 [302 961]]
Epoch 1/50 | train loss: 0.6795 | validation loss: 0.7179 | validation accuracy: 0.8726 | validation AP: 0.1939
Epoch 2/50 | train loss: 0.6623 | validation loss: 0.6964 | validation accuracy: 0.8104 | validation AP: 0.1873
Epoch 3/50 | train loss: 0.6354 | validation loss: 0.6753 | validation accuracy: 0.7439 | validation AP: 0.2094
Epoch 4/50 | train loss: 0.6138 | validation loss: 0.6871 | validation accuracy: 0.7628 | validation AP: 0.218
Epoch 5/50 | train loss: 0.6108 | validation loss: 0.668 | validation accuracy: 0.7292 | validation AP: 0.2286
Epoch 6/50 | train loss: 0.6111 | validation loss: 0.6699 | validation accuracy: 0.7229 | validation AP: 0.2245
Epoch 7/50 | train loss: 0.6097 | validation loss: 0.678 | validation accuracy: 0.7474 | validation AP: 0.2276
Epoch 8/50 | train loss: 0.6013 | validation loss: 0.6758 | validation accuracy: 0.739 | validation AP: 0.2263
Epoch 9/50 | train loss: 0.5997 | validation loss: 0.673 | validation accuracy: 0.7495 | validation AP: 0.2362
Epoch 10/50 | train loss: 0.6133 | validation loss: 0.6576 | validation accuracy: 0.7418 | validation AP: 0.2462
Epoch 11/50 | train loss: 0.6117 | validation loss: 0.6485 | validation accuracy: 0.7152 | validation AP: 0.2411
Epoch 12/50 | train loss: 0.5916 | validation loss: 0.673 | validation accuracy: 0.7544 | validation AP: 0.2443
Epoch 13/50 | train loss: 0.5889 | validation loss: 0.6634 | validation accuracy: 0.7523 | validation AP: 0.2566
Epoch 14/50 | train loss: 0.5889 | validation loss: 0.6643 | validation accuracy: 0.683 | validation AP: 0.225
Epoch 15/50 | train loss: 0.5867 | validation loss: 0.6719 | validation accuracy: 0.7593 | validation AP: 0.2704
Epoch 16/50 | train loss: 0.5764 | validation loss: 0.6605 | validation accuracy: 0.7222 | validation AP: 0.2474[I 2026-10-09 02:20:24,774] Trial 11 finished with value: 0.2684316171414296 and parameters: {'hidden_size': 71, 'num_layers': 3, 'dropout': 0.5, 'learning_rate': 0.00010427001388770239, 'batch_size': 32}. Best is trial 2 with value: 0.29741385873927867.
[I 2026-10-09 02:21:11,346] Trial 12 finished with value: 0.3029532246585838 and parameters: {'hidden_size': 70, 'num_layers': 3, 'dropout': 0.5, 'learning_rate': 0.0008260114436119067, 'batch_size': 32}. Best is trial 12 with value: 0.3029532246585838.

Epoch 17/50 | train loss: 0.5735 | validation loss: 0.7594 | validation accuracy: 0.7999 | validation AP: 0.2567
Epoch 18/50 | train loss: 0.5893 | validation loss: 0.6557 | validation accuracy: 0.7271 | validation AP: 0.26
Epoch 19/50 | train loss: 0.5804 | validation loss: 0.6961 | validation accuracy: 0.7607 | validation AP: 0.2627
Stopping at epoch 19: validation AP has not improved for 4 epochs.
Best epoch: 15 | validation AP: 0.2704 | epochs run: 19

Validation classification report:
              precision    recall  f1-score   support

  disengaged     0.2472    0.5241    0.3359       166
     engaged     0.9266    0.7902    0.8530      1263

    accuracy                         0.7593      1429
   macro avg     0.5869    0.6571    0.5944      1429
weighted avg     0.8477    0.7593    0.7929      1429

Confusion matrix (rows: actual, columns: predicted):
[[ 87  79]
 [265 998]]
Epoch 1/50 | train loss: 0.6552 | validation loss: 0.6735 | validation accuracy: 0.7187 | validation AP: 0.2031
Epoch 2/50 | train loss: 0.6262 | validation loss: 0.6815 | validation accuracy: 0.7964 | validation AP: 0.2477
Epoch 3/50 | train loss: 0.6142 | validation loss: 0.6684 | validation accuracy: 0.7754 | validation AP: 0.2543
Epoch 4/50 | train loss: 0.6062 | validation loss: 0.6914 | validation accuracy: 0.8027 | validation AP: 0.2598
Epoch 5/50 | train loss: 0.5892 | validation loss: 0.658 | validation accuracy: 0.802 | validation AP: 0.2991
Epoch 6/50 | train loss: 0.5844 | validation loss: 0.746 | validation accuracy: 0.8307 | validation AP: 0.2909
Epoch 7/50 | train loss: 0.5704 | validation loss: 0.7171 | validation accuracy: 0.8048 | validation AP: 0.2931
Epoch 8/50 | train loss: 0.5733 | validation loss: 0.6945 | validation accuracy: 0.7915 | validation AP: 0.2561
Epoch 9/50 | train loss: 0.5737 | validation loss: 0.6404 | validation accuracy: 0.7222 | validation AP: 0.2851
Stopping at epoch 9: validation AP has not improved for 4 epochs.
Best epoch: 5 | validation AP: 0.2991 | epochs run: 9

Validation classification report:
              precision    recall  f1-score   support

  disengaged     0.2724    0.4217    0.3310       166
     engaged     0.9181    0.8519    0.8838      1263

    accuracy                         0.8020      1429
   macro avg     0.5952    0.6368    0.6074      1429
weighted avg     0.8431    0.8020    0.8196      1429

Confusion matrix (rows: actual, columns: predicted):
[[  70   96]
 [ 187 1076]]
Epoch 1/50 | train loss: 0.6466 | validation loss: 0.6889 | validation accuracy: 0.7761 | validation AP: 0.2213
Epoch 2/50 | train loss: 0.6281 | validation loss: 0.6245 | validation accuracy: 0.7383 | validation AP: 0.3061
Epoch 3/50 | train loss: 0.6194 | validation loss: 0.6683 | validation accuracy: 0.7502 | validation AP: 0.2456
Epoch 4/50 | train loss: 0.5981 | validation loss: 0.7061 | validation accuracy: 0.7397 | validation AP: 0.2108
Epoch 5/50 | train loss: 0.5905 | validation loss: 0.6677 | validation accuracy: 0.7782 | validation AP: 0.2637
Epoch 6/50 | train loss: 0.5846 | validation loss: 0.7012 | validation accuracy: 0.7243 | validation AP: 0.2023
Stopping at epoch 6: validation AP has not improved for 4 epochs.
Best epoch: 2 | validation AP: 0.3061 | epochs run: 6

Validation classification report:
              precision    recall  f1-score   support

  disengaged     0.2438    0.5964    0.3462       166
     engaged     0.9345    0.7569    0.8364      1263

    accuracy                         0.7383      1429
   macro avg     0.5892    0.6767    0.5913      1429
weighted avg     0.8543    0.7383    0.7794      1429

Confusion matrix (rows: actual, columns: predicted):
[[ 99  67]
 [307 956]]
Epoch 1/50 | train loss: 0.6613 | validation loss: 0.7416 | validation accuracy: 0.8006 | validation AP: 0.2014
Epoch 2/50 | train loss: 0.6362 | validation loss: 0.6682 | validation accuracy: 0.6879 | validation AP: 0.1928
Epoch 3/50 | train loss: 0.6177 | validation loss: 0.6504 | validation accuracy: 0.7712 | validation AP: 0.3037
Epoch 4/50 | train loss: 0.6034 | validation loss: 0.6703 | validation accuracy: 0.6536 | validation AP: 0.1872
Epoch 5/50 | train loss: 0.5986 | validation loss: 0.6122 | validation accuracy: 0.6774 | validation AP: 0.2666
Epoch 6/50 | train loss: 0.5853 | validation loss: 0.639 | validation accuracy: 0.7201 | validation AP: 0.2705
Epoch 7/50 | train loss: 0.5816 | validation loss: 0.7004 | validation accuracy: 0.7264 | validation AP: 0.2451
Stopping at epoch 7: validation AP has not improved for 4 epochs.
Best epoch: 3 | validation AP: 0.3037 | epochs run: 7

Validation classification report:
              precision    recall  f1-score   support

  disengaged     0.2568    0.5120    0.3421       166
     engaged     0.9262    0.8052    0.8615      1263

    accuracy                         0.7712      1429
   macro avg     0.5915    0.6586    0.6018      1429
weighted avg     0.8485    0.7712    0.8012      1429

Confusion matrix (rows: actual, columns: predicted):
[[  85   81]
 [ 246 1017]]
Epoch 1/50 | train loss: 0.6636 | validation loss: 0.6969 | validation accuracy: 0.6956 | validation AP: 0.1801
Epoch 2/50 | train loss: 0.6304 | validation loss: 0.7041 | validation accuracy: 0.7782 | validation AP: 0.2223
Epoch 3/50 | train loss: 0.6116 | validation loss: 0.6637 | validation accuracy: 0.7712 | validation AP: 0.2671
Epoch 4/50 | train loss: 0.6065 | validation loss: 0.7085 | validation accuracy: 0.8209 | validation AP: 0.2641
Epoch 5/50 | train loss: 0.5894 | validation loss: 0.6546 | validation accuracy: 0.7761 | validation AP: 0.285
Epoch 6/50 | train loss: 0.5838 | validation loss: 0.7422 | validation accuracy: 0.8279 | validation AP: 0.2907
Epoch 7/50 | train loss: 0.5709 | validation loss: 0.7342 | validation accuracy: 0.8083 | validation AP: 0.3087
Epoch 8/50 | train loss: 0.5677 | validation loss: 0.6998 | validation accuracy: 0.7957 | validation AP: 0.3073
Epoch 9/50 | train loss: 0.5769 | validation loss: 0.6988 | validation accuracy: 0.7908 | validation AP: 0.268
Epoch 10/50 | train loss: 0.5703 | validation loss: 0.6896 | validation accuracy: 0.7523 | validation AP: 0.2578
Epoch 11/50 | train loss: 0.5713 | validation loss: 0.7572 | validation accuracy: 0.795 | validation AP: 0.2339
Stopping at epoch 11: validation AP has not improved for 4 epochs.
Best epoch: 7 | validation AP: 0.3087 | epochs run: 11

Validation classification report:
              precision    recall  f1-score   support

  disengaged     0.2787    0.4096    0.3317       166
     engaged     0.9173    0.8606    0.8881      1263

    accuracy                         0.8083      1429
   macro avg     0.5980    0.6351    0.6099      1429
weighted avg     0.8431    0.8083    0.8234      1429

Confusion matrix (rows: actual, columns: predicted):
[[  68   98]
 [ 176 1087]]
Epoch 1/50 | train loss: 0.6648 | validation loss: 0.6984 | validation accuracy: 0.711 | validation AP: 0.1919
Epoch 2/50 | train loss: 0.6324 | validation loss: 0.6261 | validation accuracy: 0.6816 | validation AP: 0.2473
Epoch 3/50 | train loss: 0.6288 | validation loss: 0.6842 | validation accuracy: 0.781 | validation AP: 0.2342
Epoch 4/50 | train loss: 0.6012 | validation loss: 0.6591 | validation accuracy: 0.7705 | validation AP: 0.2705
Epoch 5/50 | train loss: 0.6025 | validation loss: 0.6834 | validation accuracy: 0.8153 | validation AP: 0.2706
Epoch 6/50 | train loss: 0.5902 | validation loss: 0.648 | validation accuracy: 0.7586 | validation AP: 0.2735
Epoch 7/50 | train loss: 0.5811 | validation loss: 0.6977 | validation accuracy: 0.8034 | validation AP: 0.3082
Epoch 8/50 | train loss: 0.5828 | validation loss: 0.6831 | validation accuracy: 0.7803 | validation AP: 0.2945
Epoch 9/50 | train loss: 0.5727 | validation loss: 0.6793 | validation accuracy: 0.7544 | validation AP: 0.2488
Epoch 10/50 | train loss: 0.5746 | validation loss: 0.684 | validation accuracy: 0.7299 | validation AP: 0.2183
Epoch 11/50 | train loss: 0.5623 | validation loss: 0.783 | validation accuracy: 0.8153 | validation AP: 0.2587
Stopping at epoch 11: validation AP has not improved for 4 epochs.
Best epoch: 7 | validation AP: 0.3082 | epochs run: 11

Validation classification report:[I 2026-10-09 02:22:29,774] Trial 13 finished with value: 0.3041365932735773 and parameters: {'hidden_size': 34, 'num_layers': 3, 'dropout': 0.5, 'learning_rate': 0.001204075864050673, 'batch_size': 32}. Best is trial 13 with value: 0.3041365932735773.

              precision    recall  f1-score   support

  disengaged     0.2672    0.3976    0.3196       166
     engaged     0.9154    0.8567    0.8851      1263

    accuracy                         0.8034      1429
   macro avg     0.5913    0.6271    0.6023      1429
weighted avg     0.8401    0.8034    0.8194      1429

Confusion matrix (rows: actual, columns: predicted):
[[  66  100]
 [ 181 1082]]
Epoch 1/50 | train loss: 0.6642 | validation loss: 0.7405 | validation accuracy: 0.7775 | validation AP: 0.1753
Epoch 2/50 | train loss: 0.6343 | validation loss: 0.7111 | validation accuracy: 0.6711 | validation AP: 0.1763
Epoch 3/50 | train loss: 0.6161 | validation loss: 0.701 | validation accuracy: 0.7971 | validation AP: 0.2343
Epoch 4/50 | train loss: 0.5956 | validation loss: 0.699 | validation accuracy: 0.704 | validation AP: 0.1983
Epoch 5/50 | train loss: 0.5889 | validation loss: 0.6661 | validation accuracy: 0.7628 | validation AP: 0.2873
Epoch 6/50 | train loss: 0.5902 | validation loss: 0.6574 | validation accuracy: 0.7635 | validation AP: 0.29
Epoch 7/50 | train loss: 0.5805 | validation loss: 0.7291 | validation accuracy: 0.7915 | validation AP: 0.2526
Epoch 8/50 | train loss: 0.5737 | validation loss: 0.7008 | validation accuracy: 0.7789 | validation AP: 0.2753
Epoch 9/50 | train loss: 0.5649 | validation loss: 0.805 | validation accuracy: 0.8209 | validation AP: 0.2862
Epoch 10/50 | train loss: 0.5769 | validation loss: 0.7257 | validation accuracy: 0.8027 | validation AP: 0.2956
Epoch 11/50 | train loss: 0.5673 | validation loss: 0.7478 | validation accuracy: 0.7922 | validation AP: 0.28
Epoch 12/50 | train loss: 0.5588 | validation loss: 0.7796 | validation accuracy: 0.7873 | validation AP: 0.2654
Epoch 13/50 | train loss: 0.548 | validation loss: 0.8114 | validation accuracy: 0.7789 | validation AP: 0.247
Epoch 14/50 | train loss: 0.545 | validation loss: 0.7337 | validation accuracy: 0.7775 | validation AP: 0.2596
Stopping at epoch 14: validation AP has not improved for 4 epochs.
Best epoch: 10 | validation AP: 0.2956 | epochs run: 14

Validation classification report:
              precision    recall  f1-score   support

  disengaged     0.2698    0.4096    0.3254       166
     engaged     0.9167    0.8543    0.8844      1263

    accuracy                         0.8027      1429
   macro avg     0.5933    0.6320    0.6049      1429
weighted avg     0.8416    0.8027    0.8195      1429

Confusion matrix (rows: actual, columns: predicted):
[[  68   98]
 [ 184 1079]]
Epoch 1/50 | train loss: 0.6687 | validation loss: 0.6954 | validation accuracy: 0.7103 | validation AP: 0.1783
Epoch 2/50 | train loss: 0.6287 | validation loss: 0.7103 | validation accuracy: 0.7327 | validation AP: 0.1968
Epoch 3/50 | train loss: 0.6154 | validation loss: 0.6934 | validation accuracy: 0.7411 | validation AP: 0.2126
Epoch 4/50 | train loss: 0.6083 | validation loss: 0.6833 | validation accuracy: 0.7971 | validation AP: 0.2456
Epoch 5/50 | train loss: 0.5958 | validation loss: 0.633 | validation accuracy: 0.7145 | validation AP: 0.2451
Epoch 6/50 | train loss: 0.5861 | validation loss: 0.7009 | validation accuracy: 0.8202 | validation AP: 0.2518
Epoch 7/50 | train loss: 0.5788 | validation loss: 0.669 | validation accuracy: 0.7936 | validation AP: 0.2988
Epoch 8/50 | train loss: 0.5732 | validation loss: 0.6683 | validation accuracy: 0.7719 | validation AP: 0.3039
Epoch 9/50 | train loss: 0.5707 | validation loss: 0.6348 | validation accuracy: 0.7376 | validation AP: 0.2787
Epoch 10/50 | train loss: 0.5704 | validation loss: 0.6407 | validation accuracy: 0.6893 | validation AP: 0.2357
Epoch 11/50 | train loss: 0.564 | validation loss: 0.6917 | validation accuracy: 0.7418 | validation AP: 0.2411
Epoch 12/50 | train loss: 0.5645 | validation loss: 0.6943 | validation accuracy: 0.7453 | validation AP: 0.2363
Stopping at epoch 12: validation AP has not improved for 4 epochs.
Best epoch: 8 | validation AP: 0.3039 | epochs run: 12

Validation classification report:
              precision    recall  f1-score   support

  disengaged     0.2516    0.4880    0.3320       166
     engaged     0.9232    0.8092    0.8624      1263

    accuracy                         0.7719      1429
   macro avg     0.5874    0.6486    0.5972      1429
weighted avg     0.8452    0.7719    0.8008      1429

Confusion matrix (rows: actual, columns: predicted):
[[  81   85]
 [ 241 1022]]
Epoch 1/50 | train loss: 0.6582 | validation loss: 0.6812 | validation accuracy: 0.7544 | validation AP: 0.2061
Epoch 2/50 | train loss: 0.6186 | validation loss: 0.6295 | validation accuracy: 0.7355 | validation AP: 0.2519
Epoch 3/50 | train loss: 0.6128 | validation loss: 0.67 | validation accuracy: 0.795 | validation AP: 0.25
Epoch 4/50 | train loss: 0.5859 | validation loss: 0.6463 | validation accuracy: 0.767 | validation AP: 0.2619
Epoch 5/50 | train loss: 0.5857 | validation loss: 0.6634 | validation accuracy: 0.7796 | validation AP: 0.288
Epoch 6/50 | train loss: 0.5734 | validation loss: 0.6436 | validation accuracy: 0.7306 | validation AP: 0.2458
Epoch 7/50 | train loss: 0.5644 | validation loss: 0.7015 | validation accuracy: 0.7901 | validation AP: 0.2882
Epoch 8/50 | train loss: 0.5669 | validation loss: 0.6998 | validation accuracy: 0.7761 | validation AP: 0.2745
Epoch 9/50 | train loss: 0.5498 | validation loss: 0.6706 | validation accuracy: 0.7418 | validation AP: 0.2355
Epoch 10/50 | train loss: 0.5582 | validation loss: 0.677 | validation accuracy: 0.6802 | validation AP: 0.2205
Epoch 11/50 | train loss: 0.5383 | validation loss: 0.7543 | validation accuracy: 0.7915 | validation AP: 0.2443
Stopping at epoch 11: validation AP has not improved for 4 epochs.
Best epoch: 7 | validation AP: 0.2882 | epochs run: 11

Validation classification report:
              precision    recall  f1-score   support

  disengaged     0.2690    0.4699    0.3421       166
     engaged     0.9227    0.8321    0.8751      1263

    accuracy                         0.7901      1429
   macro avg     0.5959    0.6510    0.6086      1429
weighted avg     0.8468    0.7901    0.8132      1429

Confusion matrix (rows: actual, columns: predicted):
[[  78   88]
 [ 212 1051]]
Epoch 1/50 | train loss: 0.6603 | validation loss: 0.7203 | validation accuracy: 0.7565 | validation AP: 0.1858
Epoch 2/50 | train loss: 0.626 | validation loss: 0.6826 | validation accuracy: 0.7047 | validation AP: 0.1903
Epoch 3/50 | train loss: 0.6107 | validation loss: 0.6913 | validation accuracy: 0.7719 | validation AP: 0.2287
Epoch 4/50 | train loss: 0.6013 | validation loss: 0.6618 | validation accuracy: 0.7159 | validation AP: 0.2159
Epoch 5/50 | train loss: 0.5976 | validation loss: 0.6376 | validation accuracy: 0.7145 | validation AP: 0.2362
Epoch 6/50 | train loss: 0.5897 | validation loss: 0.6454 | validation accuracy: 0.6893 | validation AP: 0.2267
Epoch 7/50 | train loss: 0.5742 | validation loss: 0.6563 | validation accuracy: 0.7201 | validation AP: 0.2646
Epoch 8/50 | train loss: 0.5647 | validation loss: 0.6424 | validation accuracy: 0.7355 | validation AP: 0.2961
Epoch 9/50 | train loss: 0.5601 | validation loss: 0.7214 | validation accuracy: 0.7992 | validation AP: 0.2876
Epoch 10/50 | train loss: 0.5688 | validation loss: 0.6634 | validation accuracy: 0.7775 | validation AP: 0.3015
Epoch 11/50 | train loss: 0.5662 | validation loss: 0.6876 | validation accuracy: 0.7789 | validation AP: 0.2778
Epoch 12/50 | train loss: 0.5457 | validation loss: 0.7157 | validation accuracy: 0.7649 | validation AP: 0.26
Epoch 13/50 | train loss: 0.5366 | validation loss: 0.7511 | validation accuracy: 0.7446 | validation AP: 0.2645
Epoch 14/50 | train loss: 0.5409 | validation loss: 0.6675 | validation accuracy: 0.6424 | validation AP: 0.2625
Stopping at epoch 14: validation AP has not improved for 4 epochs.
Best epoch: 10 | validation AP: 0.3015 | epochs run: 14

Validation classification report:
              precision    recall  f1-score   support

  disengaged     0.2516    0.4639    0.3263       166
     engaged     0.9207    0.8187    0.8667      1263

    accuracy                         0.7775      1429
   macro avg     0.5862    0.6413    0.5965      1429
weighted avg     0.8430    0.7775    0.8039      1429
[I 2026-10-09 02:23:46,672] Trial 14 finished with value: 0.29788268301846516 and parameters: {'hidden_size': 25, 'num_layers': 3, 'dropout': 0.1, 'learning_rate': 0.0009549583964302579, 'batch_size': 32}. Best is trial 13 with value: 0.3041365932735773.
[I 2026-10-09 02:24:33,603] Trial 15 finished with value: 0.2806658820838769 and parameters: {'hidden_size': 37, 'num_layers': 2, 'dropout': 0.5, 'learning_rate': 0.0023330897230925806, 'batch_size': 32}. Best is trial 13 with value: 0.3041365932735773.

Confusion matrix (rows: actual, columns: predicted):
[[  77   89]
 [ 229 1034]]
Epoch 1/50 | train loss: 0.6515 | validation loss: 0.6883 | validation accuracy: 0.739 | validation AP: 0.1898
Epoch 2/50 | train loss: 0.6248 | validation loss: 0.7164 | validation accuracy: 0.8279 | validation AP: 0.2655
Epoch 3/50 | train loss: 0.6097 | validation loss: 0.6618 | validation accuracy: 0.76 | validation AP: 0.2746
Epoch 4/50 | train loss: 0.6065 | validation loss: 0.7212 | validation accuracy: 0.8209 | validation AP: 0.2706
Epoch 5/50 | train loss: 0.5981 | validation loss: 0.644 | validation accuracy: 0.7593 | validation AP: 0.2819
Epoch 6/50 | train loss: 0.5764 | validation loss: 0.799 | validation accuracy: 0.8321 | validation AP: 0.2578
Epoch 7/50 | train loss: 0.5755 | validation loss: 0.6923 | validation accuracy: 0.7964 | validation AP: 0.2998
Epoch 8/50 | train loss: 0.5606 | validation loss: 0.7386 | validation accuracy: 0.8013 | validation AP: 0.2854
Epoch 9/50 | train loss: 0.5539 | validation loss: 0.6818 | validation accuracy: 0.7712 | validation AP: 0.2443
Epoch 10/50 | train loss: 0.5603 | validation loss: 0.6648 | validation accuracy: 0.7278 | validation AP: 0.2369
Epoch 11/50 | train loss: 0.559 | validation loss: 0.7722 | validation accuracy: 0.8125 | validation AP: 0.2393
Stopping at epoch 11: validation AP has not improved for 4 epochs.
Best epoch: 7 | validation AP: 0.2998 | epochs run: 11

Validation classification report:
              precision    recall  f1-score   support

  disengaged     0.2807    0.4819    0.3548       166
     engaged     0.9248    0.8377    0.8791      1263

    accuracy                         0.7964      1429
   macro avg     0.6028    0.6598    0.6169      1429
weighted avg     0.8500    0.7964    0.8182      1429

Confusion matrix (rows: actual, columns: predicted):
[[  80   86]
 [ 205 1058]]
Epoch 1/50 | train loss: 0.6447 | validation loss: 0.6658 | validation accuracy: 0.7628 | validation AP: 0.2381
Epoch 2/50 | train loss: 0.6229 | validation loss: 0.6482 | validation accuracy: 0.683 | validation AP: 0.2598
Epoch 3/50 | train loss: 0.6205 | validation loss: 0.6621 | validation accuracy: 0.7852 | validation AP: 0.2732
Epoch 4/50 | train loss: 0.5876 | validation loss: 0.7255 | validation accuracy: 0.7978 | validation AP: 0.2496
Epoch 5/50 | train loss: 0.5735 | validation loss: 0.7491 | validation accuracy: 0.8118 | validation AP: 0.2688
Epoch 6/50 | train loss: 0.5759 | validation loss: 0.6979 | validation accuracy: 0.7446 | validation AP: 0.2316
Epoch 7/50 | train loss: 0.5653 | validation loss: 0.7193 | validation accuracy: 0.7999 | validation AP: 0.261
Stopping at epoch 7: validation AP has not improved for 4 epochs.
Best epoch: 3 | validation AP: 0.2732 | epochs run: 7

Validation classification report:
              precision    recall  f1-score   support

  disengaged     0.2473    0.4157    0.3101       166
     engaged     0.9157    0.8337    0.8728      1263

    accuracy                         0.7852      1429
   macro avg     0.5815    0.6247    0.5914      1429
weighted avg     0.8380    0.7852    0.8074      1429

Confusion matrix (rows: actual, columns: predicted):
[[  69   97]
 [ 210 1053]]
Epoch 1/50 | train loss: 0.6636 | validation loss: 0.7286 | validation accuracy: 0.8216 | validation AP: 0.2163
Epoch 2/50 | train loss: 0.6225 | validation loss: 0.694 | validation accuracy: 0.7152 | validation AP: 0.199
Epoch 3/50 | train loss: 0.612 | validation loss: 0.6962 | validation accuracy: 0.8048 | validation AP: 0.269
Epoch 4/50 | train loss: 0.5903 | validation loss: 0.666 | validation accuracy: 0.6207 | validation AP: 0.1775
Epoch 5/50 | train loss: 0.5966 | validation loss: 0.6373 | validation accuracy: 0.7096 | validation AP: 0.2565
Epoch 6/50 | train loss: 0.5761 | validation loss: 0.6859 | validation accuracy: 0.7775 | validation AP: 0.2439
Epoch 7/50 | train loss: 0.5721 | validation loss: 0.7123 | validation accuracy: 0.7691 | validation AP: 0.2403
Stopping at epoch 7: validation AP has not improved for 4 epochs.
Best epoch: 3 | validation AP: 0.269 | epochs run: 7

Validation classification report:
              precision    recall  f1-score   support

  disengaged     0.2596    0.3675    0.3042       166
     engaged     0.9121    0.8622    0.8864      1263

    accuracy                         0.8048      1429
   macro avg     0.5858    0.6149    0.5953      1429
weighted avg     0.8363    0.8048    0.8188      1429

Confusion matrix (rows: actual, columns: predicted):
[[  61  105]
 [ 174 1089]]
Epoch 1/50 | train loss: 0.6598 | validation loss: 0.6694 | validation accuracy: 0.7432 | validation AP: 0.209
Epoch 2/50 | train loss: 0.6282 | validation loss: 0.688 | validation accuracy: 0.8062 | validation AP: 0.2672
Epoch 3/50 | train loss: 0.6102 | validation loss: 0.658 | validation accuracy: 0.7586 | validation AP: 0.2793
Epoch 4/50 | train loss: 0.6041 | validation loss: 0.6861 | validation accuracy: 0.7887 | validation AP: 0.2751
Epoch 5/50 | train loss: 0.5925 | validation loss: 0.6783 | validation accuracy: 0.7943 | validation AP: 0.2784
Epoch 6/50 | train loss: 0.5816 | validation loss: 0.7824 | validation accuracy: 0.8341 | validation AP: 0.2691
Epoch 7/50 | train loss: 0.5864 | validation loss: 0.7006 | validation accuracy: 0.8111 | validation AP: 0.291
Epoch 8/50 | train loss: 0.5754 | validation loss: 0.685 | validation accuracy: 0.7964 | validation AP: 0.3038
Epoch 9/50 | train loss: 0.5718 | validation loss: 0.6984 | validation accuracy: 0.7768 | validation AP: 0.2599
Epoch 10/50 | train loss: 0.5802 | validation loss: 0.6793 | validation accuracy: 0.7516 | validation AP: 0.2602
Epoch 11/50 | train loss: 0.5759 | validation loss: 0.7461 | validation accuracy: 0.8132 | validation AP: 0.2443
Epoch 12/50 | train loss: 0.5633 | validation loss: 0.7161 | validation accuracy: 0.7642 | validation AP: 0.2457
Stopping at epoch 12: validation AP has not improved for 4 epochs.
Best epoch: 8 | validation AP: 0.3038 | epochs run: 12

Validation classification report:
              precision    recall  f1-score   support

  disengaged     0.2867    0.5060    0.3660       166
     engaged     0.9278    0.8345    0.8787      1263

    accuracy                         0.7964      1429
   macro avg     0.6073    0.6703    0.6224      1429
weighted avg     0.8533    0.7964    0.8191      1429

Confusion matrix (rows: actual, columns: predicted):
[[  84   82]
 [ 209 1054]]
Epoch 1/50 | train loss: 0.6501 | validation loss: 0.6789 | validation accuracy: 0.7439 | validation AP: 0.202
Epoch 2/50 | train loss: 0.6211 | validation loss: 0.6333 | validation accuracy: 0.7103 | validation AP: 0.2337
Epoch 3/50 | train loss: 0.6173 | validation loss: 0.6608 | validation accuracy: 0.7579 | validation AP: 0.2641
Epoch 4/50 | train loss: 0.593 | validation loss: 0.7232 | validation accuracy: 0.7488 | validation AP: 0.2195
Epoch 5/50 | train loss: 0.5864 | validation loss: 0.6854 | validation accuracy: 0.788 | validation AP: 0.2867
Epoch 6/50 | train loss: 0.5716 | validation loss: 0.695 | validation accuracy: 0.7586 | validation AP: 0.2615
Epoch 7/50 | train loss: 0.574 | validation loss: 0.6857 | validation accuracy: 0.7789 | validation AP: 0.2981
Epoch 8/50 | train loss: 0.5702 | validation loss: 0.7907 | validation accuracy: 0.8314 | validation AP: 0.2625
Epoch 9/50 | train loss: 0.5566 | validation loss: 0.7603 | validation accuracy: 0.76 | validation AP: 0.2269
Epoch 10/50 | train loss: 0.5674 | validation loss: 0.7039 | validation accuracy: 0.7579 | validation AP: 0.2365
Epoch 11/50 | train loss: 0.55 | validation loss: 0.7792 | validation accuracy: 0.7782 | validation AP: 0.2175
Stopping at epoch 11: validation AP has not improved for 4 epochs.
Best epoch: 7 | validation AP: 0.2981 | epochs run: 11

Validation classification report:
              precision    recall  f1-score   support

  disengaged     0.2611    0.4940    0.3417       166
     engaged     0.9247    0.8163    0.8671      1263

    accuracy                         0.7789      1429
   macro avg     0.5929    0.6551    0.6044      1429
weighted avg     0.8476    0.7789    0.8061      1429

Confusion matrix (rows: actual, columns: predicted):[I 2026-10-09 02:25:42,175] Trial 16 finished with value: 0.30313936988400775 and parameters: {'hidden_size': 56, 'num_layers': 3, 'dropout': 0.5, 'learning_rate': 0.0011098348702175483, 'batch_size': 32}. Best is trial 13 with value: 0.3041365932735773.
[I 2026-10-09 02:26:34,547] Trial 17 finished with value: 0.29625614120220495 and parameters: {'hidden_size': 47, 'num_layers': 3, 'dropout': 0.0, 'learning_rate': 0.0014639498587350295, 'batch_size': 32}. Best is trial 13 with value: 0.3041365932735773.

[[  82   84]
 [ 232 1031]]
Epoch 1/50 | train loss: 0.6608 | validation loss: 0.6912 | validation accuracy: 0.7859 | validation AP: 0.2517
Epoch 2/50 | train loss: 0.6348 | validation loss: 0.662 | validation accuracy: 0.7103 | validation AP: 0.2043
Epoch 3/50 | train loss: 0.6198 | validation loss: 0.6976 | validation accuracy: 0.802 | validation AP: 0.2959
Epoch 4/50 | train loss: 0.6091 | validation loss: 0.6707 | validation accuracy: 0.7096 | validation AP: 0.1974
Epoch 5/50 | train loss: 0.5985 | validation loss: 0.6158 | validation accuracy: 0.7383 | validation AP: 0.2988
Epoch 6/50 | train loss: 0.5962 | validation loss: 0.627 | validation accuracy: 0.6788 | validation AP: 0.2687
Epoch 7/50 | train loss: 0.5863 | validation loss: 0.6887 | validation accuracy: 0.7579 | validation AP: 0.2549
Epoch 8/50 | train loss: 0.5735 | validation loss: 0.6691 | validation accuracy: 0.7439 | validation AP: 0.2733
Epoch 9/50 | train loss: 0.5668 | validation loss: 0.708 | validation accuracy: 0.802 | validation AP: 0.3075
Epoch 10/50 | train loss: 0.5812 | validation loss: 0.6691 | validation accuracy: 0.7838 | validation AP: 0.2989
Epoch 11/50 | train loss: 0.5695 | validation loss: 0.7291 | validation accuracy: 0.795 | validation AP: 0.2817
Epoch 12/50 | train loss: 0.5433 | validation loss: 0.7917 | validation accuracy: 0.7992 | validation AP: 0.2882
Epoch 13/50 | train loss: 0.546 | validation loss: 0.7988 | validation accuracy: 0.7929 | validation AP: 0.2955
Stopping at epoch 13: validation AP has not improved for 4 epochs.
Best epoch: 9 | validation AP: 0.3075 | epochs run: 13

Validation classification report:
              precision    recall  f1-score   support

  disengaged     0.2825    0.4578    0.3494       166
     engaged     0.9224    0.8472    0.8832      1263

    accuracy                         0.8020      1429
   macro avg     0.6025    0.6525    0.6163      1429
weighted avg     0.8481    0.8020    0.8212      1429

Confusion matrix (rows: actual, columns: predicted):
[[  76   90]
 [ 193 1070]]
Epoch 1/50 | train loss: 0.6495 | validation loss: 0.6924 | validation accuracy: 0.6921 | validation AP: 0.1781
Epoch 2/50 | train loss: 0.6268 | validation loss: 0.6924 | validation accuracy: 0.7831 | validation AP: 0.2303
Epoch 3/50 | train loss: 0.6069 | validation loss: 0.6334 | validation accuracy: 0.7509 | validation AP: 0.2989
Epoch 4/50 | train loss: 0.5992 | validation loss: 0.6773 | validation accuracy: 0.7768 | validation AP: 0.2739
Epoch 5/50 | train loss: 0.5858 | validation loss: 0.637 | validation accuracy: 0.7635 | validation AP: 0.2942
Epoch 6/50 | train loss: 0.5799 | validation loss: 0.7176 | validation accuracy: 0.8153 | validation AP: 0.2885
Epoch 7/50 | train loss: 0.5691 | validation loss: 0.6915 | validation accuracy: 0.7691 | validation AP: 0.2908
Stopping at epoch 7: validation AP has not improved for 4 epochs.
Best epoch: 3 | validation AP: 0.2989 | epochs run: 7

Validation classification report:
              precision    recall  f1-score   support

  disengaged     0.2539    0.5904    0.3551       166
     engaged     0.9348    0.7720    0.8456      1263

    accuracy                         0.7509      1429
   macro avg     0.5943    0.6812    0.6003      1429
weighted avg     0.8557    0.7509    0.7886      1429

Confusion matrix (rows: actual, columns: predicted):
[[ 98  68]
 [288 975]]
Epoch 1/50 | train loss: 0.6427 | validation loss: 0.6836 | validation accuracy: 0.8027 | validation AP: 0.2452
Epoch 2/50 | train loss: 0.618 | validation loss: 0.6292 | validation accuracy: 0.711 | validation AP: 0.2627
Epoch 3/50 | train loss: 0.6108 | validation loss: 0.6697 | validation accuracy: 0.8069 | validation AP: 0.2822
Epoch 4/50 | train loss: 0.5833 | validation loss: 0.6917 | validation accuracy: 0.7614 | validation AP: 0.2428
Epoch 5/50 | train loss: 0.5747 | validation loss: 0.6589 | validation accuracy: 0.7838 | validation AP: 0.2943
Epoch 6/50 | train loss: 0.5651 | validation loss: 0.6729 | validation accuracy: 0.7208 | validation AP: 0.2279
Epoch 7/50 | train loss: 0.5637 | validation loss: 0.6587 | validation accuracy: 0.7789 | validation AP: 0.2968
Epoch 8/50 | train loss: 0.5534 | validation loss: 0.6947 | validation accuracy: 0.7845 | validation AP: 0.2897
Epoch 9/50 | train loss: 0.5386 | validation loss: 0.727 | validation accuracy: 0.7383 | validation AP: 0.2556
Epoch 10/50 | train loss: 0.5424 | validation loss: 0.6713 | validation accuracy: 0.732 | validation AP: 0.2441
Epoch 11/50 | train loss: 0.5257 | validation loss: 0.7854 | validation accuracy: 0.7152 | validation AP: 0.2106
Stopping at epoch 11: validation AP has not improved for 4 epochs.
Best epoch: 7 | validation AP: 0.2968 | epochs run: 11

Validation classification report:
              precision    recall  f1-score   support

  disengaged     0.2517    0.4578    0.3248       166
     engaged     0.9201    0.8211    0.8678      1263

    accuracy                         0.7789      1429
   macro avg     0.5859    0.6394    0.5963      1429
weighted avg     0.8425    0.7789    0.8047      1429

Confusion matrix (rows: actual, columns: predicted):
[[  76   90]
 [ 226 1037]]
Epoch 1/50 | train loss: 0.6615 | validation loss: 0.7231 | validation accuracy: 0.8146 | validation AP: 0.2122
Epoch 2/50 | train loss: 0.6321 | validation loss: 0.6722 | validation accuracy: 0.6522 | validation AP: 0.1884
Epoch 3/50 | train loss: 0.6142 | validation loss: 0.6804 | validation accuracy: 0.7943 | validation AP: 0.2607
Epoch 4/50 | train loss: 0.6058 | validation loss: 0.6751 | validation accuracy: 0.7579 | validation AP: 0.2309
Epoch 5/50 | train loss: 0.5965 | validation loss: 0.6309 | validation accuracy: 0.7285 | validation AP: 0.2931
Epoch 6/50 | train loss: 0.5801 | validation loss: 0.6777 | validation accuracy: 0.7194 | validation AP: 0.2189
Epoch 7/50 | train loss: 0.5793 | validation loss: 0.6882 | validation accuracy: 0.7103 | validation AP: 0.2402
Epoch 8/50 | train loss: 0.5675 | validation loss: 0.6916 | validation accuracy: 0.7467 | validation AP: 0.2512
Epoch 9/50 | train loss: 0.5562 | validation loss: 0.7318 | validation accuracy: 0.7957 | validation AP: 0.2752
Stopping at epoch 9: validation AP has not improved for 4 epochs.
Best epoch: 5 | validation AP: 0.2931 | epochs run: 9

Validation classification report:
              precision    recall  f1-score   support

  disengaged     0.2357    0.5964    0.3379       166
     engaged     0.9336    0.7458    0.8292      1263

    accuracy                         0.7285      1429
   macro avg     0.5847    0.6711    0.5836      1429
weighted avg     0.8525    0.7285    0.7721      1429

Confusion matrix (rows: actual, columns: predicted):
[[ 99  67]
 [321 942]]
Epoch 1/50 | train loss: 0.6767 | validation loss: 0.7052 | validation accuracy: 0.8565 | validation AP: 0.2024
Epoch 2/50 | train loss: 0.6432 | validation loss: 0.6714 | validation accuracy: 0.7047 | validation AP: 0.2046
Epoch 3/50 | train loss: 0.6156 | validation loss: 0.6665 | validation accuracy: 0.7005 | validation AP: 0.2188
Epoch 4/50 | train loss: 0.611 | validation loss: 0.6821 | validation accuracy: 0.7558 | validation AP: 0.2376
Epoch 5/50 | train loss: 0.6106 | validation loss: 0.6852 | validation accuracy: 0.7775 | validation AP: 0.2269
Epoch 6/50 | train loss: 0.598 | validation loss: 0.6678 | validation accuracy: 0.7642 | validation AP: 0.2361
Epoch 7/50 | train loss: 0.5871 | validation loss: 0.6692 | validation accuracy: 0.7901 | validation AP: 0.2663
Epoch 8/50 | train loss: 0.5825 | validation loss: 0.6718 | validation accuracy: 0.7978 | validation AP: 0.2929
Epoch 9/50 | train loss: 0.576 | validation loss: 0.6702 | validation accuracy: 0.7677 | validation AP: 0.2709
Epoch 10/50 | train loss: 0.5839 | validation loss: 0.6506 | validation accuracy: 0.7516 | validation AP: 0.2647
Epoch 11/50 | train loss: 0.5773 | validation loss: 0.6918 | validation accuracy: 0.7803 | validation AP: 0.2536
Epoch 12/50 | train loss: 0.571 | validation loss: 0.6829 | validation accuracy: 0.7621 | validation AP: 0.2554
Stopping at epoch 12: validation AP has not improved for 4 epochs.
Best epoch: 8 | validation AP: 0.2929 | epochs run: 12[I 2026-10-09 02:27:40,428] Trial 18 finished with value: 0.29306337139262334 and parameters: {'hidden_size': 57, 'num_layers': 2, 'dropout': 0.5, 'learning_rate': 0.00024673945954618355, 'batch_size': 32}. Best is trial 13 with value: 0.3041365932735773.


Validation classification report:
              precision    recall  f1-score   support

  disengaged     0.2872    0.5000    0.3648       166
     engaged     0.9272    0.8369    0.8797      1263

    accuracy                         0.7978      1429
   macro avg     0.6072    0.6684    0.6223      1429
weighted avg     0.8528    0.7978    0.8199      1429

Confusion matrix (rows: actual, columns: predicted):
[[  83   83]
 [ 206 1057]]
Epoch 1/50 | train loss: 0.6793 | validation loss: 0.6967 | validation accuracy: 0.7873 | validation AP: 0.1709
Epoch 2/50 | train loss: 0.6371 | validation loss: 0.6691 | validation accuracy: 0.7229 | validation AP: 0.1979
Epoch 3/50 | train loss: 0.6212 | validation loss: 0.6902 | validation accuracy: 0.7705 | validation AP: 0.2058
Epoch 4/50 | train loss: 0.604 | validation loss: 0.6605 | validation accuracy: 0.7411 | validation AP: 0.2269
Epoch 5/50 | train loss: 0.6085 | validation loss: 0.6565 | validation accuracy: 0.7502 | validation AP: 0.2335
Epoch 6/50 | train loss: 0.5865 | validation loss: 0.6827 | validation accuracy: 0.7936 | validation AP: 0.2412
Epoch 7/50 | train loss: 0.5867 | validation loss: 0.6717 | validation accuracy: 0.7999 | validation AP: 0.2875
Epoch 8/50 | train loss: 0.5781 | validation loss: 0.7193 | validation accuracy: 0.7985 | validation AP: 0.2558
Epoch 9/50 | train loss: 0.5707 | validation loss: 0.6383 | validation accuracy: 0.7278 | validation AP: 0.2527
Epoch 10/50 | train loss: 0.5836 | validation loss: 0.6712 | validation accuracy: 0.7523 | validation AP: 0.2519
Epoch 11/50 | train loss: 0.5677 | validation loss: 0.698 | validation accuracy: 0.7712 | validation AP: 0.2518
Stopping at epoch 11: validation AP has not improved for 4 epochs.
Best epoch: 7 | validation AP: 0.2875 | epochs run: 11

Validation classification report:
              precision    recall  f1-score   support

  disengaged     0.2727    0.4337    0.3349       166
     engaged     0.9193    0.8480    0.8822      1263

    accuracy                         0.7999      1429
   macro avg     0.5960    0.6409    0.6085      1429
weighted avg     0.8442    0.7999    0.8186      1429

Confusion matrix (rows: actual, columns: predicted):
[[  72   94]
 [ 192 1071]]
Epoch 1/50 | train loss: 0.6855 | validation loss: 0.7164 | validation accuracy: 0.8558 | validation AP: 0.1916
Epoch 2/50 | train loss: 0.6528 | validation loss: 0.6664 | validation accuracy: 0.7292 | validation AP: 0.2028
Epoch 3/50 | train loss: 0.621 | validation loss: 0.6832 | validation accuracy: 0.753 | validation AP: 0.2309
Epoch 4/50 | train loss: 0.6103 | validation loss: 0.6789 | validation accuracy: 0.7642 | validation AP: 0.2368
Epoch 5/50 | train loss: 0.6074 | validation loss: 0.6423 | validation accuracy: 0.746 | validation AP: 0.2624
Epoch 6/50 | train loss: 0.6049 | validation loss: 0.6381 | validation accuracy: 0.7341 | validation AP: 0.2599
Epoch 7/50 | train loss: 0.6006 | validation loss: 0.6568 | validation accuracy: 0.7698 | validation AP: 0.2766
Epoch 8/50 | train loss: 0.5875 | validation loss: 0.6306 | validation accuracy: 0.725 | validation AP: 0.2752
Epoch 9/50 | train loss: 0.578 | validation loss: 0.6758 | validation accuracy: 0.7929 | validation AP: 0.2755
Epoch 10/50 | train loss: 0.5907 | validation loss: 0.6433 | validation accuracy: 0.7649 | validation AP: 0.2988
Epoch 11/50 | train loss: 0.5877 | validation loss: 0.6342 | validation accuracy: 0.7404 | validation AP: 0.2894
Epoch 12/50 | train loss: 0.5723 | validation loss: 0.6556 | validation accuracy: 0.7572 | validation AP: 0.2719
Epoch 13/50 | train loss: 0.5686 | validation loss: 0.68 | validation accuracy: 0.7775 | validation AP: 0.2797
Epoch 14/50 | train loss: 0.5711 | validation loss: 0.6405 | validation accuracy: 0.7187 | validation AP: 0.2757
Stopping at epoch 14: validation AP has not improved for 4 epochs.
Best epoch: 10 | validation AP: 0.2988 | epochs run: 14

Validation classification report:
              precision    recall  f1-score   support

  disengaged     0.2571    0.5422    0.3488       166
     engaged     0.9296    0.7941    0.8565      1263

    accuracy                         0.7649      1429
   macro avg     0.5934    0.6682    0.6027      1429
weighted avg     0.8515    0.7649    0.7976      1429

Confusion matrix (rows: actual, columns: predicted):
[[  90   76]
 [ 260 1003]]
Epoch 1/50 | train loss: 0.624 | validation loss: 0.7032 | validation accuracy: 0.788 | validation AP: 0.1923
Epoch 2/50 | train loss: 0.5827 | validation loss: 0.7985 | validation accuracy: 0.8712 | validation AP: 0.2677
Epoch 3/50 | train loss: 0.5811 | validation loss: 0.709 | validation accuracy: 0.8265 | validation AP: 0.2897
Epoch 4/50 | train loss: 0.5872 | validation loss: 0.6979 | validation accuracy: 0.8516 | validation AP: 0.2869
Epoch 5/50 | train loss: 0.5677 | validation loss: 0.6872 | validation accuracy: 0.8439 | validation AP: 0.3018
Epoch 6/50 | train loss: 0.5431 | validation loss: 0.8591 | validation accuracy: 0.8649 | validation AP: 0.2742
Epoch 7/50 | train loss: 0.5501 | validation loss: 0.6689 | validation accuracy: 0.7964 | validation AP: 0.2781
Epoch 8/50 | train loss: 0.5303 | validation loss: 0.855 | validation accuracy: 0.8523 | validation AP: 0.2831
Epoch 9/50 | train loss: 0.5389 | validation loss: 0.6777 | validation accuracy: 0.7698 | validation AP: 0.235
Stopping at epoch 9: validation AP has not improved for 4 epochs.
Best epoch: 5 | validation AP: 0.3018 | epochs run: 9

Validation classification report:
              precision    recall  f1-score   support

  disengaged     0.3113    0.2831    0.2965       166
     engaged     0.9069    0.9177    0.9122      1263

    accuracy                         0.8439      1429
   macro avg     0.6091    0.6004    0.6044      1429
weighted avg     0.8377    0.8439    0.8407      1429

Confusion matrix (rows: actual, columns: predicted):
[[  47  119]
 [ 104 1159]]
Epoch 1/50 | train loss: 0.6293 | validation loss: 0.7741 | validation accuracy: 0.8348 | validation AP: 0.1709
Epoch 2/50 | train loss: 0.5932 | validation loss: 0.6828 | validation accuracy: 0.8237 | validation AP: 0.247
Epoch 3/50 | train loss: 0.602 | validation loss: 0.6677 | validation accuracy: 0.8502 | validation AP: 0.2954
Epoch 4/50 | train loss: 0.5747 | validation loss: 0.7194 | validation accuracy: 0.8418 | validation AP: 0.2641
Epoch 5/50 | train loss: 0.5625 | validation loss: 0.7646 | validation accuracy: 0.8572 | validation AP: 0.2928
Epoch 6/50 | train loss: 0.553 | validation loss: 0.696 | validation accuracy: 0.7327 | validation AP: 0.2264
Epoch 7/50 | train loss: 0.5536 | validation loss: 0.6863 | validation accuracy: 0.8153 | validation AP: 0.3026
Epoch 8/50 | train loss: 0.5497 | validation loss: 0.6705 | validation accuracy: 0.8069 | validation AP: 0.2853
Epoch 9/50 | train loss: 0.522 | validation loss: 0.8168 | validation accuracy: 0.7586 | validation AP: 0.2398
Epoch 10/50 | train loss: 0.5385 | validation loss: 0.7007 | validation accuracy: 0.8181 | validation AP: 0.2592
Epoch 11/50 | train loss: 0.5193 | validation loss: 0.8167 | validation accuracy: 0.7796 | validation AP: 0.2115
Stopping at epoch 11: validation AP has not improved for 4 epochs.
Best epoch: 7 | validation AP: 0.3026 | epochs run: 11

Validation classification report:
              precision    recall  f1-score   support

  disengaged     0.2888    0.4036    0.3367       166
     engaged     0.9173    0.8694    0.8927      1263

    accuracy                         0.8153      1429
   macro avg     0.6030    0.6365    0.6147      1429
weighted avg     0.8443    0.8153    0.8281      1429

Confusion matrix (rows: actual, columns: predicted):
[[  67   99]
 [ 165 1098]]
Epoch 1/50 | train loss: 0.6274 | validation loss: 0.6931 | validation accuracy: 0.7894 | validation AP: 0.201
Epoch 2/50 | train loss: 0.6028 | validation loss: 0.6847 | validation accuracy: 0.7579 | validation AP: 0.2099
Epoch 3/50 | train loss: 0.5821 | validation loss: 0.6913 | validation accuracy: 0.7908 | validation AP: 0.2645
Epoch 4/50 | train loss: 0.57 | validation loss: 0.6534 | validation accuracy: 0.7383 | validation AP: 0.2153
Epoch 5/50 | train loss: 0.5666 | validation loss: 0.6485 | validation accuracy: 0.7446 | validation AP: 0.2457[I 2026-10-09 02:29:13,217] Trial 19 finished with value: 0.2896313200381552 and parameters: {'hidden_size': 34, 'num_layers': 3, 'dropout': 0.5, 'learning_rate': 0.0017364954947282655, 'batch_size': 16}. Best is trial 13 with value: 0.3041365932735773.

Epoch 6/50 | train loss: 0.5545 | validation loss: 0.709 | validation accuracy: 0.8048 | validation AP: 0.2324
Epoch 7/50 | train loss: 0.5566 | validation loss: 0.7445 | validation accuracy: 0.809 | validation AP: 0.2353
Stopping at epoch 7: validation AP has not improved for 4 epochs.
Best epoch: 3 | validation AP: 0.2645 | epochs run: 7

Validation classification report:
              precision    recall  f1-score   support

  disengaged     0.2471    0.3916    0.3030       166
     engaged     0.9134    0.8432    0.8769      1263

    accuracy                         0.7908      1429
   macro avg     0.5803    0.6174    0.5900      1429
weighted avg     0.8360    0.7908    0.8102      1429

Confusion matrix (rows: actual, columns: predicted):
[[  65  101]
 [ 198 1065]]
Epoch 1/50 | train loss: 0.6736 | validation loss: 0.6581 | validation accuracy: 0.6613 | validation AP: 0.1949
Epoch 2/50 | train loss: 0.6332 | validation loss: 0.7693 | validation accuracy: 0.8523 | validation AP: 0.2303
Epoch 3/50 | train loss: 0.6215 | validation loss: 0.6694 | validation accuracy: 0.711 | validation AP: 0.2144
Epoch 4/50 | train loss: 0.5962 | validation loss: 0.7074 | validation accuracy: 0.7971 | validation AP: 0.252
Epoch 5/50 | train loss: 0.5892 | validation loss: 0.7416 | validation accuracy: 0.8383 | validation AP: 0.274
Epoch 6/50 | train loss: 0.5889 | validation loss: 0.7494 | validation accuracy: 0.7852 | validation AP: 0.251
Epoch 7/50 | train loss: 0.5716 | validation loss: 0.778 | validation accuracy: 0.8446 | validation AP: 0.2783
Epoch 8/50 | train loss: 0.5755 | validation loss: 0.6801 | validation accuracy: 0.7698 | validation AP: 0.2763
Epoch 9/50 | train loss: 0.5643 | validation loss: 0.7331 | validation accuracy: 0.7544 | validation AP: 0.2507
Epoch 10/50 | train loss: 0.5642 | validation loss: 0.76 | validation accuracy: 0.739 | validation AP: 0.2221
Epoch 11/50 | train loss: 0.5511 | validation loss: 0.8473 | validation accuracy: 0.8202 | validation AP: 0.2753
Stopping at epoch 11: validation AP has not improved for 4 epochs.
Best epoch: 7 | validation AP: 0.2783 | epochs run: 11

Validation classification report:
              precision    recall  f1-score   support

  disengaged     0.3000    0.2530    0.2745       166
     engaged     0.9038    0.9224    0.9130      1263

    accuracy                         0.8446      1429
   macro avg     0.6019    0.5877    0.5938      1429
weighted avg     0.8337    0.8446    0.8388      1429

Confusion matrix (rows: actual, columns: predicted):
[[  42  124]
 [  98 1165]]
Epoch 1/50 | train loss: 0.6519 | validation loss: 0.6818 | validation accuracy: 0.592 | validation AP: 0.167
Epoch 2/50 | train loss: 0.6363 | validation loss: 0.6735 | validation accuracy: 0.6634 | validation AP: 0.1795
Epoch 3/50 | train loss: 0.606 | validation loss: 0.7592 | validation accuracy: 0.795 | validation AP: 0.2164
Epoch 4/50 | train loss: 0.5998 | validation loss: 0.7373 | validation accuracy: 0.795 | validation AP: 0.2164
Epoch 5/50 | train loss: 0.6103 | validation loss: 0.681 | validation accuracy: 0.7243 | validation AP: 0.2001
Epoch 6/50 | train loss: 0.5925 | validation loss: 0.7251 | validation accuracy: 0.7957 | validation AP: 0.213
Epoch 7/50 | train loss: 0.5947 | validation loss: 0.7012 | validation accuracy: 0.7418 | validation AP: 0.2158
Epoch 8/50 | train loss: 0.5845 | validation loss: 0.7747 | validation accuracy: 0.788 | validation AP: 0.2445
Epoch 9/50 | train loss: 0.5636 | validation loss: 0.8141 | validation accuracy: 0.8188 | validation AP: 0.2178
Epoch 10/50 | train loss: 0.5727 | validation loss: 0.8186 | validation accuracy: 0.7978 | validation AP: 0.2313
Epoch 11/50 | train loss: 0.5628 | validation loss: 0.684 | validation accuracy: 0.7572 | validation AP: 0.2352
Epoch 12/50 | train loss: 0.5421 | validation loss: 0.7673 | validation accuracy: 0.7957 | validation AP: 0.233
Stopping at epoch 12: validation AP has not improved for 4 epochs.
Best epoch: 8 | validation AP: 0.2445 | epochs run: 12

Validation classification report:
              precision    recall  f1-score   support

  disengaged     0.2527    0.4217    0.3160       166
     engaged     0.9167    0.8361    0.8745      1263

    accuracy                         0.7880      1429
   macro avg     0.5847    0.6289    0.5953      1429
weighted avg     0.8395    0.7880    0.8097      1429

Confusion matrix (rows: actual, columns: predicted):
[[  70   96]
 [ 207 1056]]
Epoch 1/50 | train loss: 0.6567 | validation loss: 0.736 | validation accuracy: 0.7537 | validation AP: 0.1897
Epoch 2/50 | train loss: 0.6322 | validation loss: 0.7134 | validation accuracy: 0.7691 | validation AP: 0.2091
Epoch 3/50 | train loss: 0.6169 | validation loss: 0.7326 | validation accuracy: 0.795 | validation AP: 0.2015
Epoch 4/50 | train loss: 0.6053 | validation loss: 0.626 | validation accuracy: 0.732 | validation AP: 0.2635
Epoch 5/50 | train loss: 0.5872 | validation loss: 0.6949 | validation accuracy: 0.8104 | validation AP: 0.295
Epoch 6/50 | train loss: 0.5848 | validation loss: 0.7406 | validation accuracy: 0.7887 | validation AP: 0.2747
Epoch 7/50 | train loss: 0.5782 | validation loss: 0.7518 | validation accuracy: 0.8062 | validation AP: 0.2728
Epoch 8/50 | train loss: 0.5584 | validation loss: 0.706 | validation accuracy: 0.7243 | validation AP: 0.2138
Epoch 9/50 | train loss: 0.571 | validation loss: 0.7254 | validation accuracy: 0.7586 | validation AP: 0.2478
Stopping at epoch 9: validation AP has not improved for 4 epochs.
Best epoch: 5 | validation AP: 0.295 | epochs run: 9

Validation classification report:
              precision    recall  f1-score   support

  disengaged     0.2785    0.3976    0.3275       166
     engaged     0.9161    0.8646    0.8896      1263

    accuracy                         0.8104      1429
   macro avg     0.5973    0.6311    0.6086      1429
weighted avg     0.8420    0.8104    0.8243      1429

Confusion matrix (rows: actual, columns: predicted):
[[  66  100]
 [ 171 1092]]
Epoch 1/50 | train loss: 0.6689 | validation loss: 0.7668 | validation accuracy: 0.7775 | validation AP: 0.1496
Epoch 2/50 | train loss: 0.6333 | validation loss: 0.6984 | validation accuracy: 0.7551 | validation AP: 0.2089
Epoch 3/50 | train loss: 0.6208 | validation loss: 0.702 | validation accuracy: 0.8314 | validation AP: 0.2243
Epoch 4/50 | train loss: 0.6023 | validation loss: 0.7603 | validation accuracy: 0.7663 | validation AP: 0.2094
Epoch 5/50 | train loss: 0.5955 | validation loss: 0.7325 | validation accuracy: 0.7845 | validation AP: 0.2202
Epoch 6/50 | train loss: 0.5847 | validation loss: 0.6201 | validation accuracy: 0.7061 | validation AP: 0.3068
Epoch 7/50 | train loss: 0.5811 | validation loss: 0.6857 | validation accuracy: 0.7467 | validation AP: 0.2529
Epoch 8/50 | train loss: 0.5706 | validation loss: 0.8227 | validation accuracy: 0.8097 | validation AP: 0.2581
Epoch 9/50 | train loss: 0.5827 | validation loss: 0.7465 | validation accuracy: 0.7586 | validation AP: 0.2394
Epoch 10/50 | train loss: 0.5646 | validation loss: 0.6587 | validation accuracy: 0.7642 | validation AP: 0.2731
Stopping at epoch 10: validation AP has not improved for 4 epochs.
Best epoch: 6 | validation AP: 0.3068 | epochs run: 10

Validation classification report:
              precision    recall  f1-score   support

  disengaged     0.2227    0.6145    0.3269       166
     engaged     0.9341    0.7181    0.8120      1263

    accuracy                         0.7061      1429
   macro avg     0.5784    0.6663    0.5695      1429
weighted avg     0.8515    0.7061    0.7556      1429

Confusion matrix (rows: actual, columns: predicted):
[[102  64]
 [356 907]]
Epoch 1/50 | train loss: 0.6645 | validation loss: 0.7157 | validation accuracy: 0.7677 | validation AP: 0.2174
Epoch 2/50 | train loss: 0.628 | validation loss: 0.6578 | validation accuracy: 0.795 | validation AP: 0.2612
Epoch 3/50 | train loss: 0.6084 | validation loss: 0.6562 | validation accuracy: 0.7936 | validation AP: 0.2784
Epoch 4/50 | train loss: 0.5997 | validation loss: 0.6492 | validation accuracy: 0.7446 | validation AP: 0.237
Epoch 5/50 | train loss: 0.5913 | validation loss: 0.7105 | validation accuracy: 0.7915 | validation AP: 0.2441
Epoch 6/50 | train loss: 0.5862 | validation loss: 0.6989 | validation accuracy: 0.6942 | validation AP: 0.1734
Epoch 7/50 | train loss: 0.5825 | validation loss: 0.7136 | validation accuracy: 0.7859 | validation AP: 0.28
Epoch 8/50 | train loss: 0.576 | validation loss: 0.6695 | validation accuracy: 0.7306 | validation AP: 0.2455
Epoch 9/50 | train loss: 0.5498 | validation loss: 0.7899 | validation accuracy: 0.8013 | validation AP: 0.282
Epoch 10/50 | train loss: 0.5651 | validation loss: 0.9281 | validation accuracy: 0.8132 | validation AP: 0.2261
Epoch 11/50 | train loss: 0.5551 | validation loss: 0.7556 | validation accuracy: 0.8006 | validation AP: 0.2753
Epoch 12/50 | train loss: 0.528 | validation loss: 0.7453 | validation accuracy: 0.7894 | validation AP: 0.2672
Epoch 13/50 | train loss: 0.5443 | validation loss: 0.7871 | validation accuracy: 0.7971 | validation AP: 0.2294
Stopping at epoch 13: validation AP has not improved for 4 epochs.
Best epoch: 9 | validation AP: 0.282 | epochs run: 13

Validation classification report:
              precision    recall  f1-score   support

  disengaged     0.2640    0.3976    0.3173       166
     engaged     0.9152    0.8543    0.8837      1263

    accuracy                         0.8013      1429
   macro avg     0.5896    0.6260    0.6005      1429
weighted avg     0.8395    0.8013    0.8179      1429

Confusion matrix (rows: actual, columns: predicted):
[[  66  100]
 [ 184 1079]]
Epoch 1/50 | train loss: 0.6602 | validation loss: 0.6488 | validation accuracy: 0.6039 | validation AP: 0.2017
Epoch 2/50 | train loss: 0.6289 | validation loss: 0.785 | validation accuracy: 0.8558 | validation AP: 0.2043
Epoch 3/50 | train loss: 0.6153 | validation loss: 0.6867 | validation accuracy: 0.7747 | validation AP: 0.2146
Epoch 4/50 | train loss: 0.5933 | validation loss: 0.7254 | validation accuracy: 0.7964 | validation AP: 0.2268
Epoch 5/50 | train loss: 0.5885 | validation loss: 0.7755 | validation accuracy: 0.8341 | validation AP: 0.2509
Epoch 6/50 | train loss: 0.5982 | validation loss: 0.6954 | validation accuracy: 0.7733 | validation AP: 0.2312
Epoch 7/50 | train loss: 0.5692 | validation loss: 0.7849 | validation accuracy: 0.8369 | validation AP: 0.2804
Epoch 8/50 | train loss: 0.5845 | validation loss: 0.6517 | validation accuracy: 0.7488 | validation AP: 0.2598
Epoch 9/50 | train loss: 0.5733 | validation loss: 0.736 | validation accuracy: 0.7677 | validation AP: 0.236
Epoch 10/50 | train loss: 0.5641 | validation loss: 0.6906 | validation accuracy: 0.7047 | validation AP: 0.2422
Epoch 11/50 | train loss: 0.5659 | validation loss: 0.8221 | validation accuracy: 0.8258 | validation AP: 0.2503
Stopping at epoch 11: validation AP has not improved for 4 epochs.
Best epoch: 7 | validation AP: 0.2804 | epochs run: 11

Validation classification report:
              precision    recall  f1-score   support

  disengaged     0.2839    0.2651    0.2741       166
     engaged     0.9042    0.9121    0.9082      1263

    accuracy                         0.8369      1429
   macro avg     0.5941    0.5886    0.5912      1429
weighted avg     0.8322    0.8369    0.8345      1429

Confusion matrix (rows: actual, columns: predicted):
[[  44  122]
 [ 111 1152]]
Epoch 1/50 | train loss: 0.6468 | validation loss: 0.6729 | validation accuracy: 0.6305 | validation AP: 0.1905
Epoch 2/50 | train loss: 0.6354 | validation loss: 0.66 | validation accuracy: 0.7201 | validation AP: 0.2231
Epoch 3/50 | train loss: 0.6165 | validation loss: 0.7127 | validation accuracy: 0.774 | validation AP: 0.24
Epoch 4/50 | train loss: 0.6087 | validation loss: 0.6852 | validation accuracy: 0.7698 | validation AP: 0.2352
Epoch 5/50 | train loss: 0.6025 | validation loss: 0.6384 | validation accuracy: 0.6844 | validation AP: 0.2187
Epoch 6/50 | train loss: 0.5961 | validation loss: 0.6995 | validation accuracy: 0.7789 | validation AP: 0.2094
Epoch 7/50 | train loss: 0.5981 | validation loss: 0.707 | validation accuracy: 0.7754 | validation AP: 0.2526
Epoch 8/50 | train loss: 0.5871 | validation loss: 0.7373 | validation accuracy: 0.7929 | validation AP: 0.2722
Epoch 9/50 | train loss: 0.5829 | validation loss: 0.7325 | validation accuracy: 0.8209 | validation AP: 0.2429
Epoch 10/50 | train loss: 0.5794 | validation loss: 0.7607 | validation accuracy: 0.7943 | validation AP: 0.237
Epoch 11/50 | train loss: 0.5551 | validation loss: 0.6963 | validation accuracy: 0.7726 | validation AP: 0.2808
Epoch 12/50 | train loss: 0.544 | validation loss: 0.7136 | validation accuracy: 0.8104 | validation AP: 0.2555
Epoch 13/50 | train loss: 0.5504 | validation loss: 0.699 | validation accuracy: 0.69 | validation AP: 0.2513
Epoch 14/50 | train loss: 0.5276 | validation loss: 0.806 | validation accuracy: 0.8181 | validation AP: 0.2301
Epoch 15/50 | train loss: 0.5475 | validation loss: 0.7836 | validation accuracy: 0.8083 | validation AP: 0.2299
Stopping at epoch 15: validation AP has not improved for 4 epochs.
Best epoch: 11 | validation AP: 0.2808 | epochs run: 15

Validation classification report:
              precision    recall  f1-score   support

  disengaged     0.2655    0.5422    0.3564       166
     engaged     0.9303    0.8029    0.8619      1263

    accuracy                         0.7726      1429
   macro avg     0.5979    0.6725    0.6092      1429
weighted avg     0.8530    0.7726    0.8032      1429

Confusion matrix (rows: actual, columns: predicted):
[[  90   76]
 [ 249 1014]]
Epoch 1/50 | train loss: 0.6647 | validation loss: 0.7453 | validation accuracy: 0.8034 | validation AP: 0.1906
Epoch 2/50 | train loss: 0.6297 | validation loss: 0.6707 | validation accuracy: 0.7257 | validation AP: 0.2174
Epoch 3/50 | train loss: 0.6234 | validation loss: 0.6916 | validation accuracy: 0.8118 | validation AP: 0.2378
Epoch 4/50 | train loss: 0.6148 | validation loss: 0.6186 | validation accuracy: 0.7243 | validation AP: 0.2488
Epoch 5/50 | train loss: 0.6042 | validation loss: 0.6597 | validation accuracy: 0.7803 | validation AP: 0.2703
Epoch 6/50 | train loss: 0.5921 | validation loss: 0.6913 | validation accuracy: 0.732 | validation AP: 0.2477
Epoch 7/50 | train loss: 0.5927 | validation loss: 0.6885 | validation accuracy: 0.788 | validation AP: 0.2806
Epoch 8/50 | train loss: 0.5725 | validation loss: 0.6767 | validation accuracy: 0.7439 | validation AP: 0.217
Epoch 9/50 | train loss: 0.5779 | validation loss: 0.6952 | validation accuracy: 0.7488 | validation AP: 0.2507
Epoch 10/50 | train loss: 0.5743 | validation loss: 0.6737 | validation accuracy: 0.7698 | validation AP: 0.2757
Epoch 11/50 | train loss: 0.5637 | validation loss: 0.6596 | validation accuracy: 0.7131 | validation AP: 0.2338
Stopping at epoch 11: validation AP has not improved for 4 epochs.
Best epoch: 7 | validation AP: 0.2806 | epochs run: 11

Validation classification report:
              precision    recall  f1-score   support

  disengaged     0.2769    0.5120    0.3594       166
     engaged     0.9278    0.8242    0.8730      1263

    accuracy                         0.7880      1429
   macro avg     0.6023    0.6681    0.6162      1429
weighted avg     0.8522    0.7880    0.8133      1429

Confusion matrix (rows: actual, columns: predicted):
[[  85   81]
 [ 222 1041]]
Epoch 1/50 | train loss: 0.6566 | validation loss: 0.7729 | validation accuracy: 0.8439 | validation AP: 0.1567
Epoch 2/50 | train loss: 0.6315 | validation loss: 0.693 | validation accuracy: 0.8013 | validation AP: 0.237
Epoch 3/50 | train loss: 0.6202 | validation loss: 0.6618 | validation accuracy: 0.7915 | validation AP: 0.3071
Epoch 4/50 | train loss: 0.5887 | validation loss: 0.741 | validation accuracy: 0.7488 | validation AP: 0.2077
Epoch 5/50 | train loss: 0.598 | validation loss: 0.7158 | validation accuracy: 0.7901 | validation AP: 0.2217
Epoch 6/50 | train loss: 0.5877 | validation loss: 0.6244 | validation accuracy: 0.6599 | validation AP: 0.2784
Epoch 7/50 | train loss: 0.5783 | validation loss: 0.6921 | validation accuracy: 0.7341 | validation AP: 0.2304
Stopping at epoch 7: validation AP has not improved for 4 epochs.
Best epoch: 3 | validation AP: 0.3071 | epochs run: 7

Validation classification report:[I 2026-10-09 02:32:22,777] A new study created in memory with name: lstm_uni_attention|15fps/10s
[I 2026-10-09 02:32:43,134] Trial 0 finished with value: 0.29090172254735647 and parameters: {'hidden_size': 47, 'num_layers': 3, 'dropout': 0.0, 'learning_rate': 0.005399484409787433, 'batch_size': 64}. Best is trial 0 with value: 0.29090172254735647.

              precision    recall  f1-score   support

  disengaged     0.2800    0.5060    0.3605       166
     engaged     0.9274    0.8290    0.8754      1263

    accuracy                         0.7915      1429
   macro avg     0.6037    0.6675    0.6180      1429
weighted avg     0.8522    0.7915    0.8156      1429

Confusion matrix (rows: actual, columns: predicted):
[[  84   82]
 [ 216 1047]]
Epoch 1/50 | train loss: 0.6521 | validation loss: 0.7053 | validation accuracy: 0.7383 | validation AP: 0.2101
Epoch 2/50 | train loss: 0.6296 | validation loss: 0.7101 | validation accuracy: 0.7698 | validation AP: 0.1901
Epoch 3/50 | train loss: 0.6119 | validation loss: 0.7089 | validation accuracy: 0.7502 | validation AP: 0.2055
Epoch 4/50 | train loss: 0.6148 | validation loss: 0.6711 | validation accuracy: 0.6977 | validation AP: 0.2366
Epoch 5/50 | train loss: 0.6027 | validation loss: 0.6909 | validation accuracy: 0.6452 | validation AP: 0.1854
Epoch 6/50 | train loss: 0.6019 | validation loss: 0.707 | validation accuracy: 0.6949 | validation AP: 0.1831
Epoch 7/50 | train loss: 0.5909 | validation loss: 0.721 | validation accuracy: 0.8034 | validation AP: 0.2545
Epoch 8/50 | train loss: 0.5905 | validation loss: 0.6668 | validation accuracy: 0.7075 | validation AP: 0.2457
Epoch 9/50 | train loss: 0.5738 | validation loss: 0.839 | validation accuracy: 0.8034 | validation AP: 0.241
Epoch 10/50 | train loss: 0.5949 | validation loss: 0.8322 | validation accuracy: 0.7929 | validation AP: 0.2146
Epoch 11/50 | train loss: 0.5685 | validation loss: 0.7651 | validation accuracy: 0.8013 | validation AP: 0.229
Stopping at epoch 11: validation AP has not improved for 4 epochs.
Best epoch: 7 | validation AP: 0.2545 | epochs run: 11

Validation classification report:
              precision    recall  f1-score   support

  disengaged     0.2780    0.4337    0.3388       166
     engaged     0.9197    0.8519    0.8845      1263

    accuracy                         0.8034      1429
   macro avg     0.5988    0.6428    0.6117      1429
weighted avg     0.8451    0.8034    0.8211      1429

Confusion matrix (rows: actual, columns: predicted):
[[  72   94]
 [ 187 1076]]

 gru_uni_attention | 15fps/10s (confirmed on seeds [52, 53, 54, 55, 56])
  0.2813 +/- 0.0094  (20267,) params  hidden_size=34, num_layers=3, dropout=0.5, learning_rate=0.001204075864050673, batch_size=32
  0.2807 +/- 0.0075  (53091,) params  hidden_size=56, num_layers=3, dropout=0.5, learning_rate=0.0011098348702175483, batch_size=32
  Selected: hidden_size=34, num_layers=3, dropout=0.5, learning_rate=0.001204075864050673, batch_size=32  (AP 0.2813, 20,267 parameters)
Epoch 1/50 | train loss: 0.6735 | validation loss: 0.6554 | validation accuracy: 0.7369 | validation AP: 0.2228
Epoch 2/50 | train loss: 0.6446 | validation loss: 0.7007 | validation accuracy: 0.867 | validation AP: 0.231
Epoch 3/50 | train loss: 0.63 | validation loss: 0.6923 | validation accuracy: 0.7866 | validation AP: 0.2412
Epoch 4/50 | train loss: 0.6158 | validation loss: 0.7196 | validation accuracy: 0.8656 | validation AP: 0.2725
Epoch 5/50 | train loss: 0.6067 | validation loss: 0.7217 | validation accuracy: 0.7565 | validation AP: 0.2012
Epoch 6/50 | train loss: 0.5863 | validation loss: 0.7201 | validation accuracy: 0.8376 | validation AP: 0.2401
Epoch 7/50 | train loss: 0.5846 | validation loss: 0.6967 | validation accuracy: 0.7824 | validation AP: 0.2381
Epoch 8/50 | train loss: 0.5604 | validation loss: 0.7386 | validation accuracy: 0.7782 | validation AP: 0.2549
Stopping at epoch 8: validation AP has not improved for 4 epochs.
Best epoch: 4 | validation AP: 0.2725 | epochs run: 8

Validation classification report:
              precision    recall  f1-score   support

  disengaged     0.3673    0.2169    0.2727       166
     engaged     0.9023    0.9509    0.9260      1263

    accuracy                         0.8656      1429
   macro avg     0.6348    0.5839    0.5994      1429
weighted avg     0.8402    0.8656    0.8501      1429

Confusion matrix (rows: actual, columns: predicted):
[[  36  130]
 [  62 1201]]
Epoch 1/50 | train loss: 0.666 | validation loss: 0.6559 | validation accuracy: 0.8055 | validation AP: 0.2806
Epoch 2/50 | train loss: 0.6255 | validation loss: 0.6097 | validation accuracy: 0.7278 | validation AP: 0.272
Epoch 3/50 | train loss: 0.6132 | validation loss: 0.6659 | validation accuracy: 0.788 | validation AP: 0.2278
Epoch 4/50 | train loss: 0.5892 | validation loss: 0.6447 | validation accuracy: 0.7474 | validation AP: 0.2899
Epoch 5/50 | train loss: 0.5739 | validation loss: 0.6674 | validation accuracy: 0.7726 | validation AP: 0.2936
Epoch 6/50 | train loss: 0.5616 | validation loss: 0.6375 | validation accuracy: 0.6963 | validation AP: 0.2405
Epoch 7/50 | train loss: 0.5577 | validation loss: 0.6481 | validation accuracy: 0.7586 | validation AP: 0.2794
Epoch 8/50 | train loss: 0.5602 | validation loss: 0.7541 | validation accuracy: 0.8076 | validation AP: 0.2512
Epoch 9/50 | train loss: 0.5536 | validation loss: 0.6339 | validation accuracy: 0.613 | validation AP: 0.2466
Stopping at epoch 9: validation AP has not improved for 4 epochs.
Best epoch: 5 | validation AP: 0.2936 | epochs run: 9

Validation classification report:
              precision    recall  f1-score   support

  disengaged     0.2376    0.4337    0.3070       166
     engaged     0.9165    0.8171    0.8640      1263

    accuracy                         0.7726      1429
   macro avg     0.5771    0.6254    0.5855      1429
weighted avg     0.8377    0.7726    0.7993      1429

Confusion matrix (rows: actual, columns: predicted):
[[  72   94]
 [ 231 1032]]
Epoch 1/50 | train loss: 0.6819 | validation loss: 0.6989 | validation accuracy: 0.8153 | validation AP: 0.2231
Epoch 2/50 | train loss: 0.623 | validation loss: 0.6669 | validation accuracy: 0.5612 | validation AP: 0.2157
Epoch 3/50 | train loss: 0.6048 | validation loss: 0.6858 | validation accuracy: 0.7726 | validation AP: 0.3065
Epoch 4/50 | train loss: 0.6075 | validation loss: 0.6656 | validation accuracy: 0.7873 | validation AP: 0.2835
Epoch 5/50 | train loss: 0.5804 | validation loss: 0.6055 | validation accuracy: 0.6802 | validation AP: 0.2944
Epoch 6/50 | train loss: 0.5822 | validation loss: 0.6405 | validation accuracy: 0.669 | validation AP: 0.2428
Epoch 7/50 | train loss: 0.5739 | validation loss: 0.6735 | validation accuracy: 0.7005 | validation AP: 0.2705
Stopping at epoch 7: validation AP has not improved for 4 epochs.
Best epoch: 3 | validation AP: 0.3065 | epochs run: 7

Validation classification report:
              precision    recall  f1-score   support

  disengaged     0.2682    0.5542    0.3615       166
     engaged     0.9319    0.8013    0.8616      1263

    accuracy                         0.7726      1429
   macro avg     0.6000    0.6777    0.6116      1429
weighted avg     0.8548    0.7726    0.8035      1429

Confusion matrix (rows: actual, columns: predicted):
[[  92   74]
 [ 251 1012]]
Epoch 1/50 | train loss: 0.5448 | validation loss: 0.6996 | validation accuracy: 0.881 | validation AP: 0.2202
Epoch 2/50 | train loss: 0.4933 | validation loss: 0.7441 | validation accuracy: 0.8754 | validation AP: 0.2739
Epoch 3/50 | train loss: 0.4831 | validation loss: 0.7357 | validation accuracy: 0.8656 | validation AP: 0.2739
Epoch 4/50 | train loss: 0.4781 | validation loss: 0.6458 | validation accuracy: 0.8593 | validation AP: 0.2674
Epoch 5/50 | train loss: 0.467 | validation loss: 0.6642 | validation accuracy: 0.8565 | validation AP: 0.2521
Epoch 6/50 | train loss: 0.4572 | validation loss: 0.7281 | validation accuracy: 0.8516 | validation AP: 0.2539
Epoch 7/50 | train loss: 0.4554 | validation loss: 0.6955 | validation accuracy: 0.8272 | validation AP: 0.2607
Stopping at epoch 7: validation AP has not improved for 4 epochs.
Best epoch: 3 | validation AP: 0.2739 | epochs run: 7

Validation classification report:
              precision    recall  f1-score   support

  disengaged     0.3415    0.1687    0.2258       166
     engaged     0.8976    0.9572    0.9264      1263

    accuracy                         0.8656      1429
   macro avg     0.6195    0.5630    0.5761      1429
weighted avg     0.8330    0.8656    0.8450      1429
[I 2026-10-09 02:35:20,853] Trial 1 finished with value: 0.2856978247711383 and parameters: {'hidden_size': 136, 'num_layers': 1, 'dropout': 0.25, 'learning_rate': 0.0003823475224675188, 'batch_size': 8}. Best is trial 0 with value: 0.29090172254735647.

Confusion matrix (rows: actual, columns: predicted):
[[  28  138]
 [  54 1209]]
Epoch 1/50 | train loss: 0.5369 | validation loss: 0.7502 | validation accuracy: 0.8607 | validation AP: 0.1805
Epoch 2/50 | train loss: 0.5038 | validation loss: 0.6734 | validation accuracy: 0.8565 | validation AP: 0.2434
Epoch 3/50 | train loss: 0.4913 | validation loss: 0.6464 | validation accuracy: 0.8523 | validation AP: 0.2609
Epoch 4/50 | train loss: 0.479 | validation loss: 0.675 | validation accuracy: 0.8516 | validation AP: 0.2627
Epoch 5/50 | train loss: 0.4717 | validation loss: 0.6584 | validation accuracy: 0.8502 | validation AP: 0.2881
Epoch 6/50 | train loss: 0.464 | validation loss: 0.6271 | validation accuracy: 0.7978 | validation AP: 0.2489
Epoch 7/50 | train loss: 0.458 | validation loss: 0.6355 | validation accuracy: 0.7971 | validation AP: 0.2665
Epoch 8/50 | train loss: 0.4478 | validation loss: 0.6534 | validation accuracy: 0.8314 | validation AP: 0.2565
Epoch 9/50 | train loss: 0.4349 | validation loss: 0.6995 | validation accuracy: 0.8055 | validation AP: 0.2373
Stopping at epoch 9: validation AP has not improved for 4 epochs.
Best epoch: 5 | validation AP: 0.2881 | epochs run: 9

Validation classification report:
              precision    recall  f1-score   support

  disengaged     0.3065    0.2289    0.2621       166
     engaged     0.9019    0.9319    0.9167      1263

    accuracy                         0.8502      1429
   macro avg     0.6042    0.5804    0.5894      1429
weighted avg     0.8327    0.8502    0.8406      1429

Confusion matrix (rows: actual, columns: predicted):
[[  38  128]
 [  86 1177]]
Epoch 1/50 | train loss: 0.531 | validation loss: 0.6613 | validation accuracy: 0.8376 | validation AP: 0.2168
Epoch 2/50 | train loss: 0.4949 | validation loss: 0.6374 | validation accuracy: 0.8153 | validation AP: 0.295
Epoch 3/50 | train loss: 0.4823 | validation loss: 0.7056 | validation accuracy: 0.8551 | validation AP: 0.2755
Epoch 4/50 | train loss: 0.4807 | validation loss: 0.6418 | validation accuracy: 0.8586 | validation AP: 0.2508
Epoch 5/50 | train loss: 0.4628 | validation loss: 0.6319 | validation accuracy: 0.8321 | validation AP: 0.2626
Epoch 6/50 | train loss: 0.4548 | validation loss: 0.6571 | validation accuracy: 0.8279 | validation AP: 0.2413
Stopping at epoch 6: validation AP has not improved for 4 epochs.
Best epoch: 2 | validation AP: 0.295 | epochs run: 6

Validation classification report:
              precision    recall  f1-score   support

  disengaged     0.2851    0.3916    0.3299       166
     engaged     0.9159    0.8709    0.8929      1263

    accuracy                         0.8153      1429
   macro avg     0.6005    0.6313    0.6114      1429
weighted avg     0.8426    0.8153    0.8275      1429

Confusion matrix (rows: actual, columns: predicted):
[[  65  101]
 [ 163 1100]]
Epoch 1/50 | train loss: 0.6854 | validation loss: 0.7229 | validation accuracy: 0.8838 | validation AP: 0.1761
Epoch 2/50 | train loss: 0.6617 | validation loss: 0.7125 | validation accuracy: 0.7915 | validation AP: 0.1769
Epoch 3/50 | train loss: 0.6166 | validation loss: 0.6927 | validation accuracy: 0.7516 | validation AP: 0.2069
Epoch 4/50 | train loss: 0.5975 | validation loss: 0.6632 | validation accuracy: 0.7579 | validation AP: 0.2359
Epoch 5/50 | train loss: 0.5831 | validation loss: 0.6692 | validation accuracy: 0.7614 | validation AP: 0.234
Epoch 6/50 | train loss: 0.5737 | validation loss: 0.684 | validation accuracy: 0.7572 | validation AP: 0.2464
Epoch 7/50 | train loss: 0.5642 | validation loss: 0.7037 | validation accuracy: 0.7691 | validation AP: 0.2489
Epoch 8/50 | train loss: 0.5639 | validation loss: 0.7162 | validation accuracy: 0.7733 | validation AP: 0.2576
Epoch 9/50 | train loss: 0.5585 | validation loss: 0.7126 | validation accuracy: 0.7418 | validation AP: 0.2311
Epoch 10/50 | train loss: 0.5679 | validation loss: 0.6768 | validation accuracy: 0.7173 | validation AP: 0.2406
Epoch 11/50 | train loss: 0.5556 | validation loss: 0.7157 | validation accuracy: 0.7432 | validation AP: 0.2303
Epoch 12/50 | train loss: 0.5529 | validation loss: 0.7203 | validation accuracy: 0.7467 | validation AP: 0.2251
Stopping at epoch 12: validation AP has not improved for 4 epochs.
Best epoch: 8 | validation AP: 0.2576 | epochs run: 12

Validation classification report:
              precision    recall  f1-score   support

  disengaged     0.2500    0.4759    0.3278       166
     engaged     0.9218    0.8124    0.8636      1263

    accuracy                         0.7733      1429
   macro avg     0.5859    0.6441    0.5957      1429
weighted avg     0.8438    0.7733    0.8014      1429

Confusion matrix (rows: actual, columns: predicted):
[[  79   87]
 [ 237 1026]]
Epoch 1/50 | train loss: 0.6829 | validation loss: 0.721 | validation accuracy: 0.8838 | validation AP: 0.1943
Epoch 2/50 | train loss: 0.6668 | validation loss: 0.6981 | validation accuracy: 0.8034 | validation AP: 0.178
Epoch 3/50 | train loss: 0.6263 | validation loss: 0.674 | validation accuracy: 0.7663 | validation AP: 0.2166
Epoch 4/50 | train loss: 0.5941 | validation loss: 0.6586 | validation accuracy: 0.7376 | validation AP: 0.2483
Epoch 5/50 | train loss: 0.5862 | validation loss: 0.6649 | validation accuracy: 0.7341 | validation AP: 0.261
Epoch 6/50 | train loss: 0.5715 | validation loss: 0.7044 | validation accuracy: 0.7404 | validation AP: 0.2632
Epoch 7/50 | train loss: 0.564 | validation loss: 0.691 | validation accuracy: 0.7432 | validation AP: 0.2748
Epoch 8/50 | train loss: 0.5544 | validation loss: 0.749 | validation accuracy: 0.7628 | validation AP: 0.2839
Epoch 9/50 | train loss: 0.5502 | validation loss: 0.6924 | validation accuracy: 0.7033 | validation AP: 0.2804
Epoch 10/50 | train loss: 0.5649 | validation loss: 0.7069 | validation accuracy: 0.6998 | validation AP: 0.2523
Epoch 11/50 | train loss: 0.5459 | validation loss: 0.7579 | validation accuracy: 0.7509 | validation AP: 0.2585
Epoch 12/50 | train loss: 0.5545 | validation loss: 0.7093 | validation accuracy: 0.7033 | validation AP: 0.2523
Stopping at epoch 12: validation AP has not improved for 4 epochs.
Best epoch: 8 | validation AP: 0.2839 | epochs run: 12

Validation classification report:
              precision    recall  f1-score   support

  disengaged     0.2371    0.4699    0.3152       166
     engaged     0.9200    0.8013    0.8565      1263

    accuracy                         0.7628      1429
   macro avg     0.5785    0.6356    0.5858      1429
weighted avg     0.8407    0.7628    0.7936      1429

Confusion matrix (rows: actual, columns: predicted):
[[  78   88]
 [ 251 1012]]
Epoch 1/50 | train loss: 0.6845 | validation loss: 0.7276 | validation accuracy: 0.8838 | validation AP: 0.1732
Epoch 2/50 | train loss: 0.6651 | validation loss: 0.7221 | validation accuracy: 0.7999 | validation AP: 0.1695
Epoch 3/50 | train loss: 0.6127 | validation loss: 0.709 | validation accuracy: 0.718 | validation AP: 0.1964
Epoch 4/50 | train loss: 0.581 | validation loss: 0.6855 | validation accuracy: 0.7166 | validation AP: 0.2122
Epoch 5/50 | train loss: 0.5755 | validation loss: 0.6466 | validation accuracy: 0.7117 | validation AP: 0.2522
Epoch 6/50 | train loss: 0.5702 | validation loss: 0.6507 | validation accuracy: 0.6858 | validation AP: 0.2441
Epoch 7/50 | train loss: 0.5604 | validation loss: 0.7171 | validation accuracy: 0.7068 | validation AP: 0.2337
Epoch 8/50 | train loss: 0.5459 | validation loss: 0.7052 | validation accuracy: 0.7012 | validation AP: 0.2386
Epoch 9/50 | train loss: 0.5402 | validation loss: 0.7584 | validation accuracy: 0.7481 | validation AP: 0.2471
Stopping at epoch 9: validation AP has not improved for 4 epochs.
Best epoch: 5 | validation AP: 0.2522 | epochs run: 9

Validation classification report:
              precision    recall  f1-score   support

  disengaged     0.2242    0.6024    0.3268       166
     engaged     0.9329    0.7260    0.8166      1263

    accuracy                         0.7117      1429
   macro avg     0.5785    0.6642    0.5717      1429
weighted avg     0.8505    0.7117    0.7597      1429

Confusion matrix (rows: actual, columns: predicted):[I 2026-10-09 02:36:14,252] Trial 2 finished with value: 0.2645516941443973 and parameters: {'hidden_size': 56, 'num_layers': 3, 'dropout': 0.5, 'learning_rate': 0.00021930485556643703, 'batch_size': 32}. Best is trial 0 with value: 0.29090172254735647.
[I 2026-10-09 02:37:17,875] Trial 3 finished with value: 0.26909811945875334 and parameters: {'hidden_size': 40, 'num_layers': 1, 'dropout': 0.0, 'learning_rate': 0.006586289317583112, 'batch_size': 16}. Best is trial 0 with value: 0.29090172254735647.

[[100  66]
 [346 917]]
Epoch 1/50 | train loss: 0.6277 | validation loss: 0.748 | validation accuracy: 0.867 | validation AP: 0.2003
Epoch 2/50 | train loss: 0.5722 | validation loss: 0.8761 | validation accuracy: 0.8691 | validation AP: 0.2224
Epoch 3/50 | train loss: 0.5566 | validation loss: 0.7143 | validation accuracy: 0.809 | validation AP: 0.2676
Epoch 4/50 | train loss: 0.5564 | validation loss: 0.69 | validation accuracy: 0.795 | validation AP: 0.2617
Epoch 5/50 | train loss: 0.5359 | validation loss: 0.7234 | validation accuracy: 0.8467 | validation AP: 0.2544
Epoch 6/50 | train loss: 0.5092 | validation loss: 0.8341 | validation accuracy: 0.8502 | validation AP: 0.2385
Epoch 7/50 | train loss: 0.4986 | validation loss: 0.7065 | validation accuracy: 0.7978 | validation AP: 0.2573
Stopping at epoch 7: validation AP has not improved for 4 epochs.
Best epoch: 3 | validation AP: 0.2676 | epochs run: 7

Validation classification report:
              precision    recall  f1-score   support

  disengaged     0.2601    0.3494    0.2982       166
     engaged     0.9104    0.8694    0.8894      1263

    accuracy                         0.8090      1429
   macro avg     0.5853    0.6094    0.5938      1429
weighted avg     0.8349    0.8090    0.8207      1429

Confusion matrix (rows: actual, columns: predicted):
[[  58  108]
 [ 165 1098]]
Epoch 1/50 | train loss: 0.6131 | validation loss: 0.7887 | validation accuracy: 0.8481 | validation AP: 0.191
Epoch 2/50 | train loss: 0.5675 | validation loss: 0.6979 | validation accuracy: 0.8132 | validation AP: 0.1995
Epoch 3/50 | train loss: 0.5732 | validation loss: 0.6711 | validation accuracy: 0.8111 | validation AP: 0.2285
Epoch 4/50 | train loss: 0.5406 | validation loss: 0.7031 | validation accuracy: 0.8216 | validation AP: 0.2692
Epoch 5/50 | train loss: 0.5374 | validation loss: 0.7542 | validation accuracy: 0.8411 | validation AP: 0.2608
Epoch 6/50 | train loss: 0.5253 | validation loss: 0.6856 | validation accuracy: 0.7768 | validation AP: 0.2492
Epoch 7/50 | train loss: 0.5217 | validation loss: 0.7305 | validation accuracy: 0.781 | validation AP: 0.245
Epoch 8/50 | train loss: 0.4998 | validation loss: 0.7349 | validation accuracy: 0.795 | validation AP: 0.2452
Stopping at epoch 8: validation AP has not improved for 4 epochs.
Best epoch: 4 | validation AP: 0.2692 | epochs run: 8

Validation classification report:
              precision    recall  f1-score   support

  disengaged     0.2670    0.3072    0.2857       166
     engaged     0.9071    0.8892    0.8980      1263

    accuracy                         0.8216      1429
   macro avg     0.5871    0.5982    0.5919      1429
weighted avg     0.8328    0.8216    0.8269      1429

Confusion matrix (rows: actual, columns: predicted):
[[  51  115]
 [ 140 1123]]
Epoch 1/50 | train loss: 0.6168 | validation loss: 0.7131 | validation accuracy: 0.8055 | validation AP: 0.1878
Epoch 2/50 | train loss: 0.573 | validation loss: 0.6715 | validation accuracy: 0.7964 | validation AP: 0.2653
Epoch 3/50 | train loss: 0.5539 | validation loss: 0.6975 | validation accuracy: 0.8146 | validation AP: 0.2705
Epoch 4/50 | train loss: 0.5445 | validation loss: 0.6738 | validation accuracy: 0.6613 | validation AP: 0.1682
Epoch 5/50 | train loss: 0.5328 | validation loss: 0.6606 | validation accuracy: 0.7754 | validation AP: 0.2432
Epoch 6/50 | train loss: 0.5066 | validation loss: 0.7532 | validation accuracy: 0.7943 | validation AP: 0.2066
Epoch 7/50 | train loss: 0.5198 | validation loss: 0.7401 | validation accuracy: 0.7691 | validation AP: 0.2291
Stopping at epoch 7: validation AP has not improved for 4 epochs.
Best epoch: 3 | validation AP: 0.2705 | epochs run: 7

Validation classification report:
              precision    recall  f1-score   support

  disengaged     0.2408    0.2771    0.2577       166
     engaged     0.9031    0.8852    0.8940      1263

    accuracy                         0.8146      1429
   macro avg     0.5720    0.5812    0.5759      1429
weighted avg     0.8261    0.8146    0.8201      1429

Confusion matrix (rows: actual, columns: predicted):
[[  46  120]
 [ 145 1118]]
Epoch 1/50 | train loss: 0.6526 | validation loss: 0.6343 | validation accuracy: 0.585 | validation AP: 0.2089
Epoch 2/50 | train loss: 0.6187 | validation loss: 0.7066 | validation accuracy: 0.7733 | validation AP: 0.2353
Epoch 3/50 | train loss: 0.5878 | validation loss: 0.7019 | validation accuracy: 0.7565 | validation AP: 0.2674
Epoch 4/50 | train loss: 0.58 | validation loss: 0.6772 | validation accuracy: 0.662 | validation AP: 0.2005
Epoch 5/50 | train loss: 0.5593 | validation loss: 0.6858 | validation accuracy: 0.7677 | validation AP: 0.2547
Epoch 6/50 | train loss: 0.549 | validation loss: 0.7624 | validation accuracy: 0.7894 | validation AP: 0.2395
Epoch 7/50 | train loss: 0.5648 | validation loss: 0.6684 | validation accuracy: 0.795 | validation AP: 0.2713
Epoch 8/50 | train loss: 0.5445 | validation loss: 0.6875 | validation accuracy: 0.7348 | validation AP: 0.268
Epoch 9/50 | train loss: 0.5283 | validation loss: 0.6822 | validation accuracy: 0.69 | validation AP: 0.2202
Epoch 10/50 | train loss: 0.5431 | validation loss: 0.6543 | validation accuracy: 0.6641 | validation AP: 0.2201
Epoch 11/50 | train loss: 0.5352 | validation loss: 0.7611 | validation accuracy: 0.7614 | validation AP: 0.2317
Stopping at epoch 11: validation AP has not improved for 4 epochs.
Best epoch: 7 | validation AP: 0.2713 | epochs run: 11

Validation classification report:
              precision    recall  f1-score   support

  disengaged     0.2674    0.4398    0.3326       166
     engaged     0.9196    0.8416    0.8789      1263

    accuracy                         0.7950      1429
   macro avg     0.5935    0.6407    0.6057      1429
weighted avg     0.8438    0.7950    0.8154      1429

Confusion matrix (rows: actual, columns: predicted):
[[  73   93]
 [ 200 1063]]
Epoch 1/50 | train loss: 0.6464 | validation loss: 0.6152 | validation accuracy: 0.7362 | validation AP: 0.2278
Epoch 2/50 | train loss: 0.6035 | validation loss: 0.6751 | validation accuracy: 0.781 | validation AP: 0.2382
Epoch 3/50 | train loss: 0.6012 | validation loss: 0.6837 | validation accuracy: 0.7712 | validation AP: 0.2551
Epoch 4/50 | train loss: 0.5796 | validation loss: 0.6308 | validation accuracy: 0.6298 | validation AP: 0.2319
Epoch 5/50 | train loss: 0.5758 | validation loss: 0.6517 | validation accuracy: 0.7019 | validation AP: 0.2482
Epoch 6/50 | train loss: 0.5575 | validation loss: 0.678 | validation accuracy: 0.7572 | validation AP: 0.2653
Epoch 7/50 | train loss: 0.5459 | validation loss: 0.6994 | validation accuracy: 0.7502 | validation AP: 0.2521
Epoch 8/50 | train loss: 0.5538 | validation loss: 0.7548 | validation accuracy: 0.7565 | validation AP: 0.2391
Epoch 9/50 | train loss: 0.5388 | validation loss: 0.6645 | validation accuracy: 0.6368 | validation AP: 0.2119
Epoch 10/50 | train loss: 0.526 | validation loss: 0.7776 | validation accuracy: 0.7047 | validation AP: 0.1867
Stopping at epoch 10: validation AP has not improved for 4 epochs.
Best epoch: 6 | validation AP: 0.2653 | epochs run: 10

Validation classification report:
              precision    recall  f1-score   support

  disengaged     0.2436    0.5181    0.3314       166
     engaged     0.9257    0.7886    0.8516      1263

    accuracy                         0.7572      1429
   macro avg     0.5846    0.6533    0.5915      1429
weighted avg     0.8464    0.7572    0.7912      1429

Confusion matrix (rows: actual, columns: predicted):
[[ 86  80]
 [267 996]]
Epoch 1/50 | train loss: 0.6662 | validation loss: 0.7509 | validation accuracy: 0.8174 | validation AP: 0.208
Epoch 2/50 | train loss: 0.6128 | validation loss: 0.6248 | validation accuracy: 0.5612 | validation AP: 0.2595
Epoch 3/50 | train loss: 0.6005 | validation loss: 0.6218 | validation accuracy: 0.7376 | validation AP: 0.277
Epoch 4/50 | train loss: 0.5832 | validation loss: 0.672 | validation accuracy: 0.7453 | validation AP: 0.2361
Epoch 5/50 | train loss: 0.5762 | validation loss: 0.6134 | validation accuracy: 0.7124 | validation AP: 0.2649
Epoch 6/50 | train loss: 0.5467 | validation loss: 0.6253 | validation accuracy: 0.5675 | validation AP: 0.2023[I 2026-10-09 02:37:39,232] Trial 4 finished with value: 0.2711916952218684 and parameters: {'hidden_size': 70, 'num_layers': 1, 'dropout': 0.0, 'learning_rate': 0.0069782812651260325, 'batch_size': 64}. Best is trial 0 with value: 0.29090172254735647.
[I 2026-10-09 02:38:44,059] Trial 5 finished with value: 0.27894265054922823 and parameters: {'hidden_size': 48, 'num_layers': 1, 'dropout': 0.0, 'learning_rate': 0.0040215545266902904, 'batch_size': 16}. Best is trial 0 with value: 0.29090172254735647.

Epoch 7/50 | train loss: 0.5549 | validation loss: 0.7424 | validation accuracy: 0.7012 | validation AP: 0.221
Stopping at epoch 7: validation AP has not improved for 4 epochs.
Best epoch: 3 | validation AP: 0.277 | epochs run: 7

Validation classification report:
              precision    recall  f1-score   support

  disengaged     0.2407    0.5843    0.3409       166
     engaged     0.9327    0.7577    0.8362      1263

    accuracy                         0.7376      1429
   macro avg     0.5867    0.6710    0.5886      1429
weighted avg     0.8524    0.7376    0.7786      1429

Confusion matrix (rows: actual, columns: predicted):
[[ 97  69]
 [306 957]]
Epoch 1/50 | train loss: 0.6152 | validation loss: 0.7204 | validation accuracy: 0.8544 | validation AP: 0.2119
Epoch 2/50 | train loss: 0.5664 | validation loss: 0.7653 | validation accuracy: 0.8712 | validation AP: 0.2697
Epoch 3/50 | train loss: 0.5428 | validation loss: 0.7474 | validation accuracy: 0.816 | validation AP: 0.2638
Epoch 4/50 | train loss: 0.5462 | validation loss: 0.7141 | validation accuracy: 0.7971 | validation AP: 0.2452
Epoch 5/50 | train loss: 0.5297 | validation loss: 0.7117 | validation accuracy: 0.8293 | validation AP: 0.2597
Epoch 6/50 | train loss: 0.5032 | validation loss: 0.8571 | validation accuracy: 0.8432 | validation AP: 0.2341
Stopping at epoch 6: validation AP has not improved for 4 epochs.
Best epoch: 2 | validation AP: 0.2697 | epochs run: 6

Validation classification report:
              precision    recall  f1-score   support

  disengaged     0.3846    0.1807    0.2459       166
     engaged     0.8993    0.9620    0.9296      1263

    accuracy                         0.8712      1429
   macro avg     0.6420    0.5714    0.5878      1429
weighted avg     0.8395    0.8712    0.8502      1429

Confusion matrix (rows: actual, columns: predicted):
[[  30  136]
 [  48 1215]]
Epoch 1/50 | train loss: 0.6174 | validation loss: 0.7762 | validation accuracy: 0.8537 | validation AP: 0.1891
Epoch 2/50 | train loss: 0.5655 | validation loss: 0.7353 | validation accuracy: 0.8321 | validation AP: 0.195
Epoch 3/50 | train loss: 0.5652 | validation loss: 0.6862 | validation accuracy: 0.8118 | validation AP: 0.2393
Epoch 4/50 | train loss: 0.5374 | validation loss: 0.741 | validation accuracy: 0.816 | validation AP: 0.2306
Epoch 5/50 | train loss: 0.5325 | validation loss: 0.7065 | validation accuracy: 0.8153 | validation AP: 0.2749
Epoch 6/50 | train loss: 0.5201 | validation loss: 0.6768 | validation accuracy: 0.7236 | validation AP: 0.2525
Epoch 7/50 | train loss: 0.5174 | validation loss: 0.6816 | validation accuracy: 0.7656 | validation AP: 0.2666
Epoch 8/50 | train loss: 0.5108 | validation loss: 0.7089 | validation accuracy: 0.7572 | validation AP: 0.2376
Epoch 9/50 | train loss: 0.494 | validation loss: 0.7082 | validation accuracy: 0.6998 | validation AP: 0.2326
Stopping at epoch 9: validation AP has not improved for 4 epochs.
Best epoch: 5 | validation AP: 0.2749 | epochs run: 9

Validation classification report:
              precision    recall  f1-score   support

  disengaged     0.2689    0.3434    0.3016       166
     engaged     0.9104    0.8773    0.8935      1263

    accuracy                         0.8153      1429
   macro avg     0.5897    0.6103    0.5976      1429
weighted avg     0.8359    0.8153    0.8248      1429

Confusion matrix (rows: actual, columns: predicted):
[[  57  109]
 [ 155 1108]]
Epoch 1/50 | train loss: 0.6099 | validation loss: 0.7037 | validation accuracy: 0.8258 | validation AP: 0.2032
Epoch 2/50 | train loss: 0.5615 | validation loss: 0.6484 | validation accuracy: 0.781 | validation AP: 0.2922
Epoch 3/50 | train loss: 0.5422 | validation loss: 0.6979 | validation accuracy: 0.8188 | validation AP: 0.2683
Epoch 4/50 | train loss: 0.5252 | validation loss: 0.6377 | validation accuracy: 0.6963 | validation AP: 0.2314
Epoch 5/50 | train loss: 0.5155 | validation loss: 0.705 | validation accuracy: 0.7838 | validation AP: 0.2516
Epoch 6/50 | train loss: 0.4982 | validation loss: 0.6852 | validation accuracy: 0.7663 | validation AP: 0.2326
Stopping at epoch 6: validation AP has not improved for 4 epochs.
Best epoch: 2 | validation AP: 0.2922 | epochs run: 6

Validation classification report:
              precision    recall  f1-score   support

  disengaged     0.2681    0.5120    0.3520       166
     engaged     0.9272    0.8163    0.8682      1263

    accuracy                         0.7810      1429
   macro avg     0.5976    0.6642    0.6101      1429
weighted avg     0.8506    0.7810    0.8082      1429

Confusion matrix (rows: actual, columns: predicted):
[[  85   81]
 [ 232 1031]]
Epoch 1/50 | train loss: 0.6002 | validation loss: 0.7635 | validation accuracy: 0.8838 | validation AP: 0.1251
Epoch 2/50 | train loss: 0.5182 | validation loss: 0.7796 | validation accuracy: 0.8831 | validation AP: 0.1297
Epoch 3/50 | train loss: 0.518 | validation loss: 0.7679 | validation accuracy: 0.8628 | validation AP: 0.1373
Epoch 4/50 | train loss: 0.5169 | validation loss: 0.731 | validation accuracy: 0.8279 | validation AP: 0.1422
Epoch 5/50 | train loss: 0.4944 | validation loss: 0.7323 | validation accuracy: 0.8244 | validation AP: 0.1473
Epoch 6/50 | train loss: 0.4914 | validation loss: 0.7568 | validation accuracy: 0.8328 | validation AP: 0.1571
Epoch 7/50 | train loss: 0.4899 | validation loss: 0.7162 | validation accuracy: 0.7992 | validation AP: 0.1603
Epoch 8/50 | train loss: 0.4755 | validation loss: 0.7601 | validation accuracy: 0.8523 | validation AP: 0.1793
Epoch 9/50 | train loss: 0.4729 | validation loss: 0.6922 | validation accuracy: 0.8069 | validation AP: 0.1755
Epoch 10/50 | train loss: 0.4629 | validation loss: 0.6841 | validation accuracy: 0.7943 | validation AP: 0.1758
Epoch 11/50 | train loss: 0.4551 | validation loss: 0.7184 | validation accuracy: 0.8153 | validation AP: 0.1784
Epoch 12/50 | train loss: 0.4607 | validation loss: 0.7361 | validation accuracy: 0.8286 | validation AP: 0.1862
Epoch 13/50 | train loss: 0.4591 | validation loss: 0.7144 | validation accuracy: 0.7992 | validation AP: 0.1865
Epoch 14/50 | train loss: 0.4541 | validation loss: 0.6683 | validation accuracy: 0.7852 | validation AP: 0.1909
Epoch 15/50 | train loss: 0.4573 | validation loss: 0.6983 | validation accuracy: 0.7845 | validation AP: 0.1897
Epoch 16/50 | train loss: 0.4482 | validation loss: 0.6757 | validation accuracy: 0.7803 | validation AP: 0.2018
Epoch 17/50 | train loss: 0.4383 | validation loss: 0.7115 | validation accuracy: 0.7873 | validation AP: 0.1968
Epoch 18/50 | train loss: 0.4411 | validation loss: 0.7063 | validation accuracy: 0.7733 | validation AP: 0.1965
Epoch 19/50 | train loss: 0.4363 | validation loss: 0.7362 | validation accuracy: 0.7971 | validation AP: 0.208
Epoch 20/50 | train loss: 0.4407 | validation loss: 0.7993 | validation accuracy: 0.8418 | validation AP: 0.2271
Epoch 21/50 | train loss: 0.4342 | validation loss: 0.7487 | validation accuracy: 0.7908 | validation AP: 0.204
Epoch 22/50 | train loss: 0.4254 | validation loss: 0.7764 | validation accuracy: 0.8244 | validation AP: 0.217
Epoch 23/50 | train loss: 0.4248 | validation loss: 0.7149 | validation accuracy: 0.7789 | validation AP: 0.2025
Epoch 24/50 | train loss: 0.4269 | validation loss: 0.7621 | validation accuracy: 0.8216 | validation AP: 0.2132
Stopping at epoch 24: validation AP has not improved for 4 epochs.
Best epoch: 20 | validation AP: 0.2271 | epochs run: 24

Validation classification report:
              precision    recall  f1-score   support

  disengaged     0.2761    0.2229    0.2467       166
     engaged     0.9004    0.9232    0.9116      1263

    accuracy                         0.8418      1429
   macro avg     0.5883    0.5730    0.5792      1429
weighted avg     0.8279    0.8418    0.8344      1429

Confusion matrix (rows: actual, columns: predicted):
[[  37  129]
 [  97 1166]]
Epoch 1/50 | train loss: 0.5966 | validation loss: 0.7346 | validation accuracy: 0.8838 | validation AP: 0.1714
Epoch 2/50 | train loss: 0.5293 | validation loss: 0.7159 | validation accuracy: 0.8803 | validation AP: 0.1665
Epoch 3/50 | train loss: 0.5206 | validation loss: 0.6804 | validation accuracy: 0.8418 | validation AP: 0.17[I 2026-10-09 02:45:52,236] Trial 6 finished with value: 0.23022083553593164 and parameters: {'hidden_size': 20, 'num_layers': 3, 'dropout': 0.1, 'learning_rate': 0.0001705053926026929, 'batch_size': 8}. Best is trial 0 with value: 0.29090172254735647.

Epoch 4/50 | train loss: 0.4979 | validation loss: 0.7004 | validation accuracy: 0.8265 | validation AP: 0.1802
Epoch 5/50 | train loss: 0.4861 | validation loss: 0.6771 | validation accuracy: 0.8062 | validation AP: 0.1849
Epoch 6/50 | train loss: 0.4697 | validation loss: 0.6746 | validation accuracy: 0.7978 | validation AP: 0.1874
Epoch 7/50 | train loss: 0.4713 | validation loss: 0.6954 | validation accuracy: 0.8062 | validation AP: 0.1894
Epoch 8/50 | train loss: 0.4564 | validation loss: 0.7255 | validation accuracy: 0.8069 | validation AP: 0.1851
Epoch 9/50 | train loss: 0.4531 | validation loss: 0.7054 | validation accuracy: 0.8006 | validation AP: 0.1859
Epoch 10/50 | train loss: 0.4614 | validation loss: 0.7088 | validation accuracy: 0.7915 | validation AP: 0.1848
Epoch 11/50 | train loss: 0.4572 | validation loss: 0.7396 | validation accuracy: 0.8118 | validation AP: 0.1905
Epoch 12/50 | train loss: 0.4471 | validation loss: 0.6978 | validation accuracy: 0.767 | validation AP: 0.1848
Epoch 13/50 | train loss: 0.4448 | validation loss: 0.7407 | validation accuracy: 0.8104 | validation AP: 0.196
Epoch 14/50 | train loss: 0.4525 | validation loss: 0.7489 | validation accuracy: 0.8167 | validation AP: 0.1966
Epoch 15/50 | train loss: 0.4449 | validation loss: 0.7649 | validation accuracy: 0.8167 | validation AP: 0.2073
Epoch 16/50 | train loss: 0.4357 | validation loss: 0.7444 | validation accuracy: 0.8048 | validation AP: 0.2079
Epoch 17/50 | train loss: 0.4365 | validation loss: 0.7572 | validation accuracy: 0.8069 | validation AP: 0.211
Epoch 18/50 | train loss: 0.4442 | validation loss: 0.7726 | validation accuracy: 0.8258 | validation AP: 0.2152
Epoch 19/50 | train loss: 0.4357 | validation loss: 0.7182 | validation accuracy: 0.7992 | validation AP: 0.2156
Epoch 20/50 | train loss: 0.4245 | validation loss: 0.7563 | validation accuracy: 0.8013 | validation AP: 0.2141
Epoch 21/50 | train loss: 0.4282 | validation loss: 0.7605 | validation accuracy: 0.809 | validation AP: 0.2166
Epoch 22/50 | train loss: 0.4273 | validation loss: 0.7606 | validation accuracy: 0.8237 | validation AP: 0.2266
Epoch 23/50 | train loss: 0.4186 | validation loss: 0.7564 | validation accuracy: 0.8104 | validation AP: 0.217
Epoch 24/50 | train loss: 0.4216 | validation loss: 0.7433 | validation accuracy: 0.7922 | validation AP: 0.2139
Epoch 25/50 | train loss: 0.4194 | validation loss: 0.756 | validation accuracy: 0.8146 | validation AP: 0.2227
Epoch 26/50 | train loss: 0.418 | validation loss: 0.7224 | validation accuracy: 0.795 | validation AP: 0.2257
Stopping at epoch 26: validation AP has not improved for 4 epochs.
Best epoch: 22 | validation AP: 0.2266 | epochs run: 26

Validation classification report:
              precision    recall  f1-score   support

  disengaged     0.2871    0.3494    0.3152       166
     engaged     0.9120    0.8860    0.8988      1263

    accuracy                         0.8237      1429
   macro avg     0.5996    0.6177    0.6070      1429
weighted avg     0.8394    0.8237    0.8310      1429

Confusion matrix (rows: actual, columns: predicted):
[[  58  108]
 [ 144 1119]]
Epoch 1/50 | train loss: 0.5784 | validation loss: 0.7439 | validation accuracy: 0.8838 | validation AP: 0.1532
Epoch 2/50 | train loss: 0.5342 | validation loss: 0.7117 | validation accuracy: 0.8838 | validation AP: 0.1582
Epoch 3/50 | train loss: 0.5206 | validation loss: 0.7371 | validation accuracy: 0.8747 | validation AP: 0.1732
Epoch 4/50 | train loss: 0.5051 | validation loss: 0.662 | validation accuracy: 0.8397 | validation AP: 0.1859
Epoch 5/50 | train loss: 0.4762 | validation loss: 0.6598 | validation accuracy: 0.823 | validation AP: 0.2052
Epoch 6/50 | train loss: 0.4677 | validation loss: 0.7024 | validation accuracy: 0.823 | validation AP: 0.2016
Epoch 7/50 | train loss: 0.4615 | validation loss: 0.697 | validation accuracy: 0.8132 | validation AP: 0.2079
Epoch 8/50 | train loss: 0.4559 | validation loss: 0.7145 | validation accuracy: 0.8321 | validation AP: 0.2169
Epoch 9/50 | train loss: 0.4523 | validation loss: 0.7554 | validation accuracy: 0.8565 | validation AP: 0.232
Epoch 10/50 | train loss: 0.4615 | validation loss: 0.7146 | validation accuracy: 0.8418 | validation AP: 0.237
Epoch 11/50 | train loss: 0.4481 | validation loss: 0.7343 | validation accuracy: 0.8383 | validation AP: 0.2309
Epoch 12/50 | train loss: 0.4418 | validation loss: 0.7263 | validation accuracy: 0.8272 | validation AP: 0.2313
Epoch 13/50 | train loss: 0.4419 | validation loss: 0.7421 | validation accuracy: 0.8209 | validation AP: 0.2301
Epoch 14/50 | train loss: 0.4417 | validation loss: 0.7011 | validation accuracy: 0.8097 | validation AP: 0.2205
Stopping at epoch 14: validation AP has not improved for 4 epochs.
Best epoch: 10 | validation AP: 0.237 | epochs run: 14

Validation classification report:
              precision    recall  f1-score   support

  disengaged     0.2826    0.2349    0.2566       166
     engaged     0.9016    0.9216    0.9115      1263

    accuracy                         0.8418      1429
   macro avg     0.5921    0.5783    0.5840      1429
weighted avg     0.8297    0.8418    0.8354      1429

Confusion matrix (rows: actual, columns: predicted):
[[  39  127]
 [  99 1164]]
Epoch 1/50 | train loss: 0.6431 | validation loss: 0.6745 | validation accuracy: 0.8013 | validation AP: 0.2464
Epoch 2/50 | train loss: 0.5976 | validation loss: 0.7042 | validation accuracy: 0.8027 | validation AP: 0.2388
Epoch 3/50 | train loss: 0.5781 | validation loss: 0.6595 | validation accuracy: 0.7327 | validation AP: 0.2536
Epoch 4/50 | train loss: 0.5728 | validation loss: 0.7013 | validation accuracy: 0.7754 | validation AP: 0.2415
Epoch 5/50 | train loss: 0.5457 | validation loss: 0.6952 | validation accuracy: 0.7943 | validation AP: 0.2493
Epoch 6/50 | train loss: 0.5353 | validation loss: 0.7977 | validation accuracy: 0.8167 | validation AP: 0.2277
Epoch 7/50 | train loss: 0.5297 | validation loss: 0.7461 | validation accuracy: 0.7838 | validation AP: 0.2478
Stopping at epoch 7: validation AP has not improved for 4 epochs.
Best epoch: 3 | validation AP: 0.2536 | epochs run: 7

Validation classification report:
              precision    recall  f1-score   support

  disengaged     0.2300    0.5542    0.3251       166
     engaged     0.9281    0.7561    0.8333      1263

    accuracy                         0.7327      1429
   macro avg     0.5790    0.6552    0.5792      1429
weighted avg     0.8470    0.7327    0.7743      1429

Confusion matrix (rows: actual, columns: predicted):
[[ 92  74]
 [308 955]]
Epoch 1/50 | train loss: 0.6343 | validation loss: 0.6669 | validation accuracy: 0.7859 | validation AP: 0.2322
Epoch 2/50 | train loss: 0.5886 | validation loss: 0.6271 | validation accuracy: 0.7096 | validation AP: 0.265
Epoch 3/50 | train loss: 0.5853 | validation loss: 0.6794 | validation accuracy: 0.7523 | validation AP: 0.2576
Epoch 4/50 | train loss: 0.5577 | validation loss: 0.6316 | validation accuracy: 0.7026 | validation AP: 0.2614
Epoch 5/50 | train loss: 0.5491 | validation loss: 0.6833 | validation accuracy: 0.7635 | validation AP: 0.2646
Epoch 6/50 | train loss: 0.5338 | validation loss: 0.6708 | validation accuracy: 0.7264 | validation AP: 0.2538
Stopping at epoch 6: validation AP has not improved for 4 epochs.
Best epoch: 2 | validation AP: 0.265 | epochs run: 6

Validation classification report:
              precision    recall  f1-score   support

  disengaged     0.2252    0.6145    0.3296       166
     engaged     0.9344    0.7221    0.8146      1263

    accuracy                         0.7096      1429
   macro avg     0.5798    0.6683    0.5721      1429
weighted avg     0.8520    0.7096    0.7583      1429

Confusion matrix (rows: actual, columns: predicted):
[[102  64]
 [351 912]]
Epoch 1/50 | train loss: 0.649 | validation loss: 0.7088 | validation accuracy: 0.809 | validation AP: 0.2313
Epoch 2/50 | train loss: 0.5935 | validation loss: 0.6606 | validation accuracy: 0.6977 | validation AP: 0.2921
Epoch 3/50 | train loss: 0.5748 | validation loss: 0.6725 | validation accuracy: 0.7341 | validation AP: 0.2769
Epoch 4/50 | train loss: 0.5585 | validation loss: 0.6711 | validation accuracy: 0.7299 | validation AP: 0.2277[I 2026-10-09 02:46:19,700] Trial 7 finished with value: 0.27022275445191213 and parameters: {'hidden_size': 40, 'num_layers': 1, 'dropout': 0.1, 'learning_rate': 0.0026698666742744613, 'batch_size': 32}. Best is trial 0 with value: 0.29090172254735647.
[I 2026-10-09 02:50:59,982] Trial 8 finished with value: 0.2766530412987238 and parameters: {'hidden_size': 66, 'num_layers': 2, 'dropout': 0.25, 'learning_rate': 0.0010402587615883842, 'batch_size': 8}. Best is trial 0 with value: 0.29090172254735647.

Epoch 5/50 | train loss: 0.5567 | validation loss: 0.6743 | validation accuracy: 0.7418 | validation AP: 0.2532
Epoch 6/50 | train loss: 0.5411 | validation loss: 0.6395 | validation accuracy: 0.6893 | validation AP: 0.2513
Stopping at epoch 6: validation AP has not improved for 4 epochs.
Best epoch: 2 | validation AP: 0.2921 | epochs run: 6

Validation classification report:
              precision    recall  f1-score   support

  disengaged     0.1977    0.5241    0.2871       166
     engaged     0.9201    0.7205    0.8082      1263

    accuracy                         0.6977      1429
   macro avg     0.5589    0.6223    0.5476      1429
weighted avg     0.8362    0.6977    0.7476      1429

Confusion matrix (rows: actual, columns: predicted):
[[ 87  79]
 [353 910]]
Epoch 1/50 | train loss: 0.5406 | validation loss: 0.7208 | validation accuracy: 0.8782 | validation AP: 0.2225
Epoch 2/50 | train loss: 0.4977 | validation loss: 0.7764 | validation accuracy: 0.874 | validation AP: 0.251
Epoch 3/50 | train loss: 0.4875 | validation loss: 0.7322 | validation accuracy: 0.8656 | validation AP: 0.2753
Epoch 4/50 | train loss: 0.4847 | validation loss: 0.6488 | validation accuracy: 0.846 | validation AP: 0.2565
Epoch 5/50 | train loss: 0.461 | validation loss: 0.6671 | validation accuracy: 0.8467 | validation AP: 0.2639
Epoch 6/50 | train loss: 0.4604 | validation loss: 0.7537 | validation accuracy: 0.8649 | validation AP: 0.26
Epoch 7/50 | train loss: 0.4554 | validation loss: 0.6725 | validation accuracy: 0.8251 | validation AP: 0.2762
Epoch 8/50 | train loss: 0.444 | validation loss: 0.82 | validation accuracy: 0.8691 | validation AP: 0.2621
Epoch 9/50 | train loss: 0.4401 | validation loss: 0.7073 | validation accuracy: 0.8432 | validation AP: 0.2144
Epoch 10/50 | train loss: 0.4319 | validation loss: 0.664 | validation accuracy: 0.7838 | validation AP: 0.2255
Epoch 11/50 | train loss: 0.4235 | validation loss: 0.7233 | validation accuracy: 0.8237 | validation AP: 0.228
Stopping at epoch 11: validation AP has not improved for 4 epochs.
Best epoch: 7 | validation AP: 0.2762 | epochs run: 11

Validation classification report:
              precision    recall  f1-score   support

  disengaged     0.2812    0.3253    0.3017       166
     engaged     0.9095    0.8907    0.9000      1263

    accuracy                         0.8251      1429
   macro avg     0.5954    0.6080    0.6008      1429
weighted avg     0.8365    0.8251    0.8305      1429

Confusion matrix (rows: actual, columns: predicted):
[[  54  112]
 [ 138 1125]]
Epoch 1/50 | train loss: 0.5344 | validation loss: 0.7797 | validation accuracy: 0.8656 | validation AP: 0.1913
Epoch 2/50 | train loss: 0.4952 | validation loss: 0.7226 | validation accuracy: 0.8307 | validation AP: 0.2364
Epoch 3/50 | train loss: 0.4882 | validation loss: 0.6882 | validation accuracy: 0.8502 | validation AP: 0.222
Epoch 4/50 | train loss: 0.4754 | validation loss: 0.748 | validation accuracy: 0.8321 | validation AP: 0.2053
Epoch 5/50 | train loss: 0.4678 | validation loss: 0.7443 | validation accuracy: 0.8516 | validation AP: 0.2611
Epoch 6/50 | train loss: 0.4613 | validation loss: 0.7017 | validation accuracy: 0.8376 | validation AP: 0.237
Epoch 7/50 | train loss: 0.4555 | validation loss: 0.7075 | validation accuracy: 0.8209 | validation AP: 0.2523
Epoch 8/50 | train loss: 0.4445 | validation loss: 0.6948 | validation accuracy: 0.8579 | validation AP: 0.2474
Epoch 9/50 | train loss: 0.4378 | validation loss: 0.7114 | validation accuracy: 0.8188 | validation AP: 0.2365
Stopping at epoch 9: validation AP has not improved for 4 epochs.
Best epoch: 5 | validation AP: 0.2611 | epochs run: 9

Validation classification report:
              precision    recall  f1-score   support

  disengaged     0.3051    0.2169    0.2535       166
     engaged     0.9008    0.9351    0.9176      1263

    accuracy                         0.8516      1429
   macro avg     0.6030    0.5760    0.5856      1429
weighted avg     0.8316    0.8516    0.8405      1429

Confusion matrix (rows: actual, columns: predicted):
[[  36  130]
 [  82 1181]]
Epoch 1/50 | train loss: 0.527 | validation loss: 0.6237 | validation accuracy: 0.816 | validation AP: 0.2325
Epoch 2/50 | train loss: 0.4935 | validation loss: 0.6729 | validation accuracy: 0.8146 | validation AP: 0.2927
Epoch 3/50 | train loss: 0.4841 | validation loss: 0.6868 | validation accuracy: 0.8425 | validation AP: 0.2858
Epoch 4/50 | train loss: 0.4743 | validation loss: 0.6598 | validation accuracy: 0.8404 | validation AP: 0.2014
Epoch 5/50 | train loss: 0.4562 | validation loss: 0.65 | validation accuracy: 0.823 | validation AP: 0.2473
Epoch 6/50 | train loss: 0.4484 | validation loss: 0.6945 | validation accuracy: 0.8286 | validation AP: 0.2206
Stopping at epoch 6: validation AP has not improved for 4 epochs.
Best epoch: 2 | validation AP: 0.2927 | epochs run: 6

Validation classification report:
              precision    recall  f1-score   support

  disengaged     0.2911    0.4157    0.3424       166
     engaged     0.9186    0.8670    0.8921      1263

    accuracy                         0.8146      1429
   macro avg     0.6049    0.6413    0.6172      1429
weighted avg     0.8457    0.8146    0.8282      1429

Confusion matrix (rows: actual, columns: predicted):
[[  69   97]
 [ 168 1095]]
Epoch 1/50 | train loss: 0.6436 | validation loss: 0.6949 | validation accuracy: 0.7803 | validation AP: 0.1868
Epoch 2/50 | train loss: 0.6074 | validation loss: 0.7744 | validation accuracy: 0.8369 | validation AP: 0.2403
Epoch 3/50 | train loss: 0.5908 | validation loss: 0.6713 | validation accuracy: 0.718 | validation AP: 0.2209
Epoch 4/50 | train loss: 0.5745 | validation loss: 0.6918 | validation accuracy: 0.7838 | validation AP: 0.2557
Epoch 5/50 | train loss: 0.5532 | validation loss: 0.6814 | validation accuracy: 0.7852 | validation AP: 0.2438
Epoch 6/50 | train loss: 0.55 | validation loss: 0.7567 | validation accuracy: 0.7978 | validation AP: 0.2489
Epoch 7/50 | train loss: 0.5367 | validation loss: 0.6964 | validation accuracy: 0.7327 | validation AP: 0.2305
Epoch 8/50 | train loss: 0.5386 | validation loss: 0.7169 | validation accuracy: 0.7803 | validation AP: 0.2456
Stopping at epoch 8: validation AP has not improved for 4 epochs.
Best epoch: 4 | validation AP: 0.2557 | epochs run: 8

Validation classification report:
              precision    recall  f1-score   support

  disengaged     0.2473    0.4217    0.3118       166
     engaged     0.9162    0.8314    0.8717      1263

    accuracy                         0.7838      1429
   macro avg     0.5818    0.6265    0.5918      1429
weighted avg     0.8385    0.7838    0.8067      1429

Confusion matrix (rows: actual, columns: predicted):
[[  70   96]
 [ 213 1050]]
Epoch 1/50 | train loss: 0.6343 | validation loss: 0.669 | validation accuracy: 0.7495 | validation AP: 0.213
Epoch 2/50 | train loss: 0.5816 | validation loss: 0.6586 | validation accuracy: 0.7362 | validation AP: 0.2262
Epoch 3/50 | train loss: 0.5811 | validation loss: 0.6896 | validation accuracy: 0.7908 | validation AP: 0.2515
Epoch 4/50 | train loss: 0.5495 | validation loss: 0.6889 | validation accuracy: 0.7551 | validation AP: 0.2251
Epoch 5/50 | train loss: 0.5399 | validation loss: 0.6898 | validation accuracy: 0.7677 | validation AP: 0.2493
Epoch 6/50 | train loss: 0.5382 | validation loss: 0.6977 | validation accuracy: 0.7446 | validation AP: 0.2389
Epoch 7/50 | train loss: 0.5223 | validation loss: 0.7708 | validation accuracy: 0.767 | validation AP: 0.2408
Stopping at epoch 7: validation AP has not improved for 4 epochs.
Best epoch: 3 | validation AP: 0.2515 | epochs run: 7

Validation classification report:
              precision    recall  f1-score   support

  disengaged     0.2564    0.4217    0.3189       166
     engaged     0.9170    0.8393    0.8764      1263

    accuracy                         0.7908      1429
   macro avg     0.5867    0.6305    0.5977      1429
weighted avg     0.8402    0.7908    0.8116      1429

Confusion matrix (rows: actual, columns: predicted):
[[  70   96]
 [ 203 1060]]
Epoch 1/50 | train loss: 0.6489 | validation loss: 0.7053 | validation accuracy: 0.8013 | validation AP: 0.2123[I 2026-10-09 02:51:45,686] Trial 9 finished with value: 0.2669353951735007 and parameters: {'hidden_size': 33, 'num_layers': 1, 'dropout': 0.1, 'learning_rate': 0.005532496914298506, 'batch_size': 32}. Best is trial 0 with value: 0.29090172254735647.
[I 2026-10-09 02:52:29,018] Trial 10 finished with value: 0.2931824048748777 and parameters: {'hidden_size': 128, 'num_layers': 3, 'dropout': 0.0, 'learning_rate': 0.0007257517601450171, 'batch_size': 64}. Best is trial 10 with value: 0.2931824048748777.

Epoch 2/50 | train loss: 0.6043 | validation loss: 0.5957 | validation accuracy: 0.5822 | validation AP: 0.2936
Epoch 3/50 | train loss: 0.5827 | validation loss: 0.6787 | validation accuracy: 0.788 | validation AP: 0.2642
Epoch 4/50 | train loss: 0.5589 | validation loss: 0.6442 | validation accuracy: 0.6256 | validation AP: 0.2059
Epoch 5/50 | train loss: 0.5664 | validation loss: 0.6359 | validation accuracy: 0.6984 | validation AP: 0.2481
Epoch 6/50 | train loss: 0.5471 | validation loss: 0.6482 | validation accuracy: 0.6368 | validation AP: 0.2459
Stopping at epoch 6: validation AP has not improved for 4 epochs.
Best epoch: 2 | validation AP: 0.2936 | epochs run: 6

Validation classification report:
              precision    recall  f1-score   support

  disengaged     0.1807    0.7349    0.2901       166
     engaged     0.9416    0.5622    0.7040      1263

    accuracy                         0.5822      1429
   macro avg     0.5612    0.6485    0.4971      1429
weighted avg     0.8533    0.5822    0.6559      1429

Confusion matrix (rows: actual, columns: predicted):
[[122  44]
 [553 710]]
Epoch 1/50 | train loss: 0.6675 | validation loss: 0.6814 | validation accuracy: 0.7649 | validation AP: 0.196
Epoch 2/50 | train loss: 0.6274 | validation loss: 0.6221 | validation accuracy: 0.7348 | validation AP: 0.2463
Epoch 3/50 | train loss: 0.6043 | validation loss: 0.6496 | validation accuracy: 0.7026 | validation AP: 0.2532
Epoch 4/50 | train loss: 0.5975 | validation loss: 0.6577 | validation accuracy: 0.7397 | validation AP: 0.2502
Epoch 5/50 | train loss: 0.5865 | validation loss: 0.6236 | validation accuracy: 0.7068 | validation AP: 0.2646
Epoch 6/50 | train loss: 0.5729 | validation loss: 0.6667 | validation accuracy: 0.739 | validation AP: 0.2419
Epoch 7/50 | train loss: 0.5759 | validation loss: 0.6699 | validation accuracy: 0.767 | validation AP: 0.2896
Epoch 8/50 | train loss: 0.5787 | validation loss: 0.7075 | validation accuracy: 0.7488 | validation AP: 0.2434
Epoch 9/50 | train loss: 0.6143 | validation loss: 0.6445 | validation accuracy: 0.6998 | validation AP: 0.2364
Epoch 10/50 | train loss: 0.5906 | validation loss: 0.6343 | validation accuracy: 0.6809 | validation AP: 0.2686
Epoch 11/50 | train loss: 0.5573 | validation loss: 0.719 | validation accuracy: 0.6935 | validation AP: 0.2396
Stopping at epoch 11: validation AP has not improved for 4 epochs.
Best epoch: 7 | validation AP: 0.2896 | epochs run: 11

Validation classification report:
              precision    recall  f1-score   support

  disengaged     0.2551    0.5241    0.3432       166
     engaged     0.9274    0.7989    0.8584      1263

    accuracy                         0.7670      1429
   macro avg     0.5913    0.6615    0.6008      1429
weighted avg     0.8493    0.7670    0.7985      1429

Confusion matrix (rows: actual, columns: predicted):
[[  87   79]
 [ 254 1009]]
Epoch 1/50 | train loss: 0.6566 | validation loss: 0.6914 | validation accuracy: 0.7306 | validation AP: 0.1753
Epoch 2/50 | train loss: 0.6263 | validation loss: 0.5955 | validation accuracy: 0.6669 | validation AP: 0.2763
Epoch 3/50 | train loss: 0.6052 | validation loss: 0.6487 | validation accuracy: 0.7047 | validation AP: 0.2478
Epoch 4/50 | train loss: 0.5922 | validation loss: 0.6007 | validation accuracy: 0.7054 | validation AP: 0.295
Epoch 5/50 | train loss: 0.5838 | validation loss: 0.6346 | validation accuracy: 0.7166 | validation AP: 0.2726
Epoch 6/50 | train loss: 0.5716 | validation loss: 0.6509 | validation accuracy: 0.7362 | validation AP: 0.2575
Epoch 7/50 | train loss: 0.5726 | validation loss: 0.6781 | validation accuracy: 0.7453 | validation AP: 0.2795
Epoch 8/50 | train loss: 0.5634 | validation loss: 0.7761 | validation accuracy: 0.753 | validation AP: 0.2433
Stopping at epoch 8: validation AP has not improved for 4 epochs.
Best epoch: 4 | validation AP: 0.295 | epochs run: 8

Validation classification report:
              precision    recall  f1-score   support

  disengaged     0.2246    0.6265    0.3307       166
     engaged     0.9358    0.7158    0.8111      1263

    accuracy                         0.7054      1429
   macro avg     0.5802    0.6711    0.5709      1429
weighted avg     0.8532    0.7054    0.7553      1429

Confusion matrix (rows: actual, columns: predicted):
[[104  62]
 [359 904]]
Epoch 1/50 | train loss: 0.6691 | validation loss: 0.7608 | validation accuracy: 0.8251 | validation AP: 0.2069
Epoch 2/50 | train loss: 0.6092 | validation loss: 0.6247 | validation accuracy: 0.6382 | validation AP: 0.2765
Epoch 3/50 | train loss: 0.5972 | validation loss: 0.6598 | validation accuracy: 0.7166 | validation AP: 0.2949
Epoch 4/50 | train loss: 0.5956 | validation loss: 0.6635 | validation accuracy: 0.7313 | validation AP: 0.2445
Epoch 5/50 | train loss: 0.5758 | validation loss: 0.6345 | validation accuracy: 0.6893 | validation AP: 0.2662
Epoch 6/50 | train loss: 0.572 | validation loss: 0.6115 | validation accuracy: 0.5829 | validation AP: 0.2598
Epoch 7/50 | train loss: 0.5679 | validation loss: 0.6726 | validation accuracy: 0.6879 | validation AP: 0.2586
Stopping at epoch 7: validation AP has not improved for 4 epochs.
Best epoch: 3 | validation AP: 0.2949 | epochs run: 7

Validation classification report:
              precision    recall  f1-score   support

  disengaged     0.2240    0.5843    0.3239       166
     engaged     0.9307    0.7340    0.8207      1263

    accuracy                         0.7166      1429
   macro avg     0.5774    0.6592    0.5723      1429
weighted avg     0.8486    0.7166    0.7630      1429

Confusion matrix (rows: actual, columns: predicted):
[[ 97  69]
 [336 927]]
Epoch 1/50 | train loss: 0.6854 | validation loss: 0.742 | validation accuracy: 0.8768 | validation AP: 0.1833
Epoch 2/50 | train loss: 0.6587 | validation loss: 0.7066 | validation accuracy: 0.7649 | validation AP: 0.2851
Epoch 3/50 | train loss: 0.6347 | validation loss: 0.6835 | validation accuracy: 0.8188 | validation AP: 0.249
Epoch 4/50 | train loss: 0.6581 | validation loss: 0.6545 | validation accuracy: 0.7306 | validation AP: 0.2129
Epoch 5/50 | train loss: 0.6271 | validation loss: 0.6951 | validation accuracy: 0.7614 | validation AP: 0.1856
Epoch 6/50 | train loss: 0.6013 | validation loss: 0.6969 | validation accuracy: 0.8348 | validation AP: 0.2237
Stopping at epoch 6: validation AP has not improved for 4 epochs.
Best epoch: 2 | validation AP: 0.2851 | epochs run: 6

Validation classification report:
              precision    recall  f1-score   support

  disengaged     0.2393    0.4699    0.3171       166
     engaged     0.9202    0.8036    0.8580      1263

    accuracy                         0.7649      1429
   macro avg     0.5797    0.6368    0.5875      1429
weighted avg     0.8411    0.7649    0.7952      1429

Confusion matrix (rows: actual, columns: predicted):
[[  78   88]
 [ 248 1015]]
Epoch 1/50 | train loss: 0.6549 | validation loss: 0.7526 | validation accuracy: 0.8286 | validation AP: 0.1866
Epoch 2/50 | train loss: 0.6457 | validation loss: 0.6186 | validation accuracy: 0.7201 | validation AP: 0.3119
Epoch 3/50 | train loss: 0.6177 | validation loss: 0.6183 | validation accuracy: 0.7607 | validation AP: 0.2871
Epoch 4/50 | train loss: 0.6112 | validation loss: 0.6861 | validation accuracy: 0.7831 | validation AP: 0.2214
Epoch 5/50 | train loss: 0.6092 | validation loss: 0.6317 | validation accuracy: 0.6795 | validation AP: 0.2634
Epoch 6/50 | train loss: 0.5944 | validation loss: 0.5984 | validation accuracy: 0.6844 | validation AP: 0.2191
Stopping at epoch 6: validation AP has not improved for 4 epochs.
Best epoch: 2 | validation AP: 0.3119 | epochs run: 6

Validation classification report:
              precision    recall  f1-score   support

  disengaged     0.2457    0.6807    0.3610       166
     engaged     0.9453    0.7253    0.8208      1263

    accuracy                         0.7201      1429
   macro avg     0.5955    0.7030    0.5909      1429
weighted avg     0.8640    0.7201    0.7674      1429

Confusion matrix (rows: actual, columns: predicted):
[[113  53]
 [347 916]]
Epoch 1/50 | train loss: 0.6719 | validation loss: 0.6468 | validation accuracy: 0.7523 | validation AP: 0.2097[I 2026-10-09 02:53:00,424] Trial 11 finished with value: 0.3037276059510727 and parameters: {'hidden_size': 112, 'num_layers': 3, 'dropout': 0.0, 'learning_rate': 0.0053918838636393225, 'batch_size': 64}. Best is trial 11 with value: 0.3037276059510727.
[I 2026-10-09 02:53:48,450] Trial 12 finished with value: 0.28023754376029847 and parameters: {'hidden_size': 115, 'num_layers': 3, 'dropout': 0.0, 'learning_rate': 0.0002439526715325055, 'batch_size': 64}. Best is trial 11 with value: 0.3037276059510727.

Epoch 2/50 | train loss: 0.6312 | validation loss: 0.6115 | validation accuracy: 0.7152 | validation AP: 0.2842
Epoch 3/50 | train loss: 0.6298 | validation loss: 0.6453 | validation accuracy: 0.8139 | validation AP: 0.3142
Epoch 4/50 | train loss: 0.6215 | validation loss: 0.6932 | validation accuracy: 0.8481 | validation AP: 0.2607
Epoch 5/50 | train loss: 0.5967 | validation loss: 0.6545 | validation accuracy: 0.7838 | validation AP: 0.2963
Epoch 6/50 | train loss: 0.5745 | validation loss: 0.6519 | validation accuracy: 0.7544 | validation AP: 0.2633
Epoch 7/50 | train loss: 0.5797 | validation loss: 0.7167 | validation accuracy: 0.7789 | validation AP: 0.2541
Stopping at epoch 7: validation AP has not improved for 4 epochs.
Best epoch: 3 | validation AP: 0.3142 | epochs run: 7

Validation classification report:
              precision    recall  f1-score   support

  disengaged     0.2934    0.4277    0.3480       166
     engaged     0.9200    0.8646    0.8914      1263

    accuracy                         0.8139      1429
   macro avg     0.6067    0.6462    0.6197      1429
weighted avg     0.8472    0.8139    0.8283      1429

Confusion matrix (rows: actual, columns: predicted):
[[  71   95]
 [ 171 1092]]
Epoch 1/50 | train loss: 0.6835 | validation loss: 0.6647 | validation accuracy: 0.676 | validation AP: 0.1994
Epoch 2/50 | train loss: 0.6355 | validation loss: 0.6714 | validation accuracy: 0.6858 | validation AP: 0.1768
Epoch 3/50 | train loss: 0.616 | validation loss: 0.6393 | validation accuracy: 0.655 | validation AP: 0.2023
Epoch 4/50 | train loss: 0.6005 | validation loss: 0.6521 | validation accuracy: 0.7432 | validation AP: 0.25
Epoch 5/50 | train loss: 0.5913 | validation loss: 0.6147 | validation accuracy: 0.6851 | validation AP: 0.2647
Epoch 6/50 | train loss: 0.5815 | validation loss: 0.642 | validation accuracy: 0.6774 | validation AP: 0.2577
Epoch 7/50 | train loss: 0.5777 | validation loss: 0.6724 | validation accuracy: 0.7257 | validation AP: 0.2641
Epoch 8/50 | train loss: 0.567 | validation loss: 0.7062 | validation accuracy: 0.7271 | validation AP: 0.2662
Epoch 9/50 | train loss: 0.5609 | validation loss: 0.6737 | validation accuracy: 0.6879 | validation AP: 0.2459
Epoch 10/50 | train loss: 0.563 | validation loss: 0.6573 | validation accuracy: 0.6865 | validation AP: 0.2659
Epoch 11/50 | train loss: 0.5531 | validation loss: 0.7046 | validation accuracy: 0.7257 | validation AP: 0.2546
Epoch 12/50 | train loss: 0.5535 | validation loss: 0.7084 | validation accuracy: 0.7418 | validation AP: 0.2298
Stopping at epoch 12: validation AP has not improved for 4 epochs.
Best epoch: 8 | validation AP: 0.2662 | epochs run: 12

Validation classification report:
              precision    recall  f1-score   support

  disengaged     0.2128    0.5000    0.2986       166
     engaged     0.9201    0.7569    0.8306      1263

    accuracy                         0.7271      1429
   macro avg     0.5665    0.6285    0.5646      1429
weighted avg     0.8380    0.7271    0.7688      1429

Confusion matrix (rows: actual, columns: predicted):
[[ 83  83]
 [307 956]]
Epoch 1/50 | train loss: 0.691 | validation loss: 0.7018 | validation accuracy: 0.7705 | validation AP: 0.1644
Epoch 2/50 | train loss: 0.637 | validation loss: 0.6394 | validation accuracy: 0.6795 | validation AP: 0.2197
Epoch 3/50 | train loss: 0.6101 | validation loss: 0.6431 | validation accuracy: 0.6851 | validation AP: 0.2187
Epoch 4/50 | train loss: 0.586 | validation loss: 0.6044 | validation accuracy: 0.7026 | validation AP: 0.2936
Epoch 5/50 | train loss: 0.5818 | validation loss: 0.6199 | validation accuracy: 0.6921 | validation AP: 0.2602
Epoch 6/50 | train loss: 0.5715 | validation loss: 0.6688 | validation accuracy: 0.7376 | validation AP: 0.2551
Epoch 7/50 | train loss: 0.5715 | validation loss: 0.6654 | validation accuracy: 0.7201 | validation AP: 0.26
Epoch 8/50 | train loss: 0.57 | validation loss: 0.7216 | validation accuracy: 0.7187 | validation AP: 0.2357
Stopping at epoch 8: validation AP has not improved for 4 epochs.
Best epoch: 4 | validation AP: 0.2936 | epochs run: 8

Validation classification report:
              precision    recall  f1-score   support

  disengaged     0.2227    0.6265    0.3286       166
     engaged     0.9356    0.7126    0.8090      1263

    accuracy                         0.7026      1429
   macro avg     0.5791    0.6695    0.5688      1429
weighted avg     0.8527    0.7026    0.7532      1429

Confusion matrix (rows: actual, columns: predicted):
[[104  62]
 [363 900]]
Epoch 1/50 | train loss: 0.687 | validation loss: 0.711 | validation accuracy: 0.8565 | validation AP: 0.1881
Epoch 2/50 | train loss: 0.6389 | validation loss: 0.6906 | validation accuracy: 0.6949 | validation AP: 0.1781
Epoch 3/50 | train loss: 0.6158 | validation loss: 0.6669 | validation accuracy: 0.7215 | validation AP: 0.2028
Epoch 4/50 | train loss: 0.6022 | validation loss: 0.6453 | validation accuracy: 0.732 | validation AP: 0.2474
Epoch 5/50 | train loss: 0.587 | validation loss: 0.6126 | validation accuracy: 0.6683 | validation AP: 0.281
Epoch 6/50 | train loss: 0.5812 | validation loss: 0.6436 | validation accuracy: 0.6725 | validation AP: 0.2424
Epoch 7/50 | train loss: 0.5787 | validation loss: 0.6497 | validation accuracy: 0.6844 | validation AP: 0.2454
Epoch 8/50 | train loss: 0.5741 | validation loss: 0.6457 | validation accuracy: 0.655 | validation AP: 0.2638
Epoch 9/50 | train loss: 0.57 | validation loss: 0.6849 | validation accuracy: 0.718 | validation AP: 0.2593
Stopping at epoch 9: validation AP has not improved for 4 epochs.
Best epoch: 5 | validation AP: 0.281 | epochs run: 9

Validation classification report:
              precision    recall  f1-score   support

  disengaged     0.2050    0.6446    0.3110       166
     engaged     0.9350    0.6714    0.7816      1263

    accuracy                         0.6683      1429
   macro avg     0.5700    0.6580    0.5463      1429
weighted avg     0.8502    0.6683    0.7269      1429

Confusion matrix (rows: actual, columns: predicted):
[[107  59]
 [415 848]]
Epoch 1/50 | train loss: 0.6799 | validation loss: 0.7664 | validation accuracy: 0.8789 | validation AP: 0.1844
Epoch 2/50 | train loss: 0.6881 | validation loss: 0.7033 | validation accuracy: 0.8041 | validation AP: 0.1578
Epoch 3/50 | train loss: 0.6813 | validation loss: 0.7167 | validation accuracy: 0.8272 | validation AP: 0.1515
Epoch 4/50 | train loss: 0.6886 | validation loss: 0.6642 | validation accuracy: 0.6039 | validation AP: 0.1659
Epoch 5/50 | train loss: 0.676 | validation loss: 0.7165 | validation accuracy: 0.6599 | validation AP: 0.145
Stopping at epoch 5: validation AP has not improved for 4 epochs.
Best epoch: 1 | validation AP: 0.1844 | epochs run: 5

Validation classification report:
              precision    recall  f1-score   support

  disengaged     0.2941    0.0301    0.0546       166
     engaged     0.8860    0.9905    0.9353      1263

    accuracy                         0.8789      1429
   macro avg     0.5900    0.5103    0.4950      1429
weighted avg     0.8172    0.8789    0.8330      1429

Confusion matrix (rows: actual, columns: predicted):
[[   5  161]
 [  12 1251]]
Epoch 1/50 | train loss: 0.6568 | validation loss: 0.7735 | validation accuracy: 0.846 | validation AP: 0.2008
Epoch 2/50 | train loss: 0.6485 | validation loss: 0.6063 | validation accuracy: 0.718 | validation AP: 0.2756
Epoch 3/50 | train loss: 0.6321 | validation loss: 0.6346 | validation accuracy: 0.795 | validation AP: 0.2985
Epoch 4/50 | train loss: 0.6079 | validation loss: 0.6237 | validation accuracy: 0.7411 | validation AP: 0.2955
Epoch 5/50 | train loss: 0.5824 | validation loss: 0.6368 | validation accuracy: 0.7383 | validation AP: 0.2416
Epoch 6/50 | train loss: 0.599 | validation loss: 0.6612 | validation accuracy: 0.6529 | validation AP: 0.1903
Epoch 7/50 | train loss: 0.588 | validation loss: 0.6445 | validation accuracy: 0.7628 | validation AP: 0.2857
Stopping at epoch 7: validation AP has not improved for 4 epochs.
Best epoch: 3 | validation AP: 0.2985 | epochs run: 7

Validation classification report:
              precision    recall  f1-score   support

  disengaged     0.2724    0.4578    0.3416       166
     engaged     0.9217    0.8393    0.8786      1263

    accuracy                         0.7950      1429
   macro avg     0.5971    0.6486    0.6101      1429
weighted avg     0.8463    0.7950    0.8162      1429
[I 2026-10-09 02:54:17,430] Trial 13 finished with value: 0.26159515491635316 and parameters: {'hidden_size': 98, 'num_layers': 3, 'dropout': 0.0, 'learning_rate': 0.00654026014620406, 'batch_size': 64}. Best is trial 11 with value: 0.3037276059510727.
[I 2026-10-09 02:54:49,920] Trial 14 finished with value: 0.2907524334268926 and parameters: {'hidden_size': 118, 'num_layers': 3, 'dropout': 0.0, 'learning_rate': 0.0016447136862487019, 'batch_size': 64}. Best is trial 11 with value: 0.3037276059510727.

Confusion matrix (rows: actual, columns: predicted):
[[  76   90]
 [ 203 1060]]
Epoch 1/50 | train loss: 0.6927 | validation loss: 0.7161 | validation accuracy: 0.8474 | validation AP: 0.1857
Epoch 2/50 | train loss: 0.6315 | validation loss: 0.6029 | validation accuracy: 0.7257 | validation AP: 0.3019
Epoch 3/50 | train loss: 0.6281 | validation loss: 0.7793 | validation accuracy: 0.8348 | validation AP: 0.2198
Epoch 4/50 | train loss: 0.631 | validation loss: 0.6422 | validation accuracy: 0.662 | validation AP: 0.2128
Epoch 5/50 | train loss: 0.6166 | validation loss: 0.688 | validation accuracy: 0.7922 | validation AP: 0.2488
Epoch 6/50 | train loss: 0.5791 | validation loss: 0.6562 | validation accuracy: 0.7208 | validation AP: 0.2678
Stopping at epoch 6: validation AP has not improved for 4 epochs.
Best epoch: 2 | validation AP: 0.3019 | epochs run: 6

Validation classification report:
              precision    recall  f1-score   support

  disengaged     0.2347    0.6024    0.3378       166
     engaged     0.9342    0.7419    0.8270      1263

    accuracy                         0.7257      1429
   macro avg     0.5845    0.6721    0.5824      1429
weighted avg     0.8529    0.7257    0.7702      1429

Confusion matrix (rows: actual, columns: predicted):
[[100  66]
 [326 937]]
Epoch 1/50 | train loss: 0.6689 | validation loss: 0.6457 | validation accuracy: 0.7117 | validation AP: 0.2214
Epoch 2/50 | train loss: 0.6315 | validation loss: 0.623 | validation accuracy: 0.7565 | validation AP: 0.2747
Epoch 3/50 | train loss: 0.6049 | validation loss: 0.6363 | validation accuracy: 0.7509 | validation AP: 0.2684
Epoch 4/50 | train loss: 0.6033 | validation loss: 0.6723 | validation accuracy: 0.7775 | validation AP: 0.2682
Epoch 5/50 | train loss: 0.5834 | validation loss: 0.6316 | validation accuracy: 0.7467 | validation AP: 0.2515
Epoch 6/50 | train loss: 0.5774 | validation loss: 0.6779 | validation accuracy: 0.7985 | validation AP: 0.2717
Stopping at epoch 6: validation AP has not improved for 4 epochs.
Best epoch: 2 | validation AP: 0.2747 | epochs run: 6

Validation classification report:
              precision    recall  f1-score   support

  disengaged     0.2527    0.5602    0.3483       166
     engaged     0.9312    0.7823    0.8503      1263

    accuracy                         0.7565      1429
   macro avg     0.5920    0.6713    0.5993      1429
weighted avg     0.8524    0.7565    0.7919      1429

Confusion matrix (rows: actual, columns: predicted):
[[ 93  73]
 [275 988]]
Epoch 1/50 | train loss: 0.6537 | validation loss: 0.6808 | validation accuracy: 0.7397 | validation AP: 0.1976
Epoch 2/50 | train loss: 0.6232 | validation loss: 0.5847 | validation accuracy: 0.7061 | validation AP: 0.2925
Epoch 3/50 | train loss: 0.6112 | validation loss: 0.6413 | validation accuracy: 0.7677 | validation AP: 0.2844
Epoch 4/50 | train loss: 0.5932 | validation loss: 0.626 | validation accuracy: 0.7222 | validation AP: 0.2996
Epoch 5/50 | train loss: 0.5675 | validation loss: 0.6432 | validation accuracy: 0.7474 | validation AP: 0.2862
Epoch 6/50 | train loss: 0.5649 | validation loss: 0.6442 | validation accuracy: 0.6935 | validation AP: 0.2429
Epoch 7/50 | train loss: 0.5732 | validation loss: 0.6799 | validation accuracy: 0.7488 | validation AP: 0.2809
Epoch 8/50 | train loss: 0.5622 | validation loss: 0.7542 | validation accuracy: 0.7915 | validation AP: 0.26
Stopping at epoch 8: validation AP has not improved for 4 epochs.
Best epoch: 4 | validation AP: 0.2996 | epochs run: 8

Validation classification report:
              precision    recall  f1-score   support

  disengaged     0.2295    0.5904    0.3305       166
     engaged     0.9321    0.7395    0.8247      1263

    accuracy                         0.7222      1429
   macro avg     0.5808    0.6649    0.5776      1429
weighted avg     0.8505    0.7222    0.7673      1429

Confusion matrix (rows: actual, columns: predicted):
[[ 98  68]
 [329 934]]
Epoch 1/50 | train loss: 0.6705 | validation loss: 0.6935 | validation accuracy: 0.7866 | validation AP: 0.2326
Epoch 2/50 | train loss: 0.6114 | validation loss: 0.5954 | validation accuracy: 0.6165 | validation AP: 0.298
Epoch 3/50 | train loss: 0.6044 | validation loss: 0.6558 | validation accuracy: 0.7194 | validation AP: 0.29
Epoch 4/50 | train loss: 0.5998 | validation loss: 0.6803 | validation accuracy: 0.8013 | validation AP: 0.2663
Epoch 5/50 | train loss: 0.5819 | validation loss: 0.6322 | validation accuracy: 0.7075 | validation AP: 0.2886
Epoch 6/50 | train loss: 0.5678 | validation loss: 0.5983 | validation accuracy: 0.6396 | validation AP: 0.2873
Stopping at epoch 6: validation AP has not improved for 4 epochs.
Best epoch: 2 | validation AP: 0.298 | epochs run: 6

Validation classification report:
              precision    recall  f1-score   support

  disengaged     0.1869    0.6867    0.2938       166
     engaged     0.9365    0.6073    0.7368      1263

    accuracy                         0.6165      1429
   macro avg     0.5617    0.6470    0.5153      1429
weighted avg     0.8494    0.6165    0.6853      1429

Confusion matrix (rows: actual, columns: predicted):
[[114  52]
 [496 767]]
Epoch 1/50 | train loss: 0.6531 | validation loss: 0.6574 | validation accuracy: 0.7215 | validation AP: 0.2402
Epoch 2/50 | train loss: 0.6187 | validation loss: 0.636 | validation accuracy: 0.7656 | validation AP: 0.2886
Epoch 3/50 | train loss: 0.6011 | validation loss: 0.6152 | validation accuracy: 0.7026 | validation AP: 0.2572
Epoch 4/50 | train loss: 0.5927 | validation loss: 0.6708 | validation accuracy: 0.7495 | validation AP: 0.2362
Epoch 5/50 | train loss: 0.5783 | validation loss: 0.6721 | validation accuracy: 0.7404 | validation AP: 0.2363
Epoch 6/50 | train loss: 0.57 | validation loss: 0.6583 | validation accuracy: 0.7222 | validation AP: 0.237
Stopping at epoch 6: validation AP has not improved for 4 epochs.
Best epoch: 2 | validation AP: 0.2886 | epochs run: 6

Validation classification report:
              precision    recall  f1-score   support

  disengaged     0.2633    0.5663    0.3595       166
     engaged     0.9328    0.7918    0.8565      1263

    accuracy                         0.7656      1429
   macro avg     0.5981    0.6790    0.6080      1429
weighted avg     0.8551    0.7656    0.7988      1429

Confusion matrix (rows: actual, columns: predicted):
[[  94   72]
 [ 263 1000]]
Epoch 1/50 | train loss: 0.653 | validation loss: 0.6807 | validation accuracy: 0.7166 | validation AP: 0.1855
Epoch 2/50 | train loss: 0.6206 | validation loss: 0.6001 | validation accuracy: 0.7208 | validation AP: 0.3068
Epoch 3/50 | train loss: 0.6056 | validation loss: 0.6409 | validation accuracy: 0.7145 | validation AP: 0.2739
Epoch 4/50 | train loss: 0.5887 | validation loss: 0.6086 | validation accuracy: 0.7124 | validation AP: 0.2869
Epoch 5/50 | train loss: 0.5761 | validation loss: 0.6406 | validation accuracy: 0.753 | validation AP: 0.25
Epoch 6/50 | train loss: 0.5652 | validation loss: 0.6481 | validation accuracy: 0.7488 | validation AP: 0.2213
Stopping at epoch 6: validation AP has not improved for 4 epochs.
Best epoch: 2 | validation AP: 0.3068 | epochs run: 6

Validation classification report:
              precision    recall  f1-score   support

  disengaged     0.2405    0.6506    0.3512       166
     engaged     0.9408    0.7300    0.8221      1263

    accuracy                         0.7208      1429
   macro avg     0.5907    0.6903    0.5867      1429
weighted avg     0.8595    0.7208    0.7674      1429

Confusion matrix (rows: actual, columns: predicted):
[[108  58]
 [341 922]]
Epoch 1/50 | train loss: 0.6604 | validation loss: 0.7005 | validation accuracy: 0.7971 | validation AP: 0.2432
Epoch 2/50 | train loss: 0.603 | validation loss: 0.6087 | validation accuracy: 0.592 | validation AP: 0.2834
Epoch 3/50 | train loss: 0.6055 | validation loss: 0.6298 | validation accuracy: 0.7523 | validation AP: 0.3001
Epoch 4/50 | train loss: 0.5927 | validation loss: 0.6542 | validation accuracy: 0.6949 | validation AP: 0.2551
Epoch 5/50 | train loss: 0.5781 | validation loss: 0.6289 | validation accuracy: 0.6466 | validation AP: 0.2555[I 2026-10-09 02:57:21,836] Trial 15 finished with value: 0.2984923003995737 and parameters: {'hidden_size': 178, 'num_layers': 2, 'dropout': 0.0, 'learning_rate': 0.000719451840460534, 'batch_size': 64}. Best is trial 11 with value: 0.3037276059510727.
[I 2026-10-09 02:58:06,931] Trial 16 finished with value: 0.27461382051991917 and parameters: {'hidden_size': 83, 'num_layers': 2, 'dropout': 0.0, 'learning_rate': 0.00017635449863951286, 'batch_size': 64}. Best is trial 11 with value: 0.3037276059510727.

Epoch 6/50 | train loss: 0.5692 | validation loss: 0.6196 | validation accuracy: 0.5703 | validation AP: 0.2029
Epoch 7/50 | train loss: 0.5651 | validation loss: 0.6673 | validation accuracy: 0.6893 | validation AP: 0.2474
Stopping at epoch 7: validation AP has not improved for 4 epochs.
Best epoch: 3 | validation AP: 0.3001 | epochs run: 7

Validation classification report:
              precision    recall  f1-score   support

  disengaged     0.2513    0.5723    0.3493       166
     engaged     0.9324    0.7759    0.8470      1263

    accuracy                         0.7523      1429
   macro avg     0.5919    0.6741    0.5981      1429
weighted avg     0.8533    0.7523    0.7892      1429

Confusion matrix (rows: actual, columns: predicted):
[[ 95  71]
 [283 980]]
Epoch 1/50 | train loss: 0.6898 | validation loss: 0.7001 | validation accuracy: 0.8355 | validation AP: 0.1868
Epoch 2/50 | train loss: 0.6739 | validation loss: 0.7017 | validation accuracy: 0.7635 | validation AP: 0.1868
Epoch 3/50 | train loss: 0.6231 | validation loss: 0.6607 | validation accuracy: 0.6809 | validation AP: 0.1943
Epoch 4/50 | train loss: 0.6039 | validation loss: 0.6601 | validation accuracy: 0.7201 | validation AP: 0.2215
Epoch 5/50 | train loss: 0.5951 | validation loss: 0.6394 | validation accuracy: 0.7173 | validation AP: 0.239
Epoch 6/50 | train loss: 0.5841 | validation loss: 0.6306 | validation accuracy: 0.6942 | validation AP: 0.2655
Epoch 7/50 | train loss: 0.5818 | validation loss: 0.6433 | validation accuracy: 0.7019 | validation AP: 0.2608
Epoch 8/50 | train loss: 0.5724 | validation loss: 0.6793 | validation accuracy: 0.7257 | validation AP: 0.2707
Epoch 9/50 | train loss: 0.564 | validation loss: 0.658 | validation accuracy: 0.6781 | validation AP: 0.2557
Epoch 10/50 | train loss: 0.5705 | validation loss: 0.6399 | validation accuracy: 0.6816 | validation AP: 0.2772
Epoch 11/50 | train loss: 0.5619 | validation loss: 0.6985 | validation accuracy: 0.711 | validation AP: 0.2512
Epoch 12/50 | train loss: 0.5649 | validation loss: 0.6832 | validation accuracy: 0.6991 | validation AP: 0.25
Epoch 13/50 | train loss: 0.5603 | validation loss: 0.6879 | validation accuracy: 0.7061 | validation AP: 0.2596
Epoch 14/50 | train loss: 0.5571 | validation loss: 0.6661 | validation accuracy: 0.6886 | validation AP: 0.26
Stopping at epoch 14: validation AP has not improved for 4 epochs.
Best epoch: 10 | validation AP: 0.2772 | epochs run: 14

Validation classification report:
              precision    recall  f1-score   support

  disengaged     0.2033    0.5964    0.3032       166
     engaged     0.9289    0.6928    0.7937      1263

    accuracy                         0.6816      1429
   macro avg     0.5661    0.6446    0.5484      1429
weighted avg     0.8446    0.6816    0.7367      1429

Confusion matrix (rows: actual, columns: predicted):
[[ 99  67]
 [388 875]]
Epoch 1/50 | train loss: 0.6885 | validation loss: 0.7015 | validation accuracy: 0.8558 | validation AP: 0.1802
Epoch 2/50 | train loss: 0.6688 | validation loss: 0.651 | validation accuracy: 0.6683 | validation AP: 0.1933
Epoch 3/50 | train loss: 0.6221 | validation loss: 0.659 | validation accuracy: 0.6998 | validation AP: 0.1935
Epoch 4/50 | train loss: 0.6028 | validation loss: 0.6406 | validation accuracy: 0.7026 | validation AP: 0.2141
Epoch 5/50 | train loss: 0.5914 | validation loss: 0.6308 | validation accuracy: 0.711 | validation AP: 0.2401
Epoch 6/50 | train loss: 0.5798 | validation loss: 0.6689 | validation accuracy: 0.739 | validation AP: 0.2461
Epoch 7/50 | train loss: 0.5785 | validation loss: 0.6655 | validation accuracy: 0.7208 | validation AP: 0.2535
Epoch 8/50 | train loss: 0.5746 | validation loss: 0.6935 | validation accuracy: 0.7229 | validation AP: 0.2467
Epoch 9/50 | train loss: 0.5709 | validation loss: 0.6244 | validation accuracy: 0.6746 | validation AP: 0.269
Epoch 10/50 | train loss: 0.5676 | validation loss: 0.6641 | validation accuracy: 0.6844 | validation AP: 0.2478
Epoch 11/50 | train loss: 0.5553 | validation loss: 0.704 | validation accuracy: 0.718 | validation AP: 0.2542
Epoch 12/50 | train loss: 0.5761 | validation loss: 0.6887 | validation accuracy: 0.7026 | validation AP: 0.2521
Epoch 13/50 | train loss: 0.5572 | validation loss: 0.7153 | validation accuracy: 0.7278 | validation AP: 0.2517
Stopping at epoch 13: validation AP has not improved for 4 epochs.
Best epoch: 9 | validation AP: 0.269 | epochs run: 13

Validation classification report:
              precision    recall  f1-score   support

  disengaged     0.2051    0.6265    0.3091       166
     engaged     0.9328    0.6809    0.7872      1263

    accuracy                         0.6746      1429
   macro avg     0.5689    0.6537    0.5481      1429
weighted avg     0.8482    0.6746    0.7316      1429

Confusion matrix (rows: actual, columns: predicted):
[[104  62]
 [403 860]]
Epoch 1/50 | train loss: 0.6876 | validation loss: 0.6969 | validation accuracy: 0.8418 | validation AP: 0.2211
Epoch 2/50 | train loss: 0.6638 | validation loss: 0.6634 | validation accuracy: 0.6963 | validation AP: 0.2065
Epoch 3/50 | train loss: 0.6243 | validation loss: 0.671 | validation accuracy: 0.7376 | validation AP: 0.2171
Epoch 4/50 | train loss: 0.6094 | validation loss: 0.6701 | validation accuracy: 0.7467 | validation AP: 0.2339
Epoch 5/50 | train loss: 0.5971 | validation loss: 0.6441 | validation accuracy: 0.7243 | validation AP: 0.2489
Epoch 6/50 | train loss: 0.5874 | validation loss: 0.6618 | validation accuracy: 0.7292 | validation AP: 0.2508
Epoch 7/50 | train loss: 0.5861 | validation loss: 0.6617 | validation accuracy: 0.7362 | validation AP: 0.2596
Epoch 8/50 | train loss: 0.5742 | validation loss: 0.6456 | validation accuracy: 0.6809 | validation AP: 0.2678
Epoch 9/50 | train loss: 0.5654 | validation loss: 0.6915 | validation accuracy: 0.7271 | validation AP: 0.2516
Epoch 10/50 | train loss: 0.5717 | validation loss: 0.6613 | validation accuracy: 0.6977 | validation AP: 0.2757
Epoch 11/50 | train loss: 0.5674 | validation loss: 0.6536 | validation accuracy: 0.6879 | validation AP: 0.2777
Epoch 12/50 | train loss: 0.5498 | validation loss: 0.6871 | validation accuracy: 0.6998 | validation AP: 0.2577
Epoch 13/50 | train loss: 0.5508 | validation loss: 0.6976 | validation accuracy: 0.6991 | validation AP: 0.2643
Epoch 14/50 | train loss: 0.5455 | validation loss: 0.6744 | validation accuracy: 0.6746 | validation AP: 0.2496
Epoch 15/50 | train loss: 0.5394 | validation loss: 0.7409 | validation accuracy: 0.7173 | validation AP: 0.2606
Stopping at epoch 15: validation AP has not improved for 4 epochs.
Best epoch: 11 | validation AP: 0.2777 | epochs run: 15

Validation classification report:
              precision    recall  f1-score   support

  disengaged     0.2034    0.5783    0.3009       166
     engaged     0.9269    0.7023    0.7991      1263

    accuracy                         0.6879      1429
   macro avg     0.5651    0.6403    0.5500      1429
weighted avg     0.8428    0.6879    0.7412      1429

Confusion matrix (rows: actual, columns: predicted):
[[ 96  70]
 [376 887]]
Epoch 1/50 | train loss: 0.6591 | validation loss: 0.6769 | validation accuracy: 0.7418 | validation AP: 0.1968
Epoch 2/50 | train loss: 0.6161 | validation loss: 0.6287 | validation accuracy: 0.732 | validation AP: 0.2708
Epoch 3/50 | train loss: 0.591 | validation loss: 0.6365 | validation accuracy: 0.6837 | validation AP: 0.2544
Epoch 4/50 | train loss: 0.5874 | validation loss: 0.6644 | validation accuracy: 0.7565 | validation AP: 0.2551
Epoch 5/50 | train loss: 0.5706 | validation loss: 0.6794 | validation accuracy: 0.7418 | validation AP: 0.2626
Epoch 6/50 | train loss: 0.5594 | validation loss: 0.6845 | validation accuracy: 0.7446 | validation AP: 0.2455
Stopping at epoch 6: validation AP has not improved for 4 epochs.
Best epoch: 2 | validation AP: 0.2708 | epochs run: 6

Validation classification report:
              precision    recall  f1-score   support

  disengaged     0.2386    0.5964    0.3408       166
     engaged     0.9339    0.7498    0.8318      1263

    accuracy                         0.7320      1429
   macro avg     0.5862    0.6731    0.5863      1429
weighted avg     0.8531    0.7320    0.7748      1429
[I 2026-10-09 02:58:26,261] Trial 17 finished with value: 0.29041838455795105 and parameters: {'hidden_size': 94, 'num_layers': 2, 'dropout': 0.1, 'learning_rate': 0.0009819367137510124, 'batch_size': 64}. Best is trial 11 with value: 0.3037276059510727.
[I 2026-10-09 02:59:22,734] Trial 18 finished with value: 0.29480453081660696 and parameters: {'hidden_size': 194, 'num_layers': 2, 'dropout': 0.0, 'learning_rate': 0.0003796272171275563, 'batch_size': 64}. Best is trial 11 with value: 0.3037276059510727.

Confusion matrix (rows: actual, columns: predicted):
[[ 99  67]
 [316 947]]
Epoch 1/50 | train loss: 0.6552 | validation loss: 0.6858 | validation accuracy: 0.7131 | validation AP: 0.1775
Epoch 2/50 | train loss: 0.6191 | validation loss: 0.5901 | validation accuracy: 0.6599 | validation AP: 0.3112
Epoch 3/50 | train loss: 0.602 | validation loss: 0.6558 | validation accuracy: 0.7215 | validation AP: 0.255
Epoch 4/50 | train loss: 0.581 | validation loss: 0.6197 | validation accuracy: 0.7082 | validation AP: 0.2867
Epoch 5/50 | train loss: 0.5684 | validation loss: 0.6514 | validation accuracy: 0.7222 | validation AP: 0.251
Epoch 6/50 | train loss: 0.557 | validation loss: 0.6366 | validation accuracy: 0.7208 | validation AP: 0.2398
Stopping at epoch 6: validation AP has not improved for 4 epochs.
Best epoch: 2 | validation AP: 0.3112 | epochs run: 6

Validation classification report:
              precision    recall  f1-score   support

  disengaged     0.2059    0.6747    0.3155       166
     engaged     0.9390    0.6580    0.7737      1263

    accuracy                         0.6599      1429
   macro avg     0.5724    0.6663    0.5446      1429
weighted avg     0.8538    0.6599    0.7205      1429

Confusion matrix (rows: actual, columns: predicted):
[[112  54]
 [432 831]]
Epoch 1/50 | train loss: 0.6593 | validation loss: 0.7174 | validation accuracy: 0.7677 | validation AP: 0.198
Epoch 2/50 | train loss: 0.6076 | validation loss: 0.6433 | validation accuracy: 0.5913 | validation AP: 0.2008
Epoch 3/50 | train loss: 0.5953 | validation loss: 0.6337 | validation accuracy: 0.7138 | validation AP: 0.2893
Epoch 4/50 | train loss: 0.584 | validation loss: 0.6553 | validation accuracy: 0.7327 | validation AP: 0.2787
Epoch 5/50 | train loss: 0.5662 | validation loss: 0.6206 | validation accuracy: 0.6893 | validation AP: 0.2582
Epoch 6/50 | train loss: 0.5515 | validation loss: 0.6046 | validation accuracy: 0.599 | validation AP: 0.2588
Epoch 7/50 | train loss: 0.5534 | validation loss: 0.6958 | validation accuracy: 0.6844 | validation AP: 0.248
Stopping at epoch 7: validation AP has not improved for 4 epochs.
Best epoch: 3 | validation AP: 0.2893 | epochs run: 7

Validation classification report:
              precision    recall  f1-score   support

  disengaged     0.2232    0.5904    0.3240       166
     engaged     0.9313    0.7300    0.8185      1263

    accuracy                         0.7138      1429
   macro avg     0.5773    0.6602    0.5712      1429
weighted avg     0.8491    0.7138    0.7610      1429

Confusion matrix (rows: actual, columns: predicted):
[[ 98  68]
 [341 922]]
Epoch 1/50 | train loss: 0.6595 | validation loss: 0.6616 | validation accuracy: 0.7061 | validation AP: 0.208
Epoch 2/50 | train loss: 0.6198 | validation loss: 0.6202 | validation accuracy: 0.7068 | validation AP: 0.2632
Epoch 3/50 | train loss: 0.6003 | validation loss: 0.6076 | validation accuracy: 0.6879 | validation AP: 0.2889
Epoch 4/50 | train loss: 0.5942 | validation loss: 0.6577 | validation accuracy: 0.7572 | validation AP: 0.2551
Epoch 5/50 | train loss: 0.5842 | validation loss: 0.6209 | validation accuracy: 0.7145 | validation AP: 0.2854
Epoch 6/50 | train loss: 0.5772 | validation loss: 0.6423 | validation accuracy: 0.7047 | validation AP: 0.2337
Epoch 7/50 | train loss: 0.5698 | validation loss: 0.6638 | validation accuracy: 0.7579 | validation AP: 0.2879
Stopping at epoch 7: validation AP has not improved for 4 epochs.
Best epoch: 3 | validation AP: 0.2889 | epochs run: 7

Validation classification report:
              precision    recall  f1-score   support

  disengaged     0.2200    0.6627    0.3303       166
     engaged     0.9397    0.6912    0.7965      1263

    accuracy                         0.6879      1429
   macro avg     0.5799    0.6769    0.5634      1429
weighted avg     0.8561    0.6879    0.7424      1429

Confusion matrix (rows: actual, columns: predicted):
[[110  56]
 [390 873]]
Epoch 1/50 | train loss: 0.6611 | validation loss: 0.6582 | validation accuracy: 0.6872 | validation AP: 0.1893
Epoch 2/50 | train loss: 0.6211 | validation loss: 0.5833 | validation accuracy: 0.6774 | validation AP: 0.3092
Epoch 3/50 | train loss: 0.5986 | validation loss: 0.6389 | validation accuracy: 0.6998 | validation AP: 0.2665
Epoch 4/50 | train loss: 0.5839 | validation loss: 0.6009 | validation accuracy: 0.6865 | validation AP: 0.2845
Epoch 5/50 | train loss: 0.5734 | validation loss: 0.6356 | validation accuracy: 0.704 | validation AP: 0.2687
Epoch 6/50 | train loss: 0.5625 | validation loss: 0.6517 | validation accuracy: 0.7439 | validation AP: 0.2417
Stopping at epoch 6: validation AP has not improved for 4 epochs.
Best epoch: 2 | validation AP: 0.3092 | epochs run: 6

Validation classification report:
              precision    recall  f1-score   support

  disengaged     0.2125    0.6566    0.3211       166
     engaged     0.9378    0.6801    0.7884      1263

    accuracy                         0.6774      1429
   macro avg     0.5751    0.6684    0.5547      1429
weighted avg     0.8535    0.6774    0.7341      1429

Confusion matrix (rows: actual, columns: predicted):
[[109  57]
 [404 859]]
Epoch 1/50 | train loss: 0.6645 | validation loss: 0.7474 | validation accuracy: 0.8006 | validation AP: 0.1884
Epoch 2/50 | train loss: 0.6213 | validation loss: 0.6453 | validation accuracy: 0.6732 | validation AP: 0.2092
Epoch 3/50 | train loss: 0.6037 | validation loss: 0.6174 | validation accuracy: 0.7075 | validation AP: 0.2864
Epoch 4/50 | train loss: 0.5963 | validation loss: 0.6459 | validation accuracy: 0.6984 | validation AP: 0.2501
Epoch 5/50 | train loss: 0.5844 | validation loss: 0.6071 | validation accuracy: 0.6494 | validation AP: 0.2532
Epoch 6/50 | train loss: 0.5775 | validation loss: 0.6333 | validation accuracy: 0.6312 | validation AP: 0.2109
Epoch 7/50 | train loss: 0.5736 | validation loss: 0.6466 | validation accuracy: 0.6816 | validation AP: 0.2535
Stopping at epoch 7: validation AP has not improved for 4 epochs.
Best epoch: 3 | validation AP: 0.2864 | epochs run: 7

Validation classification report:
              precision    recall  f1-score   support

  disengaged     0.2200    0.5964    0.3214       166
     engaged     0.9316    0.7221    0.8136      1263

    accuracy                         0.7075      1429
   macro avg     0.5758    0.6592    0.5675      1429
weighted avg     0.8489    0.7075    0.7564      1429

Confusion matrix (rows: actual, columns: predicted):
[[ 99  67]
 [351 912]]
Epoch 1/50 | train loss: 0.699 | validation loss: 0.7238 | validation accuracy: 0.8244 | validation AP: 0.1912
Epoch 2/50 | train loss: 0.6848 | validation loss: 0.7045 | validation accuracy: 0.83 | validation AP: 0.2333
Epoch 3/50 | train loss: 0.6563 | validation loss: 0.6469 | validation accuracy: 0.62 | validation AP: 0.2087
Epoch 4/50 | train loss: 0.6343 | validation loss: 0.6612 | validation accuracy: 0.8181 | validation AP: 0.2561
Epoch 5/50 | train loss: 0.6173 | validation loss: 0.745 | validation accuracy: 0.8481 | validation AP: 0.1868
Epoch 6/50 | train loss: 0.6239 | validation loss: 0.7314 | validation accuracy: 0.8572 | validation AP: 0.2198
Epoch 7/50 | train loss: 0.609 | validation loss: 0.6558 | validation accuracy: 0.7341 | validation AP: 0.277
Epoch 8/50 | train loss: 0.6069 | validation loss: 0.6804 | validation accuracy: 0.7838 | validation AP: 0.2623
Epoch 9/50 | train loss: 0.5996 | validation loss: 0.6708 | validation accuracy: 0.7831 | validation AP: 0.237
Epoch 10/50 | train loss: 0.5927 | validation loss: 0.6651 | validation accuracy: 0.7656 | validation AP: 0.2435
Epoch 11/50 | train loss: 0.624 | validation loss: 0.6937 | validation accuracy: 0.6662 | validation AP: 0.1866
Stopping at epoch 11: validation AP has not improved for 4 epochs.
Best epoch: 7 | validation AP: 0.277 | epochs run: 11

Validation classification report:
              precision    recall  f1-score   support

  disengaged     0.2184    0.5000    0.3040       166
     engaged     0.9209    0.7648    0.8356      1263

    accuracy                         0.7341      1429
   macro avg     0.5696    0.6324    0.5698      1429
weighted avg     0.8393    0.7341    0.7739      1429
[I 2026-10-09 03:04:21,174] Trial 19 finished with value: 0.24153839109560774 and parameters: {'hidden_size': 189, 'num_layers': 3, 'dropout': 0.0, 'learning_rate': 0.006195272211474379, 'batch_size': 64}. Best is trial 11 with value: 0.3037276059510727.

Confusion matrix (rows: actual, columns: predicted):
[[ 83  83]
 [297 966]]
Epoch 1/50 | train loss: 0.7052 | validation loss: 0.6512 | validation accuracy: 0.7642 | validation AP: 0.256
Epoch 2/50 | train loss: 0.666 | validation loss: 0.6714 | validation accuracy: 0.8307 | validation AP: 0.23
Epoch 3/50 | train loss: 0.6503 | validation loss: 0.6057 | validation accuracy: 0.7341 | validation AP: 0.2891
Epoch 4/50 | train loss: 0.6316 | validation loss: 0.6693 | validation accuracy: 0.8013 | validation AP: 0.2621
Epoch 5/50 | train loss: 0.6392 | validation loss: 0.6529 | validation accuracy: 0.7117 | validation AP: 0.2213
Epoch 6/50 | train loss: 0.6454 | validation loss: 0.7139 | validation accuracy: 0.7439 | validation AP: 0.1546
Epoch 7/50 | train loss: 0.6398 | validation loss: 0.7345 | validation accuracy: 0.8279 | validation AP: 0.2083
Stopping at epoch 7: validation AP has not improved for 4 epochs.
Best epoch: 3 | validation AP: 0.2891 | epochs run: 7

Validation classification report:
              precision    recall  f1-score   support

  disengaged     0.2440    0.6145    0.3493       166
     engaged     0.9367    0.7498    0.8329      1263

    accuracy                         0.7341      1429
   macro avg     0.5904    0.6821    0.5911      1429
weighted avg     0.8562    0.7341    0.7767      1429

Confusion matrix (rows: actual, columns: predicted):
[[102  64]
 [316 947]]
Epoch 1/50 | train loss: 0.7027 | validation loss: 0.7201 | validation accuracy: 0.8838 | validation AP: 0.1285
Epoch 2/50 | train loss: 0.7058 | validation loss: 0.6691 | validation accuracy: 0.1162 | validation AP: 0.1408
Epoch 3/50 | train loss: 0.6852 | validation loss: 0.7223 | validation accuracy: 0.8293 | validation AP: 0.1585
Epoch 4/50 | train loss: 0.6848 | validation loss: 0.7297 | validation accuracy: 0.8265 | validation AP: 0.1012
Epoch 5/50 | train loss: 0.6836 | validation loss: 0.7036 | validation accuracy: 0.4878 | validation AP: 0.0962
Epoch 6/50 | train loss: 0.6832 | validation loss: 0.7026 | validation accuracy: 0.846 | validation AP: 0.1198
Epoch 7/50 | train loss: 0.67 | validation loss: 0.6982 | validation accuracy: 0.8076 | validation AP: 0.152
Stopping at epoch 7: validation AP has not improved for 4 epochs.
Best epoch: 3 | validation AP: 0.1585 | epochs run: 7

Validation classification report:
              precision    recall  f1-score   support

  disengaged     0.2174    0.1807    0.1974       166
     engaged     0.8947    0.9145    0.9045      1263

    accuracy                         0.8293      1429
   macro avg     0.5560    0.5476    0.5509      1429
weighted avg     0.8160    0.8293    0.8223      1429

Confusion matrix (rows: actual, columns: predicted):
[[  30  136]
 [ 108 1155]]
Epoch 1/50 | train loss: 0.6773 | validation loss: 0.6776 | validation accuracy: 0.6452 | validation AP: 0.1496
Epoch 2/50 | train loss: 0.6492 | validation loss: 0.728 | validation accuracy: 0.8642 | validation AP: 0.237
Epoch 3/50 | train loss: 0.6254 | validation loss: 0.6456 | validation accuracy: 0.7187 | validation AP: 0.2543
Epoch 4/50 | train loss: 0.598 | validation loss: 0.7444 | validation accuracy: 0.8726 | validation AP: 0.2664
Epoch 5/50 | train loss: 0.593 | validation loss: 0.7002 | validation accuracy: 0.8279 | validation AP: 0.2922
Epoch 6/50 | train loss: 0.595 | validation loss: 0.6263 | validation accuracy: 0.7572 | validation AP: 0.3
Epoch 7/50 | train loss: 0.5745 | validation loss: 0.7126 | validation accuracy: 0.8293 | validation AP: 0.2957
Epoch 8/50 | train loss: 0.5739 | validation loss: 0.6045 | validation accuracy: 0.634 | validation AP: 0.2699
Epoch 9/50 | train loss: 0.565 | validation loss: 0.6713 | validation accuracy: 0.6725 | validation AP: 0.2601
Epoch 10/50 | train loss: 0.5674 | validation loss: 0.6918 | validation accuracy: 0.6235 | validation AP: 0.2252
Stopping at epoch 10: validation AP has not improved for 4 epochs.
Best epoch: 6 | validation AP: 0.3 | epochs run: 10

Validation classification report:
              precision    recall  f1-score   support

  disengaged     0.2574    0.5783    0.3562       166
     engaged     0.9337    0.7807    0.8504      1263

    accuracy                         0.7572      1429
   macro avg     0.5955    0.6795    0.6033      1429
weighted avg     0.8551    0.7572    0.7930      1429

Confusion matrix (rows: actual, columns: predicted):
[[ 96  70]
 [277 986]]
Epoch 1/50 | train loss: 0.6916 | validation loss: 0.6719 | validation accuracy: 0.6319 | validation AP: 0.1751
Epoch 2/50 | train loss: 0.6626 | validation loss: 0.6996 | validation accuracy: 0.781 | validation AP: 0.1796
Epoch 3/50 | train loss: 0.6447 | validation loss: 0.7197 | validation accuracy: 0.7586 | validation AP: 0.194
Epoch 4/50 | train loss: 0.6194 | validation loss: 0.6866 | validation accuracy: 0.7908 | validation AP: 0.231
Epoch 5/50 | train loss: 0.621 | validation loss: 0.6819 | validation accuracy: 0.7264 | validation AP: 0.2021
Epoch 6/50 | train loss: 0.6061 | validation loss: 0.6391 | validation accuracy: 0.6963 | validation AP: 0.2385
Epoch 7/50 | train loss: 0.5973 | validation loss: 0.6735 | validation accuracy: 0.7362 | validation AP: 0.2575
Epoch 8/50 | train loss: 0.5796 | validation loss: 0.7038 | validation accuracy: 0.6928 | validation AP: 0.2756
Epoch 9/50 | train loss: 0.5918 | validation loss: 0.75 | validation accuracy: 0.8125 | validation AP: 0.2118
Epoch 10/50 | train loss: 0.6009 | validation loss: 0.6441 | validation accuracy: 0.7061 | validation AP: 0.2621
Epoch 11/50 | train loss: 0.5676 | validation loss: 0.6432 | validation accuracy: 0.6144 | validation AP: 0.2366
Epoch 12/50 | train loss: 0.5487 | validation loss: 0.6362 | validation accuracy: 0.7726 | validation AP: 0.2564
Stopping at epoch 12: validation AP has not improved for 4 epochs.
Best epoch: 8 | validation AP: 0.2756 | epochs run: 12

Validation classification report:
              precision    recall  f1-score   support

  disengaged     0.2126    0.6084    0.3151       166
     engaged     0.9319    0.7039    0.8020      1263

    accuracy                         0.6928      1429
   macro avg     0.5722    0.6562    0.5586      1429
weighted avg     0.8483    0.6928    0.7454      1429

Confusion matrix (rows: actual, columns: predicted):
[[101  65]
 [374 889]]
Epoch 1/50 | train loss: 0.681 | validation loss: 0.751 | validation accuracy: 0.7999 | validation AP: 0.163
Epoch 2/50 | train loss: 0.6579 | validation loss: 0.725 | validation accuracy: 0.7509 | validation AP: 0.1654
Epoch 3/50 | train loss: 0.6436 | validation loss: 0.7002 | validation accuracy: 0.6522 | validation AP: 0.1804
Epoch 4/50 | train loss: 0.6169 | validation loss: 0.6129 | validation accuracy: 0.7306 | validation AP: 0.186
Epoch 5/50 | train loss: 0.6286 | validation loss: 0.7358 | validation accuracy: 0.8719 | validation AP: 0.2605
Epoch 6/50 | train loss: 0.6091 | validation loss: 0.6706 | validation accuracy: 0.7978 | validation AP: 0.2468
Epoch 7/50 | train loss: 0.589 | validation loss: 0.6443 | validation accuracy: 0.7236 | validation AP: 0.2007
Epoch 8/50 | train loss: 0.5875 | validation loss: 0.6481 | validation accuracy: 0.6816 | validation AP: 0.2188
Epoch 9/50 | train loss: 0.5697 | validation loss: 0.7139 | validation accuracy: 0.7124 | validation AP: 0.2034
Stopping at epoch 9: validation AP has not improved for 4 epochs.
Best epoch: 5 | validation AP: 0.2605 | epochs run: 9

Validation classification report:
              precision    recall  f1-score   support

  disengaged     0.3396    0.1084    0.1644       166
     engaged     0.8924    0.9723    0.9307      1263

    accuracy                         0.8719      1429
   macro avg     0.6160    0.5404    0.5475      1429
weighted avg     0.8282    0.8719    0.8416      1429

Confusion matrix (rows: actual, columns: predicted):
[[  18  148]
 [  35 1228]]
Epoch 1/50 | train loss: 0.6858 | validation loss: 0.6557 | validation accuracy: 0.697 | validation AP: 0.2858
Epoch 2/50 | train loss: 0.6493 | validation loss: 0.7324 | validation accuracy: 0.8663 | validation AP: 0.2257
Epoch 3/50 | train loss: 0.6459 | validation loss: 0.6975 | validation accuracy: 0.8188 | validation AP: 0.2734
Epoch 4/50 | train loss: 0.6176 | validation loss: 0.7242 | validation accuracy: 0.7845 | validation AP: 0.286
Epoch 5/50 | train loss: 0.6381 | validation loss: 0.7326 | validation accuracy: 0.8453 | validation AP: 0.2157
Epoch 6/50 | train loss: 0.6361 | validation loss: 0.6256 | validation accuracy: 0.7404 | validation AP: 0.2897
Epoch 7/50 | train loss: 0.6186 | validation loss: 0.7214 | validation accuracy: 0.7775 | validation AP: 0.2338
Epoch 8/50 | train loss: 0.6548 | validation loss: 0.7236 | validation accuracy: 0.8383 | validation AP: 0.1938
Epoch 9/50 | train loss: 0.6441 | validation loss: 0.7172 | validation accuracy: 0.8062 | validation AP: 0.1629
Epoch 10/50 | train loss: 0.6559 | validation loss: 0.6927 | validation accuracy: 0.7677 | validation AP: 0.1879
Stopping at epoch 10: validation AP has not improved for 4 epochs.
Best epoch: 6 | validation AP: 0.2897 | epochs run: 10

Validation classification report:
              precision    recall  f1-score   support

  disengaged     0.2338    0.5422    0.3267       166
     engaged     0.9272    0.7664    0.8392      1263

    accuracy                         0.7404      1429
   macro avg     0.5805    0.6543    0.5829      1429
weighted avg     0.8466    0.7404    0.7796      1429

Confusion matrix (rows: actual, columns: predicted):
[[ 90  76]
 [295 968]]
Epoch 1/50 | train loss: 0.6778 | validation loss: 0.6807 | validation accuracy: 0.732 | validation AP: 0.1844
Epoch 2/50 | train loss: 0.6733 | validation loss: 0.7422 | validation accuracy: 0.8649 | validation AP: 0.2229
Epoch 3/50 | train loss: 0.6291 | validation loss: 0.7278 | validation accuracy: 0.7922 | validation AP: 0.2398
Epoch 4/50 | train loss: 0.6384 | validation loss: 0.612 | validation accuracy: 0.7607 | validation AP: 0.2846
Epoch 5/50 | train loss: 0.6246 | validation loss: 0.6671 | validation accuracy: 0.7208 | validation AP: 0.1995
Epoch 6/50 | train loss: 0.6134 | validation loss: 0.6301 | validation accuracy: 0.6697 | validation AP: 0.249
Epoch 7/50 | train loss: 0.6081 | validation loss: 0.6187 | validation accuracy: 0.7187 | validation AP: 0.2854
Epoch 8/50 | train loss: 0.6079 | validation loss: 0.6331 | validation accuracy: 0.6732 | validation AP: 0.2713
Epoch 9/50 | train loss: 0.6366 | validation loss: 0.7102 | validation accuracy: 0.8439 | validation AP: 0.2264
Epoch 10/50 | train loss: 0.6375 | validation loss: 0.7078 | validation accuracy: 0.8481 | validation AP: 0.2323
Epoch 11/50 | train loss: 0.5959 | validation loss: 0.6869 | validation accuracy: 0.7383 | validation AP: 0.2186
Stopping at epoch 11: validation AP has not improved for 4 epochs.
Best epoch: 7 | validation AP: 0.2854 | epochs run: 11

Validation classification report:
              precision    recall  f1-score   support

  disengaged     0.2306    0.6084    0.3344       166
     engaged     0.9344    0.7332    0.8217      1263

    accuracy                         0.7187      1429
   macro avg     0.5825    0.6708    0.5780      1429
weighted avg     0.8527    0.7187    0.7651      1429

Confusion matrix (rows: actual, columns: predicted):
[[101  65]
 [337 926]]
Epoch 1/50 | train loss: 0.6577 | validation loss: 0.6338 | validation accuracy: 0.6718 | validation AP: 0.2038
Epoch 2/50 | train loss: 0.6254 | validation loss: 0.6778 | validation accuracy: 0.7908 | validation AP: 0.2357
Epoch 3/50 | train loss: 0.5959 | validation loss: 0.6522 | validation accuracy: 0.7495 | validation AP: 0.2697
Epoch 4/50 | train loss: 0.5857 | validation loss: 0.646 | validation accuracy: 0.753 | validation AP: 0.2921
Epoch 5/50 | train loss: 0.5827 | validation loss: 0.6789 | validation accuracy: 0.7544 | validation AP: 0.2721
Epoch 6/50 | train loss: 0.5816 | validation loss: 0.6415 | validation accuracy: 0.718 | validation AP: 0.2481
Epoch 7/50 | train loss: 0.5729 | validation loss: 0.6764 | validation accuracy: 0.8041 | validation AP: 0.2758
Epoch 8/50 | train loss: 0.569 | validation loss: 0.6466 | validation accuracy: 0.7453 | validation AP: 0.2815
Stopping at epoch 8: validation AP has not improved for 4 epochs.
Best epoch: 4 | validation AP: 0.2921 | epochs run: 8

Validation classification report:
              precision    recall  f1-score   support

  disengaged     0.2438    0.5361    0.3352       166
     engaged     0.9276    0.7815    0.8483      1263

    accuracy                         0.7530      1429
   macro avg     0.5857    0.6588    0.5918      1429
weighted avg     0.8482    0.7530    0.7887      1429

Confusion matrix (rows: actual, columns: predicted):
[[ 89  77]
 [276 987]]
Epoch 1/50 | train loss: 0.6553 | validation loss: 0.648 | validation accuracy: 0.592 | validation AP: 0.1937
Epoch 2/50 | train loss: 0.6195 | validation loss: 0.6164 | validation accuracy: 0.7019 | validation AP: 0.2392
Epoch 3/50 | train loss: 0.596 | validation loss: 0.6862 | validation accuracy: 0.7775 | validation AP: 0.2524
Epoch 4/50 | train loss: 0.5982 | validation loss: 0.7258 | validation accuracy: 0.7929 | validation AP: 0.2418
Epoch 5/50 | train loss: 0.5829 | validation loss: 0.665 | validation accuracy: 0.6795 | validation AP: 0.2261
Epoch 6/50 | train loss: 0.5742 | validation loss: 0.6485 | validation accuracy: 0.6641 | validation AP: 0.22
Epoch 7/50 | train loss: 0.5778 | validation loss: 0.6939 | validation accuracy: 0.6984 | validation AP: 0.233
Stopping at epoch 7: validation AP has not improved for 4 epochs.
Best epoch: 3 | validation AP: 0.2524 | epochs run: 7

Validation classification report:
              precision    recall  f1-score   support

  disengaged     0.2580    0.4880    0.3375       166
     engaged     0.9238    0.8155    0.8663      1263

    accuracy                         0.7775      1429
   macro avg     0.5909    0.6517    0.6019      1429
weighted avg     0.8464    0.7775    0.8048      1429

Confusion matrix (rows: actual, columns: predicted):
[[  81   85]
 [ 233 1030]]
Epoch 1/50 | train loss: 0.655 | validation loss: 0.64 | validation accuracy: 0.6711 | validation AP: 0.2419
Epoch 2/50 | train loss: 0.6093 | validation loss: 0.6404 | validation accuracy: 0.732 | validation AP: 0.2534
Epoch 3/50 | train loss: 0.6004 | validation loss: 0.6935 | validation accuracy: 0.7901 | validation AP: 0.2
Epoch 4/50 | train loss: 0.5947 | validation loss: 0.6165 | validation accuracy: 0.6515 | validation AP: 0.2412
Epoch 5/50 | train loss: 0.58 | validation loss: 0.717 | validation accuracy: 0.7817 | validation AP: 0.2703
Epoch 6/50 | train loss: 0.5743 | validation loss: 0.6388 | validation accuracy: 0.7327 | validation AP: 0.291
Epoch 7/50 | train loss: 0.5564 | validation loss: 0.6837 | validation accuracy: 0.7698 | validation AP: 0.272
Epoch 8/50 | train loss: 0.5484 | validation loss: 0.6668 | validation accuracy: 0.6431 | validation AP: 0.1945
Epoch 9/50 | train loss: 0.545 | validation loss: 0.7279 | validation accuracy: 0.7677 | validation AP: 0.2497
Epoch 10/50 | train loss: 0.5413 | validation loss: 0.7255 | validation accuracy: 0.7446 | validation AP: 0.2505
Stopping at epoch 10: validation AP has not improved for 4 epochs.
Best epoch: 6 | validation AP: 0.291 | epochs run: 10

Validation classification report:
              precision    recall  f1-score   support

  disengaged     0.2416    0.6084    0.3459       166
     engaged     0.9357    0.7490    0.8320      1263

    accuracy                         0.7327      1429
   macro avg     0.5887    0.6787    0.5890      1429
weighted avg     0.8551    0.7327    0.7755      1429

Confusion matrix (rows: actual, columns: predicted):
[[101  65]
 [317 946]]
Epoch 1/50 | train loss: 0.6523 | validation loss: 0.7329 | validation accuracy: 0.7915 | validation AP: 0.1613
Epoch 2/50 | train loss: 0.612 | validation loss: 0.678 | validation accuracy: 0.7985 | validation AP: 0.2532
Epoch 3/50 | train loss: 0.6058 | validation loss: 0.6742 | validation accuracy: 0.7824 | validation AP: 0.2459
Epoch 4/50 | train loss: 0.5884 | validation loss: 0.7243 | validation accuracy: 0.7698 | validation AP: 0.2515
Epoch 5/50 | train loss: 0.6041 | validation loss: 0.6552 | validation accuracy: 0.7635 | validation AP: 0.2187
Epoch 6/50 | train loss: 0.5752 | validation loss: 0.6157 | validation accuracy: 0.6242 | validation AP: 0.2694
Epoch 7/50 | train loss: 0.571 | validation loss: 0.6716 | validation accuracy: 0.6977 | validation AP: 0.2233
Epoch 8/50 | train loss: 0.572 | validation loss: 0.8125 | validation accuracy: 0.7236 | validation AP: 0.2415
Epoch 9/50 | train loss: 0.5669 | validation loss: 0.6581 | validation accuracy: 0.7047 | validation AP: 0.2173
Epoch 10/50 | train loss: 0.5484 | validation loss: 0.6372 | validation accuracy: 0.6935 | validation AP: 0.2709
Epoch 11/50 | train loss: 0.5428 | validation loss: 0.6538 | validation accuracy: 0.6683 | validation AP: 0.2564
Epoch 12/50 | train loss: 0.5449 | validation loss: 0.6832 | validation accuracy: 0.7719 | validation AP: 0.2493
Epoch 13/50 | train loss: 0.5445 | validation loss: 0.6945 | validation accuracy: 0.7383 | validation AP: 0.2436
Epoch 14/50 | train loss: 0.5358 | validation loss: 0.6544 | validation accuracy: 0.7376 | validation AP: 0.2441
Stopping at epoch 14: validation AP has not improved for 4 epochs.
Best epoch: 10 | validation AP: 0.2709 | epochs run: 14

Validation classification report:
              precision    recall  f1-score   support

  disengaged     0.2178    0.6325    0.3241       166
     engaged     0.9356    0.7015    0.8018      1263

    accuracy                         0.6935      1429
   macro avg     0.5767    0.6670    0.5629      1429
weighted avg     0.8522    0.6935    0.7463      1429

Confusion matrix (rows: actual, columns: predicted):
[[105  61]
 [377 886]]
Epoch 1/50 | train loss: 0.6593 | validation loss: 0.6875 | validation accuracy: 0.8244 | validation AP: 0.2751
Epoch 2/50 | train loss: 0.6199 | validation loss: 0.6104 | validation accuracy: 0.7124 | validation AP: 0.2875
Epoch 3/50 | train loss: 0.6063 | validation loss: 0.6683 | validation accuracy: 0.7677 | validation AP: 0.2538
Epoch 4/50 | train loss: 0.5956 | validation loss: 0.6109 | validation accuracy: 0.6676 | validation AP: 0.2733
Epoch 5/50 | train loss: 0.5881 | validation loss: 0.6719 | validation accuracy: 0.7404 | validation AP: 0.2183
Epoch 6/50 | train loss: 0.577 | validation loss: 0.6665 | validation accuracy: 0.7299 | validation AP: 0.206
Stopping at epoch 6: validation AP has not improved for 4 epochs.
Best epoch: 2 | validation AP: 0.2875 | epochs run: 6

Validation classification report:
              precision    recall  f1-score   support

  disengaged     0.2366    0.6627    0.3487       166
     engaged     0.9419    0.7189    0.8154      1263

    accuracy                         0.7124      1429
   macro avg     0.5892    0.6908    0.5820      1429
weighted avg     0.8600    0.7124    0.7612      1429

Confusion matrix (rows: actual, columns: predicted):
[[110  56]
 [355 908]]

 lstm_uni_attention | 15fps/10s (confirmed on seeds [52, 53, 54, 55, 56])
  0.2822 +/- 0.006  (271043,) params  hidden_size=112, num_layers=3, dropout=0.0, learning_rate=0.0053918838636393225, batch_size=64
  0.2788 +/- 0.0068  (422575,) params  hidden_size=178, num_layers=2, dropout=0.0, learning_rate=0.000719451840460534, batch_size=64
  Selected: hidden_size=112, num_layers=3, dropout=0.0, learning_rate=0.0053918838636393225, batch_size=64  (AP 0.2822, 271,043 parameters)

Add these settings to src/attention_lapse_detection/utils/hyperparameters.py:
    ("gru", 15, 10): Hyperparameters(hidden_size=20, num_layers=2, dropout=0.0, learning_rate=0.00828574, batch_size=16),  # clip-level val AP 0.2189
    ("lstm", 15, 10): Hyperparameters(hidden_size=179, num_layers=1, dropout=0.5, learning_rate=0.00895438, batch_size=8),  # clip-level val AP 0.2201
    ("gru_uni_attention", 15, 10): Hyperparameters(hidden_size=34, num_layers=3, dropout=0.5, learning_rate=0.00120408, batch_size=32),  # clip-level val AP 0.2813
    ("lstm_uni_attention", 15, 10): Hyperparameters(hidden_size=112, num_layers=3, dropout=0.0, learning_rate=0.00539188, batch_size=64),  # clip-level val AP 0.2822
