[I 2026-10-09 00:39:09,242] A new study created in memory with name: gru|15fps/5s
[I 2026-10-09 00:40:11,432] Trial 0 finished with value: 0.25870569073196686 and parameters: {'hidden_size': 47, 'num_layers': 3, 'dropout': 0.0, 'learning_rate': 0.005399484409787433, 'batch_size': 64}. Best is trial 0 with value: 0.25870569073196686.
4 studies to run (0 already in tuning/results/shard_15_5s.csv), 70 training runs each, 280 total.
Using device: cuda
Class weights: [10.84615421295166, 0.524163544178009]
Epoch 1/50 | train loss: 0.6845 | validation loss: 0.6793 | validation accuracy: 0.6991 | validation AP: 0.1639
Epoch 2/50 | train loss: 0.6635 | validation loss: 0.7125 | validation accuracy: 0.7565 | validation AP: 0.1799
Epoch 3/50 | train loss: 0.6544 | validation loss: 0.7232 | validation accuracy: 0.7698 | validation AP: 0.2016
Epoch 4/50 | train loss: 0.6415 | validation loss: 0.608 | validation accuracy: 0.5416 | validation AP: 0.2703
Epoch 5/50 | train loss: 0.6249 | validation loss: 0.7248 | validation accuracy: 0.7435 | validation AP: 0.2446
Epoch 6/50 | train loss: 0.6197 | validation loss: 0.6292 | validation accuracy: 0.633 | validation AP: 0.2252
Epoch 7/50 | train loss: 0.6058 | validation loss: 0.743 | validation accuracy: 0.817 | validation AP: 0.227
Epoch 8/50 | train loss: 0.5865 | validation loss: 0.7299 | validation accuracy: 0.7481 | validation AP: 0.1789
Stopping at epoch 8: validation AP has not improved for 4 epochs.
Best epoch: 4 | validation AP: 0.2703 | epochs run: 8

Validation classification report:
              precision    recall  f1-score   support

  disengaged     0.1669    0.7380    0.2722       332
     engaged     0.9374    0.5158    0.6655      2526

    accuracy                         0.5416      2858
   macro avg     0.5522    0.6269    0.4688      2858
weighted avg     0.8479    0.5416    0.6198      2858

Confusion matrix (rows: actual, columns: predicted):
[[ 245   87]
 [1223 1303]]
Epoch 1/50 | train loss: 0.6833 | validation loss: 0.7259 | validation accuracy: 0.7435 | validation AP: 0.2035
Epoch 2/50 | train loss: 0.6641 | validation loss: 0.693 | validation accuracy: 0.6718 | validation AP: 0.1957
Epoch 3/50 | train loss: 0.6551 | validation loss: 0.7499 | validation accuracy: 0.7999 | validation AP: 0.2357
Epoch 4/50 | train loss: 0.6544 | validation loss: 0.6413 | validation accuracy: 0.5567 | validation AP: 0.1717
Epoch 5/50 | train loss: 0.6357 | validation loss: 0.7083 | validation accuracy: 0.7148 | validation AP: 0.1921
Epoch 6/50 | train loss: 0.6242 | validation loss: 0.7088 | validation accuracy: 0.7978 | validation AP: 0.2387
Epoch 7/50 | train loss: 0.6049 | validation loss: 0.7227 | validation accuracy: 0.8219 | validation AP: 0.2341
Epoch 8/50 | train loss: 0.5933 | validation loss: 0.7903 | validation accuracy: 0.7992 | validation AP: 0.2274
Epoch 9/50 | train loss: 0.5907 | validation loss: 0.7362 | validation accuracy: 0.7701 | validation AP: 0.1953
Epoch 10/50 | train loss: 0.5999 | validation loss: 0.6633 | validation accuracy: 0.6634 | validation AP: 0.2012
Stopping at epoch 10: validation AP has not improved for 4 epochs.
Best epoch: 6 | validation AP: 0.2387 | epochs run: 10

Validation classification report:
              precision    recall  f1-score   support

  disengaged     0.2166    0.2831    0.2454       332
     engaged     0.9018    0.8654    0.8832      2526

    accuracy                         0.7978      2858
   macro avg     0.5592    0.5743    0.5643      2858
weighted avg     0.8222    0.7978    0.8091      2858

Confusion matrix (rows: actual, columns: predicted):
[[  94  238]
 [ 340 2186]]
Epoch 1/50 | train loss: 0.686 | validation loss: 0.7213 | validation accuracy: 0.8156 | validation AP: 0.1854
Epoch 2/50 | train loss: 0.6635 | validation loss: 0.7 | validation accuracy: 0.7785 | validation AP: 0.173
Epoch 3/50 | train loss: 0.6543 | validation loss: 0.6815 | validation accuracy: 0.6109 | validation AP: 0.1471
Epoch 4/50 | train loss: 0.633 | validation loss: 0.6618 | validation accuracy: 0.6592 | validation AP: 0.1862
Epoch 5/50 | train loss: 0.6156 | validation loss: 0.6742 | validation accuracy: 0.7089 | validation AP: 0.1859
Epoch 6/50 | train loss: 0.6046 | validation loss: 0.6758 | validation accuracy: 0.7057 | validation AP: 0.2317
Epoch 7/50 | train loss: 0.5968 | validation loss: 0.7366 | validation accuracy: 0.7292 | validation AP: 0.1795
Epoch 8/50 | train loss: 0.5809 | validation loss: 0.6304 | validation accuracy: 0.444 | validation AP: 0.1971
Epoch 9/50 | train loss: 0.5766 | validation loss: 0.6861 | validation accuracy: 0.6732 | validation AP: 0.168
Epoch 10/50 | train loss: 0.5624 | validation loss: 0.7507 | validation accuracy: 0.698 | validation AP: 0.2013
Stopping at epoch 10: validation AP has not improved for 4 epochs.
Best epoch: 6 | validation AP: 0.2317 | epochs run: 10

Validation classification report:
              precision    recall  f1-score   support

  disengaged     0.2051    0.5331    0.2962       332
     engaged     0.9223    0.7284    0.8140      2526

    accuracy                         0.7057      2858
   macro avg     0.5637    0.6308    0.5551      2858
weighted avg     0.8390    0.7057    0.7538      2858

Confusion matrix (rows: actual, columns: predicted):
[[ 177  155]
 [ 686 1840]]
Epoch 1/50 | train loss: 0.5512 | validation loss: 0.5927 | validation accuracy: 0.88 | validation AP: 0.2034
Epoch 2/50 | train loss: 0.5278 | validation loss: 0.6374 | validation accuracy: 0.8562 | validation AP: 0.1588
Epoch 3/50 | train loss: 0.5194 | validation loss: 0.6304 | validation accuracy: 0.8558 | validation AP: 0.1725
Epoch 4/50 | train loss: 0.5253 | validation loss: 0.6041 | validation accuracy: 0.8408 | validation AP: 0.1817
Epoch 5/50 | train loss: 0.5117 | validation loss: 0.5837 | validation accuracy: 0.8408 | validation AP: 0.2447
Epoch 6/50 | train loss: 0.4996 | validation loss: 0.5847 | validation accuracy: 0.8443 | validation AP: 0.1954
Epoch 7/50 | train loss: 0.4884 | validation loss: 0.6298 | validation accuracy: 0.824 | validation AP: 0.1653
Epoch 8/50 | train loss: 0.4812 | validation loss: 0.6396 | validation accuracy: 0.8516 | validation AP: 0.1713
Epoch 9/50 | train loss: 0.4844 | validation loss: 0.6143 | validation accuracy: 0.8348 | validation AP: 0.1789
Stopping at epoch 9: validation AP has not improved for 4 epochs.
Best epoch: 5 | validation AP: 0.2447 | epochs run: 9

Validation classification report:
              precision    recall  f1-score   support

  disengaged     0.2625    0.2048    0.2301       332
     engaged     0.8984    0.9244    0.9112      2526

    accuracy                         0.8408      2858
   macro avg     0.5805    0.5646    0.5707      2858
weighted avg     0.8246    0.8408    0.8321      2858

Confusion matrix (rows: actual, columns: predicted):
[[  68  264]
 [ 191 2335]]
Epoch 1/50 | train loss: 0.5382 | validation loss: 0.6377 | validation accuracy: 0.845 | validation AP: 0.1794
Epoch 2/50 | train loss: 0.5355 | validation loss: 0.6199 | validation accuracy: 0.8506 | validation AP: 0.1525
Epoch 3/50 | train loss: 0.521 | validation loss: 0.586 | validation accuracy: 0.8709 | validation AP: 0.2312
Epoch 4/50 | train loss: 0.5213 | validation loss: 0.6125 | validation accuracy: 0.796 | validation AP: 0.1811
Epoch 5/50 | train loss: 0.5141 | validation loss: 0.6219 | validation accuracy: 0.8401 | validation AP: 0.1602
Epoch 6/50 | train loss: 0.501 | validation loss: 0.6328 | validation accuracy: 0.8625 | validation AP: 0.2129
Epoch 7/50 | train loss: 0.5038 | validation loss: 0.6187 | validation accuracy: 0.8681 | validation AP: 0.1987
Stopping at epoch 7: validation AP has not improved for 4 epochs.
Best epoch: 3 | validation AP: 0.2312 | epochs run: 7

Validation classification report:
              precision    recall  f1-score   support

  disengaged     0.3471    0.1265    0.1854       332
     engaged     0.8940    0.9687    0.9299      2526

    accuracy                         0.8709      2858
   macro avg     0.6206    0.5476    0.5577      2858
weighted avg     0.8305    0.8709    0.8434      2858

Confusion matrix (rows: actual, columns: predicted):
[[  42  290]
 [  79 2447]]
Epoch 1/50 | train loss: 0.5406 | validation loss: 0.6302 | validation accuracy: 0.8667 | validation AP: 0.1643
Epoch 2/50 | train loss: 0.5242 | validation loss: 0.634 | validation accuracy: 0.8509 | validation AP: 0.1628
Epoch 3/50 | train loss: 0.5236 | validation loss: 0.6116 | validation accuracy: 0.8446 | validation AP: 0.1585[I 2026-10-09 00:49:33,853] Trial 1 finished with value: 0.25932187935556894 and parameters: {'hidden_size': 136, 'num_layers': 1, 'dropout': 0.25, 'learning_rate': 0.0003823475224675188, 'batch_size': 8}. Best is trial 1 with value: 0.25932187935556894.
[I 2026-10-09 00:50:36,088] Trial 2 finished with value: 0.20451250237977892 and parameters: {'hidden_size': 56, 'num_layers': 3, 'dropout': 0.5, 'learning_rate': 0.00021930485556643703, 'batch_size': 32}. Best is trial 1 with value: 0.25932187935556894.

Epoch 4/50 | train loss: 0.5128 | validation loss: 0.6338 | validation accuracy: 0.8635 | validation AP: 0.1585
Epoch 5/50 | train loss: 0.5149 | validation loss: 0.6037 | validation accuracy: 0.8579 | validation AP: 0.1816
Epoch 6/50 | train loss: 0.5146 | validation loss: 0.6043 | validation accuracy: 0.8754 | validation AP: 0.2065
Epoch 7/50 | train loss: 0.5041 | validation loss: 0.6245 | validation accuracy: 0.8499 | validation AP: 0.1768
Epoch 8/50 | train loss: 0.4982 | validation loss: 0.5954 | validation accuracy: 0.8681 | validation AP: 0.2164
Epoch 9/50 | train loss: 0.4965 | validation loss: 0.6064 | validation accuracy: 0.8593 | validation AP: 0.1987
Epoch 10/50 | train loss: 0.4889 | validation loss: 0.6039 | validation accuracy: 0.853 | validation AP: 0.2248
Epoch 11/50 | train loss: 0.4736 | validation loss: 0.6373 | validation accuracy: 0.874 | validation AP: 0.2226
Epoch 12/50 | train loss: 0.4744 | validation loss: 0.6017 | validation accuracy: 0.8373 | validation AP: 0.2282
Epoch 13/50 | train loss: 0.4729 | validation loss: 0.6209 | validation accuracy: 0.8625 | validation AP: 0.2112
Epoch 14/50 | train loss: 0.4573 | validation loss: 0.6008 | validation accuracy: 0.8558 | validation AP: 0.2244
Epoch 15/50 | train loss: 0.4736 | validation loss: 0.6452 | validation accuracy: 0.8548 | validation AP: 0.1963
Epoch 16/50 | train loss: 0.4664 | validation loss: 0.6232 | validation accuracy: 0.8695 | validation AP: 0.243
Epoch 17/50 | train loss: 0.4489 | validation loss: 0.6476 | validation accuracy: 0.8586 | validation AP: 0.209
Epoch 18/50 | train loss: 0.4484 | validation loss: 0.6493 | validation accuracy: 0.8544 | validation AP: 0.1864
Epoch 19/50 | train loss: 0.4409 | validation loss: 0.6195 | validation accuracy: 0.8118 | validation AP: 0.2031
Epoch 20/50 | train loss: 0.4334 | validation loss: 0.6983 | validation accuracy: 0.83 | validation AP: 0.1775
Stopping at epoch 20: validation AP has not improved for 4 epochs.
Best epoch: 16 | validation AP: 0.243 | epochs run: 20

Validation classification report:
              precision    recall  f1-score   support

  disengaged     0.3504    0.1446    0.2047       332
     engaged     0.8956    0.9648    0.9289      2526

    accuracy                         0.8695      2858
   macro avg     0.6230    0.5547    0.5668      2858
weighted avg     0.8323    0.8695    0.8448      2858

Confusion matrix (rows: actual, columns: predicted):
[[  48  284]
 [  89 2437]]
Epoch 1/50 | train loss: 0.6763 | validation loss: 0.6798 | validation accuracy: 0.7579 | validation AP: 0.1707
Epoch 2/50 | train loss: 0.6542 | validation loss: 0.6823 | validation accuracy: 0.7344 | validation AP: 0.167
Epoch 3/50 | train loss: 0.6513 | validation loss: 0.7085 | validation accuracy: 0.7446 | validation AP: 0.1686
Epoch 4/50 | train loss: 0.6488 | validation loss: 0.6863 | validation accuracy: 0.7677 | validation AP: 0.1963
Epoch 5/50 | train loss: 0.6328 | validation loss: 0.6997 | validation accuracy: 0.7894 | validation AP: 0.2124
Epoch 6/50 | train loss: 0.6294 | validation loss: 0.6779 | validation accuracy: 0.6917 | validation AP: 0.1727
Epoch 7/50 | train loss: 0.6307 | validation loss: 0.7304 | validation accuracy: 0.7467 | validation AP: 0.1585
Epoch 8/50 | train loss: 0.6243 | validation loss: 0.7261 | validation accuracy: 0.7806 | validation AP: 0.1726
Epoch 9/50 | train loss: 0.6249 | validation loss: 0.6852 | validation accuracy: 0.7386 | validation AP: 0.206
Stopping at epoch 9: validation AP has not improved for 4 epochs.
Best epoch: 5 | validation AP: 0.2124 | epochs run: 9

Validation classification report:
              precision    recall  f1-score   support

  disengaged     0.2289    0.3434    0.2747       332
     engaged     0.9076    0.8480    0.8768      2526

    accuracy                         0.7894      2858
   macro avg     0.5683    0.5957    0.5757      2858
weighted avg     0.8288    0.7894    0.8068      2858

Confusion matrix (rows: actual, columns: predicted):
[[ 114  218]
 [ 384 2142]]
Epoch 1/50 | train loss: 0.6698 | validation loss: 0.7013 | validation accuracy: 0.8355 | validation AP: 0.1753
Epoch 2/50 | train loss: 0.6537 | validation loss: 0.6923 | validation accuracy: 0.7491 | validation AP: 0.1569
Epoch 3/50 | train loss: 0.645 | validation loss: 0.702 | validation accuracy: 0.7841 | validation AP: 0.1699
Epoch 4/50 | train loss: 0.6402 | validation loss: 0.677 | validation accuracy: 0.6575 | validation AP: 0.1758
Epoch 5/50 | train loss: 0.637 | validation loss: 0.7075 | validation accuracy: 0.6865 | validation AP: 0.152
Epoch 6/50 | train loss: 0.6336 | validation loss: 0.6842 | validation accuracy: 0.7306 | validation AP: 0.1907
Epoch 7/50 | train loss: 0.6299 | validation loss: 0.6966 | validation accuracy: 0.7264 | validation AP: 0.1926
Epoch 8/50 | train loss: 0.6267 | validation loss: 0.7069 | validation accuracy: 0.7708 | validation AP: 0.1932
Epoch 9/50 | train loss: 0.6258 | validation loss: 0.7071 | validation accuracy: 0.7565 | validation AP: 0.177
Epoch 10/50 | train loss: 0.6176 | validation loss: 0.7035 | validation accuracy: 0.733 | validation AP: 0.1796
Epoch 11/50 | train loss: 0.6143 | validation loss: 0.7259 | validation accuracy: 0.7981 | validation AP: 0.1984
Epoch 12/50 | train loss: 0.6123 | validation loss: 0.7387 | validation accuracy: 0.7631 | validation AP: 0.1682
Epoch 13/50 | train loss: 0.6182 | validation loss: 0.7155 | validation accuracy: 0.747 | validation AP: 0.1983
Epoch 14/50 | train loss: 0.6067 | validation loss: 0.733 | validation accuracy: 0.7684 | validation AP: 0.1966
Epoch 15/50 | train loss: 0.6113 | validation loss: 0.7309 | validation accuracy: 0.7691 | validation AP: 0.1792
Stopping at epoch 15: validation AP has not improved for 4 epochs.
Best epoch: 11 | validation AP: 0.1984 | epochs run: 15

Validation classification report:
              precision    recall  f1-score   support

  disengaged     0.1975    0.2410    0.2171       332
     engaged     0.8973    0.8713    0.8841      2526

    accuracy                         0.7981      2858
   macro avg     0.5474    0.5562    0.5506      2858
weighted avg     0.8160    0.7981    0.8066      2858

Confusion matrix (rows: actual, columns: predicted):
[[  80  252]
 [ 325 2201]]
Epoch 1/50 | train loss: 0.6786 | validation loss: 0.6921 | validation accuracy: 0.8341 | validation AP: 0.1852
Epoch 2/50 | train loss: 0.6612 | validation loss: 0.6827 | validation accuracy: 0.753 | validation AP: 0.1676
Epoch 3/50 | train loss: 0.6562 | validation loss: 0.6905 | validation accuracy: 0.7533 | validation AP: 0.1591
Epoch 4/50 | train loss: 0.6489 | validation loss: 0.699 | validation accuracy: 0.7848 | validation AP: 0.1655
Epoch 5/50 | train loss: 0.6439 | validation loss: 0.6985 | validation accuracy: 0.6711 | validation AP: 0.1475
Stopping at epoch 5: validation AP has not improved for 4 epochs.
Best epoch: 1 | validation AP: 0.1852 | epochs run: 5

Validation classification report:
              precision    recall  f1-score   support

  disengaged     0.2390    0.1958    0.2152       332
     engaged     0.8968    0.9181    0.9073      2526

    accuracy                         0.8341      2858
   macro avg     0.5679    0.5569    0.5613      2858
weighted avg     0.8203    0.8341    0.8269      2858

Confusion matrix (rows: actual, columns: predicted):
[[  65  267]
 [ 207 2319]]
Epoch 1/50 | train loss: 0.6321 | validation loss: 0.6362 | validation accuracy: 0.831 | validation AP: 0.2458
Epoch 2/50 | train loss: 0.6075 | validation loss: 0.6638 | validation accuracy: 0.7782 | validation AP: 0.1838
Epoch 3/50 | train loss: 0.5852 | validation loss: 0.7338 | validation accuracy: 0.8254 | validation AP: 0.1856
Epoch 4/50 | train loss: 0.5874 | validation loss: 0.652 | validation accuracy: 0.7512 | validation AP: 0.2155
Epoch 5/50 | train loss: 0.5619 | validation loss: 0.7004 | validation accuracy: 0.7852 | validation AP: 0.2119
Stopping at epoch 5: validation AP has not improved for 4 epochs.
Best epoch: 1 | validation AP: 0.2458 | epochs run: 5

Validation classification report:
              precision    recall  f1-score   support

  disengaged     0.2733    0.2741    0.2737       332
     engaged     0.9046    0.9042    0.9044      2526

    accuracy                         0.8310      2858
   macro avg     0.5889    0.5891    0.5890      2858
weighted avg     0.8312    0.8310    0.8311      2858
[I 2026-10-09 00:51:58,088] Trial 3 finished with value: 0.2607872553599036 and parameters: {'hidden_size': 40, 'num_layers': 1, 'dropout': 0.0, 'learning_rate': 0.006586289317583112, 'batch_size': 16}. Best is trial 3 with value: 0.2607872553599036.
[I 2026-10-09 00:52:21,718] Trial 4 finished with value: 0.27565466215317275 and parameters: {'hidden_size': 70, 'num_layers': 1, 'dropout': 0.0, 'learning_rate': 0.0069782812651260325, 'batch_size': 64}. Best is trial 4 with value: 0.27565466215317275.

Confusion matrix (rows: actual, columns: predicted):
[[  91  241]
 [ 242 2284]]
Epoch 1/50 | train loss: 0.6323 | validation loss: 0.6981 | validation accuracy: 0.8191 | validation AP: 0.2105
Epoch 2/50 | train loss: 0.6067 | validation loss: 0.7128 | validation accuracy: 0.8453 | validation AP: 0.1946
Epoch 3/50 | train loss: 0.5823 | validation loss: 0.6354 | validation accuracy: 0.8321 | validation AP: 0.2467
Epoch 4/50 | train loss: 0.5742 | validation loss: 0.6205 | validation accuracy: 0.7117 | validation AP: 0.2067
Epoch 5/50 | train loss: 0.5547 | validation loss: 0.6827 | validation accuracy: 0.7432 | validation AP: 0.1731
Epoch 6/50 | train loss: 0.545 | validation loss: 0.7383 | validation accuracy: 0.8226 | validation AP: 0.2156
Epoch 7/50 | train loss: 0.5417 | validation loss: 0.675 | validation accuracy: 0.8534 | validation AP: 0.2229
Stopping at epoch 7: validation AP has not improved for 4 epochs.
Best epoch: 3 | validation AP: 0.2467 | epochs run: 7

Validation classification report:
              precision    recall  f1-score   support

  disengaged     0.2758    0.2741    0.2749       332
     engaged     0.9047    0.9054    0.9050      2526

    accuracy                         0.8321      2858
   macro avg     0.5902    0.5897    0.5900      2858
weighted avg     0.8316    0.8321    0.8318      2858

Confusion matrix (rows: actual, columns: predicted):
[[  91  241]
 [ 239 2287]]
Epoch 1/50 | train loss: 0.6195 | validation loss: 0.7594 | validation accuracy: 0.8506 | validation AP: 0.1587
Epoch 2/50 | train loss: 0.5985 | validation loss: 0.7355 | validation accuracy: 0.8272 | validation AP: 0.1833
Epoch 3/50 | train loss: 0.5772 | validation loss: 0.6487 | validation accuracy: 0.8062 | validation AP: 0.1991
Epoch 4/50 | train loss: 0.561 | validation loss: 0.7144 | validation accuracy: 0.8104 | validation AP: 0.1782
Epoch 5/50 | train loss: 0.5491 | validation loss: 0.7045 | validation accuracy: 0.7617 | validation AP: 0.1723
Epoch 6/50 | train loss: 0.5414 | validation loss: 0.7283 | validation accuracy: 0.7806 | validation AP: 0.1763
Epoch 7/50 | train loss: 0.5347 | validation loss: 0.7479 | validation accuracy: 0.7803 | validation AP: 0.1628
Stopping at epoch 7: validation AP has not improved for 4 epochs.
Best epoch: 3 | validation AP: 0.1991 | epochs run: 7

Validation classification report:
              precision    recall  f1-score   support

  disengaged     0.2466    0.3253    0.2805       332
     engaged     0.9074    0.8694    0.8880      2526

    accuracy                         0.8062      2858
   macro avg     0.5770    0.5973    0.5843      2858
weighted avg     0.8307    0.8062    0.8174      2858

Confusion matrix (rows: actual, columns: predicted):
[[ 108  224]
 [ 330 2196]]
Epoch 1/50 | train loss: 0.6825 | validation loss: 0.6768 | validation accuracy: 0.6494 | validation AP: 0.177
Epoch 2/50 | train loss: 0.6573 | validation loss: 0.7029 | validation accuracy: 0.6956 | validation AP: 0.1928
Epoch 3/50 | train loss: 0.6403 | validation loss: 0.7369 | validation accuracy: 0.739 | validation AP: 0.2069
Epoch 4/50 | train loss: 0.6325 | validation loss: 0.7215 | validation accuracy: 0.6984 | validation AP: 0.1725
Epoch 5/50 | train loss: 0.6091 | validation loss: 0.7447 | validation accuracy: 0.7614 | validation AP: 0.2445
Epoch 6/50 | train loss: 0.6694 | validation loss: 0.7766 | validation accuracy: 0.6288 | validation AP: 0.1293
Epoch 7/50 | train loss: 0.6526 | validation loss: 0.786 | validation accuracy: 0.7281 | validation AP: 0.1703
Epoch 8/50 | train loss: 0.6458 | validation loss: 0.6938 | validation accuracy: 0.6197 | validation AP: 0.2074
Epoch 9/50 | train loss: 0.6312 | validation loss: 0.7229 | validation accuracy: 0.67 | validation AP: 0.184
Stopping at epoch 9: validation AP has not improved for 4 epochs.
Best epoch: 5 | validation AP: 0.2445 | epochs run: 9

Validation classification report:
              precision    recall  f1-score   support

  disengaged     0.2186    0.4096    0.2851       332
     engaged     0.9123    0.8076    0.8568      2526

    accuracy                         0.7614      2858
   macro avg     0.5655    0.6086    0.5709      2858
weighted avg     0.8318    0.7614    0.7904      2858

Confusion matrix (rows: actual, columns: predicted):
[[ 136  196]
 [ 486 2040]]
Epoch 1/50 | train loss: 0.6747 | validation loss: 0.6938 | validation accuracy: 0.7316 | validation AP: 0.2262
Epoch 2/50 | train loss: 0.6535 | validation loss: 0.7268 | validation accuracy: 0.8058 | validation AP: 0.2294
Epoch 3/50 | train loss: 0.6305 | validation loss: 0.6506 | validation accuracy: 0.6977 | validation AP: 0.262
Epoch 4/50 | train loss: 0.6018 | validation loss: 0.675 | validation accuracy: 0.6826 | validation AP: 0.2565
Epoch 5/50 | train loss: 0.5909 | validation loss: 0.7466 | validation accuracy: 0.7043 | validation AP: 0.1829
Epoch 6/50 | train loss: 0.5786 | validation loss: 0.739 | validation accuracy: 0.7292 | validation AP: 0.212
Epoch 7/50 | train loss: 0.5741 | validation loss: 0.711 | validation accuracy: 0.6735 | validation AP: 0.2039
Stopping at epoch 7: validation AP has not improved for 4 epochs.
Best epoch: 3 | validation AP: 0.262 | epochs run: 7

Validation classification report:
              precision    recall  f1-score   support

  disengaged     0.2031    0.5482    0.2964       332
     engaged     0.9235    0.7173    0.8075      2526

    accuracy                         0.6977      2858
   macro avg     0.5633    0.6328    0.5520      2858
weighted avg     0.8399    0.6977    0.7481      2858

Confusion matrix (rows: actual, columns: predicted):
[[ 182  150]
 [ 714 1812]]
Epoch 1/50 | train loss: 0.6815 | validation loss: 0.7297 | validation accuracy: 0.7806 | validation AP: 0.1637
Epoch 2/50 | train loss: 0.662 | validation loss: 0.6785 | validation accuracy: 0.6536 | validation AP: 0.1957
Epoch 3/50 | train loss: 0.644 | validation loss: 0.6633 | validation accuracy: 0.5178 | validation AP: 0.1621
Epoch 4/50 | train loss: 0.6354 | validation loss: 0.6756 | validation accuracy: 0.6099 | validation AP: 0.1772
Epoch 5/50 | train loss: 0.6122 | validation loss: 0.6638 | validation accuracy: 0.6053 | validation AP: 0.1799
Epoch 6/50 | train loss: 0.5963 | validation loss: 0.6963 | validation accuracy: 0.732 | validation AP: 0.238
Epoch 7/50 | train loss: 0.5872 | validation loss: 0.7642 | validation accuracy: 0.719 | validation AP: 0.1737
Epoch 8/50 | train loss: 0.5646 | validation loss: 0.6592 | validation accuracy: 0.5644 | validation AP: 0.2144
Epoch 9/50 | train loss: 0.5737 | validation loss: 0.7798 | validation accuracy: 0.64 | validation AP: 0.1512
Epoch 10/50 | train loss: 0.56 | validation loss: 0.8104 | validation accuracy: 0.6949 | validation AP: 0.2083
Stopping at epoch 10: validation AP has not improved for 4 epochs.
Best epoch: 6 | validation AP: 0.238 | epochs run: 10

Validation classification report:
              precision    recall  f1-score   support

  disengaged     0.2019    0.4428    0.2774       332
     engaged     0.9131    0.7700    0.8355      2526

    accuracy                         0.7320      2858
   macro avg     0.5575    0.6064    0.5564      2858
weighted avg     0.8305    0.7320    0.7706      2858

Confusion matrix (rows: actual, columns: predicted):
[[ 147  185]
 [ 581 1945]]
Epoch 1/50 | train loss: 0.6354 | validation loss: 0.6441 | validation accuracy: 0.8317 | validation AP: 0.2266
Epoch 2/50 | train loss: 0.607 | validation loss: 0.669 | validation accuracy: 0.8037 | validation AP: 0.1885
Epoch 3/50 | train loss: 0.5914 | validation loss: 0.7035 | validation accuracy: 0.8062 | validation AP: 0.1925
Epoch 4/50 | train loss: 0.5825 | validation loss: 0.6408 | validation accuracy: 0.7519 | validation AP: 0.2117
Epoch 5/50 | train loss: 0.5549 | validation loss: 0.6642 | validation accuracy: 0.803 | validation AP: 0.2588
Epoch 6/50 | train loss: 0.5418 | validation loss: 0.6276 | validation accuracy: 0.8041 | validation AP: 0.219
Epoch 7/50 | train loss: 0.5367 | validation loss: 0.7053 | validation accuracy: 0.7691 | validation AP: 0.1665
Epoch 8/50 | train loss: 0.528 | validation loss: 0.7536 | validation accuracy: 0.8265 | validation AP: 0.1785[I 2026-10-09 00:54:09,874] Trial 5 finished with value: 0.26579869954742497 and parameters: {'hidden_size': 48, 'num_layers': 1, 'dropout': 0.0, 'learning_rate': 0.0040215545266902904, 'batch_size': 16}. Best is trial 4 with value: 0.27565466215317275.

Epoch 9/50 | train loss: 0.522 | validation loss: 0.6525 | validation accuracy: 0.7596 | validation AP: 0.1892
Stopping at epoch 9: validation AP has not improved for 4 epochs.
Best epoch: 5 | validation AP: 0.2588 | epochs run: 9

Validation classification report:
              precision    recall  f1-score   support

  disengaged     0.2579    0.3705    0.3041       332
     engaged     0.9122    0.8599    0.8853      2526

    accuracy                         0.8030      2858
   macro avg     0.5850    0.6152    0.5947      2858
weighted avg     0.8362    0.8030    0.8178      2858

Confusion matrix (rows: actual, columns: predicted):
[[ 123  209]
 [ 354 2172]]
Epoch 1/50 | train loss: 0.6281 | validation loss: 0.7238 | validation accuracy: 0.7915 | validation AP: 0.1958
Epoch 2/50 | train loss: 0.6148 | validation loss: 0.6826 | validation accuracy: 0.86 | validation AP: 0.1853
Epoch 3/50 | train loss: 0.6089 | validation loss: 0.6274 | validation accuracy: 0.8261 | validation AP: 0.2613
Epoch 4/50 | train loss: 0.5759 | validation loss: 0.6261 | validation accuracy: 0.662 | validation AP: 0.2526
Epoch 5/50 | train loss: 0.5589 | validation loss: 0.657 | validation accuracy: 0.7775 | validation AP: 0.1938
Epoch 6/50 | train loss: 0.5421 | validation loss: 0.7166 | validation accuracy: 0.8226 | validation AP: 0.2265
Epoch 7/50 | train loss: 0.5374 | validation loss: 0.6842 | validation accuracy: 0.8569 | validation AP: 0.2183
Stopping at epoch 7: validation AP has not improved for 4 epochs.
Best epoch: 3 | validation AP: 0.2613 | epochs run: 7

Validation classification report:
              precision    recall  f1-score   support

  disengaged     0.2812    0.3193    0.2990       332
     engaged     0.9089    0.8927    0.9007      2526

    accuracy                         0.8261      2858
   macro avg     0.5950    0.6060    0.5999      2858
weighted avg     0.8360    0.8261    0.8308      2858

Confusion matrix (rows: actual, columns: predicted):
[[ 106  226]
 [ 271 2255]]
Epoch 1/50 | train loss: 0.6231 | validation loss: 0.7308 | validation accuracy: 0.8488 | validation AP: 0.1616
Epoch 2/50 | train loss: 0.6146 | validation loss: 0.6862 | validation accuracy: 0.8478 | validation AP: 0.2192
Epoch 3/50 | train loss: 0.5872 | validation loss: 0.6437 | validation accuracy: 0.7981 | validation AP: 0.2229
Epoch 4/50 | train loss: 0.5636 | validation loss: 0.6972 | validation accuracy: 0.7995 | validation AP: 0.1735
Epoch 5/50 | train loss: 0.5577 | validation loss: 0.6751 | validation accuracy: 0.789 | validation AP: 0.1769
Epoch 6/50 | train loss: 0.5521 | validation loss: 0.6562 | validation accuracy: 0.7684 | validation AP: 0.1893
Epoch 7/50 | train loss: 0.5355 | validation loss: 0.7134 | validation accuracy: 0.8114 | validation AP: 0.163
Stopping at epoch 7: validation AP has not improved for 4 epochs.
Best epoch: 3 | validation AP: 0.2229 | epochs run: 7

Validation classification report:
              precision    recall  f1-score   support

  disengaged     0.2296    0.3133    0.2650       332
     engaged     0.9052    0.8618    0.8830      2526

    accuracy                         0.7981      2858
   macro avg     0.5674    0.5875    0.5740      2858
weighted avg     0.8267    0.7981    0.8112      2858

Confusion matrix (rows: actual, columns: predicted):
[[ 104  228]
 [ 349 2177]]
Epoch 1/50 | train loss: 0.5651 | validation loss: 0.6082 | validation accuracy: 0.8838 | validation AP: 0.1948
Epoch 2/50 | train loss: 0.533 | validation loss: 0.6133 | validation accuracy: 0.8782 | validation AP: 0.1661
Epoch 3/50 | train loss: 0.5229 | validation loss: 0.6222 | validation accuracy: 0.8653 | validation AP: 0.1694
Epoch 4/50 | train loss: 0.5339 | validation loss: 0.6021 | validation accuracy: 0.8639 | validation AP: 0.1867
Epoch 5/50 | train loss: 0.5226 | validation loss: 0.5992 | validation accuracy: 0.8677 | validation AP: 0.1967
Epoch 6/50 | train loss: 0.5194 | validation loss: 0.5974 | validation accuracy: 0.8541 | validation AP: 0.182
Epoch 7/50 | train loss: 0.5125 | validation loss: 0.6172 | validation accuracy: 0.8314 | validation AP: 0.1631
Epoch 8/50 | train loss: 0.5037 | validation loss: 0.6083 | validation accuracy: 0.8684 | validation AP: 0.2007
Epoch 9/50 | train loss: 0.5073 | validation loss: 0.6022 | validation accuracy: 0.8254 | validation AP: 0.1899
Epoch 10/50 | train loss: 0.4963 | validation loss: 0.6095 | validation accuracy: 0.8639 | validation AP: 0.2089
Epoch 11/50 | train loss: 0.5006 | validation loss: 0.6092 | validation accuracy: 0.8558 | validation AP: 0.1976
Epoch 12/50 | train loss: 0.4961 | validation loss: 0.6156 | validation accuracy: 0.8667 | validation AP: 0.203
Epoch 13/50 | train loss: 0.4951 | validation loss: 0.6238 | validation accuracy: 0.8527 | validation AP: 0.1854
Epoch 14/50 | train loss: 0.4999 | validation loss: 0.6038 | validation accuracy: 0.8359 | validation AP: 0.1981
Stopping at epoch 14: validation AP has not improved for 4 epochs.
Best epoch: 10 | validation AP: 0.2089 | epochs run: 14

Validation classification report:
              precision    recall  f1-score   support

  disengaged     0.2683    0.0994    0.1451       332
     engaged     0.8907    0.9644    0.9261      2526

    accuracy                         0.8639      2858
   macro avg     0.5795    0.5319    0.5356      2858
weighted avg     0.8184    0.8639    0.8353      2858

Confusion matrix (rows: actual, columns: predicted):
[[  33  299]
 [  90 2436]]
Epoch 1/50 | train loss: 0.5662 | validation loss: 0.6287 | validation accuracy: 0.8824 | validation AP: 0.1459
Epoch 2/50 | train loss: 0.5304 | validation loss: 0.6099 | validation accuracy: 0.8646 | validation AP: 0.156
Epoch 3/50 | train loss: 0.5199 | validation loss: 0.6017 | validation accuracy: 0.8765 | validation AP: 0.1882
Epoch 4/50 | train loss: 0.5191 | validation loss: 0.5973 | validation accuracy: 0.8153 | validation AP: 0.1708
Epoch 5/50 | train loss: 0.5117 | validation loss: 0.6107 | validation accuracy: 0.8366 | validation AP: 0.1624
Epoch 6/50 | train loss: 0.5058 | validation loss: 0.6074 | validation accuracy: 0.8534 | validation AP: 0.185
Epoch 7/50 | train loss: 0.5098 | validation loss: 0.5988 | validation accuracy: 0.8411 | validation AP: 0.1919
Epoch 8/50 | train loss: 0.502 | validation loss: 0.6136 | validation accuracy: 0.8565 | validation AP: 0.196
Epoch 9/50 | train loss: 0.5076 | validation loss: 0.617 | validation accuracy: 0.8471 | validation AP: 0.1795
Epoch 10/50 | train loss: 0.4933 | validation loss: 0.5911 | validation accuracy: 0.8202 | validation AP: 0.2048
Epoch 11/50 | train loss: 0.5003 | validation loss: 0.6103 | validation accuracy: 0.8551 | validation AP: 0.2098
Epoch 12/50 | train loss: 0.5038 | validation loss: 0.6158 | validation accuracy: 0.8439 | validation AP: 0.1932
Epoch 13/50 | train loss: 0.4884 | validation loss: 0.6005 | validation accuracy: 0.8362 | validation AP: 0.2122
Epoch 14/50 | train loss: 0.4856 | validation loss: 0.5905 | validation accuracy: 0.8167 | validation AP: 0.2121
Epoch 15/50 | train loss: 0.4872 | validation loss: 0.6185 | validation accuracy: 0.8555 | validation AP: 0.2132
Epoch 16/50 | train loss: 0.4816 | validation loss: 0.621 | validation accuracy: 0.8467 | validation AP: 0.2164
Epoch 17/50 | train loss: 0.4741 | validation loss: 0.5973 | validation accuracy: 0.8485 | validation AP: 0.2221
Epoch 18/50 | train loss: 0.4833 | validation loss: 0.6242 | validation accuracy: 0.8632 | validation AP: 0.2359
Epoch 19/50 | train loss: 0.478 | validation loss: 0.6066 | validation accuracy: 0.8471 | validation AP: 0.223
Epoch 20/50 | train loss: 0.4693 | validation loss: 0.5916 | validation accuracy: 0.8051 | validation AP: 0.2192
Epoch 21/50 | train loss: 0.4679 | validation loss: 0.5896 | validation accuracy: 0.8397 | validation AP: 0.2305
Epoch 22/50 | train loss: 0.4646 | validation loss: 0.6243 | validation accuracy: 0.8268 | validation AP: 0.1951
Stopping at epoch 22: validation AP has not improved for 4 epochs.
Best epoch: 18 | validation AP: 0.2359 | epochs run: 22

Validation classification report:
              precision    recall  f1-score   support

  disengaged     0.2966    0.1295    0.1803       332
     engaged     0.8935    0.9596    0.9254      2526

    accuracy                         0.8632      2858
   macro avg     0.5950    0.5446    0.5528      2858
weighted avg     0.8241    0.8632    0.8388      2858
[I 2026-10-09 01:04:50,223] Trial 6 finished with value: 0.23225771837589101 and parameters: {'hidden_size': 20, 'num_layers': 3, 'dropout': 0.1, 'learning_rate': 0.0001705053926026929, 'batch_size': 8}. Best is trial 4 with value: 0.27565466215317275.
[I 2026-10-09 01:06:16,640] Trial 7 finished with value: 0.25216607801464974 and parameters: {'hidden_size': 40, 'num_layers': 1, 'dropout': 0.1, 'learning_rate': 0.0026698666742744613, 'batch_size': 32}. Best is trial 4 with value: 0.27565466215317275.

Confusion matrix (rows: actual, columns: predicted):
[[  43  289]
 [ 102 2424]]
Epoch 1/50 | train loss: 0.5521 | validation loss: 0.6177 | validation accuracy: 0.8835 | validation AP: 0.1631
Epoch 2/50 | train loss: 0.5295 | validation loss: 0.6177 | validation accuracy: 0.8737 | validation AP: 0.1614
Epoch 3/50 | train loss: 0.5256 | validation loss: 0.6094 | validation accuracy: 0.8635 | validation AP: 0.1566
Epoch 4/50 | train loss: 0.5123 | validation loss: 0.6217 | validation accuracy: 0.867 | validation AP: 0.1675
Epoch 5/50 | train loss: 0.5122 | validation loss: 0.6037 | validation accuracy: 0.8467 | validation AP: 0.1684
Epoch 6/50 | train loss: 0.5169 | validation loss: 0.5967 | validation accuracy: 0.8667 | validation AP: 0.1874
Epoch 7/50 | train loss: 0.5083 | validation loss: 0.6066 | validation accuracy: 0.8649 | validation AP: 0.1837
Epoch 8/50 | train loss: 0.5045 | validation loss: 0.5943 | validation accuracy: 0.866 | validation AP: 0.1905
Epoch 9/50 | train loss: 0.5059 | validation loss: 0.5938 | validation accuracy: 0.8586 | validation AP: 0.1885
Epoch 10/50 | train loss: 0.4937 | validation loss: 0.6147 | validation accuracy: 0.867 | validation AP: 0.1963
Epoch 11/50 | train loss: 0.4903 | validation loss: 0.6207 | validation accuracy: 0.8751 | validation AP: 0.2018
Epoch 12/50 | train loss: 0.4954 | validation loss: 0.5987 | validation accuracy: 0.8628 | validation AP: 0.1967
Epoch 13/50 | train loss: 0.4916 | validation loss: 0.6171 | validation accuracy: 0.8597 | validation AP: 0.1918
Epoch 14/50 | train loss: 0.4835 | validation loss: 0.5978 | validation accuracy: 0.8555 | validation AP: 0.2121
Epoch 15/50 | train loss: 0.4941 | validation loss: 0.6282 | validation accuracy: 0.8541 | validation AP: 0.1804
Epoch 16/50 | train loss: 0.4907 | validation loss: 0.5948 | validation accuracy: 0.8674 | validation AP: 0.2227
Epoch 17/50 | train loss: 0.4787 | validation loss: 0.6311 | validation accuracy: 0.8523 | validation AP: 0.1883
Epoch 18/50 | train loss: 0.4789 | validation loss: 0.6375 | validation accuracy: 0.8537 | validation AP: 0.187
Epoch 19/50 | train loss: 0.4772 | validation loss: 0.6029 | validation accuracy: 0.8111 | validation AP: 0.1825
Epoch 20/50 | train loss: 0.4664 | validation loss: 0.6528 | validation accuracy: 0.8478 | validation AP: 0.1765
Stopping at epoch 20: validation AP has not improved for 4 epochs.
Best epoch: 16 | validation AP: 0.2227 | epochs run: 20

Validation classification report:
              precision    recall  f1-score   support

  disengaged     0.2957    0.1024    0.1521       332
     engaged     0.8914    0.9679    0.9281      2526

    accuracy                         0.8674      2858
   macro avg     0.5935    0.5352    0.5401      2858
weighted avg     0.8222    0.8674    0.8379      2858

Confusion matrix (rows: actual, columns: predicted):
[[  34  298]
 [  81 2445]]
Epoch 1/50 | train loss: 0.6641 | validation loss: 0.6631 | validation accuracy: 0.7628 | validation AP: 0.226
Epoch 2/50 | train loss: 0.6429 | validation loss: 0.6855 | validation accuracy: 0.7218 | validation AP: 0.1824
Epoch 3/50 | train loss: 0.6342 | validation loss: 0.7204 | validation accuracy: 0.733 | validation AP: 0.1729
Epoch 4/50 | train loss: 0.6207 | validation loss: 0.7084 | validation accuracy: 0.7285 | validation AP: 0.1843
Epoch 5/50 | train loss: 0.6072 | validation loss: 0.7124 | validation accuracy: 0.8048 | validation AP: 0.2566
Epoch 6/50 | train loss: 0.5879 | validation loss: 0.6611 | validation accuracy: 0.6781 | validation AP: 0.1976
Epoch 7/50 | train loss: 0.5795 | validation loss: 0.7467 | validation accuracy: 0.6721 | validation AP: 0.1525
Epoch 8/50 | train loss: 0.5646 | validation loss: 0.7367 | validation accuracy: 0.7355 | validation AP: 0.1813
Epoch 9/50 | train loss: 0.5434 | validation loss: 0.6865 | validation accuracy: 0.654 | validation AP: 0.1957
Stopping at epoch 9: validation AP has not improved for 4 epochs.
Best epoch: 5 | validation AP: 0.2566 | epochs run: 9

Validation classification report:
              precision    recall  f1-score   support

  disengaged     0.2554    0.3554    0.2972       332
     engaged     0.9107    0.8638    0.8866      2526

    accuracy                         0.8048      2858
   macro avg     0.5830    0.6096    0.5919      2858
weighted avg     0.8346    0.8048    0.8182      2858

Confusion matrix (rows: actual, columns: predicted):
[[ 118  214]
 [ 344 2182]]
Epoch 1/50 | train loss: 0.6582 | validation loss: 0.7031 | validation accuracy: 0.7768 | validation AP: 0.2227
Epoch 2/50 | train loss: 0.6407 | validation loss: 0.7023 | validation accuracy: 0.7789 | validation AP: 0.1831
Epoch 3/50 | train loss: 0.6238 | validation loss: 0.6763 | validation accuracy: 0.7666 | validation AP: 0.2346
Epoch 4/50 | train loss: 0.6039 | validation loss: 0.6685 | validation accuracy: 0.647 | validation AP: 0.2095
Epoch 5/50 | train loss: 0.5866 | validation loss: 0.6982 | validation accuracy: 0.7155 | validation AP: 0.1725
Epoch 6/50 | train loss: 0.5738 | validation loss: 0.7082 | validation accuracy: 0.7516 | validation AP: 0.2067
Epoch 7/50 | train loss: 0.5606 | validation loss: 0.7017 | validation accuracy: 0.7365 | validation AP: 0.2096
Stopping at epoch 7: validation AP has not improved for 4 epochs.
Best epoch: 3 | validation AP: 0.2346 | epochs run: 7

Validation classification report:
              precision    recall  f1-score   support

  disengaged     0.2222    0.4036    0.2866       332
     engaged     0.9122    0.8143    0.8605      2526

    accuracy                         0.7666      2858
   macro avg     0.5672    0.6090    0.5736      2858
weighted avg     0.8320    0.7666    0.7938      2858

Confusion matrix (rows: actual, columns: predicted):
[[ 134  198]
 [ 469 2057]]
Epoch 1/50 | train loss: 0.6653 | validation loss: 0.721 | validation accuracy: 0.7953 | validation AP: 0.1822
Epoch 2/50 | train loss: 0.6458 | validation loss: 0.7049 | validation accuracy: 0.768 | validation AP: 0.1881
Epoch 3/50 | train loss: 0.6345 | validation loss: 0.6978 | validation accuracy: 0.6963 | validation AP: 0.1604
Epoch 4/50 | train loss: 0.617 | validation loss: 0.6741 | validation accuracy: 0.7183 | validation AP: 0.1998
Epoch 5/50 | train loss: 0.6064 | validation loss: 0.6765 | validation accuracy: 0.711 | validation AP: 0.1893
Epoch 6/50 | train loss: 0.5831 | validation loss: 0.7202 | validation accuracy: 0.7726 | validation AP: 0.2182
Epoch 7/50 | train loss: 0.5831 | validation loss: 0.7456 | validation accuracy: 0.7705 | validation AP: 0.1966
Epoch 8/50 | train loss: 0.5582 | validation loss: 0.6941 | validation accuracy: 0.7239 | validation AP: 0.2018
Epoch 9/50 | train loss: 0.5591 | validation loss: 0.679 | validation accuracy: 0.6697 | validation AP: 0.19
Epoch 10/50 | train loss: 0.5348 | validation loss: 0.7275 | validation accuracy: 0.7379 | validation AP: 0.2184
Epoch 11/50 | train loss: 0.5304 | validation loss: 0.7731 | validation accuracy: 0.7799 | validation AP: 0.2081
Epoch 12/50 | train loss: 0.5304 | validation loss: 0.7124 | validation accuracy: 0.7512 | validation AP: 0.2154
Epoch 13/50 | train loss: 0.5187 | validation loss: 0.7402 | validation accuracy: 0.7484 | validation AP: 0.207
Epoch 14/50 | train loss: 0.5112 | validation loss: 0.758 | validation accuracy: 0.7208 | validation AP: 0.2053
Stopping at epoch 14: validation AP has not improved for 4 epochs.
Best epoch: 10 | validation AP: 0.2184 | epochs run: 14

Validation classification report:
              precision    recall  f1-score   support

  disengaged     0.2100    0.4548    0.2873       332
     engaged     0.9154    0.7751    0.8394      2526

    accuracy                         0.7379      2858
   macro avg     0.5627    0.6150    0.5634      2858
weighted avg     0.8334    0.7379    0.7753      2858

Confusion matrix (rows: actual, columns: predicted):
[[ 151  181]
 [ 568 1958]]
Epoch 1/50 | train loss: 0.5479 | validation loss: 0.5882 | validation accuracy: 0.8793 | validation AP: 0.2242
Epoch 2/50 | train loss: 0.5285 | validation loss: 0.6202 | validation accuracy: 0.8495 | validation AP: 0.1873
Epoch 3/50 | train loss: 0.5146 | validation loss: 0.6683 | validation accuracy: 0.8331 | validation AP: 0.1677[I 2026-10-09 01:11:07,934] Trial 8 finished with value: 0.2769423705091036 and parameters: {'hidden_size': 66, 'num_layers': 2, 'dropout': 0.25, 'learning_rate': 0.0010402587615883842, 'batch_size': 8}. Best is trial 8 with value: 0.2769423705091036.

Epoch 4/50 | train loss: 0.5149 | validation loss: 0.5724 | validation accuracy: 0.8565 | validation AP: 0.2381
Epoch 5/50 | train loss: 0.4985 | validation loss: 0.5818 | validation accuracy: 0.8348 | validation AP: 0.2623
Epoch 6/50 | train loss: 0.4854 | validation loss: 0.5787 | validation accuracy: 0.8569 | validation AP: 0.2311
Epoch 7/50 | train loss: 0.4771 | validation loss: 0.6262 | validation accuracy: 0.7971 | validation AP: 0.1617
Epoch 8/50 | train loss: 0.467 | validation loss: 0.6502 | validation accuracy: 0.8471 | validation AP: 0.1852
Epoch 9/50 | train loss: 0.4683 | validation loss: 0.6255 | validation accuracy: 0.8621 | validation AP: 0.2046
Stopping at epoch 9: validation AP has not improved for 4 epochs.
Best epoch: 5 | validation AP: 0.2623 | epochs run: 9

Validation classification report:
              precision    recall  f1-score   support

  disengaged     0.3000    0.3163    0.3079       332
     engaged     0.9095    0.9030    0.9062      2526

    accuracy                         0.8348      2858
   macro avg     0.6047    0.6096    0.6071      2858
weighted avg     0.8387    0.8348    0.8367      2858

Confusion matrix (rows: actual, columns: predicted):
[[ 105  227]
 [ 245 2281]]
Epoch 1/50 | train loss: 0.5462 | validation loss: 0.6192 | validation accuracy: 0.8562 | validation AP: 0.2373
Epoch 2/50 | train loss: 0.5329 | validation loss: 0.6123 | validation accuracy: 0.8635 | validation AP: 0.1728
Epoch 3/50 | train loss: 0.5171 | validation loss: 0.5834 | validation accuracy: 0.8831 | validation AP: 0.2539
Epoch 4/50 | train loss: 0.5106 | validation loss: 0.5896 | validation accuracy: 0.8023 | validation AP: 0.2018
Epoch 5/50 | train loss: 0.4993 | validation loss: 0.5999 | validation accuracy: 0.8369 | validation AP: 0.1932
Epoch 6/50 | train loss: 0.488 | validation loss: 0.6724 | validation accuracy: 0.8628 | validation AP: 0.1907
Epoch 7/50 | train loss: 0.4895 | validation loss: 0.6014 | validation accuracy: 0.8698 | validation AP: 0.2292
Stopping at epoch 7: validation AP has not improved for 4 epochs.
Best epoch: 3 | validation AP: 0.2539 | epochs run: 7

Validation classification report:
              precision    recall  f1-score   support

  disengaged     0.4833    0.0873    0.1480       332
     engaged     0.8917    0.9877    0.9373      2526

    accuracy                         0.8831      2858
   macro avg     0.6875    0.5375    0.5426      2858
weighted avg     0.8443    0.8831    0.8456      2858

Confusion matrix (rows: actual, columns: predicted):
[[  29  303]
 [  31 2495]]
Epoch 1/50 | train loss: 0.5366 | validation loss: 0.6573 | validation accuracy: 0.8688 | validation AP: 0.1481
Epoch 2/50 | train loss: 0.5279 | validation loss: 0.6412 | validation accuracy: 0.8513 | validation AP: 0.1578
Epoch 3/50 | train loss: 0.5233 | validation loss: 0.6168 | validation accuracy: 0.8429 | validation AP: 0.1539
Epoch 4/50 | train loss: 0.5048 | validation loss: 0.6375 | validation accuracy: 0.823 | validation AP: 0.1629
Epoch 5/50 | train loss: 0.4986 | validation loss: 0.5935 | validation accuracy: 0.8142 | validation AP: 0.1896
Epoch 6/50 | train loss: 0.4973 | validation loss: 0.6141 | validation accuracy: 0.824 | validation AP: 0.193
Epoch 7/50 | train loss: 0.4849 | validation loss: 0.6224 | validation accuracy: 0.8191 | validation AP: 0.178
Epoch 8/50 | train loss: 0.4737 | validation loss: 0.5644 | validation accuracy: 0.8202 | validation AP: 0.2261
Epoch 9/50 | train loss: 0.4712 | validation loss: 0.6033 | validation accuracy: 0.8436 | validation AP: 0.2093
Epoch 10/50 | train loss: 0.456 | validation loss: 0.6805 | validation accuracy: 0.7698 | validation AP: 0.1808
Epoch 11/50 | train loss: 0.4442 | validation loss: 0.6423 | validation accuracy: 0.8716 | validation AP: 0.2258
Epoch 12/50 | train loss: 0.4509 | validation loss: 0.6082 | validation accuracy: 0.8397 | validation AP: 0.218
Stopping at epoch 12: validation AP has not improved for 4 epochs.
Best epoch: 8 | validation AP: 0.2261 | epochs run: 12

Validation classification report:
              precision    recall  f1-score   support

  disengaged     0.2748    0.3343    0.3016       332
     engaged     0.9099    0.8840    0.8968      2526

    accuracy                         0.8202      2858
   macro avg     0.5923    0.6092    0.5992      2858
weighted avg     0.8362    0.8202    0.8277      2858

Confusion matrix (rows: actual, columns: predicted):
[[ 111  221]
 [ 293 2233]]
Epoch 1/50 | train loss: 0.6653 | validation loss: 0.6591 | validation accuracy: 0.705 | validation AP: 0.2212
Epoch 2/50 | train loss: 0.6442 | validation loss: 0.6934 | validation accuracy: 0.725 | validation AP: 0.181
Epoch 3/50 | train loss: 0.6302 | validation loss: 0.7192 | validation accuracy: 0.6812 | validation AP: 0.1681
Epoch 4/50 | train loss: 0.6186 | validation loss: 0.6985 | validation accuracy: 0.7187 | validation AP: 0.2206
Epoch 5/50 | train loss: 0.5935 | validation loss: 0.7604 | validation accuracy: 0.7768 | validation AP: 0.2448
Epoch 6/50 | train loss: 0.5803 | validation loss: 0.6557 | validation accuracy: 0.6158 | validation AP: 0.195
Epoch 7/50 | train loss: 0.5733 | validation loss: 0.7632 | validation accuracy: 0.6858 | validation AP: 0.1631
Epoch 8/50 | train loss: 0.5554 | validation loss: 0.7535 | validation accuracy: 0.7257 | validation AP: 0.1916
Epoch 9/50 | train loss: 0.5428 | validation loss: 0.7394 | validation accuracy: 0.6753 | validation AP: 0.1998
Stopping at epoch 9: validation AP has not improved for 4 epochs.
Best epoch: 5 | validation AP: 0.2448 | epochs run: 9

Validation classification report:
              precision    recall  f1-score   support

  disengaged     0.2188    0.3584    0.2717       332
     engaged     0.9080    0.8317    0.8682      2526

    accuracy                         0.7768      2858
   macro avg     0.5634    0.5951    0.5699      2858
weighted avg     0.8279    0.7768    0.7989      2858

Confusion matrix (rows: actual, columns: predicted):
[[ 119  213]
 [ 425 2101]]
Epoch 1/50 | train loss: 0.6595 | validation loss: 0.7241 | validation accuracy: 0.7754 | validation AP: 0.2153
Epoch 2/50 | train loss: 0.6454 | validation loss: 0.7332 | validation accuracy: 0.7831 | validation AP: 0.1577
Epoch 3/50 | train loss: 0.6237 | validation loss: 0.6736 | validation accuracy: 0.7806 | validation AP: 0.2484
Epoch 4/50 | train loss: 0.6 | validation loss: 0.6534 | validation accuracy: 0.6659 | validation AP: 0.2217
Epoch 5/50 | train loss: 0.5861 | validation loss: 0.697 | validation accuracy: 0.6977 | validation AP: 0.1652
Epoch 6/50 | train loss: 0.578 | validation loss: 0.7501 | validation accuracy: 0.7789 | validation AP: 0.2097
Epoch 7/50 | train loss: 0.5747 | validation loss: 0.6814 | validation accuracy: 0.7015 | validation AP: 0.2057
Stopping at epoch 7: validation AP has not improved for 4 epochs.
Best epoch: 3 | validation AP: 0.2484 | epochs run: 7

Validation classification report:
              precision    recall  f1-score   support

  disengaged     0.2371    0.4006    0.2979       332
     engaged     0.9134    0.8306    0.8700      2526

    accuracy                         0.7806      2858
   macro avg     0.5752    0.6156    0.5839      2858
weighted avg     0.8348    0.7806    0.8035      2858

Confusion matrix (rows: actual, columns: predicted):
[[ 133  199]
 [ 428 2098]]
Epoch 1/50 | train loss: 0.6709 | validation loss: 0.7083 | validation accuracy: 0.7873 | validation AP: 0.181
Epoch 2/50 | train loss: 0.651 | validation loss: 0.6987 | validation accuracy: 0.7075 | validation AP: 0.1758
Epoch 3/50 | train loss: 0.623 | validation loss: 0.7009 | validation accuracy: 0.7229 | validation AP: 0.1706
Epoch 4/50 | train loss: 0.6065 | validation loss: 0.6679 | validation accuracy: 0.7537 | validation AP: 0.2188
Epoch 5/50 | train loss: 0.5957 | validation loss: 0.6874 | validation accuracy: 0.753 | validation AP: 0.1931
Epoch 6/50 | train loss: 0.5786 | validation loss: 0.6818 | validation accuracy: 0.7516 | validation AP: 0.2096
Epoch 7/50 | train loss: 0.5773 | validation loss: 0.728 | validation accuracy: 0.76 | validation AP: 0.1821
Epoch 8/50 | train loss: 0.5548 | validation loss: 0.6818 | validation accuracy: 0.6347 | validation AP: 0.1907[I 2026-10-09 01:12:02,378] Trial 9 finished with value: 0.2605740212288041 and parameters: {'hidden_size': 33, 'num_layers': 1, 'dropout': 0.1, 'learning_rate': 0.005532496914298506, 'batch_size': 32}. Best is trial 8 with value: 0.2769423705091036.
[I 2026-10-09 01:17:52,404] Trial 10 finished with value: 0.2583666193097371 and parameters: {'hidden_size': 20, 'num_layers': 3, 'dropout': 0.25, 'learning_rate': 0.0011108639120394781, 'batch_size': 8}. Best is trial 8 with value: 0.2769423705091036.

Stopping at epoch 8: validation AP has not improved for 4 epochs.
Best epoch: 4 | validation AP: 0.2188 | epochs run: 8

Validation classification report:
              precision    recall  f1-score   support

  disengaged     0.2121    0.4127    0.2802       332
     engaged     0.9118    0.7985    0.8514      2526

    accuracy                         0.7537      2858
   macro avg     0.5620    0.6056    0.5658      2858
weighted avg     0.8306    0.7537    0.7851      2858

Confusion matrix (rows: actual, columns: predicted):
[[ 137  195]
 [ 509 2017]]
Epoch 1/50 | train loss: 0.5515 | validation loss: 0.6014 | validation accuracy: 0.8803 | validation AP: 0.1752
Epoch 2/50 | train loss: 0.5283 | validation loss: 0.6271 | validation accuracy: 0.8471 | validation AP: 0.1716
Epoch 3/50 | train loss: 0.5179 | validation loss: 0.6316 | validation accuracy: 0.8541 | validation AP: 0.1913
Epoch 4/50 | train loss: 0.518 | validation loss: 0.5852 | validation accuracy: 0.8614 | validation AP: 0.2284
Epoch 5/50 | train loss: 0.4977 | validation loss: 0.5761 | validation accuracy: 0.8502 | validation AP: 0.2714
Epoch 6/50 | train loss: 0.4855 | validation loss: 0.5676 | validation accuracy: 0.8551 | validation AP: 0.2453
Epoch 7/50 | train loss: 0.4718 | validation loss: 0.6282 | validation accuracy: 0.8635 | validation AP: 0.1736
Epoch 8/50 | train loss: 0.4601 | validation loss: 0.6383 | validation accuracy: 0.86 | validation AP: 0.2027
Epoch 9/50 | train loss: 0.4631 | validation loss: 0.6077 | validation accuracy: 0.8492 | validation AP: 0.2216
Stopping at epoch 9: validation AP has not improved for 4 epochs.
Best epoch: 5 | validation AP: 0.2714 | epochs run: 9

Validation classification report:
              precision    recall  f1-score   support

  disengaged     0.3168    0.2500    0.2795       332
     engaged     0.9041    0.9291    0.9164      2526

    accuracy                         0.8502      2858
   macro avg     0.6104    0.5896    0.5980      2858
weighted avg     0.8359    0.8502    0.8424      2858

Confusion matrix (rows: actual, columns: predicted):
[[  83  249]
 [ 179 2347]]
Epoch 1/50 | train loss: 0.5455 | validation loss: 0.6142 | validation accuracy: 0.8345 | validation AP: 0.1954
Epoch 2/50 | train loss: 0.5329 | validation loss: 0.6225 | validation accuracy: 0.8656 | validation AP: 0.1776
Epoch 3/50 | train loss: 0.5173 | validation loss: 0.5866 | validation accuracy: 0.8768 | validation AP: 0.2388
Epoch 4/50 | train loss: 0.5056 | validation loss: 0.5714 | validation accuracy: 0.8202 | validation AP: 0.2113
Epoch 5/50 | train loss: 0.4943 | validation loss: 0.6084 | validation accuracy: 0.8013 | validation AP: 0.1786
Epoch 6/50 | train loss: 0.482 | validation loss: 0.6503 | validation accuracy: 0.8649 | validation AP: 0.2104
Epoch 7/50 | train loss: 0.4808 | validation loss: 0.6209 | validation accuracy: 0.8586 | validation AP: 0.2061
Stopping at epoch 7: validation AP has not improved for 4 epochs.
Best epoch: 3 | validation AP: 0.2388 | epochs run: 7

Validation classification report:
              precision    recall  f1-score   support

  disengaged     0.3864    0.1024    0.1619       332
     engaged     0.8924    0.9786    0.9335      2526

    accuracy                         0.8768      2858
   macro avg     0.6394    0.5405    0.5477      2858
weighted avg     0.8336    0.8768    0.8439      2858

Confusion matrix (rows: actual, columns: predicted):
[[  34  298]
 [  54 2472]]
Epoch 1/50 | train loss: 0.5392 | validation loss: 0.6559 | validation accuracy: 0.8674 | validation AP: 0.1587
Epoch 2/50 | train loss: 0.5285 | validation loss: 0.6283 | validation accuracy: 0.8761 | validation AP: 0.1816
Epoch 3/50 | train loss: 0.5222 | validation loss: 0.6135 | validation accuracy: 0.8516 | validation AP: 0.1556
Epoch 4/50 | train loss: 0.5101 | validation loss: 0.6186 | validation accuracy: 0.8607 | validation AP: 0.1766
Epoch 5/50 | train loss: 0.5029 | validation loss: 0.5919 | validation accuracy: 0.8488 | validation AP: 0.1952
Epoch 6/50 | train loss: 0.5019 | validation loss: 0.5983 | validation accuracy: 0.8418 | validation AP: 0.2052
Epoch 7/50 | train loss: 0.4936 | validation loss: 0.6156 | validation accuracy: 0.8212 | validation AP: 0.1847
Epoch 8/50 | train loss: 0.4752 | validation loss: 0.587 | validation accuracy: 0.8562 | validation AP: 0.2214
Epoch 9/50 | train loss: 0.4683 | validation loss: 0.5907 | validation accuracy: 0.838 | validation AP: 0.2216
Epoch 10/50 | train loss: 0.4589 | validation loss: 0.6884 | validation accuracy: 0.803 | validation AP: 0.1694
Epoch 11/50 | train loss: 0.4508 | validation loss: 0.6847 | validation accuracy: 0.8698 | validation AP: 0.2108
Epoch 12/50 | train loss: 0.4567 | validation loss: 0.617 | validation accuracy: 0.839 | validation AP: 0.2059
Epoch 13/50 | train loss: 0.4475 | validation loss: 0.6651 | validation accuracy: 0.8544 | validation AP: 0.1889
Stopping at epoch 13: validation AP has not improved for 4 epochs.
Best epoch: 9 | validation AP: 0.2216 | epochs run: 13

Validation classification report:
              precision    recall  f1-score   support

  disengaged     0.2824    0.2560    0.2686       332
     engaged     0.9034    0.9145    0.9089      2526

    accuracy                         0.8380      2858
   macro avg     0.5929    0.5853    0.5887      2858
weighted avg     0.8313    0.8380    0.8345      2858

Confusion matrix (rows: actual, columns: predicted):
[[  85  247]
 [ 216 2310]]
Epoch 1/50 | train loss: 0.6767 | validation loss: 0.6673 | validation accuracy: 0.6095 | validation AP: 0.1891
Epoch 2/50 | train loss: 0.6584 | validation loss: 0.675 | validation accuracy: 0.619 | validation AP: 0.1552
Epoch 3/50 | train loss: 0.6438 | validation loss: 0.713 | validation accuracy: 0.7183 | validation AP: 0.2013
Epoch 4/50 | train loss: 0.6443 | validation loss: 0.7131 | validation accuracy: 0.7138 | validation AP: 0.1795
Epoch 5/50 | train loss: 0.6382 | validation loss: 0.6861 | validation accuracy: 0.6987 | validation AP: 0.2104
Epoch 6/50 | train loss: 0.6295 | validation loss: 0.6674 | validation accuracy: 0.5794 | validation AP: 0.1956
Epoch 7/50 | train loss: 0.6283 | validation loss: 0.7311 | validation accuracy: 0.6575 | validation AP: 0.1538
Epoch 8/50 | train loss: 0.6152 | validation loss: 0.7014 | validation accuracy: 0.7099 | validation AP: 0.1976
Epoch 9/50 | train loss: 0.6014 | validation loss: 0.7095 | validation accuracy: 0.6882 | validation AP: 0.1978
Stopping at epoch 9: validation AP has not improved for 4 epochs.
Best epoch: 5 | validation AP: 0.2104 | epochs run: 9

Validation classification report:
              precision    recall  f1-score   support

  disengaged     0.1899    0.4880    0.2734       332
     engaged     0.9152    0.7264    0.8100      2526

    accuracy                         0.6987      2858
   macro avg     0.5526    0.6072    0.5417      2858
weighted avg     0.8310    0.6987    0.7476      2858

Confusion matrix (rows: actual, columns: predicted):
[[ 162  170]
 [ 691 1835]]
Epoch 1/50 | train loss: 0.6699 | validation loss: 0.6535 | validation accuracy: 0.5987 | validation AP: 0.1977
Epoch 2/50 | train loss: 0.6519 | validation loss: 0.6899 | validation accuracy: 0.5871 | validation AP: 0.1364
Epoch 3/50 | train loss: 0.6437 | validation loss: 0.6963 | validation accuracy: 0.7145 | validation AP: 0.1927
Epoch 4/50 | train loss: 0.639 | validation loss: 0.6645 | validation accuracy: 0.6127 | validation AP: 0.1897
Epoch 5/50 | train loss: 0.6335 | validation loss: 0.7001 | validation accuracy: 0.6791 | validation AP: 0.1481
Stopping at epoch 5: validation AP has not improved for 4 epochs.
Best epoch: 1 | validation AP: 0.1977 | epochs run: 5

Validation classification report:
              precision    recall  f1-score   support

  disengaged     0.1573    0.5633    0.2459       332
     engaged     0.9131    0.6033    0.7266      2526

    accuracy                         0.5987      2858
   macro avg     0.5352    0.5833    0.4862      2858
weighted avg     0.8253    0.5987    0.6707      2858

Confusion matrix (rows: actual, columns: predicted):
[[ 187  145]
 [1002 1524]]
Epoch 1/50 | train loss: 0.6769 | validation loss: 0.6825 | validation accuracy: 0.6683 | validation AP: 0.1731[I 2026-10-09 01:18:21,522] Trial 11 finished with value: 0.2288865814535863 and parameters: {'hidden_size': 108, 'num_layers': 2, 'dropout': 0.0, 'learning_rate': 0.0006631644774809331, 'batch_size': 64}. Best is trial 8 with value: 0.2769423705091036.
[I 2026-10-09 01:21:52,022] Trial 12 finished with value: 0.25927394999572 and parameters: {'hidden_size': 56, 'num_layers': 2, 'dropout': 0.25, 'learning_rate': 0.00340517237061221, 'batch_size': 8}. Best is trial 8 with value: 0.2769423705091036.

Epoch 2/50 | train loss: 0.6567 | validation loss: 0.6727 | validation accuracy: 0.6655 | validation AP: 0.1965
Epoch 3/50 | train loss: 0.6518 | validation loss: 0.6701 | validation accuracy: 0.6235 | validation AP: 0.1665
Epoch 4/50 | train loss: 0.6414 | validation loss: 0.6992 | validation accuracy: 0.7285 | validation AP: 0.1807
Epoch 5/50 | train loss: 0.6379 | validation loss: 0.6769 | validation accuracy: 0.571 | validation AP: 0.1524
Epoch 6/50 | train loss: 0.628 | validation loss: 0.7057 | validation accuracy: 0.7474 | validation AP: 0.2289
Epoch 7/50 | train loss: 0.625 | validation loss: 0.7175 | validation accuracy: 0.7526 | validation AP: 0.1877
Epoch 8/50 | train loss: 0.6186 | validation loss: 0.6802 | validation accuracy: 0.6686 | validation AP: 0.1838
Epoch 9/50 | train loss: 0.6031 | validation loss: 0.6747 | validation accuracy: 0.6746 | validation AP: 0.2066
Epoch 10/50 | train loss: 0.5901 | validation loss: 0.6995 | validation accuracy: 0.7453 | validation AP: 0.2404
Epoch 11/50 | train loss: 0.5819 | validation loss: 0.7456 | validation accuracy: 0.7939 | validation AP: 0.2434
Epoch 12/50 | train loss: 0.5875 | validation loss: 0.6958 | validation accuracy: 0.6977 | validation AP: 0.2201
Epoch 13/50 | train loss: 0.5824 | validation loss: 0.7256 | validation accuracy: 0.7414 | validation AP: 0.2114
Epoch 14/50 | train loss: 0.5748 | validation loss: 0.6783 | validation accuracy: 0.697 | validation AP: 0.2286
Epoch 15/50 | train loss: 0.5713 | validation loss: 0.6871 | validation accuracy: 0.6645 | validation AP: 0.2129
Stopping at epoch 15: validation AP has not improved for 4 epochs.
Best epoch: 11 | validation AP: 0.2434 | epochs run: 15

Validation classification report:
              precision    recall  f1-score   support

  disengaged     0.2404    0.3584    0.2878       332
     engaged     0.9099    0.8511    0.8795      2526

    accuracy                         0.7939      2858
   macro avg     0.5751    0.6048    0.5837      2858
weighted avg     0.8321    0.7939    0.8108      2858

Confusion matrix (rows: actual, columns: predicted):
[[ 119  213]
 [ 376 2150]]
Epoch 1/50 | train loss: 0.5578 | validation loss: 0.6016 | validation accuracy: 0.8772 | validation AP: 0.1965
Epoch 2/50 | train loss: 0.5402 | validation loss: 0.6354 | validation accuracy: 0.8272 | validation AP: 0.183
Epoch 3/50 | train loss: 0.5246 | validation loss: 0.7173 | validation accuracy: 0.8268 | validation AP: 0.1609
Epoch 4/50 | train loss: 0.5286 | validation loss: 0.5958 | validation accuracy: 0.8272 | validation AP: 0.2114
Epoch 5/50 | train loss: 0.5184 | validation loss: 0.584 | validation accuracy: 0.7852 | validation AP: 0.258
Epoch 6/50 | train loss: 0.5019 | validation loss: 0.606 | validation accuracy: 0.8586 | validation AP: 0.2234
Epoch 7/50 | train loss: 0.4921 | validation loss: 0.6482 | validation accuracy: 0.7936 | validation AP: 0.1573
Epoch 8/50 | train loss: 0.4817 | validation loss: 0.6878 | validation accuracy: 0.8807 | validation AP: 0.1931
Epoch 9/50 | train loss: 0.4867 | validation loss: 0.6624 | validation accuracy: 0.873 | validation AP: 0.161
Stopping at epoch 9: validation AP has not improved for 4 epochs.
Best epoch: 5 | validation AP: 0.258 | epochs run: 9

Validation classification report:
              precision    recall  f1-score   support

  disengaged     0.2455    0.4096    0.3070       332
     engaged     0.9149    0.8345    0.8729      2526

    accuracy                         0.7852      2858
   macro avg     0.5802    0.6221    0.5899      2858
weighted avg     0.8372    0.7852    0.8071      2858

Confusion matrix (rows: actual, columns: predicted):
[[ 136  196]
 [ 418 2108]]
Epoch 1/50 | train loss: 0.5572 | validation loss: 0.6242 | validation accuracy: 0.8411 | validation AP: 0.1917
Epoch 2/50 | train loss: 0.5462 | validation loss: 0.6122 | validation accuracy: 0.8842 | validation AP: 0.2513
Epoch 3/50 | train loss: 0.5289 | validation loss: 0.5766 | validation accuracy: 0.8772 | validation AP: 0.2549
Epoch 4/50 | train loss: 0.5142 | validation loss: 0.6451 | validation accuracy: 0.8845 | validation AP: 0.1622
Epoch 5/50 | train loss: 0.5095 | validation loss: 0.6268 | validation accuracy: 0.816 | validation AP: 0.1691
Epoch 6/50 | train loss: 0.4976 | validation loss: 0.8239 | validation accuracy: 0.867 | validation AP: 0.192
Epoch 7/50 | train loss: 0.5029 | validation loss: 0.6271 | validation accuracy: 0.8702 | validation AP: 0.1981
Stopping at epoch 7: validation AP has not improved for 4 epochs.
Best epoch: 3 | validation AP: 0.2549 | epochs run: 7

Validation classification report:
              precision    recall  f1-score   support

  disengaged     0.4000    0.1145    0.1780       332
     engaged     0.8936    0.9774    0.9336      2526

    accuracy                         0.8772      2858
   macro avg     0.6468    0.5459    0.5558      2858
weighted avg     0.8363    0.8772    0.8459      2858

Confusion matrix (rows: actual, columns: predicted):
[[  38  294]
 [  57 2469]]
Epoch 1/50 | train loss: 0.5456 | validation loss: 0.7249 | validation accuracy: 0.8579 | validation AP: 0.1206
Epoch 2/50 | train loss: 0.54 | validation loss: 0.6295 | validation accuracy: 0.8635 | validation AP: 0.1673
Epoch 3/50 | train loss: 0.5279 | validation loss: 0.5842 | validation accuracy: 0.8597 | validation AP: 0.2094
Epoch 4/50 | train loss: 0.5138 | validation loss: 0.7075 | validation accuracy: 0.8132 | validation AP: 0.1561
Epoch 5/50 | train loss: 0.5086 | validation loss: 0.5906 | validation accuracy: 0.8537 | validation AP: 0.1996
Epoch 6/50 | train loss: 0.5105 | validation loss: 0.6404 | validation accuracy: 0.8534 | validation AP: 0.1768
Epoch 7/50 | train loss: 0.4997 | validation loss: 0.6165 | validation accuracy: 0.8457 | validation AP: 0.195
Stopping at epoch 7: validation AP has not improved for 4 epochs.
Best epoch: 3 | validation AP: 0.2094 | epochs run: 7

Validation classification report:
              precision    recall  f1-score   support

  disengaged     0.2803    0.1325    0.1800       332
     engaged     0.8934    0.9553    0.9233      2526

    accuracy                         0.8597      2858
   macro avg     0.5868    0.5439    0.5516      2858
weighted avg     0.8221    0.8597    0.8369      2858

Confusion matrix (rows: actual, columns: predicted):
[[  44  288]
 [ 113 2413]]
Epoch 1/50 | train loss: 0.5491 | validation loss: 0.5953 | validation accuracy: 0.8775 | validation AP: 0.1883
Epoch 2/50 | train loss: 0.5278 | validation loss: 0.622 | validation accuracy: 0.86 | validation AP: 0.1625
Epoch 3/50 | train loss: 0.5157 | validation loss: 0.6348 | validation accuracy: 0.853 | validation AP: 0.1639
Epoch 4/50 | train loss: 0.5264 | validation loss: 0.6103 | validation accuracy: 0.8548 | validation AP: 0.1785
Epoch 5/50 | train loss: 0.5142 | validation loss: 0.5941 | validation accuracy: 0.8425 | validation AP: 0.2215
Epoch 6/50 | train loss: 0.5089 | validation loss: 0.5938 | validation accuracy: 0.8576 | validation AP: 0.2
Epoch 7/50 | train loss: 0.506 | validation loss: 0.6298 | validation accuracy: 0.8191 | validation AP: 0.1618
Epoch 8/50 | train loss: 0.4939 | validation loss: 0.6366 | validation accuracy: 0.8737 | validation AP: 0.1879
Epoch 9/50 | train loss: 0.5065 | validation loss: 0.6214 | validation accuracy: 0.8471 | validation AP: 0.1733
Stopping at epoch 9: validation AP has not improved for 4 epochs.
Best epoch: 5 | validation AP: 0.2215 | epochs run: 9

Validation classification report:
              precision    recall  f1-score   support

  disengaged     0.2713    0.2108    0.2373       332
     engaged     0.8992    0.9256    0.9122      2526

    accuracy                         0.8425      2858
   macro avg     0.5853    0.5682    0.5748      2858
weighted avg     0.8263    0.8425    0.8338      2858

Confusion matrix (rows: actual, columns: predicted):
[[  70  262]
 [ 188 2338]]
Epoch 1/50 | train loss: 0.5446 | validation loss: 0.6135 | validation accuracy: 0.8509 | validation AP: 0.1828
Epoch 2/50 | train loss: 0.5326 | validation loss: 0.6157 | validation accuracy: 0.8723 | validation AP: 0.1495
Epoch 3/50 | train loss: 0.5218 | validation loss: 0.595 | validation accuracy: 0.8786 | validation AP: 0.215[I 2026-10-09 01:27:42,790] Trial 13 finished with value: 0.22718520158942127 and parameters: {'hidden_size': 85, 'num_layers': 2, 'dropout': 0.25, 'learning_rate': 0.00014808256376324863, 'batch_size': 8}. Best is trial 8 with value: 0.2769423705091036.
[I 2026-10-09 01:28:43,293] Trial 14 finished with value: 0.2567568564558123 and parameters: {'hidden_size': 76, 'num_layers': 2, 'dropout': 0.0, 'learning_rate': 0.004074487010142025, 'batch_size': 64}. Best is trial 8 with value: 0.2769423705091036.

Epoch 4/50 | train loss: 0.5165 | validation loss: 0.6029 | validation accuracy: 0.8104 | validation AP: 0.183
Epoch 5/50 | train loss: 0.5153 | validation loss: 0.6195 | validation accuracy: 0.8348 | validation AP: 0.1591
Epoch 6/50 | train loss: 0.506 | validation loss: 0.616 | validation accuracy: 0.8614 | validation AP: 0.2143
Epoch 7/50 | train loss: 0.5084 | validation loss: 0.61 | validation accuracy: 0.8628 | validation AP: 0.2017
Stopping at epoch 7: validation AP has not improved for 4 epochs.
Best epoch: 3 | validation AP: 0.215 | epochs run: 7

Validation classification report:
              precision    recall  f1-score   support

  disengaged     0.4000    0.0904    0.1474       332
     engaged     0.8915    0.9822    0.9346      2526

    accuracy                         0.8786      2858
   macro avg     0.6457    0.5363    0.5410      2858
weighted avg     0.8344    0.8786    0.8432      2858

Confusion matrix (rows: actual, columns: predicted):
[[  30  302]
 [  45 2481]]
Epoch 1/50 | train loss: 0.5424 | validation loss: 0.6292 | validation accuracy: 0.8667 | validation AP: 0.1688
Epoch 2/50 | train loss: 0.5307 | validation loss: 0.6307 | validation accuracy: 0.8607 | validation AP: 0.1522
Epoch 3/50 | train loss: 0.5237 | validation loss: 0.6106 | validation accuracy: 0.8642 | validation AP: 0.1551
Epoch 4/50 | train loss: 0.5134 | validation loss: 0.6264 | validation accuracy: 0.8674 | validation AP: 0.1619
Epoch 5/50 | train loss: 0.5154 | validation loss: 0.6077 | validation accuracy: 0.8439 | validation AP: 0.1703
Epoch 6/50 | train loss: 0.52 | validation loss: 0.5944 | validation accuracy: 0.8716 | validation AP: 0.2165
Epoch 7/50 | train loss: 0.5102 | validation loss: 0.6178 | validation accuracy: 0.8576 | validation AP: 0.1817
Epoch 8/50 | train loss: 0.5032 | validation loss: 0.5926 | validation accuracy: 0.8593 | validation AP: 0.2133
Epoch 9/50 | train loss: 0.5058 | validation loss: 0.6052 | validation accuracy: 0.8492 | validation AP: 0.199
Epoch 10/50 | train loss: 0.4975 | validation loss: 0.6164 | validation accuracy: 0.8502 | validation AP: 0.2118
Stopping at epoch 10: validation AP has not improved for 4 epochs.
Best epoch: 6 | validation AP: 0.2165 | epochs run: 10

Validation classification report:
              precision    recall  f1-score   support

  disengaged     0.3196    0.0934    0.1445       332
     engaged     0.8910    0.9739    0.9306      2526

    accuracy                         0.8716      2858
   macro avg     0.6053    0.5336    0.5376      2858
weighted avg     0.8246    0.8716    0.8393      2858

Confusion matrix (rows: actual, columns: predicted):
[[  31  301]
 [  66 2460]]
Epoch 1/50 | train loss: 0.681 | validation loss: 0.6739 | validation accuracy: 0.6837 | validation AP: 0.188
Epoch 2/50 | train loss: 0.6612 | validation loss: 0.7074 | validation accuracy: 0.6938 | validation AP: 0.1632
Epoch 3/50 | train loss: 0.6496 | validation loss: 0.7006 | validation accuracy: 0.7341 | validation AP: 0.2205
Epoch 4/50 | train loss: 0.6465 | validation loss: 0.667 | validation accuracy: 0.6763 | validation AP: 0.2083
Epoch 5/50 | train loss: 0.6302 | validation loss: 0.7008 | validation accuracy: 0.7425 | validation AP: 0.2367
Epoch 6/50 | train loss: 0.6119 | validation loss: 0.6309 | validation accuracy: 0.556 | validation AP: 0.2086
Epoch 7/50 | train loss: 0.5994 | validation loss: 0.7308 | validation accuracy: 0.7064 | validation AP: 0.1812
Epoch 8/50 | train loss: 0.5846 | validation loss: 0.7317 | validation accuracy: 0.6987 | validation AP: 0.185
Epoch 9/50 | train loss: 0.5724 | validation loss: 0.7 | validation accuracy: 0.6638 | validation AP: 0.18
Stopping at epoch 9: validation AP has not improved for 4 epochs.
Best epoch: 5 | validation AP: 0.2367 | epochs run: 9

Validation classification report:
              precision    recall  f1-score   support

  disengaged     0.2098    0.4398    0.2840       332
     engaged     0.9140    0.7823    0.8430      2526

    accuracy                         0.7425      2858
   macro avg     0.5619    0.6110    0.5635      2858
weighted avg     0.8322    0.7425    0.7781      2858

Confusion matrix (rows: actual, columns: predicted):
[[ 146  186]
 [ 550 1976]]
Epoch 1/50 | train loss: 0.6769 | validation loss: 0.6981 | validation accuracy: 0.7414 | validation AP: 0.2091
Epoch 2/50 | train loss: 0.6601 | validation loss: 0.7019 | validation accuracy: 0.7211 | validation AP: 0.1457
Epoch 3/50 | train loss: 0.6543 | validation loss: 0.6611 | validation accuracy: 0.7197 | validation AP: 0.2428
Epoch 4/50 | train loss: 0.6414 | validation loss: 0.6717 | validation accuracy: 0.5605 | validation AP: 0.2197
Epoch 5/50 | train loss: 0.6292 | validation loss: 0.7335 | validation accuracy: 0.6875 | validation AP: 0.164
Epoch 6/50 | train loss: 0.6132 | validation loss: 0.6845 | validation accuracy: 0.7089 | validation AP: 0.2037
Epoch 7/50 | train loss: 0.5971 | validation loss: 0.6902 | validation accuracy: 0.732 | validation AP: 0.2153
Stopping at epoch 7: validation AP has not improved for 4 epochs.
Best epoch: 3 | validation AP: 0.2428 | epochs run: 7

Validation classification report:
              precision    recall  f1-score   support

  disengaged     0.2005    0.4729    0.2816       332
     engaged     0.9157    0.7522    0.8259      2526

    accuracy                         0.7197      2858
   macro avg     0.5581    0.6125    0.5538      2858
weighted avg     0.8326    0.7197    0.7627      2858

Confusion matrix (rows: actual, columns: predicted):
[[ 157  175]
 [ 626 1900]]
Epoch 1/50 | train loss: 0.6793 | validation loss: 0.7086 | validation accuracy: 0.7533 | validation AP: 0.153
Epoch 2/50 | train loss: 0.6649 | validation loss: 0.7006 | validation accuracy: 0.7355 | validation AP: 0.1801
Epoch 3/50 | train loss: 0.6586 | validation loss: 0.686 | validation accuracy: 0.5388 | validation AP: 0.1417
Epoch 4/50 | train loss: 0.6458 | validation loss: 0.6965 | validation accuracy: 0.6931 | validation AP: 0.1543
Epoch 5/50 | train loss: 0.6302 | validation loss: 0.6543 | validation accuracy: 0.5791 | validation AP: 0.1649
Epoch 6/50 | train loss: 0.6098 | validation loss: 0.6882 | validation accuracy: 0.704 | validation AP: 0.2212
Epoch 7/50 | train loss: 0.6041 | validation loss: 0.7152 | validation accuracy: 0.7176 | validation AP: 0.1777
Epoch 8/50 | train loss: 0.5862 | validation loss: 0.6686 | validation accuracy: 0.6508 | validation AP: 0.2077
Epoch 9/50 | train loss: 0.6241 | validation loss: 0.6953 | validation accuracy: 0.6302 | validation AP: 0.1542
Epoch 10/50 | train loss: 0.6207 | validation loss: 0.6561 | validation accuracy: 0.4405 | validation AP: 0.2024
Stopping at epoch 10: validation AP has not improved for 4 epochs.
Best epoch: 6 | validation AP: 0.2212 | epochs run: 10

Validation classification report:
              precision    recall  f1-score   support

  disengaged     0.1955    0.4970    0.2806       332
     engaged     0.9171    0.7312    0.8137      2526

    accuracy                         0.7040      2858
   macro avg     0.5563    0.6141    0.5471      2858
weighted avg     0.8333    0.7040    0.7517      2858

Confusion matrix (rows: actual, columns: predicted):
[[ 165  167]
 [ 679 1847]]
Epoch 1/50 | train loss: 0.5466 | validation loss: 0.588 | validation accuracy: 0.8824 | validation AP: 0.2262
Epoch 2/50 | train loss: 0.5248 | validation loss: 0.6252 | validation accuracy: 0.8656 | validation AP: 0.1797
Epoch 3/50 | train loss: 0.5118 | validation loss: 0.6095 | validation accuracy: 0.8376 | validation AP: 0.169
Epoch 4/50 | train loss: 0.5112 | validation loss: 0.596 | validation accuracy: 0.8348 | validation AP: 0.1974
Epoch 5/50 | train loss: 0.4934 | validation loss: 0.5954 | validation accuracy: 0.8492 | validation AP: 0.2482
Epoch 6/50 | train loss: 0.4837 | validation loss: 0.6 | validation accuracy: 0.8072 | validation AP: 0.1926
Epoch 7/50 | train loss: 0.4796 | validation loss: 0.6143 | validation accuracy: 0.816 | validation AP: 0.1732
Epoch 8/50 | train loss: 0.468 | validation loss: 0.6565 | validation accuracy: 0.8719 | validation AP: 0.1712
Epoch 9/50 | train loss: 0.4655 | validation loss: 0.6376 | validation accuracy: 0.8544 | validation AP: 0.1774[I 2026-10-09 01:38:43,487] Trial 15 finished with value: 0.26620423410402066 and parameters: {'hidden_size': 63, 'num_layers': 1, 'dropout': 0.05, 'learning_rate': 0.0014977740248494208, 'batch_size': 8}. Best is trial 8 with value: 0.2769423705091036.

Stopping at epoch 9: validation AP has not improved for 4 epochs.
Best epoch: 5 | validation AP: 0.2482 | epochs run: 9

Validation classification report:
              precision    recall  f1-score   support

  disengaged     0.3200    0.2651    0.2900       332
     engaged     0.9055    0.9260    0.9156      2526

    accuracy                         0.8492      2858
   macro avg     0.6128    0.5955    0.6028      2858
weighted avg     0.8375    0.8492    0.8430      2858

Confusion matrix (rows: actual, columns: predicted):
[[  88  244]
 [ 187 2339]]
Epoch 1/50 | train loss: 0.5441 | validation loss: 0.6319 | validation accuracy: 0.8383 | validation AP: 0.1902
Epoch 2/50 | train loss: 0.526 | validation loss: 0.6133 | validation accuracy: 0.8681 | validation AP: 0.1853
Epoch 3/50 | train loss: 0.5083 | validation loss: 0.5839 | validation accuracy: 0.8723 | validation AP: 0.2499
Epoch 4/50 | train loss: 0.5018 | validation loss: 0.6159 | validation accuracy: 0.8411 | validation AP: 0.211
Epoch 5/50 | train loss: 0.4855 | validation loss: 0.6068 | validation accuracy: 0.8282 | validation AP: 0.1969
Epoch 6/50 | train loss: 0.471 | validation loss: 0.652 | validation accuracy: 0.8625 | validation AP: 0.2196
Epoch 7/50 | train loss: 0.472 | validation loss: 0.6162 | validation accuracy: 0.8551 | validation AP: 0.2029
Stopping at epoch 7: validation AP has not improved for 4 epochs.
Best epoch: 3 | validation AP: 0.2499 | epochs run: 7

Validation classification report:
              precision    recall  f1-score   support

  disengaged     0.3740    0.1476    0.2117       332
     engaged     0.8962    0.9675    0.9305      2526

    accuracy                         0.8723      2858
   macro avg     0.6351    0.5576    0.5711      2858
weighted avg     0.8356    0.8723    0.8470      2858

Confusion matrix (rows: actual, columns: predicted):
[[  49  283]
 [  82 2444]]
Epoch 1/50 | train loss: 0.5365 | validation loss: 0.6512 | validation accuracy: 0.8614 | validation AP: 0.1535
Epoch 2/50 | train loss: 0.525 | validation loss: 0.6407 | validation accuracy: 0.8485 | validation AP: 0.163
Epoch 3/50 | train loss: 0.5172 | validation loss: 0.6024 | validation accuracy: 0.8376 | validation AP: 0.1741
Epoch 4/50 | train loss: 0.4959 | validation loss: 0.6193 | validation accuracy: 0.8446 | validation AP: 0.1833
Epoch 5/50 | train loss: 0.4868 | validation loss: 0.6098 | validation accuracy: 0.8027 | validation AP: 0.1865
Epoch 6/50 | train loss: 0.4836 | validation loss: 0.6149 | validation accuracy: 0.8334 | validation AP: 0.2094
Epoch 7/50 | train loss: 0.4713 | validation loss: 0.6155 | validation accuracy: 0.8181 | validation AP: 0.1953
Epoch 8/50 | train loss: 0.4576 | validation loss: 0.5875 | validation accuracy: 0.8488 | validation AP: 0.237
Epoch 9/50 | train loss: 0.4482 | validation loss: 0.6317 | validation accuracy: 0.8541 | validation AP: 0.2028
Epoch 10/50 | train loss: 0.4376 | validation loss: 0.6811 | validation accuracy: 0.8034 | validation AP: 0.1977
Epoch 11/50 | train loss: 0.4247 | validation loss: 0.6983 | validation accuracy: 0.8723 | validation AP: 0.2206
Epoch 12/50 | train loss: 0.4258 | validation loss: 0.637 | validation accuracy: 0.8226 | validation AP: 0.1962
Stopping at epoch 12: validation AP has not improved for 4 epochs.
Best epoch: 8 | validation AP: 0.237 | epochs run: 12

Validation classification report:
              precision    recall  f1-score   support

  disengaged     0.2863    0.2018    0.2367       332
     engaged     0.8990    0.9339    0.9161      2526

    accuracy                         0.8488      2858
   macro avg     0.5927    0.5678    0.5764      2858
weighted avg     0.8278    0.8488    0.8372      2858

Confusion matrix (rows: actual, columns: predicted):
[[  67  265]
 [ 167 2359]]
Epoch 1/50 | train loss: 0.5581 | validation loss: 0.6046 | validation accuracy: 0.873 | validation AP: 0.1829
Epoch 2/50 | train loss: 0.5392 | validation loss: 0.6381 | validation accuracy: 0.8481 | validation AP: 0.158
Epoch 3/50 | train loss: 0.5217 | validation loss: 0.6663 | validation accuracy: 0.8369 | validation AP: 0.1611
Epoch 4/50 | train loss: 0.5313 | validation loss: 0.5759 | validation accuracy: 0.852 | validation AP: 0.2163
Epoch 5/50 | train loss: 0.513 | validation loss: 0.579 | validation accuracy: 0.8328 | validation AP: 0.2142
Epoch 6/50 | train loss: 0.4979 | validation loss: 0.585 | validation accuracy: 0.8705 | validation AP: 0.2586
Epoch 7/50 | train loss: 0.4959 | validation loss: 0.6146 | validation accuracy: 0.8128 | validation AP: 0.1738
Epoch 8/50 | train loss: 0.4872 | validation loss: 0.6738 | validation accuracy: 0.8744 | validation AP: 0.2001
Epoch 9/50 | train loss: 0.5059 | validation loss: 0.621 | validation accuracy: 0.8775 | validation AP: 0.191
Epoch 10/50 | train loss: 0.4821 | validation loss: 0.6657 | validation accuracy: 0.8807 | validation AP: 0.2113
Stopping at epoch 10: validation AP has not improved for 4 epochs.
Best epoch: 6 | validation AP: 0.2586 | epochs run: 10

Validation classification report:
              precision    recall  f1-score   support

  disengaged     0.3468    0.1295    0.1886       332
     engaged     0.8943    0.9679    0.9297      2526

    accuracy                         0.8705      2858
   macro avg     0.6205    0.5487    0.5591      2858
weighted avg     0.8307    0.8705    0.8436      2858

Confusion matrix (rows: actual, columns: predicted):
[[  43  289]
 [  81 2445]]
Epoch 1/50 | train loss: 0.5572 | validation loss: 0.6216 | validation accuracy: 0.8492 | validation AP: 0.2038
Epoch 2/50 | train loss: 0.543 | validation loss: 0.6299 | validation accuracy: 0.8499 | validation AP: 0.158
Epoch 3/50 | train loss: 0.532 | validation loss: 0.7054 | validation accuracy: 0.8838 | validation AP: 0.2328
Epoch 4/50 | train loss: 0.545 | validation loss: 0.6334 | validation accuracy: 0.8506 | validation AP: 0.1835
Epoch 5/50 | train loss: 0.522 | validation loss: 0.6107 | validation accuracy: 0.8345 | validation AP: 0.1858
Epoch 6/50 | train loss: 0.5004 | validation loss: 0.696 | validation accuracy: 0.8758 | validation AP: 0.2125
Epoch 7/50 | train loss: 0.5066 | validation loss: 0.622 | validation accuracy: 0.8744 | validation AP: 0.2101
Stopping at epoch 7: validation AP has not improved for 4 epochs.
Best epoch: 3 | validation AP: 0.2328 | epochs run: 7

Validation classification report:
              precision    recall  f1-score   support

  disengaged     0.0000    0.0000    0.0000       332
     engaged     0.8838    1.0000    0.9383      2526

    accuracy                         0.8838      2858
   macro avg     0.4419    0.5000    0.4692      2858
weighted avg     0.7812    0.8838    0.8293      2858

Confusion matrix (rows: actual, columns: predicted):
[[   0  332]
 [   0 2526]]
Epoch 1/50 | train loss: 0.5435 | validation loss: 0.7032 | validation accuracy: 0.8401 | validation AP: 0.122
Epoch 2/50 | train loss: 0.538 | validation loss: 0.6481 | validation accuracy: 0.8282 | validation AP: 0.1418
Epoch 3/50 | train loss: 0.533 | validation loss: 0.5915 | validation accuracy: 0.8695 | validation AP: 0.1966
Epoch 4/50 | train loss: 0.5128 | validation loss: 0.68 | validation accuracy: 0.8149 | validation AP: 0.1438
Epoch 5/50 | train loss: 0.5063 | validation loss: 0.599 | validation accuracy: 0.8527 | validation AP: 0.1868
Epoch 6/50 | train loss: 0.5099 | validation loss: 0.6026 | validation accuracy: 0.8572 | validation AP: 0.2022
Epoch 7/50 | train loss: 0.5124 | validation loss: 0.611 | validation accuracy: 0.8656 | validation AP: 0.1719
Epoch 8/50 | train loss: 0.5381 | validation loss: 0.6898 | validation accuracy: 0.7974 | validation AP: 0.1954
Epoch 9/50 | train loss: 0.545 | validation loss: 0.585 | validation accuracy: 0.8544 | validation AP: 0.2219
Epoch 10/50 | train loss: 0.5241 | validation loss: 0.6312 | validation accuracy: 0.7866 | validation AP: 0.1856
Epoch 11/50 | train loss: 0.5135 | validation loss: 0.6866 | validation accuracy: 0.8768 | validation AP: 0.1884
Epoch 12/50 | train loss: 0.5133 | validation loss: 0.5968 | validation accuracy: 0.8495 | validation AP: 0.1867
Epoch 13/50 | train loss: 0.5199 | validation loss: 0.6602 | validation accuracy: 0.8695 | validation AP: 0.1839[I 2026-10-09 01:48:34,222] Trial 16 finished with value: 0.2571368345726387 and parameters: {'hidden_size': 135, 'num_layers': 2, 'dropout': 0.25, 'learning_rate': 0.001496856108039178, 'batch_size': 8}. Best is trial 8 with value: 0.2769423705091036.
[I 2026-10-09 01:58:26,790] Trial 17 finished with value: 0.20289546593438193 and parameters: {'hidden_size': 32, 'num_layers': 1, 'dropout': 0.25, 'learning_rate': 0.0002775130167260809, 'batch_size': 8}. Best is trial 8 with value: 0.2769423705091036.

Stopping at epoch 13: validation AP has not improved for 4 epochs.
Best epoch: 9 | validation AP: 0.2219 | epochs run: 13

Validation classification report:
              precision    recall  f1-score   support

  disengaged     0.2961    0.1837    0.2268       332
     engaged     0.8978    0.9426    0.9197      2526

    accuracy                         0.8544      2858
   macro avg     0.5970    0.5632    0.5732      2858
weighted avg     0.8279    0.8544    0.8392      2858

Confusion matrix (rows: actual, columns: predicted):
[[  61  271]
 [ 145 2381]]
Epoch 1/50 | train loss: 0.5567 | validation loss: 0.5983 | validation accuracy: 0.8828 | validation AP: 0.1911
Epoch 2/50 | train loss: 0.5266 | validation loss: 0.6164 | validation accuracy: 0.8775 | validation AP: 0.1645
Epoch 3/50 | train loss: 0.5218 | validation loss: 0.6273 | validation accuracy: 0.8726 | validation AP: 0.1658
Epoch 4/50 | train loss: 0.5265 | validation loss: 0.6055 | validation accuracy: 0.8754 | validation AP: 0.1888
Epoch 5/50 | train loss: 0.5115 | validation loss: 0.6027 | validation accuracy: 0.8583 | validation AP: 0.2024
Epoch 6/50 | train loss: 0.5096 | validation loss: 0.5954 | validation accuracy: 0.8565 | validation AP: 0.1872
Epoch 7/50 | train loss: 0.5071 | validation loss: 0.6161 | validation accuracy: 0.8383 | validation AP: 0.171
Epoch 8/50 | train loss: 0.4901 | validation loss: 0.6082 | validation accuracy: 0.8667 | validation AP: 0.2059
Epoch 9/50 | train loss: 0.5009 | validation loss: 0.6092 | validation accuracy: 0.8244 | validation AP: 0.1814
Epoch 10/50 | train loss: 0.4898 | validation loss: 0.6082 | validation accuracy: 0.8674 | validation AP: 0.2005
Epoch 11/50 | train loss: 0.4921 | validation loss: 0.6047 | validation accuracy: 0.8562 | validation AP: 0.1954
Epoch 12/50 | train loss: 0.489 | validation loss: 0.6256 | validation accuracy: 0.8635 | validation AP: 0.1975
Stopping at epoch 12: validation AP has not improved for 4 epochs.
Best epoch: 8 | validation AP: 0.2059 | epochs run: 12

Validation classification report:
              precision    recall  f1-score   support

  disengaged     0.2474    0.0723    0.1119       332
     engaged     0.8884    0.9711    0.9279      2526

    accuracy                         0.8667      2858
   macro avg     0.5679    0.5217    0.5199      2858
weighted avg     0.8140    0.8667    0.8331      2858

Confusion matrix (rows: actual, columns: predicted):
[[  24  308]
 [  73 2453]]
Epoch 1/50 | train loss: 0.5554 | validation loss: 0.616 | validation accuracy: 0.8576 | validation AP: 0.1695
Epoch 2/50 | train loss: 0.5325 | validation loss: 0.6133 | validation accuracy: 0.8576 | validation AP: 0.1512
Epoch 3/50 | train loss: 0.5212 | validation loss: 0.6061 | validation accuracy: 0.8695 | validation AP: 0.1742
Epoch 4/50 | train loss: 0.5251 | validation loss: 0.6083 | validation accuracy: 0.8044 | validation AP: 0.1612
Epoch 5/50 | train loss: 0.5161 | validation loss: 0.6171 | validation accuracy: 0.8338 | validation AP: 0.1548
Epoch 6/50 | train loss: 0.5005 | validation loss: 0.6207 | validation accuracy: 0.8579 | validation AP: 0.1909
Epoch 7/50 | train loss: 0.5063 | validation loss: 0.6167 | validation accuracy: 0.8569 | validation AP: 0.1853
Epoch 8/50 | train loss: 0.4976 | validation loss: 0.6249 | validation accuracy: 0.8593 | validation AP: 0.1875
Epoch 9/50 | train loss: 0.5006 | validation loss: 0.6263 | validation accuracy: 0.83 | validation AP: 0.1729
Epoch 10/50 | train loss: 0.4857 | validation loss: 0.6016 | validation accuracy: 0.8373 | validation AP: 0.1895
Stopping at epoch 10: validation AP has not improved for 4 epochs.
Best epoch: 6 | validation AP: 0.1909 | epochs run: 10

Validation classification report:
              precision    recall  f1-score   support

  disengaged     0.2319    0.0964    0.1362       332
     engaged     0.8897    0.9580    0.9226      2526

    accuracy                         0.8579      2858
   macro avg     0.5608    0.5272    0.5294      2858
weighted avg     0.8133    0.8579    0.8313      2858

Confusion matrix (rows: actual, columns: predicted):
[[  32  300]
 [ 106 2420]]
Epoch 1/50 | train loss: 0.5546 | validation loss: 0.6226 | validation accuracy: 0.8667 | validation AP: 0.1639
Epoch 2/50 | train loss: 0.5285 | validation loss: 0.6227 | validation accuracy: 0.8611 | validation AP: 0.1622
Epoch 3/50 | train loss: 0.5237 | validation loss: 0.6089 | validation accuracy: 0.8551 | validation AP: 0.1593
Epoch 4/50 | train loss: 0.509 | validation loss: 0.6281 | validation accuracy: 0.8632 | validation AP: 0.1697
Epoch 5/50 | train loss: 0.5098 | validation loss: 0.5975 | validation accuracy: 0.8411 | validation AP: 0.1781
Epoch 6/50 | train loss: 0.5111 | validation loss: 0.5984 | validation accuracy: 0.8611 | validation AP: 0.1927
Epoch 7/50 | train loss: 0.5011 | validation loss: 0.6129 | validation accuracy: 0.8397 | validation AP: 0.1878
Epoch 8/50 | train loss: 0.4993 | validation loss: 0.5871 | validation accuracy: 0.8509 | validation AP: 0.1967
Epoch 9/50 | train loss: 0.4999 | validation loss: 0.5883 | validation accuracy: 0.8537 | validation AP: 0.2057
Epoch 10/50 | train loss: 0.489 | validation loss: 0.6062 | validation accuracy: 0.8383 | validation AP: 0.1938
Epoch 11/50 | train loss: 0.4796 | validation loss: 0.6317 | validation accuracy: 0.8681 | validation AP: 0.1956
Epoch 12/50 | train loss: 0.4844 | validation loss: 0.6029 | validation accuracy: 0.8314 | validation AP: 0.1942
Epoch 13/50 | train loss: 0.4827 | validation loss: 0.6324 | validation accuracy: 0.8656 | validation AP: 0.1938
Stopping at epoch 13: validation AP has not improved for 4 epochs.
Best epoch: 9 | validation AP: 0.2057 | epochs run: 13

Validation classification report:
              precision    recall  f1-score   support

  disengaged     0.2557    0.1355    0.1772       332
     engaged     0.8930    0.9481    0.9197      2526

    accuracy                         0.8537      2858
   macro avg     0.5743    0.5418    0.5485      2858
weighted avg     0.8190    0.8537    0.8335      2858

Confusion matrix (rows: actual, columns: predicted):
[[  45  287]
 [ 131 2395]]
Epoch 1/50 | train loss: 0.6759 | validation loss: 0.6614 | validation accuracy: 0.5966 | validation AP: 0.1875
Epoch 2/50 | train loss: 0.6518 | validation loss: 0.6807 | validation accuracy: 0.6578 | validation AP: 0.1727
Epoch 3/50 | train loss: 0.6386 | validation loss: 0.7083 | validation accuracy: 0.7096 | validation AP: 0.2042
Epoch 4/50 | train loss: 0.6362 | validation loss: 0.7244 | validation accuracy: 0.7579 | validation AP: 0.2183
Epoch 5/50 | train loss: 0.6256 | validation loss: 0.6991 | validation accuracy: 0.7218 | validation AP: 0.2259
Epoch 6/50 | train loss: 0.609 | validation loss: 0.6434 | validation accuracy: 0.5686 | validation AP: 0.2022
Epoch 7/50 | train loss: 0.5976 | validation loss: 0.739 | validation accuracy: 0.7162 | validation AP: 0.1744
Epoch 8/50 | train loss: 0.5787 | validation loss: 0.706 | validation accuracy: 0.6973 | validation AP: 0.2018
Epoch 9/50 | train loss: 0.5635 | validation loss: 0.6882 | validation accuracy: 0.6704 | validation AP: 0.2117
Stopping at epoch 9: validation AP has not improved for 4 epochs.
Best epoch: 5 | validation AP: 0.2259 | epochs run: 9

Validation classification report:
              precision    recall  f1-score   support

  disengaged     0.2021    0.4729    0.2831       332
     engaged     0.9159    0.7546    0.8274      2526

    accuracy                         0.7218      2858
   macro avg     0.5590    0.6137    0.5553      2858
weighted avg     0.8330    0.7218    0.7642      2858

Confusion matrix (rows: actual, columns: predicted):
[[ 157  175]
 [ 620 1906]]
Epoch 1/50 | train loss: 0.6702 | validation loss: 0.6547 | validation accuracy: 0.6151 | validation AP: 0.1971
Epoch 2/50 | train loss: 0.6499 | validation loss: 0.6832 | validation accuracy: 0.6568 | validation AP: 0.1487
Epoch 3/50 | train loss: 0.6328 | validation loss: 0.7189 | validation accuracy: 0.782 | validation AP: 0.2202
Epoch 4/50 | train loss: 0.655 | validation loss: 0.6647 | validation accuracy: 0.5185 | validation AP: 0.2088
Epoch 5/50 | train loss: 0.6364 | validation loss: 0.7135 | validation accuracy: 0.6896 | validation AP: 0.1879[I 2026-10-09 01:59:08,027] Trial 18 finished with value: 0.2363945629075841 and parameters: {'hidden_size': 46, 'num_layers': 1, 'dropout': 0.0, 'learning_rate': 0.001988230129646207, 'batch_size': 64}. Best is trial 8 with value: 0.2769423705091036.
[I 2026-10-09 02:00:12,316] Trial 19 finished with value: 0.23196898356051202 and parameters: {'hidden_size': 170, 'num_layers': 1, 'dropout': 0.0, 'learning_rate': 0.006570188296753264, 'batch_size': 64}. Best is trial 8 with value: 0.2769423705091036.

Epoch 6/50 | train loss: 0.6249 | validation loss: 0.6965 | validation accuracy: 0.6963 | validation AP: 0.2067
Epoch 7/50 | train loss: 0.6235 | validation loss: 0.6776 | validation accuracy: 0.5836 | validation AP: 0.1852
Stopping at epoch 7: validation AP has not improved for 4 epochs.
Best epoch: 3 | validation AP: 0.2202 | epochs run: 7

Validation classification report:
              precision    recall  f1-score   support

  disengaged     0.2186    0.3404    0.2662       332
     engaged     0.9065    0.8401    0.8720      2526

    accuracy                         0.7820      2858
   macro avg     0.5625    0.5902    0.5691      2858
weighted avg     0.8265    0.7820    0.8016      2858

Confusion matrix (rows: actual, columns: predicted):
[[ 113  219]
 [ 404 2122]]
Epoch 1/50 | train loss: 0.676 | validation loss: 0.68 | validation accuracy: 0.6438 | validation AP: 0.1784
Epoch 2/50 | train loss: 0.6535 | validation loss: 0.6935 | validation accuracy: 0.6875 | validation AP: 0.1913
Epoch 3/50 | train loss: 0.6432 | validation loss: 0.6866 | validation accuracy: 0.6025 | validation AP: 0.1656
Epoch 4/50 | train loss: 0.6306 | validation loss: 0.7103 | validation accuracy: 0.7323 | validation AP: 0.194
Epoch 5/50 | train loss: 0.6191 | validation loss: 0.6485 | validation accuracy: 0.6211 | validation AP: 0.1803
Epoch 6/50 | train loss: 0.5995 | validation loss: 0.7127 | validation accuracy: 0.7421 | validation AP: 0.216
Epoch 7/50 | train loss: 0.5951 | validation loss: 0.7136 | validation accuracy: 0.6987 | validation AP: 0.187
Epoch 8/50 | train loss: 0.5759 | validation loss: 0.7001 | validation accuracy: 0.6672 | validation AP: 0.1872
Epoch 9/50 | train loss: 0.566 | validation loss: 0.7171 | validation accuracy: 0.6816 | validation AP: 0.1955
Epoch 10/50 | train loss: 0.5529 | validation loss: 0.7641 | validation accuracy: 0.7481 | validation AP: 0.2318
Epoch 11/50 | train loss: 0.5373 | validation loss: 0.8529 | validation accuracy: 0.7785 | validation AP: 0.2013
Epoch 12/50 | train loss: 0.5428 | validation loss: 0.7798 | validation accuracy: 0.726 | validation AP: 0.2055
Epoch 13/50 | train loss: 0.532 | validation loss: 0.8146 | validation accuracy: 0.7274 | validation AP: 0.1845
Epoch 14/50 | train loss: 0.5161 | validation loss: 0.7842 | validation accuracy: 0.7099 | validation AP: 0.2038
Stopping at epoch 14: validation AP has not improved for 4 epochs.
Best epoch: 10 | validation AP: 0.2318 | epochs run: 14

Validation classification report:
              precision    recall  f1-score   support

  disengaged     0.2034    0.4006    0.2698       332
     engaged     0.9097    0.7937    0.8478      2526

    accuracy                         0.7481      2858
   macro avg     0.5565    0.5972    0.5588      2858
weighted avg     0.8277    0.7481    0.7806      2858

Confusion matrix (rows: actual, columns: predicted):
[[ 133  199]
 [ 521 2005]]
Epoch 1/50 | train loss: 0.6902 | validation loss: 0.6676 | validation accuracy: 0.6263 | validation AP: 0.1837
Epoch 2/50 | train loss: 0.6943 | validation loss: 0.7512 | validation accuracy: 0.7421 | validation AP: 0.1516
Epoch 3/50 | train loss: 0.7166 | validation loss: 0.8693 | validation accuracy: 0.8184 | validation AP: 0.1721
Epoch 4/50 | train loss: 0.7132 | validation loss: 0.6405 | validation accuracy: 0.3765 | validation AP: 0.179
Epoch 5/50 | train loss: 0.6607 | validation loss: 0.681 | validation accuracy: 0.6316 | validation AP: 0.1831
Stopping at epoch 5: validation AP has not improved for 4 epochs.
Best epoch: 1 | validation AP: 0.1837 | epochs run: 5

Validation classification report:
              precision    recall  f1-score   support

  disengaged     0.1611    0.5271    0.2468       332
     engaged     0.9114    0.6394    0.7515      2526

    accuracy                         0.6263      2858
   macro avg     0.5363    0.5832    0.4992      2858
weighted avg     0.8242    0.6263    0.6929      2858

Confusion matrix (rows: actual, columns: predicted):
[[ 175  157]
 [ 911 1615]]
Epoch 1/50 | train loss: 0.6819 | validation loss: 0.6787 | validation accuracy: 0.6819 | validation AP: 0.2301
Epoch 2/50 | train loss: 0.7169 | validation loss: 0.84 | validation accuracy: 0.8572 | validation AP: 0.2199
Epoch 3/50 | train loss: 0.6637 | validation loss: 0.7216 | validation accuracy: 0.7729 | validation AP: 0.2491
Epoch 4/50 | train loss: 0.6435 | validation loss: 0.6555 | validation accuracy: 0.5325 | validation AP: 0.2081
Epoch 5/50 | train loss: 0.6219 | validation loss: 0.761 | validation accuracy: 0.7558 | validation AP: 0.1807
Epoch 6/50 | train loss: 0.6165 | validation loss: 0.7493 | validation accuracy: 0.7222 | validation AP: 0.1959
Epoch 7/50 | train loss: 0.6094 | validation loss: 0.7625 | validation accuracy: 0.7705 | validation AP: 0.1944
Stopping at epoch 7: validation AP has not improved for 4 epochs.
Best epoch: 3 | validation AP: 0.2491 | epochs run: 7

Validation classification report:
              precision    recall  f1-score   support

  disengaged     0.2336    0.4187    0.2999       332
     engaged     0.9147    0.8195    0.8645      2526

    accuracy                         0.7729      2858
   macro avg     0.5742    0.6191    0.5822      2858
weighted avg     0.8356    0.7729    0.7989      2858

Confusion matrix (rows: actual, columns: predicted):
[[ 139  193]
 [ 456 2070]]
Epoch 1/50 | train loss: 0.7303 | validation loss: 0.6221 | validation accuracy: 0.3055 | validation AP: 0.2164
Epoch 2/50 | train loss: 0.7189 | validation loss: 0.6658 | validation accuracy: 0.3873 | validation AP: 0.1478
Epoch 3/50 | train loss: 0.6975 | validation loss: 0.6482 | validation accuracy: 0.3964 | validation AP: 0.1618
Epoch 4/50 | train loss: 0.7291 | validation loss: 1.134 | validation accuracy: 0.7964 | validation AP: 0.1307
Epoch 5/50 | train loss: 0.7093 | validation loss: 0.7422 | validation accuracy: 0.676 | validation AP: 0.1341
Stopping at epoch 5: validation AP has not improved for 4 epochs.
Best epoch: 1 | validation AP: 0.2164 | epochs run: 5

Validation classification report:
              precision    recall  f1-score   support

  disengaged     0.1312    0.8855    0.2285       332
     engaged     0.9384    0.2292    0.3684      2526

    accuracy                         0.3055      2858
   macro avg     0.5348    0.5574    0.2985      2858
weighted avg     0.8446    0.3055    0.3522      2858

Confusion matrix (rows: actual, columns: predicted):
[[ 294   38]
 [1947  579]]
Epoch 1/50 | train loss: 0.5432 | validation loss: 0.6172 | validation accuracy: 0.8394 | validation AP: 0.1611
Epoch 2/50 | train loss: 0.5225 | validation loss: 0.6449 | validation accuracy: 0.8352 | validation AP: 0.1545
Epoch 3/50 | train loss: 0.5156 | validation loss: 0.606 | validation accuracy: 0.8429 | validation AP: 0.1759
Epoch 4/50 | train loss: 0.517 | validation loss: 0.5907 | validation accuracy: 0.8065 | validation AP: 0.1857
Epoch 5/50 | train loss: 0.5005 | validation loss: 0.6159 | validation accuracy: 0.8478 | validation AP: 0.1982
Epoch 6/50 | train loss: 0.4889 | validation loss: 0.6301 | validation accuracy: 0.8443 | validation AP: 0.2037
Epoch 7/50 | train loss: 0.4825 | validation loss: 0.5977 | validation accuracy: 0.8569 | validation AP: 0.223
Epoch 8/50 | train loss: 0.4858 | validation loss: 0.6012 | validation accuracy: 0.8628 | validation AP: 0.214
Epoch 9/50 | train loss: 0.4674 | validation loss: 0.625 | validation accuracy: 0.8677 | validation AP: 0.2266
Epoch 10/50 | train loss: 0.4701 | validation loss: 0.6052 | validation accuracy: 0.8534 | validation AP: 0.2135
Epoch 11/50 | train loss: 0.466 | validation loss: 0.6092 | validation accuracy: 0.8544 | validation AP: 0.2296
Epoch 12/50 | train loss: 0.4526 | validation loss: 0.6241 | validation accuracy: 0.8432 | validation AP: 0.2031
Epoch 13/50 | train loss: 0.4441 | validation loss: 0.6781 | validation accuracy: 0.8408 | validation AP: 0.1657
Epoch 14/50 | train loss: 0.4433 | validation loss: 0.6165 | validation accuracy: 0.8128 | validation AP: 0.1879
Epoch 15/50 | train loss: 0.4331 | validation loss: 0.6552 | validation accuracy: 0.8237 | validation AP: 0.1908
Stopping at epoch 15: validation AP has not improved for 4 epochs.
Best epoch: 11 | validation AP: 0.2296 | epochs run: 15

Validation classification report:
              precision    recall  f1-score   support

  disengaged     0.3019    0.1928    0.2353       332
     engaged     0.8987    0.9414    0.9196      2526

    accuracy                         0.8544      2858
   macro avg     0.6003    0.5671    0.5774      2858
weighted avg     0.8294    0.8544    0.8401      2858

Confusion matrix (rows: actual, columns: predicted):
[[  64  268]
 [ 148 2378]]
Epoch 1/50 | train loss: 0.5457 | validation loss: 0.607 | validation accuracy: 0.8632 | validation AP: 0.16
Epoch 2/50 | train loss: 0.5285 | validation loss: 0.6082 | validation accuracy: 0.8296 | validation AP: 0.1575
Epoch 3/50 | train loss: 0.5206 | validation loss: 0.6019 | validation accuracy: 0.8516 | validation AP: 0.1669
Epoch 4/50 | train loss: 0.5205 | validation loss: 0.5877 | validation accuracy: 0.8506 | validation AP: 0.1978
Epoch 5/50 | train loss: 0.4996 | validation loss: 0.6007 | validation accuracy: 0.8695 | validation AP: 0.2403
Epoch 6/50 | train loss: 0.4892 | validation loss: 0.6183 | validation accuracy: 0.8663 | validation AP: 0.2018
Epoch 7/50 | train loss: 0.4786 | validation loss: 0.6345 | validation accuracy: 0.8681 | validation AP: 0.1991
Epoch 8/50 | train loss: 0.4728 | validation loss: 0.5812 | validation accuracy: 0.8233 | validation AP: 0.2078
Epoch 9/50 | train loss: 0.4722 | validation loss: 0.6426 | validation accuracy: 0.8118 | validation AP: 0.1829
Stopping at epoch 9: validation AP has not improved for 4 epochs.
Best epoch: 5 | validation AP: 0.2403 | epochs run: 9

Validation classification report:
              precision    recall  f1-score   support

  disengaged     0.3481    0.1416    0.2013       332
     engaged     0.8953    0.9652    0.9289      2526

    accuracy                         0.8695      2858
   macro avg     0.6217    0.5534    0.5651      2858
weighted avg     0.8318    0.8695    0.8444      2858

Confusion matrix (rows: actual, columns: predicted):
[[  47  285]
 [  88 2438]]
Epoch 1/50 | train loss: 0.5414 | validation loss: 0.6114 | validation accuracy: 0.8597 | validation AP: 0.1579
Epoch 2/50 | train loss: 0.5274 | validation loss: 0.628 | validation accuracy: 0.8793 | validation AP: 0.1858
Epoch 3/50 | train loss: 0.5229 | validation loss: 0.622 | validation accuracy: 0.8789 | validation AP: 0.1694
Epoch 4/50 | train loss: 0.512 | validation loss: 0.6305 | validation accuracy: 0.8758 | validation AP: 0.1929
Epoch 5/50 | train loss: 0.5057 | validation loss: 0.636 | validation accuracy: 0.8205 | validation AP: 0.1669
Epoch 6/50 | train loss: 0.5001 | validation loss: 0.583 | validation accuracy: 0.831 | validation AP: 0.2277
Epoch 7/50 | train loss: 0.4808 | validation loss: 0.6148 | validation accuracy: 0.8674 | validation AP: 0.2216
Epoch 8/50 | train loss: 0.487 | validation loss: 0.6525 | validation accuracy: 0.7761 | validation AP: 0.1562
Epoch 9/50 | train loss: 0.4824 | validation loss: 0.6363 | validation accuracy: 0.8527 | validation AP: 0.1943
Epoch 10/50 | train loss: 0.4699 | validation loss: 0.6627 | validation accuracy: 0.8244 | validation AP: 0.1698
Stopping at epoch 10: validation AP has not improved for 4 epochs.
Best epoch: 6 | validation AP: 0.2277 | epochs run: 10

Validation classification report:
              precision    recall  f1-score   support

  disengaged     0.2588    0.2440    0.2512       332
     engaged     0.9014    0.9082    0.9048      2526

    accuracy                         0.8310      2858
   macro avg     0.5801    0.5761    0.5780      2858
weighted avg     0.8267    0.8310    0.8288      2858

Confusion matrix (rows: actual, columns: predicted):
[[  81  251]
 [ 232 2294]]
Epoch 1/50 | train loss: 0.5482 | validation loss: 0.6289 | validation accuracy: 0.8481 | validation AP: 0.1397
Epoch 2/50 | train loss: 0.5293 | validation loss: 0.5865 | validation accuracy: 0.8331 | validation AP: 0.197
Epoch 3/50 | train loss: 0.5174 | validation loss: 0.6132 | validation accuracy: 0.8341 | validation AP: 0.1613
Epoch 4/50 | train loss: 0.5096 | validation loss: 0.617 | validation accuracy: 0.8478 | validation AP: 0.1646
Epoch 5/50 | train loss: 0.5025 | validation loss: 0.6264 | validation accuracy: 0.8705 | validation AP: 0.1944
Epoch 6/50 | train loss: 0.4949 | validation loss: 0.6113 | validation accuracy: 0.8649 | validation AP: 0.2314
Epoch 7/50 | train loss: 0.4864 | validation loss: 0.6269 | validation accuracy: 0.8653 | validation AP: 0.2016
Epoch 8/50 | train loss: 0.4795 | validation loss: 0.5944 | validation accuracy: 0.8362 | validation AP: 0.2039
Epoch 9/50 | train loss: 0.478 | validation loss: 0.6273 | validation accuracy: 0.8691 | validation AP: 0.1957
Epoch 10/50 | train loss: 0.4649 | validation loss: 0.6084 | validation accuracy: 0.8163 | validation AP: 0.1895
Stopping at epoch 10: validation AP has not improved for 4 epochs.
Best epoch: 6 | validation AP: 0.2314 | epochs run: 10

Validation classification report:
              precision    recall  f1-score   support

  disengaged     0.3151    0.1386    0.1925       332
     engaged     0.8945    0.9604    0.9263      2526

    accuracy                         0.8649      2858
   macro avg     0.6048    0.5495    0.5594      2858
weighted avg     0.8272    0.8649    0.8411      2858

Confusion matrix (rows: actual, columns: predicted):
[[  46  286]
 [ 100 2426]]
Epoch 1/50 | train loss: 0.5476 | validation loss: 0.6096 | validation accuracy: 0.8576 | validation AP: 0.1555
Epoch 2/50 | train loss: 0.5228 | validation loss: 0.6644 | validation accuracy: 0.8775 | validation AP: 0.1629
Epoch 3/50 | train loss: 0.517 | validation loss: 0.5921 | validation accuracy: 0.8016 | validation AP: 0.1939
Epoch 4/50 | train loss: 0.5077 | validation loss: 0.5756 | validation accuracy: 0.8387 | validation AP: 0.2385
Epoch 5/50 | train loss: 0.4987 | validation loss: 0.5987 | validation accuracy: 0.8509 | validation AP: 0.2103
Epoch 6/50 | train loss: 0.49 | validation loss: 0.604 | validation accuracy: 0.8733 | validation AP: 0.2131
Epoch 7/50 | train loss: 0.4883 | validation loss: 0.5932 | validation accuracy: 0.8513 | validation AP: 0.2167
Epoch 8/50 | train loss: 0.4767 | validation loss: 0.6383 | validation accuracy: 0.8537 | validation AP: 0.1854
Stopping at epoch 8: validation AP has not improved for 4 epochs.
Best epoch: 4 | validation AP: 0.2385 | epochs run: 8

Validation classification report:
              precision    recall  f1-score   support

  disengaged     0.2620    0.2139    0.2355       332
     engaged     0.8991    0.9208    0.9098      2526

    accuracy                         0.8387      2858
   macro avg     0.5806    0.5673    0.5727      2858
weighted avg     0.8251    0.8387    0.8315      2858

Confusion matrix (rows: actual, columns: predicted):
[[  71  261]
 [ 200 2326]]
Epoch 1/50 | train loss: 0.6736 | validation loss: 0.7349 | validation accuracy: 0.7155 | validation AP: 0.1523
Epoch 2/50 | train loss: 0.6549 | validation loss: 0.6448 | validation accuracy: 0.5451 | validation AP: 0.1838
Epoch 3/50 | train loss: 0.6405 | validation loss: 0.7234 | validation accuracy: 0.7026 | validation AP: 0.1599
Epoch 4/50 | train loss: 0.6169 | validation loss: 0.6252 | validation accuracy: 0.4503 | validation AP: 0.2026
Epoch 5/50 | train loss: 0.6167 | validation loss: 0.7265 | validation accuracy: 0.788 | validation AP: 0.2143
Epoch 6/50 | train loss: 0.6014 | validation loss: 0.6947 | validation accuracy: 0.7323 | validation AP: 0.226
Epoch 7/50 | train loss: 0.5913 | validation loss: 0.7713 | validation accuracy: 0.7295 | validation AP: 0.1841
Epoch 8/50 | train loss: 0.5817 | validation loss: 0.7772 | validation accuracy: 0.7505 | validation AP: 0.1932
Epoch 9/50 | train loss: 0.5718 | validation loss: 0.7558 | validation accuracy: 0.726 | validation AP: 0.2032
Epoch 10/50 | train loss: 0.5637 | validation loss: 0.771 | validation accuracy: 0.782 | validation AP: 0.207
Stopping at epoch 10: validation AP has not improved for 4 epochs.
Best epoch: 6 | validation AP: 0.226 | epochs run: 10

Validation classification report:
              precision    recall  f1-score   support

  disengaged     0.2094    0.4699    0.2897       332
     engaged     0.9167    0.7668    0.8351      2526

    accuracy                         0.7323      2858
   macro avg     0.5631    0.6184    0.5624      2858
weighted avg     0.8345    0.7323    0.7717      2858
[I 2026-10-09 02:18:25,802] A new study created in memory with name: lstm|15fps/5s

Confusion matrix (rows: actual, columns: predicted):
[[ 156  176]
 [ 589 1937]]
Epoch 1/50 | train loss: 0.6792 | validation loss: 0.6767 | validation accuracy: 0.5787 | validation AP: 0.1842
Epoch 2/50 | train loss: 0.6569 | validation loss: 0.659 | validation accuracy: 0.5161 | validation AP: 0.1872
Epoch 3/50 | train loss: 0.6486 | validation loss: 0.6992 | validation accuracy: 0.626 | validation AP: 0.1423
Epoch 4/50 | train loss: 0.637 | validation loss: 0.6622 | validation accuracy: 0.5532 | validation AP: 0.1892
Epoch 5/50 | train loss: 0.6288 | validation loss: 0.7274 | validation accuracy: 0.8383 | validation AP: 0.2601
Epoch 6/50 | train loss: 0.6197 | validation loss: 0.6389 | validation accuracy: 0.5875 | validation AP: 0.2326
Epoch 7/50 | train loss: 0.5895 | validation loss: 0.7932 | validation accuracy: 0.8055 | validation AP: 0.2055
Epoch 8/50 | train loss: 0.5877 | validation loss: 0.7511 | validation accuracy: 0.7582 | validation AP: 0.198
Epoch 9/50 | train loss: 0.5851 | validation loss: 0.6566 | validation accuracy: 0.5955 | validation AP: 0.1989
Stopping at epoch 9: validation AP has not improved for 4 epochs.
Best epoch: 5 | validation AP: 0.2601 | epochs run: 9

Validation classification report:
              precision    recall  f1-score   support

  disengaged     0.2679    0.2259    0.2451       332
     engaged     0.9003    0.9188    0.9095      2526

    accuracy                         0.8383      2858
   macro avg     0.5841    0.5724    0.5773      2858
weighted avg     0.8268    0.8383    0.8323      2858

Confusion matrix (rows: actual, columns: predicted):
[[  75  257]
 [ 205 2321]]
Epoch 1/50 | train loss: 0.6789 | validation loss: 0.6925 | validation accuracy: 0.7022 | validation AP: 0.1694
Epoch 2/50 | train loss: 0.6608 | validation loss: 0.7311 | validation accuracy: 0.7369 | validation AP: 0.1904
Epoch 3/50 | train loss: 0.6506 | validation loss: 0.7213 | validation accuracy: 0.6896 | validation AP: 0.1406
Epoch 4/50 | train loss: 0.6599 | validation loss: 0.7554 | validation accuracy: 0.7593 | validation AP: 0.1875
Epoch 5/50 | train loss: 0.6335 | validation loss: 0.6919 | validation accuracy: 0.6074 | validation AP: 0.2337
Epoch 6/50 | train loss: 0.6811 | validation loss: 0.6671 | validation accuracy: 0.6784 | validation AP: 0.2416
Epoch 7/50 | train loss: 0.6476 | validation loss: 0.7414 | validation accuracy: 0.7908 | validation AP: 0.236
Epoch 8/50 | train loss: 0.642 | validation loss: 0.6586 | validation accuracy: 0.4811 | validation AP: 0.2117
Epoch 9/50 | train loss: 0.6224 | validation loss: 0.6928 | validation accuracy: 0.7372 | validation AP: 0.2311
Epoch 10/50 | train loss: 0.6135 | validation loss: 0.6931 | validation accuracy: 0.684 | validation AP: 0.1985
Stopping at epoch 10: validation AP has not improved for 4 epochs.
Best epoch: 6 | validation AP: 0.2416 | epochs run: 10

Validation classification report:
              precision    recall  f1-score   support

  disengaged     0.1834    0.5120    0.2701       332
     engaged     0.9161    0.7003    0.7938      2526

    accuracy                         0.6784      2858
   macro avg     0.5497    0.6062    0.5319      2858
weighted avg     0.8310    0.6784    0.7330      2858

Confusion matrix (rows: actual, columns: predicted):
[[ 170  162]
 [ 757 1769]]
Epoch 1/50 | train loss: 0.6843 | validation loss: 0.6957 | validation accuracy: 0.5801 | validation AP: 0.1315
Epoch 2/50 | train loss: 0.6645 | validation loss: 0.6673 | validation accuracy: 0.6679 | validation AP: 0.2063
Epoch 3/50 | train loss: 0.6647 | validation loss: 0.6375 | validation accuracy: 0.2978 | validation AP: 0.2022
Epoch 4/50 | train loss: 0.6657 | validation loss: 0.6707 | validation accuracy: 0.6917 | validation AP: 0.2016
Epoch 5/50 | train loss: 0.6405 | validation loss: 0.7011 | validation accuracy: 0.6379 | validation AP: 0.1601
Epoch 6/50 | train loss: 0.615 | validation loss: 0.6937 | validation accuracy: 0.7068 | validation AP: 0.1901
Stopping at epoch 6: validation AP has not improved for 4 epochs.
Best epoch: 2 | validation AP: 0.2063 | epochs run: 6

Validation classification report:
              precision    recall  f1-score   support

  disengaged     0.1810    0.5271    0.2694       332
     engaged     0.9170    0.6865    0.7851      2526

    accuracy                         0.6679      2858
   macro avg     0.5490    0.6068    0.5273      2858
weighted avg     0.8315    0.6679    0.7252      2858

Confusion matrix (rows: actual, columns: predicted):
[[ 175  157]
 [ 792 1734]]
Epoch 1/50 | train loss: 0.6739 | validation loss: 0.6873 | validation accuracy: 0.592 | validation AP: 0.1332
Epoch 2/50 | train loss: 0.6597 | validation loss: 0.7152 | validation accuracy: 0.6984 | validation AP: 0.1581
Epoch 3/50 | train loss: 0.6376 | validation loss: 0.7545 | validation accuracy: 0.7582 | validation AP: 0.1985
Epoch 4/50 | train loss: 0.6234 | validation loss: 0.6332 | validation accuracy: 0.5749 | validation AP: 0.2202
Epoch 5/50 | train loss: 0.6171 | validation loss: 0.6859 | validation accuracy: 0.592 | validation AP: 0.1619
Epoch 6/50 | train loss: 0.6467 | validation loss: 0.6487 | validation accuracy: 0.6973 | validation AP: 0.2245
Epoch 7/50 | train loss: 0.635 | validation loss: 0.7066 | validation accuracy: 0.6816 | validation AP: 0.2003
Epoch 8/50 | train loss: 0.5909 | validation loss: 0.8391 | validation accuracy: 0.8072 | validation AP: 0.2208
Epoch 9/50 | train loss: 0.5872 | validation loss: 0.7518 | validation accuracy: 0.7439 | validation AP: 0.2074
Epoch 10/50 | train loss: 0.5695 | validation loss: 0.7008 | validation accuracy: 0.6788 | validation AP: 0.205
Stopping at epoch 10: validation AP has not improved for 4 epochs.
Best epoch: 6 | validation AP: 0.2245 | epochs run: 10

Validation classification report:
              precision    recall  f1-score   support

  disengaged     0.1890    0.4880    0.2725       332
     engaged     0.9150    0.7249    0.8089      2526

    accuracy                         0.6973      2858
   macro avg     0.5520    0.6064    0.5407      2858
weighted avg     0.8307    0.6973    0.7466      2858

Confusion matrix (rows: actual, columns: predicted):
[[ 162  170]
 [ 695 1831]]

 gru | 15fps/5s (confirmed on seeds [52, 53, 54, 55, 56])
  0.2552 +/- 0.0095  (17362,) params  hidden_size=70, num_layers=1, dropout=0.0, learning_rate=0.0069782812651260325, batch_size=64
  0.2455 +/- 0.0013  (42110,) params  hidden_size=66, num_layers=2, dropout=0.25, learning_rate=0.0010402587615883842, batch_size=8
  Selected: hidden_size=70, num_layers=1, dropout=0.0, learning_rate=0.0069782812651260325, batch_size=64  (AP 0.2552, 17,362 parameters)
Epoch 1/50 | train loss: 0.6835 | validation loss: 0.6797 | validation accuracy: 0.7971 | validation AP: 0.2261
Epoch 2/50 | train loss: 0.6586 | validation loss: 0.7067 | validation accuracy: 0.7197 | validation AP: 0.1735
Epoch 3/50 | train loss: 0.6464 | validation loss: 0.7778 | validation accuracy: 0.7222 | validation AP: 0.173
Epoch 4/50 | train loss: 0.6425 | validation loss: 0.7273 | validation accuracy: 0.7782 | validation AP: 0.1878
Epoch 5/50 | train loss: 0.6286 | validation loss: 0.7372 | validation accuracy: 0.7453 | validation AP: 0.1647
Stopping at epoch 5: validation AP has not improved for 4 epochs.
Best epoch: 1 | validation AP: 0.2261 | epochs run: 5

Validation classification report:
              precision    recall  f1-score   support

  disengaged     0.2005    0.2500    0.2225       332
     engaged     0.8981    0.8690    0.8833      2526

    accuracy                         0.7971      2858
   macro avg     0.5493    0.5595    0.5529      2858
weighted avg     0.8171    0.7971    0.8065      2858

Confusion matrix (rows: actual, columns: predicted):
[[  83  249]
 [ 331 2195]]
Epoch 1/50 | train loss: 0.6722 | validation loss: 0.6811 | validation accuracy: 0.7946 | validation AP: 0.1909
Epoch 2/50 | train loss: 0.668 | validation loss: 0.6743 | validation accuracy: 0.7855 | validation AP: 0.1847
Epoch 3/50 | train loss: 0.667 | validation loss: 0.699 | validation accuracy: 0.8331 | validation AP: 0.2095
Epoch 4/50 | train loss: 0.6689 | validation loss: 0.637 | validation accuracy: 0.7071 | validation AP: 0.1864[I 2026-10-09 02:19:27,611] Trial 0 finished with value: 0.22489978712416256 and parameters: {'hidden_size': 47, 'num_layers': 3, 'dropout': 0.0, 'learning_rate': 0.005399484409787433, 'batch_size': 64}. Best is trial 0 with value: 0.22489978712416256.
[I 2026-10-09 02:27:29,400] Trial 1 finished with value: 0.2292062672757167 and parameters: {'hidden_size': 136, 'num_layers': 1, 'dropout': 0.25, 'learning_rate': 0.0003823475224675188, 'batch_size': 8}. Best is trial 1 with value: 0.2292062672757167.

Epoch 5/50 | train loss: 0.6545 | validation loss: 0.6871 | validation accuracy: 0.7596 | validation AP: 0.153
Epoch 6/50 | train loss: 0.6588 | validation loss: 0.6916 | validation accuracy: 0.8254 | validation AP: 0.1855
Epoch 7/50 | train loss: 0.6484 | validation loss: 0.6744 | validation accuracy: 0.7831 | validation AP: 0.2098
Epoch 8/50 | train loss: 0.6546 | validation loss: 0.7204 | validation accuracy: 0.7771 | validation AP: 0.1875
Epoch 9/50 | train loss: 0.65 | validation loss: 0.6631 | validation accuracy: 0.6487 | validation AP: 0.1651
Epoch 10/50 | train loss: 0.645 | validation loss: 0.6656 | validation accuracy: 0.7719 | validation AP: 0.2047
Epoch 11/50 | train loss: 0.6344 | validation loss: 0.6501 | validation accuracy: 0.732 | validation AP: 0.2105
Epoch 12/50 | train loss: 0.6222 | validation loss: 0.677 | validation accuracy: 0.7393 | validation AP: 0.2138
Epoch 13/50 | train loss: 0.6213 | validation loss: 0.7224 | validation accuracy: 0.6291 | validation AP: 0.1669
Epoch 14/50 | train loss: 0.6168 | validation loss: 0.6876 | validation accuracy: 0.7323 | validation AP: 0.1925
Epoch 15/50 | train loss: 0.604 | validation loss: 0.6879 | validation accuracy: 0.7103 | validation AP: 0.2176
Epoch 16/50 | train loss: 0.5991 | validation loss: 0.7735 | validation accuracy: 0.8055 | validation AP: 0.2252
Epoch 17/50 | train loss: 0.5916 | validation loss: 0.6995 | validation accuracy: 0.7428 | validation AP: 0.2088
Epoch 18/50 | train loss: 0.5869 | validation loss: 0.7298 | validation accuracy: 0.8006 | validation AP: 0.1922
Epoch 19/50 | train loss: 0.5828 | validation loss: 0.7195 | validation accuracy: 0.7533 | validation AP: 0.2051
Epoch 20/50 | train loss: 0.5687 | validation loss: 0.6497 | validation accuracy: 0.7425 | validation AP: 0.215
Stopping at epoch 20: validation AP has not improved for 4 epochs.
Best epoch: 16 | validation AP: 0.2252 | epochs run: 20

Validation classification report:
              precision    recall  f1-score   support

  disengaged     0.2607    0.3675    0.3050       332
     engaged     0.9121    0.8630    0.8869      2526

    accuracy                         0.8055      2858
   macro avg     0.5864    0.6152    0.5959      2858
weighted avg     0.8365    0.8055    0.8193      2858

Confusion matrix (rows: actual, columns: predicted):
[[ 122  210]
 [ 346 2180]]
Epoch 1/50 | train loss: 0.6844 | validation loss: 0.7365 | validation accuracy: 0.8142 | validation AP: 0.1529
Epoch 2/50 | train loss: 0.6575 | validation loss: 0.7435 | validation accuracy: 0.8114 | validation AP: 0.1871
Epoch 3/50 | train loss: 0.6742 | validation loss: 0.6988 | validation accuracy: 0.8835 | validation AP: 0.1015
Epoch 4/50 | train loss: 0.6844 | validation loss: 0.7312 | validation accuracy: 0.8712 | validation AP: 0.1342
Epoch 5/50 | train loss: 0.6817 | validation loss: 0.6916 | validation accuracy: 0.5122 | validation AP: 0.147
Epoch 6/50 | train loss: 0.6876 | validation loss: 0.698 | validation accuracy: 0.8677 | validation AP: 0.1754
Stopping at epoch 6: validation AP has not improved for 4 epochs.
Best epoch: 2 | validation AP: 0.1871 | epochs run: 6

Validation classification report:
              precision    recall  f1-score   support

  disengaged     0.2255    0.2560    0.2398       332
     engaged     0.9004    0.8844    0.8924      2526

    accuracy                         0.8114      2858
   macro avg     0.5630    0.5702    0.5661      2858
weighted avg     0.8220    0.8114    0.8165      2858

Confusion matrix (rows: actual, columns: predicted):
[[  85  247]
 [ 292 2234]]
Epoch 1/50 | train loss: 0.5461 | validation loss: 0.5942 | validation accuracy: 0.8817 | validation AP: 0.2001
Epoch 2/50 | train loss: 0.5214 | validation loss: 0.623 | validation accuracy: 0.866 | validation AP: 0.1797
Epoch 3/50 | train loss: 0.5144 | validation loss: 0.626 | validation accuracy: 0.8702 | validation AP: 0.1921
Epoch 4/50 | train loss: 0.5254 | validation loss: 0.5998 | validation accuracy: 0.8506 | validation AP: 0.1878
Epoch 5/50 | train loss: 0.5065 | validation loss: 0.597 | validation accuracy: 0.8174 | validation AP: 0.2251
Epoch 6/50 | train loss: 0.4982 | validation loss: 0.5997 | validation accuracy: 0.8621 | validation AP: 0.1879
Epoch 7/50 | train loss: 0.4905 | validation loss: 0.6208 | validation accuracy: 0.8023 | validation AP: 0.1608
Epoch 8/50 | train loss: 0.4854 | validation loss: 0.6377 | validation accuracy: 0.8432 | validation AP: 0.1555
Epoch 9/50 | train loss: 0.4873 | validation loss: 0.6274 | validation accuracy: 0.8139 | validation AP: 0.1717
Stopping at epoch 9: validation AP has not improved for 4 epochs.
Best epoch: 5 | validation AP: 0.2251 | epochs run: 9

Validation classification report:
              precision    recall  f1-score   support

  disengaged     0.2539    0.2952    0.2730       332
     engaged     0.9053    0.8860    0.8956      2526

    accuracy                         0.8174      2858
   macro avg     0.5796    0.5906    0.5843      2858
weighted avg     0.8297    0.8174    0.8232      2858

Confusion matrix (rows: actual, columns: predicted):
[[  98  234]
 [ 288 2238]]
Epoch 1/50 | train loss: 0.534 | validation loss: 0.6197 | validation accuracy: 0.8509 | validation AP: 0.1854
Epoch 2/50 | train loss: 0.529 | validation loss: 0.6108 | validation accuracy: 0.8579 | validation AP: 0.1703
Epoch 3/50 | train loss: 0.5136 | validation loss: 0.5922 | validation accuracy: 0.8667 | validation AP: 0.2185
Epoch 4/50 | train loss: 0.5139 | validation loss: 0.6 | validation accuracy: 0.8128 | validation AP: 0.1975
Epoch 5/50 | train loss: 0.5051 | validation loss: 0.6206 | validation accuracy: 0.823 | validation AP: 0.1746
Epoch 6/50 | train loss: 0.4936 | validation loss: 0.6298 | validation accuracy: 0.8418 | validation AP: 0.2036
Epoch 7/50 | train loss: 0.4989 | validation loss: 0.6275 | validation accuracy: 0.8642 | validation AP: 0.1831
Stopping at epoch 7: validation AP has not improved for 4 epochs.
Best epoch: 3 | validation AP: 0.2185 | epochs run: 7

Validation classification report:
              precision    recall  f1-score   support

  disengaged     0.2975    0.1084    0.1589       332
     engaged     0.8919    0.9663    0.9276      2526

    accuracy                         0.8667      2858
   macro avg     0.5947    0.5374    0.5433      2858
weighted avg     0.8228    0.8667    0.8383      2858

Confusion matrix (rows: actual, columns: predicted):
[[  36  296]
 [  85 2441]]
Epoch 1/50 | train loss: 0.5366 | validation loss: 0.6294 | validation accuracy: 0.8663 | validation AP: 0.1776
Epoch 2/50 | train loss: 0.5183 | validation loss: 0.6354 | validation accuracy: 0.8562 | validation AP: 0.1831
Epoch 3/50 | train loss: 0.515 | validation loss: 0.5915 | validation accuracy: 0.8569 | validation AP: 0.1837
Epoch 4/50 | train loss: 0.5047 | validation loss: 0.617 | validation accuracy: 0.8411 | validation AP: 0.1774
Epoch 5/50 | train loss: 0.5053 | validation loss: 0.5929 | validation accuracy: 0.8429 | validation AP: 0.1995
Epoch 6/50 | train loss: 0.5097 | validation loss: 0.6066 | validation accuracy: 0.8516 | validation AP: 0.2003
Epoch 7/50 | train loss: 0.4966 | validation loss: 0.6274 | validation accuracy: 0.8481 | validation AP: 0.194
Epoch 8/50 | train loss: 0.4987 | validation loss: 0.5939 | validation accuracy: 0.8516 | validation AP: 0.1906
Epoch 9/50 | train loss: 0.5002 | validation loss: 0.5967 | validation accuracy: 0.7446 | validation AP: 0.1921
Epoch 10/50 | train loss: 0.4922 | validation loss: 0.6165 | validation accuracy: 0.8128 | validation AP: 0.1847
Stopping at epoch 10: validation AP has not improved for 4 epochs.
Best epoch: 6 | validation AP: 0.2003 | epochs run: 10

Validation classification report:
              precision    recall  f1-score   support

  disengaged     0.2473    0.1355    0.1751       332
     engaged     0.8928    0.9458    0.9185      2526

    accuracy                         0.8516      2858
   macro avg     0.5700    0.5407    0.5468      2858
weighted avg     0.8178    0.8516    0.8321      2858

Confusion matrix (rows: actual, columns: predicted):
[[  45  287]
 [ 137 2389]]
Epoch 1/50 | train loss: 0.6781 | validation loss: 0.697 | validation accuracy: 0.8747 | validation AP: 0.1799[I 2026-10-09 02:28:47,612] Trial 2 finished with value: 0.2068896839423214 and parameters: {'hidden_size': 56, 'num_layers': 3, 'dropout': 0.5, 'learning_rate': 0.00021930485556643703, 'batch_size': 32}. Best is trial 1 with value: 0.2292062672757167.

Epoch 2/50 | train loss: 0.6477 | validation loss: 0.6798 | validation accuracy: 0.7495 | validation AP: 0.1707
Epoch 3/50 | train loss: 0.631 | validation loss: 0.701 | validation accuracy: 0.7491 | validation AP: 0.1765
Epoch 4/50 | train loss: 0.6297 | validation loss: 0.7019 | validation accuracy: 0.7712 | validation AP: 0.1938
Epoch 5/50 | train loss: 0.6157 | validation loss: 0.7072 | validation accuracy: 0.767 | validation AP: 0.2086
Epoch 6/50 | train loss: 0.6098 | validation loss: 0.6807 | validation accuracy: 0.7197 | validation AP: 0.1772
Epoch 7/50 | train loss: 0.6066 | validation loss: 0.7582 | validation accuracy: 0.7425 | validation AP: 0.1565
Epoch 8/50 | train loss: 0.5965 | validation loss: 0.748 | validation accuracy: 0.8062 | validation AP: 0.1631
Epoch 9/50 | train loss: 0.617 | validation loss: 0.7493 | validation accuracy: 0.7243 | validation AP: 0.1371
Stopping at epoch 9: validation AP has not improved for 4 epochs.
Best epoch: 5 | validation AP: 0.2086 | epochs run: 9

Validation classification report:
              precision    recall  f1-score   support

  disengaged     0.2169    0.3855    0.2777       332
     engaged     0.9101    0.8171    0.8611      2526

    accuracy                         0.7670      2858
   macro avg     0.5635    0.6013    0.5694      2858
weighted avg     0.8295    0.7670    0.7933      2858

Confusion matrix (rows: actual, columns: predicted):
[[ 128  204]
 [ 462 2064]]
Epoch 1/50 | train loss: 0.6771 | validation loss: 0.7158 | validation accuracy: 0.8695 | validation AP: 0.1678
Epoch 2/50 | train loss: 0.6481 | validation loss: 0.6931 | validation accuracy: 0.7096 | validation AP: 0.1595
Epoch 3/50 | train loss: 0.6263 | validation loss: 0.7052 | validation accuracy: 0.7715 | validation AP: 0.2005
Epoch 4/50 | train loss: 0.6122 | validation loss: 0.6802 | validation accuracy: 0.697 | validation AP: 0.2099
Epoch 5/50 | train loss: 0.6116 | validation loss: 0.7205 | validation accuracy: 0.726 | validation AP: 0.1784
Epoch 6/50 | train loss: 0.6038 | validation loss: 0.7008 | validation accuracy: 0.7274 | validation AP: 0.2122
Epoch 7/50 | train loss: 0.6031 | validation loss: 0.6999 | validation accuracy: 0.7218 | validation AP: 0.1941
Epoch 8/50 | train loss: 0.6015 | validation loss: 0.7194 | validation accuracy: 0.7659 | validation AP: 0.1946
Epoch 9/50 | train loss: 0.5996 | validation loss: 0.7387 | validation accuracy: 0.761 | validation AP: 0.1829
Epoch 10/50 | train loss: 0.5902 | validation loss: 0.711 | validation accuracy: 0.7327 | validation AP: 0.1852
Stopping at epoch 10: validation AP has not improved for 4 epochs.
Best epoch: 6 | validation AP: 0.2122 | epochs run: 10

Validation classification report:
              precision    recall  f1-score   support

  disengaged     0.1984    0.4428    0.2740       332
     engaged     0.9126    0.7648    0.8322      2526

    accuracy                         0.7274      2858
   macro avg     0.5555    0.6038    0.5531      2858
weighted avg     0.8296    0.7274    0.7674      2858

Confusion matrix (rows: actual, columns: predicted):
[[ 147  185]
 [ 594 1932]]
Epoch 1/50 | train loss: 0.6806 | validation loss: 0.7086 | validation accuracy: 0.8828 | validation AP: 0.2034
Epoch 2/50 | train loss: 0.65 | validation loss: 0.687 | validation accuracy: 0.7761 | validation AP: 0.1919
Epoch 3/50 | train loss: 0.6272 | validation loss: 0.7017 | validation accuracy: 0.7204 | validation AP: 0.1637
Epoch 4/50 | train loss: 0.6159 | validation loss: 0.706 | validation accuracy: 0.7624 | validation AP: 0.1806
Epoch 5/50 | train loss: 0.6111 | validation loss: 0.6975 | validation accuracy: 0.7127 | validation AP: 0.1712
Stopping at epoch 5: validation AP has not improved for 4 epochs.
Best epoch: 1 | validation AP: 0.2034 | epochs run: 5

Validation classification report:
              precision    recall  f1-score   support

  disengaged     0.4483    0.0392    0.0720       332
     engaged     0.8872    0.9937    0.9374      2526

    accuracy                         0.8828      2858
   macro avg     0.6678    0.5164    0.5047      2858
weighted avg     0.8362    0.8828    0.8369      2858

Confusion matrix (rows: actual, columns: predicted):
[[  13  319]
 [  16 2510]]
Epoch 1/50 | train loss: 0.6269 | validation loss: 0.6526 | validation accuracy: 0.8107 | validation AP: 0.1906
Epoch 2/50 | train loss: 0.6047 | validation loss: 0.6925 | validation accuracy: 0.8464 | validation AP: 0.1724
Epoch 3/50 | train loss: 0.5936 | validation loss: 0.7294 | validation accuracy: 0.7974 | validation AP: 0.1444
Epoch 4/50 | train loss: 0.5947 | validation loss: 0.692 | validation accuracy: 0.8366 | validation AP: 0.1995
Epoch 5/50 | train loss: 0.5733 | validation loss: 0.7182 | validation accuracy: 0.7946 | validation AP: 0.2119
Epoch 6/50 | train loss: 0.5655 | validation loss: 0.6739 | validation accuracy: 0.8142 | validation AP: 0.172
Epoch 7/50 | train loss: 0.5572 | validation loss: 0.7316 | validation accuracy: 0.7992 | validation AP: 0.1566
Epoch 8/50 | train loss: 0.5438 | validation loss: 0.7926 | validation accuracy: 0.8314 | validation AP: 0.1495
Epoch 9/50 | train loss: 0.5501 | validation loss: 0.7106 | validation accuracy: 0.7869 | validation AP: 0.1628
Stopping at epoch 9: validation AP has not improved for 4 epochs.
Best epoch: 5 | validation AP: 0.2119 | epochs run: 9

Validation classification report:
              precision    recall  f1-score   support

  disengaged     0.2234    0.3102    0.2598       332
     engaged     0.9045    0.8583    0.8808      2526

    accuracy                         0.7946      2858
   macro avg     0.5639    0.5843    0.5703      2858
weighted avg     0.8254    0.7946    0.8086      2858

Confusion matrix (rows: actual, columns: predicted):
[[ 103  229]
 [ 358 2168]]
Epoch 1/50 | train loss: 0.6212 | validation loss: 0.724 | validation accuracy: 0.8691 | validation AP: 0.2026
Epoch 2/50 | train loss: 0.6055 | validation loss: 0.6995 | validation accuracy: 0.8541 | validation AP: 0.1856
Epoch 3/50 | train loss: 0.5894 | validation loss: 0.6875 | validation accuracy: 0.852 | validation AP: 0.1827
Epoch 4/50 | train loss: 0.5795 | validation loss: 0.6621 | validation accuracy: 0.6945 | validation AP: 0.1791
Epoch 5/50 | train loss: 0.5636 | validation loss: 0.7093 | validation accuracy: 0.7421 | validation AP: 0.1492
Stopping at epoch 5: validation AP has not improved for 4 epochs.
Best epoch: 1 | validation AP: 0.2026 | epochs run: 5

Validation classification report:
              precision    recall  f1-score   support

  disengaged     0.2766    0.0783    0.1221       332
     engaged     0.8893    0.9731    0.9293      2526

    accuracy                         0.8691      2858
   macro avg     0.5829    0.5257    0.5257      2858
weighted avg     0.8181    0.8691    0.8355      2858

Confusion matrix (rows: actual, columns: predicted):
[[  26  306]
 [  68 2458]]
Epoch 1/50 | train loss: 0.6206 | validation loss: 0.7312 | validation accuracy: 0.8586 | validation AP: 0.1588
Epoch 2/50 | train loss: 0.6128 | validation loss: 0.7115 | validation accuracy: 0.8429 | validation AP: 0.1602
Epoch 3/50 | train loss: 0.6079 | validation loss: 0.6669 | validation accuracy: 0.7701 | validation AP: 0.1677
Epoch 4/50 | train loss: 0.5876 | validation loss: 0.6884 | validation accuracy: 0.7918 | validation AP: 0.1585
Epoch 5/50 | train loss: 0.5675 | validation loss: 0.717 | validation accuracy: 0.7911 | validation AP: 0.1448
Epoch 6/50 | train loss: 0.573 | validation loss: 0.7028 | validation accuracy: 0.7978 | validation AP: 0.1549
Epoch 7/50 | train loss: 0.5534 | validation loss: 0.67 | validation accuracy: 0.7901 | validation AP: 0.1913
Epoch 8/50 | train loss: 0.5476 | validation loss: 0.7014 | validation accuracy: 0.7698 | validation AP: 0.1717
Epoch 9/50 | train loss: 0.5433 | validation loss: 0.6737 | validation accuracy: 0.6812 | validation AP: 0.1622
Epoch 10/50 | train loss: 0.5304 | validation loss: 0.686 | validation accuracy: 0.7656 | validation AP: 0.1894
Epoch 11/50 | train loss: 0.5285 | validation loss: 0.7489 | validation accuracy: 0.817 | validation AP: 0.1679
Stopping at epoch 11: validation AP has not improved for 4 epochs.[I 2026-10-09 02:32:16,808] Trial 3 finished with value: 0.2102683636021179 and parameters: {'hidden_size': 40, 'num_layers': 1, 'dropout': 0.0, 'learning_rate': 0.006586289317583112, 'batch_size': 16}. Best is trial 1 with value: 0.2292062672757167.
[I 2026-10-09 02:32:47,346] Trial 4 finished with value: 0.22806102700196973 and parameters: {'hidden_size': 70, 'num_layers': 1, 'dropout': 0.0, 'learning_rate': 0.0069782812651260325, 'batch_size': 64}. Best is trial 1 with value: 0.2292062672757167.
[I 2026-10-09 02:34:28,576] Trial 5 finished with value: 0.22159313739873812 and parameters: {'hidden_size': 48, 'num_layers': 1, 'dropout': 0.0, 'learning_rate': 0.0040215545266902904, 'batch_size': 16}. Best is trial 1 with value: 0.2292062672757167.

Best epoch: 7 | validation AP: 0.1913 | epochs run: 11

Validation classification report:
              precision    recall  f1-score   support

  disengaged     0.2112    0.2952    0.2462       332
     engaged     0.9023    0.8551    0.8780      2526

    accuracy                         0.7901      2858
   macro avg     0.5567    0.5751    0.5621      2858
weighted avg     0.8220    0.7901    0.8047      2858

Confusion matrix (rows: actual, columns: predicted):
[[  98  234]
 [ 366 2160]]
Epoch 1/50 | train loss: 0.6713 | validation loss: 0.6796 | validation accuracy: 0.733 | validation AP: 0.1753
Epoch 2/50 | train loss: 0.6448 | validation loss: 0.6848 | validation accuracy: 0.7043 | validation AP: 0.1789
Epoch 3/50 | train loss: 0.634 | validation loss: 0.7232 | validation accuracy: 0.7624 | validation AP: 0.1915
Epoch 4/50 | train loss: 0.6411 | validation loss: 0.7117 | validation accuracy: 0.7568 | validation AP: 0.1951
Epoch 5/50 | train loss: 0.624 | validation loss: 0.7441 | validation accuracy: 0.7411 | validation AP: 0.2073
Epoch 6/50 | train loss: 0.61 | validation loss: 0.6721 | validation accuracy: 0.6263 | validation AP: 0.1946
Epoch 7/50 | train loss: 0.6114 | validation loss: 0.7395 | validation accuracy: 0.6774 | validation AP: 0.1466
Epoch 8/50 | train loss: 0.6005 | validation loss: 0.7687 | validation accuracy: 0.7358 | validation AP: 0.1624
Epoch 9/50 | train loss: 0.5972 | validation loss: 0.7238 | validation accuracy: 0.6697 | validation AP: 0.1747
Stopping at epoch 9: validation AP has not improved for 4 epochs.
Best epoch: 5 | validation AP: 0.2073 | epochs run: 9

Validation classification report:
              precision    recall  f1-score   support

  disengaged     0.1881    0.3705    0.2495       332
     engaged     0.9052    0.7898    0.8436      2526

    accuracy                         0.7411      2858
   macro avg     0.5466    0.5801    0.5465      2858
weighted avg     0.8219    0.7411    0.7745      2858

Confusion matrix (rows: actual, columns: predicted):
[[ 123  209]
 [ 531 1995]]
Epoch 1/50 | train loss: 0.6617 | validation loss: 0.6891 | validation accuracy: 0.7386 | validation AP: 0.2407
Epoch 2/50 | train loss: 0.6404 | validation loss: 0.7024 | validation accuracy: 0.7071 | validation AP: 0.1804
Epoch 3/50 | train loss: 0.6309 | validation loss: 0.7445 | validation accuracy: 0.7229 | validation AP: 0.1778
Epoch 4/50 | train loss: 0.619 | validation loss: 0.7201 | validation accuracy: 0.613 | validation AP: 0.1828
Epoch 5/50 | train loss: 0.6145 | validation loss: 0.7264 | validation accuracy: 0.6648 | validation AP: 0.1707
Stopping at epoch 5: validation AP has not improved for 4 epochs.
Best epoch: 1 | validation AP: 0.2407 | epochs run: 5

Validation classification report:
              precision    recall  f1-score   support

  disengaged     0.2154    0.4729    0.2959       332
     engaged     0.9178    0.7736    0.8395      2526

    accuracy                         0.7386      2858
   macro avg     0.5666    0.6232    0.5677      2858
weighted avg     0.8362    0.7386    0.7764      2858

Confusion matrix (rows: actual, columns: predicted):
[[ 157  175]
 [ 572 1954]]
Epoch 1/50 | train loss: 0.6726 | validation loss: 0.7645 | validation accuracy: 0.8383 | validation AP: 0.1927
Epoch 2/50 | train loss: 0.651 | validation loss: 0.6868 | validation accuracy: 0.6683 | validation AP: 0.2043
Epoch 3/50 | train loss: 0.6403 | validation loss: 0.7074 | validation accuracy: 0.6672 | validation AP: 0.1541
Epoch 4/50 | train loss: 0.6341 | validation loss: 0.6933 | validation accuracy: 0.7127 | validation AP: 0.1831
Epoch 5/50 | train loss: 0.6175 | validation loss: 0.6904 | validation accuracy: 0.5182 | validation AP: 0.15
Epoch 6/50 | train loss: 0.6139 | validation loss: 0.7664 | validation accuracy: 0.7302 | validation AP: 0.1661
Stopping at epoch 6: validation AP has not improved for 4 epochs.
Best epoch: 2 | validation AP: 0.2043 | epochs run: 6

Validation classification report:
              precision    recall  f1-score   support

  disengaged     0.1709    0.4819    0.2524       332
     engaged     0.9105    0.6928    0.7869      2526

    accuracy                         0.6683      2858
   macro avg     0.5407    0.5874    0.5196      2858
weighted avg     0.8246    0.6683    0.7248      2858

Confusion matrix (rows: actual, columns: predicted):
[[ 160  172]
 [ 776 1750]]
Epoch 1/50 | train loss: 0.6275 | validation loss: 0.6434 | validation accuracy: 0.8286 | validation AP: 0.2195
Epoch 2/50 | train loss: 0.5997 | validation loss: 0.6584 | validation accuracy: 0.7992 | validation AP: 0.1863
Epoch 3/50 | train loss: 0.5905 | validation loss: 0.7124 | validation accuracy: 0.8149 | validation AP: 0.1686
Epoch 4/50 | train loss: 0.5925 | validation loss: 0.6647 | validation accuracy: 0.7673 | validation AP: 0.2026
Epoch 5/50 | train loss: 0.5756 | validation loss: 0.6704 | validation accuracy: 0.8163 | validation AP: 0.2118
Stopping at epoch 5: validation AP has not improved for 4 epochs.
Best epoch: 1 | validation AP: 0.2195 | epochs run: 5

Validation classification report:
              precision    recall  f1-score   support

  disengaged     0.2468    0.2319    0.2391       332
     engaged     0.8998    0.9070    0.9034      2526

    accuracy                         0.8286      2858
   macro avg     0.5733    0.5694    0.5713      2858
weighted avg     0.8240    0.8286    0.8262      2858

Confusion matrix (rows: actual, columns: predicted):
[[  77  255]
 [ 235 2291]]
Epoch 1/50 | train loss: 0.6194 | validation loss: 0.7142 | validation accuracy: 0.8362 | validation AP: 0.2042
Epoch 2/50 | train loss: 0.6066 | validation loss: 0.6863 | validation accuracy: 0.8079 | validation AP: 0.1903
Epoch 3/50 | train loss: 0.5962 | validation loss: 0.6518 | validation accuracy: 0.8366 | validation AP: 0.2017
Epoch 4/50 | train loss: 0.5911 | validation loss: 0.6737 | validation accuracy: 0.7285 | validation AP: 0.1874
Epoch 5/50 | train loss: 0.5761 | validation loss: 0.7003 | validation accuracy: 0.7467 | validation AP: 0.1662
Stopping at epoch 5: validation AP has not improved for 4 epochs.
Best epoch: 1 | validation AP: 0.2042 | epochs run: 5

Validation classification report:
              precision    recall  f1-score   support

  disengaged     0.2763    0.2530    0.2642       332
     engaged     0.9029    0.9129    0.9079      2526

    accuracy                         0.8362      2858
   macro avg     0.5896    0.5830    0.5860      2858
weighted avg     0.8301    0.8362    0.8331      2858

Confusion matrix (rows: actual, columns: predicted):
[[  84  248]
 [ 220 2306]]
Epoch 1/50 | train loss: 0.6237 | validation loss: 0.7144 | validation accuracy: 0.8432 | validation AP: 0.1767
Epoch 2/50 | train loss: 0.6078 | validation loss: 0.6851 | validation accuracy: 0.8376 | validation AP: 0.1701
Epoch 3/50 | train loss: 0.5928 | validation loss: 0.6541 | validation accuracy: 0.8002 | validation AP: 0.1731
Epoch 4/50 | train loss: 0.5763 | validation loss: 0.6852 | validation accuracy: 0.7974 | validation AP: 0.1555
Epoch 5/50 | train loss: 0.584 | validation loss: 0.6796 | validation accuracy: 0.7967 | validation AP: 0.1542
Stopping at epoch 5: validation AP has not improved for 4 epochs.
Best epoch: 1 | validation AP: 0.1767 | epochs run: 5

Validation classification report:
              precision    recall  f1-score   support

  disengaged     0.2010    0.1175    0.1483       332
     engaged     0.8900    0.9386    0.9137      2526

    accuracy                         0.8432      2858
   macro avg     0.5455    0.5281    0.5310      2858
weighted avg     0.8100    0.8432    0.8248      2858

Confusion matrix (rows: actual, columns: predicted):
[[  39  293]
 [ 155 2371]]
Epoch 1/50 | train loss: 0.5636 | validation loss: 0.6183 | validation accuracy: 0.8838 | validation AP: 0.1283
Epoch 2/50 | train loss: 0.5281 | validation loss: 0.6298 | validation accuracy: 0.8838 | validation AP: 0.1453
Epoch 3/50 | train loss: 0.511 | validation loss: 0.6356 | validation accuracy: 0.8593 | validation AP: 0.151
Epoch 4/50 | train loss: 0.5123 | validation loss: 0.6167 | validation accuracy: 0.8509 | validation AP: 0.168[I 2026-10-09 02:41:33,475] Trial 6 finished with value: 0.19021530929210786 and parameters: {'hidden_size': 20, 'num_layers': 3, 'dropout': 0.1, 'learning_rate': 0.0001705053926026929, 'batch_size': 8}. Best is trial 1 with value: 0.2292062672757167.
[I 2026-10-09 02:42:14,053] Trial 7 finished with value: 0.21458724631726514 and parameters: {'hidden_size': 40, 'num_layers': 1, 'dropout': 0.1, 'learning_rate': 0.0026698666742744613, 'batch_size': 32}. Best is trial 1 with value: 0.2292062672757167.

Epoch 5/50 | train loss: 0.5015 | validation loss: 0.6144 | validation accuracy: 0.8286 | validation AP: 0.1659
Epoch 6/50 | train loss: 0.4937 | validation loss: 0.6064 | validation accuracy: 0.8181 | validation AP: 0.1611
Epoch 7/50 | train loss: 0.489 | validation loss: 0.6413 | validation accuracy: 0.8051 | validation AP: 0.1559
Epoch 8/50 | train loss: 0.4784 | validation loss: 0.634 | validation accuracy: 0.8219 | validation AP: 0.1637
Stopping at epoch 8: validation AP has not improved for 4 epochs.
Best epoch: 4 | validation AP: 0.168 | epochs run: 8

Validation classification report:
              precision    recall  f1-score   support

  disengaged     0.1270    0.0482    0.0699       332
     engaged     0.8843    0.9565    0.9190      2526

    accuracy                         0.8509      2858
   macro avg     0.5057    0.5023    0.4944      2858
weighted avg     0.7964    0.8509    0.8203      2858

Confusion matrix (rows: actual, columns: predicted):
[[  16  316]
 [ 110 2416]]
Epoch 1/50 | train loss: 0.5603 | validation loss: 0.621 | validation accuracy: 0.8838 | validation AP: 0.1555
Epoch 2/50 | train loss: 0.5294 | validation loss: 0.6044 | validation accuracy: 0.8702 | validation AP: 0.1628
Epoch 3/50 | train loss: 0.5134 | validation loss: 0.6008 | validation accuracy: 0.8614 | validation AP: 0.1791
Epoch 4/50 | train loss: 0.5101 | validation loss: 0.5951 | validation accuracy: 0.8006 | validation AP: 0.1701
Epoch 5/50 | train loss: 0.502 | validation loss: 0.6065 | validation accuracy: 0.8184 | validation AP: 0.1679
Epoch 6/50 | train loss: 0.4923 | validation loss: 0.6209 | validation accuracy: 0.8181 | validation AP: 0.1754
Epoch 7/50 | train loss: 0.4948 | validation loss: 0.6155 | validation accuracy: 0.8244 | validation AP: 0.1782
Stopping at epoch 7: validation AP has not improved for 4 epochs.
Best epoch: 3 | validation AP: 0.1791 | epochs run: 7

Validation classification report:
              precision    recall  f1-score   support

  disengaged     0.1863    0.0572    0.0876       332
     engaged     0.8864    0.9671    0.9250      2526

    accuracy                         0.8614      2858
   macro avg     0.5364    0.5122    0.5063      2858
weighted avg     0.8051    0.8614    0.8277      2858

Confusion matrix (rows: actual, columns: predicted):
[[  19  313]
 [  83 2443]]
Epoch 1/50 | train loss: 0.5602 | validation loss: 0.6316 | validation accuracy: 0.8838 | validation AP: 0.1481
Epoch 2/50 | train loss: 0.5313 | validation loss: 0.6196 | validation accuracy: 0.8838 | validation AP: 0.1569
Epoch 3/50 | train loss: 0.5217 | validation loss: 0.6016 | validation accuracy: 0.8758 | validation AP: 0.1561
Epoch 4/50 | train loss: 0.506 | validation loss: 0.6257 | validation accuracy: 0.8551 | validation AP: 0.1673
Epoch 5/50 | train loss: 0.5012 | validation loss: 0.6 | validation accuracy: 0.8282 | validation AP: 0.1753
Epoch 6/50 | train loss: 0.5047 | validation loss: 0.6013 | validation accuracy: 0.8429 | validation AP: 0.1888
Epoch 7/50 | train loss: 0.4985 | validation loss: 0.6094 | validation accuracy: 0.8485 | validation AP: 0.1886
Epoch 8/50 | train loss: 0.495 | validation loss: 0.5974 | validation accuracy: 0.852 | validation AP: 0.1933
Epoch 9/50 | train loss: 0.4917 | validation loss: 0.5954 | validation accuracy: 0.839 | validation AP: 0.1973
Epoch 10/50 | train loss: 0.4848 | validation loss: 0.6127 | validation accuracy: 0.8373 | validation AP: 0.1912
Epoch 11/50 | train loss: 0.4798 | validation loss: 0.6233 | validation accuracy: 0.8635 | validation AP: 0.2
Epoch 12/50 | train loss: 0.4811 | validation loss: 0.5993 | validation accuracy: 0.8324 | validation AP: 0.1923
Epoch 13/50 | train loss: 0.4765 | validation loss: 0.6167 | validation accuracy: 0.846 | validation AP: 0.1959
Epoch 14/50 | train loss: 0.4672 | validation loss: 0.6029 | validation accuracy: 0.8296 | validation AP: 0.1917
Epoch 15/50 | train loss: 0.4792 | validation loss: 0.6314 | validation accuracy: 0.852 | validation AP: 0.1901
Stopping at epoch 15: validation AP has not improved for 4 epochs.
Best epoch: 11 | validation AP: 0.2 | epochs run: 15

Validation classification report:
              precision    recall  f1-score   support

  disengaged     0.2456    0.0843    0.1256       332
     engaged     0.8892    0.9660    0.9260      2526

    accuracy                         0.8635      2858
   macro avg     0.5674    0.5251    0.5258      2858
weighted avg     0.8144    0.8635    0.8330      2858

Confusion matrix (rows: actual, columns: predicted):
[[  28  304]
 [  86 2440]]
Epoch 1/50 | train loss: 0.6536 | validation loss: 0.6563 | validation accuracy: 0.7516 | validation AP: 0.2211
Epoch 2/50 | train loss: 0.6303 | validation loss: 0.6812 | validation accuracy: 0.7176 | validation AP: 0.181
Epoch 3/50 | train loss: 0.6234 | validation loss: 0.7179 | validation accuracy: 0.7589 | validation AP: 0.1892
Epoch 4/50 | train loss: 0.6169 | validation loss: 0.7239 | validation accuracy: 0.7393 | validation AP: 0.1751
Epoch 5/50 | train loss: 0.6083 | validation loss: 0.7205 | validation accuracy: 0.7477 | validation AP: 0.183
Stopping at epoch 5: validation AP has not improved for 4 epochs.
Best epoch: 1 | validation AP: 0.2211 | epochs run: 5

Validation classification report:
              precision    recall  f1-score   support

  disengaged     0.2237    0.4608    0.3012       332
     engaged     0.9177    0.7898    0.8489      2526

    accuracy                         0.7516      2858
   macro avg     0.5707    0.6253    0.5751      2858
weighted avg     0.8370    0.7516    0.7853      2858

Confusion matrix (rows: actual, columns: predicted):
[[ 153  179]
 [ 531 1995]]
Epoch 1/50 | train loss: 0.6488 | validation loss: 0.7185 | validation accuracy: 0.7887 | validation AP: 0.194
Epoch 2/50 | train loss: 0.6258 | validation loss: 0.7161 | validation accuracy: 0.7848 | validation AP: 0.1704
Epoch 3/50 | train loss: 0.6132 | validation loss: 0.7112 | validation accuracy: 0.7624 | validation AP: 0.175
Epoch 4/50 | train loss: 0.605 | validation loss: 0.6949 | validation accuracy: 0.67 | validation AP: 0.1877
Epoch 5/50 | train loss: 0.5977 | validation loss: 0.7345 | validation accuracy: 0.7554 | validation AP: 0.1601
Stopping at epoch 5: validation AP has not improved for 4 epochs.
Best epoch: 1 | validation AP: 0.194 | epochs run: 5

Validation classification report:
              precision    recall  f1-score   support

  disengaged     0.2202    0.3223    0.2616       332
     engaged     0.9051    0.8500    0.8767      2526

    accuracy                         0.7887      2858
   macro avg     0.5627    0.5861    0.5691      2858
weighted avg     0.8256    0.7887    0.8052      2858

Confusion matrix (rows: actual, columns: predicted):
[[ 107  225]
 [ 379 2147]]
Epoch 1/50 | train loss: 0.6572 | validation loss: 0.7181 | validation accuracy: 0.796 | validation AP: 0.1881
Epoch 2/50 | train loss: 0.6285 | validation loss: 0.728 | validation accuracy: 0.7358 | validation AP: 0.1845
Epoch 3/50 | train loss: 0.619 | validation loss: 0.7119 | validation accuracy: 0.6966 | validation AP: 0.1539
Epoch 4/50 | train loss: 0.604 | validation loss: 0.7202 | validation accuracy: 0.7628 | validation AP: 0.1677
Epoch 5/50 | train loss: 0.5951 | validation loss: 0.7083 | validation accuracy: 0.6718 | validation AP: 0.1556
Stopping at epoch 5: validation AP has not improved for 4 epochs.
Best epoch: 1 | validation AP: 0.1881 | epochs run: 5

Validation classification report:
              precision    recall  f1-score   support

  disengaged     0.2102    0.2741    0.2379       332
     engaged     0.9006    0.8646    0.8822      2526

    accuracy                         0.7960      2858
   macro avg     0.5554    0.5694    0.5601      2858
weighted avg     0.8204    0.7960    0.8074      2858

Confusion matrix (rows: actual, columns: predicted):
[[  91  241]
 [ 342 2184]]
Epoch 1/50 | train loss: 0.545 | validation loss: 0.5916 | validation accuracy: 0.8803 | validation AP: 0.2253
Epoch 2/50 | train loss: 0.523 | validation loss: 0.6222 | validation accuracy: 0.8611 | validation AP: 0.1921
Epoch 3/50 | train loss: 0.5135 | validation loss: 0.6409 | validation accuracy: 0.8415 | validation AP: 0.1637[I 2026-10-09 02:45:17,976] Trial 8 finished with value: 0.2176040603640783 and parameters: {'hidden_size': 66, 'num_layers': 2, 'dropout': 0.25, 'learning_rate': 0.0010402587615883842, 'batch_size': 8}. Best is trial 1 with value: 0.2292062672757167.
[I 2026-10-09 02:45:55,802] Trial 9 finished with value: 0.1981836960580036 and parameters: {'hidden_size': 33, 'num_layers': 1, 'dropout': 0.1, 'learning_rate': 0.005532496914298506, 'batch_size': 32}. Best is trial 1 with value: 0.2292062672757167.

Epoch 4/50 | train loss: 0.5153 | validation loss: 0.6191 | validation accuracy: 0.8072 | validation AP: 0.1673
Epoch 5/50 | train loss: 0.4965 | validation loss: 0.6458 | validation accuracy: 0.7519 | validation AP: 0.2073
Stopping at epoch 5: validation AP has not improved for 4 epochs.
Best epoch: 1 | validation AP: 0.2253 | epochs run: 5

Validation classification report:
              precision    recall  f1-score   support

  disengaged     0.4074    0.0663    0.1140       332
     engaged     0.8894    0.9873    0.9358      2526

    accuracy                         0.8803      2858
   macro avg     0.6484    0.5268    0.5249      2858
weighted avg     0.8334    0.8803    0.8404      2858

Confusion matrix (rows: actual, columns: predicted):
[[  22  310]
 [  32 2494]]
Epoch 1/50 | train loss: 0.5408 | validation loss: 0.6142 | validation accuracy: 0.8317 | validation AP: 0.1962
Epoch 2/50 | train loss: 0.5248 | validation loss: 0.6113 | validation accuracy: 0.8632 | validation AP: 0.1809
Epoch 3/50 | train loss: 0.5225 | validation loss: 0.6038 | validation accuracy: 0.8593 | validation AP: 0.173
Epoch 4/50 | train loss: 0.5109 | validation loss: 0.6094 | validation accuracy: 0.7978 | validation AP: 0.1708
Epoch 5/50 | train loss: 0.5016 | validation loss: 0.6322 | validation accuracy: 0.8125 | validation AP: 0.1618
Stopping at epoch 5: validation AP has not improved for 4 epochs.
Best epoch: 1 | validation AP: 0.1962 | epochs run: 5

Validation classification report:
              precision    recall  f1-score   support

  disengaged     0.2736    0.2711    0.2723       332
     engaged     0.9043    0.9054    0.9048      2526

    accuracy                         0.8317      2858
   macro avg     0.5889    0.5882    0.5886      2858
weighted avg     0.8310    0.8317    0.8314      2858

Confusion matrix (rows: actual, columns: predicted):
[[  90  242]
 [ 239 2287]]
Epoch 1/50 | train loss: 0.5368 | validation loss: 0.6381 | validation accuracy: 0.8663 | validation AP: 0.1691
Epoch 2/50 | train loss: 0.5168 | validation loss: 0.6276 | validation accuracy: 0.8702 | validation AP: 0.1913
Epoch 3/50 | train loss: 0.5124 | validation loss: 0.6205 | validation accuracy: 0.8314 | validation AP: 0.1547
Epoch 4/50 | train loss: 0.5018 | validation loss: 0.6356 | validation accuracy: 0.8415 | validation AP: 0.1672
Epoch 5/50 | train loss: 0.4997 | validation loss: 0.6293 | validation accuracy: 0.86 | validation AP: 0.1385
Epoch 6/50 | train loss: 0.5139 | validation loss: 0.6069 | validation accuracy: 0.8635 | validation AP: 0.1898
Stopping at epoch 6: validation AP has not improved for 4 epochs.
Best epoch: 2 | validation AP: 0.1913 | epochs run: 6

Validation classification report:
              precision    recall  f1-score   support

  disengaged     0.3243    0.1084    0.1625       332
     engaged     0.8922    0.9703    0.9296      2526

    accuracy                         0.8702      2858
   macro avg     0.6083    0.5394    0.5461      2858
weighted avg     0.8263    0.8702    0.8405      2858

Confusion matrix (rows: actual, columns: predicted):
[[  36  296]
 [  75 2451]]
Epoch 1/50 | train loss: 0.6655 | validation loss: 0.6707 | validation accuracy: 0.7575 | validation AP: 0.1876
Epoch 2/50 | train loss: 0.6426 | validation loss: 0.6932 | validation accuracy: 0.739 | validation AP: 0.1735
Epoch 3/50 | train loss: 0.6336 | validation loss: 0.7287 | validation accuracy: 0.7841 | validation AP: 0.1908
Epoch 4/50 | train loss: 0.6368 | validation loss: 0.7547 | validation accuracy: 0.7803 | validation AP: 0.191
Epoch 5/50 | train loss: 0.623 | validation loss: 0.7364 | validation accuracy: 0.7901 | validation AP: 0.1742
Epoch 6/50 | train loss: 0.6086 | validation loss: 0.6968 | validation accuracy: 0.7155 | validation AP: 0.1752
Epoch 7/50 | train loss: 0.6051 | validation loss: 0.7682 | validation accuracy: 0.7785 | validation AP: 0.156
Epoch 8/50 | train loss: 0.5807 | validation loss: 0.7764 | validation accuracy: 0.7883 | validation AP: 0.1623
Stopping at epoch 8: validation AP has not improved for 4 epochs.
Best epoch: 4 | validation AP: 0.191 | epochs run: 8

Validation classification report:
              precision    recall  f1-score   support

  disengaged     0.2040    0.3072    0.2452       332
     engaged     0.9025    0.8424    0.8714      2526

    accuracy                         0.7803      2858
   macro avg     0.5532    0.5748    0.5583      2858
weighted avg     0.8213    0.7803    0.7987      2858

Confusion matrix (rows: actual, columns: predicted):
[[ 102  230]
 [ 398 2128]]
Epoch 1/50 | train loss: 0.648 | validation loss: 0.7178 | validation accuracy: 0.7684 | validation AP: 0.1872
Epoch 2/50 | train loss: 0.6323 | validation loss: 0.7366 | validation accuracy: 0.7841 | validation AP: 0.1544
Epoch 3/50 | train loss: 0.6217 | validation loss: 0.7282 | validation accuracy: 0.7621 | validation AP: 0.1768
Epoch 4/50 | train loss: 0.6046 | validation loss: 0.725 | validation accuracy: 0.6826 | validation AP: 0.1637
Epoch 5/50 | train loss: 0.5992 | validation loss: 0.7796 | validation accuracy: 0.7439 | validation AP: 0.1475
Stopping at epoch 5: validation AP has not improved for 4 epochs.
Best epoch: 1 | validation AP: 0.1872 | epochs run: 5

Validation classification report:
              precision    recall  f1-score   support

  disengaged     0.2054    0.3464    0.2578       332
     engaged     0.9056    0.8238    0.8628      2526

    accuracy                         0.7684      2858
   macro avg     0.5555    0.5851    0.5603      2858
weighted avg     0.8242    0.7684    0.7925      2858

Confusion matrix (rows: actual, columns: predicted):
[[ 115  217]
 [ 445 2081]]
Epoch 1/50 | train loss: 0.6603 | validation loss: 0.7188 | validation accuracy: 0.8139 | validation AP: 0.1807
Epoch 2/50 | train loss: 0.6392 | validation loss: 0.7272 | validation accuracy: 0.7939 | validation AP: 0.1806
Epoch 3/50 | train loss: 0.6307 | validation loss: 0.6829 | validation accuracy: 0.7008 | validation AP: 0.1613
Epoch 4/50 | train loss: 0.6091 | validation loss: 0.6982 | validation accuracy: 0.7078 | validation AP: 0.1535
Epoch 5/50 | train loss: 0.6041 | validation loss: 0.6879 | validation accuracy: 0.7187 | validation AP: 0.1705
Stopping at epoch 5: validation AP has not improved for 4 epochs.
Best epoch: 1 | validation AP: 0.1807 | epochs run: 5

Validation classification report:
              precision    recall  f1-score   support

  disengaged     0.2093    0.2169    0.2130       332
     engaged     0.8966    0.8923    0.8944      2526

    accuracy                         0.8139      2858
   macro avg     0.5529    0.5546    0.5537      2858
weighted avg     0.8167    0.8139    0.8153      2858

Confusion matrix (rows: actual, columns: predicted):
[[  72  260]
 [ 272 2254]]
Epoch 1/50 | train loss: 0.5531 | validation loss: 0.6084 | validation accuracy: 0.8677 | validation AP: 0.151
Epoch 2/50 | train loss: 0.5222 | validation loss: 0.6347 | validation accuracy: 0.8111 | validation AP: 0.1625
Epoch 3/50 | train loss: 0.5108 | validation loss: 0.6321 | validation accuracy: 0.8432 | validation AP: 0.1747
Epoch 4/50 | train loss: 0.5124 | validation loss: 0.63 | validation accuracy: 0.7908 | validation AP: 0.178
Epoch 5/50 | train loss: 0.4986 | validation loss: 0.6344 | validation accuracy: 0.7603 | validation AP: 0.1936
Epoch 6/50 | train loss: 0.49 | validation loss: 0.6201 | validation accuracy: 0.8345 | validation AP: 0.1597
Epoch 7/50 | train loss: 0.4873 | validation loss: 0.6492 | validation accuracy: 0.8272 | validation AP: 0.1551
Epoch 8/50 | train loss: 0.483 | validation loss: 0.6298 | validation accuracy: 0.86 | validation AP: 0.1719
Epoch 9/50 | train loss: 0.5021 | validation loss: 0.61 | validation accuracy: 0.8034 | validation AP: 0.1799
Stopping at epoch 9: validation AP has not improved for 4 epochs.
Best epoch: 5 | validation AP: 0.1936 | epochs run: 9

Validation classification report:
              precision    recall  f1-score   support

  disengaged     0.1993    0.3524    0.2546       332
     engaged     0.9053    0.8139    0.8572      2526

    accuracy                         0.7603      2858
   macro avg     0.5523    0.5832    0.5559      2858
weighted avg     0.8233    0.7603    0.7872      2858
[I 2026-10-09 02:54:01,529] Trial 10 finished with value: 0.1991768198179802 and parameters: {'hidden_size': 20, 'num_layers': 3, 'dropout': 0.25, 'learning_rate': 0.0008916520859346161, 'batch_size': 8}. Best is trial 1 with value: 0.2292062672757167.
[I 2026-10-09 03:08:33,738] Trial 11 finished with value: 0.21584659172696263 and parameters: {'hidden_size': 130, 'num_layers': 1, 'dropout': 0.25, 'learning_rate': 0.00010705309697335535, 'batch_size': 8}. Best is trial 1 with value: 0.2292062672757167.

Confusion matrix (rows: actual, columns: predicted):
[[ 117  215]
 [ 470 2056]]
Epoch 1/50 | train loss: 0.5402 | validation loss: 0.5992 | validation accuracy: 0.8345 | validation AP: 0.1869
Epoch 2/50 | train loss: 0.5214 | validation loss: 0.6446 | validation accuracy: 0.8352 | validation AP: 0.1654
Epoch 3/50 | train loss: 0.5061 | validation loss: 0.6055 | validation accuracy: 0.867 | validation AP: 0.1968
Epoch 4/50 | train loss: 0.4986 | validation loss: 0.6201 | validation accuracy: 0.7922 | validation AP: 0.1808
Epoch 5/50 | train loss: 0.4892 | validation loss: 0.6429 | validation accuracy: 0.8055 | validation AP: 0.1656
Epoch 6/50 | train loss: 0.4797 | validation loss: 0.641 | validation accuracy: 0.8324 | validation AP: 0.1744
Epoch 7/50 | train loss: 0.4823 | validation loss: 0.6231 | validation accuracy: 0.8439 | validation AP: 0.1754
Stopping at epoch 7: validation AP has not improved for 4 epochs.
Best epoch: 3 | validation AP: 0.1968 | epochs run: 7

Validation classification report:
              precision    recall  f1-score   support

  disengaged     0.2966    0.1054    0.1556       332
     engaged     0.8916    0.9671    0.9278      2526

    accuracy                         0.8670      2858
   macro avg     0.5941    0.5363    0.5417      2858
weighted avg     0.8225    0.8670    0.8381      2858

Confusion matrix (rows: actual, columns: predicted):
[[  35  297]
 [  83 2443]]
Epoch 1/50 | train loss: 0.5433 | validation loss: 0.6382 | validation accuracy: 0.8789 | validation AP: 0.1924
Epoch 2/50 | train loss: 0.5183 | validation loss: 0.6303 | validation accuracy: 0.8593 | validation AP: 0.1824
Epoch 3/50 | train loss: 0.5081 | validation loss: 0.6231 | validation accuracy: 0.8055 | validation AP: 0.1616
Epoch 4/50 | train loss: 0.4995 | validation loss: 0.6723 | validation accuracy: 0.823 | validation AP: 0.149
Epoch 5/50 | train loss: 0.496 | validation loss: 0.6009 | validation accuracy: 0.8296 | validation AP: 0.1867
Stopping at epoch 5: validation AP has not improved for 4 epochs.
Best epoch: 1 | validation AP: 0.1924 | epochs run: 5

Validation classification report:
              precision    recall  f1-score   support

  disengaged     0.3333    0.0422    0.0749       332
     engaged     0.8871    0.9889    0.9352      2526

    accuracy                         0.8789      2858
   macro avg     0.6102    0.5155    0.5050      2858
weighted avg     0.8227    0.8789    0.8353      2858

Confusion matrix (rows: actual, columns: predicted):
[[  14  318]
 [  28 2498]]
Epoch 1/50 | train loss: 0.5529 | validation loss: 0.5987 | validation accuracy: 0.8789 | validation AP: 0.1703
Epoch 2/50 | train loss: 0.5231 | validation loss: 0.6298 | validation accuracy: 0.8688 | validation AP: 0.1661
Epoch 3/50 | train loss: 0.5119 | validation loss: 0.6218 | validation accuracy: 0.8509 | validation AP: 0.1732
Epoch 4/50 | train loss: 0.5182 | validation loss: 0.5968 | validation accuracy: 0.8289 | validation AP: 0.1769
Epoch 5/50 | train loss: 0.5031 | validation loss: 0.5968 | validation accuracy: 0.8383 | validation AP: 0.2107
Epoch 6/50 | train loss: 0.4954 | validation loss: 0.5985 | validation accuracy: 0.8334 | validation AP: 0.18
Epoch 7/50 | train loss: 0.4932 | validation loss: 0.6179 | validation accuracy: 0.8219 | validation AP: 0.1695
Epoch 8/50 | train loss: 0.4804 | validation loss: 0.6569 | validation accuracy: 0.8506 | validation AP: 0.1546
Epoch 9/50 | train loss: 0.5059 | validation loss: 0.6291 | validation accuracy: 0.7918 | validation AP: 0.1615
Stopping at epoch 9: validation AP has not improved for 4 epochs.
Best epoch: 5 | validation AP: 0.2107 | epochs run: 9

Validation classification report:
              precision    recall  f1-score   support

  disengaged     0.2593    0.2108    0.2326       332
     engaged     0.8988    0.9208    0.9097      2526

    accuracy                         0.8383      2858
   macro avg     0.5790    0.5658    0.5711      2858
weighted avg     0.8245    0.8383    0.8310      2858

Confusion matrix (rows: actual, columns: predicted):
[[  70  262]
 [ 200 2326]]
Epoch 1/50 | train loss: 0.5505 | validation loss: 0.6244 | validation accuracy: 0.8838 | validation AP: 0.1911
Epoch 2/50 | train loss: 0.5267 | validation loss: 0.6069 | validation accuracy: 0.8779 | validation AP: 0.1723
Epoch 3/50 | train loss: 0.514 | validation loss: 0.5961 | validation accuracy: 0.8779 | validation AP: 0.2106
Epoch 4/50 | train loss: 0.5109 | validation loss: 0.5891 | validation accuracy: 0.8261 | validation AP: 0.2023
Epoch 5/50 | train loss: 0.5037 | validation loss: 0.6085 | validation accuracy: 0.8464 | validation AP: 0.1817
Epoch 6/50 | train loss: 0.497 | validation loss: 0.6103 | validation accuracy: 0.8548 | validation AP: 0.2222
Epoch 7/50 | train loss: 0.4972 | validation loss: 0.6239 | validation accuracy: 0.8443 | validation AP: 0.1749
Epoch 8/50 | train loss: 0.4916 | validation loss: 0.6374 | validation accuracy: 0.8422 | validation AP: 0.1855
Epoch 9/50 | train loss: 0.4893 | validation loss: 0.6522 | validation accuracy: 0.7999 | validation AP: 0.1633
Epoch 10/50 | train loss: 0.4873 | validation loss: 0.5868 | validation accuracy: 0.7939 | validation AP: 0.226
Epoch 11/50 | train loss: 0.4881 | validation loss: 0.6368 | validation accuracy: 0.8233 | validation AP: 0.1631
Epoch 12/50 | train loss: 0.4844 | validation loss: 0.6406 | validation accuracy: 0.8132 | validation AP: 0.1582
Epoch 13/50 | train loss: 0.4775 | validation loss: 0.6263 | validation accuracy: 0.8307 | validation AP: 0.1718
Epoch 14/50 | train loss: 0.4715 | validation loss: 0.6218 | validation accuracy: 0.8244 | validation AP: 0.1637
Stopping at epoch 14: validation AP has not improved for 4 epochs.
Best epoch: 10 | validation AP: 0.226 | epochs run: 14

Validation classification report:
              precision    recall  f1-score   support

  disengaged     0.2394    0.3554    0.2861       332
     engaged     0.9095    0.8515    0.8796      2526

    accuracy                         0.7939      2858
   macro avg     0.5744    0.6035    0.5828      2858
weighted avg     0.8317    0.7939    0.8106      2858

Confusion matrix (rows: actual, columns: predicted):
[[ 118  214]
 [ 375 2151]]
Epoch 1/50 | train loss: 0.5492 | validation loss: 0.6231 | validation accuracy: 0.8831 | validation AP: 0.2047
Epoch 2/50 | train loss: 0.5187 | validation loss: 0.6259 | validation accuracy: 0.8667 | validation AP: 0.1829
Epoch 3/50 | train loss: 0.514 | validation loss: 0.5998 | validation accuracy: 0.8457 | validation AP: 0.1784
Epoch 4/50 | train loss: 0.5016 | validation loss: 0.6061 | validation accuracy: 0.8233 | validation AP: 0.195
Epoch 5/50 | train loss: 0.4983 | validation loss: 0.6077 | validation accuracy: 0.823 | validation AP: 0.1796
Stopping at epoch 5: validation AP has not improved for 4 epochs.
Best epoch: 1 | validation AP: 0.2047 | epochs run: 5

Validation classification report:
              precision    recall  f1-score   support

  disengaged     0.4375    0.0211    0.0402       332
     engaged     0.8856    0.9964    0.9378      2526

    accuracy                         0.8831      2858
   macro avg     0.6616    0.5088    0.4890      2858
weighted avg     0.8336    0.8831    0.8335      2858

Confusion matrix (rows: actual, columns: predicted):
[[   7  325]
 [   9 2517]]
Epoch 1/50 | train loss: 0.6558 | validation loss: 0.6658 | validation accuracy: 0.7621 | validation AP: 0.2021
Epoch 2/50 | train loss: 0.6374 | validation loss: 0.682 | validation accuracy: 0.7484 | validation AP: 0.1883
Epoch 3/50 | train loss: 0.629 | validation loss: 0.725 | validation accuracy: 0.774 | validation AP: 0.179
Epoch 4/50 | train loss: 0.6308 | validation loss: 0.6983 | validation accuracy: 0.7418 | validation AP: 0.1814
Epoch 5/50 | train loss: 0.6131 | validation loss: 0.7041 | validation accuracy: 0.7677 | validation AP: 0.2245
Epoch 6/50 | train loss: 0.6056 | validation loss: 0.6845 | validation accuracy: 0.6865 | validation AP: 0.1782
Epoch 7/50 | train loss: 0.6001 | validation loss: 0.7484 | validation accuracy: 0.7103 | validation AP: 0.1531
Epoch 8/50 | train loss: 0.5892 | validation loss: 0.7169 | validation accuracy: 0.7267 | validation AP: 0.1688[I 2026-10-09 03:10:27,761] Trial 12 finished with value: 0.22673014805189076 and parameters: {'hidden_size': 115, 'num_layers': 1, 'dropout': 0.0, 'learning_rate': 0.0016959494597742362, 'batch_size': 32}. Best is trial 1 with value: 0.2292062672757167.
[I 2026-10-09 03:19:49,449] Trial 13 finished with value: 0.21060957524181392 and parameters: {'hidden_size': 187, 'num_layers': 1, 'dropout': 0.25, 'learning_rate': 0.009752326127090299, 'batch_size': 8}. Best is trial 1 with value: 0.2292062672757167.

Epoch 9/50 | train loss: 0.5872 | validation loss: 0.7297 | validation accuracy: 0.6756 | validation AP: 0.1637
Stopping at epoch 9: validation AP has not improved for 4 epochs.
Best epoch: 5 | validation AP: 0.2245 | epochs run: 9

Validation classification report:
              precision    recall  f1-score   support

  disengaged     0.2186    0.3886    0.2798       332
     engaged     0.9105    0.8175    0.8615      2526

    accuracy                         0.7677      2858
   macro avg     0.5646    0.6030    0.5707      2858
weighted avg     0.8301    0.7677    0.7939      2858

Confusion matrix (rows: actual, columns: predicted):
[[ 129  203]
 [ 461 2065]]
Epoch 1/50 | train loss: 0.6474 | validation loss: 0.7139 | validation accuracy: 0.7915 | validation AP: 0.2207
Epoch 2/50 | train loss: 0.6298 | validation loss: 0.7051 | validation accuracy: 0.7736 | validation AP: 0.1843
Epoch 3/50 | train loss: 0.6143 | validation loss: 0.7158 | validation accuracy: 0.7726 | validation AP: 0.1853
Epoch 4/50 | train loss: 0.6114 | validation loss: 0.6879 | validation accuracy: 0.6575 | validation AP: 0.194
Epoch 5/50 | train loss: 0.6057 | validation loss: 0.7285 | validation accuracy: 0.7414 | validation AP: 0.1701
Stopping at epoch 5: validation AP has not improved for 4 epochs.
Best epoch: 1 | validation AP: 0.2207 | epochs run: 5

Validation classification report:
              precision    recall  f1-score   support

  disengaged     0.2452    0.3825    0.2988       332
     engaged     0.9124    0.8452    0.8775      2526

    accuracy                         0.7915      2858
   macro avg     0.5788    0.6139    0.5882      2858
weighted avg     0.8349    0.7915    0.8103      2858

Confusion matrix (rows: actual, columns: predicted):
[[ 127  205]
 [ 391 2135]]
Epoch 1/50 | train loss: 0.6606 | validation loss: 0.7046 | validation accuracy: 0.8023 | validation AP: 0.1933
Epoch 2/50 | train loss: 0.6386 | validation loss: 0.6973 | validation accuracy: 0.7789 | validation AP: 0.2049
Epoch 3/50 | train loss: 0.6273 | validation loss: 0.6985 | validation accuracy: 0.8016 | validation AP: 0.1874
Epoch 4/50 | train loss: 0.6168 | validation loss: 0.716 | validation accuracy: 0.7705 | validation AP: 0.1717
Epoch 5/50 | train loss: 0.6033 | validation loss: 0.7124 | validation accuracy: 0.6683 | validation AP: 0.1473
Epoch 6/50 | train loss: 0.6045 | validation loss: 0.7072 | validation accuracy: 0.7243 | validation AP: 0.1985
Stopping at epoch 6: validation AP has not improved for 4 epochs.
Best epoch: 2 | validation AP: 0.2049 | epochs run: 6

Validation classification report:
              precision    recall  f1-score   support

  disengaged     0.2082    0.3223    0.2530       332
     engaged     0.9040    0.8389    0.8702      2526

    accuracy                         0.7789      2858
   macro avg     0.5561    0.5806    0.5616      2858
weighted avg     0.8232    0.7789    0.7985      2858

Confusion matrix (rows: actual, columns: predicted):
[[ 107  225]
 [ 407 2119]]
Epoch 1/50 | train loss: 0.5865 | validation loss: 0.6543 | validation accuracy: 0.8835 | validation AP: 0.1777
Epoch 2/50 | train loss: 0.5725 | validation loss: 0.7536 | validation accuracy: 0.8775 | validation AP: 0.1601
Epoch 3/50 | train loss: 0.5574 | validation loss: 0.6214 | validation accuracy: 0.8495 | validation AP: 0.1687
Epoch 4/50 | train loss: 0.5672 | validation loss: 0.6152 | validation accuracy: 0.8474 | validation AP: 0.1467
Epoch 5/50 | train loss: 0.5475 | validation loss: 0.5932 | validation accuracy: 0.8523 | validation AP: 0.2053
Epoch 6/50 | train loss: 0.5338 | validation loss: 0.5992 | validation accuracy: 0.8628 | validation AP: 0.2127
Epoch 7/50 | train loss: 0.542 | validation loss: 0.6148 | validation accuracy: 0.845 | validation AP: 0.1703
Epoch 8/50 | train loss: 0.6589 | validation loss: 0.9786 | validation accuracy: 0.8838 | validation AP: 0.1565
Epoch 9/50 | train loss: 0.5395 | validation loss: 0.6828 | validation accuracy: 0.8828 | validation AP: 0.1485
Epoch 10/50 | train loss: 0.5159 | validation loss: 0.9674 | validation accuracy: 0.8817 | validation AP: 0.1494
Stopping at epoch 10: validation AP has not improved for 4 epochs.
Best epoch: 6 | validation AP: 0.2127 | epochs run: 10

Validation classification report:
              precision    recall  f1-score   support

  disengaged     0.2619    0.0994    0.1441       332
     engaged     0.8906    0.9632    0.9254      2526

    accuracy                         0.8628      2858
   macro avg     0.5762    0.5313    0.5348      2858
weighted avg     0.8175    0.8628    0.8347      2858

Confusion matrix (rows: actual, columns: predicted):
[[  33  299]
 [  93 2433]]
Epoch 1/50 | train loss: 0.5974 | validation loss: 0.5986 | validation accuracy: 0.8408 | validation AP: 0.2073
Epoch 2/50 | train loss: 0.5808 | validation loss: 0.6989 | validation accuracy: 0.8817 | validation AP: 0.1552
Epoch 3/50 | train loss: 0.6076 | validation loss: 0.5887 | validation accuracy: 0.8443 | validation AP: 0.2102
Epoch 4/50 | train loss: 0.5621 | validation loss: 1.0738 | validation accuracy: 0.8653 | validation AP: 0.1388
Epoch 5/50 | train loss: 0.566 | validation loss: 0.6444 | validation accuracy: 0.8331 | validation AP: 0.1518
Epoch 6/50 | train loss: 0.5536 | validation loss: 0.8043 | validation accuracy: 0.8761 | validation AP: 0.1507
Epoch 7/50 | train loss: 0.5579 | validation loss: 0.6399 | validation accuracy: 0.8824 | validation AP: 0.1694
Stopping at epoch 7: validation AP has not improved for 4 epochs.
Best epoch: 3 | validation AP: 0.2102 | epochs run: 7

Validation classification report:
              precision    recall  f1-score   support

  disengaged     0.2554    0.1777    0.2096       332
     engaged     0.8961    0.9319    0.9136      2526

    accuracy                         0.8443      2858
   macro avg     0.5757    0.5548    0.5616      2858
weighted avg     0.8217    0.8443    0.8319      2858

Confusion matrix (rows: actual, columns: predicted):
[[  59  273]
 [ 172 2354]]
Epoch 1/50 | train loss: 0.5932 | validation loss: 0.6442 | validation accuracy: 0.8286 | validation AP: 0.1277
Epoch 2/50 | train loss: 0.5701 | validation loss: 0.6309 | validation accuracy: 0.7901 | validation AP: 0.1658
Epoch 3/50 | train loss: 0.5763 | validation loss: 0.6039 | validation accuracy: 0.8681 | validation AP: 0.1879
Epoch 4/50 | train loss: 0.5677 | validation loss: 0.6943 | validation accuracy: 0.7887 | validation AP: 0.1238
Epoch 5/50 | train loss: 0.565 | validation loss: 0.7184 | validation accuracy: 0.8733 | validation AP: 0.1041
Epoch 6/50 | train loss: 0.5635 | validation loss: 0.633 | validation accuracy: 0.8656 | validation AP: 0.141
Epoch 7/50 | train loss: 0.5513 | validation loss: 0.6773 | validation accuracy: 0.8751 | validation AP: 0.1819
Stopping at epoch 7: validation AP has not improved for 4 epochs.
Best epoch: 3 | validation AP: 0.1879 | epochs run: 7

Validation classification report:
              precision    recall  f1-score   support

  disengaged     0.2816    0.0873    0.1333       332
     engaged     0.8900    0.9707    0.9286      2526

    accuracy                         0.8681      2858
   macro avg     0.5858    0.5290    0.5310      2858
weighted avg     0.8193    0.8681    0.8362      2858

Confusion matrix (rows: actual, columns: predicted):
[[  29  303]
 [  74 2452]]
Epoch 1/50 | train loss: 0.6775 | validation loss: 0.6784 | validation accuracy: 0.6211 | validation AP: 0.1685
Epoch 2/50 | train loss: 0.6422 | validation loss: 0.6889 | validation accuracy: 0.6746 | validation AP: 0.1586
Epoch 3/50 | train loss: 0.6239 | validation loss: 0.7137 | validation accuracy: 0.7638 | validation AP: 0.1838
Epoch 4/50 | train loss: 0.6201 | validation loss: 0.7362 | validation accuracy: 0.7761 | validation AP: 0.1927
Epoch 5/50 | train loss: 0.6164 | validation loss: 0.7115 | validation accuracy: 0.7453 | validation AP: 0.184
Epoch 6/50 | train loss: 0.5994 | validation loss: 0.6687 | validation accuracy: 0.6568 | validation AP: 0.1792
Epoch 7/50 | train loss: 0.5974 | validation loss: 0.7364 | validation accuracy: 0.705 | validation AP: 0.1558
Epoch 8/50 | train loss: 0.5926 | validation loss: 0.7145 | validation accuracy: 0.7575 | validation AP: 0.1783[I 2026-10-09 03:20:21,288] Trial 14 finished with value: 0.1878313231958668 and parameters: {'hidden_size': 44, 'num_layers': 1, 'dropout': 0.0, 'learning_rate': 0.0006413021907452079, 'batch_size': 64}. Best is trial 1 with value: 0.2292062672757167.
[I 2026-10-09 03:21:18,104] Trial 15 finished with value: 0.21905042188691612 and parameters: {'hidden_size': 154, 'num_layers': 1, 'dropout': 0.0, 'learning_rate': 0.0004841632530916229, 'batch_size': 64}. Best is trial 1 with value: 0.2292062672757167.

Stopping at epoch 8: validation AP has not improved for 4 epochs.
Best epoch: 4 | validation AP: 0.1927 | epochs run: 8

Validation classification report:
              precision    recall  f1-score   support

  disengaged     0.2159    0.3524    0.2677       332
     engaged     0.9072    0.8317    0.8678      2526

    accuracy                         0.7761      2858
   macro avg     0.5615    0.5921    0.5678      2858
weighted avg     0.8269    0.7761    0.7981      2858

Confusion matrix (rows: actual, columns: predicted):
[[ 117  215]
 [ 425 2101]]
Epoch 1/50 | train loss: 0.6762 | validation loss: 0.7106 | validation accuracy: 0.726 | validation AP: 0.1532
Epoch 2/50 | train loss: 0.64 | validation loss: 0.6925 | validation accuracy: 0.6508 | validation AP: 0.147
Epoch 3/50 | train loss: 0.6246 | validation loss: 0.7348 | validation accuracy: 0.7677 | validation AP: 0.1682
Epoch 4/50 | train loss: 0.6174 | validation loss: 0.7024 | validation accuracy: 0.654 | validation AP: 0.1649
Epoch 5/50 | train loss: 0.6096 | validation loss: 0.7338 | validation accuracy: 0.6805 | validation AP: 0.1514
Epoch 6/50 | train loss: 0.604 | validation loss: 0.723 | validation accuracy: 0.7411 | validation AP: 0.182
Epoch 7/50 | train loss: 0.601 | validation loss: 0.7292 | validation accuracy: 0.6935 | validation AP: 0.1685
Epoch 8/50 | train loss: 0.5894 | validation loss: 0.7565 | validation accuracy: 0.74 | validation AP: 0.1658
Epoch 9/50 | train loss: 0.5847 | validation loss: 0.769 | validation accuracy: 0.747 | validation AP: 0.1674
Epoch 10/50 | train loss: 0.5767 | validation loss: 0.739 | validation accuracy: 0.7278 | validation AP: 0.1781
Stopping at epoch 10: validation AP has not improved for 4 epochs.
Best epoch: 6 | validation AP: 0.182 | epochs run: 10

Validation classification report:
              precision    recall  f1-score   support

  disengaged     0.1973    0.4006    0.2644       332
     engaged     0.9089    0.7858    0.8429      2526

    accuracy                         0.7411      2858
   macro avg     0.5531    0.5932    0.5537      2858
weighted avg     0.8262    0.7411    0.7757      2858

Confusion matrix (rows: actual, columns: predicted):
[[ 133  199]
 [ 541 1985]]
Epoch 1/50 | train loss: 0.6728 | validation loss: 0.6932 | validation accuracy: 0.6872 | validation AP: 0.1485
Epoch 2/50 | train loss: 0.6458 | validation loss: 0.7088 | validation accuracy: 0.7162 | validation AP: 0.1636
Epoch 3/50 | train loss: 0.6261 | validation loss: 0.6922 | validation accuracy: 0.7043 | validation AP: 0.1678
Epoch 4/50 | train loss: 0.614 | validation loss: 0.7158 | validation accuracy: 0.7502 | validation AP: 0.1762
Epoch 5/50 | train loss: 0.6052 | validation loss: 0.7004 | validation accuracy: 0.6721 | validation AP: 0.1571
Epoch 6/50 | train loss: 0.5973 | validation loss: 0.7445 | validation accuracy: 0.6959 | validation AP: 0.1589
Epoch 7/50 | train loss: 0.6109 | validation loss: 0.7404 | validation accuracy: 0.739 | validation AP: 0.1734
Epoch 8/50 | train loss: 0.5908 | validation loss: 0.724 | validation accuracy: 0.7264 | validation AP: 0.1664
Stopping at epoch 8: validation AP has not improved for 4 epochs.
Best epoch: 4 | validation AP: 0.1762 | epochs run: 8

Validation classification report:
              precision    recall  f1-score   support

  disengaged     0.1899    0.3524    0.2468       332
     engaged     0.9041    0.8025    0.8503      2526

    accuracy                         0.7502      2858
   macro avg     0.5470    0.5774    0.5485      2858
weighted avg     0.8211    0.7502    0.7802      2858

Confusion matrix (rows: actual, columns: predicted):
[[ 117  215]
 [ 499 2027]]
Epoch 1/50 | train loss: 0.6684 | validation loss: 0.6723 | validation accuracy: 0.6393 | validation AP: 0.1864
Epoch 2/50 | train loss: 0.6423 | validation loss: 0.6739 | validation accuracy: 0.6536 | validation AP: 0.1834
Epoch 3/50 | train loss: 0.628 | validation loss: 0.7032 | validation accuracy: 0.6917 | validation AP: 0.1868
Epoch 4/50 | train loss: 0.6262 | validation loss: 0.7181 | validation accuracy: 0.7687 | validation AP: 0.2006
Epoch 5/50 | train loss: 0.6146 | validation loss: 0.731 | validation accuracy: 0.7575 | validation AP: 0.2163
Epoch 6/50 | train loss: 0.6208 | validation loss: 0.6806 | validation accuracy: 0.6547 | validation AP: 0.1927
Epoch 7/50 | train loss: 0.6312 | validation loss: 0.728 | validation accuracy: 0.7152 | validation AP: 0.1717
Epoch 8/50 | train loss: 0.6043 | validation loss: 0.7468 | validation accuracy: 0.7638 | validation AP: 0.201
Epoch 9/50 | train loss: 0.5894 | validation loss: 0.6921 | validation accuracy: 0.619 | validation AP: 0.1976
Stopping at epoch 9: validation AP has not improved for 4 epochs.
Best epoch: 5 | validation AP: 0.2163 | epochs run: 9

Validation classification report:
              precision    recall  f1-score   support

  disengaged     0.1956    0.3494    0.2508       332
     engaged     0.9046    0.8112    0.8554      2526

    accuracy                         0.7575      2858
   macro avg     0.5501    0.5803    0.5531      2858
weighted avg     0.8223    0.7575    0.7851      2858

Confusion matrix (rows: actual, columns: predicted):
[[ 116  216]
 [ 477 2049]]
Epoch 1/50 | train loss: 0.6643 | validation loss: 0.6839 | validation accuracy: 0.6875 | validation AP: 0.1705
Epoch 2/50 | train loss: 0.6431 | validation loss: 0.6794 | validation accuracy: 0.647 | validation AP: 0.1559
Epoch 3/50 | train loss: 0.6347 | validation loss: 0.7069 | validation accuracy: 0.7425 | validation AP: 0.2089
Epoch 4/50 | train loss: 0.6227 | validation loss: 0.6581 | validation accuracy: 0.6288 | validation AP: 0.2245
Epoch 5/50 | train loss: 0.6169 | validation loss: 0.6803 | validation accuracy: 0.6309 | validation AP: 0.1646
Epoch 6/50 | train loss: 0.6156 | validation loss: 0.7158 | validation accuracy: 0.7194 | validation AP: 0.1779
Epoch 7/50 | train loss: 0.6041 | validation loss: 0.7123 | validation accuracy: 0.7057 | validation AP: 0.1808
Epoch 8/50 | train loss: 0.5977 | validation loss: 0.7197 | validation accuracy: 0.7498 | validation AP: 0.1829
Stopping at epoch 8: validation AP has not improved for 4 epochs.
Best epoch: 4 | validation AP: 0.2245 | epochs run: 8

Validation classification report:
              precision    recall  f1-score   support

  disengaged     0.1701    0.5663    0.2617       332
     engaged     0.9179    0.6370    0.7520      2526

    accuracy                         0.6288      2858
   macro avg     0.5440    0.6016    0.5069      2858
weighted avg     0.8310    0.6288    0.6951      2858

Confusion matrix (rows: actual, columns: predicted):
[[ 188  144]
 [ 917 1609]]
Epoch 1/50 | train loss: 0.6686 | validation loss: 0.6848 | validation accuracy: 0.7414 | validation AP: 0.1956
Epoch 2/50 | train loss: 0.6509 | validation loss: 0.6784 | validation accuracy: 0.7425 | validation AP: 0.1766
Epoch 3/50 | train loss: 0.6376 | validation loss: 0.669 | validation accuracy: 0.7362 | validation AP: 0.1728
Epoch 4/50 | train loss: 0.6248 | validation loss: 0.6892 | validation accuracy: 0.7456 | validation AP: 0.1769
Epoch 5/50 | train loss: 0.6342 | validation loss: 0.6647 | validation accuracy: 0.6326 | validation AP: 0.1732
Stopping at epoch 5: validation AP has not improved for 4 epochs.
Best epoch: 1 | validation AP: 0.1956 | epochs run: 5

Validation classification report:
              precision    recall  f1-score   support

  disengaged     0.1949    0.3916    0.2603       332
     engaged     0.9078    0.7874    0.8433      2526

    accuracy                         0.7414      2858
   macro avg     0.5514    0.5895    0.5518      2858
weighted avg     0.8250    0.7414    0.7756      2858

Confusion matrix (rows: actual, columns: predicted):
[[ 130  202]
 [ 537 1989]]
Epoch 1/50 | train loss: 0.6675 | validation loss: 0.6741 | validation accuracy: 0.6239 | validation AP: 0.1592
Epoch 2/50 | train loss: 0.6407 | validation loss: 0.6783 | validation accuracy: 0.6491 | validation AP: 0.1604
Epoch 3/50 | train loss: 0.6242 | validation loss: 0.6886 | validation accuracy: 0.6917 | validation AP: 0.1662
Epoch 4/50 | train loss: 0.6201 | validation loss: 0.7147 | validation accuracy: 0.7491 | validation AP: 0.1922[I 2026-10-09 03:21:39,885] Trial 16 finished with value: 0.19338178487645008 and parameters: {'hidden_size': 21, 'num_layers': 1, 'dropout': 0.0, 'learning_rate': 0.0015110945490681685, 'batch_size': 64}. Best is trial 1 with value: 0.2292062672757167.
[I 2026-10-09 03:25:50,292] Trial 17 finished with value: 0.22716376773400113 and parameters: {'hidden_size': 198, 'num_layers': 2, 'dropout': 0.25, 'learning_rate': 0.000255157556363513, 'batch_size': 8}. Best is trial 1 with value: 0.2292062672757167.

Epoch 5/50 | train loss: 0.6149 | validation loss: 0.6984 | validation accuracy: 0.7117 | validation AP: 0.1789
Epoch 6/50 | train loss: 0.606 | validation loss: 0.6682 | validation accuracy: 0.6067 | validation AP: 0.1722
Epoch 7/50 | train loss: 0.5983 | validation loss: 0.7433 | validation accuracy: 0.7197 | validation AP: 0.1627
Epoch 8/50 | train loss: 0.582 | validation loss: 0.7123 | validation accuracy: 0.7075 | validation AP: 0.1759
Stopping at epoch 8: validation AP has not improved for 4 epochs.
Best epoch: 4 | validation AP: 0.1922 | epochs run: 8

Validation classification report:
              precision    recall  f1-score   support

  disengaged     0.2105    0.4217    0.2808       332
     engaged     0.9124    0.7922    0.8481      2526

    accuracy                         0.7491      2858
   macro avg     0.5615    0.6069    0.5645      2858
weighted avg     0.8309    0.7491    0.7822      2858

Confusion matrix (rows: actual, columns: predicted):
[[ 140  192]
 [ 525 2001]]
Epoch 1/50 | train loss: 0.6745 | validation loss: 0.6972 | validation accuracy: 0.6617 | validation AP: 0.1501
Epoch 2/50 | train loss: 0.64 | validation loss: 0.6754 | validation accuracy: 0.6382 | validation AP: 0.1565
Epoch 3/50 | train loss: 0.6251 | validation loss: 0.7269 | validation accuracy: 0.7309 | validation AP: 0.1643
Epoch 4/50 | train loss: 0.6112 | validation loss: 0.7032 | validation accuracy: 0.6351 | validation AP: 0.1694
Epoch 5/50 | train loss: 0.604 | validation loss: 0.7345 | validation accuracy: 0.669 | validation AP: 0.1514
Epoch 6/50 | train loss: 0.5959 | validation loss: 0.7519 | validation accuracy: 0.6585 | validation AP: 0.1524
Epoch 7/50 | train loss: 0.5926 | validation loss: 0.728 | validation accuracy: 0.6627 | validation AP: 0.1735
Epoch 8/50 | train loss: 0.5923 | validation loss: 0.7495 | validation accuracy: 0.648 | validation AP: 0.1476
Epoch 9/50 | train loss: 0.5863 | validation loss: 0.7391 | validation accuracy: 0.6617 | validation AP: 0.167
Epoch 10/50 | train loss: 0.5749 | validation loss: 0.7602 | validation accuracy: 0.6564 | validation AP: 0.1672
Epoch 11/50 | train loss: 0.5673 | validation loss: 0.8307 | validation accuracy: 0.6945 | validation AP: 0.1383
Stopping at epoch 11: validation AP has not improved for 4 epochs.
Best epoch: 7 | validation AP: 0.1735 | epochs run: 11

Validation classification report:
              precision    recall  f1-score   support

  disengaged     0.1638    0.4639    0.2421       332
     engaged     0.9072    0.6888    0.7831      2526

    accuracy                         0.6627      2858
   macro avg     0.5355    0.5763    0.5126      2858
weighted avg     0.8208    0.6627    0.7202      2858

Confusion matrix (rows: actual, columns: predicted):
[[ 154  178]
 [ 786 1740]]
Epoch 1/50 | train loss: 0.6628 | validation loss: 0.7121 | validation accuracy: 0.7124 | validation AP: 0.1565
Epoch 2/50 | train loss: 0.6395 | validation loss: 0.7118 | validation accuracy: 0.7264 | validation AP: 0.1789
Epoch 3/50 | train loss: 0.6271 | validation loss: 0.6929 | validation accuracy: 0.661 | validation AP: 0.1737
Epoch 4/50 | train loss: 0.6135 | validation loss: 0.7217 | validation accuracy: 0.7358 | validation AP: 0.1822
Epoch 5/50 | train loss: 0.6029 | validation loss: 0.6852 | validation accuracy: 0.5623 | validation AP: 0.1549
Epoch 6/50 | train loss: 0.5975 | validation loss: 0.659 | validation accuracy: 0.6183 | validation AP: 0.2004
Epoch 7/50 | train loss: 0.5944 | validation loss: 0.7822 | validation accuracy: 0.7425 | validation AP: 0.1765
Epoch 8/50 | train loss: 0.5831 | validation loss: 0.7239 | validation accuracy: 0.691 | validation AP: 0.1861
Epoch 9/50 | train loss: 0.5679 | validation loss: 0.7053 | validation accuracy: 0.6403 | validation AP: 0.1809
Epoch 10/50 | train loss: 0.5763 | validation loss: 0.7561 | validation accuracy: 0.7131 | validation AP: 0.1883
Stopping at epoch 10: validation AP has not improved for 4 epochs.
Best epoch: 6 | validation AP: 0.2004 | epochs run: 10

Validation classification report:
              precision    recall  f1-score   support

  disengaged     0.1720    0.5994    0.2673       332
     engaged     0.9218    0.6207    0.7419      2526

    accuracy                         0.6183      2858
   macro avg     0.5469    0.6101    0.5046      2858
weighted avg     0.8347    0.6183    0.6868      2858

Confusion matrix (rows: actual, columns: predicted):
[[ 199  133]
 [ 958 1568]]
Epoch 1/50 | train loss: 0.5407 | validation loss: 0.5873 | validation accuracy: 0.8828 | validation AP: 0.2323
Epoch 2/50 | train loss: 0.5213 | validation loss: 0.624 | validation accuracy: 0.8646 | validation AP: 0.1909
Epoch 3/50 | train loss: 0.5138 | validation loss: 0.6287 | validation accuracy: 0.859 | validation AP: 0.1795
Epoch 4/50 | train loss: 0.5184 | validation loss: 0.6085 | validation accuracy: 0.8478 | validation AP: 0.1905
Epoch 5/50 | train loss: 0.5024 | validation loss: 0.6097 | validation accuracy: 0.8219 | validation AP: 0.2253
Stopping at epoch 5: validation AP has not improved for 4 epochs.
Best epoch: 1 | validation AP: 0.2323 | epochs run: 5

Validation classification report:
              precision    recall  f1-score   support

  disengaged     0.4746    0.0843    0.1432       332
     engaged     0.8914    0.9877    0.9371      2526

    accuracy                         0.8828      2858
   macro avg     0.6830    0.5360    0.5402      2858
weighted avg     0.8430    0.8828    0.8449      2858

Confusion matrix (rows: actual, columns: predicted):
[[  28  304]
 [  31 2495]]
Epoch 1/50 | train loss: 0.5432 | validation loss: 0.617 | validation accuracy: 0.8341 | validation AP: 0.1933
Epoch 2/50 | train loss: 0.5288 | validation loss: 0.6147 | validation accuracy: 0.8541 | validation AP: 0.1757
Epoch 3/50 | train loss: 0.514 | validation loss: 0.5928 | validation accuracy: 0.8674 | validation AP: 0.2188
Epoch 4/50 | train loss: 0.5148 | validation loss: 0.5973 | validation accuracy: 0.8062 | validation AP: 0.2079
Epoch 5/50 | train loss: 0.5027 | validation loss: 0.6227 | validation accuracy: 0.8205 | validation AP: 0.1667
Epoch 6/50 | train loss: 0.4934 | validation loss: 0.644 | validation accuracy: 0.8387 | validation AP: 0.1872
Epoch 7/50 | train loss: 0.4966 | validation loss: 0.6179 | validation accuracy: 0.8331 | validation AP: 0.1704
Stopping at epoch 7: validation AP has not improved for 4 epochs.
Best epoch: 3 | validation AP: 0.2188 | epochs run: 7

Validation classification report:
              precision    recall  f1-score   support

  disengaged     0.3089    0.1145    0.1670       332
     engaged     0.8925    0.9663    0.9280      2526

    accuracy                         0.8674      2858
   macro avg     0.6007    0.5404    0.5475      2858
weighted avg     0.8247    0.8674    0.8396      2858

Confusion matrix (rows: actual, columns: predicted):
[[  38  294]
 [  85 2441]]
Epoch 1/50 | train loss: 0.5343 | validation loss: 0.6372 | validation accuracy: 0.8649 | validation AP: 0.1751
Epoch 2/50 | train loss: 0.519 | validation loss: 0.6165 | validation accuracy: 0.8464 | validation AP: 0.1893
Epoch 3/50 | train loss: 0.5189 | validation loss: 0.6025 | validation accuracy: 0.8485 | validation AP: 0.173
Epoch 4/50 | train loss: 0.5034 | validation loss: 0.6213 | validation accuracy: 0.8341 | validation AP: 0.1661
Epoch 5/50 | train loss: 0.5028 | validation loss: 0.6208 | validation accuracy: 0.8037 | validation AP: 0.1685
Epoch 6/50 | train loss: 0.5118 | validation loss: 0.6186 | validation accuracy: 0.8429 | validation AP: 0.1751
Stopping at epoch 6: validation AP has not improved for 4 epochs.
Best epoch: 2 | validation AP: 0.1893 | epochs run: 6

Validation classification report:
              precision    recall  f1-score   support

  disengaged     0.2885    0.2199    0.2496       332
     engaged     0.9006    0.9287    0.9144      2526

    accuracy                         0.8464      2858
   macro avg     0.5946    0.5743    0.5820      2858
weighted avg     0.8295    0.8464    0.8372      2858

Confusion matrix (rows: actual, columns: predicted):
[[  73  259]
 [ 180 2346]]
Epoch 1/50 | train loss: 0.6654 | validation loss: 0.6837 | validation accuracy: 0.7852 | validation AP: 0.2063[I 2026-10-09 03:26:02,799] Trial 18 finished with value: 0.20871190725644198 and parameters: {'hidden_size': 35, 'num_layers': 2, 'dropout': 0.0, 'learning_rate': 0.003437219376293896, 'batch_size': 64}. Best is trial 1 with value: 0.2292062672757167.
[I 2026-10-09 03:28:04,803] Trial 19 finished with value: 0.20721932218207348 and parameters: {'hidden_size': 65, 'num_layers': 1, 'dropout': 0.25, 'learning_rate': 0.00020500285007990745, 'batch_size': 8}. Best is trial 1 with value: 0.2292062672757167.

Epoch 2/50 | train loss: 0.6404 | validation loss: 0.682 | validation accuracy: 0.6893 | validation AP: 0.1659
Epoch 3/50 | train loss: 0.6308 | validation loss: 0.7132 | validation accuracy: 0.691 | validation AP: 0.1675
Epoch 4/50 | train loss: 0.6282 | validation loss: 0.7294 | validation accuracy: 0.7477 | validation AP: 0.1923
Epoch 5/50 | train loss: 0.6191 | validation loss: 0.7821 | validation accuracy: 0.7439 | validation AP: 0.19
Stopping at epoch 5: validation AP has not improved for 4 epochs.
Best epoch: 1 | validation AP: 0.2063 | epochs run: 5

Validation classification report:
              precision    recall  f1-score   support

  disengaged     0.2213    0.3373    0.2673       332
     engaged     0.9065    0.8440    0.8741      2526

    accuracy                         0.7852      2858
   macro avg     0.5639    0.5907    0.5707      2858
weighted avg     0.8269    0.7852    0.8036      2858

Confusion matrix (rows: actual, columns: predicted):
[[ 112  220]
 [ 394 2132]]
Epoch 1/50 | train loss: 0.6622 | validation loss: 0.6707 | validation accuracy: 0.7278 | validation AP: 0.1921
Epoch 2/50 | train loss: 0.6403 | validation loss: 0.7124 | validation accuracy: 0.7348 | validation AP: 0.1623
Epoch 3/50 | train loss: 0.6364 | validation loss: 0.716 | validation accuracy: 0.732 | validation AP: 0.1877
Epoch 4/50 | train loss: 0.6155 | validation loss: 0.7032 | validation accuracy: 0.654 | validation AP: 0.1821
Epoch 5/50 | train loss: 0.6088 | validation loss: 0.7492 | validation accuracy: 0.7239 | validation AP: 0.1459
Stopping at epoch 5: validation AP has not improved for 4 epochs.
Best epoch: 1 | validation AP: 0.1921 | epochs run: 5

Validation classification report:
              precision    recall  f1-score   support

  disengaged     0.2027    0.4578    0.2810       332
     engaged     0.9146    0.7633    0.8321      2526

    accuracy                         0.7278      2858
   macro avg     0.5586    0.6105    0.5565      2858
weighted avg     0.8319    0.7278    0.7681      2858

Confusion matrix (rows: actual, columns: predicted):
[[ 152  180]
 [ 598 1928]]
Epoch 1/50 | train loss: 0.6717 | validation loss: 0.7263 | validation accuracy: 0.7911 | validation AP: 0.1945
Epoch 2/50 | train loss: 0.6412 | validation loss: 0.6859 | validation accuracy: 0.6655 | validation AP: 0.1897
Epoch 3/50 | train loss: 0.6286 | validation loss: 0.7248 | validation accuracy: 0.6963 | validation AP: 0.1387
Epoch 4/50 | train loss: 0.627 | validation loss: 0.6984 | validation accuracy: 0.7117 | validation AP: 0.1741
Epoch 5/50 | train loss: 0.6095 | validation loss: 0.6802 | validation accuracy: 0.6162 | validation AP: 0.1582
Stopping at epoch 5: validation AP has not improved for 4 epochs.
Best epoch: 1 | validation AP: 0.1945 | epochs run: 5

Validation classification report:
              precision    recall  f1-score   support

  disengaged     0.2245    0.3253    0.2657       332
     engaged     0.9058    0.8523    0.8782      2526

    accuracy                         0.7911      2858
   macro avg     0.5651    0.5888    0.5720      2858
weighted avg     0.8266    0.7911    0.8071      2858

Confusion matrix (rows: actual, columns: predicted):
[[ 108  224]
 [ 373 2153]]
Epoch 1/50 | train loss: 0.5436 | validation loss: 0.5934 | validation accuracy: 0.8835 | validation AP: 0.1845
Epoch 2/50 | train loss: 0.5162 | validation loss: 0.6165 | validation accuracy: 0.8688 | validation AP: 0.1745
Epoch 3/50 | train loss: 0.5046 | validation loss: 0.613 | validation accuracy: 0.8565 | validation AP: 0.1773
Epoch 4/50 | train loss: 0.5119 | validation loss: 0.6037 | validation accuracy: 0.8177 | validation AP: 0.1708
Epoch 5/50 | train loss: 0.4965 | validation loss: 0.6115 | validation accuracy: 0.8369 | validation AP: 0.1819
Stopping at epoch 5: validation AP has not improved for 4 epochs.
Best epoch: 1 | validation AP: 0.1845 | epochs run: 5

Validation classification report:
              precision    recall  f1-score   support

  disengaged     0.4706    0.0241    0.0458       332
     engaged     0.8860    0.9964    0.9380      2526

    accuracy                         0.8835      2858
   macro avg     0.6783    0.5103    0.4919      2858
weighted avg     0.8377    0.8835    0.8343      2858

Confusion matrix (rows: actual, columns: predicted):
[[   8  324]
 [   9 2517]]
Epoch 1/50 | train loss: 0.5459 | validation loss: 0.6107 | validation accuracy: 0.8709 | validation AP: 0.1878
Epoch 2/50 | train loss: 0.5214 | validation loss: 0.6065 | validation accuracy: 0.8744 | validation AP: 0.1809
Epoch 3/50 | train loss: 0.5078 | validation loss: 0.5965 | validation accuracy: 0.8758 | validation AP: 0.2017
Epoch 4/50 | train loss: 0.5065 | validation loss: 0.5967 | validation accuracy: 0.8083 | validation AP: 0.1839
Epoch 5/50 | train loss: 0.495 | validation loss: 0.6218 | validation accuracy: 0.839 | validation AP: 0.1663
Epoch 6/50 | train loss: 0.4884 | validation loss: 0.624 | validation accuracy: 0.8562 | validation AP: 0.2073
Epoch 7/50 | train loss: 0.4885 | validation loss: 0.6241 | validation accuracy: 0.8369 | validation AP: 0.1659
Epoch 8/50 | train loss: 0.4823 | validation loss: 0.6365 | validation accuracy: 0.8572 | validation AP: 0.1728
Epoch 9/50 | train loss: 0.4813 | validation loss: 0.6514 | validation accuracy: 0.8282 | validation AP: 0.171
Epoch 10/50 | train loss: 0.4717 | validation loss: 0.6215 | validation accuracy: 0.8205 | validation AP: 0.1794
Stopping at epoch 10: validation AP has not improved for 4 epochs.
Best epoch: 6 | validation AP: 0.2073 | epochs run: 10

Validation classification report:
              precision    recall  f1-score   support

  disengaged     0.2635    0.1325    0.1764       332
     engaged     0.8930    0.9513    0.9212      2526

    accuracy                         0.8562      2858
   macro avg     0.5782    0.5419    0.5488      2858
weighted avg     0.8199    0.8562    0.8347      2858

Confusion matrix (rows: actual, columns: predicted):
[[  44  288]
 [ 123 2403]]
Epoch 1/50 | train loss: 0.5448 | validation loss: 0.616 | validation accuracy: 0.8835 | validation AP: 0.2053
Epoch 2/50 | train loss: 0.5196 | validation loss: 0.6257 | validation accuracy: 0.8705 | validation AP: 0.1906
Epoch 3/50 | train loss: 0.5132 | validation loss: 0.6014 | validation accuracy: 0.8534 | validation AP: 0.1727
Epoch 4/50 | train loss: 0.501 | validation loss: 0.6203 | validation accuracy: 0.8348 | validation AP: 0.1758
Epoch 5/50 | train loss: 0.4974 | validation loss: 0.6166 | validation accuracy: 0.8328 | validation AP: 0.1668
Stopping at epoch 5: validation AP has not improved for 4 epochs.
Best epoch: 1 | validation AP: 0.2053 | epochs run: 5

Validation classification report:
              precision    recall  f1-score   support

  disengaged     0.4706    0.0241    0.0458       332
     engaged     0.8860    0.9964    0.9380      2526

    accuracy                         0.8835      2858
   macro avg     0.6783    0.5103    0.4919      2858
weighted avg     0.8377    0.8835    0.8343      2858

Confusion matrix (rows: actual, columns: predicted):
[[   8  324]
 [   9 2517]]
Epoch 1/50 | train loss: 0.5346 | validation loss: 0.6267 | validation accuracy: 0.8558 | validation AP: 0.1562
Epoch 2/50 | train loss: 0.5154 | validation loss: 0.6109 | validation accuracy: 0.8562 | validation AP: 0.1802
Epoch 3/50 | train loss: 0.505 | validation loss: 0.621 | validation accuracy: 0.8502 | validation AP: 0.1672
Epoch 4/50 | train loss: 0.5145 | validation loss: 0.6031 | validation accuracy: 0.8212 | validation AP: 0.175
Epoch 5/50 | train loss: 0.5219 | validation loss: 0.6502 | validation accuracy: 0.8527 | validation AP: 0.1715
Epoch 6/50 | train loss: 0.5246 | validation loss: 0.602 | validation accuracy: 0.8814 | validation AP: 0.2237
Epoch 7/50 | train loss: 0.5125 | validation loss: 0.6072 | validation accuracy: 0.8583 | validation AP: 0.1842
Epoch 8/50 | train loss: 0.5201 | validation loss: 0.6043 | validation accuracy: 0.873 | validation AP: 0.2205
Epoch 9/50 | train loss: 0.5123 | validation loss: 0.6225 | validation accuracy: 0.8793 | validation AP: 0.2165
Epoch 10/50 | train loss: 0.5111 | validation loss: 0.6149 | validation accuracy: 0.8394 | validation AP: 0.1847
Stopping at epoch 10: validation AP has not improved for 4 epochs.
Best epoch: 6 | validation AP: 0.2237 | epochs run: 10

Validation classification report:
              precision    recall  f1-score   support

  disengaged     0.4386    0.0753    0.1285       332
     engaged     0.8904    0.9873    0.9364      2526

    accuracy                         0.8814      2858
   macro avg     0.6645    0.5313    0.5324      2858
weighted avg     0.8379    0.8814    0.8425      2858

Confusion matrix (rows: actual, columns: predicted):
[[  25  307]
 [  32 2494]]
Epoch 1/50 | train loss: 0.5407 | validation loss: 0.6007 | validation accuracy: 0.8737 | validation AP: 0.1855
Epoch 2/50 | train loss: 0.5197 | validation loss: 0.6068 | validation accuracy: 0.8551 | validation AP: 0.203
Epoch 3/50 | train loss: 0.5164 | validation loss: 0.6103 | validation accuracy: 0.8502 | validation AP: 0.1881
Epoch 4/50 | train loss: 0.5139 | validation loss: 0.6021 | validation accuracy: 0.8611 | validation AP: 0.1924
Epoch 5/50 | train loss: 0.5037 | validation loss: 0.6114 | validation accuracy: 0.8726 | validation AP: 0.2102
Epoch 6/50 | train loss: 0.4992 | validation loss: 0.6363 | validation accuracy: 0.8551 | validation AP: 0.1789
Epoch 7/50 | train loss: 0.4933 | validation loss: 0.6242 | validation accuracy: 0.8457 | validation AP: 0.1918
Epoch 8/50 | train loss: 0.4885 | validation loss: 0.6396 | validation accuracy: 0.8415 | validation AP: 0.1723
Epoch 9/50 | train loss: 0.4876 | validation loss: 0.6321 | validation accuracy: 0.8261 | validation AP: 0.1923
Stopping at epoch 9: validation AP has not improved for 4 epochs.
Best epoch: 5 | validation AP: 0.2102 | epochs run: 9

Validation classification report:
              precision    recall  f1-score   support

  disengaged     0.3333    0.0964    0.1495       332
     engaged     0.8914    0.9747    0.9312      2526

    accuracy                         0.8726      2858
   macro avg     0.6124    0.5355    0.5403      2858
weighted avg     0.8266    0.8726    0.8404      2858

Confusion matrix (rows: actual, columns: predicted):
[[  32  300]
 [  64 2462]]
Epoch 1/50 | train loss: 0.542 | validation loss: 0.5948 | validation accuracy: 0.8607 | validation AP: 0.2056
Epoch 2/50 | train loss: 0.5185 | validation loss: 0.6236 | validation accuracy: 0.8723 | validation AP: 0.2088
Epoch 3/50 | train loss: 0.5123 | validation loss: 0.6149 | validation accuracy: 0.8744 | validation AP: 0.1691
Epoch 4/50 | train loss: 0.5053 | validation loss: 0.6321 | validation accuracy: 0.8726 | validation AP: 0.1812
Epoch 5/50 | train loss: 0.5071 | validation loss: 0.6249 | validation accuracy: 0.8013 | validation AP: 0.1705
Epoch 6/50 | train loss: 0.497 | validation loss: 0.5919 | validation accuracy: 0.8415 | validation AP: 0.2084
Stopping at epoch 6: validation AP has not improved for 4 epochs.
Best epoch: 2 | validation AP: 0.2088 | epochs run: 6

Validation classification report:
              precision    recall  f1-score   support

  disengaged     0.3146    0.0843    0.1330       332
     engaged     0.8902    0.9759    0.9311      2526

    accuracy                         0.8723      2858
   macro avg     0.6024    0.5301    0.5320      2858
weighted avg     0.8233    0.8723    0.8384      2858

Confusion matrix (rows: actual, columns: predicted):
[[  28  304]
 [  61 2465]]
Epoch 1/50 | train loss: 0.5482 | validation loss: 0.6262 | validation accuracy: 0.8544 | validation AP: 0.1413
Epoch 2/50 | train loss: 0.5247 | validation loss: 0.5981 | validation accuracy: 0.8202 | validation AP: 0.183
Epoch 3/50 | train loss: 0.5113 | validation loss: 0.6065 | validation accuracy: 0.8534 | validation AP: 0.1803
Epoch 4/50 | train loss: 0.5093 | validation loss: 0.6125 | validation accuracy: 0.8516 | validation AP: 0.1703
Epoch 5/50 | train loss: 0.508 | validation loss: 0.6444 | validation accuracy: 0.8474 | validation AP: 0.1841
Epoch 6/50 | train loss: 0.4975 | validation loss: 0.6325 | validation accuracy: 0.8635 | validation AP: 0.1785
Epoch 7/50 | train loss: 0.4918 | validation loss: 0.6376 | validation accuracy: 0.8597 | validation AP: 0.175
Epoch 8/50 | train loss: 0.4844 | validation loss: 0.6291 | validation accuracy: 0.7922 | validation AP: 0.1612
Epoch 9/50 | train loss: 0.4892 | validation loss: 0.6302 | validation accuracy: 0.853 | validation AP: 0.1839
Stopping at epoch 9: validation AP has not improved for 4 epochs.
Best epoch: 5 | validation AP: 0.1841 | epochs run: 9

Validation classification report:
              precision    recall  f1-score   support

  disengaged     0.2143    0.1175    0.1518       332
     engaged     0.8905    0.9434    0.9162      2526

    accuracy                         0.8474      2858
   macro avg     0.5524    0.5304    0.5340      2858
weighted avg     0.8120    0.8474    0.8274      2858

Confusion matrix (rows: actual, columns: predicted):
[[  39  293]
 [ 143 2383]]
Epoch 1/50 | train loss: 0.5413 | validation loss: 0.6134 | validation accuracy: 0.8523 | validation AP: 0.1525
Epoch 2/50 | train loss: 0.5162 | validation loss: 0.645 | validation accuracy: 0.8747 | validation AP: 0.1648
Epoch 3/50 | train loss: 0.5301 | validation loss: 0.5968 | validation accuracy: 0.86 | validation AP: 0.2122
Epoch 4/50 | train loss: 0.5208 | validation loss: 0.5941 | validation accuracy: 0.8303 | validation AP: 0.1863
Epoch 5/50 | train loss: 0.5123 | validation loss: 0.6077 | validation accuracy: 0.803 | validation AP: 0.184
Epoch 6/50 | train loss: 0.5099 | validation loss: 0.6058 | validation accuracy: 0.8565 | validation AP: 0.1823
Epoch 7/50 | train loss: 0.5267 | validation loss: 0.6041 | validation accuracy: 0.8607 | validation AP: 0.1656
Stopping at epoch 7: validation AP has not improved for 4 epochs.
Best epoch: 3 | validation AP: 0.2122 | epochs run: 7

Validation classification report:
              precision    recall  f1-score   support

  disengaged     0.3300    0.1988    0.2481       332
     engaged     0.8999    0.9470    0.9228      2526

    accuracy                         0.8600      2858
   macro avg     0.6150    0.5729    0.5855      2858
weighted avg     0.8337    0.8600    0.8445      2858

Confusion matrix (rows: actual, columns: predicted):
[[  66  266]
 [ 134 2392]]
Epoch 1/50 | train loss: 0.6637 | validation loss: 0.7196 | validation accuracy: 0.7008 | validation AP: 0.155
Epoch 2/50 | train loss: 0.6488 | validation loss: 0.6789 | validation accuracy: 0.5847 | validation AP: 0.1589
Epoch 3/50 | train loss: 0.6331 | validation loss: 0.7248 | validation accuracy: 0.7243 | validation AP: 0.1597
Epoch 4/50 | train loss: 0.6262 | validation loss: 0.686 | validation accuracy: 0.6777 | validation AP: 0.1736
Epoch 5/50 | train loss: 0.6183 | validation loss: 0.7372 | validation accuracy: 0.7211 | validation AP: 0.1818
Epoch 6/50 | train loss: 0.6142 | validation loss: 0.7926 | validation accuracy: 0.7183 | validation AP: 0.1596
Epoch 7/50 | train loss: 0.6268 | validation loss: 0.692 | validation accuracy: 0.5626 | validation AP: 0.1562
Epoch 8/50 | train loss: 0.6289 | validation loss: 0.7838 | validation accuracy: 0.7523 | validation AP: 0.1543
Epoch 9/50 | train loss: 0.6053 | validation loss: 0.7434 | validation accuracy: 0.697 | validation AP: 0.2006
Epoch 10/50 | train loss: 0.5938 | validation loss: 0.7131 | validation accuracy: 0.7054 | validation AP: 0.1741
Epoch 11/50 | train loss: 0.5908 | validation loss: 0.706 | validation accuracy: 0.6655 | validation AP: 0.1798
Epoch 12/50 | train loss: 0.5726 | validation loss: 0.8811 | validation accuracy: 0.7824 | validation AP: 0.16
Epoch 13/50 | train loss: 0.5755 | validation loss: 0.7586 | validation accuracy: 0.6781 | validation AP: 0.1635
Stopping at epoch 13: validation AP has not improved for 4 epochs.
Best epoch: 9 | validation AP: 0.2006 | epochs run: 13

Validation classification report:
              precision    recall  f1-score   support

  disengaged     0.1728    0.4247    0.2456       332
     engaged     0.9065    0.7328    0.8104      2526

    accuracy                         0.6970      2858
   macro avg     0.5396    0.5787    0.5280      2858
weighted avg     0.8212    0.6970    0.7448      2858
[I 2026-10-09 03:37:45,699] A new study created in memory with name: gru_uni_attention|15fps/5s

Confusion matrix (rows: actual, columns: predicted):
[[ 141  191]
 [ 675 1851]]
Epoch 1/50 | train loss: 0.6651 | validation loss: 0.6758 | validation accuracy: 0.6659 | validation AP: 0.1934
Epoch 2/50 | train loss: 0.6425 | validation loss: 0.6935 | validation accuracy: 0.6267 | validation AP: 0.1663
Epoch 3/50 | train loss: 0.6311 | validation loss: 0.7949 | validation accuracy: 0.7911 | validation AP: 0.1492
Epoch 4/50 | train loss: 0.6257 | validation loss: 0.6864 | validation accuracy: 0.6085 | validation AP: 0.1734
Epoch 5/50 | train loss: 0.6167 | validation loss: 0.7201 | validation accuracy: 0.7218 | validation AP: 0.1811
Stopping at epoch 5: validation AP has not improved for 4 epochs.
Best epoch: 1 | validation AP: 0.1934 | epochs run: 5

Validation classification report:
              precision    recall  f1-score   support

  disengaged     0.1697    0.4819    0.2510       332
     engaged     0.9102    0.6900    0.7850      2526

    accuracy                         0.6659      2858
   macro avg     0.5399    0.5860    0.5180      2858
weighted avg     0.8242    0.6659    0.7229      2858

Confusion matrix (rows: actual, columns: predicted):
[[ 160  172]
 [ 783 1743]]
Epoch 1/50 | train loss: 0.6682 | validation loss: 0.7271 | validation accuracy: 0.7838 | validation AP: 0.1709
Epoch 2/50 | train loss: 0.6472 | validation loss: 0.7286 | validation accuracy: 0.7565 | validation AP: 0.1596
Epoch 3/50 | train loss: 0.6414 | validation loss: 0.7039 | validation accuracy: 0.6627 | validation AP: 0.1495
Epoch 4/50 | train loss: 0.6263 | validation loss: 0.7556 | validation accuracy: 0.7365 | validation AP: 0.1603
Epoch 5/50 | train loss: 0.6085 | validation loss: 0.7339 | validation accuracy: 0.6487 | validation AP: 0.1868
Epoch 6/50 | train loss: 0.607 | validation loss: 0.7056 | validation accuracy: 0.7313 | validation AP: 0.2159
Epoch 7/50 | train loss: 0.5954 | validation loss: 0.7691 | validation accuracy: 0.7183 | validation AP: 0.1689
Epoch 8/50 | train loss: 0.5889 | validation loss: 0.7355 | validation accuracy: 0.606 | validation AP: 0.1447
Epoch 9/50 | train loss: 0.5982 | validation loss: 0.7606 | validation accuracy: 0.7393 | validation AP: 0.1888
Epoch 10/50 | train loss: 0.5924 | validation loss: 0.7886 | validation accuracy: 0.6641 | validation AP: 0.1563
Stopping at epoch 10: validation AP has not improved for 4 epochs.
Best epoch: 6 | validation AP: 0.2159 | epochs run: 10

Validation classification report:
              precision    recall  f1-score   support

  disengaged     0.1947    0.4187    0.2658       332
     engaged     0.9100    0.7724    0.8355      2526

    accuracy                         0.7313      2858
   macro avg     0.5523    0.5955    0.5507      2858
weighted avg     0.8269    0.7313    0.7694      2858

Confusion matrix (rows: actual, columns: predicted):
[[ 139  193]
 [ 575 1951]]
Epoch 1/50 | train loss: 0.6727 | validation loss: 0.7008 | validation accuracy: 0.6585 | validation AP: 0.1464
Epoch 2/50 | train loss: 0.6478 | validation loss: 0.7113 | validation accuracy: 0.7341 | validation AP: 0.1664
Epoch 3/50 | train loss: 0.6286 | validation loss: 0.7407 | validation accuracy: 0.6777 | validation AP: 0.1825
Epoch 4/50 | train loss: 0.625 | validation loss: 0.7553 | validation accuracy: 0.7467 | validation AP: 0.1531
Epoch 5/50 | train loss: 0.6169 | validation loss: 0.7478 | validation accuracy: 0.7428 | validation AP: 0.1931
Epoch 6/50 | train loss: 0.6025 | validation loss: 0.7363 | validation accuracy: 0.7085 | validation AP: 0.1688
Epoch 7/50 | train loss: 0.5944 | validation loss: 0.7368 | validation accuracy: 0.598 | validation AP: 0.1353
Epoch 8/50 | train loss: 0.5863 | validation loss: 0.6796 | validation accuracy: 0.5693 | validation AP: 0.1835
Epoch 9/50 | train loss: 0.571 | validation loss: 0.8132 | validation accuracy: 0.7271 | validation AP: 0.1613
Stopping at epoch 9: validation AP has not improved for 4 epochs.
Best epoch: 5 | validation AP: 0.1931 | epochs run: 9

Validation classification report:
              precision    recall  f1-score   support

  disengaged     0.1827    0.3494    0.2399       332
     engaged     0.9028    0.7945    0.8452      2526

    accuracy                         0.7428      2858
   macro avg     0.5428    0.5720    0.5426      2858
weighted avg     0.8192    0.7428    0.7749      2858

Confusion matrix (rows: actual, columns: predicted):
[[ 116  216]
 [ 519 2007]]
Epoch 1/50 | train loss: 0.6648 | validation loss: 0.6974 | validation accuracy: 0.4706 | validation AP: 0.1249
Epoch 2/50 | train loss: 0.6474 | validation loss: 0.7278 | validation accuracy: 0.8114 | validation AP: 0.1812
Epoch 3/50 | train loss: 0.652 | validation loss: 0.7453 | validation accuracy: 0.8293 | validation AP: 0.2156
Epoch 4/50 | train loss: 0.638 | validation loss: 0.66 | validation accuracy: 0.6582 | validation AP: 0.1742
Epoch 5/50 | train loss: 0.6345 | validation loss: 0.6759 | validation accuracy: 0.6165 | validation AP: 0.1718
Epoch 6/50 | train loss: 0.6103 | validation loss: 0.6753 | validation accuracy: 0.6788 | validation AP: 0.1737
Epoch 7/50 | train loss: 0.6081 | validation loss: 0.6879 | validation accuracy: 0.6707 | validation AP: 0.1921
Stopping at epoch 7: validation AP has not improved for 4 epochs.
Best epoch: 3 | validation AP: 0.2156 | epochs run: 7

Validation classification report:
              precision    recall  f1-score   support

  disengaged     0.2845    0.3102    0.2968       332
     engaged     0.9083    0.8975    0.9028      2526

    accuracy                         0.8293      2858
   macro avg     0.5964    0.6039    0.5998      2858
weighted avg     0.8358    0.8293    0.8324      2858

Confusion matrix (rows: actual, columns: predicted):
[[ 103  229]
 [ 259 2267]]

 lstm | 15fps/5s (confirmed on seeds [52, 53, 54, 55, 56])
  0.2217 +/- 0.0093  (23102,) params  hidden_size=70, num_layers=1, dropout=0.0, learning_rate=0.0069782812651260325, batch_size=64
  0.2212 +/- 0.0107  (80786,) params  hidden_size=136, num_layers=1, dropout=0.25, learning_rate=0.0003823475224675188, batch_size=8
  Selected: hidden_size=70, num_layers=1, dropout=0.0, learning_rate=0.0069782812651260325, batch_size=64  (AP 0.2217, 23,102 parameters)
Epoch 1/50 | train loss: 0.6664 | validation loss: 0.689 | validation accuracy: 0.7757 | validation AP: 0.2085
Epoch 2/50 | train loss: 0.6417 | validation loss: 0.6266 | validation accuracy: 0.6592 | validation AP: 0.243
Epoch 3/50 | train loss: 0.6281 | validation loss: 0.6491 | validation accuracy: 0.634 | validation AP: 0.2013
Epoch 4/50 | train loss: 0.6228 | validation loss: 0.6592 | validation accuracy: 0.6973 | validation AP: 0.2429
Epoch 5/50 | train loss: 0.5976 | validation loss: 0.7933 | validation accuracy: 0.7288 | validation AP: 0.2717
Epoch 6/50 | train loss: 0.5976 | validation loss: 0.6315 | validation accuracy: 0.6225 | validation AP: 0.2305
Epoch 7/50 | train loss: 0.5948 | validation loss: 0.7525 | validation accuracy: 0.7523 | validation AP: 0.2096
Epoch 8/50 | train loss: 0.5705 | validation loss: 0.7371 | validation accuracy: 0.7222 | validation AP: 0.1835
Epoch 9/50 | train loss: 0.57 | validation loss: 0.702 | validation accuracy: 0.7134 | validation AP: 0.176
Stopping at epoch 9: validation AP has not improved for 4 epochs.
Best epoch: 5 | validation AP: 0.2717 | epochs run: 9

Validation classification report:
              precision    recall  f1-score   support

  disengaged     0.2221    0.5331    0.3136       332
     engaged     0.9248    0.7546    0.8310      2526

    accuracy                         0.7288      2858
   macro avg     0.5734    0.6438    0.5723      2858
weighted avg     0.8432    0.7288    0.7709      2858

Confusion matrix (rows: actual, columns: predicted):
[[ 177  155]
 [ 620 1906]]
Epoch 1/50 | train loss: 0.6694 | validation loss: 0.6457 | validation accuracy: 0.7012 | validation AP: 0.2524
Epoch 2/50 | train loss: 0.6379 | validation loss: 0.7028 | validation accuracy: 0.8062 | validation AP: 0.2642
Epoch 3/50 | train loss: 0.625 | validation loss: 0.6511 | validation accuracy: 0.7551 | validation AP: 0.2813
Epoch 4/50 | train loss: 0.6083 | validation loss: 0.6674 | validation accuracy: 0.6802 | validation AP: 0.2474[I 2026-10-09 03:38:20,603] Trial 0 finished with value: 0.26975547580448644 and parameters: {'hidden_size': 47, 'num_layers': 3, 'dropout': 0.0, 'learning_rate': 0.005399484409787433, 'batch_size': 64}. Best is trial 0 with value: 0.26975547580448644.
[I 2026-10-09 03:42:15,538] Trial 1 finished with value: 0.2818757089240221 and parameters: {'hidden_size': 136, 'num_layers': 1, 'dropout': 0.25, 'learning_rate': 0.0003823475224675188, 'batch_size': 8}. Best is trial 1 with value: 0.2818757089240221.

Epoch 5/50 | train loss: 0.5984 | validation loss: 0.6626 | validation accuracy: 0.6819 | validation AP: 0.25
Epoch 6/50 | train loss: 0.5893 | validation loss: 0.6922 | validation accuracy: 0.7393 | validation AP: 0.2389
Epoch 7/50 | train loss: 0.5915 | validation loss: 0.6627 | validation accuracy: 0.7211 | validation AP: 0.2242
Stopping at epoch 7: validation AP has not improved for 4 epochs.
Best epoch: 3 | validation AP: 0.2813 | epochs run: 7

Validation classification report:
              precision    recall  f1-score   support

  disengaged     0.2333    0.4849    0.3151       332
     engaged     0.9211    0.7906    0.8509      2526

    accuracy                         0.7551      2858
   macro avg     0.5772    0.6378    0.5830      2858
weighted avg     0.8412    0.7551    0.7886      2858

Confusion matrix (rows: actual, columns: predicted):
[[ 161  171]
 [ 529 1997]]
Epoch 1/50 | train loss: 0.6767 | validation loss: 0.6686 | validation accuracy: 0.7435 | validation AP: 0.2209
Epoch 2/50 | train loss: 0.6374 | validation loss: 0.6583 | validation accuracy: 0.6417 | validation AP: 0.1914
Epoch 3/50 | train loss: 0.6198 | validation loss: 0.6435 | validation accuracy: 0.67 | validation AP: 0.2048
Epoch 4/50 | train loss: 0.6134 | validation loss: 0.6444 | validation accuracy: 0.6903 | validation AP: 0.223
Epoch 5/50 | train loss: 0.6114 | validation loss: 0.6571 | validation accuracy: 0.7313 | validation AP: 0.203
Epoch 6/50 | train loss: 0.5937 | validation loss: 0.7017 | validation accuracy: 0.7607 | validation AP: 0.212
Epoch 7/50 | train loss: 0.5871 | validation loss: 0.7375 | validation accuracy: 0.7768 | validation AP: 0.1932
Epoch 8/50 | train loss: 0.5754 | validation loss: 0.6749 | validation accuracy: 0.6477 | validation AP: 0.168
Stopping at epoch 8: validation AP has not improved for 4 epochs.
Best epoch: 4 | validation AP: 0.223 | epochs run: 8

Validation classification report:
              precision    recall  f1-score   support

  disengaged     0.1985    0.5482    0.2914       332
     engaged     0.9227    0.7090    0.8019      2526

    accuracy                         0.6903      2858
   macro avg     0.5606    0.6286    0.5467      2858
weighted avg     0.8386    0.6903    0.7426      2858

Confusion matrix (rows: actual, columns: predicted):
[[ 182  150]
 [ 735 1791]]
Epoch 1/50 | train loss: 0.5345 | validation loss: 0.5832 | validation accuracy: 0.8712 | validation AP: 0.2081
Epoch 2/50 | train loss: 0.5071 | validation loss: 0.6015 | validation accuracy: 0.8516 | validation AP: 0.2035
Epoch 3/50 | train loss: 0.4943 | validation loss: 0.612 | validation accuracy: 0.8422 | validation AP: 0.2061
Epoch 4/50 | train loss: 0.5019 | validation loss: 0.5755 | validation accuracy: 0.8467 | validation AP: 0.2457
Epoch 5/50 | train loss: 0.4905 | validation loss: 0.5732 | validation accuracy: 0.8338 | validation AP: 0.2695
Epoch 6/50 | train loss: 0.4815 | validation loss: 0.5632 | validation accuracy: 0.8492 | validation AP: 0.2546
Epoch 7/50 | train loss: 0.478 | validation loss: 0.601 | validation accuracy: 0.8439 | validation AP: 0.2068
Epoch 8/50 | train loss: 0.4653 | validation loss: 0.6158 | validation accuracy: 0.8646 | validation AP: 0.2038
Epoch 9/50 | train loss: 0.469 | validation loss: 0.6051 | validation accuracy: 0.8369 | validation AP: 0.2139
Stopping at epoch 9: validation AP has not improved for 4 epochs.
Best epoch: 5 | validation AP: 0.2695 | epochs run: 9

Validation classification report:
              precision    recall  f1-score   support

  disengaged     0.2928    0.3042    0.2984       332
     engaged     0.9081    0.9034    0.9057      2526

    accuracy                         0.8338      2858
   macro avg     0.6004    0.6038    0.6021      2858
weighted avg     0.8366    0.8338    0.8352      2858

Confusion matrix (rows: actual, columns: predicted):
[[ 101  231]
 [ 244 2282]]
Epoch 1/50 | train loss: 0.5278 | validation loss: 0.6219 | validation accuracy: 0.8502 | validation AP: 0.1992
Epoch 2/50 | train loss: 0.518 | validation loss: 0.6031 | validation accuracy: 0.8691 | validation AP: 0.1825
Epoch 3/50 | train loss: 0.5041 | validation loss: 0.5785 | validation accuracy: 0.8716 | validation AP: 0.248
Epoch 4/50 | train loss: 0.4949 | validation loss: 0.5745 | validation accuracy: 0.8107 | validation AP: 0.231
Epoch 5/50 | train loss: 0.4893 | validation loss: 0.6003 | validation accuracy: 0.8202 | validation AP: 0.1938
Epoch 6/50 | train loss: 0.4767 | validation loss: 0.6127 | validation accuracy: 0.8474 | validation AP: 0.2319
Epoch 7/50 | train loss: 0.4767 | validation loss: 0.5919 | validation accuracy: 0.8586 | validation AP: 0.2413
Stopping at epoch 7: validation AP has not improved for 4 epochs.
Best epoch: 3 | validation AP: 0.248 | epochs run: 7

Validation classification report:
              precision    recall  f1-score   support

  disengaged     0.3423    0.1145    0.1716       332
     engaged     0.8930    0.9711    0.9304      2526

    accuracy                         0.8716      2858
   macro avg     0.6177    0.5428    0.5510      2858
weighted avg     0.8290    0.8716    0.8422      2858

Confusion matrix (rows: actual, columns: predicted):
[[  38  294]
 [  73 2453]]
Epoch 1/50 | train loss: 0.5246 | validation loss: 0.6265 | validation accuracy: 0.859 | validation AP: 0.1843
Epoch 2/50 | train loss: 0.5059 | validation loss: 0.6312 | validation accuracy: 0.8597 | validation AP: 0.1862
Epoch 3/50 | train loss: 0.5012 | validation loss: 0.6045 | validation accuracy: 0.7957 | validation AP: 0.1833
Epoch 4/50 | train loss: 0.491 | validation loss: 0.6032 | validation accuracy: 0.8523 | validation AP: 0.2064
Epoch 5/50 | train loss: 0.4859 | validation loss: 0.5674 | validation accuracy: 0.8481 | validation AP: 0.2448
Epoch 6/50 | train loss: 0.4876 | validation loss: 0.583 | validation accuracy: 0.8464 | validation AP: 0.2176
Epoch 7/50 | train loss: 0.4813 | validation loss: 0.5942 | validation accuracy: 0.8446 | validation AP: 0.2283
Epoch 8/50 | train loss: 0.475 | validation loss: 0.5585 | validation accuracy: 0.8425 | validation AP: 0.2482
Epoch 9/50 | train loss: 0.47 | validation loss: 0.5833 | validation accuracy: 0.8523 | validation AP: 0.2309
Epoch 10/50 | train loss: 0.46 | validation loss: 0.6082 | validation accuracy: 0.8289 | validation AP: 0.2139
Epoch 11/50 | train loss: 0.4531 | validation loss: 0.6214 | validation accuracy: 0.8709 | validation AP: 0.2376
Epoch 12/50 | train loss: 0.4567 | validation loss: 0.5923 | validation accuracy: 0.8376 | validation AP: 0.223
Stopping at epoch 12: validation AP has not improved for 4 epochs.
Best epoch: 8 | validation AP: 0.2482 | epochs run: 12

Validation classification report:
              precision    recall  f1-score   support

  disengaged     0.2765    0.2199    0.2450       332
     engaged     0.9002    0.9244    0.9121      2526

    accuracy                         0.8425      2858
   macro avg     0.5883    0.5721    0.5785      2858
weighted avg     0.8277    0.8425    0.8346      2858

Confusion matrix (rows: actual, columns: predicted):
[[  73  259]
 [ 191 2335]]
Epoch 1/50 | train loss: 0.6704 | validation loss: 0.6601 | validation accuracy: 0.7442 | validation AP: 0.1948
Epoch 2/50 | train loss: 0.6313 | validation loss: 0.6693 | validation accuracy: 0.7082 | validation AP: 0.1805
Epoch 3/50 | train loss: 0.6267 | validation loss: 0.6955 | validation accuracy: 0.7652 | validation AP: 0.1941
Epoch 4/50 | train loss: 0.6254 | validation loss: 0.6629 | validation accuracy: 0.7908 | validation AP: 0.2278
Epoch 5/50 | train loss: 0.6033 | validation loss: 0.6539 | validation accuracy: 0.7894 | validation AP: 0.2578
Epoch 6/50 | train loss: 0.597 | validation loss: 0.6287 | validation accuracy: 0.7155 | validation AP: 0.2492
Epoch 7/50 | train loss: 0.5968 | validation loss: 0.738 | validation accuracy: 0.7663 | validation AP: 0.1864
Epoch 8/50 | train loss: 0.5883 | validation loss: 0.6932 | validation accuracy: 0.775 | validation AP: 0.2399
Epoch 9/50 | train loss: 0.5865 | validation loss: 0.6702 | validation accuracy: 0.7575 | validation AP: 0.2662
Epoch 10/50 | train loss: 0.5825 | validation loss: 0.6857 | validation accuracy: 0.788 | validation AP: 0.2577[I 2026-10-09 03:43:16,185] Trial 2 finished with value: 0.25995878054075683 and parameters: {'hidden_size': 56, 'num_layers': 3, 'dropout': 0.5, 'learning_rate': 0.00021930485556643703, 'batch_size': 32}. Best is trial 1 with value: 0.2818757089240221.

Epoch 11/50 | train loss: 0.5788 | validation loss: 0.6906 | validation accuracy: 0.7799 | validation AP: 0.237
Epoch 12/50 | train loss: 0.5819 | validation loss: 0.7068 | validation accuracy: 0.7981 | validation AP: 0.2458
Epoch 13/50 | train loss: 0.584 | validation loss: 0.7023 | validation accuracy: 0.7565 | validation AP: 0.2146
Stopping at epoch 13: validation AP has not improved for 4 epochs.
Best epoch: 9 | validation AP: 0.2662 | epochs run: 13

Validation classification report:
              precision    recall  f1-score   support

  disengaged     0.2349    0.4819    0.3159       332
     engaged     0.9210    0.7937    0.8526      2526

    accuracy                         0.7575      2858
   macro avg     0.5780    0.6378    0.5843      2858
weighted avg     0.8413    0.7575    0.7903      2858

Confusion matrix (rows: actual, columns: predicted):
[[ 160  172]
 [ 521 2005]]
Epoch 1/50 | train loss: 0.6602 | validation loss: 0.6822 | validation accuracy: 0.7922 | validation AP: 0.1903
Epoch 2/50 | train loss: 0.63 | validation loss: 0.6638 | validation accuracy: 0.7453 | validation AP: 0.2017
Epoch 3/50 | train loss: 0.6225 | validation loss: 0.6855 | validation accuracy: 0.8139 | validation AP: 0.2219
Epoch 4/50 | train loss: 0.6115 | validation loss: 0.6365 | validation accuracy: 0.6638 | validation AP: 0.23
Epoch 5/50 | train loss: 0.6048 | validation loss: 0.6799 | validation accuracy: 0.7246 | validation AP: 0.2167
Epoch 6/50 | train loss: 0.601 | validation loss: 0.6724 | validation accuracy: 0.7519 | validation AP: 0.2409
Epoch 7/50 | train loss: 0.5944 | validation loss: 0.6794 | validation accuracy: 0.7421 | validation AP: 0.2543
Epoch 8/50 | train loss: 0.5953 | validation loss: 0.6828 | validation accuracy: 0.7929 | validation AP: 0.2654
Epoch 9/50 | train loss: 0.5928 | validation loss: 0.6987 | validation accuracy: 0.7754 | validation AP: 0.2263
Epoch 10/50 | train loss: 0.5863 | validation loss: 0.6534 | validation accuracy: 0.7747 | validation AP: 0.263
Epoch 11/50 | train loss: 0.5763 | validation loss: 0.6995 | validation accuracy: 0.7939 | validation AP: 0.238
Epoch 12/50 | train loss: 0.5814 | validation loss: 0.7171 | validation accuracy: 0.7834 | validation AP: 0.2282
Stopping at epoch 12: validation AP has not improved for 4 epochs.
Best epoch: 8 | validation AP: 0.2654 | epochs run: 12

Validation classification report:
              precision    recall  f1-score   support

  disengaged     0.2519    0.3976    0.3084       332
     engaged     0.9143    0.8448    0.8782      2526

    accuracy                         0.7929      2858
   macro avg     0.5831    0.6212    0.5933      2858
weighted avg     0.8374    0.7929    0.8120      2858

Confusion matrix (rows: actual, columns: predicted):
[[ 132  200]
 [ 392 2134]]
Epoch 1/50 | train loss: 0.6685 | validation loss: 0.6601 | validation accuracy: 0.782 | validation AP: 0.2188
Epoch 2/50 | train loss: 0.637 | validation loss: 0.6681 | validation accuracy: 0.7614 | validation AP: 0.1988
Epoch 3/50 | train loss: 0.62 | validation loss: 0.6722 | validation accuracy: 0.7481 | validation AP: 0.1876
Epoch 4/50 | train loss: 0.6194 | validation loss: 0.6769 | validation accuracy: 0.767 | validation AP: 0.1899
Epoch 5/50 | train loss: 0.6118 | validation loss: 0.6555 | validation accuracy: 0.7295 | validation AP: 0.2065
Stopping at epoch 5: validation AP has not improved for 4 epochs.
Best epoch: 1 | validation AP: 0.2188 | epochs run: 5

Validation classification report:
              precision    recall  f1-score   support

  disengaged     0.2378    0.3976    0.2976       332
     engaged     0.9132    0.8325    0.8710      2526

    accuracy                         0.7820      2858
   macro avg     0.5755    0.6151    0.5843      2858
weighted avg     0.8347    0.7820    0.8044      2858

Confusion matrix (rows: actual, columns: predicted):
[[ 132  200]
 [ 423 2103]]
Epoch 1/50 | train loss: 0.6229 | validation loss: 0.616 | validation accuracy: 0.8142 | validation AP: 0.2799
Epoch 2/50 | train loss: 0.5812 | validation loss: 0.6446 | validation accuracy: 0.76 | validation AP: 0.2269
Epoch 3/50 | train loss: 0.5685 | validation loss: 0.7334 | validation accuracy: 0.7862 | validation AP: 0.1612
Epoch 4/50 | train loss: 0.5653 | validation loss: 0.6454 | validation accuracy: 0.7817 | validation AP: 0.2289
Epoch 5/50 | train loss: 0.5432 | validation loss: 0.7066 | validation accuracy: 0.7939 | validation AP: 0.2598
Stopping at epoch 5: validation AP has not improved for 4 epochs.
Best epoch: 1 | validation AP: 0.2799 | epochs run: 5

Validation classification report:
              precision    recall  f1-score   support

  disengaged     0.2813    0.3855    0.3253       332
     engaged     0.9151    0.8705    0.8923      2526

    accuracy                         0.8142      2858
   macro avg     0.5982    0.6280    0.6088      2858
weighted avg     0.8415    0.8142    0.8264      2858

Confusion matrix (rows: actual, columns: predicted):
[[ 128  204]
 [ 327 2199]]
Epoch 1/50 | train loss: 0.6128 | validation loss: 0.6929 | validation accuracy: 0.8481 | validation AP: 0.2465
Epoch 2/50 | train loss: 0.5804 | validation loss: 0.7669 | validation accuracy: 0.8663 | validation AP: 0.2433
Epoch 3/50 | train loss: 0.5685 | validation loss: 0.6435 | validation accuracy: 0.8485 | validation AP: 0.259
Epoch 4/50 | train loss: 0.5534 | validation loss: 0.6149 | validation accuracy: 0.7047 | validation AP: 0.2273
Epoch 5/50 | train loss: 0.5462 | validation loss: 0.6864 | validation accuracy: 0.7334 | validation AP: 0.1913
Epoch 6/50 | train loss: 0.5321 | validation loss: 0.7244 | validation accuracy: 0.8055 | validation AP: 0.2219
Epoch 7/50 | train loss: 0.5243 | validation loss: 0.6564 | validation accuracy: 0.8205 | validation AP: 0.2349
Stopping at epoch 7: validation AP has not improved for 4 epochs.
Best epoch: 3 | validation AP: 0.259 | epochs run: 7

Validation classification report:
              precision    recall  f1-score   support

  disengaged     0.3094    0.2470    0.2747       332
     engaged     0.9036    0.9276    0.9154      2526

    accuracy                         0.8485      2858
   macro avg     0.6065    0.5873    0.5951      2858
weighted avg     0.8346    0.8485    0.8410      2858

Confusion matrix (rows: actual, columns: predicted):
[[  82  250]
 [ 183 2343]]
Epoch 1/50 | train loss: 0.6093 | validation loss: 0.7222 | validation accuracy: 0.8702 | validation AP: 0.2086
Epoch 2/50 | train loss: 0.584 | validation loss: 0.7078 | validation accuracy: 0.8348 | validation AP: 0.2123
Epoch 3/50 | train loss: 0.5721 | validation loss: 0.6337 | validation accuracy: 0.7754 | validation AP: 0.216
Epoch 4/50 | train loss: 0.554 | validation loss: 0.6967 | validation accuracy: 0.8146 | validation AP: 0.2017
Epoch 5/50 | train loss: 0.545 | validation loss: 0.6542 | validation accuracy: 0.7789 | validation AP: 0.1957
Epoch 6/50 | train loss: 0.5362 | validation loss: 0.6432 | validation accuracy: 0.7841 | validation AP: 0.216
Epoch 7/50 | train loss: 0.5291 | validation loss: 0.6758 | validation accuracy: 0.7943 | validation AP: 0.1937
Epoch 8/50 | train loss: 0.5204 | validation loss: 0.6144 | validation accuracy: 0.7512 | validation AP: 0.237
Epoch 9/50 | train loss: 0.5109 | validation loss: 0.669 | validation accuracy: 0.7855 | validation AP: 0.2079
Epoch 10/50 | train loss: 0.4923 | validation loss: 0.7187 | validation accuracy: 0.7806 | validation AP: 0.1969
Epoch 11/50 | train loss: 0.4919 | validation loss: 0.7899 | validation accuracy: 0.8471 | validation AP: 0.198
Epoch 12/50 | train loss: 0.4953 | validation loss: 0.659 | validation accuracy: 0.7873 | validation AP: 0.2214
Stopping at epoch 12: validation AP has not improved for 4 epochs.
Best epoch: 8 | validation AP: 0.237 | epochs run: 12

Validation classification report:
              precision    recall  f1-score   support

  disengaged     0.2234    0.4608    0.3009       332
     engaged     0.9176    0.7894    0.8487      2526

    accuracy                         0.7512      2858
   macro avg     0.5705    0.6251    0.5748      2858
weighted avg     0.8370    0.7512    0.7851      2858
[I 2026-10-09 03:44:38,095] Trial 3 finished with value: 0.2745287997837278 and parameters: {'hidden_size': 40, 'num_layers': 1, 'dropout': 0.0, 'learning_rate': 0.006586289317583112, 'batch_size': 16}. Best is trial 1 with value: 0.2818757089240221.
[I 2026-10-09 03:44:56,296] Trial 4 finished with value: 0.28260251639171746 and parameters: {'hidden_size': 70, 'num_layers': 1, 'dropout': 0.0, 'learning_rate': 0.0069782812651260325, 'batch_size': 64}. Best is trial 4 with value: 0.28260251639171746.

Confusion matrix (rows: actual, columns: predicted):
[[ 153  179]
 [ 532 1994]]
Epoch 1/50 | train loss: 0.6621 | validation loss: 0.6377 | validation accuracy: 0.6246 | validation AP: 0.2051
Epoch 2/50 | train loss: 0.6306 | validation loss: 0.6395 | validation accuracy: 0.6795 | validation AP: 0.2631
Epoch 3/50 | train loss: 0.6166 | validation loss: 0.6425 | validation accuracy: 0.6428 | validation AP: 0.2327
Epoch 4/50 | train loss: 0.6094 | validation loss: 0.6799 | validation accuracy: 0.7064 | validation AP: 0.2498
Epoch 5/50 | train loss: 0.5928 | validation loss: 0.7732 | validation accuracy: 0.7593 | validation AP: 0.2608
Epoch 6/50 | train loss: 0.5906 | validation loss: 0.6308 | validation accuracy: 0.5591 | validation AP: 0.2396
Stopping at epoch 6: validation AP has not improved for 4 epochs.
Best epoch: 2 | validation AP: 0.2631 | epochs run: 6

Validation classification report:
              precision    recall  f1-score   support

  disengaged     0.2008    0.5904    0.2997       332
     engaged     0.9277    0.6912    0.7922      2526

    accuracy                         0.6795      2858
   macro avg     0.5643    0.6408    0.5459      2858
weighted avg     0.8433    0.6795    0.7350      2858

Confusion matrix (rows: actual, columns: predicted):
[[ 196  136]
 [ 780 1746]]
Epoch 1/50 | train loss: 0.6558 | validation loss: 0.6661 | validation accuracy: 0.7127 | validation AP: 0.2701
Epoch 2/50 | train loss: 0.617 | validation loss: 0.702 | validation accuracy: 0.788 | validation AP: 0.2651
Epoch 3/50 | train loss: 0.6107 | validation loss: 0.6405 | validation accuracy: 0.739 | validation AP: 0.2838
Epoch 4/50 | train loss: 0.6011 | validation loss: 0.6376 | validation accuracy: 0.5885 | validation AP: 0.2702
Epoch 5/50 | train loss: 0.5955 | validation loss: 0.6859 | validation accuracy: 0.6826 | validation AP: 0.2149
Epoch 6/50 | train loss: 0.584 | validation loss: 0.7052 | validation accuracy: 0.6991 | validation AP: 0.2586
Epoch 7/50 | train loss: 0.5873 | validation loss: 0.6812 | validation accuracy: 0.6924 | validation AP: 0.2231
Stopping at epoch 7: validation AP has not improved for 4 epochs.
Best epoch: 3 | validation AP: 0.2838 | epochs run: 7

Validation classification report:
              precision    recall  f1-score   support

  disengaged     0.2269    0.5181    0.3156       332
     engaged     0.9238    0.7680    0.8387      2526

    accuracy                         0.7390      2858
   macro avg     0.5754    0.6430    0.5772      2858
weighted avg     0.8429    0.7390    0.7780      2858

Confusion matrix (rows: actual, columns: predicted):
[[ 172  160]
 [ 586 1940]]
Epoch 1/50 | train loss: 0.6703 | validation loss: 0.6579 | validation accuracy: 0.7537 | validation AP: 0.2437
Epoch 2/50 | train loss: 0.633 | validation loss: 0.6661 | validation accuracy: 0.6491 | validation AP: 0.2158
Epoch 3/50 | train loss: 0.6156 | validation loss: 0.639 | validation accuracy: 0.6407 | validation AP: 0.2314
Epoch 4/50 | train loss: 0.6014 | validation loss: 0.64 | validation accuracy: 0.641 | validation AP: 0.2329
Epoch 5/50 | train loss: 0.5987 | validation loss: 0.6488 | validation accuracy: 0.6872 | validation AP: 0.2455
Epoch 6/50 | train loss: 0.5808 | validation loss: 0.7108 | validation accuracy: 0.7096 | validation AP: 0.216
Epoch 7/50 | train loss: 0.5774 | validation loss: 0.7197 | validation accuracy: 0.7502 | validation AP: 0.2382
Epoch 8/50 | train loss: 0.5688 | validation loss: 0.6539 | validation accuracy: 0.4913 | validation AP: 0.2099
Epoch 9/50 | train loss: 0.5713 | validation loss: 0.7112 | validation accuracy: 0.6753 | validation AP: 0.1973
Stopping at epoch 9: validation AP has not improved for 4 epochs.
Best epoch: 5 | validation AP: 0.2455 | epochs run: 9

Validation classification report:
              precision    recall  f1-score   support

  disengaged     0.2055    0.5904    0.3048       332
     engaged     0.9286    0.6999    0.7982      2526

    accuracy                         0.6872      2858
   macro avg     0.5670    0.6451    0.5515      2858
weighted avg     0.8446    0.6872    0.7409      2858

Confusion matrix (rows: actual, columns: predicted):
[[ 196  136]
 [ 758 1768]]
Epoch 1/50 | train loss: 0.6141 | validation loss: 0.6302 | validation accuracy: 0.8275 | validation AP: 0.246
Epoch 2/50 | train loss: 0.5793 | validation loss: 0.6437 | validation accuracy: 0.796 | validation AP: 0.2529
Epoch 3/50 | train loss: 0.5701 | validation loss: 0.6582 | validation accuracy: 0.795 | validation AP: 0.2064
Epoch 4/50 | train loss: 0.5737 | validation loss: 0.6321 | validation accuracy: 0.6823 | validation AP: 0.2335
Epoch 5/50 | train loss: 0.5537 | validation loss: 0.6837 | validation accuracy: 0.7964 | validation AP: 0.2669
Epoch 6/50 | train loss: 0.5405 | validation loss: 0.6182 | validation accuracy: 0.7418 | validation AP: 0.2289
Epoch 7/50 | train loss: 0.535 | validation loss: 0.7006 | validation accuracy: 0.7838 | validation AP: 0.1874
Epoch 8/50 | train loss: 0.5174 | validation loss: 0.7035 | validation accuracy: 0.809 | validation AP: 0.1862
Epoch 9/50 | train loss: 0.5217 | validation loss: 0.7011 | validation accuracy: 0.8233 | validation AP: 0.18
Stopping at epoch 9: validation AP has not improved for 4 epochs.
Best epoch: 5 | validation AP: 0.2669 | epochs run: 9

Validation classification report:
              precision    recall  f1-score   support

  disengaged     0.2530    0.3855    0.3055       332
     engaged     0.9133    0.8504    0.8807      2526

    accuracy                         0.7964      2858
   macro avg     0.5831    0.6179    0.5931      2858
weighted avg     0.8366    0.7964    0.8139      2858

Confusion matrix (rows: actual, columns: predicted):
[[ 128  204]
 [ 378 2148]]
Epoch 1/50 | train loss: 0.6099 | validation loss: 0.6856 | validation accuracy: 0.8422 | validation AP: 0.2496
Epoch 2/50 | train loss: 0.5847 | validation loss: 0.6646 | validation accuracy: 0.8562 | validation AP: 0.2526
Epoch 3/50 | train loss: 0.5667 | validation loss: 0.6345 | validation accuracy: 0.845 | validation AP: 0.2637
Epoch 4/50 | train loss: 0.553 | validation loss: 0.6227 | validation accuracy: 0.6945 | validation AP: 0.2205
Epoch 5/50 | train loss: 0.5451 | validation loss: 0.6764 | validation accuracy: 0.7547 | validation AP: 0.1973
Epoch 6/50 | train loss: 0.5347 | validation loss: 0.7157 | validation accuracy: 0.8058 | validation AP: 0.2413
Epoch 7/50 | train loss: 0.5291 | validation loss: 0.68 | validation accuracy: 0.8268 | validation AP: 0.2127
Stopping at epoch 7: validation AP has not improved for 4 epochs.
Best epoch: 3 | validation AP: 0.2637 | epochs run: 7

Validation classification report:
              precision    recall  f1-score   support

  disengaged     0.2937    0.2380    0.2629       332
     engaged     0.9023    0.9248    0.9134      2526

    accuracy                         0.8450      2858
   macro avg     0.5980    0.5814    0.5881      2858
weighted avg     0.8316    0.8450    0.8378      2858

Confusion matrix (rows: actual, columns: predicted):
[[  79  253]
 [ 190 2336]]
Epoch 1/50 | train loss: 0.6084 | validation loss: 0.6823 | validation accuracy: 0.8688 | validation AP: 0.2132
Epoch 2/50 | train loss: 0.5824 | validation loss: 0.681 | validation accuracy: 0.8237 | validation AP: 0.2089
Epoch 3/50 | train loss: 0.5711 | validation loss: 0.6303 | validation accuracy: 0.7575 | validation AP: 0.2359
Epoch 4/50 | train loss: 0.5497 | validation loss: 0.6537 | validation accuracy: 0.8111 | validation AP: 0.2024
Epoch 5/50 | train loss: 0.5424 | validation loss: 0.6508 | validation accuracy: 0.7943 | validation AP: 0.1918
Epoch 6/50 | train loss: 0.5394 | validation loss: 0.6493 | validation accuracy: 0.7859 | validation AP: 0.198
Epoch 7/50 | train loss: 0.5284 | validation loss: 0.6707 | validation accuracy: 0.802 | validation AP: 0.1935
Stopping at epoch 7: validation AP has not improved for 4 epochs.
Best epoch: 3 | validation AP: 0.2359 | epochs run: 7

Validation classification report:
              precision    recall  f1-score   support

  disengaged     0.2202    0.4277    0.2907       332
     engaged     0.9141    0.8009    0.8538      2526

    accuracy                         0.7575      2858
   macro avg     0.5671    0.6143    0.5722      2858
weighted avg     0.8335    0.7575    0.7884      2858
[I 2026-10-09 03:46:02,147] Trial 5 finished with value: 0.27673955603659833 and parameters: {'hidden_size': 48, 'num_layers': 1, 'dropout': 0.0, 'learning_rate': 0.0040215545266902904, 'batch_size': 16}. Best is trial 4 with value: 0.28260251639171746.
[I 2026-10-09 03:52:15,711] Trial 6 finished with value: 0.2642961012870902 and parameters: {'hidden_size': 20, 'num_layers': 3, 'dropout': 0.1, 'learning_rate': 0.0001705053926026929, 'batch_size': 8}. Best is trial 4 with value: 0.28260251639171746.

Confusion matrix (rows: actual, columns: predicted):
[[ 142  190]
 [ 503 2023]]
Epoch 1/50 | train loss: 0.5584 | validation loss: 0.6063 | validation accuracy: 0.8838 | validation AP: 0.1822
Epoch 2/50 | train loss: 0.5196 | validation loss: 0.6105 | validation accuracy: 0.8558 | validation AP: 0.1707
Epoch 3/50 | train loss: 0.5031 | validation loss: 0.621 | validation accuracy: 0.8443 | validation AP: 0.1812
Epoch 4/50 | train loss: 0.5138 | validation loss: 0.5998 | validation accuracy: 0.846 | validation AP: 0.1897
Epoch 5/50 | train loss: 0.5023 | validation loss: 0.5957 | validation accuracy: 0.8537 | validation AP: 0.1987
Epoch 6/50 | train loss: 0.4967 | validation loss: 0.5827 | validation accuracy: 0.8471 | validation AP: 0.2066
Epoch 7/50 | train loss: 0.4919 | validation loss: 0.5987 | validation accuracy: 0.8516 | validation AP: 0.1978
Epoch 8/50 | train loss: 0.4782 | validation loss: 0.6089 | validation accuracy: 0.8632 | validation AP: 0.2135
Epoch 9/50 | train loss: 0.4867 | validation loss: 0.585 | validation accuracy: 0.8362 | validation AP: 0.2193
Epoch 10/50 | train loss: 0.4735 | validation loss: 0.5954 | validation accuracy: 0.8523 | validation AP: 0.239
Epoch 11/50 | train loss: 0.4781 | validation loss: 0.5984 | validation accuracy: 0.8415 | validation AP: 0.2212
Epoch 12/50 | train loss: 0.4759 | validation loss: 0.6089 | validation accuracy: 0.8555 | validation AP: 0.2316
Epoch 13/50 | train loss: 0.4714 | validation loss: 0.6096 | validation accuracy: 0.8355 | validation AP: 0.2098
Epoch 14/50 | train loss: 0.4802 | validation loss: 0.5892 | validation accuracy: 0.8216 | validation AP: 0.2191
Stopping at epoch 14: validation AP has not improved for 4 epochs.
Best epoch: 10 | validation AP: 0.239 | epochs run: 14

Validation classification report:
              precision    recall  f1-score   support

  disengaged     0.2837    0.1777    0.2185       332
     engaged     0.8970    0.9410    0.9185      2526

    accuracy                         0.8523      2858
   macro avg     0.5903    0.5594    0.5685      2858
weighted avg     0.8257    0.8523    0.8372      2858

Confusion matrix (rows: actual, columns: predicted):
[[  59  273]
 [ 149 2377]]
Epoch 1/50 | train loss: 0.5586 | validation loss: 0.6144 | validation accuracy: 0.8803 | validation AP: 0.1561
Epoch 2/50 | train loss: 0.5226 | validation loss: 0.6015 | validation accuracy: 0.8614 | validation AP: 0.1726
Epoch 3/50 | train loss: 0.5058 | validation loss: 0.5974 | validation accuracy: 0.8758 | validation AP: 0.2013
Epoch 4/50 | train loss: 0.5052 | validation loss: 0.588 | validation accuracy: 0.8177 | validation AP: 0.1898
Epoch 5/50 | train loss: 0.4997 | validation loss: 0.5997 | validation accuracy: 0.8233 | validation AP: 0.1797
Epoch 6/50 | train loss: 0.4882 | validation loss: 0.5984 | validation accuracy: 0.853 | validation AP: 0.2048
Epoch 7/50 | train loss: 0.4902 | validation loss: 0.586 | validation accuracy: 0.8369 | validation AP: 0.2073
Epoch 8/50 | train loss: 0.4866 | validation loss: 0.6051 | validation accuracy: 0.8723 | validation AP: 0.2198
Epoch 9/50 | train loss: 0.4874 | validation loss: 0.6071 | validation accuracy: 0.8565 | validation AP: 0.1947
Epoch 10/50 | train loss: 0.4757 | validation loss: 0.5746 | validation accuracy: 0.8272 | validation AP: 0.2212
Epoch 11/50 | train loss: 0.4843 | validation loss: 0.5891 | validation accuracy: 0.853 | validation AP: 0.2226
Epoch 12/50 | train loss: 0.4842 | validation loss: 0.599 | validation accuracy: 0.8425 | validation AP: 0.2047
Epoch 13/50 | train loss: 0.4722 | validation loss: 0.5844 | validation accuracy: 0.8324 | validation AP: 0.221
Epoch 14/50 | train loss: 0.4678 | validation loss: 0.5798 | validation accuracy: 0.8341 | validation AP: 0.2431
Epoch 15/50 | train loss: 0.4752 | validation loss: 0.5995 | validation accuracy: 0.8604 | validation AP: 0.2301
Epoch 16/50 | train loss: 0.4693 | validation loss: 0.6141 | validation accuracy: 0.8492 | validation AP: 0.2251
Epoch 17/50 | train loss: 0.4641 | validation loss: 0.5818 | validation accuracy: 0.8527 | validation AP: 0.2333
Epoch 18/50 | train loss: 0.4736 | validation loss: 0.6032 | validation accuracy: 0.8674 | validation AP: 0.2513
Epoch 19/50 | train loss: 0.4689 | validation loss: 0.5904 | validation accuracy: 0.8488 | validation AP: 0.2466
Epoch 20/50 | train loss: 0.4664 | validation loss: 0.5832 | validation accuracy: 0.8107 | validation AP: 0.2274
Epoch 21/50 | train loss: 0.4638 | validation loss: 0.579 | validation accuracy: 0.8328 | validation AP: 0.2363
Epoch 22/50 | train loss: 0.4607 | validation loss: 0.606 | validation accuracy: 0.8404 | validation AP: 0.2195
Stopping at epoch 22: validation AP has not improved for 4 epochs.
Best epoch: 18 | validation AP: 0.2513 | epochs run: 22

Validation classification report:
              precision    recall  f1-score   support

  disengaged     0.3503    0.1657    0.2249       332
     engaged     0.8974    0.9596    0.9275      2526

    accuracy                         0.8674      2858
   macro avg     0.6239    0.5626    0.5762      2858
weighted avg     0.8339    0.8674    0.8459      2858

Confusion matrix (rows: actual, columns: predicted):
[[  55  277]
 [ 102 2424]]
Epoch 1/50 | train loss: 0.5541 | validation loss: 0.6155 | validation accuracy: 0.8684 | validation AP: 0.1698
Epoch 2/50 | train loss: 0.5165 | validation loss: 0.6132 | validation accuracy: 0.8635 | validation AP: 0.1711
Epoch 3/50 | train loss: 0.5104 | validation loss: 0.6029 | validation accuracy: 0.8422 | validation AP: 0.1727
Epoch 4/50 | train loss: 0.4962 | validation loss: 0.6081 | validation accuracy: 0.8537 | validation AP: 0.1863
Epoch 5/50 | train loss: 0.4899 | validation loss: 0.5893 | validation accuracy: 0.8394 | validation AP: 0.2034
Epoch 6/50 | train loss: 0.494 | validation loss: 0.5844 | validation accuracy: 0.8499 | validation AP: 0.2138
Epoch 7/50 | train loss: 0.4855 | validation loss: 0.5884 | validation accuracy: 0.866 | validation AP: 0.2287
Epoch 8/50 | train loss: 0.482 | validation loss: 0.5781 | validation accuracy: 0.8586 | validation AP: 0.2198
Epoch 9/50 | train loss: 0.4795 | validation loss: 0.5796 | validation accuracy: 0.8572 | validation AP: 0.2367
Epoch 10/50 | train loss: 0.4701 | validation loss: 0.5885 | validation accuracy: 0.8583 | validation AP: 0.2408
Epoch 11/50 | train loss: 0.4664 | validation loss: 0.6096 | validation accuracy: 0.8695 | validation AP: 0.2496
Epoch 12/50 | train loss: 0.4733 | validation loss: 0.5804 | validation accuracy: 0.8558 | validation AP: 0.2409
Epoch 13/50 | train loss: 0.4697 | validation loss: 0.6037 | validation accuracy: 0.8618 | validation AP: 0.2299
Epoch 14/50 | train loss: 0.4633 | validation loss: 0.5865 | validation accuracy: 0.8397 | validation AP: 0.2392
Epoch 15/50 | train loss: 0.4744 | validation loss: 0.6068 | validation accuracy: 0.8548 | validation AP: 0.2177
Stopping at epoch 15: validation AP has not improved for 4 epochs.
Best epoch: 11 | validation AP: 0.2496 | epochs run: 15

Validation classification report:
              precision    recall  f1-score   support

  disengaged     0.3333    0.1235    0.1802       332
     engaged     0.8936    0.9675    0.9291      2526

    accuracy                         0.8695      2858
   macro avg     0.6135    0.5455    0.5547      2858
weighted avg     0.8285    0.8695    0.8421      2858

Confusion matrix (rows: actual, columns: predicted):
[[  41  291]
 [  82 2444]]
Epoch 1/50 | train loss: 0.644 | validation loss: 0.6364 | validation accuracy: 0.7215 | validation AP: 0.2329
Epoch 2/50 | train loss: 0.615 | validation loss: 0.6456 | validation accuracy: 0.7285 | validation AP: 0.2393
Epoch 3/50 | train loss: 0.6042 | validation loss: 0.6719 | validation accuracy: 0.7533 | validation AP: 0.2173
Epoch 4/50 | train loss: 0.5974 | validation loss: 0.6711 | validation accuracy: 0.7526 | validation AP: 0.2429
Epoch 5/50 | train loss: 0.574 | validation loss: 0.7353 | validation accuracy: 0.7736 | validation AP: 0.2714
Epoch 6/50 | train loss: 0.5704 | validation loss: 0.6379 | validation accuracy: 0.6879 | validation AP: 0.2267
Epoch 7/50 | train loss: 0.5638 | validation loss: 0.7532 | validation accuracy: 0.7761 | validation AP: 0.1973[I 2026-10-09 03:52:45,425] Trial 7 finished with value: 0.2857554403735924 and parameters: {'hidden_size': 40, 'num_layers': 1, 'dropout': 0.1, 'learning_rate': 0.0026698666742744613, 'batch_size': 32}. Best is trial 7 with value: 0.2857554403735924.
[I 2026-10-09 03:55:38,793] Trial 8 finished with value: 0.29416881191727695 and parameters: {'hidden_size': 66, 'num_layers': 2, 'dropout': 0.25, 'learning_rate': 0.0010402587615883842, 'batch_size': 8}. Best is trial 8 with value: 0.29416881191727695.

Epoch 8/50 | train loss: 0.5477 | validation loss: 0.7074 | validation accuracy: 0.7285 | validation AP: 0.1807
Epoch 9/50 | train loss: 0.5426 | validation loss: 0.6509 | validation accuracy: 0.6655 | validation AP: 0.224
Stopping at epoch 9: validation AP has not improved for 4 epochs.
Best epoch: 5 | validation AP: 0.2714 | epochs run: 9

Validation classification report:
              precision    recall  f1-score   support

  disengaged     0.2520    0.4819    0.3309       332
     engaged     0.9226    0.8120    0.8638      2526

    accuracy                         0.7736      2858
   macro avg     0.5873    0.6469    0.5973      2858
weighted avg     0.8447    0.7736    0.8019      2858

Confusion matrix (rows: actual, columns: predicted):
[[ 160  172]
 [ 475 2051]]
Epoch 1/50 | train loss: 0.6377 | validation loss: 0.7046 | validation accuracy: 0.7978 | validation AP: 0.2057
Epoch 2/50 | train loss: 0.6151 | validation loss: 0.6712 | validation accuracy: 0.8055 | validation AP: 0.2289
Epoch 3/50 | train loss: 0.5956 | validation loss: 0.6553 | validation accuracy: 0.7827 | validation AP: 0.2672
Epoch 4/50 | train loss: 0.5881 | validation loss: 0.6296 | validation accuracy: 0.5721 | validation AP: 0.2394
Epoch 5/50 | train loss: 0.5828 | validation loss: 0.6972 | validation accuracy: 0.7253 | validation AP: 0.1959
Epoch 6/50 | train loss: 0.5712 | validation loss: 0.679 | validation accuracy: 0.7222 | validation AP: 0.2284
Epoch 7/50 | train loss: 0.5583 | validation loss: 0.686 | validation accuracy: 0.7393 | validation AP: 0.2341
Stopping at epoch 7: validation AP has not improved for 4 epochs.
Best epoch: 3 | validation AP: 0.2672 | epochs run: 7

Validation classification report:
              precision    recall  f1-score   support

  disengaged     0.2451    0.4187    0.3092       332
     engaged     0.9158    0.8306    0.8711      2526

    accuracy                         0.7827      2858
   macro avg     0.5805    0.6246    0.5902      2858
weighted avg     0.8379    0.7827    0.8058      2858

Confusion matrix (rows: actual, columns: predicted):
[[ 139  193]
 [ 428 2098]]
Epoch 1/50 | train loss: 0.6517 | validation loss: 0.6637 | validation accuracy: 0.7981 | validation AP: 0.2524
Epoch 2/50 | train loss: 0.6171 | validation loss: 0.674 | validation accuracy: 0.7537 | validation AP: 0.2338
Epoch 3/50 | train loss: 0.5951 | validation loss: 0.6498 | validation accuracy: 0.7033 | validation AP: 0.2188
Epoch 4/50 | train loss: 0.5861 | validation loss: 0.6454 | validation accuracy: 0.7187 | validation AP: 0.2351
Epoch 5/50 | train loss: 0.5789 | validation loss: 0.6519 | validation accuracy: 0.7033 | validation AP: 0.2334
Stopping at epoch 5: validation AP has not improved for 4 epochs.
Best epoch: 1 | validation AP: 0.2524 | epochs run: 5

Validation classification report:
              precision    recall  f1-score   support

  disengaged     0.2603    0.4006    0.3155       332
     engaged     0.9152    0.8504    0.8816      2526

    accuracy                         0.7981      2858
   macro avg     0.5877    0.6255    0.5986      2858
weighted avg     0.8391    0.7981    0.8158      2858

Confusion matrix (rows: actual, columns: predicted):
[[ 133  199]
 [ 378 2148]]
Epoch 1/50 | train loss: 0.5336 | validation loss: 0.565 | validation accuracy: 0.8695 | validation AP: 0.2722
Epoch 2/50 | train loss: 0.5027 | validation loss: 0.5952 | validation accuracy: 0.8328 | validation AP: 0.2218
Epoch 3/50 | train loss: 0.4915 | validation loss: 0.626 | validation accuracy: 0.8394 | validation AP: 0.2029
Epoch 4/50 | train loss: 0.5041 | validation loss: 0.5723 | validation accuracy: 0.8446 | validation AP: 0.2414
Epoch 5/50 | train loss: 0.4867 | validation loss: 0.5796 | validation accuracy: 0.8293 | validation AP: 0.2671
Stopping at epoch 5: validation AP has not improved for 4 epochs.
Best epoch: 1 | validation AP: 0.2722 | epochs run: 5

Validation classification report:
              precision    recall  f1-score   support

  disengaged     0.3586    0.1566    0.2180       332
     engaged     0.8968    0.9632    0.9288      2526

    accuracy                         0.8695      2858
   macro avg     0.6277    0.5599    0.5734      2858
weighted avg     0.8343    0.8695    0.8462      2858

Confusion matrix (rows: actual, columns: predicted):
[[  52  280]
 [  93 2433]]
Epoch 1/50 | train loss: 0.5307 | validation loss: 0.6172 | validation accuracy: 0.8691 | validation AP: 0.2487
Epoch 2/50 | train loss: 0.5118 | validation loss: 0.597 | validation accuracy: 0.8726 | validation AP: 0.2475
Epoch 3/50 | train loss: 0.4984 | validation loss: 0.5682 | validation accuracy: 0.8796 | validation AP: 0.2815
Epoch 4/50 | train loss: 0.4958 | validation loss: 0.5779 | validation accuracy: 0.8055 | validation AP: 0.2042
Epoch 5/50 | train loss: 0.4896 | validation loss: 0.6005 | validation accuracy: 0.8086 | validation AP: 0.199
Epoch 6/50 | train loss: 0.482 | validation loss: 0.644 | validation accuracy: 0.8478 | validation AP: 0.2274
Epoch 7/50 | train loss: 0.4823 | validation loss: 0.5867 | validation accuracy: 0.8394 | validation AP: 0.2346
Stopping at epoch 7: validation AP has not improved for 4 epochs.
Best epoch: 3 | validation AP: 0.2815 | epochs run: 7

Validation classification report:
              precision    recall  f1-score   support

  disengaged     0.4388    0.1295    0.2000       332
     engaged     0.8953    0.9782    0.9349      2526

    accuracy                         0.8796      2858
   macro avg     0.6670    0.5539    0.5675      2858
weighted avg     0.8423    0.8796    0.8496      2858

Confusion matrix (rows: actual, columns: predicted):
[[  43  289]
 [  55 2471]]
Epoch 1/50 | train loss: 0.5254 | validation loss: 0.6263 | validation accuracy: 0.8621 | validation AP: 0.1957
Epoch 2/50 | train loss: 0.51 | validation loss: 0.6222 | validation accuracy: 0.8307 | validation AP: 0.178
Epoch 3/50 | train loss: 0.4963 | validation loss: 0.5973 | validation accuracy: 0.8062 | validation AP: 0.1926
Epoch 4/50 | train loss: 0.4868 | validation loss: 0.6246 | validation accuracy: 0.8303 | validation AP: 0.1854
Epoch 5/50 | train loss: 0.4825 | validation loss: 0.5829 | validation accuracy: 0.8502 | validation AP: 0.22
Epoch 6/50 | train loss: 0.4828 | validation loss: 0.6023 | validation accuracy: 0.8485 | validation AP: 0.2118
Epoch 7/50 | train loss: 0.4752 | validation loss: 0.6071 | validation accuracy: 0.8352 | validation AP: 0.1979
Epoch 8/50 | train loss: 0.4654 | validation loss: 0.5646 | validation accuracy: 0.8425 | validation AP: 0.2656
Epoch 9/50 | train loss: 0.4634 | validation loss: 0.6001 | validation accuracy: 0.8439 | validation AP: 0.221
Epoch 10/50 | train loss: 0.4541 | validation loss: 0.7003 | validation accuracy: 0.7789 | validation AP: 0.1606
Epoch 11/50 | train loss: 0.4492 | validation loss: 0.6305 | validation accuracy: 0.8695 | validation AP: 0.237
Epoch 12/50 | train loss: 0.4508 | validation loss: 0.6059 | validation accuracy: 0.8565 | validation AP: 0.2057
Stopping at epoch 12: validation AP has not improved for 4 epochs.
Best epoch: 8 | validation AP: 0.2656 | epochs run: 12

Validation classification report:
              precision    recall  f1-score   support

  disengaged     0.3007    0.2681    0.2834       332
     engaged     0.9052    0.9181    0.9116      2526

    accuracy                         0.8425      2858
   macro avg     0.6029    0.5931    0.5975      2858
weighted avg     0.8349    0.8425    0.8386      2858

Confusion matrix (rows: actual, columns: predicted):
[[  89  243]
 [ 207 2319]]
Epoch 1/50 | train loss: 0.6434 | validation loss: 0.6377 | validation accuracy: 0.7516 | validation AP: 0.251
Epoch 2/50 | train loss: 0.6166 | validation loss: 0.6458 | validation accuracy: 0.7351 | validation AP: 0.2591
Epoch 3/50 | train loss: 0.6071 | validation loss: 0.6673 | validation accuracy: 0.7526 | validation AP: 0.2304
Epoch 4/50 | train loss: 0.6028 | validation loss: 0.6641 | validation accuracy: 0.725 | validation AP: 0.247
Epoch 5/50 | train loss: 0.5755 | validation loss: 0.731 | validation accuracy: 0.7757 | validation AP: 0.2701
Epoch 6/50 | train loss: 0.5733 | validation loss: 0.6291 | validation accuracy: 0.6617 | validation AP: 0.2346[I 2026-10-09 03:56:12,250] Trial 9 finished with value: 0.279037412379107 and parameters: {'hidden_size': 33, 'num_layers': 1, 'dropout': 0.1, 'learning_rate': 0.005532496914298506, 'batch_size': 32}. Best is trial 8 with value: 0.29416881191727695.
[I 2026-10-09 03:59:48,157] Trial 10 finished with value: 0.2795571386444046 and parameters: {'hidden_size': 20, 'num_layers': 3, 'dropout': 0.25, 'learning_rate': 0.0011108639120394781, 'batch_size': 8}. Best is trial 8 with value: 0.29416881191727695.

Epoch 7/50 | train loss: 0.5653 | validation loss: 0.741 | validation accuracy: 0.7624 | validation AP: 0.197
Epoch 8/50 | train loss: 0.5443 | validation loss: 0.7119 | validation accuracy: 0.711 | validation AP: 0.1772
Epoch 9/50 | train loss: 0.5442 | validation loss: 0.6789 | validation accuracy: 0.627 | validation AP: 0.1987
Stopping at epoch 9: validation AP has not improved for 4 epochs.
Best epoch: 5 | validation AP: 0.2701 | epochs run: 9

Validation classification report:
              precision    recall  f1-score   support

  disengaged     0.2446    0.4458    0.3159       332
     engaged     0.9183    0.8191    0.8659      2526

    accuracy                         0.7757      2858
   macro avg     0.5815    0.6324    0.5909      2858
weighted avg     0.8401    0.7757    0.8020      2858

Confusion matrix (rows: actual, columns: predicted):
[[ 148  184]
 [ 457 2069]]
Epoch 1/50 | train loss: 0.6375 | validation loss: 0.7309 | validation accuracy: 0.8093 | validation AP: 0.2532
Epoch 2/50 | train loss: 0.6094 | validation loss: 0.7157 | validation accuracy: 0.8072 | validation AP: 0.2527
Epoch 3/50 | train loss: 0.5918 | validation loss: 0.6823 | validation accuracy: 0.7999 | validation AP: 0.258
Epoch 4/50 | train loss: 0.5851 | validation loss: 0.6396 | validation accuracy: 0.5689 | validation AP: 0.2483
Epoch 5/50 | train loss: 0.5765 | validation loss: 0.6894 | validation accuracy: 0.733 | validation AP: 0.2236
Epoch 6/50 | train loss: 0.5677 | validation loss: 0.7201 | validation accuracy: 0.7586 | validation AP: 0.2423
Epoch 7/50 | train loss: 0.561 | validation loss: 0.6837 | validation accuracy: 0.7841 | validation AP: 0.2541
Stopping at epoch 7: validation AP has not improved for 4 epochs.
Best epoch: 3 | validation AP: 0.258 | epochs run: 7

Validation classification report:
              precision    recall  f1-score   support

  disengaged     0.2590    0.3886    0.3108       332
     engaged     0.9140    0.8539    0.8829      2526

    accuracy                         0.7999      2858
   macro avg     0.5865    0.6212    0.5969      2858
weighted avg     0.8379    0.7999    0.8165      2858

Confusion matrix (rows: actual, columns: predicted):
[[ 129  203]
 [ 369 2157]]
Epoch 1/50 | train loss: 0.6479 | validation loss: 0.6688 | validation accuracy: 0.8125 | validation AP: 0.2495
Epoch 2/50 | train loss: 0.6137 | validation loss: 0.684 | validation accuracy: 0.7498 | validation AP: 0.2274
Epoch 3/50 | train loss: 0.5936 | validation loss: 0.668 | validation accuracy: 0.7421 | validation AP: 0.2139
Epoch 4/50 | train loss: 0.5861 | validation loss: 0.6924 | validation accuracy: 0.7456 | validation AP: 0.2013
Epoch 5/50 | train loss: 0.575 | validation loss: 0.6736 | validation accuracy: 0.747 | validation AP: 0.2193
Stopping at epoch 5: validation AP has not improved for 4 epochs.
Best epoch: 1 | validation AP: 0.2495 | epochs run: 5

Validation classification report:
              precision    recall  f1-score   support

  disengaged     0.2594    0.3313    0.2910       332
     engaged     0.9088    0.8757    0.8919      2526

    accuracy                         0.8125      2858
   macro avg     0.5841    0.6035    0.5915      2858
weighted avg     0.8334    0.8125    0.8221      2858

Confusion matrix (rows: actual, columns: predicted):
[[ 110  222]
 [ 314 2212]]
Epoch 1/50 | train loss: 0.5369 | validation loss: 0.5932 | validation accuracy: 0.8705 | validation AP: 0.2058
Epoch 2/50 | train loss: 0.5083 | validation loss: 0.6027 | validation accuracy: 0.8387 | validation AP: 0.2081
Epoch 3/50 | train loss: 0.495 | validation loss: 0.6118 | validation accuracy: 0.845 | validation AP: 0.2204
Epoch 4/50 | train loss: 0.4984 | validation loss: 0.5809 | validation accuracy: 0.8289 | validation AP: 0.2527
Epoch 5/50 | train loss: 0.4852 | validation loss: 0.5827 | validation accuracy: 0.8121 | validation AP: 0.2604
Epoch 6/50 | train loss: 0.4814 | validation loss: 0.5607 | validation accuracy: 0.8366 | validation AP: 0.2463
Epoch 7/50 | train loss: 0.4714 | validation loss: 0.6207 | validation accuracy: 0.8537 | validation AP: 0.1822
Epoch 8/50 | train loss: 0.46 | validation loss: 0.6293 | validation accuracy: 0.839 | validation AP: 0.2
Epoch 9/50 | train loss: 0.4625 | validation loss: 0.6166 | validation accuracy: 0.8195 | validation AP: 0.2176
Stopping at epoch 9: validation AP has not improved for 4 epochs.
Best epoch: 5 | validation AP: 0.2604 | epochs run: 9

Validation classification report:
              precision    recall  f1-score   support

  disengaged     0.2644    0.3464    0.2999       332
     engaged     0.9104    0.8733    0.8915      2526

    accuracy                         0.8121      2858
   macro avg     0.5874    0.6099    0.5957      2858
weighted avg     0.8354    0.8121    0.8228      2858

Confusion matrix (rows: actual, columns: predicted):
[[ 115  217]
 [ 320 2206]]
Epoch 1/50 | train loss: 0.5313 | validation loss: 0.614 | validation accuracy: 0.8565 | validation AP: 0.225
Epoch 2/50 | train loss: 0.5184 | validation loss: 0.594 | validation accuracy: 0.8723 | validation AP: 0.2567
Epoch 3/50 | train loss: 0.4962 | validation loss: 0.5685 | validation accuracy: 0.8656 | validation AP: 0.2702
Epoch 4/50 | train loss: 0.4953 | validation loss: 0.5765 | validation accuracy: 0.7838 | validation AP: 0.2067
Epoch 5/50 | train loss: 0.4913 | validation loss: 0.6049 | validation accuracy: 0.8142 | validation AP: 0.1897
Epoch 6/50 | train loss: 0.4786 | validation loss: 0.6516 | validation accuracy: 0.8551 | validation AP: 0.2248
Epoch 7/50 | train loss: 0.4778 | validation loss: 0.6115 | validation accuracy: 0.8492 | validation AP: 0.2266
Stopping at epoch 7: validation AP has not improved for 4 epochs.
Best epoch: 3 | validation AP: 0.2702 | epochs run: 7

Validation classification report:
              precision    recall  f1-score   support

  disengaged     0.3333    0.1566    0.2131       332
     engaged     0.8964    0.9588    0.9265      2526

    accuracy                         0.8656      2858
   macro avg     0.6149    0.5577    0.5698      2858
weighted avg     0.8310    0.8656    0.8437      2858

Confusion matrix (rows: actual, columns: predicted):
[[  52  280]
 [ 104 2422]]
Epoch 1/50 | train loss: 0.5293 | validation loss: 0.6431 | validation accuracy: 0.8614 | validation AP: 0.2035
Epoch 2/50 | train loss: 0.5113 | validation loss: 0.6155 | validation accuracy: 0.8747 | validation AP: 0.209
Epoch 3/50 | train loss: 0.4972 | validation loss: 0.5879 | validation accuracy: 0.8352 | validation AP: 0.2024
Epoch 4/50 | train loss: 0.4846 | validation loss: 0.61 | validation accuracy: 0.8555 | validation AP: 0.2049
Epoch 5/50 | train loss: 0.4817 | validation loss: 0.5777 | validation accuracy: 0.853 | validation AP: 0.2344
Epoch 6/50 | train loss: 0.4802 | validation loss: 0.6173 | validation accuracy: 0.8373 | validation AP: 0.2047
Epoch 7/50 | train loss: 0.4781 | validation loss: 0.6236 | validation accuracy: 0.8488 | validation AP: 0.196
Epoch 8/50 | train loss: 0.4682 | validation loss: 0.5715 | validation accuracy: 0.8509 | validation AP: 0.2397
Epoch 9/50 | train loss: 0.4624 | validation loss: 0.6258 | validation accuracy: 0.8534 | validation AP: 0.2089
Epoch 10/50 | train loss: 0.4538 | validation loss: 0.6834 | validation accuracy: 0.7792 | validation AP: 0.1641
Epoch 11/50 | train loss: 0.4495 | validation loss: 0.6668 | validation accuracy: 0.8737 | validation AP: 0.2261
Epoch 12/50 | train loss: 0.4557 | validation loss: 0.6151 | validation accuracy: 0.8527 | validation AP: 0.2155
Stopping at epoch 12: validation AP has not improved for 4 epochs.
Best epoch: 8 | validation AP: 0.2397 | epochs run: 12

Validation classification report:
              precision    recall  f1-score   support

  disengaged     0.2920    0.1988    0.2366       332
     engaged     0.8989    0.9367    0.9174      2526

    accuracy                         0.8509      2858
   macro avg     0.5955    0.5677    0.5770      2858
weighted avg     0.8284    0.8509    0.8383      2858

Confusion matrix (rows: actual, columns: predicted):
[[  66  266]
 [ 160 2366]]
Epoch 1/50 | train loss: 0.6496 | validation loss: 0.6373 | validation accuracy: 0.7218 | validation AP: 0.2177[I 2026-10-09 04:00:25,847] Trial 11 finished with value: 0.2750931028421588 and parameters: {'hidden_size': 41, 'num_layers': 2, 'dropout': 0.25, 'learning_rate': 0.0012559906677605008, 'batch_size': 32}. Best is trial 8 with value: 0.29416881191727695.

Epoch 2/50 | train loss: 0.6212 | validation loss: 0.6358 | validation accuracy: 0.7292 | validation AP: 0.2441
Epoch 3/50 | train loss: 0.6056 | validation loss: 0.6656 | validation accuracy: 0.7596 | validation AP: 0.2276
Epoch 4/50 | train loss: 0.6076 | validation loss: 0.6668 | validation accuracy: 0.7673 | validation AP: 0.2581
Epoch 5/50 | train loss: 0.5867 | validation loss: 0.7319 | validation accuracy: 0.7873 | validation AP: 0.2767
Epoch 6/50 | train loss: 0.5829 | validation loss: 0.6225 | validation accuracy: 0.6473 | validation AP: 0.2489
Epoch 7/50 | train loss: 0.587 | validation loss: 0.7421 | validation accuracy: 0.7747 | validation AP: 0.2005
Epoch 8/50 | train loss: 0.5625 | validation loss: 0.6944 | validation accuracy: 0.7369 | validation AP: 0.2154
Epoch 9/50 | train loss: 0.5615 | validation loss: 0.6478 | validation accuracy: 0.6662 | validation AP: 0.2413
Stopping at epoch 9: validation AP has not improved for 4 epochs.
Best epoch: 5 | validation AP: 0.2767 | epochs run: 9

Validation classification report:
              precision    recall  f1-score   support

  disengaged     0.2553    0.4337    0.3214       332
     engaged     0.9180    0.8337    0.8739      2526

    accuracy                         0.7873      2858
   macro avg     0.5867    0.6337    0.5976      2858
weighted avg     0.8411    0.7873    0.8097      2858

Confusion matrix (rows: actual, columns: predicted):
[[ 144  188]
 [ 420 2106]]
Epoch 1/50 | train loss: 0.641 | validation loss: 0.6812 | validation accuracy: 0.7953 | validation AP: 0.2203
Epoch 2/50 | train loss: 0.6162 | validation loss: 0.6632 | validation accuracy: 0.781 | validation AP: 0.2475
Epoch 3/50 | train loss: 0.5992 | validation loss: 0.6522 | validation accuracy: 0.8009 | validation AP: 0.2761
Epoch 4/50 | train loss: 0.5975 | validation loss: 0.6271 | validation accuracy: 0.5633 | validation AP: 0.2394
Epoch 5/50 | train loss: 0.5922 | validation loss: 0.6862 | validation accuracy: 0.7344 | validation AP: 0.2242
Epoch 6/50 | train loss: 0.5853 | validation loss: 0.69 | validation accuracy: 0.7673 | validation AP: 0.2423
Epoch 7/50 | train loss: 0.5718 | validation loss: 0.6813 | validation accuracy: 0.7495 | validation AP: 0.2317
Stopping at epoch 7: validation AP has not improved for 4 epochs.
Best epoch: 3 | validation AP: 0.2761 | epochs run: 7

Validation classification report:
              precision    recall  f1-score   support

  disengaged     0.2760    0.4398    0.3391       332
     engaged     0.9201    0.8484    0.8828      2526

    accuracy                         0.8009      2858
   macro avg     0.5981    0.6441    0.6110      2858
weighted avg     0.8453    0.8009    0.8196      2858

Confusion matrix (rows: actual, columns: predicted):
[[ 146  186]
 [ 383 2143]]
Epoch 1/50 | train loss: 0.6579 | validation loss: 0.6707 | validation accuracy: 0.7929 | validation AP: 0.2283
Epoch 2/50 | train loss: 0.6226 | validation loss: 0.6719 | validation accuracy: 0.7586 | validation AP: 0.2156
Epoch 3/50 | train loss: 0.6009 | validation loss: 0.6829 | validation accuracy: 0.7194 | validation AP: 0.192
Epoch 4/50 | train loss: 0.5939 | validation loss: 0.6651 | validation accuracy: 0.7481 | validation AP: 0.221
Epoch 5/50 | train loss: 0.5864 | validation loss: 0.6649 | validation accuracy: 0.7323 | validation AP: 0.2227
Stopping at epoch 5: validation AP has not improved for 4 epochs.
Best epoch: 1 | validation AP: 0.2283 | epochs run: 5

Validation classification report:
              precision    recall  f1-score   support

  disengaged     0.2490    0.3886    0.3035       332
     engaged     0.9132    0.8460    0.8783      2526

    accuracy                         0.7929      2858
   macro avg     0.5811    0.6173    0.5909      2858
weighted avg     0.8361    0.7929    0.8116      2858

Confusion matrix (rows: actual, columns: predicted):
[[ 129  203]
 [ 389 2137]]
Epoch 1/50 | train loss: 0.5337 | validation loss: 0.5861 | validation accuracy: 0.873 | validation AP: 0.2215
Epoch 2/50 | train loss: 0.5106 | validation loss: 0.6011 | validation accuracy: 0.8457 | validation AP: 0.2143
Epoch 3/50 | train loss: 0.4938 | validation loss: 0.62 | validation accuracy: 0.8464 | validation AP: 0.2022
Epoch 4/50 | train loss: 0.4974 | validation loss: 0.5752 | validation accuracy: 0.8397 | validation AP: 0.2386
Epoch 5/50 | train loss: 0.4846 | validation loss: 0.572 | validation accuracy: 0.853 | validation AP: 0.2429
Epoch 6/50 | train loss: 0.4787 | validation loss: 0.57 | validation accuracy: 0.8265 | validation AP: 0.238
Epoch 7/50 | train loss: 0.4724 | validation loss: 0.6286 | validation accuracy: 0.8534 | validation AP: 0.1522
Epoch 8/50 | train loss: 0.4627 | validation loss: 0.6157 | validation accuracy: 0.8653 | validation AP: 0.2034
Epoch 9/50 | train loss: 0.4649 | validation loss: 0.6066 | validation accuracy: 0.8478 | validation AP: 0.1955
Stopping at epoch 9: validation AP has not improved for 4 epochs.
Best epoch: 5 | validation AP: 0.2429 | epochs run: 9

Validation classification report:
              precision    recall  f1-score   support

  disengaged     0.2885    0.1807    0.2222       332
     engaged     0.8974    0.9414    0.9189      2526

    accuracy                         0.8530      2858
   macro avg     0.5929    0.5611    0.5705      2858
weighted avg     0.8266    0.8530    0.8379      2858

Confusion matrix (rows: actual, columns: predicted):
[[  60  272]
 [ 148 2378]]
Epoch 1/50 | train loss: 0.5336 | validation loss: 0.6043 | validation accuracy: 0.867 | validation AP: 0.2384
Epoch 2/50 | train loss: 0.5152 | validation loss: 0.6055 | validation accuracy: 0.8733 | validation AP: 0.2562
Epoch 3/50 | train loss: 0.4951 | validation loss: 0.5616 | validation accuracy: 0.866 | validation AP: 0.2779
Epoch 4/50 | train loss: 0.4993 | validation loss: 0.573 | validation accuracy: 0.8328 | validation AP: 0.2136
Epoch 5/50 | train loss: 0.4891 | validation loss: 0.5917 | validation accuracy: 0.8436 | validation AP: 0.2139
Epoch 6/50 | train loss: 0.4767 | validation loss: 0.6499 | validation accuracy: 0.8509 | validation AP: 0.2156
Epoch 7/50 | train loss: 0.4798 | validation loss: 0.5923 | validation accuracy: 0.8562 | validation AP: 0.2359
Stopping at epoch 7: validation AP has not improved for 4 epochs.
Best epoch: 3 | validation AP: 0.2779 | epochs run: 7

Validation classification report:
              precision    recall  f1-score   support

  disengaged     0.3455    0.1717    0.2294       332
     engaged     0.8979    0.9572    0.9266      2526

    accuracy                         0.8660      2858
   macro avg     0.6217    0.5645    0.5780      2858
weighted avg     0.8337    0.8660    0.8456      2858

Confusion matrix (rows: actual, columns: predicted):
[[  57  275]
 [ 108 2418]]
Epoch 1/50 | train loss: 0.5262 | validation loss: 0.6226 | validation accuracy: 0.8597 | validation AP: 0.1681
Epoch 2/50 | train loss: 0.5125 | validation loss: 0.6264 | validation accuracy: 0.8359 | validation AP: 0.1692
Epoch 3/50 | train loss: 0.5024 | validation loss: 0.5878 | validation accuracy: 0.8254 | validation AP: 0.1953
Epoch 4/50 | train loss: 0.4889 | validation loss: 0.6225 | validation accuracy: 0.8265 | validation AP: 0.1807
Epoch 5/50 | train loss: 0.4824 | validation loss: 0.5837 | validation accuracy: 0.8551 | validation AP: 0.212
Epoch 6/50 | train loss: 0.4865 | validation loss: 0.5993 | validation accuracy: 0.839 | validation AP: 0.1984
Epoch 7/50 | train loss: 0.4791 | validation loss: 0.5916 | validation accuracy: 0.8355 | validation AP: 0.2054
Epoch 8/50 | train loss: 0.47 | validation loss: 0.559 | validation accuracy: 0.839 | validation AP: 0.2596
Epoch 9/50 | train loss: 0.4659 | validation loss: 0.5849 | validation accuracy: 0.852 | validation AP: 0.2237
Epoch 10/50 | train loss: 0.4533 | validation loss: 0.7791 | validation accuracy: 0.7561 | validation AP: 0.1431
Epoch 11/50 | train loss: 0.4493 | validation loss: 0.6467 | validation accuracy: 0.8751 | validation AP: 0.2298
Epoch 12/50 | train loss: 0.4516 | validation loss: 0.5801 | validation accuracy: 0.8481 | validation AP: 0.227
Stopping at epoch 12: validation AP has not improved for 4 epochs.[I 2026-10-09 04:03:31,810] Trial 12 finished with value: 0.28483806982166376 and parameters: {'hidden_size': 107, 'num_layers': 2, 'dropout': 0.0, 'learning_rate': 0.0010497907493401087, 'batch_size': 8}. Best is trial 8 with value: 0.29416881191727695.
[I 2026-10-09 04:06:22,113] Trial 13 finished with value: 0.2691414671576991 and parameters: {'hidden_size': 27, 'num_layers': 1, 'dropout': 0.25, 'learning_rate': 0.0009026281483239253, 'batch_size': 8}. Best is trial 8 with value: 0.29416881191727695.

Best epoch: 8 | validation AP: 0.2596 | epochs run: 12

Validation classification report:
              precision    recall  f1-score   support

  disengaged     0.2895    0.2651    0.2767       332
     engaged     0.9045    0.9145    0.9094      2526

    accuracy                         0.8390      2858
   macro avg     0.5970    0.5898    0.5931      2858
weighted avg     0.8330    0.8390    0.8359      2858

Confusion matrix (rows: actual, columns: predicted):
[[  88  244]
 [ 216 2310]]
Epoch 1/50 | train loss: 0.5336 | validation loss: 0.5832 | validation accuracy: 0.8733 | validation AP: 0.2183
Epoch 2/50 | train loss: 0.4985 | validation loss: 0.5968 | validation accuracy: 0.8597 | validation AP: 0.2139
Epoch 3/50 | train loss: 0.4827 | validation loss: 0.6086 | validation accuracy: 0.8558 | validation AP: 0.2121
Epoch 4/50 | train loss: 0.4957 | validation loss: 0.5912 | validation accuracy: 0.8586 | validation AP: 0.2329
Epoch 5/50 | train loss: 0.4806 | validation loss: 0.5791 | validation accuracy: 0.8314 | validation AP: 0.2647
Epoch 6/50 | train loss: 0.4749 | validation loss: 0.5626 | validation accuracy: 0.8411 | validation AP: 0.2417
Epoch 7/50 | train loss: 0.473 | validation loss: 0.6074 | validation accuracy: 0.8303 | validation AP: 0.1868
Epoch 8/50 | train loss: 0.4592 | validation loss: 0.6061 | validation accuracy: 0.8576 | validation AP: 0.2042
Epoch 9/50 | train loss: 0.4664 | validation loss: 0.5992 | validation accuracy: 0.8219 | validation AP: 0.2072
Stopping at epoch 9: validation AP has not improved for 4 epochs.
Best epoch: 5 | validation AP: 0.2647 | epochs run: 9

Validation classification report:
              precision    recall  f1-score   support

  disengaged     0.2905    0.3133    0.3014       332
     engaged     0.9088    0.8994    0.9041      2526

    accuracy                         0.8314      2858
   macro avg     0.5997    0.6063    0.6028      2858
weighted avg     0.8370    0.8314    0.8341      2858

Confusion matrix (rows: actual, columns: predicted):
[[ 104  228]
 [ 254 2272]]
Epoch 1/50 | train loss: 0.5245 | validation loss: 0.611 | validation accuracy: 0.8513 | validation AP: 0.198
Epoch 2/50 | train loss: 0.508 | validation loss: 0.5933 | validation accuracy: 0.8733 | validation AP: 0.2122
Epoch 3/50 | train loss: 0.494 | validation loss: 0.5774 | validation accuracy: 0.8761 | validation AP: 0.2482
Epoch 4/50 | train loss: 0.4884 | validation loss: 0.5713 | validation accuracy: 0.8051 | validation AP: 0.2311
Epoch 5/50 | train loss: 0.4834 | validation loss: 0.5919 | validation accuracy: 0.8317 | validation AP: 0.2025
Epoch 6/50 | train loss: 0.4729 | validation loss: 0.6226 | validation accuracy: 0.8572 | validation AP: 0.2345
Epoch 7/50 | train loss: 0.4746 | validation loss: 0.5946 | validation accuracy: 0.8432 | validation AP: 0.2241
Stopping at epoch 7: validation AP has not improved for 4 epochs.
Best epoch: 3 | validation AP: 0.2482 | epochs run: 7

Validation classification report:
              precision    recall  f1-score   support

  disengaged     0.3625    0.0873    0.1408       332
     engaged     0.8909    0.9798    0.9333      2526

    accuracy                         0.8761      2858
   macro avg     0.6267    0.5336    0.5370      2858
weighted avg     0.8295    0.8761    0.8412      2858

Confusion matrix (rows: actual, columns: predicted):
[[  29  303]
 [  51 2475]]
Epoch 1/50 | train loss: 0.5224 | validation loss: 0.6285 | validation accuracy: 0.8656 | validation AP: 0.2037
Epoch 2/50 | train loss: 0.5032 | validation loss: 0.6219 | validation accuracy: 0.859 | validation AP: 0.195
Epoch 3/50 | train loss: 0.4932 | validation loss: 0.5953 | validation accuracy: 0.823 | validation AP: 0.1865
Epoch 4/50 | train loss: 0.4836 | validation loss: 0.6054 | validation accuracy: 0.8597 | validation AP: 0.2099
Epoch 5/50 | train loss: 0.4777 | validation loss: 0.5724 | validation accuracy: 0.8467 | validation AP: 0.2319
Epoch 6/50 | train loss: 0.4818 | validation loss: 0.5831 | validation accuracy: 0.8467 | validation AP: 0.2207
Epoch 7/50 | train loss: 0.4761 | validation loss: 0.5966 | validation accuracy: 0.8429 | validation AP: 0.224
Epoch 8/50 | train loss: 0.4737 | validation loss: 0.5783 | validation accuracy: 0.8404 | validation AP: 0.2092
Epoch 9/50 | train loss: 0.4686 | validation loss: 0.578 | validation accuracy: 0.8478 | validation AP: 0.2329
Epoch 10/50 | train loss: 0.4593 | validation loss: 0.6094 | validation accuracy: 0.8254 | validation AP: 0.2202
Epoch 11/50 | train loss: 0.4517 | validation loss: 0.6258 | validation accuracy: 0.8674 | validation AP: 0.2313
Epoch 12/50 | train loss: 0.4556 | validation loss: 0.5845 | validation accuracy: 0.8338 | validation AP: 0.2264
Epoch 13/50 | train loss: 0.4487 | validation loss: 0.6296 | validation accuracy: 0.8583 | validation AP: 0.2046
Stopping at epoch 13: validation AP has not improved for 4 epochs.
Best epoch: 9 | validation AP: 0.2329 | epochs run: 13

Validation classification report:
              precision    recall  f1-score   support

  disengaged     0.2711    0.1837    0.2190       332
     engaged     0.8971    0.9351    0.9157      2526

    accuracy                         0.8478      2858
   macro avg     0.5841    0.5594    0.5674      2858
weighted avg     0.8244    0.8478    0.8348      2858

Confusion matrix (rows: actual, columns: predicted):
[[  61  271]
 [ 164 2362]]
Epoch 1/50 | train loss: 0.6569 | validation loss: 0.6753 | validation accuracy: 0.7995 | validation AP: 0.1869
Epoch 2/50 | train loss: 0.6362 | validation loss: 0.6656 | validation accuracy: 0.7526 | validation AP: 0.2324
Epoch 3/50 | train loss: 0.6224 | validation loss: 0.6992 | validation accuracy: 0.7267 | validation AP: 0.1957
Epoch 4/50 | train loss: 0.6194 | validation loss: 0.6481 | validation accuracy: 0.6494 | validation AP: 0.2508
Epoch 5/50 | train loss: 0.5999 | validation loss: 0.7494 | validation accuracy: 0.7642 | validation AP: 0.2706
Epoch 6/50 | train loss: 0.6004 | validation loss: 0.6281 | validation accuracy: 0.6214 | validation AP: 0.2114
Epoch 7/50 | train loss: 0.6045 | validation loss: 0.7438 | validation accuracy: 0.5101 | validation AP: 0.1635
Epoch 8/50 | train loss: 0.5916 | validation loss: 0.7387 | validation accuracy: 0.7967 | validation AP: 0.1905
Epoch 9/50 | train loss: 0.5977 | validation loss: 0.6776 | validation accuracy: 0.7449 | validation AP: 0.202
Stopping at epoch 9: validation AP has not improved for 4 epochs.
Best epoch: 5 | validation AP: 0.2706 | epochs run: 9

Validation classification report:
              precision    recall  f1-score   support

  disengaged     0.2455    0.4970    0.3287       332
     engaged     0.9236    0.7993    0.8570      2526

    accuracy                         0.7642      2858
   macro avg     0.5846    0.6481    0.5928      2858
weighted avg     0.8448    0.7642    0.7956      2858

Confusion matrix (rows: actual, columns: predicted):
[[ 165  167]
 [ 507 2019]]
Epoch 1/50 | train loss: 0.65 | validation loss: 0.7795 | validation accuracy: 0.8275 | validation AP: 0.2414
Epoch 2/50 | train loss: 0.6323 | validation loss: 0.6769 | validation accuracy: 0.8156 | validation AP: 0.2625
Epoch 3/50 | train loss: 0.6161 | validation loss: 0.6384 | validation accuracy: 0.774 | validation AP: 0.2782
Epoch 4/50 | train loss: 0.6035 | validation loss: 0.6284 | validation accuracy: 0.5245 | validation AP: 0.2273
Epoch 5/50 | train loss: 0.5947 | validation loss: 0.6721 | validation accuracy: 0.6798 | validation AP: 0.2308
Epoch 6/50 | train loss: 0.586 | validation loss: 0.669 | validation accuracy: 0.7442 | validation AP: 0.2466
Epoch 7/50 | train loss: 0.5832 | validation loss: 0.6644 | validation accuracy: 0.7509 | validation AP: 0.2537
Stopping at epoch 7: validation AP has not improved for 4 epochs.
Best epoch: 3 | validation AP: 0.2782 | epochs run: 7

Validation classification report:
              precision    recall  f1-score   support

  disengaged     0.2508    0.4759    0.3285       332
     engaged     0.9219    0.8131    0.8641      2526

    accuracy                         0.7740      2858
   macro avg     0.5863    0.6445    0.5963      2858
weighted avg     0.8439    0.7740    0.8019      2858
[I 2026-10-09 04:06:57,060] Trial 14 finished with value: 0.2906343073215452 and parameters: {'hidden_size': 86, 'num_layers': 2, 'dropout': 0.1, 'learning_rate': 0.0029515858000609264, 'batch_size': 32}. Best is trial 8 with value: 0.29416881191727695.
[I 2026-10-09 04:07:33,277] Trial 15 finished with value: 0.28758986348829524 and parameters: {'hidden_size': 114, 'num_layers': 3, 'dropout': 0.1, 'learning_rate': 0.002125354029049971, 'batch_size': 32}. Best is trial 8 with value: 0.29416881191727695.

Confusion matrix (rows: actual, columns: predicted):
[[ 158  174]
 [ 472 2054]]
Epoch 1/50 | train loss: 0.6576 | validation loss: 0.6425 | validation accuracy: 0.7544 | validation AP: 0.2477
Epoch 2/50 | train loss: 0.6292 | validation loss: 0.6773 | validation accuracy: 0.7754 | validation AP: 0.212
Epoch 3/50 | train loss: 0.6075 | validation loss: 0.6679 | validation accuracy: 0.7082 | validation AP: 0.2162
Epoch 4/50 | train loss: 0.5936 | validation loss: 0.6598 | validation accuracy: 0.7638 | validation AP: 0.2412
Epoch 5/50 | train loss: 0.5859 | validation loss: 0.66 | validation accuracy: 0.7701 | validation AP: 0.2299
Stopping at epoch 5: validation AP has not improved for 4 epochs.
Best epoch: 1 | validation AP: 0.2477 | epochs run: 5

Validation classification report:
              precision    recall  f1-score   support

  disengaged     0.2188    0.4337    0.2909       332
     engaged     0.9145    0.7965    0.8515      2526

    accuracy                         0.7544      2858
   macro avg     0.5667    0.6151    0.5712      2858
weighted avg     0.8337    0.7544    0.7863      2858

Confusion matrix (rows: actual, columns: predicted):
[[ 144  188]
 [ 514 2012]]
Epoch 1/50 | train loss: 0.6655 | validation loss: 0.6467 | validation accuracy: 0.802 | validation AP: 0.2729
Epoch 2/50 | train loss: 0.6346 | validation loss: 0.6598 | validation accuracy: 0.712 | validation AP: 0.2445
Epoch 3/50 | train loss: 0.6252 | validation loss: 0.6447 | validation accuracy: 0.7208 | validation AP: 0.2269
Epoch 4/50 | train loss: 0.6279 | validation loss: 0.6359 | validation accuracy: 0.6868 | validation AP: 0.24
Epoch 5/50 | train loss: 0.6072 | validation loss: 0.6955 | validation accuracy: 0.7673 | validation AP: 0.2721
Stopping at epoch 5: validation AP has not improved for 4 epochs.
Best epoch: 1 | validation AP: 0.2729 | epochs run: 5

Validation classification report:
              precision    recall  f1-score   support

  disengaged     0.2602    0.3825    0.3098       332
     engaged     0.9135    0.8571    0.8844      2526

    accuracy                         0.8020      2858
   macro avg     0.5869    0.6198    0.5971      2858
weighted avg     0.8376    0.8020    0.8176      2858

Confusion matrix (rows: actual, columns: predicted):
[[ 127  205]
 [ 361 2165]]
Epoch 1/50 | train loss: 0.6554 | validation loss: 0.7372 | validation accuracy: 0.8348 | validation AP: 0.2429
Epoch 2/50 | train loss: 0.6401 | validation loss: 0.6797 | validation accuracy: 0.8037 | validation AP: 0.2278
Epoch 3/50 | train loss: 0.6233 | validation loss: 0.638 | validation accuracy: 0.7967 | validation AP: 0.2849
Epoch 4/50 | train loss: 0.6109 | validation loss: 0.6298 | validation accuracy: 0.5924 | validation AP: 0.2289
Epoch 5/50 | train loss: 0.61 | validation loss: 0.666 | validation accuracy: 0.6935 | validation AP: 0.2409
Epoch 6/50 | train loss: 0.6008 | validation loss: 0.6596 | validation accuracy: 0.7869 | validation AP: 0.2561
Epoch 7/50 | train loss: 0.5984 | validation loss: 0.6484 | validation accuracy: 0.7607 | validation AP: 0.2457
Stopping at epoch 7: validation AP has not improved for 4 epochs.
Best epoch: 3 | validation AP: 0.2849 | epochs run: 7

Validation classification report:
              precision    recall  f1-score   support

  disengaged     0.2757    0.4608    0.3450       332
     engaged     0.9223    0.8409    0.8797      2526

    accuracy                         0.7967      2858
   macro avg     0.5990    0.6508    0.6123      2858
weighted avg     0.8472    0.7967    0.8176      2858

Confusion matrix (rows: actual, columns: predicted):
[[ 153  179]
 [ 402 2124]]
Epoch 1/50 | train loss: 0.6624 | validation loss: 0.6592 | validation accuracy: 0.7159 | validation AP: 0.2137
Epoch 2/50 | train loss: 0.6316 | validation loss: 0.699 | validation accuracy: 0.7148 | validation AP: 0.1897
Epoch 3/50 | train loss: 0.6167 | validation loss: 0.6425 | validation accuracy: 0.6721 | validation AP: 0.1986
Epoch 4/50 | train loss: 0.6069 | validation loss: 0.6536 | validation accuracy: 0.7799 | validation AP: 0.2509
Epoch 5/50 | train loss: 0.6046 | validation loss: 0.6563 | validation accuracy: 0.7561 | validation AP: 0.2194
Epoch 6/50 | train loss: 0.5904 | validation loss: 0.6628 | validation accuracy: 0.7253 | validation AP: 0.2095
Epoch 7/50 | train loss: 0.5907 | validation loss: 0.7251 | validation accuracy: 0.7964 | validation AP: 0.1918
Epoch 8/50 | train loss: 0.5802 | validation loss: 0.6529 | validation accuracy: 0.5518 | validation AP: 0.195
Stopping at epoch 8: validation AP has not improved for 4 epochs.
Best epoch: 4 | validation AP: 0.2509 | epochs run: 8

Validation classification report:
              precision    recall  f1-score   support

  disengaged     0.2513    0.4518    0.3229       332
     engaged     0.9195    0.8230    0.8686      2526

    accuracy                         0.7799      2858
   macro avg     0.5854    0.6374    0.5958      2858
weighted avg     0.8419    0.7799    0.8052      2858

Confusion matrix (rows: actual, columns: predicted):
[[ 150  182]
 [ 447 2079]]
Epoch 1/50 | train loss: 0.6477 | validation loss: 0.6576 | validation accuracy: 0.7495 | validation AP: 0.1918
Epoch 2/50 | train loss: 0.6193 | validation loss: 0.6475 | validation accuracy: 0.7264 | validation AP: 0.211
Epoch 3/50 | train loss: 0.6166 | validation loss: 0.6635 | validation accuracy: 0.7645 | validation AP: 0.2204
Epoch 4/50 | train loss: 0.6137 | validation loss: 0.6474 | validation accuracy: 0.754 | validation AP: 0.2627
Epoch 5/50 | train loss: 0.5924 | validation loss: 0.6644 | validation accuracy: 0.7701 | validation AP: 0.2817
Epoch 6/50 | train loss: 0.5897 | validation loss: 0.6167 | validation accuracy: 0.6442 | validation AP: 0.2539
Epoch 7/50 | train loss: 0.5911 | validation loss: 0.7125 | validation accuracy: 0.7859 | validation AP: 0.228
Epoch 8/50 | train loss: 0.571 | validation loss: 0.6921 | validation accuracy: 0.7271 | validation AP: 0.2077
Epoch 9/50 | train loss: 0.5719 | validation loss: 0.69 | validation accuracy: 0.6728 | validation AP: 0.2387
Stopping at epoch 9: validation AP has not improved for 4 epochs.
Best epoch: 5 | validation AP: 0.2817 | epochs run: 9

Validation classification report:
              precision    recall  f1-score   support

  disengaged     0.2504    0.4910    0.3316       332
     engaged     0.9234    0.8068    0.8612      2526

    accuracy                         0.7701      2858
   macro avg     0.5869    0.6489    0.5964      2858
weighted avg     0.8452    0.7701    0.7997      2858

Confusion matrix (rows: actual, columns: predicted):
[[ 163  169]
 [ 488 2038]]
Epoch 1/50 | train loss: 0.6381 | validation loss: 0.6965 | validation accuracy: 0.8069 | validation AP: 0.2151
Epoch 2/50 | train loss: 0.6156 | validation loss: 0.6591 | validation accuracy: 0.7708 | validation AP: 0.2522
Epoch 3/50 | train loss: 0.6007 | validation loss: 0.649 | validation accuracy: 0.7838 | validation AP: 0.2823
Epoch 4/50 | train loss: 0.5972 | validation loss: 0.6301 | validation accuracy: 0.6046 | validation AP: 0.2534
Epoch 5/50 | train loss: 0.5923 | validation loss: 0.679 | validation accuracy: 0.7236 | validation AP: 0.2324
Epoch 6/50 | train loss: 0.5863 | validation loss: 0.6884 | validation accuracy: 0.7624 | validation AP: 0.2307
Epoch 7/50 | train loss: 0.5819 | validation loss: 0.6736 | validation accuracy: 0.7579 | validation AP: 0.2384
Stopping at epoch 7: validation AP has not improved for 4 epochs.
Best epoch: 3 | validation AP: 0.2823 | epochs run: 7

Validation classification report:
              precision    recall  f1-score   support

  disengaged     0.2609    0.4699    0.3355       332
     engaged     0.9221    0.8250    0.8709      2526

    accuracy                         0.7838      2858
   macro avg     0.5915    0.6474    0.6032      2858
weighted avg     0.8453    0.7838    0.8087      2858

Confusion matrix (rows: actual, columns: predicted):
[[ 156  176]
 [ 442 2084]]
Epoch 1/50 | train loss: 0.6503 | validation loss: 0.6813 | validation accuracy: 0.8139 | validation AP: 0.2259
Epoch 2/50 | train loss: 0.6261 | validation loss: 0.6614 | validation accuracy: 0.7547 | validation AP: 0.2184[I 2026-10-09 04:08:17,238] Trial 16 finished with value: 0.2902976136971348 and parameters: {'hidden_size': 73, 'num_layers': 2, 'dropout': 0.25, 'learning_rate': 0.0007598536553155922, 'batch_size': 32}. Best is trial 8 with value: 0.29416881191727695.
[I 2026-10-09 04:09:16,071] Trial 17 finished with value: 0.2637312629844335 and parameters: {'hidden_size': 67, 'num_layers': 2, 'dropout': 0.1, 'learning_rate': 0.00357841071380631, 'batch_size': 16}. Best is trial 8 with value: 0.29416881191727695.

Epoch 3/50 | train loss: 0.6077 | validation loss: 0.6511 | validation accuracy: 0.7162 | validation AP: 0.2134
Epoch 4/50 | train loss: 0.6005 | validation loss: 0.6489 | validation accuracy: 0.7379 | validation AP: 0.2195
Epoch 5/50 | train loss: 0.5968 | validation loss: 0.642 | validation accuracy: 0.7173 | validation AP: 0.2349
Epoch 6/50 | train loss: 0.5861 | validation loss: 0.6573 | validation accuracy: 0.7453 | validation AP: 0.2254
Epoch 7/50 | train loss: 0.5847 | validation loss: 0.6863 | validation accuracy: 0.7887 | validation AP: 0.2382
Epoch 8/50 | train loss: 0.575 | validation loss: 0.6462 | validation accuracy: 0.6515 | validation AP: 0.207
Epoch 9/50 | train loss: 0.5687 | validation loss: 0.6726 | validation accuracy: 0.6959 | validation AP: 0.2142
Epoch 10/50 | train loss: 0.5571 | validation loss: 0.6978 | validation accuracy: 0.7491 | validation AP: 0.2319
Epoch 11/50 | train loss: 0.5572 | validation loss: 0.7203 | validation accuracy: 0.8044 | validation AP: 0.2373
Stopping at epoch 11: validation AP has not improved for 4 epochs.
Best epoch: 7 | validation AP: 0.2382 | epochs run: 11

Validation classification report:
              precision    recall  f1-score   support

  disengaged     0.2405    0.3795    0.2944       332
     engaged     0.9117    0.8424    0.8757      2526

    accuracy                         0.7887      2858
   macro avg     0.5761    0.6110    0.5851      2858
weighted avg     0.8338    0.7887    0.8082      2858

Confusion matrix (rows: actual, columns: predicted):
[[ 126  206]
 [ 398 2128]]
Epoch 1/50 | train loss: 0.6212 | validation loss: 0.6264 | validation accuracy: 0.8111 | validation AP: 0.2614
Epoch 2/50 | train loss: 0.593 | validation loss: 0.6574 | validation accuracy: 0.7943 | validation AP: 0.2277
Epoch 3/50 | train loss: 0.5846 | validation loss: 0.6905 | validation accuracy: 0.7908 | validation AP: 0.1889
Epoch 4/50 | train loss: 0.5833 | validation loss: 0.6213 | validation accuracy: 0.6959 | validation AP: 0.2354
Epoch 5/50 | train loss: 0.5671 | validation loss: 0.6712 | validation accuracy: 0.8114 | validation AP: 0.2304
Stopping at epoch 5: validation AP has not improved for 4 epochs.
Best epoch: 1 | validation AP: 0.2614 | epochs run: 5

Validation classification report:
              precision    recall  f1-score   support

  disengaged     0.2536    0.3223    0.2838       332
     engaged     0.9076    0.8753    0.8912      2526

    accuracy                         0.8111      2858
   macro avg     0.5806    0.5988    0.5875      2858
weighted avg     0.8317    0.8111    0.8206      2858

Confusion matrix (rows: actual, columns: predicted):
[[ 107  225]
 [ 315 2211]]
Epoch 1/50 | train loss: 0.623 | validation loss: 0.6966 | validation accuracy: 0.88 | validation AP: 0.2619
Epoch 2/50 | train loss: 0.5996 | validation loss: 0.6718 | validation accuracy: 0.8499 | validation AP: 0.2452
Epoch 3/50 | train loss: 0.5777 | validation loss: 0.652 | validation accuracy: 0.8628 | validation AP: 0.2614
Epoch 4/50 | train loss: 0.5787 | validation loss: 0.8042 | validation accuracy: 0.8303 | validation AP: 0.1247
Epoch 5/50 | train loss: 0.5801 | validation loss: 0.6704 | validation accuracy: 0.7708 | validation AP: 0.2153
Stopping at epoch 5: validation AP has not improved for 4 epochs.
Best epoch: 1 | validation AP: 0.2619 | epochs run: 5

Validation classification report:
              precision    recall  f1-score   support

  disengaged     0.4203    0.0873    0.1446       332
     engaged     0.8914    0.9842    0.9355      2526

    accuracy                         0.8800      2858
   macro avg     0.6558    0.5358    0.5401      2858
weighted avg     0.8366    0.8800    0.8436      2858

Confusion matrix (rows: actual, columns: predicted):
[[  29  303]
 [  40 2486]]
Epoch 1/50 | train loss: 0.617 | validation loss: 0.703 | validation accuracy: 0.8373 | validation AP: 0.2138
Epoch 2/50 | train loss: 0.5986 | validation loss: 0.6656 | validation accuracy: 0.83 | validation AP: 0.211
Epoch 3/50 | train loss: 0.5872 | validation loss: 0.6385 | validation accuracy: 0.7551 | validation AP: 0.2175
Epoch 4/50 | train loss: 0.5663 | validation loss: 0.6996 | validation accuracy: 0.796 | validation AP: 0.1829
Epoch 5/50 | train loss: 0.5669 | validation loss: 0.6816 | validation accuracy: 0.8188 | validation AP: 0.1781
Epoch 6/50 | train loss: 0.5593 | validation loss: 0.6636 | validation accuracy: 0.8069 | validation AP: 0.1993
Epoch 7/50 | train loss: 0.5518 | validation loss: 0.6941 | validation accuracy: 0.8114 | validation AP: 0.1718
Stopping at epoch 7: validation AP has not improved for 4 epochs.
Best epoch: 3 | validation AP: 0.2175 | epochs run: 7

Validation classification report:
              precision    recall  f1-score   support

  disengaged     0.2107    0.4036    0.2769       332
     engaged     0.9109    0.8013    0.8526      2526

    accuracy                         0.7551      2858
   macro avg     0.5608    0.6024    0.5647      2858
weighted avg     0.8296    0.7551    0.7857      2858

Confusion matrix (rows: actual, columns: predicted):
[[ 134  198]
 [ 502 2024]]
Epoch 1/50 | train loss: 0.5386 | validation loss: 0.5954 | validation accuracy: 0.8821 | validation AP: 0.2124
Epoch 2/50 | train loss: 0.5182 | validation loss: 0.6134 | validation accuracy: 0.8265 | validation AP: 0.1938
Epoch 3/50 | train loss: 0.4997 | validation loss: 0.6649 | validation accuracy: 0.8352 | validation AP: 0.1812
Epoch 4/50 | train loss: 0.5083 | validation loss: 0.5811 | validation accuracy: 0.8432 | validation AP: 0.2345
Epoch 5/50 | train loss: 0.4955 | validation loss: 0.5719 | validation accuracy: 0.8128 | validation AP: 0.2621
Epoch 6/50 | train loss: 0.4879 | validation loss: 0.5769 | validation accuracy: 0.8135 | validation AP: 0.2382
Epoch 7/50 | train loss: 0.4819 | validation loss: 0.6112 | validation accuracy: 0.8209 | validation AP: 0.1556
Epoch 8/50 | train loss: 0.477 | validation loss: 0.702 | validation accuracy: 0.8758 | validation AP: 0.165
Epoch 9/50 | train loss: 0.4761 | validation loss: 0.621 | validation accuracy: 0.8534 | validation AP: 0.1962
Stopping at epoch 9: validation AP has not improved for 4 epochs.
Best epoch: 5 | validation AP: 0.2621 | epochs run: 9

Validation classification report:
              precision    recall  f1-score   support

  disengaged     0.2798    0.3886    0.3253       332
     engaged     0.9153    0.8686    0.8913      2526

    accuracy                         0.8128      2858
   macro avg     0.5976    0.6286    0.6083      2858
weighted avg     0.8415    0.8128    0.8256      2858

Confusion matrix (rows: actual, columns: predicted):
[[ 129  203]
 [ 332 2194]]
Epoch 1/50 | train loss: 0.5456 | validation loss: 0.5976 | validation accuracy: 0.8621 | validation AP: 0.2218
Epoch 2/50 | train loss: 0.5256 | validation loss: 0.6001 | validation accuracy: 0.8821 | validation AP: 0.2712
Epoch 3/50 | train loss: 0.5039 | validation loss: 0.5662 | validation accuracy: 0.8751 | validation AP: 0.2823
Epoch 4/50 | train loss: 0.5043 | validation loss: 0.622 | validation accuracy: 0.8579 | validation AP: 0.1842
Epoch 5/50 | train loss: 0.4988 | validation loss: 0.5975 | validation accuracy: 0.8481 | validation AP: 0.2011
Epoch 6/50 | train loss: 0.4872 | validation loss: 0.6814 | validation accuracy: 0.8716 | validation AP: 0.2144
Epoch 7/50 | train loss: 0.4886 | validation loss: 0.5939 | validation accuracy: 0.8639 | validation AP: 0.2432
Stopping at epoch 7: validation AP has not improved for 4 epochs.
Best epoch: 3 | validation AP: 0.2823 | epochs run: 7

Validation classification report:
              precision    recall  f1-score   support

  disengaged     0.3913    0.1355    0.2013       332
     engaged     0.8954    0.9723    0.9322      2526

    accuracy                         0.8751      2858
   macro avg     0.6433    0.5539    0.5668      2858
weighted avg     0.8368    0.8751    0.8473      2858

Confusion matrix (rows: actual, columns: predicted):
[[  45  287]
 [  70 2456]]
Epoch 1/50 | train loss: 0.5359 | validation loss: 0.6507 | validation accuracy: 0.8244 | validation AP: 0.1604
Epoch 2/50 | train loss: 0.5209 | validation loss: 0.6558 | validation accuracy: 0.8128 | validation AP: 0.1574[I 2026-10-09 04:13:21,939] Trial 18 finished with value: 0.2890503407456525 and parameters: {'hidden_size': 120, 'num_layers': 2, 'dropout': 0.1, 'learning_rate': 0.001817030993874322, 'batch_size': 8}. Best is trial 8 with value: 0.29416881191727695.
[I 2026-10-09 04:14:08,795] Trial 19 finished with value: 0.28264113871938173 and parameters: {'hidden_size': 143, 'num_layers': 1, 'dropout': 0.1, 'learning_rate': 0.004011332422341346, 'batch_size': 32}. Best is trial 8 with value: 0.29416881191727695.

Epoch 3/50 | train loss: 0.5097 | validation loss: 0.5915 | validation accuracy: 0.8436 | validation AP: 0.1936
Epoch 4/50 | train loss: 0.5011 | validation loss: 0.6499 | validation accuracy: 0.8177 | validation AP: 0.1586
Epoch 5/50 | train loss: 0.4938 | validation loss: 0.5819 | validation accuracy: 0.8768 | validation AP: 0.2227
Epoch 6/50 | train loss: 0.4998 | validation loss: 0.5784 | validation accuracy: 0.8527 | validation AP: 0.2223
Epoch 7/50 | train loss: 0.492 | validation loss: 0.6064 | validation accuracy: 0.8653 | validation AP: 0.183
Epoch 8/50 | train loss: 0.5068 | validation loss: 0.5867 | validation accuracy: 0.8387 | validation AP: 0.2028
Epoch 9/50 | train loss: 0.5015 | validation loss: 0.6071 | validation accuracy: 0.8383 | validation AP: 0.2342
Epoch 10/50 | train loss: 0.4772 | validation loss: 0.6776 | validation accuracy: 0.7586 | validation AP: 0.1559
Epoch 11/50 | train loss: 0.4735 | validation loss: 0.6419 | validation accuracy: 0.8779 | validation AP: 0.2491
Epoch 12/50 | train loss: 0.4721 | validation loss: 0.5968 | validation accuracy: 0.8565 | validation AP: 0.1905
Epoch 13/50 | train loss: 0.4722 | validation loss: 0.6509 | validation accuracy: 0.8761 | validation AP: 0.2024
Epoch 14/50 | train loss: 0.4579 | validation loss: 0.6117 | validation accuracy: 0.8279 | validation AP: 0.2324
Epoch 15/50 | train loss: 0.4593 | validation loss: 0.6904 | validation accuracy: 0.852 | validation AP: 0.1635
Stopping at epoch 15: validation AP has not improved for 4 epochs.
Best epoch: 11 | validation AP: 0.2491 | epochs run: 15

Validation classification report:
              precision    recall  f1-score   support

  disengaged     0.4045    0.1084    0.1710       332
     engaged     0.8931    0.9790    0.9341      2526

    accuracy                         0.8779      2858
   macro avg     0.6488    0.5437    0.5526      2858
weighted avg     0.8363    0.8779    0.8454      2858

Confusion matrix (rows: actual, columns: predicted):
[[  36  296]
 [  53 2473]]
Epoch 1/50 | train loss: 0.6571 | validation loss: 0.6508 | validation accuracy: 0.7502 | validation AP: 0.2195
Epoch 2/50 | train loss: 0.6278 | validation loss: 0.6567 | validation accuracy: 0.7323 | validation AP: 0.2581
Epoch 3/50 | train loss: 0.6151 | validation loss: 0.6614 | validation accuracy: 0.7453 | validation AP: 0.2199
Epoch 4/50 | train loss: 0.6191 | validation loss: 0.6235 | validation accuracy: 0.6351 | validation AP: 0.2732
Epoch 5/50 | train loss: 0.5932 | validation loss: 0.7131 | validation accuracy: 0.7467 | validation AP: 0.2739
Epoch 6/50 | train loss: 0.595 | validation loss: 0.6329 | validation accuracy: 0.7001 | validation AP: 0.2381
Epoch 7/50 | train loss: 0.5922 | validation loss: 0.7433 | validation accuracy: 0.7166 | validation AP: 0.1902
Epoch 8/50 | train loss: 0.5736 | validation loss: 0.7562 | validation accuracy: 0.7491 | validation AP: 0.1624
Epoch 9/50 | train loss: 0.5772 | validation loss: 0.7069 | validation accuracy: 0.7113 | validation AP: 0.1804
Stopping at epoch 9: validation AP has not improved for 4 epochs.
Best epoch: 5 | validation AP: 0.2739 | epochs run: 9

Validation classification report:
              precision    recall  f1-score   support

  disengaged     0.2216    0.4699    0.3012       332
     engaged     0.9183    0.7831    0.8453      2526

    accuracy                         0.7467      2858
   macro avg     0.5699    0.6265    0.5732      2858
weighted avg     0.8374    0.7467    0.7821      2858

Confusion matrix (rows: actual, columns: predicted):
[[ 156  176]
 [ 548 1978]]
Epoch 1/50 | train loss: 0.6473 | validation loss: 0.7506 | validation accuracy: 0.8132 | validation AP: 0.2479
Epoch 2/50 | train loss: 0.6244 | validation loss: 0.697 | validation accuracy: 0.8153 | validation AP: 0.2704
Epoch 3/50 | train loss: 0.6093 | validation loss: 0.6413 | validation accuracy: 0.7813 | validation AP: 0.2892
Epoch 4/50 | train loss: 0.5974 | validation loss: 0.6461 | validation accuracy: 0.5143 | validation AP: 0.2485
Epoch 5/50 | train loss: 0.5907 | validation loss: 0.6905 | validation accuracy: 0.6935 | validation AP: 0.191
Epoch 6/50 | train loss: 0.5874 | validation loss: 0.7114 | validation accuracy: 0.7211 | validation AP: 0.2385
Epoch 7/50 | train loss: 0.5745 | validation loss: 0.6866 | validation accuracy: 0.7785 | validation AP: 0.2318
Stopping at epoch 7: validation AP has not improved for 4 epochs.
Best epoch: 3 | validation AP: 0.2892 | epochs run: 7

Validation classification report:
              precision    recall  f1-score   support

  disengaged     0.2626    0.4880    0.3414       332
     engaged     0.9241    0.8199    0.8689      2526

    accuracy                         0.7813      2858
   macro avg     0.5934    0.6539    0.6052      2858
weighted avg     0.8473    0.7813    0.8076      2858

Confusion matrix (rows: actual, columns: predicted):
[[ 162  170]
 [ 455 2071]]
Epoch 1/50 | train loss: 0.6525 | validation loss: 0.6703 | validation accuracy: 0.7446 | validation AP: 0.2232
Epoch 2/50 | train loss: 0.6268 | validation loss: 0.717 | validation accuracy: 0.7481 | validation AP: 0.1973
Epoch 3/50 | train loss: 0.6121 | validation loss: 0.6507 | validation accuracy: 0.6809 | validation AP: 0.189
Epoch 4/50 | train loss: 0.6029 | validation loss: 0.6701 | validation accuracy: 0.7183 | validation AP: 0.2116
Epoch 5/50 | train loss: 0.5928 | validation loss: 0.6772 | validation accuracy: 0.7012 | validation AP: 0.1907
Stopping at epoch 5: validation AP has not improved for 4 epochs.
Best epoch: 1 | validation AP: 0.2232 | epochs run: 5

Validation classification report:
              precision    recall  f1-score   support

  disengaged     0.2030    0.4096    0.2715       332
     engaged     0.9104    0.7886    0.8451      2526

    accuracy                         0.7446      2858
   macro avg     0.5567    0.5991    0.5583      2858
weighted avg     0.8282    0.7446    0.7785      2858

Confusion matrix (rows: actual, columns: predicted):
[[ 136  196]
 [ 534 1992]]
Epoch 1/50 | train loss: 0.527 | validation loss: 0.5982 | validation accuracy: 0.8551 | validation AP: 0.1903
Epoch 2/50 | train loss: 0.503 | validation loss: 0.6063 | validation accuracy: 0.8751 | validation AP: 0.2202
Epoch 3/50 | train loss: 0.4943 | validation loss: 0.5873 | validation accuracy: 0.8321 | validation AP: 0.2304
Epoch 4/50 | train loss: 0.4992 | validation loss: 0.5689 | validation accuracy: 0.8156 | validation AP: 0.2206
Epoch 5/50 | train loss: 0.4871 | validation loss: 0.6199 | validation accuracy: 0.8516 | validation AP: 0.2173
Epoch 6/50 | train loss: 0.4804 | validation loss: 0.6079 | validation accuracy: 0.8474 | validation AP: 0.2156
Epoch 7/50 | train loss: 0.4727 | validation loss: 0.5995 | validation accuracy: 0.845 | validation AP: 0.2384
Epoch 8/50 | train loss: 0.4768 | validation loss: 0.5867 | validation accuracy: 0.867 | validation AP: 0.2318
Epoch 9/50 | train loss: 0.4621 | validation loss: 0.6013 | validation accuracy: 0.859 | validation AP: 0.2466
Epoch 10/50 | train loss: 0.4622 | validation loss: 0.6028 | validation accuracy: 0.8488 | validation AP: 0.2074
Epoch 11/50 | train loss: 0.4629 | validation loss: 0.6119 | validation accuracy: 0.8191 | validation AP: 0.2057
Epoch 12/50 | train loss: 0.4501 | validation loss: 0.6234 | validation accuracy: 0.8625 | validation AP: 0.2205
Epoch 13/50 | train loss: 0.4486 | validation loss: 0.6666 | validation accuracy: 0.8611 | validation AP: 0.1832
Stopping at epoch 13: validation AP has not improved for 4 epochs.
Best epoch: 9 | validation AP: 0.2466 | epochs run: 13

Validation classification report:
              precision    recall  f1-score   support

  disengaged     0.3198    0.1898    0.2382       332
     engaged     0.8989    0.9470    0.9223      2526

    accuracy                         0.8590      2858
   macro avg     0.6094    0.5684    0.5802      2858
weighted avg     0.8316    0.8590    0.8428      2858

Confusion matrix (rows: actual, columns: predicted):
[[  63  269]
 [ 134 2392]]
Epoch 1/50 | train loss: 0.5311 | validation loss: 0.5905 | validation accuracy: 0.8565 | validation AP: 0.1905
Epoch 2/50 | train loss: 0.5066 | validation loss: 0.5981 | validation accuracy: 0.8366 | validation AP: 0.2052
Epoch 3/50 | train loss: 0.5006 | validation loss: 0.5754 | validation accuracy: 0.8418 | validation AP: 0.2212
Epoch 4/50 | train loss: 0.4993 | validation loss: 0.5801 | validation accuracy: 0.8254 | validation AP: 0.2258
Epoch 5/50 | train loss: 0.4858 | validation loss: 0.5827 | validation accuracy: 0.846 | validation AP: 0.2655
Epoch 6/50 | train loss: 0.4841 | validation loss: 0.5954 | validation accuracy: 0.8579 | validation AP: 0.2208
Epoch 7/50 | train loss: 0.4779 | validation loss: 0.6182 | validation accuracy: 0.8691 | validation AP: 0.2275
Epoch 8/50 | train loss: 0.4683 | validation loss: 0.5815 | validation accuracy: 0.8135 | validation AP: 0.2093
Epoch 9/50 | train loss: 0.4725 | validation loss: 0.5967 | validation accuracy: 0.8293 | validation AP: 0.2029
Stopping at epoch 9: validation AP has not improved for 4 epochs.
Best epoch: 5 | validation AP: 0.2655 | epochs run: 9

Validation classification report:
              precision    recall  f1-score   support

  disengaged     0.3043    0.2530    0.2763       332
     engaged     0.9040    0.9240    0.9139      2526

    accuracy                         0.8460      2858
   macro avg     0.6041    0.5885    0.5951      2858
weighted avg     0.8343    0.8460    0.8398      2858

Confusion matrix (rows: actual, columns: predicted):
[[  84  248]
 [ 192 2334]]
Epoch 1/50 | train loss: 0.526 | validation loss: 0.5949 | validation accuracy: 0.8534 | validation AP: 0.2052
Epoch 2/50 | train loss: 0.4991 | validation loss: 0.6088 | validation accuracy: 0.8635 | validation AP: 0.2354
Epoch 3/50 | train loss: 0.4959 | validation loss: 0.5813 | validation accuracy: 0.8758 | validation AP: 0.2359
Epoch 4/50 | train loss: 0.4901 | validation loss: 0.6217 | validation accuracy: 0.8719 | validation AP: 0.2179
Epoch 5/50 | train loss: 0.4884 | validation loss: 0.6138 | validation accuracy: 0.8125 | validation AP: 0.1824
Epoch 6/50 | train loss: 0.4836 | validation loss: 0.5869 | validation accuracy: 0.8314 | validation AP: 0.2366
Epoch 7/50 | train loss: 0.4736 | validation loss: 0.6005 | validation accuracy: 0.8751 | validation AP: 0.251
Epoch 8/50 | train loss: 0.4727 | validation loss: 0.6046 | validation accuracy: 0.8341 | validation AP: 0.2009
Epoch 9/50 | train loss: 0.4684 | validation loss: 0.6236 | validation accuracy: 0.8705 | validation AP: 0.2312
Epoch 10/50 | train loss: 0.4577 | validation loss: 0.6542 | validation accuracy: 0.8167 | validation AP: 0.1739
Epoch 11/50 | train loss: 0.4677 | validation loss: 0.5919 | validation accuracy: 0.8376 | validation AP: 0.2018
Stopping at epoch 11: validation AP has not improved for 4 epochs.
Best epoch: 7 | validation AP: 0.251 | epochs run: 11

Validation classification report:
              precision    recall  f1-score   support

  disengaged     0.3874    0.1295    0.1941       332
     engaged     0.8948    0.9731    0.9323      2526

    accuracy                         0.8751      2858
   macro avg     0.6411    0.5513    0.5632      2858
weighted avg     0.8359    0.8751    0.8465      2858

Confusion matrix (rows: actual, columns: predicted):
[[  43  289]
 [  68 2458]]
Epoch 1/50 | train loss: 0.5363 | validation loss: 0.6089 | validation accuracy: 0.8649 | validation AP: 0.165
Epoch 2/50 | train loss: 0.5093 | validation loss: 0.5768 | validation accuracy: 0.8341 | validation AP: 0.2258
Epoch 3/50 | train loss: 0.4994 | validation loss: 0.5779 | validation accuracy: 0.8565 | validation AP: 0.2254
Epoch 4/50 | train loss: 0.4936 | validation loss: 0.5934 | validation accuracy: 0.866 | validation AP: 0.2097
Epoch 5/50 | train loss: 0.4919 | validation loss: 0.6128 | validation accuracy: 0.8576 | validation AP: 0.2087
Epoch 6/50 | train loss: 0.4821 | validation loss: 0.6169 | validation accuracy: 0.8653 | validation AP: 0.2253
Stopping at epoch 6: validation AP has not improved for 4 epochs.
Best epoch: 2 | validation AP: 0.2258 | epochs run: 6

Validation classification report:
              precision    recall  f1-score   support

  disengaged     0.2695    0.2500    0.2594       332
     engaged     0.9024    0.9109    0.9066      2526

    accuracy                         0.8341      2858
   macro avg     0.5859    0.5805    0.5830      2858
weighted avg     0.8288    0.8341    0.8314      2858

Confusion matrix (rows: actual, columns: predicted):
[[  83  249]
 [ 225 2301]]
Epoch 1/50 | train loss: 0.5296 | validation loss: 0.6032 | validation accuracy: 0.8534 | validation AP: 0.1743
Epoch 2/50 | train loss: 0.5054 | validation loss: 0.6233 | validation accuracy: 0.8793 | validation AP: 0.2203
Epoch 3/50 | train loss: 0.4937 | validation loss: 0.5749 | validation accuracy: 0.7551 | validation AP: 0.2226
Epoch 4/50 | train loss: 0.4907 | validation loss: 0.5687 | validation accuracy: 0.8467 | validation AP: 0.2632
Epoch 5/50 | train loss: 0.488 | validation loss: 0.6189 | validation accuracy: 0.8506 | validation AP: 0.2237
Epoch 6/50 | train loss: 0.48 | validation loss: 0.5938 | validation accuracy: 0.8751 | validation AP: 0.2374
Epoch 7/50 | train loss: 0.4789 | validation loss: 0.5748 | validation accuracy: 0.8544 | validation AP: 0.2409
Epoch 8/50 | train loss: 0.4681 | validation loss: 0.6068 | validation accuracy: 0.8691 | validation AP: 0.2351
Stopping at epoch 8: validation AP has not improved for 4 epochs.
Best epoch: 4 | validation AP: 0.2632 | epochs run: 8

Validation classification report:
              precision    recall  f1-score   support

  disengaged     0.3051    0.2500    0.2748       332
     engaged     0.9037    0.9252    0.9143      2526

    accuracy                         0.8467      2858
   macro avg     0.6044    0.5876    0.5946      2858
weighted avg     0.8342    0.8467    0.8400      2858

Confusion matrix (rows: actual, columns: predicted):
[[  83  249]
 [ 189 2337]]
Epoch 1/50 | train loss: 0.66 | validation loss: 0.6957 | validation accuracy: 0.8688 | validation AP: 0.2038
Epoch 2/50 | train loss: 0.6623 | validation loss: 0.6769 | validation accuracy: 0.7029 | validation AP: 0.1756
Epoch 3/50 | train loss: 0.6375 | validation loss: 0.7309 | validation accuracy: 0.7953 | validation AP: 0.1688
Epoch 4/50 | train loss: 0.6342 | validation loss: 0.6938 | validation accuracy: 0.7463 | validation AP: 0.1915
Epoch 5/50 | train loss: 0.6301 | validation loss: 0.7743 | validation accuracy: 0.8125 | validation AP: 0.1864
Stopping at epoch 5: validation AP has not improved for 4 epochs.
Best epoch: 1 | validation AP: 0.2038 | epochs run: 5

Validation classification report:
              precision    recall  f1-score   support

  disengaged     0.3028    0.0994    0.1497       332
     engaged     0.8912    0.9699    0.9289      2526

    accuracy                         0.8688      2858
   macro avg     0.5970    0.5347    0.5393      2858
weighted avg     0.8229    0.8688    0.8384      2858

Confusion matrix (rows: actual, columns: predicted):
[[  33  299]
 [  76 2450]]
Epoch 1/50 | train loss: 0.6534 | validation loss: 0.6492 | validation accuracy: 0.6907 | validation AP: 0.1898
Epoch 2/50 | train loss: 0.6247 | validation loss: 0.6679 | validation accuracy: 0.6498 | validation AP: 0.2337
Epoch 3/50 | train loss: 0.6143 | validation loss: 0.6578 | validation accuracy: 0.7159 | validation AP: 0.218
Epoch 4/50 | train loss: 0.6034 | validation loss: 0.6446 | validation accuracy: 0.7057 | validation AP: 0.2503
Epoch 5/50 | train loss: 0.5905 | validation loss: 0.6562 | validation accuracy: 0.7855 | validation AP: 0.27
Epoch 6/50 | train loss: 0.5944 | validation loss: 0.6802 | validation accuracy: 0.781 | validation AP: 0.2557
Epoch 7/50 | train loss: 0.5865 | validation loss: 0.6859 | validation accuracy: 0.7974 | validation AP: 0.2644
Epoch 8/50 | train loss: 0.586 | validation loss: 0.6667 | validation accuracy: 0.7243 | validation AP: 0.2352
Epoch 9/50 | train loss: 0.5751 | validation loss: 0.6728 | validation accuracy: 0.7281 | validation AP: 0.2296
Stopping at epoch 9: validation AP has not improved for 4 epochs.
Best epoch: 5 | validation AP: 0.27 | epochs run: 9

Validation classification report:
              precision    recall  f1-score   support

  disengaged     0.2548    0.4398    0.3227       332
     engaged     0.9186    0.8310    0.8726      2526

    accuracy                         0.7855      2858
   macro avg     0.5867    0.6354    0.5976      2858
weighted avg     0.8415    0.7855    0.8087      2858
[I 2026-10-09 04:21:52,386] A new study created in memory with name: lstm_uni_attention|15fps/5s

Confusion matrix (rows: actual, columns: predicted):
[[ 146  186]
 [ 427 2099]]
Epoch 1/50 | train loss: 0.6555 | validation loss: 0.6425 | validation accuracy: 0.6861 | validation AP: 0.2205
Epoch 2/50 | train loss: 0.6222 | validation loss: 0.7064 | validation accuracy: 0.8348 | validation AP: 0.1826
Epoch 3/50 | train loss: 0.6155 | validation loss: 0.6385 | validation accuracy: 0.7292 | validation AP: 0.251
Epoch 4/50 | train loss: 0.6028 | validation loss: 0.6539 | validation accuracy: 0.7344 | validation AP: 0.2396
Epoch 5/50 | train loss: 0.5885 | validation loss: 0.7021 | validation accuracy: 0.6984 | validation AP: 0.1803
Epoch 6/50 | train loss: 0.5956 | validation loss: 0.6729 | validation accuracy: 0.7911 | validation AP: 0.2621
Epoch 7/50 | train loss: 0.5877 | validation loss: 0.6789 | validation accuracy: 0.7883 | validation AP: 0.2541
Epoch 8/50 | train loss: 0.5828 | validation loss: 0.664 | validation accuracy: 0.7267 | validation AP: 0.2443
Epoch 9/50 | train loss: 0.573 | validation loss: 0.6735 | validation accuracy: 0.8058 | validation AP: 0.2725
Epoch 10/50 | train loss: 0.5657 | validation loss: 0.7253 | validation accuracy: 0.7607 | validation AP: 0.2158
Epoch 11/50 | train loss: 0.5663 | validation loss: 0.6709 | validation accuracy: 0.7806 | validation AP: 0.2354
Epoch 12/50 | train loss: 0.551 | validation loss: 0.6758 | validation accuracy: 0.6945 | validation AP: 0.1928
Epoch 13/50 | train loss: 0.5495 | validation loss: 0.7715 | validation accuracy: 0.8205 | validation AP: 0.1973
Stopping at epoch 13: validation AP has not improved for 4 epochs.
Best epoch: 9 | validation AP: 0.2725 | epochs run: 13

Validation classification report:
              precision    recall  f1-score   support

  disengaged     0.2528    0.3434    0.2912       332
     engaged     0.9094    0.8666    0.8875      2526

    accuracy                         0.8058      2858
   macro avg     0.5811    0.6050    0.5893      2858
weighted avg     0.8331    0.8058    0.8182      2858

Confusion matrix (rows: actual, columns: predicted):
[[ 114  218]
 [ 337 2189]]
Epoch 1/50 | train loss: 0.664 | validation loss: 0.6735 | validation accuracy: 0.7719 | validation AP: 0.1791
Epoch 2/50 | train loss: 0.6333 | validation loss: 0.682 | validation accuracy: 0.6043 | validation AP: 0.182
Epoch 3/50 | train loss: 0.6208 | validation loss: 0.6453 | validation accuracy: 0.7243 | validation AP: 0.2498
Epoch 4/50 | train loss: 0.6051 | validation loss: 0.7118 | validation accuracy: 0.7698 | validation AP: 0.1965
Epoch 5/50 | train loss: 0.5984 | validation loss: 0.7004 | validation accuracy: 0.7775 | validation AP: 0.2335
Epoch 6/50 | train loss: 0.5888 | validation loss: 0.6825 | validation accuracy: 0.7883 | validation AP: 0.2371
Epoch 7/50 | train loss: 0.5836 | validation loss: 0.7082 | validation accuracy: 0.768 | validation AP: 0.2443
Stopping at epoch 7: validation AP has not improved for 4 epochs.
Best epoch: 3 | validation AP: 0.2498 | epochs run: 7

Validation classification report:
              precision    recall  f1-score   support

  disengaged     0.2178    0.5301    0.3088       332
     engaged     0.9239    0.7498    0.8278      2526

    accuracy                         0.7243      2858
   macro avg     0.5709    0.6400    0.5683      2858
weighted avg     0.8419    0.7243    0.7675      2858

Confusion matrix (rows: actual, columns: predicted):
[[ 176  156]
 [ 632 1894]]
Epoch 1/50 | train loss: 0.6562 | validation loss: 0.6993 | validation accuracy: 0.816 | validation AP: 0.1726
Epoch 2/50 | train loss: 0.6344 | validation loss: 0.6516 | validation accuracy: 0.781 | validation AP: 0.2413
Epoch 3/50 | train loss: 0.6097 | validation loss: 0.6176 | validation accuracy: 0.5756 | validation AP: 0.2677
Epoch 4/50 | train loss: 0.6028 | validation loss: 0.64 | validation accuracy: 0.7537 | validation AP: 0.2621
Epoch 5/50 | train loss: 0.5968 | validation loss: 0.6719 | validation accuracy: 0.6351 | validation AP: 0.2211
Epoch 6/50 | train loss: 0.5877 | validation loss: 0.6573 | validation accuracy: 0.7295 | validation AP: 0.2118
Epoch 7/50 | train loss: 0.5827 | validation loss: 0.6612 | validation accuracy: 0.7523 | validation AP: 0.2542
Stopping at epoch 7: validation AP has not improved for 4 epochs.
Best epoch: 3 | validation AP: 0.2677 | epochs run: 7

Validation classification report:
              precision    recall  f1-score   support

  disengaged     0.1768    0.7259    0.2844       332
     engaged     0.9391    0.5558    0.6983      2526

    accuracy                         0.5756      2858
   macro avg     0.5580    0.6409    0.4913      2858
weighted avg     0.8506    0.5756    0.6502      2858

Confusion matrix (rows: actual, columns: predicted):
[[ 241   91]
 [1122 1404]]

 gru_uni_attention | 15fps/5s (confirmed on seeds [52, 53, 54, 55, 56])
  0.2761 +/- 0.01  (46599,) params  hidden_size=66, num_layers=2, dropout=0.25, learning_rate=0.0010402587615883842, batch_size=8
  0.2703 +/- 0.009  (77919,) params  hidden_size=86, num_layers=2, dropout=0.1, learning_rate=0.0029515858000609264, batch_size=32
  Selected: hidden_size=66, num_layers=2, dropout=0.25, learning_rate=0.0010402587615883842, batch_size=8  (AP 0.2761, 46,599 parameters)
Epoch 1/50 | train loss: 0.6638 | validation loss: 0.7001 | validation accuracy: 0.8562 | validation AP: 0.2427
Epoch 2/50 | train loss: 0.6304 | validation loss: 0.6359 | validation accuracy: 0.6858 | validation AP: 0.2422
Epoch 3/50 | train loss: 0.6149 | validation loss: 0.6988 | validation accuracy: 0.7526 | validation AP: 0.2455
Epoch 4/50 | train loss: 0.6075 | validation loss: 0.7044 | validation accuracy: 0.7785 | validation AP: 0.2487
Epoch 5/50 | train loss: 0.5942 | validation loss: 0.7884 | validation accuracy: 0.746 | validation AP: 0.2611
Epoch 6/50 | train loss: 0.5866 | validation loss: 0.6428 | validation accuracy: 0.6284 | validation AP: 0.2214
Epoch 7/50 | train loss: 0.5817 | validation loss: 0.7479 | validation accuracy: 0.7897 | validation AP: 0.1963
Epoch 8/50 | train loss: 0.5716 | validation loss: 0.7011 | validation accuracy: 0.7152 | validation AP: 0.2147
Epoch 9/50 | train loss: 0.565 | validation loss: 0.6469 | validation accuracy: 0.6288 | validation AP: 0.2489
Stopping at epoch 9: validation AP has not improved for 4 epochs.
Best epoch: 5 | validation AP: 0.2611 | epochs run: 9

Validation classification report:
              precision    recall  f1-score   support

  disengaged     0.2249    0.4849    0.3073       332
     engaged     0.9202    0.7803    0.8445      2526

    accuracy                         0.7460      2858
   macro avg     0.5725    0.6326    0.5759      2858
weighted avg     0.8394    0.7460    0.7821      2858

Confusion matrix (rows: actual, columns: predicted):
[[ 161  171]
 [ 555 1971]]
Epoch 1/50 | train loss: 0.6589 | validation loss: 0.6921 | validation accuracy: 0.6802 | validation AP: 0.2158
Epoch 2/50 | train loss: 0.6121 | validation loss: 0.6462 | validation accuracy: 0.7155 | validation AP: 0.241
Epoch 3/50 | train loss: 0.6089 | validation loss: 0.6557 | validation accuracy: 0.7418 | validation AP: 0.2466
Epoch 4/50 | train loss: 0.5957 | validation loss: 0.6825 | validation accuracy: 0.7075 | validation AP: 0.2273
Epoch 5/50 | train loss: 0.5969 | validation loss: 0.7332 | validation accuracy: 0.7236 | validation AP: 0.2202
Epoch 6/50 | train loss: 0.585 | validation loss: 0.6905 | validation accuracy: 0.7239 | validation AP: 0.2155
Epoch 7/50 | train loss: 0.5834 | validation loss: 0.6867 | validation accuracy: 0.7383 | validation AP: 0.1964
Stopping at epoch 7: validation AP has not improved for 4 epochs.
Best epoch: 3 | validation AP: 0.2466 | epochs run: 7

Validation classification report:
              precision    recall  f1-score   support

  disengaged     0.2227    0.4910    0.3064       332
     engaged     0.9205    0.7747    0.8414      2526

    accuracy                         0.7418      2858
   macro avg     0.5716    0.6329    0.5739      2858
weighted avg     0.8394    0.7418    0.7792      2858

Confusion matrix (rows: actual, columns: predicted):
[[ 163  169]
 [ 569 1957]]
Epoch 1/50 | train loss: 0.6653 | validation loss: 0.7186 | validation accuracy: 0.7883 | validation AP: 0.1896[I 2026-10-09 04:22:21,766] Trial 0 finished with value: 0.25034026619510064 and parameters: {'hidden_size': 47, 'num_layers': 3, 'dropout': 0.0, 'learning_rate': 0.005399484409787433, 'batch_size': 64}. Best is trial 0 with value: 0.25034026619510064.
[I 2026-10-09 04:27:59,154] Trial 1 finished with value: 0.28608297737951854 and parameters: {'hidden_size': 136, 'num_layers': 1, 'dropout': 0.25, 'learning_rate': 0.0003823475224675188, 'batch_size': 8}. Best is trial 1 with value: 0.28608297737951854.

Epoch 2/50 | train loss: 0.6406 | validation loss: 0.6635 | validation accuracy: 0.7183 | validation AP: 0.1996
Epoch 3/50 | train loss: 0.6147 | validation loss: 0.658 | validation accuracy: 0.7005 | validation AP: 0.2122
Epoch 4/50 | train loss: 0.5973 | validation loss: 0.6877 | validation accuracy: 0.7194 | validation AP: 0.1911
Epoch 5/50 | train loss: 0.5958 | validation loss: 0.6354 | validation accuracy: 0.6697 | validation AP: 0.2077
Epoch 6/50 | train loss: 0.5842 | validation loss: 0.6981 | validation accuracy: 0.7337 | validation AP: 0.2117
Epoch 7/50 | train loss: 0.579 | validation loss: 0.7087 | validation accuracy: 0.7537 | validation AP: 0.21
Stopping at epoch 7: validation AP has not improved for 4 epochs.
Best epoch: 3 | validation AP: 0.2122 | epochs run: 7

Validation classification report:
              precision    recall  f1-score   support

  disengaged     0.1982    0.5181    0.2867       332
     engaged     0.9196    0.7245    0.8105      2526

    accuracy                         0.7005      2858
   macro avg     0.5589    0.6213    0.5486      2858
weighted avg     0.8358    0.7005    0.7496      2858

Confusion matrix (rows: actual, columns: predicted):
[[ 172  160]
 [ 696 1830]]
Epoch 1/50 | train loss: 0.5338 | validation loss: 0.5801 | validation accuracy: 0.874 | validation AP: 0.2141
Epoch 2/50 | train loss: 0.4998 | validation loss: 0.6038 | validation accuracy: 0.8523 | validation AP: 0.2108
Epoch 3/50 | train loss: 0.4852 | validation loss: 0.5914 | validation accuracy: 0.8471 | validation AP: 0.221
Epoch 4/50 | train loss: 0.4889 | validation loss: 0.5821 | validation accuracy: 0.8429 | validation AP: 0.2322
Epoch 5/50 | train loss: 0.4765 | validation loss: 0.5772 | validation accuracy: 0.8439 | validation AP: 0.2609
Epoch 6/50 | train loss: 0.4656 | validation loss: 0.5588 | validation accuracy: 0.8404 | validation AP: 0.2492
Epoch 7/50 | train loss: 0.4606 | validation loss: 0.6124 | validation accuracy: 0.8513 | validation AP: 0.1958
Epoch 8/50 | train loss: 0.4491 | validation loss: 0.6121 | validation accuracy: 0.8467 | validation AP: 0.2009
Epoch 9/50 | train loss: 0.4543 | validation loss: 0.5976 | validation accuracy: 0.8219 | validation AP: 0.2215
Stopping at epoch 9: validation AP has not improved for 4 epochs.
Best epoch: 5 | validation AP: 0.2609 | epochs run: 9

Validation classification report:
              precision    recall  f1-score   support

  disengaged     0.3173    0.2982    0.3075       332
     engaged     0.9085    0.9157    0.9121      2526

    accuracy                         0.8439      2858
   macro avg     0.6129    0.6069    0.6098      2858
weighted avg     0.8398    0.8439    0.8418      2858

Confusion matrix (rows: actual, columns: predicted):
[[  99  233]
 [ 213 2313]]
Epoch 1/50 | train loss: 0.5259 | validation loss: 0.6137 | validation accuracy: 0.8464 | validation AP: 0.222
Epoch 2/50 | train loss: 0.5072 | validation loss: 0.5831 | validation accuracy: 0.8642 | validation AP: 0.2281
Epoch 3/50 | train loss: 0.4901 | validation loss: 0.5677 | validation accuracy: 0.8712 | validation AP: 0.2684
Epoch 4/50 | train loss: 0.4868 | validation loss: 0.5719 | validation accuracy: 0.7743 | validation AP: 0.2431
Epoch 5/50 | train loss: 0.4783 | validation loss: 0.5967 | validation accuracy: 0.8195 | validation AP: 0.1934
Epoch 6/50 | train loss: 0.4612 | validation loss: 0.6223 | validation accuracy: 0.8355 | validation AP: 0.2139
Epoch 7/50 | train loss: 0.4635 | validation loss: 0.5992 | validation accuracy: 0.852 | validation AP: 0.2218
Stopping at epoch 7: validation AP has not improved for 4 epochs.
Best epoch: 3 | validation AP: 0.2684 | epochs run: 7

Validation classification report:
              precision    recall  f1-score   support

  disengaged     0.3636    0.1446    0.2069       332
     engaged     0.8958    0.9667    0.9299      2526

    accuracy                         0.8712      2858
   macro avg     0.6297    0.5557    0.5684      2858
weighted avg     0.8340    0.8712    0.8459      2858

Confusion matrix (rows: actual, columns: predicted):
[[  48  284]
 [  84 2442]]
Epoch 1/50 | train loss: 0.5216 | validation loss: 0.6132 | validation accuracy: 0.8691 | validation AP: 0.2136
Epoch 2/50 | train loss: 0.4968 | validation loss: 0.5961 | validation accuracy: 0.8429 | validation AP: 0.2276
Epoch 3/50 | train loss: 0.4883 | validation loss: 0.5794 | validation accuracy: 0.8237 | validation AP: 0.2132
Epoch 4/50 | train loss: 0.4785 | validation loss: 0.6111 | validation accuracy: 0.8369 | validation AP: 0.2002
Epoch 5/50 | train loss: 0.473 | validation loss: 0.5712 | validation accuracy: 0.8446 | validation AP: 0.2352
Epoch 6/50 | train loss: 0.4926 | validation loss: 0.5799 | validation accuracy: 0.845 | validation AP: 0.2328
Epoch 7/50 | train loss: 0.4688 | validation loss: 0.5872 | validation accuracy: 0.8527 | validation AP: 0.2365
Epoch 8/50 | train loss: 0.46 | validation loss: 0.5696 | validation accuracy: 0.8467 | validation AP: 0.2377
Epoch 9/50 | train loss: 0.4544 | validation loss: 0.5872 | validation accuracy: 0.8411 | validation AP: 0.2307
Epoch 10/50 | train loss: 0.4471 | validation loss: 0.6102 | validation accuracy: 0.8237 | validation AP: 0.2268
Epoch 11/50 | train loss: 0.4358 | validation loss: 0.6519 | validation accuracy: 0.8684 | validation AP: 0.222
Epoch 12/50 | train loss: 0.4414 | validation loss: 0.6005 | validation accuracy: 0.8614 | validation AP: 0.2354
Stopping at epoch 12: validation AP has not improved for 4 epochs.
Best epoch: 8 | validation AP: 0.2377 | epochs run: 12

Validation classification report:
              precision    recall  f1-score   support

  disengaged     0.2863    0.2139    0.2448       332
     engaged     0.9000    0.9299    0.9147      2526

    accuracy                         0.8467      2858
   macro avg     0.5931    0.5719    0.5798      2858
weighted avg     0.8287    0.8467    0.8369      2858

Confusion matrix (rows: actual, columns: predicted):
[[  71  261]
 [ 177 2349]]
Epoch 1/50 | train loss: 0.6751 | validation loss: 0.69 | validation accuracy: 0.8334 | validation AP: 0.1897
Epoch 2/50 | train loss: 0.6309 | validation loss: 0.6657 | validation accuracy: 0.711 | validation AP: 0.1805
Epoch 3/50 | train loss: 0.6083 | validation loss: 0.6873 | validation accuracy: 0.7708 | validation AP: 0.2076
Epoch 4/50 | train loss: 0.607 | validation loss: 0.6776 | validation accuracy: 0.76 | validation AP: 0.2294
Epoch 5/50 | train loss: 0.5883 | validation loss: 0.695 | validation accuracy: 0.7614 | validation AP: 0.2314
Epoch 6/50 | train loss: 0.5843 | validation loss: 0.6511 | validation accuracy: 0.7012 | validation AP: 0.2168
Epoch 7/50 | train loss: 0.5884 | validation loss: 0.7149 | validation accuracy: 0.7547 | validation AP: 0.1907
Epoch 8/50 | train loss: 0.5768 | validation loss: 0.6947 | validation accuracy: 0.7631 | validation AP: 0.2107
Epoch 9/50 | train loss: 0.5735 | validation loss: 0.681 | validation accuracy: 0.7047 | validation AP: 0.2235
Stopping at epoch 9: validation AP has not improved for 4 epochs.
Best epoch: 5 | validation AP: 0.2314 | epochs run: 9

Validation classification report:
              precision    recall  f1-score   support

  disengaged     0.2348    0.4669    0.3125       332
     engaged     0.9195    0.8001    0.8556      2526

    accuracy                         0.7614      2858
   macro avg     0.5772    0.6335    0.5841      2858
weighted avg     0.8399    0.7614    0.7925      2858

Confusion matrix (rows: actual, columns: predicted):
[[ 155  177]
 [ 505 2021]]
Epoch 1/50 | train loss: 0.6748 | validation loss: 0.714 | validation accuracy: 0.8821 | validation AP: 0.174
Epoch 2/50 | train loss: 0.631 | validation loss: 0.6648 | validation accuracy: 0.7253 | validation AP: 0.212
Epoch 3/50 | train loss: 0.6022 | validation loss: 0.6848 | validation accuracy: 0.7775 | validation AP: 0.2489
Epoch 4/50 | train loss: 0.5932 | validation loss: 0.6578 | validation accuracy: 0.6627 | validation AP: 0.237
Epoch 5/50 | train loss: 0.5887 | validation loss: 0.7015 | validation accuracy: 0.7001 | validation AP: 0.2117
Epoch 6/50 | train loss: 0.5867 | validation loss: 0.6824 | validation accuracy: 0.7243 | validation AP: 0.2381[I 2026-10-09 04:29:24,646] Trial 2 finished with value: 0.24196826541860275 and parameters: {'hidden_size': 56, 'num_layers': 3, 'dropout': 0.5, 'learning_rate': 0.00021930485556643703, 'batch_size': 32}. Best is trial 1 with value: 0.28608297737951854.
[I 2026-10-09 04:30:56,587] Trial 3 finished with value: 0.2779594929057467 and parameters: {'hidden_size': 40, 'num_layers': 1, 'dropout': 0.0, 'learning_rate': 0.006586289317583112, 'batch_size': 16}. Best is trial 1 with value: 0.28608297737951854.

Epoch 7/50 | train loss: 0.5768 | validation loss: 0.6886 | validation accuracy: 0.7117 | validation AP: 0.2365
Stopping at epoch 7: validation AP has not improved for 4 epochs.
Best epoch: 3 | validation AP: 0.2489 | epochs run: 7

Validation classification report:
              precision    recall  f1-score   support

  disengaged     0.2343    0.4036    0.2965       332
     engaged     0.9134    0.8266    0.8678      2526

    accuracy                         0.7775      2858
   macro avg     0.5738    0.6151    0.5821      2858
weighted avg     0.8345    0.7775    0.8015      2858

Confusion matrix (rows: actual, columns: predicted):
[[ 134  198]
 [ 438 2088]]
Epoch 1/50 | train loss: 0.68 | validation loss: 0.701 | validation accuracy: 0.8569 | validation AP: 0.204
Epoch 2/50 | train loss: 0.6273 | validation loss: 0.6765 | validation accuracy: 0.7666 | validation AP: 0.1954
Epoch 3/50 | train loss: 0.597 | validation loss: 0.6751 | validation accuracy: 0.739 | validation AP: 0.1979
Epoch 4/50 | train loss: 0.5942 | validation loss: 0.6801 | validation accuracy: 0.7561 | validation AP: 0.2061
Epoch 5/50 | train loss: 0.586 | validation loss: 0.6619 | validation accuracy: 0.7057 | validation AP: 0.2184
Epoch 6/50 | train loss: 0.5741 | validation loss: 0.6858 | validation accuracy: 0.7281 | validation AP: 0.2191
Epoch 7/50 | train loss: 0.5776 | validation loss: 0.7034 | validation accuracy: 0.7575 | validation AP: 0.229
Epoch 8/50 | train loss: 0.5742 | validation loss: 0.6807 | validation accuracy: 0.7078 | validation AP: 0.2063
Epoch 9/50 | train loss: 0.5675 | validation loss: 0.6822 | validation accuracy: 0.7285 | validation AP: 0.2152
Epoch 10/50 | train loss: 0.5623 | validation loss: 0.717 | validation accuracy: 0.747 | validation AP: 0.2238
Epoch 11/50 | train loss: 0.5541 | validation loss: 0.7326 | validation accuracy: 0.7817 | validation AP: 0.2323
Epoch 12/50 | train loss: 0.557 | validation loss: 0.7277 | validation accuracy: 0.7484 | validation AP: 0.2244
Epoch 13/50 | train loss: 0.5549 | validation loss: 0.7637 | validation accuracy: 0.7705 | validation AP: 0.2055
Epoch 14/50 | train loss: 0.5547 | validation loss: 0.6963 | validation accuracy: 0.7173 | validation AP: 0.2107
Epoch 15/50 | train loss: 0.5596 | validation loss: 0.73 | validation accuracy: 0.7628 | validation AP: 0.2079
Stopping at epoch 15: validation AP has not improved for 4 epochs.
Best epoch: 11 | validation AP: 0.2323 | epochs run: 15

Validation classification report:
              precision    recall  f1-score   support

  disengaged     0.2306    0.3765    0.2860       332
     engaged     0.9106    0.8349    0.8711      2526

    accuracy                         0.7817      2858
   macro avg     0.5706    0.6057    0.5786      2858
weighted avg     0.8316    0.7817    0.8032      2858

Confusion matrix (rows: actual, columns: predicted):
[[ 125  207]
 [ 417 2109]]
Epoch 1/50 | train loss: 0.6103 | validation loss: 0.6241 | validation accuracy: 0.8537 | validation AP: 0.2743
Epoch 2/50 | train loss: 0.5757 | validation loss: 0.6661 | validation accuracy: 0.8359 | validation AP: 0.2334
Epoch 3/50 | train loss: 0.5615 | validation loss: 0.7064 | validation accuracy: 0.8027 | validation AP: 0.2037
Epoch 4/50 | train loss: 0.5541 | validation loss: 0.6398 | validation accuracy: 0.7386 | validation AP: 0.2252
Epoch 5/50 | train loss: 0.5385 | validation loss: 0.6791 | validation accuracy: 0.816 | validation AP: 0.2539
Stopping at epoch 5: validation AP has not improved for 4 epochs.
Best epoch: 1 | validation AP: 0.2743 | epochs run: 5

Validation classification report:
              precision    recall  f1-score   support

  disengaged     0.3223    0.2349    0.2718       332
     engaged     0.9029    0.9351    0.9187      2526

    accuracy                         0.8537      2858
   macro avg     0.6126    0.5850    0.5952      2858
weighted avg     0.8355    0.8537    0.8436      2858

Confusion matrix (rows: actual, columns: predicted):
[[  78  254]
 [ 164 2362]]
Epoch 1/50 | train loss: 0.6025 | validation loss: 0.747 | validation accuracy: 0.8656 | validation AP: 0.2477
Epoch 2/50 | train loss: 0.5691 | validation loss: 0.668 | validation accuracy: 0.8415 | validation AP: 0.2325
Epoch 3/50 | train loss: 0.5535 | validation loss: 0.6431 | validation accuracy: 0.8401 | validation AP: 0.2595
Epoch 4/50 | train loss: 0.5403 | validation loss: 0.6432 | validation accuracy: 0.7155 | validation AP: 0.226
Epoch 5/50 | train loss: 0.5398 | validation loss: 0.6986 | validation accuracy: 0.7474 | validation AP: 0.1897
Epoch 6/50 | train loss: 0.5222 | validation loss: 0.6838 | validation accuracy: 0.816 | validation AP: 0.2406
Epoch 7/50 | train loss: 0.5214 | validation loss: 0.6704 | validation accuracy: 0.8251 | validation AP: 0.2075
Stopping at epoch 7: validation AP has not improved for 4 epochs.
Best epoch: 3 | validation AP: 0.2595 | epochs run: 7

Validation classification report:
              precision    recall  f1-score   support

  disengaged     0.2937    0.2681    0.2803       332
     engaged     0.9049    0.9153    0.9101      2526

    accuracy                         0.8401      2858
   macro avg     0.5993    0.5917    0.5952      2858
weighted avg     0.8339    0.8401    0.8369      2858

Confusion matrix (rows: actual, columns: predicted):
[[  89  243]
 [ 214 2312]]
Epoch 1/50 | train loss: 0.5994 | validation loss: 0.7109 | validation accuracy: 0.8597 | validation AP: 0.2185
Epoch 2/50 | train loss: 0.575 | validation loss: 0.6736 | validation accuracy: 0.8331 | validation AP: 0.2227
Epoch 3/50 | train loss: 0.5541 | validation loss: 0.6506 | validation accuracy: 0.7705 | validation AP: 0.1826
Epoch 4/50 | train loss: 0.5403 | validation loss: 0.6782 | validation accuracy: 0.8125 | validation AP: 0.1956
Epoch 5/50 | train loss: 0.5402 | validation loss: 0.6597 | validation accuracy: 0.7978 | validation AP: 0.1967
Epoch 6/50 | train loss: 0.5297 | validation loss: 0.6876 | validation accuracy: 0.8065 | validation AP: 0.1923
Stopping at epoch 6: validation AP has not improved for 4 epochs.
Best epoch: 2 | validation AP: 0.2227 | epochs run: 6

Validation classification report:
              precision    recall  f1-score   support

  disengaged     0.2509    0.2199    0.2343       332
     engaged     0.8991    0.9137    0.9063      2526

    accuracy                         0.8331      2858
   macro avg     0.5750    0.5668    0.5703      2858
weighted avg     0.8238    0.8331    0.8283      2858

Confusion matrix (rows: actual, columns: predicted):
[[  73  259]
 [ 218 2308]]
Epoch 1/50 | train loss: 0.6493 | validation loss: 0.6799 | validation accuracy: 0.7845 | validation AP: 0.2204
Epoch 2/50 | train loss: 0.6145 | validation loss: 0.6376 | validation accuracy: 0.711 | validation AP: 0.2479
Epoch 3/50 | train loss: 0.593 | validation loss: 0.6722 | validation accuracy: 0.7369 | validation AP: 0.2226
Epoch 4/50 | train loss: 0.5934 | validation loss: 0.7061 | validation accuracy: 0.7586 | validation AP: 0.2377
Epoch 5/50 | train loss: 0.5749 | validation loss: 0.7366 | validation accuracy: 0.7631 | validation AP: 0.26
Epoch 6/50 | train loss: 0.57 | validation loss: 0.6146 | validation accuracy: 0.6627 | validation AP: 0.265
Epoch 7/50 | train loss: 0.5739 | validation loss: 0.745 | validation accuracy: 0.7757 | validation AP: 0.2222
Epoch 8/50 | train loss: 0.5502 | validation loss: 0.705 | validation accuracy: 0.7397 | validation AP: 0.2227
Epoch 9/50 | train loss: 0.5432 | validation loss: 0.7025 | validation accuracy: 0.6854 | validation AP: 0.2457
Epoch 10/50 | train loss: 0.5498 | validation loss: 0.7451 | validation accuracy: 0.739 | validation AP: 0.2144
Stopping at epoch 10: validation AP has not improved for 4 epochs.
Best epoch: 6 | validation AP: 0.265 | epochs run: 10

Validation classification report:
              precision    recall  f1-score   support

  disengaged     0.2036    0.6536    0.3104       332
     engaged     0.9358    0.6639    0.7767      2526

    accuracy                         0.6627      2858
   macro avg     0.5697    0.6588    0.5436      2858
weighted avg     0.8508    0.6627    0.7226      2858
[I 2026-10-09 04:31:23,135] Trial 4 finished with value: 0.2782899197014878 and parameters: {'hidden_size': 70, 'num_layers': 1, 'dropout': 0.0, 'learning_rate': 0.0069782812651260325, 'batch_size': 64}. Best is trial 1 with value: 0.28608297737951854.
[I 2026-10-09 04:32:27,122] Trial 5 finished with value: 0.2696270167546913 and parameters: {'hidden_size': 48, 'num_layers': 1, 'dropout': 0.0, 'learning_rate': 0.0040215545266902904, 'batch_size': 16}. Best is trial 1 with value: 0.28608297737951854.

Confusion matrix (rows: actual, columns: predicted):
[[ 217  115]
 [ 849 1677]]
Epoch 1/50 | train loss: 0.6422 | validation loss: 0.6386 | validation accuracy: 0.6645 | validation AP: 0.2833
Epoch 2/50 | train loss: 0.6039 | validation loss: 0.6559 | validation accuracy: 0.7369 | validation AP: 0.2561
Epoch 3/50 | train loss: 0.5967 | validation loss: 0.6938 | validation accuracy: 0.7477 | validation AP: 0.2489
Epoch 4/50 | train loss: 0.5848 | validation loss: 0.6356 | validation accuracy: 0.6144 | validation AP: 0.2575
Epoch 5/50 | train loss: 0.5736 | validation loss: 0.7767 | validation accuracy: 0.7477 | validation AP: 0.2114
Stopping at epoch 5: validation AP has not improved for 4 epochs.
Best epoch: 1 | validation AP: 0.2833 | epochs run: 5

Validation classification report:
              precision    recall  f1-score   support

  disengaged     0.2028    0.6446    0.3086       332
     engaged     0.9346    0.6671    0.7785      2526

    accuracy                         0.6645      2858
   macro avg     0.5687    0.6558    0.5435      2858
weighted avg     0.8496    0.6645    0.7239      2858

Confusion matrix (rows: actual, columns: predicted):
[[ 214  118]
 [ 841 1685]]
Epoch 1/50 | train loss: 0.6493 | validation loss: 0.6945 | validation accuracy: 0.7922 | validation AP: 0.2284
Epoch 2/50 | train loss: 0.6142 | validation loss: 0.6728 | validation accuracy: 0.726 | validation AP: 0.2069
Epoch 3/50 | train loss: 0.6004 | validation loss: 0.6643 | validation accuracy: 0.669 | validation AP: 0.1887
Epoch 4/50 | train loss: 0.5925 | validation loss: 0.6754 | validation accuracy: 0.7043 | validation AP: 0.2177
Epoch 5/50 | train loss: 0.5783 | validation loss: 0.6511 | validation accuracy: 0.6613 | validation AP: 0.1984
Stopping at epoch 5: validation AP has not improved for 4 epochs.
Best epoch: 1 | validation AP: 0.2284 | epochs run: 5

Validation classification report:
              precision    recall  f1-score   support

  disengaged     0.2609    0.4307    0.3250       332
     engaged     0.9182    0.8397    0.8772      2526

    accuracy                         0.7922      2858
   macro avg     0.5896    0.6352    0.6011      2858
weighted avg     0.8418    0.7922    0.8130      2858

Confusion matrix (rows: actual, columns: predicted):
[[ 143  189]
 [ 405 2121]]
Epoch 1/50 | train loss: 0.607 | validation loss: 0.6394 | validation accuracy: 0.8534 | validation AP: 0.2587
Epoch 2/50 | train loss: 0.5759 | validation loss: 0.646 | validation accuracy: 0.8212 | validation AP: 0.2296
Epoch 3/50 | train loss: 0.5629 | validation loss: 0.6498 | validation accuracy: 0.7827 | validation AP: 0.2151
Epoch 4/50 | train loss: 0.5526 | validation loss: 0.64 | validation accuracy: 0.7824 | validation AP: 0.231
Epoch 5/50 | train loss: 0.5358 | validation loss: 0.7316 | validation accuracy: 0.7862 | validation AP: 0.2476
Stopping at epoch 5: validation AP has not improved for 4 epochs.
Best epoch: 1 | validation AP: 0.2587 | epochs run: 5

Validation classification report:
              precision    recall  f1-score   support

  disengaged     0.3084    0.2108    0.2504       332
     engaged     0.9004    0.9378    0.9188      2526

    accuracy                         0.8534      2858
   macro avg     0.6044    0.5743    0.5846      2858
weighted avg     0.8316    0.8534    0.8411      2858

Confusion matrix (rows: actual, columns: predicted):
[[  70  262]
 [ 157 2369]]
Epoch 1/50 | train loss: 0.6018 | validation loss: 0.7119 | validation accuracy: 0.8265 | validation AP: 0.2636
Epoch 2/50 | train loss: 0.5694 | validation loss: 0.6601 | validation accuracy: 0.8338 | validation AP: 0.2405
Epoch 3/50 | train loss: 0.5515 | validation loss: 0.6396 | validation accuracy: 0.8303 | validation AP: 0.2321
Epoch 4/50 | train loss: 0.5429 | validation loss: 0.6159 | validation accuracy: 0.7176 | validation AP: 0.2357
Epoch 5/50 | train loss: 0.5279 | validation loss: 0.7068 | validation accuracy: 0.7593 | validation AP: 0.1932
Stopping at epoch 5: validation AP has not improved for 4 epochs.
Best epoch: 1 | validation AP: 0.2636 | epochs run: 5

Validation classification report:
              precision    recall  f1-score   support

  disengaged     0.2747    0.3012    0.2874       332
     engaged     0.9070    0.8955    0.9012      2526

    accuracy                         0.8265      2858
   macro avg     0.5909    0.5983    0.5943      2858
weighted avg     0.8335    0.8265    0.8299      2858

Confusion matrix (rows: actual, columns: predicted):
[[ 100  232]
 [ 264 2262]]
Epoch 1/50 | train loss: 0.5972 | validation loss: 0.6866 | validation accuracy: 0.8586 | validation AP: 0.2206
Epoch 2/50 | train loss: 0.5772 | validation loss: 0.6657 | validation accuracy: 0.846 | validation AP: 0.2336
Epoch 3/50 | train loss: 0.5604 | validation loss: 0.6489 | validation accuracy: 0.7691 | validation AP: 0.2102
Epoch 4/50 | train loss: 0.5429 | validation loss: 0.6597 | validation accuracy: 0.8037 | validation AP: 0.2144
Epoch 5/50 | train loss: 0.5351 | validation loss: 0.6291 | validation accuracy: 0.7971 | validation AP: 0.2289
Epoch 6/50 | train loss: 0.526 | validation loss: 0.6746 | validation accuracy: 0.8118 | validation AP: 0.1987
Stopping at epoch 6: validation AP has not improved for 4 epochs.
Best epoch: 2 | validation AP: 0.2336 | epochs run: 6

Validation classification report:
              precision    recall  f1-score   support

  disengaged     0.2750    0.1988    0.2308       332
     engaged     0.8984    0.9311    0.9145      2526

    accuracy                         0.8460      2858
   macro avg     0.5867    0.5650    0.5726      2858
weighted avg     0.8260    0.8460    0.8350      2858

Confusion matrix (rows: actual, columns: predicted):
[[  66  266]
 [ 174 2352]]
Epoch 1/50 | train loss: 0.5682 | validation loss: 0.6153 | validation accuracy: 0.8838 | validation AP: 0.1392
Epoch 2/50 | train loss: 0.5221 | validation loss: 0.6271 | validation accuracy: 0.8534 | validation AP: 0.1436
Epoch 3/50 | train loss: 0.5074 | validation loss: 0.6338 | validation accuracy: 0.8296 | validation AP: 0.151
Epoch 4/50 | train loss: 0.5067 | validation loss: 0.6141 | validation accuracy: 0.831 | validation AP: 0.167
Epoch 5/50 | train loss: 0.4965 | validation loss: 0.603 | validation accuracy: 0.8338 | validation AP: 0.1703
Epoch 6/50 | train loss: 0.4895 | validation loss: 0.5977 | validation accuracy: 0.8352 | validation AP: 0.1727
Epoch 7/50 | train loss: 0.4808 | validation loss: 0.6226 | validation accuracy: 0.817 | validation AP: 0.1599
Epoch 8/50 | train loss: 0.468 | validation loss: 0.6234 | validation accuracy: 0.8443 | validation AP: 0.1781
Epoch 9/50 | train loss: 0.4736 | validation loss: 0.6127 | validation accuracy: 0.8254 | validation AP: 0.18
Epoch 10/50 | train loss: 0.4668 | validation loss: 0.6305 | validation accuracy: 0.8607 | validation AP: 0.1995
Epoch 11/50 | train loss: 0.4652 | validation loss: 0.6234 | validation accuracy: 0.8537 | validation AP: 0.1963
Epoch 12/50 | train loss: 0.4624 | validation loss: 0.6413 | validation accuracy: 0.8611 | validation AP: 0.1994
Epoch 13/50 | train loss: 0.4612 | validation loss: 0.6236 | validation accuracy: 0.8506 | validation AP: 0.1876
Epoch 14/50 | train loss: 0.4627 | validation loss: 0.6262 | validation accuracy: 0.8562 | validation AP: 0.1963
Stopping at epoch 14: validation AP has not improved for 4 epochs.
Best epoch: 10 | validation AP: 0.1995 | epochs run: 14

Validation classification report:
              precision    recall  f1-score   support

  disengaged     0.2829    0.1295    0.1777       332
     engaged     0.8932    0.9568    0.9239      2526

    accuracy                         0.8607      2858
   macro avg     0.5880    0.5432    0.5508      2858
weighted avg     0.8223    0.8607    0.8372      2858

Confusion matrix (rows: actual, columns: predicted):
[[  43  289]
 [ 109 2417]]
Epoch 1/50 | train loss: 0.5575 | validation loss: 0.6125 | validation accuracy: 0.8831 | validation AP: 0.1697
Epoch 2/50 | train loss: 0.5236 | validation loss: 0.5987 | validation accuracy: 0.8509 | validation AP: 0.1746
Epoch 3/50 | train loss: 0.5038 | validation loss: 0.5961 | validation accuracy: 0.8422 | validation AP: 0.1845[I 2026-10-09 04:38:24,445] Trial 6 finished with value: 0.21867522603636114 and parameters: {'hidden_size': 20, 'num_layers': 3, 'dropout': 0.1, 'learning_rate': 0.0001705053926026929, 'batch_size': 8}. Best is trial 1 with value: 0.28608297737951854.

Epoch 4/50 | train loss: 0.4966 | validation loss: 0.5954 | validation accuracy: 0.7817 | validation AP: 0.1788
Epoch 5/50 | train loss: 0.4874 | validation loss: 0.6059 | validation accuracy: 0.8002 | validation AP: 0.1776
Epoch 6/50 | train loss: 0.4756 | validation loss: 0.617 | validation accuracy: 0.8149 | validation AP: 0.187
Epoch 7/50 | train loss: 0.4776 | validation loss: 0.6096 | validation accuracy: 0.8128 | validation AP: 0.1886
Epoch 8/50 | train loss: 0.4701 | validation loss: 0.6295 | validation accuracy: 0.8282 | validation AP: 0.1927
Epoch 9/50 | train loss: 0.4713 | validation loss: 0.6328 | validation accuracy: 0.8321 | validation AP: 0.1905
Epoch 10/50 | train loss: 0.4595 | validation loss: 0.6046 | validation accuracy: 0.8058 | validation AP: 0.2021
Epoch 11/50 | train loss: 0.4685 | validation loss: 0.614 | validation accuracy: 0.8279 | validation AP: 0.201
Epoch 12/50 | train loss: 0.4679 | validation loss: 0.6299 | validation accuracy: 0.8286 | validation AP: 0.1978
Epoch 13/50 | train loss: 0.4558 | validation loss: 0.6161 | validation accuracy: 0.8167 | validation AP: 0.2017
Epoch 14/50 | train loss: 0.4508 | validation loss: 0.6117 | validation accuracy: 0.8177 | validation AP: 0.2117
Epoch 15/50 | train loss: 0.4581 | validation loss: 0.637 | validation accuracy: 0.8429 | validation AP: 0.2148
Epoch 16/50 | train loss: 0.4529 | validation loss: 0.6456 | validation accuracy: 0.8317 | validation AP: 0.2077
Epoch 17/50 | train loss: 0.4493 | validation loss: 0.6146 | validation accuracy: 0.8404 | validation AP: 0.2226
Epoch 18/50 | train loss: 0.4551 | validation loss: 0.6268 | validation accuracy: 0.8439 | validation AP: 0.2216
Epoch 19/50 | train loss: 0.4522 | validation loss: 0.6195 | validation accuracy: 0.8366 | validation AP: 0.2191
Epoch 20/50 | train loss: 0.4457 | validation loss: 0.609 | validation accuracy: 0.8118 | validation AP: 0.217
Epoch 21/50 | train loss: 0.4447 | validation loss: 0.614 | validation accuracy: 0.8111 | validation AP: 0.2145
Stopping at epoch 21: validation AP has not improved for 4 epochs.
Best epoch: 17 | validation AP: 0.2226 | epochs run: 21

Validation classification report:
              precision    recall  f1-score   support

  disengaged     0.2721    0.2229    0.2450       332
     engaged     0.9002    0.9216    0.9108      2526

    accuracy                         0.8404      2858
   macro avg     0.5861    0.5723    0.5779      2858
weighted avg     0.8273    0.8404    0.8335      2858

Confusion matrix (rows: actual, columns: predicted):
[[  74  258]
 [ 198 2328]]
Epoch 1/50 | train loss: 0.5626 | validation loss: 0.6276 | validation accuracy: 0.8838 | validation AP: 0.1634
Epoch 2/50 | train loss: 0.5206 | validation loss: 0.6184 | validation accuracy: 0.8754 | validation AP: 0.1748
Epoch 3/50 | train loss: 0.5056 | validation loss: 0.5917 | validation accuracy: 0.8303 | validation AP: 0.1748
Epoch 4/50 | train loss: 0.484 | validation loss: 0.6187 | validation accuracy: 0.8467 | validation AP: 0.1845
Epoch 5/50 | train loss: 0.4807 | validation loss: 0.5909 | validation accuracy: 0.8251 | validation AP: 0.2039
Epoch 6/50 | train loss: 0.4826 | validation loss: 0.5939 | validation accuracy: 0.8191 | validation AP: 0.2089
Epoch 7/50 | train loss: 0.4745 | validation loss: 0.6053 | validation accuracy: 0.8457 | validation AP: 0.2136
Epoch 8/50 | train loss: 0.4716 | validation loss: 0.5842 | validation accuracy: 0.8275 | validation AP: 0.216
Epoch 9/50 | train loss: 0.4683 | validation loss: 0.5982 | validation accuracy: 0.8408 | validation AP: 0.2132
Epoch 10/50 | train loss: 0.4599 | validation loss: 0.6221 | validation accuracy: 0.8369 | validation AP: 0.208
Epoch 11/50 | train loss: 0.4536 | validation loss: 0.6425 | validation accuracy: 0.8618 | validation AP: 0.2186
Epoch 12/50 | train loss: 0.4586 | validation loss: 0.6145 | validation accuracy: 0.8289 | validation AP: 0.2078
Epoch 13/50 | train loss: 0.4561 | validation loss: 0.638 | validation accuracy: 0.8408 | validation AP: 0.204
Epoch 14/50 | train loss: 0.447 | validation loss: 0.6227 | validation accuracy: 0.8321 | validation AP: 0.2005
Epoch 15/50 | train loss: 0.4572 | validation loss: 0.6428 | validation accuracy: 0.8408 | validation AP: 0.1981
Stopping at epoch 15: validation AP has not improved for 4 epochs.
Best epoch: 11 | validation AP: 0.2186 | epochs run: 15

Validation classification report:
              precision    recall  f1-score   support

  disengaged     0.3043    0.1476    0.1988       332
     engaged     0.8951    0.9557    0.9244      2526

    accuracy                         0.8618      2858
   macro avg     0.5997    0.5516    0.5616      2858
weighted avg     0.8264    0.8618    0.8401      2858

Confusion matrix (rows: actual, columns: predicted):
[[  49  283]
 [ 112 2414]]
Epoch 1/50 | train loss: 0.6328 | validation loss: 0.6521 | validation accuracy: 0.7925 | validation AP: 0.2449
Epoch 2/50 | train loss: 0.6007 | validation loss: 0.6629 | validation accuracy: 0.7918 | validation AP: 0.2303
Epoch 3/50 | train loss: 0.5887 | validation loss: 0.6636 | validation accuracy: 0.7355 | validation AP: 0.2205
Epoch 4/50 | train loss: 0.5767 | validation loss: 0.6773 | validation accuracy: 0.7687 | validation AP: 0.236
Epoch 5/50 | train loss: 0.5576 | validation loss: 0.7223 | validation accuracy: 0.7708 | validation AP: 0.2293
Stopping at epoch 5: validation AP has not improved for 4 epochs.
Best epoch: 1 | validation AP: 0.2449 | epochs run: 5

Validation classification report:
              precision    recall  f1-score   support

  disengaged     0.2588    0.4217    0.3207       332
     engaged     0.9171    0.8413    0.8776      2526

    accuracy                         0.7925      2858
   macro avg     0.5880    0.6315    0.5991      2858
weighted avg     0.8407    0.7925    0.8129      2858

Confusion matrix (rows: actual, columns: predicted):
[[ 140  192]
 [ 401 2125]]
Epoch 1/50 | train loss: 0.6302 | validation loss: 0.7449 | validation accuracy: 0.7981 | validation AP: 0.2523
Epoch 2/50 | train loss: 0.5896 | validation loss: 0.6693 | validation accuracy: 0.7747 | validation AP: 0.2513
Epoch 3/50 | train loss: 0.5783 | validation loss: 0.6806 | validation accuracy: 0.7775 | validation AP: 0.2428
Epoch 4/50 | train loss: 0.5707 | validation loss: 0.6441 | validation accuracy: 0.6309 | validation AP: 0.2348
Epoch 5/50 | train loss: 0.5704 | validation loss: 0.7134 | validation accuracy: 0.7656 | validation AP: 0.2035
Stopping at epoch 5: validation AP has not improved for 4 epochs.
Best epoch: 1 | validation AP: 0.2523 | epochs run: 5

Validation classification report:
              precision    recall  f1-score   support

  disengaged     0.2565    0.3886    0.3090       332
     engaged     0.9138    0.8519    0.8818      2526

    accuracy                         0.7981      2858
   macro avg     0.5851    0.6202    0.5954      2858
weighted avg     0.8374    0.7981    0.8152      2858

Confusion matrix (rows: actual, columns: predicted):
[[ 129  203]
 [ 374 2152]]
Epoch 1/50 | train loss: 0.6368 | validation loss: 0.6952 | validation accuracy: 0.8202 | validation AP: 0.2353
Epoch 2/50 | train loss: 0.6015 | validation loss: 0.6783 | validation accuracy: 0.7614 | validation AP: 0.2146
Epoch 3/50 | train loss: 0.5814 | validation loss: 0.6732 | validation accuracy: 0.7197 | validation AP: 0.2183
Epoch 4/50 | train loss: 0.574 | validation loss: 0.6831 | validation accuracy: 0.7614 | validation AP: 0.21
Epoch 5/50 | train loss: 0.5631 | validation loss: 0.6574 | validation accuracy: 0.7117 | validation AP: 0.2265
Stopping at epoch 5: validation AP has not improved for 4 epochs.
Best epoch: 1 | validation AP: 0.2353 | epochs run: 5

Validation classification report:
              precision    recall  f1-score   support

  disengaged     0.2714    0.3253    0.2959       332
     engaged     0.9089    0.8852    0.8969      2526

    accuracy                         0.8202      2858
   macro avg     0.5901    0.6052    0.5964      2858
weighted avg     0.8349    0.8202    0.8271      2858

Confusion matrix (rows: actual, columns: predicted):
[[ 108  224]
 [ 290 2236]][I 2026-10-09 04:38:47,208] Trial 7 finished with value: 0.26918492809988287 and parameters: {'hidden_size': 40, 'num_layers': 1, 'dropout': 0.1, 'learning_rate': 0.0026698666742744613, 'batch_size': 32}. Best is trial 1 with value: 0.28608297737951854.
[I 2026-10-09 04:42:05,566] Trial 8 finished with value: 0.2760362105154267 and parameters: {'hidden_size': 66, 'num_layers': 2, 'dropout': 0.25, 'learning_rate': 0.0010402587615883842, 'batch_size': 8}. Best is trial 1 with value: 0.28608297737951854.
[I 2026-10-09 04:42:28,925] Trial 9 finished with value: 0.27243259693672733 and parameters: {'hidden_size': 33, 'num_layers': 1, 'dropout': 0.1, 'learning_rate': 0.005532496914298506, 'batch_size': 32}. Best is trial 1 with value: 0.28608297737951854.

Epoch 1/50 | train loss: 0.5307 | validation loss: 0.5771 | validation accuracy: 0.8716 | validation AP: 0.2427
Epoch 2/50 | train loss: 0.5013 | validation loss: 0.6112 | validation accuracy: 0.8579 | validation AP: 0.2165
Epoch 3/50 | train loss: 0.4873 | validation loss: 0.6155 | validation accuracy: 0.846 | validation AP: 0.2049
Epoch 4/50 | train loss: 0.4903 | validation loss: 0.5861 | validation accuracy: 0.8293 | validation AP: 0.2177
Epoch 5/50 | train loss: 0.4758 | validation loss: 0.6203 | validation accuracy: 0.8107 | validation AP: 0.2547
Epoch 6/50 | train loss: 0.4678 | validation loss: 0.5771 | validation accuracy: 0.8457 | validation AP: 0.2327
Epoch 7/50 | train loss: 0.4592 | validation loss: 0.6247 | validation accuracy: 0.8457 | validation AP: 0.1845
Epoch 8/50 | train loss: 0.4547 | validation loss: 0.644 | validation accuracy: 0.86 | validation AP: 0.2009
Epoch 9/50 | train loss: 0.4498 | validation loss: 0.6118 | validation accuracy: 0.845 | validation AP: 0.2073
Stopping at epoch 9: validation AP has not improved for 4 epochs.
Best epoch: 5 | validation AP: 0.2547 | epochs run: 9

Validation classification report:
              precision    recall  f1-score   support

  disengaged     0.2575    0.3343    0.2910       332
     engaged     0.9089    0.8733    0.8908      2526

    accuracy                         0.8107      2858
   macro avg     0.5832    0.6038    0.5909      2858
weighted avg     0.8333    0.8107    0.8211      2858

Confusion matrix (rows: actual, columns: predicted):
[[ 111  221]
 [ 320 2206]]
Epoch 1/50 | train loss: 0.5247 | validation loss: 0.6017 | validation accuracy: 0.839 | validation AP: 0.2267
Epoch 2/50 | train loss: 0.5007 | validation loss: 0.6001 | validation accuracy: 0.8639 | validation AP: 0.1981
Epoch 3/50 | train loss: 0.4887 | validation loss: 0.578 | validation accuracy: 0.8789 | validation AP: 0.2643
Epoch 4/50 | train loss: 0.4846 | validation loss: 0.5873 | validation accuracy: 0.7761 | validation AP: 0.235
Epoch 5/50 | train loss: 0.4749 | validation loss: 0.6097 | validation accuracy: 0.8268 | validation AP: 0.1977
Epoch 6/50 | train loss: 0.463 | validation loss: 0.6315 | validation accuracy: 0.8583 | validation AP: 0.2164
Epoch 7/50 | train loss: 0.4678 | validation loss: 0.6026 | validation accuracy: 0.8698 | validation AP: 0.2309
Stopping at epoch 7: validation AP has not improved for 4 epochs.
Best epoch: 3 | validation AP: 0.2643 | epochs run: 7

Validation classification report:
              precision    recall  f1-score   support

  disengaged     0.4300    0.1295    0.1991       332
     engaged     0.8952    0.9774    0.9345      2526

    accuracy                         0.8789      2858
   macro avg     0.6626    0.5535    0.5668      2858
weighted avg     0.8412    0.8789    0.8491      2858

Confusion matrix (rows: actual, columns: predicted):
[[  43  289]
 [  57 2469]]
Epoch 1/50 | train loss: 0.5214 | validation loss: 0.6016 | validation accuracy: 0.867 | validation AP: 0.2248
Epoch 2/50 | train loss: 0.5001 | validation loss: 0.5883 | validation accuracy: 0.8422 | validation AP: 0.2193
Epoch 3/50 | train loss: 0.488 | validation loss: 0.593 | validation accuracy: 0.8121 | validation AP: 0.1953
Epoch 4/50 | train loss: 0.474 | validation loss: 0.6395 | validation accuracy: 0.8429 | validation AP: 0.1858
Epoch 5/50 | train loss: 0.4732 | validation loss: 0.5825 | validation accuracy: 0.8562 | validation AP: 0.229
Epoch 6/50 | train loss: 0.4688 | validation loss: 0.6147 | validation accuracy: 0.8369 | validation AP: 0.2028
Epoch 7/50 | train loss: 0.4593 | validation loss: 0.6027 | validation accuracy: 0.8656 | validation AP: 0.2371
Epoch 8/50 | train loss: 0.4496 | validation loss: 0.5804 | validation accuracy: 0.8506 | validation AP: 0.2265
Epoch 9/50 | train loss: 0.4429 | validation loss: 0.6209 | validation accuracy: 0.8467 | validation AP: 0.2093
Epoch 10/50 | train loss: 0.4394 | validation loss: 0.6322 | validation accuracy: 0.8369 | validation AP: 0.2111
Epoch 11/50 | train loss: 0.4274 | validation loss: 0.6455 | validation accuracy: 0.8688 | validation AP: 0.2286
Stopping at epoch 11: validation AP has not improved for 4 epochs.
Best epoch: 7 | validation AP: 0.2371 | epochs run: 11

Validation classification report:
              precision    recall  f1-score   support

  disengaged     0.3333    0.1566    0.2131       332
     engaged     0.8964    0.9588    0.9265      2526

    accuracy                         0.8656      2858
   macro avg     0.6149    0.5577    0.5698      2858
weighted avg     0.8310    0.8656    0.8437      2858

Confusion matrix (rows: actual, columns: predicted):
[[  52  280]
 [ 104 2422]]
Epoch 1/50 | train loss: 0.6311 | validation loss: 0.655 | validation accuracy: 0.7841 | validation AP: 0.2562
Epoch 2/50 | train loss: 0.6071 | validation loss: 0.6409 | validation accuracy: 0.7453 | validation AP: 0.2394
Epoch 3/50 | train loss: 0.5963 | validation loss: 0.6647 | validation accuracy: 0.7467 | validation AP: 0.2108
Epoch 4/50 | train loss: 0.5813 | validation loss: 0.7288 | validation accuracy: 0.768 | validation AP: 0.2179
Epoch 5/50 | train loss: 0.5617 | validation loss: 0.7848 | validation accuracy: 0.8023 | validation AP: 0.2504
Stopping at epoch 5: validation AP has not improved for 4 epochs.
Best epoch: 1 | validation AP: 0.2562 | epochs run: 5

Validation classification report:
              precision    recall  f1-score   support

  disengaged     0.2496    0.4277    0.3152       332
     engaged     0.9170    0.8310    0.8719      2526

    accuracy                         0.7841      2858
   macro avg     0.5833    0.6293    0.5935      2858
weighted avg     0.8395    0.7841    0.8072      2858

Confusion matrix (rows: actual, columns: predicted):
[[ 142  190]
 [ 427 2099]]
Epoch 1/50 | train loss: 0.6268 | validation loss: 0.7471 | validation accuracy: 0.7932 | validation AP: 0.2675
Epoch 2/50 | train loss: 0.5953 | validation loss: 0.7048 | validation accuracy: 0.7775 | validation AP: 0.2298
Epoch 3/50 | train loss: 0.5721 | validation loss: 0.6952 | validation accuracy: 0.7855 | validation AP: 0.228
Epoch 4/50 | train loss: 0.564 | validation loss: 0.6852 | validation accuracy: 0.6767 | validation AP: 0.2189
Epoch 5/50 | train loss: 0.5627 | validation loss: 0.7399 | validation accuracy: 0.7334 | validation AP: 0.1971
Stopping at epoch 5: validation AP has not improved for 4 epochs.
Best epoch: 1 | validation AP: 0.2675 | epochs run: 5

Validation classification report:
              precision    recall  f1-score   support

  disengaged     0.2708    0.4608    0.3411       332
     engaged     0.9219    0.8369    0.8774      2526

    accuracy                         0.7932      2858
   macro avg     0.5964    0.6489    0.6092      2858
weighted avg     0.8463    0.7932    0.8151      2858

Confusion matrix (rows: actual, columns: predicted):
[[ 153  179]
 [ 412 2114]]
Epoch 1/50 | train loss: 0.6359 | validation loss: 0.6687 | validation accuracy: 0.7971 | validation AP: 0.2192
Epoch 2/50 | train loss: 0.6017 | validation loss: 0.6859 | validation accuracy: 0.7292 | validation AP: 0.2098
Epoch 3/50 | train loss: 0.582 | validation loss: 0.6714 | validation accuracy: 0.6928 | validation AP: 0.196
Epoch 4/50 | train loss: 0.5722 | validation loss: 0.6914 | validation accuracy: 0.7372 | validation AP: 0.2076
Epoch 5/50 | train loss: 0.5678 | validation loss: 0.6728 | validation accuracy: 0.6963 | validation AP: 0.2051
Stopping at epoch 5: validation AP has not improved for 4 epochs.
Best epoch: 1 | validation AP: 0.2192 | epochs run: 5

Validation classification report:
              precision    recall  f1-score   support

  disengaged     0.2559    0.3916    0.3095       332
     engaged     0.9140    0.8504    0.8811      2526

    accuracy                         0.7971      2858
   macro avg     0.5850    0.6210    0.5953      2858
weighted avg     0.8376    0.7971    0.8147      2858

Confusion matrix (rows: actual, columns: predicted):
[[ 130  202]
 [ 378 2148]]
Epoch 1/50 | train loss: 0.5469 | validation loss: 0.6039 | validation accuracy: 0.867 | validation AP: 0.1789
Epoch 2/50 | train loss: 0.5038 | validation loss: 0.6061 | validation accuracy: 0.8516 | validation AP: 0.2001[I 2026-10-09 04:45:37,013] Trial 10 finished with value: 0.2479607436195849 and parameters: {'hidden_size': 20, 'num_layers': 3, 'dropout': 0.25, 'learning_rate': 0.0008916520859346161, 'batch_size': 8}. Best is trial 1 with value: 0.28608297737951854.

Epoch 3/50 | train loss: 0.4846 | validation loss: 0.6378 | validation accuracy: 0.8359 | validation AP: 0.1927
Epoch 4/50 | train loss: 0.4831 | validation loss: 0.6034 | validation accuracy: 0.7887 | validation AP: 0.1929
Epoch 5/50 | train loss: 0.4754 | validation loss: 0.5842 | validation accuracy: 0.8317 | validation AP: 0.2507
Epoch 6/50 | train loss: 0.4672 | validation loss: 0.5755 | validation accuracy: 0.8369 | validation AP: 0.2412
Epoch 7/50 | train loss: 0.4605 | validation loss: 0.6121 | validation accuracy: 0.8555 | validation AP: 0.2026
Epoch 8/50 | train loss: 0.4495 | validation loss: 0.6337 | validation accuracy: 0.839 | validation AP: 0.2098
Epoch 9/50 | train loss: 0.4601 | validation loss: 0.5881 | validation accuracy: 0.8341 | validation AP: 0.227
Stopping at epoch 9: validation AP has not improved for 4 epochs.
Best epoch: 5 | validation AP: 0.2507 | epochs run: 9

Validation classification report:
              precision    recall  f1-score   support

  disengaged     0.2693    0.2620    0.2656       332
     engaged     0.9034    0.9066    0.9050      2526

    accuracy                         0.8317      2858
   macro avg     0.5864    0.5843    0.5853      2858
weighted avg     0.8297    0.8317    0.8307      2858

Confusion matrix (rows: actual, columns: predicted):
[[  87  245]
 [ 236 2290]]
Epoch 1/50 | train loss: 0.5332 | validation loss: 0.6125 | validation accuracy: 0.8328 | validation AP: 0.2051
Epoch 2/50 | train loss: 0.503 | validation loss: 0.6117 | validation accuracy: 0.8492 | validation AP: 0.2206
Epoch 3/50 | train loss: 0.4828 | validation loss: 0.5849 | validation accuracy: 0.859 | validation AP: 0.2426
Epoch 4/50 | train loss: 0.4781 | validation loss: 0.5934 | validation accuracy: 0.7782 | validation AP: 0.231
Epoch 5/50 | train loss: 0.4715 | validation loss: 0.6222 | validation accuracy: 0.8307 | validation AP: 0.2091
Epoch 6/50 | train loss: 0.4584 | validation loss: 0.6168 | validation accuracy: 0.8628 | validation AP: 0.2364
Epoch 7/50 | train loss: 0.4566 | validation loss: 0.6116 | validation accuracy: 0.8597 | validation AP: 0.2299
Stopping at epoch 7: validation AP has not improved for 4 epochs.
Best epoch: 3 | validation AP: 0.2426 | epochs run: 7

Validation classification report:
              precision    recall  f1-score   support

  disengaged     0.3216    0.1928    0.2411       332
     engaged     0.8992    0.9466    0.9223      2526

    accuracy                         0.8590      2858
   macro avg     0.6104    0.5697    0.5817      2858
weighted avg     0.8321    0.8590    0.8431      2858

Confusion matrix (rows: actual, columns: predicted):
[[  64  268]
 [ 135 2391]]
Epoch 1/50 | train loss: 0.534 | validation loss: 0.628 | validation accuracy: 0.8502 | validation AP: 0.1935
Epoch 2/50 | train loss: 0.4962 | validation loss: 0.6145 | validation accuracy: 0.8523 | validation AP: 0.2071
Epoch 3/50 | train loss: 0.4815 | validation loss: 0.6004 | validation accuracy: 0.8006 | validation AP: 0.1916
Epoch 4/50 | train loss: 0.4664 | validation loss: 0.6205 | validation accuracy: 0.8439 | validation AP: 0.2069
Epoch 5/50 | train loss: 0.468 | validation loss: 0.583 | validation accuracy: 0.8551 | validation AP: 0.2305
Epoch 6/50 | train loss: 0.4674 | validation loss: 0.601 | validation accuracy: 0.8338 | validation AP: 0.2306
Epoch 7/50 | train loss: 0.4618 | validation loss: 0.6039 | validation accuracy: 0.8439 | validation AP: 0.2241
Epoch 8/50 | train loss: 0.4561 | validation loss: 0.5884 | validation accuracy: 0.8569 | validation AP: 0.2217
Epoch 9/50 | train loss: 0.4513 | validation loss: 0.6063 | validation accuracy: 0.8247 | validation AP: 0.211
Epoch 10/50 | train loss: 0.4462 | validation loss: 0.6351 | validation accuracy: 0.8128 | validation AP: 0.2138
Stopping at epoch 10: validation AP has not improved for 4 epochs.
Best epoch: 6 | validation AP: 0.2306 | epochs run: 10

Validation classification report:
              precision    recall  f1-score   support

  disengaged     0.2560    0.2259    0.2400       332
     engaged     0.8998    0.9137    0.9067      2526

    accuracy                         0.8338      2858
   macro avg     0.5779    0.5698    0.5733      2858
weighted avg     0.8250    0.8338    0.8293      2858

Confusion matrix (rows: actual, columns: predicted):
[[  75  257]
 [ 218 2308]]
Epoch 1/50 | train loss: 0.5484 | validation loss: 0.5855 | validation accuracy: 0.8779 | validation AP: 0.21
Epoch 2/50 | train loss: 0.5049 | validation loss: 0.6131 | validation accuracy: 0.8597 | validation AP: 0.1796
Epoch 3/50 | train loss: 0.4933 | validation loss: 0.62 | validation accuracy: 0.8604 | validation AP: 0.1979
Epoch 4/50 | train loss: 0.4953 | validation loss: 0.5893 | validation accuracy: 0.8565 | validation AP: 0.2261
Epoch 5/50 | train loss: 0.4847 | validation loss: 0.5709 | validation accuracy: 0.8467 | validation AP: 0.2477
Epoch 6/50 | train loss: 0.4745 | validation loss: 0.5662 | validation accuracy: 0.8488 | validation AP: 0.2383
Epoch 7/50 | train loss: 0.4732 | validation loss: 0.6049 | validation accuracy: 0.8247 | validation AP: 0.1956
Epoch 8/50 | train loss: 0.4621 | validation loss: 0.604 | validation accuracy: 0.8569 | validation AP: 0.2148
Epoch 9/50 | train loss: 0.4667 | validation loss: 0.5874 | validation accuracy: 0.8086 | validation AP: 0.2164
Stopping at epoch 9: validation AP has not improved for 4 epochs.
Best epoch: 5 | validation AP: 0.2477 | epochs run: 9

Validation classification report:
              precision    recall  f1-score   support

  disengaged     0.2863    0.2139    0.2448       332
     engaged     0.9000    0.9299    0.9147      2526

    accuracy                         0.8467      2858
   macro avg     0.5931    0.5719    0.5798      2858
weighted avg     0.8287    0.8467    0.8369      2858

Confusion matrix (rows: actual, columns: predicted):
[[  71  261]
 [ 177 2349]]
Epoch 1/50 | train loss: 0.5382 | validation loss: 0.6293 | validation accuracy: 0.8709 | validation AP: 0.1883
Epoch 2/50 | train loss: 0.5092 | validation loss: 0.5998 | validation accuracy: 0.8737 | validation AP: 0.1938
Epoch 3/50 | train loss: 0.4972 | validation loss: 0.5834 | validation accuracy: 0.8779 | validation AP: 0.2356
Epoch 4/50 | train loss: 0.4925 | validation loss: 0.5721 | validation accuracy: 0.8153 | validation AP: 0.2542
Epoch 5/50 | train loss: 0.4863 | validation loss: 0.5914 | validation accuracy: 0.8537 | validation AP: 0.2246
Epoch 6/50 | train loss: 0.4735 | validation loss: 0.6039 | validation accuracy: 0.8604 | validation AP: 0.2455
Epoch 7/50 | train loss: 0.4769 | validation loss: 0.5942 | validation accuracy: 0.852 | validation AP: 0.2319
Epoch 8/50 | train loss: 0.4716 | validation loss: 0.6091 | validation accuracy: 0.8663 | validation AP: 0.2408
Stopping at epoch 8: validation AP has not improved for 4 epochs.
Best epoch: 4 | validation AP: 0.2542 | epochs run: 8

Validation classification report:
              precision    recall  f1-score   support

  disengaged     0.2610    0.3223    0.2884       332
     engaged     0.9081    0.8800    0.8938      2526

    accuracy                         0.8153      2858
   macro avg     0.5845    0.6012    0.5911      2858
weighted avg     0.8329    0.8153    0.8235      2858

Confusion matrix (rows: actual, columns: predicted):
[[ 107  225]
 [ 303 2223]]
Epoch 1/50 | train loss: 0.5434 | validation loss: 0.6151 | validation accuracy: 0.8803 | validation AP: 0.1988
Epoch 2/50 | train loss: 0.5044 | validation loss: 0.6138 | validation accuracy: 0.866 | validation AP: 0.1982
Epoch 3/50 | train loss: 0.494 | validation loss: 0.5859 | validation accuracy: 0.8495 | validation AP: 0.2123
Epoch 4/50 | train loss: 0.4814 | validation loss: 0.6028 | validation accuracy: 0.8579 | validation AP: 0.2105
Epoch 5/50 | train loss: 0.4812 | validation loss: 0.5765 | validation accuracy: 0.846 | validation AP: 0.2451
Epoch 6/50 | train loss: 0.4838 | validation loss: 0.5842 | validation accuracy: 0.8499 | validation AP: 0.2363
Epoch 7/50 | train loss: 0.4766 | validation loss: 0.5873 | validation accuracy: 0.8537 | validation AP: 0.2448
Epoch 8/50 | train loss: 0.4713 | validation loss: 0.5742 | validation accuracy: 0.8446 | validation AP: 0.235[I 2026-10-09 04:49:29,490] Trial 11 finished with value: 0.26813632340951 and parameters: {'hidden_size': 130, 'num_layers': 1, 'dropout': 0.25, 'learning_rate': 0.00010705309697335535, 'batch_size': 8}. Best is trial 1 with value: 0.28608297737951854.
[I 2026-10-09 04:49:57,570] Trial 12 finished with value: 0.27422530109041465 and parameters: {'hidden_size': 115, 'num_layers': 1, 'dropout': 0.0, 'learning_rate': 0.0016959494597742362, 'batch_size': 32}. Best is trial 1 with value: 0.28608297737951854.
[I 2026-10-09 04:54:01,284] Trial 13 finished with value: 0.24042758260925343 and parameters: {'hidden_size': 187, 'num_layers': 1, 'dropout': 0.25, 'learning_rate': 0.009752326127090299, 'batch_size': 8}. Best is trial 1 with value: 0.28608297737951854.

Epoch 9/50 | train loss: 0.4699 | validation loss: 0.5833 | validation accuracy: 0.8467 | validation AP: 0.2359
Stopping at epoch 9: validation AP has not improved for 4 epochs.
Best epoch: 5 | validation AP: 0.2451 | epochs run: 9

Validation classification report:
              precision    recall  f1-score   support

  disengaged     0.2805    0.2078    0.2388       332
     engaged     0.8993    0.9299    0.9144      2526

    accuracy                         0.8460      2858
   macro avg     0.5899    0.5689    0.5766      2858
weighted avg     0.8274    0.8460    0.8359      2858

Confusion matrix (rows: actual, columns: predicted):
[[  69  263]
 [ 177 2349]]
Epoch 1/50 | train loss: 0.6332 | validation loss: 0.64 | validation accuracy: 0.7939 | validation AP: 0.2568
Epoch 2/50 | train loss: 0.6086 | validation loss: 0.6522 | validation accuracy: 0.7775 | validation AP: 0.2487
Epoch 3/50 | train loss: 0.5938 | validation loss: 0.6398 | validation accuracy: 0.7575 | validation AP: 0.2342
Epoch 4/50 | train loss: 0.5946 | validation loss: 0.647 | validation accuracy: 0.7351 | validation AP: 0.2214
Epoch 5/50 | train loss: 0.5689 | validation loss: 0.7158 | validation accuracy: 0.7484 | validation AP: 0.251
Stopping at epoch 5: validation AP has not improved for 4 epochs.
Best epoch: 1 | validation AP: 0.2568 | epochs run: 5

Validation classification report:
              precision    recall  f1-score   support

  disengaged     0.2709    0.4578    0.3404       332
     engaged     0.9216    0.8381    0.8779      2526

    accuracy                         0.7939      2858
   macro avg     0.5963    0.6480    0.6092      2858
weighted avg     0.8460    0.7939    0.8154      2858

Confusion matrix (rows: actual, columns: predicted):
[[ 152  180]
 [ 409 2117]]
Epoch 1/50 | train loss: 0.6302 | validation loss: 0.8015 | validation accuracy: 0.817 | validation AP: 0.2571
Epoch 2/50 | train loss: 0.5971 | validation loss: 0.6678 | validation accuracy: 0.7768 | validation AP: 0.2523
Epoch 3/50 | train loss: 0.5842 | validation loss: 0.6754 | validation accuracy: 0.789 | validation AP: 0.2441
Epoch 4/50 | train loss: 0.5767 | validation loss: 0.6409 | validation accuracy: 0.6214 | validation AP: 0.2367
Epoch 5/50 | train loss: 0.572 | validation loss: 0.7189 | validation accuracy: 0.7351 | validation AP: 0.1945
Stopping at epoch 5: validation AP has not improved for 4 epochs.
Best epoch: 1 | validation AP: 0.2571 | epochs run: 5

Validation classification report:
              precision    recall  f1-score   support

  disengaged     0.2805    0.3675    0.3181       332
     engaged     0.9133    0.8761    0.8943      2526

    accuracy                         0.8170      2858
   macro avg     0.5969    0.6218    0.6062      2858
weighted avg     0.8398    0.8170    0.8274      2858

Confusion matrix (rows: actual, columns: predicted):
[[ 122  210]
 [ 313 2213]]
Epoch 1/50 | train loss: 0.6391 | validation loss: 0.6448 | validation accuracy: 0.7939 | validation AP: 0.2366
Epoch 2/50 | train loss: 0.6097 | validation loss: 0.6626 | validation accuracy: 0.7652 | validation AP: 0.2343
Epoch 3/50 | train loss: 0.5881 | validation loss: 0.6471 | validation accuracy: 0.7407 | validation AP: 0.2236
Epoch 4/50 | train loss: 0.5793 | validation loss: 0.6688 | validation accuracy: 0.7484 | validation AP: 0.2151
Epoch 5/50 | train loss: 0.5685 | validation loss: 0.6553 | validation accuracy: 0.725 | validation AP: 0.2145
Stopping at epoch 5: validation AP has not improved for 4 epochs.
Best epoch: 1 | validation AP: 0.2366 | epochs run: 5

Validation classification report:
              precision    recall  f1-score   support

  disengaged     0.2742    0.4699    0.3463       332
     engaged     0.9231    0.8365    0.8777      2526

    accuracy                         0.7939      2858
   macro avg     0.5986    0.6532    0.6120      2858
weighted avg     0.8477    0.7939    0.8159      2858

Confusion matrix (rows: actual, columns: predicted):
[[ 156  176]
 [ 413 2113]]
Epoch 1/50 | train loss: 0.5941 | validation loss: 0.6252 | validation accuracy: 0.8733 | validation AP: 0.1902
Epoch 2/50 | train loss: 0.5586 | validation loss: 0.713 | validation accuracy: 0.8849 | validation AP: 0.193
Epoch 3/50 | train loss: 0.5251 | validation loss: 0.6593 | validation accuracy: 0.8817 | validation AP: 0.18
Epoch 4/50 | train loss: 0.5399 | validation loss: 0.5933 | validation accuracy: 0.8411 | validation AP: 0.2078
Epoch 5/50 | train loss: 0.5335 | validation loss: 0.5802 | validation accuracy: 0.8677 | validation AP: 0.2332
Epoch 6/50 | train loss: 0.5308 | validation loss: 0.6037 | validation accuracy: 0.8709 | validation AP: 0.1755
Epoch 7/50 | train loss: 0.5558 | validation loss: 0.6436 | validation accuracy: 0.7939 | validation AP: 0.1552
Epoch 8/50 | train loss: 0.5251 | validation loss: 0.7817 | validation accuracy: 0.8698 | validation AP: 0.131
Epoch 9/50 | train loss: 0.5781 | validation loss: 0.7203 | validation accuracy: 0.8712 | validation AP: 0.1195
Stopping at epoch 9: validation AP has not improved for 4 epochs.
Best epoch: 5 | validation AP: 0.2332 | epochs run: 9

Validation classification report:
              precision    recall  f1-score   support

  disengaged     0.3083    0.1114    0.1637       332
     engaged     0.8923    0.9671    0.9282      2526

    accuracy                         0.8677      2858
   macro avg     0.6003    0.5393    0.5460      2858
weighted avg     0.8244    0.8677    0.8394      2858

Confusion matrix (rows: actual, columns: predicted):
[[  37  295]
 [  83 2443]]
Epoch 1/50 | train loss: 0.5972 | validation loss: 0.6295 | validation accuracy: 0.8817 | validation AP: 0.1885
Epoch 2/50 | train loss: 0.5942 | validation loss: 1.3075 | validation accuracy: 0.8821 | validation AP: 0.1894
Epoch 3/50 | train loss: 0.6024 | validation loss: 0.5874 | validation accuracy: 0.8541 | validation AP: 0.2393
Epoch 4/50 | train loss: 0.5699 | validation loss: 0.8121 | validation accuracy: 0.8744 | validation AP: 0.1407
Epoch 5/50 | train loss: 0.5558 | validation loss: 0.6498 | validation accuracy: 0.846 | validation AP: 0.1493
Epoch 6/50 | train loss: 0.557 | validation loss: 0.7146 | validation accuracy: 0.8772 | validation AP: 0.1655
Epoch 7/50 | train loss: 0.5677 | validation loss: 0.6681 | validation accuracy: 0.8733 | validation AP: 0.1998
Stopping at epoch 7: validation AP has not improved for 4 epochs.
Best epoch: 3 | validation AP: 0.2393 | epochs run: 7

Validation classification report:
              precision    recall  f1-score   support

  disengaged     0.2927    0.1807    0.2235       332
     engaged     0.8975    0.9426    0.9195      2526

    accuracy                         0.8541      2858
   macro avg     0.5951    0.5617    0.5715      2858
weighted avg     0.8272    0.8541    0.8386      2858

Confusion matrix (rows: actual, columns: predicted):
[[  60  272]
 [ 145 2381]]
Epoch 1/50 | train loss: 0.6015 | validation loss: 0.6489 | validation accuracy: 0.8719 | validation AP: 0.161
Epoch 2/50 | train loss: 0.5794 | validation loss: 0.6211 | validation accuracy: 0.8338 | validation AP: 0.1779
Epoch 3/50 | train loss: 0.5775 | validation loss: 0.6171 | validation accuracy: 0.8527 | validation AP: 0.163
Epoch 4/50 | train loss: 0.5458 | validation loss: 0.7007 | validation accuracy: 0.8656 | validation AP: 0.1309
Epoch 5/50 | train loss: 0.5475 | validation loss: 0.641 | validation accuracy: 0.881 | validation AP: 0.146
Epoch 6/50 | train loss: 0.5589 | validation loss: 0.6454 | validation accuracy: 0.8831 | validation AP: 0.1648
Stopping at epoch 6: validation AP has not improved for 4 epochs.
Best epoch: 2 | validation AP: 0.1779 | epochs run: 6

Validation classification report:
              precision    recall  f1-score   support

  disengaged     0.2456    0.2078    0.2251       332
     engaged     0.8979    0.9161    0.9069      2526

    accuracy                         0.8338      2858
   macro avg     0.5717    0.5620    0.5660      2858
weighted avg     0.8222    0.8338    0.8277      2858

Confusion matrix (rows: actual, columns: predicted):
[[  69  263]
 [ 212 2314]]
Epoch 1/50 | train loss: 0.6668 | validation loss: 0.6619 | validation accuracy: 0.6193 | validation AP: 0.1904[I 2026-10-09 04:54:30,114] Trial 14 finished with value: 0.24419317679455213 and parameters: {'hidden_size': 44, 'num_layers': 1, 'dropout': 0.0, 'learning_rate': 0.0006413021907452079, 'batch_size': 64}. Best is trial 1 with value: 0.28608297737951854.

Epoch 2/50 | train loss: 0.6174 | validation loss: 0.6666 | validation accuracy: 0.684 | validation AP: 0.1965
Epoch 3/50 | train loss: 0.6014 | validation loss: 0.6797 | validation accuracy: 0.7176 | validation AP: 0.2138
Epoch 4/50 | train loss: 0.5978 | validation loss: 0.6932 | validation accuracy: 0.7477 | validation AP: 0.2316
Epoch 5/50 | train loss: 0.5897 | validation loss: 0.6827 | validation accuracy: 0.746 | validation AP: 0.2283
Epoch 6/50 | train loss: 0.578 | validation loss: 0.6418 | validation accuracy: 0.6585 | validation AP: 0.2166
Epoch 7/50 | train loss: 0.5787 | validation loss: 0.7125 | validation accuracy: 0.712 | validation AP: 0.186
Epoch 8/50 | train loss: 0.5684 | validation loss: 0.6648 | validation accuracy: 0.7141 | validation AP: 0.2277
Stopping at epoch 8: validation AP has not improved for 4 epochs.
Best epoch: 4 | validation AP: 0.2316 | epochs run: 8

Validation classification report:
              precision    recall  f1-score   support

  disengaged     0.2217    0.4669    0.3007       332
     engaged     0.9180    0.7846    0.8461      2526

    accuracy                         0.7477      2858
   macro avg     0.5699    0.6258    0.5734      2858
weighted avg     0.8371    0.7477    0.7827      2858

Confusion matrix (rows: actual, columns: predicted):
[[ 155  177]
 [ 544 1982]]
Epoch 1/50 | train loss: 0.6647 | validation loss: 0.6898 | validation accuracy: 0.6693 | validation AP: 0.1629
Epoch 2/50 | train loss: 0.6134 | validation loss: 0.6546 | validation accuracy: 0.6522 | validation AP: 0.1929
Epoch 3/50 | train loss: 0.6013 | validation loss: 0.6922 | validation accuracy: 0.7484 | validation AP: 0.2247
Epoch 4/50 | train loss: 0.5903 | validation loss: 0.6606 | validation accuracy: 0.6281 | validation AP: 0.2115
Epoch 5/50 | train loss: 0.5815 | validation loss: 0.6917 | validation accuracy: 0.6844 | validation AP: 0.1984
Epoch 6/50 | train loss: 0.5763 | validation loss: 0.6952 | validation accuracy: 0.6973 | validation AP: 0.2203
Epoch 7/50 | train loss: 0.5674 | validation loss: 0.6978 | validation accuracy: 0.6739 | validation AP: 0.2199
Stopping at epoch 7: validation AP has not improved for 4 epochs.
Best epoch: 3 | validation AP: 0.2247 | epochs run: 7

Validation classification report:
              precision    recall  f1-score   support

  disengaged     0.2175    0.4488    0.2930       332
     engaged     0.9158    0.7878    0.8470      2526

    accuracy                         0.7484      2858
   macro avg     0.5667    0.6183    0.5700      2858
weighted avg     0.8347    0.7484    0.7826      2858

Confusion matrix (rows: actual, columns: predicted):
[[ 149  183]
 [ 536 1990]]
Epoch 1/50 | train loss: 0.6724 | validation loss: 0.6704 | validation accuracy: 0.7306 | validation AP: 0.1853
Epoch 2/50 | train loss: 0.6241 | validation loss: 0.6829 | validation accuracy: 0.7442 | validation AP: 0.2005
Epoch 3/50 | train loss: 0.6015 | validation loss: 0.6607 | validation accuracy: 0.6963 | validation AP: 0.2068
Epoch 4/50 | train loss: 0.5922 | validation loss: 0.6751 | validation accuracy: 0.7344 | validation AP: 0.2172
Epoch 5/50 | train loss: 0.5847 | validation loss: 0.6518 | validation accuracy: 0.6522 | validation AP: 0.2097
Epoch 6/50 | train loss: 0.5735 | validation loss: 0.6769 | validation accuracy: 0.7264 | validation AP: 0.227
Epoch 7/50 | train loss: 0.5659 | validation loss: 0.7135 | validation accuracy: 0.7078 | validation AP: 0.2111
Epoch 8/50 | train loss: 0.5581 | validation loss: 0.7028 | validation accuracy: 0.7085 | validation AP: 0.2055
Epoch 9/50 | train loss: 0.5475 | validation loss: 0.6931 | validation accuracy: 0.7089 | validation AP: 0.2115
Epoch 10/50 | train loss: 0.5448 | validation loss: 0.7213 | validation accuracy: 0.7533 | validation AP: 0.2209
Stopping at epoch 10: validation AP has not improved for 4 epochs.
Best epoch: 6 | validation AP: 0.227 | epochs run: 10

Validation classification report:
              precision    recall  f1-score   support

  disengaged     0.2055    0.4729    0.2865       332
     engaged     0.9164    0.7597    0.8307      2526

    accuracy                         0.7264      2858
   macro avg     0.5610    0.6163    0.5586      2858
weighted avg     0.8338    0.7264    0.7675      2858

Confusion matrix (rows: actual, columns: predicted):
[[ 157  175]
 [ 607 1919]]
Epoch 1/50 | train loss: 0.656 | validation loss: 0.6449 | validation accuracy: 0.6536 | validation AP: 0.2005
Epoch 2/50 | train loss: 0.6165 | validation loss: 0.6325 | validation accuracy: 0.6725 | validation AP: 0.2539
Epoch 3/50 | train loss: 0.6011 | validation loss: 0.6696 | validation accuracy: 0.7365 | validation AP: 0.235
Epoch 4/50 | train loss: 0.5978 | validation loss: 0.6731 | validation accuracy: 0.7323 | validation AP: 0.2428
Epoch 5/50 | train loss: 0.5847 | validation loss: 0.6941 | validation accuracy: 0.7292 | validation AP: 0.2573
Epoch 6/50 | train loss: 0.5723 | validation loss: 0.6345 | validation accuracy: 0.6784 | validation AP: 0.2441
Epoch 7/50 | train loss: 0.5745 | validation loss: 0.7432 | validation accuracy: 0.7369 | validation AP: 0.1928
Epoch 8/50 | train loss: 0.5652 | validation loss: 0.667 | validation accuracy: 0.7239 | validation AP: 0.2334
Epoch 9/50 | train loss: 0.5527 | validation loss: 0.6899 | validation accuracy: 0.6781 | validation AP: 0.2362
Stopping at epoch 9: validation AP has not improved for 4 epochs.
Best epoch: 5 | validation AP: 0.2573 | epochs run: 9

Validation classification report:
              precision    recall  f1-score   support

  disengaged     0.2152    0.5030    0.3014       332
     engaged     0.9207    0.7589    0.8320      2526

    accuracy                         0.7292      2858
   macro avg     0.5680    0.6310    0.5667      2858
weighted avg     0.8388    0.7292    0.7704      2858

Confusion matrix (rows: actual, columns: predicted):
[[ 167  165]
 [ 609 1917]]
Epoch 1/50 | train loss: 0.6509 | validation loss: 0.6787 | validation accuracy: 0.7159 | validation AP: 0.1891
Epoch 2/50 | train loss: 0.6132 | validation loss: 0.6292 | validation accuracy: 0.6589 | validation AP: 0.2241
Epoch 3/50 | train loss: 0.6028 | validation loss: 0.6741 | validation accuracy: 0.7537 | validation AP: 0.2479
Epoch 4/50 | train loss: 0.5937 | validation loss: 0.6506 | validation accuracy: 0.6298 | validation AP: 0.2291
Epoch 5/50 | train loss: 0.5843 | validation loss: 0.6831 | validation accuracy: 0.7005 | validation AP: 0.2127
Epoch 6/50 | train loss: 0.58 | validation loss: 0.6802 | validation accuracy: 0.7152 | validation AP: 0.2113
Epoch 7/50 | train loss: 0.5751 | validation loss: 0.6759 | validation accuracy: 0.704 | validation AP: 0.205
Stopping at epoch 7: validation AP has not improved for 4 epochs.
Best epoch: 3 | validation AP: 0.2479 | epochs run: 7

Validation classification report:
              precision    recall  f1-score   support

  disengaged     0.2289    0.4729    0.3084       332
     engaged     0.9194    0.7906    0.8501      2526

    accuracy                         0.7537      2858
   macro avg     0.5741    0.6317    0.5793      2858
weighted avg     0.8392    0.7537    0.7872      2858

Confusion matrix (rows: actual, columns: predicted):
[[ 157  175]
 [ 529 1997]]
Epoch 1/50 | train loss: 0.6534 | validation loss: 0.6657 | validation accuracy: 0.7701 | validation AP: 0.248
Epoch 2/50 | train loss: 0.6149 | validation loss: 0.6563 | validation accuracy: 0.7152 | validation AP: 0.2231
Epoch 3/50 | train loss: 0.6038 | validation loss: 0.6378 | validation accuracy: 0.6875 | validation AP: 0.2227
Epoch 4/50 | train loss: 0.598 | validation loss: 0.6596 | validation accuracy: 0.7309 | validation AP: 0.2237
Epoch 5/50 | train loss: 0.5913 | validation loss: 0.6312 | validation accuracy: 0.6638 | validation AP: 0.2109
Stopping at epoch 5: validation AP has not improved for 4 epochs.
Best epoch: 1 | validation AP: 0.248 | epochs run: 5

Validation classification report:
              precision    recall  f1-score   support

  disengaged     0.2408    0.4548    0.3149       332
     engaged     0.9189    0.8116    0.8619      2526

    accuracy                         0.7701      2858
   macro avg     0.5798    0.6332    0.5884      2858
weighted avg     0.8401    0.7701    0.7983      2858
[I 2026-10-09 04:55:14,715] Trial 15 finished with value: 0.27181769938617656 and parameters: {'hidden_size': 154, 'num_layers': 1, 'dropout': 0.0, 'learning_rate': 0.0004841632530916229, 'batch_size': 64}. Best is trial 1 with value: 0.28608297737951854.
[I 2026-10-09 04:55:49,272] Trial 16 finished with value: 0.23852735803551636 and parameters: {'hidden_size': 21, 'num_layers': 1, 'dropout': 0.0, 'learning_rate': 0.0015110945490681685, 'batch_size': 64}. Best is trial 1 with value: 0.28608297737951854.

Confusion matrix (rows: actual, columns: predicted):
[[ 151  181]
 [ 476 2050]]
Epoch 1/50 | train loss: 0.6642 | validation loss: 0.6583 | validation accuracy: 0.677 | validation AP: 0.1905
Epoch 2/50 | train loss: 0.6129 | validation loss: 0.6393 | validation accuracy: 0.6547 | validation AP: 0.2071
Epoch 3/50 | train loss: 0.5978 | validation loss: 0.6532 | validation accuracy: 0.6903 | validation AP: 0.2155
Epoch 4/50 | train loss: 0.5918 | validation loss: 0.6794 | validation accuracy: 0.7106 | validation AP: 0.2266
Epoch 5/50 | train loss: 0.5805 | validation loss: 0.6683 | validation accuracy: 0.7131 | validation AP: 0.2299
Epoch 6/50 | train loss: 0.5644 | validation loss: 0.6287 | validation accuracy: 0.6172 | validation AP: 0.2275
Epoch 7/50 | train loss: 0.5639 | validation loss: 0.709 | validation accuracy: 0.7204 | validation AP: 0.2112
Epoch 8/50 | train loss: 0.552 | validation loss: 0.6883 | validation accuracy: 0.7369 | validation AP: 0.2298
Epoch 9/50 | train loss: 0.5426 | validation loss: 0.7066 | validation accuracy: 0.7246 | validation AP: 0.2389
Epoch 10/50 | train loss: 0.5398 | validation loss: 0.6919 | validation accuracy: 0.6596 | validation AP: 0.2214
Epoch 11/50 | train loss: 0.5334 | validation loss: 0.7005 | validation accuracy: 0.7344 | validation AP: 0.2323
Epoch 12/50 | train loss: 0.5211 | validation loss: 0.7471 | validation accuracy: 0.7554 | validation AP: 0.229
Epoch 13/50 | train loss: 0.5136 | validation loss: 0.7503 | validation accuracy: 0.7152 | validation AP: 0.1941
Stopping at epoch 13: validation AP has not improved for 4 epochs.
Best epoch: 9 | validation AP: 0.2389 | epochs run: 13

Validation classification report:
              precision    recall  f1-score   support

  disengaged     0.2095    0.4940    0.2942       332
     engaged     0.9190    0.7549    0.8290      2526

    accuracy                         0.7246      2858
   macro avg     0.5642    0.6245    0.5616      2858
weighted avg     0.8366    0.7246    0.7668      2858

Confusion matrix (rows: actual, columns: predicted):
[[ 164  168]
 [ 619 1907]]
Epoch 1/50 | train loss: 0.6536 | validation loss: 0.6809 | validation accuracy: 0.6519 | validation AP: 0.1639
Epoch 2/50 | train loss: 0.6095 | validation loss: 0.6474 | validation accuracy: 0.6599 | validation AP: 0.1908
Epoch 3/50 | train loss: 0.5952 | validation loss: 0.7046 | validation accuracy: 0.7267 | validation AP: 0.2032
Epoch 4/50 | train loss: 0.5814 | validation loss: 0.6818 | validation accuracy: 0.6522 | validation AP: 0.2104
Epoch 5/50 | train loss: 0.5776 | validation loss: 0.7175 | validation accuracy: 0.683 | validation AP: 0.1852
Epoch 6/50 | train loss: 0.5703 | validation loss: 0.6912 | validation accuracy: 0.6561 | validation AP: 0.2048
Epoch 7/50 | train loss: 0.5651 | validation loss: 0.6716 | validation accuracy: 0.6697 | validation AP: 0.2122
Epoch 8/50 | train loss: 0.5578 | validation loss: 0.7381 | validation accuracy: 0.704 | validation AP: 0.1977
Epoch 9/50 | train loss: 0.5488 | validation loss: 0.7526 | validation accuracy: 0.7099 | validation AP: 0.1966
Epoch 10/50 | train loss: 0.5426 | validation loss: 0.7111 | validation accuracy: 0.6732 | validation AP: 0.1987
Epoch 11/50 | train loss: 0.5333 | validation loss: 0.7731 | validation accuracy: 0.6938 | validation AP: 0.1924
Stopping at epoch 11: validation AP has not improved for 4 epochs.
Best epoch: 7 | validation AP: 0.2122 | epochs run: 11

Validation classification report:
              precision    recall  f1-score   support

  disengaged     0.1928    0.5783    0.2892       332
     engaged     0.9248    0.6817    0.7849      2526

    accuracy                         0.6697      2858
   macro avg     0.5588    0.6300    0.5370      2858
weighted avg     0.8398    0.6697    0.7273      2858

Confusion matrix (rows: actual, columns: predicted):
[[ 192  140]
 [ 804 1722]]
Epoch 1/50 | train loss: 0.6554 | validation loss: 0.685 | validation accuracy: 0.7635 | validation AP: 0.2128
Epoch 2/50 | train loss: 0.608 | validation loss: 0.6837 | validation accuracy: 0.7512 | validation AP: 0.2258
Epoch 3/50 | train loss: 0.5953 | validation loss: 0.6445 | validation accuracy: 0.6791 | validation AP: 0.2191
Epoch 4/50 | train loss: 0.5861 | validation loss: 0.7021 | validation accuracy: 0.7498 | validation AP: 0.211
Epoch 5/50 | train loss: 0.5747 | validation loss: 0.6316 | validation accuracy: 0.5801 | validation AP: 0.213
Epoch 6/50 | train loss: 0.5659 | validation loss: 0.6792 | validation accuracy: 0.7019 | validation AP: 0.2161
Stopping at epoch 6: validation AP has not improved for 4 epochs.
Best epoch: 2 | validation AP: 0.2258 | epochs run: 6

Validation classification report:
              precision    recall  f1-score   support

  disengaged     0.2250    0.4669    0.3036       332
     engaged     0.9184    0.7886    0.8486      2526

    accuracy                         0.7512      2858
   macro avg     0.5717    0.6277    0.5761      2858
weighted avg     0.8378    0.7512    0.7853      2858

Confusion matrix (rows: actual, columns: predicted):
[[ 155  177]
 [ 534 1992]]
Epoch 1/50 | train loss: 0.5337 | validation loss: 0.5755 | validation accuracy: 0.8782 | validation AP: 0.2436
Epoch 2/50 | train loss: 0.5003 | validation loss: 0.6005 | validation accuracy: 0.8383 | validation AP: 0.2202
Epoch 3/50 | train loss: 0.4871 | validation loss: 0.6069 | validation accuracy: 0.8425 | validation AP: 0.2166
Epoch 4/50 | train loss: 0.4924 | validation loss: 0.5771 | validation accuracy: 0.8296 | validation AP: 0.2262
Epoch 5/50 | train loss: 0.4801 | validation loss: 0.581 | validation accuracy: 0.8279 | validation AP: 0.2574
Epoch 6/50 | train loss: 0.476 | validation loss: 0.566 | validation accuracy: 0.8415 | validation AP: 0.2421
Epoch 7/50 | train loss: 0.469 | validation loss: 0.6052 | validation accuracy: 0.8502 | validation AP: 0.1873
Epoch 8/50 | train loss: 0.4559 | validation loss: 0.6133 | validation accuracy: 0.8551 | validation AP: 0.211
Epoch 9/50 | train loss: 0.4592 | validation loss: 0.5861 | validation accuracy: 0.8338 | validation AP: 0.2345
Stopping at epoch 9: validation AP has not improved for 4 epochs.
Best epoch: 5 | validation AP: 0.2574 | epochs run: 9

Validation classification report:
              precision    recall  f1-score   support

  disengaged     0.2895    0.3313    0.3090       332
     engaged     0.9104    0.8931    0.9017      2526

    accuracy                         0.8279      2858
   macro avg     0.5999    0.6122    0.6053      2858
weighted avg     0.8383    0.8279    0.8328      2858

Confusion matrix (rows: actual, columns: predicted):
[[ 110  222]
 [ 270 2256]]
Epoch 1/50 | train loss: 0.5299 | validation loss: 0.5948 | validation accuracy: 0.8523 | validation AP: 0.2574
Epoch 2/50 | train loss: 0.5069 | validation loss: 0.5716 | validation accuracy: 0.8597 | validation AP: 0.2381
Epoch 3/50 | train loss: 0.4925 | validation loss: 0.5664 | validation accuracy: 0.874 | validation AP: 0.2675
Epoch 4/50 | train loss: 0.4886 | validation loss: 0.577 | validation accuracy: 0.7694 | validation AP: 0.2441
Epoch 5/50 | train loss: 0.4801 | validation loss: 0.6003 | validation accuracy: 0.816 | validation AP: 0.2008
Epoch 6/50 | train loss: 0.469 | validation loss: 0.6362 | validation accuracy: 0.8474 | validation AP: 0.2199
Epoch 7/50 | train loss: 0.4707 | validation loss: 0.5887 | validation accuracy: 0.8541 | validation AP: 0.2237
Stopping at epoch 7: validation AP has not improved for 4 epochs.
Best epoch: 3 | validation AP: 0.2675 | epochs run: 7

Validation classification report:
              precision    recall  f1-score   support

  disengaged     0.3889    0.1476    0.2140       332
     engaged     0.8964    0.9695    0.9315      2526

    accuracy                         0.8740      2858
   macro avg     0.6427    0.5586    0.5728      2858
weighted avg     0.8375    0.8740    0.8482      2858

Confusion matrix (rows: actual, columns: predicted):
[[  49  283]
 [  77 2449]]
Epoch 1/50 | train loss: 0.5209 | validation loss: 0.6189 | validation accuracy: 0.8716 | validation AP: 0.2176
Epoch 2/50 | train loss: 0.5006 | validation loss: 0.5917 | validation accuracy: 0.8331 | validation AP: 0.227[I 2026-10-09 05:02:08,214] Trial 17 finished with value: 0.2694409936979451 and parameters: {'hidden_size': 198, 'num_layers': 2, 'dropout': 0.25, 'learning_rate': 0.000255157556363513, 'batch_size': 8}. Best is trial 1 with value: 0.28608297737951854.
[I 2026-10-09 05:02:23,266] Trial 18 finished with value: 0.25977697658952176 and parameters: {'hidden_size': 35, 'num_layers': 2, 'dropout': 0.0, 'learning_rate': 0.003437219376293896, 'batch_size': 64}. Best is trial 1 with value: 0.28608297737951854.

Epoch 3/50 | train loss: 0.4923 | validation loss: 0.5822 | validation accuracy: 0.8226 | validation AP: 0.2066
Epoch 4/50 | train loss: 0.4797 | validation loss: 0.6095 | validation accuracy: 0.8265 | validation AP: 0.1951
Epoch 5/50 | train loss: 0.4765 | validation loss: 0.5766 | validation accuracy: 0.8348 | validation AP: 0.2217
Epoch 6/50 | train loss: 0.4785 | validation loss: 0.5961 | validation accuracy: 0.8146 | validation AP: 0.2086
Stopping at epoch 6: validation AP has not improved for 4 epochs.
Best epoch: 2 | validation AP: 0.227 | epochs run: 6

Validation classification report:
              precision    recall  f1-score   support

  disengaged     0.2769    0.2711    0.2740       332
     engaged     0.9045    0.9070    0.9057      2526

    accuracy                         0.8331      2858
   macro avg     0.5907    0.5890    0.5898      2858
weighted avg     0.8316    0.8331    0.8323      2858

Confusion matrix (rows: actual, columns: predicted):
[[  90  242]
 [ 235 2291]]
Epoch 1/50 | train loss: 0.6638 | validation loss: 0.6656 | validation accuracy: 0.6973 | validation AP: 0.1888
Epoch 2/50 | train loss: 0.6234 | validation loss: 0.6556 | validation accuracy: 0.6865 | validation AP: 0.2393
Epoch 3/50 | train loss: 0.6042 | validation loss: 0.6504 | validation accuracy: 0.7162 | validation AP: 0.2472
Epoch 4/50 | train loss: 0.5958 | validation loss: 0.7099 | validation accuracy: 0.7649 | validation AP: 0.2322
Epoch 5/50 | train loss: 0.5812 | validation loss: 0.9077 | validation accuracy: 0.7652 | validation AP: 0.2388
Epoch 6/50 | train loss: 0.5857 | validation loss: 0.6491 | validation accuracy: 0.654 | validation AP: 0.2222
Epoch 7/50 | train loss: 0.5711 | validation loss: 0.7542 | validation accuracy: 0.7845 | validation AP: 0.1963
Stopping at epoch 7: validation AP has not improved for 4 epochs.
Best epoch: 3 | validation AP: 0.2472 | epochs run: 7

Validation classification report:
              precision    recall  f1-score   support

  disengaged     0.2231    0.5813    0.3225       332
     engaged     0.9303    0.7340    0.8205      2526

    accuracy                         0.7162      2858
   macro avg     0.5767    0.6576    0.5715      2858
weighted avg     0.8481    0.7162    0.7627      2858

Confusion matrix (rows: actual, columns: predicted):
[[ 193  139]
 [ 672 1854]]
Epoch 1/50 | train loss: 0.6469 | validation loss: 0.6514 | validation accuracy: 0.7155 | validation AP: 0.2374
Epoch 2/50 | train loss: 0.6034 | validation loss: 0.6483 | validation accuracy: 0.7022 | validation AP: 0.2218
Epoch 3/50 | train loss: 0.5922 | validation loss: 0.6943 | validation accuracy: 0.7414 | validation AP: 0.2353
Epoch 4/50 | train loss: 0.5864 | validation loss: 0.68 | validation accuracy: 0.6414 | validation AP: 0.2333
Epoch 5/50 | train loss: 0.5751 | validation loss: 0.7117 | validation accuracy: 0.7593 | validation AP: 0.2334
Stopping at epoch 5: validation AP has not improved for 4 epochs.
Best epoch: 1 | validation AP: 0.2374 | epochs run: 5

Validation classification report:
              precision    recall  f1-score   support

  disengaged     0.2181    0.5602    0.3139       332
     engaged     0.9272    0.7359    0.8206      2526

    accuracy                         0.7155      2858
   macro avg     0.5726    0.6481    0.5672      2858
weighted avg     0.8448    0.7155    0.7617      2858

Confusion matrix (rows: actual, columns: predicted):
[[ 186  146]
 [ 667 1859]]
Epoch 1/50 | train loss: 0.656 | validation loss: 0.7337 | validation accuracy: 0.8513 | validation AP: 0.2583
Epoch 2/50 | train loss: 0.6166 | validation loss: 0.6902 | validation accuracy: 0.7624 | validation AP: 0.2265
Epoch 3/50 | train loss: 0.5995 | validation loss: 0.67 | validation accuracy: 0.7036 | validation AP: 0.2139
Epoch 4/50 | train loss: 0.5945 | validation loss: 0.6967 | validation accuracy: 0.7463 | validation AP: 0.2052
Epoch 5/50 | train loss: 0.5805 | validation loss: 0.6363 | validation accuracy: 0.6477 | validation AP: 0.2103
Stopping at epoch 5: validation AP has not improved for 4 epochs.
Best epoch: 1 | validation AP: 0.2583 | epochs run: 5

Validation classification report:
              precision    recall  f1-score   support

  disengaged     0.3284    0.2681    0.2952       332
     engaged     0.9061    0.9279    0.9169      2526

    accuracy                         0.8513      2858
   macro avg     0.6172    0.5980    0.6060      2858
weighted avg     0.8390    0.8513    0.8447      2858

Confusion matrix (rows: actual, columns: predicted):
[[  89  243]
 [ 182 2344]]
Epoch 1/50 | train loss: 0.5444 | validation loss: 0.579 | validation accuracy: 0.8684 | validation AP: 0.2141
Epoch 2/50 | train loss: 0.4959 | validation loss: 0.6053 | validation accuracy: 0.8667 | validation AP: 0.1953
Epoch 3/50 | train loss: 0.4844 | validation loss: 0.6123 | validation accuracy: 0.8562 | validation AP: 0.2024
Epoch 4/50 | train loss: 0.4888 | validation loss: 0.598 | validation accuracy: 0.8562 | validation AP: 0.2234
Epoch 5/50 | train loss: 0.478 | validation loss: 0.5833 | validation accuracy: 0.8513 | validation AP: 0.241
Epoch 6/50 | train loss: 0.4743 | validation loss: 0.5677 | validation accuracy: 0.8474 | validation AP: 0.2391
Epoch 7/50 | train loss: 0.4719 | validation loss: 0.601 | validation accuracy: 0.8202 | validation AP: 0.1932
Epoch 8/50 | train loss: 0.4553 | validation loss: 0.6071 | validation accuracy: 0.8348 | validation AP: 0.2071
Epoch 9/50 | train loss: 0.4592 | validation loss: 0.5977 | validation accuracy: 0.8146 | validation AP: 0.214
Stopping at epoch 9: validation AP has not improved for 4 epochs.
Best epoch: 5 | validation AP: 0.241 | epochs run: 9

Validation classification report:
              precision    recall  f1-score   support

  disengaged     0.3004    0.2108    0.2478       332
     engaged     0.9002    0.9355    0.9175      2526

    accuracy                         0.8513      2858
   macro avg     0.6003    0.5732    0.5826      2858
weighted avg     0.8305    0.8513    0.8397      2858

Confusion matrix (rows: actual, columns: predicted):
[[  70  262]
 [ 163 2363]]
Epoch 1/50 | train loss: 0.5345 | validation loss: 0.6172 | validation accuracy: 0.8786 | validation AP: 0.188
Epoch 2/50 | train loss: 0.5059 | validation loss: 0.5866 | validation accuracy: 0.8709 | validation AP: 0.2
Epoch 3/50 | train loss: 0.4898 | validation loss: 0.5836 | validation accuracy: 0.8772 | validation AP: 0.2378
Epoch 4/50 | train loss: 0.4883 | validation loss: 0.5754 | validation accuracy: 0.8146 | validation AP: 0.2268
Epoch 5/50 | train loss: 0.4796 | validation loss: 0.599 | validation accuracy: 0.8415 | validation AP: 0.2028
Epoch 6/50 | train loss: 0.4665 | validation loss: 0.6046 | validation accuracy: 0.8569 | validation AP: 0.2397
Epoch 7/50 | train loss: 0.4679 | validation loss: 0.5964 | validation accuracy: 0.8328 | validation AP: 0.2269
Epoch 8/50 | train loss: 0.4606 | validation loss: 0.6128 | validation accuracy: 0.8534 | validation AP: 0.2321
Epoch 9/50 | train loss: 0.4632 | validation loss: 0.6309 | validation accuracy: 0.8509 | validation AP: 0.2036
Epoch 10/50 | train loss: 0.4475 | validation loss: 0.5845 | validation accuracy: 0.8362 | validation AP: 0.231
Stopping at epoch 10: validation AP has not improved for 4 epochs.
Best epoch: 6 | validation AP: 0.2397 | epochs run: 10

Validation classification report:
              precision    recall  f1-score   support

  disengaged     0.2873    0.1566    0.2027       332
     engaged     0.8954    0.9489    0.9214      2526

    accuracy                         0.8569      2858
   macro avg     0.5913    0.5528    0.5621      2858
weighted avg     0.8248    0.8569    0.8379      2858

Confusion matrix (rows: actual, columns: predicted):
[[  52  280]
 [ 129 2397]]
Epoch 1/50 | train loss: 0.5421 | validation loss: 0.6154 | validation accuracy: 0.8723 | validation AP: 0.1976
Epoch 2/50 | train loss: 0.5021 | validation loss: 0.6104 | validation accuracy: 0.8653 | validation AP: 0.1961
Epoch 3/50 | train loss: 0.4935 | validation loss: 0.5899 | validation accuracy: 0.8334 | validation AP: 0.1873
Epoch 4/50 | train loss: 0.4803 | validation loss: 0.6116 | validation accuracy: 0.8513 | validation AP: 0.191[I 2026-10-09 05:08:17,594] Trial 19 finished with value: 0.2559851820592523 and parameters: {'hidden_size': 65, 'num_layers': 1, 'dropout': 0.25, 'learning_rate': 0.00020500285007990745, 'batch_size': 8}. Best is trial 1 with value: 0.28608297737951854.

Epoch 5/50 | train loss: 0.4745 | validation loss: 0.5878 | validation accuracy: 0.8467 | validation AP: 0.2138
Epoch 6/50 | train loss: 0.4784 | validation loss: 0.5888 | validation accuracy: 0.8429 | validation AP: 0.2167
Epoch 7/50 | train loss: 0.4714 | validation loss: 0.597 | validation accuracy: 0.853 | validation AP: 0.2279
Epoch 8/50 | train loss: 0.4676 | validation loss: 0.5805 | validation accuracy: 0.8369 | validation AP: 0.2178
Epoch 9/50 | train loss: 0.4655 | validation loss: 0.587 | validation accuracy: 0.846 | validation AP: 0.2322
Epoch 10/50 | train loss: 0.4603 | validation loss: 0.6133 | validation accuracy: 0.8464 | validation AP: 0.2234
Epoch 11/50 | train loss: 0.45 | validation loss: 0.6304 | validation accuracy: 0.8674 | validation AP: 0.2296
Epoch 12/50 | train loss: 0.454 | validation loss: 0.5971 | validation accuracy: 0.8355 | validation AP: 0.2256
Epoch 13/50 | train loss: 0.4524 | validation loss: 0.6142 | validation accuracy: 0.8509 | validation AP: 0.2221
Stopping at epoch 13: validation AP has not improved for 4 epochs.
Best epoch: 9 | validation AP: 0.2322 | epochs run: 13

Validation classification report:
              precision    recall  f1-score   support

  disengaged     0.2840    0.2139    0.2440       332
     engaged     0.8999    0.9291    0.9143      2526

    accuracy                         0.8460      2858
   macro avg     0.5920    0.5715    0.5791      2858
weighted avg     0.8284    0.8460    0.8364      2858

Confusion matrix (rows: actual, columns: predicted):
[[  71  261]
 [ 179 2347]]
Epoch 1/50 | train loss: 0.5236 | validation loss: 0.5951 | validation accuracy: 0.8614 | validation AP: 0.1945
Epoch 2/50 | train loss: 0.4945 | validation loss: 0.5833 | validation accuracy: 0.8681 | validation AP: 0.2282
Epoch 3/50 | train loss: 0.4834 | validation loss: 0.5852 | validation accuracy: 0.8446 | validation AP: 0.2438
Epoch 4/50 | train loss: 0.4876 | validation loss: 0.5681 | validation accuracy: 0.817 | validation AP: 0.2183
Epoch 5/50 | train loss: 0.4761 | validation loss: 0.6121 | validation accuracy: 0.8464 | validation AP: 0.2021
Epoch 6/50 | train loss: 0.4694 | validation loss: 0.5859 | validation accuracy: 0.8411 | validation AP: 0.2244
Epoch 7/50 | train loss: 0.4632 | validation loss: 0.5925 | validation accuracy: 0.8289 | validation AP: 0.2378
Stopping at epoch 7: validation AP has not improved for 4 epochs.
Best epoch: 3 | validation AP: 0.2438 | epochs run: 7

Validation classification report:
              precision    recall  f1-score   support

  disengaged     0.2971    0.2470    0.2697       332
     engaged     0.9032    0.9232    0.9131      2526

    accuracy                         0.8446      2858
   macro avg     0.6001    0.5851    0.5914      2858
weighted avg     0.8328    0.8446    0.8383      2858

Confusion matrix (rows: actual, columns: predicted):
[[  82  250]
 [ 194 2332]]
Epoch 1/50 | train loss: 0.5291 | validation loss: 0.5886 | validation accuracy: 0.8656 | validation AP: 0.2085
Epoch 2/50 | train loss: 0.4961 | validation loss: 0.5869 | validation accuracy: 0.8383 | validation AP: 0.2352
Epoch 3/50 | train loss: 0.4907 | validation loss: 0.5827 | validation accuracy: 0.8083 | validation AP: 0.208
Epoch 4/50 | train loss: 0.4853 | validation loss: 0.575 | validation accuracy: 0.8093 | validation AP: 0.2202
Epoch 5/50 | train loss: 0.4751 | validation loss: 0.5844 | validation accuracy: 0.8586 | validation AP: 0.2494
Epoch 6/50 | train loss: 0.4718 | validation loss: 0.5845 | validation accuracy: 0.8352 | validation AP: 0.2257
Epoch 7/50 | train loss: 0.4638 | validation loss: 0.5926 | validation accuracy: 0.8586 | validation AP: 0.235
Epoch 8/50 | train loss: 0.4589 | validation loss: 0.5892 | validation accuracy: 0.8408 | validation AP: 0.2166
Epoch 9/50 | train loss: 0.4596 | validation loss: 0.6011 | validation accuracy: 0.8205 | validation AP: 0.2024
Stopping at epoch 9: validation AP has not improved for 4 epochs.
Best epoch: 5 | validation AP: 0.2494 | epochs run: 9

Validation classification report:
              precision    recall  f1-score   support

  disengaged     0.3333    0.2169    0.2628       332
     engaged     0.9016    0.9430    0.9218      2526

    accuracy                         0.8586      2858
   macro avg     0.6175    0.5799    0.5923      2858
weighted avg     0.8356    0.8586    0.8453      2858

Confusion matrix (rows: actual, columns: predicted):
[[  72  260]
 [ 144 2382]]
Epoch 1/50 | train loss: 0.5304 | validation loss: 0.5816 | validation accuracy: 0.8527 | validation AP: 0.2088
Epoch 2/50 | train loss: 0.4939 | validation loss: 0.6052 | validation accuracy: 0.8793 | validation AP: 0.2379
Epoch 3/50 | train loss: 0.4917 | validation loss: 0.5839 | validation accuracy: 0.8677 | validation AP: 0.2231
Epoch 4/50 | train loss: 0.4809 | validation loss: 0.6018 | validation accuracy: 0.8695 | validation AP: 0.2286
Epoch 5/50 | train loss: 0.4774 | validation loss: 0.6096 | validation accuracy: 0.8481 | validation AP: 0.2014
Epoch 6/50 | train loss: 0.4748 | validation loss: 0.5799 | validation accuracy: 0.8404 | validation AP: 0.2466
Epoch 7/50 | train loss: 0.4619 | validation loss: 0.5866 | validation accuracy: 0.8586 | validation AP: 0.2397
Epoch 8/50 | train loss: 0.4589 | validation loss: 0.5888 | validation accuracy: 0.8251 | validation AP: 0.2029
Epoch 9/50 | train loss: 0.4539 | validation loss: 0.6006 | validation accuracy: 0.8474 | validation AP: 0.2295
Epoch 10/50 | train loss: 0.4489 | validation loss: 0.6221 | validation accuracy: 0.8237 | validation AP: 0.2085
Stopping at epoch 10: validation AP has not improved for 4 epochs.
Best epoch: 6 | validation AP: 0.2466 | epochs run: 10

Validation classification report:
              precision    recall  f1-score   support

  disengaged     0.2770    0.2319    0.2525       332
     engaged     0.9012    0.9204    0.9107      2526

    accuracy                         0.8404      2858
   macro avg     0.5891    0.5762    0.5816      2858
weighted avg     0.8287    0.8404    0.8342      2858

Confusion matrix (rows: actual, columns: predicted):
[[  77  255]
 [ 201 2325]]
Epoch 1/50 | train loss: 0.5388 | validation loss: 0.6023 | validation accuracy: 0.8691 | validation AP: 0.1815
Epoch 2/50 | train loss: 0.5042 | validation loss: 0.5677 | validation accuracy: 0.8286 | validation AP: 0.2576
Epoch 3/50 | train loss: 0.4905 | validation loss: 0.5745 | validation accuracy: 0.8523 | validation AP: 0.228
Epoch 4/50 | train loss: 0.4892 | validation loss: 0.5873 | validation accuracy: 0.8544 | validation AP: 0.2184
Epoch 5/50 | train loss: 0.479 | validation loss: 0.5981 | validation accuracy: 0.8331 | validation AP: 0.2217
Epoch 6/50 | train loss: 0.474 | validation loss: 0.5941 | validation accuracy: 0.8646 | validation AP: 0.2359
Stopping at epoch 6: validation AP has not improved for 4 epochs.
Best epoch: 2 | validation AP: 0.2576 | epochs run: 6

Validation classification report:
              precision    recall  f1-score   support

  disengaged     0.2876    0.3223    0.3040       332
     engaged     0.9095    0.8951    0.9022      2526

    accuracy                         0.8286      2858
   macro avg     0.5986    0.6087    0.6031      2858
weighted avg     0.8373    0.8286    0.8327      2858

Confusion matrix (rows: actual, columns: predicted):
[[ 107  225]
 [ 265 2261]]
Epoch 1/50 | train loss: 0.5248 | validation loss: 0.5914 | validation accuracy: 0.8411 | validation AP: 0.1872
Epoch 2/50 | train loss: 0.4947 | validation loss: 0.6023 | validation accuracy: 0.8677 | validation AP: 0.2288
Epoch 3/50 | train loss: 0.4843 | validation loss: 0.5901 | validation accuracy: 0.8037 | validation AP: 0.1987
Epoch 4/50 | train loss: 0.4825 | validation loss: 0.5807 | validation accuracy: 0.8205 | validation AP: 0.2208
Epoch 5/50 | train loss: 0.4743 | validation loss: 0.6052 | validation accuracy: 0.8272 | validation AP: 0.2004
Epoch 6/50 | train loss: 0.464 | validation loss: 0.5867 | validation accuracy: 0.8527 | validation AP: 0.2214
Stopping at epoch 6: validation AP has not improved for 4 epochs.
Best epoch: 2 | validation AP: 0.2288 | epochs run: 6

Validation classification report:
              precision    recall  f1-score   support

  disengaged     0.3115    0.1145    0.1674       332
     engaged     0.8925    0.9667    0.9282      2526

    accuracy                         0.8677      2858
   macro avg     0.6020    0.5406    0.5478      2858
weighted avg     0.8250    0.8677    0.8398      2858

Confusion matrix (rows: actual, columns: predicted):
[[  38  294]
 [  84 2442]]
Epoch 1/50 | train loss: 0.6361 | validation loss: 0.6872 | validation accuracy: 0.803 | validation AP: 0.2333
Epoch 2/50 | train loss: 0.6066 | validation loss: 0.6301 | validation accuracy: 0.6253 | validation AP: 0.2283
Epoch 3/50 | train loss: 0.5915 | validation loss: 0.6913 | validation accuracy: 0.7414 | validation AP: 0.2481
Epoch 4/50 | train loss: 0.5814 | validation loss: 0.6185 | validation accuracy: 0.585 | validation AP: 0.2403
Epoch 5/50 | train loss: 0.5887 | validation loss: 0.7269 | validation accuracy: 0.7621 | validation AP: 0.2498
Epoch 6/50 | train loss: 0.5673 | validation loss: 0.7583 | validation accuracy: 0.7495 | validation AP: 0.2009
Epoch 7/50 | train loss: 0.5603 | validation loss: 0.7247 | validation accuracy: 0.7278 | validation AP: 0.2177
Epoch 8/50 | train loss: 0.5585 | validation loss: 0.7077 | validation accuracy: 0.7201 | validation AP: 0.2061
Epoch 9/50 | train loss: 0.5492 | validation loss: 0.7517 | validation accuracy: 0.7484 | validation AP: 0.2187
Stopping at epoch 9: validation AP has not improved for 4 epochs.
Best epoch: 5 | validation AP: 0.2498 | epochs run: 9

Validation classification report:
              precision    recall  f1-score   support

  disengaged     0.2194    0.4096    0.2857       332
     engaged     0.9124    0.8084    0.8573      2526

    accuracy                         0.7621      2858
   macro avg     0.5659    0.6090    0.5715      2858
weighted avg     0.8319    0.7621    0.7909      2858

Confusion matrix (rows: actual, columns: predicted):
[[ 136  196]
 [ 484 2042]]
Epoch 1/50 | train loss: 0.6502 | validation loss: 0.6441 | validation accuracy: 0.7299 | validation AP: 0.2528
Epoch 2/50 | train loss: 0.6159 | validation loss: 0.6683 | validation accuracy: 0.627 | validation AP: 0.2234
Epoch 3/50 | train loss: 0.6023 | validation loss: 0.7101 | validation accuracy: 0.739 | validation AP: 0.2158
Epoch 4/50 | train loss: 0.59 | validation loss: 0.6568 | validation accuracy: 0.6721 | validation AP: 0.2267
Epoch 5/50 | train loss: 0.5847 | validation loss: 0.6575 | validation accuracy: 0.7208 | validation AP: 0.262
Epoch 6/50 | train loss: 0.5767 | validation loss: 0.7695 | validation accuracy: 0.7785 | validation AP: 0.2212
Epoch 7/50 | train loss: 0.5744 | validation loss: 0.6532 | validation accuracy: 0.7666 | validation AP: 0.2643
Epoch 8/50 | train loss: 0.5706 | validation loss: 0.7547 | validation accuracy: 0.7785 | validation AP: 0.2346
Epoch 9/50 | train loss: 0.5557 | validation loss: 0.7242 | validation accuracy: 0.753 | validation AP: 0.2116
Epoch 10/50 | train loss: 0.5401 | validation loss: 0.7516 | validation accuracy: 0.7446 | validation AP: 0.2134
Epoch 11/50 | train loss: 0.5412 | validation loss: 0.8354 | validation accuracy: 0.7957 | validation AP: 0.2082
Stopping at epoch 11: validation AP has not improved for 4 epochs.
Best epoch: 7 | validation AP: 0.2643 | epochs run: 11

Validation classification report:
              precision    recall  f1-score   support

  disengaged     0.2474    0.4940    0.3296       332
     engaged     0.9235    0.8025    0.8587      2526

    accuracy                         0.7666      2858
   macro avg     0.5854    0.6482    0.5942      2858
weighted avg     0.8449    0.7666    0.7973      2858

Confusion matrix (rows: actual, columns: predicted):
[[ 164  168]
 [ 499 2027]]
Epoch 1/50 | train loss: 0.6483 | validation loss: 0.6491 | validation accuracy: 0.7019 | validation AP: 0.2148
Epoch 2/50 | train loss: 0.6143 | validation loss: 0.6933 | validation accuracy: 0.7673 | validation AP: 0.1789
Epoch 3/50 | train loss: 0.5986 | validation loss: 0.6698 | validation accuracy: 0.6987 | validation AP: 0.2173
Epoch 4/50 | train loss: 0.583 | validation loss: 0.7374 | validation accuracy: 0.7698 | validation AP: 0.2214
Epoch 5/50 | train loss: 0.5658 | validation loss: 0.7128 | validation accuracy: 0.6931 | validation AP: 0.2227
Epoch 6/50 | train loss: 0.5638 | validation loss: 0.6897 | validation accuracy: 0.7082 | validation AP: 0.2482
Epoch 7/50 | train loss: 0.563 | validation loss: 0.7075 | validation accuracy: 0.7047 | validation AP: 0.2145
Epoch 8/50 | train loss: 0.5578 | validation loss: 0.7092 | validation accuracy: 0.6784 | validation AP: 0.2014
Epoch 9/50 | train loss: 0.5536 | validation loss: 0.7867 | validation accuracy: 0.7551 | validation AP: 0.2144
Epoch 10/50 | train loss: 0.5515 | validation loss: 0.7892 | validation accuracy: 0.7474 | validation AP: 0.2202
Stopping at epoch 10: validation AP has not improved for 4 epochs.
Best epoch: 6 | validation AP: 0.2482 | epochs run: 10

Validation classification report:
              precision    recall  f1-score   support

  disengaged     0.2026    0.5151    0.2908       332
     engaged     0.9201    0.7336    0.8163      2526

    accuracy                         0.7082      2858
   macro avg     0.5613    0.6243    0.5536      2858
weighted avg     0.8367    0.7082    0.7553      2858

Confusion matrix (rows: actual, columns: predicted):
[[ 171  161]
 [ 673 1853]]
Epoch 1/50 | train loss: 0.6573 | validation loss: 0.6686 | validation accuracy: 0.7649 | validation AP: 0.2222
Epoch 2/50 | train loss: 0.6183 | validation loss: 0.6309 | validation accuracy: 0.705 | validation AP: 0.2558
Epoch 3/50 | train loss: 0.6072 | validation loss: 0.6707 | validation accuracy: 0.7215 | validation AP: 0.2262
Epoch 4/50 | train loss: 0.5865 | validation loss: 0.7167 | validation accuracy: 0.7796 | validation AP: 0.2124
Epoch 5/50 | train loss: 0.5879 | validation loss: 0.7225 | validation accuracy: 0.768 | validation AP: 0.2416
Epoch 6/50 | train loss: 0.571 | validation loss: 0.7114 | validation accuracy: 0.753 | validation AP: 0.2335
Stopping at epoch 6: validation AP has not improved for 4 epochs.
Best epoch: 2 | validation AP: 0.2558 | epochs run: 6

Validation classification report:
              precision    recall  f1-score   support

  disengaged     0.2152    0.5813    0.3141       332
     engaged     0.9291    0.7213    0.8121      2526

    accuracy                         0.7050      2858
   macro avg     0.5721    0.6513    0.5631      2858
weighted avg     0.8462    0.7050    0.7543      2858

Confusion matrix (rows: actual, columns: predicted):
[[ 193  139]
 [ 704 1822]]
Epoch 1/50 | train loss: 0.6484 | validation loss: 0.662 | validation accuracy: 0.6921 | validation AP: 0.1927
Epoch 2/50 | train loss: 0.6193 | validation loss: 0.6877 | validation accuracy: 0.7544 | validation AP: 0.2141
Epoch 3/50 | train loss: 0.591 | validation loss: 0.8042 | validation accuracy: 0.8013 | validation AP: 0.1946
Epoch 4/50 | train loss: 0.5822 | validation loss: 0.629 | validation accuracy: 0.6424 | validation AP: 0.2339
Epoch 5/50 | train loss: 0.5764 | validation loss: 0.7281 | validation accuracy: 0.6952 | validation AP: 0.1867
Epoch 6/50 | train loss: 0.5662 | validation loss: 0.7085 | validation accuracy: 0.7015 | validation AP: 0.1969
Epoch 7/50 | train loss: 0.56 | validation loss: 0.7239 | validation accuracy: 0.7155 | validation AP: 0.2286
Epoch 8/50 | train loss: 0.5538 | validation loss: 0.7068 | validation accuracy: 0.6963 | validation AP: 0.2195
Stopping at epoch 8: validation AP has not improved for 4 epochs.
Best epoch: 4 | validation AP: 0.2339 | epochs run: 8

Validation classification report:
              precision    recall  f1-score   support

  disengaged     0.1963    0.6717    0.3038       332
     engaged     0.9367    0.6386    0.7594      2526

    accuracy                         0.6424      2858
   macro avg     0.5665    0.6551    0.5316      2858
weighted avg     0.8507    0.6424    0.7065      2858

Confusion matrix (rows: actual, columns: predicted):
[[ 223  109]
 [ 913 1613]]

 lstm_uni_attention | 15fps/5s (confirmed on seeds [52, 53, 54, 55, 56])
  0.2785 +/- 0.0059  (28143,) params  hidden_size=70, num_layers=1, dropout=0.0, learning_rate=0.0069782812651260325, batch_size=64
  0.2669 +/- 0.004  (99555,) params  hidden_size=136, num_layers=1, dropout=0.25, learning_rate=0.0003823475224675188, batch_size=8
  Selected: hidden_size=70, num_layers=1, dropout=0.0, learning_rate=0.0069782812651260325, batch_size=64  (AP 0.2785, 28,143 parameters)

Add these settings to src/attention_lapse_detection/utils/hyperparameters.py:
    ("gru", 15, 5): Hyperparameters(hidden_size=70, num_layers=1, dropout=0.0, learning_rate=0.00697828, batch_size=64),  # clip-level val AP 0.2552
    ("lstm", 15, 5): Hyperparameters(hidden_size=70, num_layers=1, dropout=0.0, learning_rate=0.00697828, batch_size=64),  # clip-level val AP 0.2217
    ("gru_uni_attention", 15, 5): Hyperparameters(hidden_size=66, num_layers=2, dropout=0.25, learning_rate=0.00104026, batch_size=8),  # clip-level val AP 0.2761
    ("lstm_uni_attention", 15, 5): Hyperparameters(hidden_size=70, num_layers=1, dropout=0.0, learning_rate=0.00697828, batch_size=64),  # clip-level val AP 0.2785
