[I 2026-10-09 00:39:09,240] A new study created in memory with name: gru|30fps/5s
[I 2026-10-09 00:40:26,707] Trial 0 finished with value: 0.24608621691056265 and parameters: {'hidden_size': 47, 'num_layers': 3, 'dropout': 0.0, 'learning_rate': 0.005399484409787433, 'batch_size': 64}. Best is trial 0 with value: 0.24608621691056265.
4 studies to run (0 already in tuning/results/shard_30_5s.csv), 70 training runs each, 280 total.
Using device: cuda
Class weights: [10.84615421295166, 0.524163544178009]
Epoch 1/50 | train loss: 0.6863 | validation loss: 0.6732 | validation accuracy: 0.634 | validation AP: 0.1613
Epoch 2/50 | train loss: 0.6698 | validation loss: 0.7142 | validation accuracy: 0.7061 | validation AP: 0.1724
Epoch 3/50 | train loss: 0.6581 | validation loss: 0.7851 | validation accuracy: 0.754 | validation AP: 0.1658
Epoch 4/50 | train loss: 0.6491 | validation loss: 0.7162 | validation accuracy: 0.7526 | validation AP: 0.2106
Epoch 5/50 | train loss: 0.6365 | validation loss: 0.7858 | validation accuracy: 0.7204 | validation AP: 0.1797
Epoch 6/50 | train loss: 0.6244 | validation loss: 0.6641 | validation accuracy: 0.6963 | validation AP: 0.202
Epoch 7/50 | train loss: 0.6135 | validation loss: 0.75 | validation accuracy: 0.7124 | validation AP: 0.1608
Epoch 8/50 | train loss: 0.6054 | validation loss: 0.7161 | validation accuracy: 0.6851 | validation AP: 0.1646
Stopping at epoch 8: validation AP has not improved for 4 epochs.
Best epoch: 4 | validation AP: 0.2106 | epochs run: 8

Validation classification report:
              precision    recall  f1-score   support

  disengaged     0.2029    0.3855    0.2658       332
     engaged     0.9084    0.8009    0.8513      2526

    accuracy                         0.7526      2858
   macro avg     0.5556    0.5932    0.5585      2858
weighted avg     0.8264    0.7526    0.7832      2858

Confusion matrix (rows: actual, columns: predicted):
[[ 128  204]
 [ 503 2023]]
Epoch 1/50 | train loss: 0.6835 | validation loss: 0.7068 | validation accuracy: 0.7285 | validation AP: 0.1984
Epoch 2/50 | train loss: 0.666 | validation loss: 0.6912 | validation accuracy: 0.6742 | validation AP: 0.1432
Epoch 3/50 | train loss: 0.6604 | validation loss: 0.6922 | validation accuracy: 0.8258 | validation AP: 0.2429
Epoch 4/50 | train loss: 0.6468 | validation loss: 0.664 | validation accuracy: 0.6756 | validation AP: 0.1995
Epoch 5/50 | train loss: 0.6341 | validation loss: 0.7279 | validation accuracy: 0.6837 | validation AP: 0.1487
Epoch 6/50 | train loss: 0.6233 | validation loss: 0.6878 | validation accuracy: 0.6816 | validation AP: 0.2178
Epoch 7/50 | train loss: 0.6086 | validation loss: 0.6774 | validation accuracy: 0.6823 | validation AP: 0.185
Stopping at epoch 7: validation AP has not improved for 4 epochs.
Best epoch: 3 | validation AP: 0.2429 | epochs run: 7

Validation classification report:
              precision    recall  f1-score   support

  disengaged     0.2601    0.2711    0.2655       332
     engaged     0.9037    0.8987    0.9012      2526

    accuracy                         0.8258      2858
   macro avg     0.5819    0.5849    0.5833      2858
weighted avg     0.8289    0.8258    0.8273      2858

Confusion matrix (rows: actual, columns: predicted):
[[  90  242]
 [ 256 2270]]
Epoch 1/50 | train loss: 0.6836 | validation loss: 0.7167 | validation accuracy: 0.7992 | validation AP: 0.1607
Epoch 2/50 | train loss: 0.6665 | validation loss: 0.6889 | validation accuracy: 0.5658 | validation AP: 0.1588
Epoch 3/50 | train loss: 0.6696 | validation loss: 0.6847 | validation accuracy: 0.5836 | validation AP: 0.1384
Epoch 4/50 | train loss: 0.6511 | validation loss: 0.6998 | validation accuracy: 0.6777 | validation AP: 0.1528
Epoch 5/50 | train loss: 0.6343 | validation loss: 0.6784 | validation accuracy: 0.6232 | validation AP: 0.1667
Epoch 6/50 | train loss: 0.626 | validation loss: 0.753 | validation accuracy: 0.7285 | validation AP: 0.178
Epoch 7/50 | train loss: 0.6187 | validation loss: 0.744 | validation accuracy: 0.7432 | validation AP: 0.1459
Epoch 8/50 | train loss: 0.6095 | validation loss: 0.6983 | validation accuracy: 0.6903 | validation AP: 0.1667
Epoch 9/50 | train loss: 0.603 | validation loss: 0.708 | validation accuracy: 0.6893 | validation AP: 0.1558
Epoch 10/50 | train loss: 0.6558 | validation loss: 0.6816 | validation accuracy: 0.7827 | validation AP: 0.2005
Epoch 11/50 | train loss: 0.6599 | validation loss: 0.7488 | validation accuracy: 0.8667 | validation AP: 0.2028
Epoch 12/50 | train loss: 0.6547 | validation loss: 0.7087 | validation accuracy: 0.5066 | validation AP: 0.1457
Epoch 13/50 | train loss: 0.6374 | validation loss: 0.6924 | validation accuracy: 0.7523 | validation AP: 0.2211
Epoch 14/50 | train loss: 0.6144 | validation loss: 0.6485 | validation accuracy: 0.6449 | validation AP: 0.2174
Epoch 15/50 | train loss: 0.6186 | validation loss: 0.725 | validation accuracy: 0.7544 | validation AP: 0.1986
Epoch 16/50 | train loss: 0.6008 | validation loss: 0.7606 | validation accuracy: 0.7075 | validation AP: 0.1938
Epoch 17/50 | train loss: 0.5945 | validation loss: 0.7509 | validation accuracy: 0.7712 | validation AP: 0.2245
Epoch 18/50 | train loss: 0.5713 | validation loss: 0.7199 | validation accuracy: 0.7145 | validation AP: 0.2151
Epoch 19/50 | train loss: 0.5688 | validation loss: 0.7771 | validation accuracy: 0.7117 | validation AP: 0.2171
Epoch 20/50 | train loss: 0.5631 | validation loss: 0.8063 | validation accuracy: 0.6893 | validation AP: 0.1945
Epoch 21/50 | train loss: 0.5516 | validation loss: 0.8193 | validation accuracy: 0.774 | validation AP: 0.2104
Stopping at epoch 21: validation AP has not improved for 4 epochs.
Best epoch: 17 | validation AP: 0.2245 | epochs run: 21

Validation classification report:
              precision    recall  f1-score   support

  disengaged     0.2104    0.3524    0.2635       332
     engaged     0.9066    0.8262    0.8645      2526

    accuracy                         0.7712      2858
   macro avg     0.5585    0.5893    0.5640      2858
weighted avg     0.8257    0.7712    0.7947      2858

Confusion matrix (rows: actual, columns: predicted):
[[ 117  215]
 [ 439 2087]]
Epoch 1/50 | train loss: 0.5532 | validation loss: 0.5945 | validation accuracy: 0.8758 | validation AP: 0.1926
Epoch 2/50 | train loss: 0.5305 | validation loss: 0.6375 | validation accuracy: 0.8579 | validation AP: 0.1631
Epoch 3/50 | train loss: 0.5225 | validation loss: 0.6422 | validation accuracy: 0.8569 | validation AP: 0.1624
Epoch 4/50 | train loss: 0.5289 | validation loss: 0.6209 | validation accuracy: 0.8296 | validation AP: 0.1679
Epoch 5/50 | train loss: 0.5157 | validation loss: 0.5943 | validation accuracy: 0.8352 | validation AP: 0.2342
Epoch 6/50 | train loss: 0.509 | validation loss: 0.6012 | validation accuracy: 0.8548 | validation AP: 0.1967
Epoch 7/50 | train loss: 0.5045 | validation loss: 0.638 | validation accuracy: 0.8324 | validation AP: 0.1506
Epoch 8/50 | train loss: 0.4943 | validation loss: 0.6431 | validation accuracy: 0.8754 | validation AP: 0.188
Epoch 9/50 | train loss: 0.497 | validation loss: 0.6303 | validation accuracy: 0.838 | validation AP: 0.1741
Stopping at epoch 9: validation AP has not improved for 4 epochs.
Best epoch: 5 | validation AP: 0.2342 | epochs run: 9

Validation classification report:
              precision    recall  f1-score   support

  disengaged     0.2561    0.2199    0.2366       332
     engaged     0.8993    0.9161    0.9076      2526

    accuracy                         0.8352      2858
   macro avg     0.5777    0.5680    0.5721      2858
weighted avg     0.8246    0.8352    0.8297      2858

Confusion matrix (rows: actual, columns: predicted):
[[  73  259]
 [ 212 2314]]
Epoch 1/50 | train loss: 0.5442 | validation loss: 0.6032 | validation accuracy: 0.8418 | validation AP: 0.2267
Epoch 2/50 | train loss: 0.5371 | validation loss: 0.6261 | validation accuracy: 0.8467 | validation AP: 0.1418
Epoch 3/50 | train loss: 0.5215 | validation loss: 0.588 | validation accuracy: 0.8726 | validation AP: 0.2283
Epoch 4/50 | train loss: 0.523 | validation loss: 0.62 | validation accuracy: 0.7799 | validation AP: 0.1725
Epoch 5/50 | train loss: 0.5151 | validation loss: 0.6298 | validation accuracy: 0.8352 | validation AP: 0.1524
Epoch 6/50 | train loss: 0.506 | validation loss: 0.6279 | validation accuracy: 0.8705 | validation AP: 0.1875
Epoch 7/50 | train loss: 0.5101 | validation loss: 0.6141 | validation accuracy: 0.8733 | validation AP: 0.1957[I 2026-10-09 00:48:21,615] Trial 1 finished with value: 0.2406856924369025 and parameters: {'hidden_size': 136, 'num_layers': 1, 'dropout': 0.25, 'learning_rate': 0.0003823475224675188, 'batch_size': 8}. Best is trial 0 with value: 0.24608621691056265.
[I 2026-10-09 00:49:15,955] Trial 2 finished with value: 0.19587818484195033 and parameters: {'hidden_size': 56, 'num_layers': 3, 'dropout': 0.5, 'learning_rate': 0.00021930485556643703, 'batch_size': 32}. Best is trial 0 with value: 0.24608621691056265.

Stopping at epoch 7: validation AP has not improved for 4 epochs.
Best epoch: 3 | validation AP: 0.2283 | epochs run: 7

Validation classification report:
              precision    recall  f1-score   support

  disengaged     0.3571    0.1205    0.1802       332
     engaged     0.8937    0.9715    0.9310      2526

    accuracy                         0.8726      2858
   macro avg     0.6254    0.5460    0.5556      2858
weighted avg     0.8313    0.8726    0.8437      2858

Confusion matrix (rows: actual, columns: predicted):
[[  40  292]
 [  72 2454]]
Epoch 1/50 | train loss: 0.5411 | validation loss: 0.6402 | validation accuracy: 0.8618 | validation AP: 0.1508
Epoch 2/50 | train loss: 0.5275 | validation loss: 0.637 | validation accuracy: 0.8474 | validation AP: 0.1561
Epoch 3/50 | train loss: 0.5231 | validation loss: 0.6131 | validation accuracy: 0.8523 | validation AP: 0.1524
Epoch 4/50 | train loss: 0.5142 | validation loss: 0.6444 | validation accuracy: 0.8506 | validation AP: 0.1467
Epoch 5/50 | train loss: 0.5143 | validation loss: 0.6115 | validation accuracy: 0.8688 | validation AP: 0.1841
Epoch 6/50 | train loss: 0.5167 | validation loss: 0.6124 | validation accuracy: 0.8709 | validation AP: 0.198
Epoch 7/50 | train loss: 0.5093 | validation loss: 0.6229 | validation accuracy: 0.8583 | validation AP: 0.1771
Epoch 8/50 | train loss: 0.5035 | validation loss: 0.6039 | validation accuracy: 0.8625 | validation AP: 0.2024
Epoch 9/50 | train loss: 0.5021 | validation loss: 0.6165 | validation accuracy: 0.8551 | validation AP: 0.1856
Epoch 10/50 | train loss: 0.4943 | validation loss: 0.6411 | validation accuracy: 0.8303 | validation AP: 0.1917
Epoch 11/50 | train loss: 0.4861 | validation loss: 0.6474 | validation accuracy: 0.8674 | validation AP: 0.1833
Epoch 12/50 | train loss: 0.488 | validation loss: 0.6286 | validation accuracy: 0.8562 | validation AP: 0.1919
Stopping at epoch 12: validation AP has not improved for 4 epochs.
Best epoch: 8 | validation AP: 0.2024 | epochs run: 12

Validation classification report:
              precision    recall  f1-score   support

  disengaged     0.2837    0.1205    0.1691       332
     engaged     0.8925    0.9600    0.9250      2526

    accuracy                         0.8625      2858
   macro avg     0.5881    0.5402    0.5471      2858
weighted avg     0.8218    0.8625    0.8372      2858

Confusion matrix (rows: actual, columns: predicted):
[[  40  292]
 [ 101 2425]]
Epoch 1/50 | train loss: 0.6795 | validation loss: 0.6838 | validation accuracy: 0.7579 | validation AP: 0.1654
Epoch 2/50 | train loss: 0.6571 | validation loss: 0.6838 | validation accuracy: 0.7281 | validation AP: 0.1633
Epoch 3/50 | train loss: 0.6533 | validation loss: 0.7127 | validation accuracy: 0.746 | validation AP: 0.1595
Epoch 4/50 | train loss: 0.6492 | validation loss: 0.6888 | validation accuracy: 0.7547 | validation AP: 0.2006
Epoch 5/50 | train loss: 0.6331 | validation loss: 0.7051 | validation accuracy: 0.7862 | validation AP: 0.2152
Epoch 6/50 | train loss: 0.6314 | validation loss: 0.6918 | validation accuracy: 0.6889 | validation AP: 0.1645
Epoch 7/50 | train loss: 0.6342 | validation loss: 0.7411 | validation accuracy: 0.74 | validation AP: 0.1493
Epoch 8/50 | train loss: 0.625 | validation loss: 0.7266 | validation accuracy: 0.7715 | validation AP: 0.1817
Epoch 9/50 | train loss: 0.6247 | validation loss: 0.705 | validation accuracy: 0.7306 | validation AP: 0.194
Stopping at epoch 9: validation AP has not improved for 4 epochs.
Best epoch: 5 | validation AP: 0.2152 | epochs run: 9

Validation classification report:
              precision    recall  f1-score   support

  disengaged     0.2270    0.3494    0.2752       332
     engaged     0.9080    0.8436    0.8746      2526

    accuracy                         0.7862      2858
   macro avg     0.5675    0.5965    0.5749      2858
weighted avg     0.8289    0.7862    0.8050      2858

Confusion matrix (rows: actual, columns: predicted):
[[ 116  216]
 [ 395 2131]]
Epoch 1/50 | train loss: 0.6707 | validation loss: 0.7035 | validation accuracy: 0.8345 | validation AP: 0.1703
Epoch 2/50 | train loss: 0.6605 | validation loss: 0.6929 | validation accuracy: 0.7635 | validation AP: 0.1559
Epoch 3/50 | train loss: 0.6509 | validation loss: 0.7161 | validation accuracy: 0.7841 | validation AP: 0.1598
Epoch 4/50 | train loss: 0.6431 | validation loss: 0.6838 | validation accuracy: 0.6557 | validation AP: 0.1643
Epoch 5/50 | train loss: 0.6432 | validation loss: 0.7104 | validation accuracy: 0.7103 | validation AP: 0.1502
Stopping at epoch 5: validation AP has not improved for 4 epochs.
Best epoch: 1 | validation AP: 0.1703 | epochs run: 5

Validation classification report:
              precision    recall  f1-score   support

  disengaged     0.2360    0.1898    0.2104       332
     engaged     0.8962    0.9192    0.9076      2526

    accuracy                         0.8345      2858
   macro avg     0.5661    0.5545    0.5590      2858
weighted avg     0.8195    0.8345    0.8266      2858

Confusion matrix (rows: actual, columns: predicted):
[[  63  269]
 [ 204 2322]]
Epoch 1/50 | train loss: 0.6779 | validation loss: 0.694 | validation accuracy: 0.8296 | validation AP: 0.1827
Epoch 2/50 | train loss: 0.6653 | validation loss: 0.6876 | validation accuracy: 0.7568 | validation AP: 0.1592
Epoch 3/50 | train loss: 0.6622 | validation loss: 0.6913 | validation accuracy: 0.7628 | validation AP: 0.1579
Epoch 4/50 | train loss: 0.6494 | validation loss: 0.7063 | validation accuracy: 0.7922 | validation AP: 0.1603
Epoch 5/50 | train loss: 0.6495 | validation loss: 0.703 | validation accuracy: 0.6854 | validation AP: 0.1374
Stopping at epoch 5: validation AP has not improved for 4 epochs.
Best epoch: 1 | validation AP: 0.1827 | epochs run: 5

Validation classification report:
              precision    recall  f1-score   support

  disengaged     0.2182    0.1807    0.1977       332
     engaged     0.8947    0.9149    0.9047      2526

    accuracy                         0.8296      2858
   macro avg     0.5564    0.5478    0.5512      2858
weighted avg     0.8161    0.8296    0.8226      2858

Confusion matrix (rows: actual, columns: predicted):
[[  60  272]
 [ 215 2311]]
Epoch 1/50 | train loss: 0.6339 | validation loss: 0.6447 | validation accuracy: 0.8324 | validation AP: 0.2276
Epoch 2/50 | train loss: 0.6107 | validation loss: 0.6663 | validation accuracy: 0.7649 | validation AP: 0.1769
Epoch 3/50 | train loss: 0.5996 | validation loss: 0.7348 | validation accuracy: 0.8321 | validation AP: 0.1807
Epoch 4/50 | train loss: 0.5975 | validation loss: 0.6508 | validation accuracy: 0.7565 | validation AP: 0.1982
Epoch 5/50 | train loss: 0.6285 | validation loss: 0.6748 | validation accuracy: 0.7509 | validation AP: 0.2041
Stopping at epoch 5: validation AP has not improved for 4 epochs.
Best epoch: 1 | validation AP: 0.2276 | epochs run: 5

Validation classification report:
              precision    recall  f1-score   support

  disengaged     0.2384    0.2018    0.2186       332
     engaged     0.8972    0.9153    0.9061      2526

    accuracy                         0.8324      2858
   macro avg     0.5678    0.5585    0.5624      2858
weighted avg     0.8206    0.8324    0.8263      2858

Confusion matrix (rows: actual, columns: predicted):
[[  67  265]
 [ 214 2312]]
Epoch 1/50 | train loss: 0.6345 | validation loss: 0.7311 | validation accuracy: 0.8261 | validation AP: 0.2129
Epoch 2/50 | train loss: 0.618 | validation loss: 0.7472 | validation accuracy: 0.8555 | validation AP: 0.1684
Epoch 3/50 | train loss: 0.5984 | validation loss: 0.6373 | validation accuracy: 0.8139 | validation AP: 0.2278
Epoch 4/50 | train loss: 0.5873 | validation loss: 0.6414 | validation accuracy: 0.7078 | validation AP: 0.1882
Epoch 5/50 | train loss: 0.5701 | validation loss: 0.6671 | validation accuracy: 0.7708 | validation AP: 0.1826
Epoch 6/50 | train loss: 0.5553 | validation loss: 0.7332 | validation accuracy: 0.8303 | validation AP: 0.1971
Epoch 7/50 | train loss: 0.5478 | validation loss: 0.6886 | validation accuracy: 0.8359 | validation AP: 0.2099
Stopping at epoch 7: validation AP has not improved for 4 epochs.[I 2026-10-09 00:50:53,230] Trial 3 finished with value: 0.23708615237042852 and parameters: {'hidden_size': 40, 'num_layers': 1, 'dropout': 0.0, 'learning_rate': 0.006586289317583112, 'batch_size': 16}. Best is trial 0 with value: 0.24608621691056265.
[I 2026-10-09 00:51:14,349] Trial 4 finished with value: 0.24035067410207053 and parameters: {'hidden_size': 70, 'num_layers': 1, 'dropout': 0.0, 'learning_rate': 0.0069782812651260325, 'batch_size': 64}. Best is trial 0 with value: 0.24608621691056265.

Best epoch: 3 | validation AP: 0.2278 | epochs run: 7

Validation classification report:
              precision    recall  f1-score   support

  disengaged     0.2573    0.3193    0.2849       332
     engaged     0.9076    0.8789    0.8930      2526

    accuracy                         0.8139      2858
   macro avg     0.5824    0.5991    0.5890      2858
weighted avg     0.8321    0.8139    0.8224      2858

Confusion matrix (rows: actual, columns: predicted):
[[ 106  226]
 [ 306 2220]]
Epoch 1/50 | train loss: 0.6234 | validation loss: 0.7465 | validation accuracy: 0.8268 | validation AP: 0.1472
Epoch 2/50 | train loss: 0.6138 | validation loss: 0.7335 | validation accuracy: 0.8149 | validation AP: 0.1578
Epoch 3/50 | train loss: 0.6051 | validation loss: 0.6708 | validation accuracy: 0.774 | validation AP: 0.173
Epoch 4/50 | train loss: 0.5816 | validation loss: 0.7182 | validation accuracy: 0.8037 | validation AP: 0.1545
Epoch 5/50 | train loss: 0.572 | validation loss: 0.6796 | validation accuracy: 0.7841 | validation AP: 0.1671
Epoch 6/50 | train loss: 0.5636 | validation loss: 0.6829 | validation accuracy: 0.7708 | validation AP: 0.1808
Epoch 7/50 | train loss: 0.551 | validation loss: 0.6945 | validation accuracy: 0.7883 | validation AP: 0.1753
Epoch 8/50 | train loss: 0.559 | validation loss: 0.6427 | validation accuracy: 0.7684 | validation AP: 0.2008
Epoch 9/50 | train loss: 0.5449 | validation loss: 0.7115 | validation accuracy: 0.8265 | validation AP: 0.1751
Epoch 10/50 | train loss: 0.5224 | validation loss: 0.7363 | validation accuracy: 0.7862 | validation AP: 0.1877
Epoch 11/50 | train loss: 0.5251 | validation loss: 0.7425 | validation accuracy: 0.8457 | validation AP: 0.1905
Epoch 12/50 | train loss: 0.5288 | validation loss: 0.7014 | validation accuracy: 0.8041 | validation AP: 0.159
Stopping at epoch 12: validation AP has not improved for 4 epochs.
Best epoch: 8 | validation AP: 0.2008 | epochs run: 12

Validation classification report:
              precision    recall  f1-score   support

  disengaged     0.2203    0.3916    0.2820       332
     engaged     0.9109    0.8179    0.8619      2526

    accuracy                         0.7684      2858
   macro avg     0.5656    0.6047    0.5720      2858
weighted avg     0.8307    0.7684    0.7945      2858

Confusion matrix (rows: actual, columns: predicted):
[[ 130  202]
 [ 460 2066]]
Epoch 1/50 | train loss: 0.685 | validation loss: 0.6778 | validation accuracy: 0.6354 | validation AP: 0.1632
Epoch 2/50 | train loss: 0.6673 | validation loss: 0.6765 | validation accuracy: 0.5927 | validation AP: 0.1941
Epoch 3/50 | train loss: 0.6708 | validation loss: 0.9867 | validation accuracy: 0.8593 | validation AP: 0.1495
Epoch 4/50 | train loss: 0.6855 | validation loss: 0.6966 | validation accuracy: 0.7729 | validation AP: 0.2318
Epoch 5/50 | train loss: 0.6335 | validation loss: 0.7171 | validation accuracy: 0.7852 | validation AP: 0.2564
Epoch 6/50 | train loss: 0.6239 | validation loss: 0.6772 | validation accuracy: 0.6679 | validation AP: 0.2037
Epoch 7/50 | train loss: 0.6089 | validation loss: 0.7312 | validation accuracy: 0.7225 | validation AP: 0.2145
Epoch 8/50 | train loss: 0.5915 | validation loss: 0.6663 | validation accuracy: 0.6365 | validation AP: 0.2139
Epoch 9/50 | train loss: 0.601 | validation loss: 0.6933 | validation accuracy: 0.6631 | validation AP: 0.2302
Stopping at epoch 9: validation AP has not improved for 4 epochs.
Best epoch: 5 | validation AP: 0.2564 | epochs run: 9

Validation classification report:
              precision    recall  f1-score   support

  disengaged     0.2586    0.4548    0.3297       332
     engaged     0.9204    0.8286    0.8721      2526

    accuracy                         0.7852      2858
   macro avg     0.5895    0.6417    0.6009      2858
weighted avg     0.8435    0.7852    0.8091      2858

Confusion matrix (rows: actual, columns: predicted):
[[ 151  181]
 [ 433 2093]]
Epoch 1/50 | train loss: 0.6763 | validation loss: 0.7039 | validation accuracy: 0.7243 | validation AP: 0.2205
Epoch 2/50 | train loss: 0.6533 | validation loss: 0.6999 | validation accuracy: 0.7495 | validation AP: 0.2137
Epoch 3/50 | train loss: 0.6427 | validation loss: 0.678 | validation accuracy: 0.6854 | validation AP: 0.2352
Epoch 4/50 | train loss: 0.6707 | validation loss: 0.6496 | validation accuracy: 0.577 | validation AP: 0.2111
Epoch 5/50 | train loss: 0.6368 | validation loss: 0.7145 | validation accuracy: 0.7589 | validation AP: 0.2113
Epoch 6/50 | train loss: 0.6211 | validation loss: 0.7412 | validation accuracy: 0.7691 | validation AP: 0.2135
Epoch 7/50 | train loss: 0.6083 | validation loss: 0.752 | validation accuracy: 0.8104 | validation AP: 0.2147
Stopping at epoch 7: validation AP has not improved for 4 epochs.
Best epoch: 3 | validation AP: 0.2352 | epochs run: 7

Validation classification report:
              precision    recall  f1-score   support

  disengaged     0.1902    0.5241    0.2791       332
     engaged     0.9187    0.7067    0.7988      2526

    accuracy                         0.6854      2858
   macro avg     0.5544    0.6154    0.5390      2858
weighted avg     0.8341    0.6854    0.7385      2858

Confusion matrix (rows: actual, columns: predicted):
[[ 174  158]
 [ 741 1785]]
Epoch 1/50 | train loss: 0.6845 | validation loss: 0.7336 | validation accuracy: 0.8027 | validation AP: 0.169
Epoch 2/50 | train loss: 0.6633 | validation loss: 0.701 | validation accuracy: 0.6823 | validation AP: 0.1867
Epoch 3/50 | train loss: 0.6518 | validation loss: 0.6866 | validation accuracy: 0.6116 | validation AP: 0.1712
Epoch 4/50 | train loss: 0.6383 | validation loss: 0.7138 | validation accuracy: 0.6707 | validation AP: 0.1541
Epoch 5/50 | train loss: 0.6237 | validation loss: 0.6709 | validation accuracy: 0.605 | validation AP: 0.1633
Epoch 6/50 | train loss: 0.6728 | validation loss: 0.7357 | validation accuracy: 0.7313 | validation AP: 0.1795
Stopping at epoch 6: validation AP has not improved for 4 epochs.
Best epoch: 2 | validation AP: 0.1867 | epochs run: 6

Validation classification report:
              precision    recall  f1-score   support

  disengaged     0.1697    0.4458    0.2458       332
     engaged     0.9074    0.7134    0.7988      2526

    accuracy                         0.6823      2858
   macro avg     0.5385    0.5796    0.5223      2858
weighted avg     0.8217    0.6823    0.7345      2858

Confusion matrix (rows: actual, columns: predicted):
[[ 148  184]
 [ 724 1802]]
Epoch 1/50 | train loss: 0.6376 | validation loss: 0.6475 | validation accuracy: 0.8314 | validation AP: 0.2173
Epoch 2/50 | train loss: 0.6133 | validation loss: 0.6673 | validation accuracy: 0.7799 | validation AP: 0.2131
Epoch 3/50 | train loss: 0.596 | validation loss: 0.731 | validation accuracy: 0.8156 | validation AP: 0.1697
Epoch 4/50 | train loss: 0.5945 | validation loss: 0.6378 | validation accuracy: 0.7491 | validation AP: 0.2136
Epoch 5/50 | train loss: 0.569 | validation loss: 0.6638 | validation accuracy: 0.795 | validation AP: 0.2381
Epoch 6/50 | train loss: 0.5497 | validation loss: 0.6515 | validation accuracy: 0.7831 | validation AP: 0.1887
Epoch 7/50 | train loss: 0.5409 | validation loss: 0.7664 | validation accuracy: 0.7281 | validation AP: 0.1535
Epoch 8/50 | train loss: 0.5399 | validation loss: 0.7161 | validation accuracy: 0.7978 | validation AP: 0.1773
Epoch 9/50 | train loss: 0.5323 | validation loss: 0.6643 | validation accuracy: 0.7463 | validation AP: 0.1701
Stopping at epoch 9: validation AP has not improved for 4 epochs.
Best epoch: 5 | validation AP: 0.2381 | epochs run: 9

Validation classification report:
              precision    recall  f1-score   support

  disengaged     0.2429    0.3614    0.2906       332
     engaged     0.9103    0.8519    0.8802      2526

    accuracy                         0.7950      2858
   macro avg     0.5766    0.6067    0.5854      2858
weighted avg     0.8328    0.7950    0.8117      2858

Confusion matrix (rows: actual, columns: predicted):
[[ 120  212]
 [ 374 2152]]
Epoch 1/50 | train loss: 0.6293 | validation loss: 0.7099 | validation accuracy: 0.8251 | validation AP: 0.215[I 2026-10-09 00:52:35,622] Trial 5 finished with value: 0.24802097011127364 and parameters: {'hidden_size': 48, 'num_layers': 1, 'dropout': 0.0, 'learning_rate': 0.0040215545266902904, 'batch_size': 16}. Best is trial 5 with value: 0.24802097011127364.

Epoch 2/50 | train loss: 0.6165 | validation loss: 0.6864 | validation accuracy: 0.8286 | validation AP: 0.1552
Epoch 3/50 | train loss: 0.5992 | validation loss: 0.6606 | validation accuracy: 0.8527 | validation AP: 0.2335
Epoch 4/50 | train loss: 0.5915 | validation loss: 0.6569 | validation accuracy: 0.7054 | validation AP: 0.1934
Epoch 5/50 | train loss: 0.5706 | validation loss: 0.6777 | validation accuracy: 0.7561 | validation AP: 0.1672
Epoch 6/50 | train loss: 0.559 | validation loss: 0.6919 | validation accuracy: 0.8097 | validation AP: 0.2179
Epoch 7/50 | train loss: 0.5545 | validation loss: 0.6692 | validation accuracy: 0.8289 | validation AP: 0.2206
Stopping at epoch 7: validation AP has not improved for 4 epochs.
Best epoch: 3 | validation AP: 0.2335 | epochs run: 7

Validation classification report:
              precision    recall  f1-score   support

  disengaged     0.2911    0.1867    0.2275       332
     engaged     0.8979    0.9402    0.9186      2526

    accuracy                         0.8527      2858
   macro avg     0.5945    0.5635    0.5731      2858
weighted avg     0.8274    0.8527    0.8383      2858

Confusion matrix (rows: actual, columns: predicted):
[[  62  270]
 [ 151 2375]]
Epoch 1/50 | train loss: 0.6243 | validation loss: 0.7258 | validation accuracy: 0.8562 | validation AP: 0.1505
Epoch 2/50 | train loss: 0.6155 | validation loss: 0.6951 | validation accuracy: 0.8422 | validation AP: 0.2023
Epoch 3/50 | train loss: 0.5954 | validation loss: 0.6575 | validation accuracy: 0.7988 | validation AP: 0.2109
Epoch 4/50 | train loss: 0.5731 | validation loss: 0.6958 | validation accuracy: 0.8069 | validation AP: 0.1676
Epoch 5/50 | train loss: 0.5652 | validation loss: 0.6711 | validation accuracy: 0.767 | validation AP: 0.1746
Epoch 6/50 | train loss: 0.5556 | validation loss: 0.6711 | validation accuracy: 0.788 | validation AP: 0.1991
Epoch 7/50 | train loss: 0.5389 | validation loss: 0.699 | validation accuracy: 0.7726 | validation AP: 0.1638
Stopping at epoch 7: validation AP has not improved for 4 epochs.
Best epoch: 3 | validation AP: 0.2109 | epochs run: 7

Validation classification report:
              precision    recall  f1-score   support

  disengaged     0.2128    0.2711    0.2384       332
     engaged     0.9006    0.8682    0.8841      2526

    accuracy                         0.7988      2858
   macro avg     0.5567    0.5696    0.5613      2858
weighted avg     0.8207    0.7988    0.8091      2858

Confusion matrix (rows: actual, columns: predicted):
[[  90  242]
 [ 333 2193]]
Epoch 1/50 | train loss: 0.5647 | validation loss: 0.6086 | validation accuracy: 0.8838 | validation AP: 0.188
Epoch 2/50 | train loss: 0.5345 | validation loss: 0.6116 | validation accuracy: 0.8786 | validation AP: 0.1659
Epoch 3/50 | train loss: 0.5249 | validation loss: 0.6211 | validation accuracy: 0.873 | validation AP: 0.1656
Epoch 4/50 | train loss: 0.5358 | validation loss: 0.602 | validation accuracy: 0.8691 | validation AP: 0.1882
Epoch 5/50 | train loss: 0.5237 | validation loss: 0.5989 | validation accuracy: 0.8709 | validation AP: 0.2028
Epoch 6/50 | train loss: 0.5224 | validation loss: 0.5981 | validation accuracy: 0.8649 | validation AP: 0.1857
Epoch 7/50 | train loss: 0.5148 | validation loss: 0.6185 | validation accuracy: 0.8488 | validation AP: 0.1645
Epoch 8/50 | train loss: 0.506 | validation loss: 0.6118 | validation accuracy: 0.8709 | validation AP: 0.2045
Epoch 9/50 | train loss: 0.5113 | validation loss: 0.6106 | validation accuracy: 0.8324 | validation AP: 0.1828
Epoch 10/50 | train loss: 0.4995 | validation loss: 0.6175 | validation accuracy: 0.8646 | validation AP: 0.1998
Epoch 11/50 | train loss: 0.5051 | validation loss: 0.6209 | validation accuracy: 0.8478 | validation AP: 0.1784
Epoch 12/50 | train loss: 0.5011 | validation loss: 0.6266 | validation accuracy: 0.8635 | validation AP: 0.193
Stopping at epoch 12: validation AP has not improved for 4 epochs.
Best epoch: 8 | validation AP: 0.2045 | epochs run: 12

Validation classification report:
              precision    recall  f1-score   support

  disengaged     0.3053    0.0873    0.1358       332
     engaged     0.8903    0.9739    0.9302      2526

    accuracy                         0.8709      2858
   macro avg     0.5978    0.5306    0.5330      2858
weighted avg     0.8224    0.8709    0.8380      2858

Confusion matrix (rows: actual, columns: predicted):
[[  29  303]
 [  66 2460]]
Epoch 1/50 | train loss: 0.5674 | validation loss: 0.6299 | validation accuracy: 0.8835 | validation AP: 0.1415
Epoch 2/50 | train loss: 0.5328 | validation loss: 0.6138 | validation accuracy: 0.8646 | validation AP: 0.1471
Epoch 3/50 | train loss: 0.5231 | validation loss: 0.6059 | validation accuracy: 0.8747 | validation AP: 0.1754
Epoch 4/50 | train loss: 0.5212 | validation loss: 0.6034 | validation accuracy: 0.8153 | validation AP: 0.1597
Epoch 5/50 | train loss: 0.514 | validation loss: 0.6166 | validation accuracy: 0.8303 | validation AP: 0.1548
Epoch 6/50 | train loss: 0.508 | validation loss: 0.6134 | validation accuracy: 0.8562 | validation AP: 0.1763
Epoch 7/50 | train loss: 0.5138 | validation loss: 0.6069 | validation accuracy: 0.8415 | validation AP: 0.1743
Epoch 8/50 | train loss: 0.5067 | validation loss: 0.6239 | validation accuracy: 0.8551 | validation AP: 0.1755
Epoch 9/50 | train loss: 0.5129 | validation loss: 0.6249 | validation accuracy: 0.8432 | validation AP: 0.1628
Epoch 10/50 | train loss: 0.4988 | validation loss: 0.6029 | validation accuracy: 0.8355 | validation AP: 0.1863
Epoch 11/50 | train loss: 0.5062 | validation loss: 0.6201 | validation accuracy: 0.8544 | validation AP: 0.1867
Epoch 12/50 | train loss: 0.5118 | validation loss: 0.6245 | validation accuracy: 0.845 | validation AP: 0.171
Epoch 13/50 | train loss: 0.498 | validation loss: 0.6107 | validation accuracy: 0.8397 | validation AP: 0.187
Epoch 14/50 | train loss: 0.4963 | validation loss: 0.6119 | validation accuracy: 0.8205 | validation AP: 0.1774
Epoch 15/50 | train loss: 0.5007 | validation loss: 0.6273 | validation accuracy: 0.8586 | validation AP: 0.1891
Epoch 16/50 | train loss: 0.4935 | validation loss: 0.6303 | validation accuracy: 0.8425 | validation AP: 0.1814
Epoch 17/50 | train loss: 0.4932 | validation loss: 0.611 | validation accuracy: 0.853 | validation AP: 0.1952
Epoch 18/50 | train loss: 0.5016 | validation loss: 0.6308 | validation accuracy: 0.8667 | validation AP: 0.2156
Epoch 19/50 | train loss: 0.4966 | validation loss: 0.6202 | validation accuracy: 0.8425 | validation AP: 0.1942
Epoch 20/50 | train loss: 0.4892 | validation loss: 0.6055 | validation accuracy: 0.824 | validation AP: 0.192
Epoch 21/50 | train loss: 0.4908 | validation loss: 0.6072 | validation accuracy: 0.8439 | validation AP: 0.1994
Epoch 22/50 | train loss: 0.4837 | validation loss: 0.6291 | validation accuracy: 0.8282 | validation AP: 0.1771
Stopping at epoch 22: validation AP has not improved for 4 epochs.
Best epoch: 18 | validation AP: 0.2156 | epochs run: 22

Validation classification report:
              precision    recall  f1-score   support

  disengaged     0.3185    0.1295    0.1842       332
     engaged     0.8939    0.9636    0.9274      2526

    accuracy                         0.8667      2858
   macro avg     0.6062    0.5465    0.5558      2858
weighted avg     0.8270    0.8667    0.8411      2858

Confusion matrix (rows: actual, columns: predicted):
[[  43  289]
 [  92 2434]]
Epoch 1/50 | train loss: 0.553 | validation loss: 0.6192 | validation accuracy: 0.8817 | validation AP: 0.1552
Epoch 2/50 | train loss: 0.5309 | validation loss: 0.6191 | validation accuracy: 0.8744 | validation AP: 0.1561
Epoch 3/50 | train loss: 0.5275 | validation loss: 0.6106 | validation accuracy: 0.867 | validation AP: 0.1532
Epoch 4/50 | train loss: 0.5141 | validation loss: 0.6273 | validation accuracy: 0.8667 | validation AP: 0.1578
Epoch 5/50 | train loss: 0.5156 | validation loss: 0.6092 | validation accuracy: 0.8544 | validation AP: 0.1597
Epoch 6/50 | train loss: 0.5196 | validation loss: 0.6022 | validation accuracy: 0.8663 | validation AP: 0.182
Epoch 7/50 | train loss: 0.5116 | validation loss: 0.6155 | validation accuracy: 0.8593 | validation AP: 0.1686[I 2026-10-09 01:02:15,021] Trial 6 finished with value: 0.21658922787953008 and parameters: {'hidden_size': 20, 'num_layers': 3, 'dropout': 0.1, 'learning_rate': 0.0001705053926026929, 'batch_size': 8}. Best is trial 5 with value: 0.24802097011127364.
[I 2026-10-09 01:03:14,236] Trial 7 finished with value: 0.23160372716508446 and parameters: {'hidden_size': 40, 'num_layers': 1, 'dropout': 0.1, 'learning_rate': 0.0026698666742744613, 'batch_size': 32}. Best is trial 5 with value: 0.24802097011127364.

Epoch 8/50 | train loss: 0.5094 | validation loss: 0.6058 | validation accuracy: 0.8674 | validation AP: 0.1796
Epoch 9/50 | train loss: 0.5105 | validation loss: 0.6061 | validation accuracy: 0.8593 | validation AP: 0.1742
Epoch 10/50 | train loss: 0.4972 | validation loss: 0.6221 | validation accuracy: 0.8719 | validation AP: 0.1931
Epoch 11/50 | train loss: 0.4938 | validation loss: 0.631 | validation accuracy: 0.8779 | validation AP: 0.1919
Epoch 12/50 | train loss: 0.5009 | validation loss: 0.6092 | validation accuracy: 0.8618 | validation AP: 0.1854
Epoch 13/50 | train loss: 0.4961 | validation loss: 0.6245 | validation accuracy: 0.859 | validation AP: 0.1764
Epoch 14/50 | train loss: 0.4865 | validation loss: 0.6089 | validation accuracy: 0.8555 | validation AP: 0.1988
Epoch 15/50 | train loss: 0.4996 | validation loss: 0.6456 | validation accuracy: 0.852 | validation AP: 0.1625
Epoch 16/50 | train loss: 0.4977 | validation loss: 0.6093 | validation accuracy: 0.8667 | validation AP: 0.2054
Epoch 17/50 | train loss: 0.4867 | validation loss: 0.6373 | validation accuracy: 0.8513 | validation AP: 0.1795
Epoch 18/50 | train loss: 0.4876 | validation loss: 0.649 | validation accuracy: 0.8611 | validation AP: 0.1867
Epoch 19/50 | train loss: 0.4874 | validation loss: 0.6153 | validation accuracy: 0.8177 | validation AP: 0.1767
Epoch 20/50 | train loss: 0.4771 | validation loss: 0.6731 | validation accuracy: 0.8467 | validation AP: 0.1721
Stopping at epoch 20: validation AP has not improved for 4 epochs.
Best epoch: 16 | validation AP: 0.2054 | epochs run: 20

Validation classification report:
              precision    recall  f1-score   support

  disengaged     0.2752    0.0904    0.1361       332
     engaged     0.8901    0.9687    0.9278      2526

    accuracy                         0.8667      2858
   macro avg     0.5827    0.5295    0.5319      2858
weighted avg     0.8187    0.8667    0.8358      2858

Confusion matrix (rows: actual, columns: predicted):
[[  30  302]
 [  79 2447]]
Epoch 1/50 | train loss: 0.6657 | validation loss: 0.6618 | validation accuracy: 0.7495 | validation AP: 0.2147
Epoch 2/50 | train loss: 0.6441 | validation loss: 0.6908 | validation accuracy: 0.7229 | validation AP: 0.183
Epoch 3/50 | train loss: 0.6393 | validation loss: 0.7465 | validation accuracy: 0.74 | validation AP: 0.1579
Epoch 4/50 | train loss: 0.6311 | validation loss: 0.7272 | validation accuracy: 0.7428 | validation AP: 0.1827
Epoch 5/50 | train loss: 0.6202 | validation loss: 0.726 | validation accuracy: 0.7824 | validation AP: 0.2304
Epoch 6/50 | train loss: 0.6033 | validation loss: 0.6685 | validation accuracy: 0.6739 | validation AP: 0.1962
Epoch 7/50 | train loss: 0.5941 | validation loss: 0.7903 | validation accuracy: 0.676 | validation AP: 0.14
Epoch 8/50 | train loss: 0.5858 | validation loss: 0.7018 | validation accuracy: 0.7204 | validation AP: 0.2085
Epoch 9/50 | train loss: 0.5632 | validation loss: 0.6965 | validation accuracy: 0.6512 | validation AP: 0.1734
Stopping at epoch 9: validation AP has not improved for 4 epochs.
Best epoch: 5 | validation AP: 0.2304 | epochs run: 9

Validation classification report:
              precision    recall  f1-score   support

  disengaged     0.2212    0.3464    0.2700       332
     engaged     0.9072    0.8397    0.8721      2526

    accuracy                         0.7824      2858
   macro avg     0.5642    0.5930    0.5710      2858
weighted avg     0.8275    0.7824    0.8022      2858

Confusion matrix (rows: actual, columns: predicted):
[[ 115  217]
 [ 405 2121]]
Epoch 1/50 | train loss: 0.6601 | validation loss: 0.7116 | validation accuracy: 0.7796 | validation AP: 0.2192
Epoch 2/50 | train loss: 0.6413 | validation loss: 0.7081 | validation accuracy: 0.7743 | validation AP: 0.1898
Epoch 3/50 | train loss: 0.6311 | validation loss: 0.6875 | validation accuracy: 0.7551 | validation AP: 0.224
Epoch 4/50 | train loss: 0.6196 | validation loss: 0.6893 | validation accuracy: 0.6365 | validation AP: 0.199
Epoch 5/50 | train loss: 0.6072 | validation loss: 0.7034 | validation accuracy: 0.7033 | validation AP: 0.1715
Epoch 6/50 | train loss: 0.5947 | validation loss: 0.706 | validation accuracy: 0.7337 | validation AP: 0.2117
Epoch 7/50 | train loss: 0.5855 | validation loss: 0.6954 | validation accuracy: 0.691 | validation AP: 0.1968
Stopping at epoch 7: validation AP has not improved for 4 epochs.
Best epoch: 3 | validation AP: 0.224 | epochs run: 7

Validation classification report:
              precision    recall  f1-score   support

  disengaged     0.2079    0.3946    0.2723       332
     engaged     0.9098    0.8025    0.8528      2526

    accuracy                         0.7551      2858
   macro avg     0.5589    0.5985    0.5626      2858
weighted avg     0.8283    0.7551    0.7853      2858

Confusion matrix (rows: actual, columns: predicted):
[[ 131  201]
 [ 499 2027]]
Epoch 1/50 | train loss: 0.666 | validation loss: 0.7245 | validation accuracy: 0.7869 | validation AP: 0.1773
Epoch 2/50 | train loss: 0.6481 | validation loss: 0.7091 | validation accuracy: 0.7369 | validation AP: 0.1844
Epoch 3/50 | train loss: 0.6391 | validation loss: 0.6999 | validation accuracy: 0.6812 | validation AP: 0.1695
Epoch 4/50 | train loss: 0.6218 | validation loss: 0.6817 | validation accuracy: 0.7225 | validation AP: 0.2042
Epoch 5/50 | train loss: 0.6119 | validation loss: 0.684 | validation accuracy: 0.7078 | validation AP: 0.1666
Epoch 6/50 | train loss: 0.5971 | validation loss: 0.7184 | validation accuracy: 0.7617 | validation AP: 0.2172
Epoch 7/50 | train loss: 0.5934 | validation loss: 0.7614 | validation accuracy: 0.7547 | validation AP: 0.1715
Epoch 8/50 | train loss: 0.5751 | validation loss: 0.6952 | validation accuracy: 0.7033 | validation AP: 0.1981
Epoch 9/50 | train loss: 0.5679 | validation loss: 0.694 | validation accuracy: 0.6924 | validation AP: 0.1823
Epoch 10/50 | train loss: 0.5444 | validation loss: 0.733 | validation accuracy: 0.739 | validation AP: 0.2195
Epoch 11/50 | train loss: 0.5421 | validation loss: 0.7677 | validation accuracy: 0.7782 | validation AP: 0.1832
Epoch 12/50 | train loss: 0.5384 | validation loss: 0.7259 | validation accuracy: 0.7495 | validation AP: 0.2142
Epoch 13/50 | train loss: 0.5271 | validation loss: 0.7502 | validation accuracy: 0.7411 | validation AP: 0.1832
Epoch 14/50 | train loss: 0.5113 | validation loss: 0.7601 | validation accuracy: 0.7348 | validation AP: 0.1887
Stopping at epoch 14: validation AP has not improved for 4 epochs.
Best epoch: 10 | validation AP: 0.2195 | epochs run: 14

Validation classification report:
              precision    recall  f1-score   support

  disengaged     0.2043    0.4307    0.2771       332
     engaged     0.9124    0.7795    0.8407      2526

    accuracy                         0.7390      2858
   macro avg     0.5584    0.6051    0.5589      2858
weighted avg     0.8302    0.7390    0.7753      2858

Confusion matrix (rows: actual, columns: predicted):
[[ 143  189]
 [ 557 1969]]
Epoch 1/50 | train loss: 0.5494 | validation loss: 0.5893 | validation accuracy: 0.8828 | validation AP: 0.2216
Epoch 2/50 | train loss: 0.5314 | validation loss: 0.6192 | validation accuracy: 0.8551 | validation AP: 0.2002
Epoch 3/50 | train loss: 0.5199 | validation loss: 0.6599 | validation accuracy: 0.8537 | validation AP: 0.1614
Epoch 4/50 | train loss: 0.526 | validation loss: 0.6087 | validation accuracy: 0.853 | validation AP: 0.1838
Epoch 5/50 | train loss: 0.5094 | validation loss: 0.5834 | validation accuracy: 0.8572 | validation AP: 0.2528
Epoch 6/50 | train loss: 0.4965 | validation loss: 0.5911 | validation accuracy: 0.8446 | validation AP: 0.2276
Epoch 7/50 | train loss: 0.486 | validation loss: 0.6109 | validation accuracy: 0.7873 | validation AP: 0.1742
Epoch 8/50 | train loss: 0.4793 | validation loss: 0.623 | validation accuracy: 0.8586 | validation AP: 0.2128
Epoch 9/50 | train loss: 0.4799 | validation loss: 0.6351 | validation accuracy: 0.8541 | validation AP: 0.1917
Stopping at epoch 9: validation AP has not improved for 4 epochs.
Best epoch: 5 | validation AP: 0.2528 | epochs run: 9

Validation classification report:[I 2026-10-09 01:09:12,527] Trial 8 finished with value: 0.26418179826641536 and parameters: {'hidden_size': 66, 'num_layers': 2, 'dropout': 0.25, 'learning_rate': 0.0010402587615883842, 'batch_size': 8}. Best is trial 8 with value: 0.26418179826641536.

              precision    recall  f1-score   support

  disengaged     0.3061    0.1807    0.2273       332
     engaged     0.8978    0.9462    0.9214      2526

    accuracy                         0.8572      2858
   macro avg     0.6020    0.5634    0.5743      2858
weighted avg     0.8291    0.8572    0.8407      2858

Confusion matrix (rows: actual, columns: predicted):
[[  60  272]
 [ 136 2390]]
Epoch 1/50 | train loss: 0.5465 | validation loss: 0.6545 | validation accuracy: 0.8366 | validation AP: 0.2012
Epoch 2/50 | train loss: 0.5356 | validation loss: 0.6181 | validation accuracy: 0.8642 | validation AP: 0.1588
Epoch 3/50 | train loss: 0.525 | validation loss: 0.591 | validation accuracy: 0.8726 | validation AP: 0.2436
Epoch 4/50 | train loss: 0.5228 | validation loss: 0.6142 | validation accuracy: 0.7803 | validation AP: 0.1724
Epoch 5/50 | train loss: 0.5124 | validation loss: 0.6234 | validation accuracy: 0.8174 | validation AP: 0.1655
Epoch 6/50 | train loss: 0.4966 | validation loss: 0.6579 | validation accuracy: 0.8751 | validation AP: 0.2159
Epoch 7/50 | train loss: 0.4903 | validation loss: 0.6271 | validation accuracy: 0.8737 | validation AP: 0.2049
Stopping at epoch 7: validation AP has not improved for 4 epochs.
Best epoch: 3 | validation AP: 0.2436 | epochs run: 7

Validation classification report:
              precision    recall  f1-score   support

  disengaged     0.3545    0.1175    0.1765       332
     engaged     0.8934    0.9719    0.9310      2526

    accuracy                         0.8726      2858
   macro avg     0.6240    0.5447    0.5537      2858
weighted avg     0.8308    0.8726    0.8433      2858

Confusion matrix (rows: actual, columns: predicted):
[[  39  293]
 [  71 2455]]
Epoch 1/50 | train loss: 0.5362 | validation loss: 0.6726 | validation accuracy: 0.8534 | validation AP: 0.1343
Epoch 2/50 | train loss: 0.531 | validation loss: 0.6479 | validation accuracy: 0.8548 | validation AP: 0.1531
Epoch 3/50 | train loss: 0.529 | validation loss: 0.6156 | validation accuracy: 0.8369 | validation AP: 0.1468
Epoch 4/50 | train loss: 0.5095 | validation loss: 0.6368 | validation accuracy: 0.8387 | validation AP: 0.1574
Epoch 5/50 | train loss: 0.5064 | validation loss: 0.6139 | validation accuracy: 0.8293 | validation AP: 0.1685
Epoch 6/50 | train loss: 0.5114 | validation loss: 0.6124 | validation accuracy: 0.8265 | validation AP: 0.1798
Epoch 7/50 | train loss: 0.4948 | validation loss: 0.612 | validation accuracy: 0.8114 | validation AP: 0.1795
Epoch 8/50 | train loss: 0.4774 | validation loss: 0.565 | validation accuracy: 0.8429 | validation AP: 0.2424
Epoch 9/50 | train loss: 0.4697 | validation loss: 0.5943 | validation accuracy: 0.8226 | validation AP: 0.1937
Epoch 10/50 | train loss: 0.4592 | validation loss: 0.6432 | validation accuracy: 0.7943 | validation AP: 0.1898
Epoch 11/50 | train loss: 0.4475 | validation loss: 0.6665 | validation accuracy: 0.8688 | validation AP: 0.2283
Epoch 12/50 | train loss: 0.45 | validation loss: 0.6091 | validation accuracy: 0.831 | validation AP: 0.1947
Stopping at epoch 12: validation AP has not improved for 4 epochs.
Best epoch: 8 | validation AP: 0.2424 | epochs run: 12

Validation classification report:
              precision    recall  f1-score   support

  disengaged     0.2632    0.1958    0.2245       332
     engaged     0.8977    0.9279    0.9126      2526

    accuracy                         0.8429      2858
   macro avg     0.5804    0.5619    0.5686      2858
weighted avg     0.8240    0.8429    0.8327      2858

Confusion matrix (rows: actual, columns: predicted):
[[  65  267]
 [ 182 2344]]
Epoch 1/50 | train loss: 0.6677 | validation loss: 0.6611 | validation accuracy: 0.7103 | validation AP: 0.2108
Epoch 2/50 | train loss: 0.6487 | validation loss: 0.7032 | validation accuracy: 0.732 | validation AP: 0.1941
Epoch 3/50 | train loss: 0.6386 | validation loss: 0.7196 | validation accuracy: 0.6833 | validation AP: 0.1762
Epoch 4/50 | train loss: 0.6216 | validation loss: 0.7063 | validation accuracy: 0.7582 | validation AP: 0.2168
Epoch 5/50 | train loss: 0.606 | validation loss: 0.7272 | validation accuracy: 0.7876 | validation AP: 0.2592
Epoch 6/50 | train loss: 0.5919 | validation loss: 0.666 | validation accuracy: 0.6739 | validation AP: 0.1988
Epoch 7/50 | train loss: 0.5887 | validation loss: 0.7598 | validation accuracy: 0.753 | validation AP: 0.1839
Epoch 8/50 | train loss: 0.5736 | validation loss: 0.7485 | validation accuracy: 0.7491 | validation AP: 0.1819
Epoch 9/50 | train loss: 0.5682 | validation loss: 0.6953 | validation accuracy: 0.6403 | validation AP: 0.1851
Stopping at epoch 9: validation AP has not improved for 4 epochs.
Best epoch: 5 | validation AP: 0.2592 | epochs run: 9

Validation classification report:
              precision    recall  f1-score   support

  disengaged     0.2449    0.3976    0.3031       332
     engaged     0.9138    0.8389    0.8747      2526

    accuracy                         0.7876      2858
   macro avg     0.5793    0.6182    0.5889      2858
weighted avg     0.8361    0.7876    0.8083      2858

Confusion matrix (rows: actual, columns: predicted):
[[ 132  200]
 [ 407 2119]]
Epoch 1/50 | train loss: 0.6607 | validation loss: 0.7208 | validation accuracy: 0.7754 | validation AP: 0.2145
Epoch 2/50 | train loss: 0.6522 | validation loss: 0.7457 | validation accuracy: 0.7855 | validation AP: 0.1456
Epoch 3/50 | train loss: 0.6362 | validation loss: 0.6719 | validation accuracy: 0.7327 | validation AP: 0.2317
Epoch 4/50 | train loss: 0.6234 | validation loss: 0.6933 | validation accuracy: 0.6421 | validation AP: 0.2092
Epoch 5/50 | train loss: 0.6104 | validation loss: 0.729 | validation accuracy: 0.6966 | validation AP: 0.1659
Epoch 6/50 | train loss: 0.6 | validation loss: 0.7332 | validation accuracy: 0.7533 | validation AP: 0.205
Epoch 7/50 | train loss: 0.5838 | validation loss: 0.7031 | validation accuracy: 0.7747 | validation AP: 0.1924
Stopping at epoch 7: validation AP has not improved for 4 epochs.
Best epoch: 3 | validation AP: 0.2317 | epochs run: 7

Validation classification report:
              precision    recall  f1-score   support

  disengaged     0.2017    0.4398    0.2765       332
     engaged     0.9128    0.7712    0.8361      2526

    accuracy                         0.7327      2858
   macro avg     0.5572    0.6055    0.5563      2858
weighted avg     0.8302    0.7327    0.7711      2858

Confusion matrix (rows: actual, columns: predicted):
[[ 146  186]
 [ 578 1948]]
Epoch 1/50 | train loss: 0.6721 | validation loss: 0.7085 | validation accuracy: 0.7939 | validation AP: 0.1729
Epoch 2/50 | train loss: 0.656 | validation loss: 0.7046 | validation accuracy: 0.7383 | validation AP: 0.1647
Epoch 3/50 | train loss: 0.6358 | validation loss: 0.6848 | validation accuracy: 0.7106 | validation AP: 0.1724
Epoch 4/50 | train loss: 0.6232 | validation loss: 0.6874 | validation accuracy: 0.7393 | validation AP: 0.1911
Epoch 5/50 | train loss: 0.6059 | validation loss: 0.6811 | validation accuracy: 0.753 | validation AP: 0.1966
Epoch 6/50 | train loss: 0.595 | validation loss: 0.703 | validation accuracy: 0.7645 | validation AP: 0.2176
Epoch 7/50 | train loss: 0.5858 | validation loss: 0.7405 | validation accuracy: 0.7547 | validation AP: 0.1755
Epoch 8/50 | train loss: 0.5693 | validation loss: 0.6498 | validation accuracy: 0.6543 | validation AP: 0.207
Epoch 9/50 | train loss: 0.5627 | validation loss: 0.7104 | validation accuracy: 0.7033 | validation AP: 0.1753
Epoch 10/50 | train loss: 0.5456 | validation loss: 0.7627 | validation accuracy: 0.7432 | validation AP: 0.198
Stopping at epoch 10: validation AP has not improved for 4 epochs.
Best epoch: 6 | validation AP: 0.2176 | epochs run: 10

Validation classification report:
              precision    recall  f1-score   support

  disengaged     0.2246    0.4187    0.2923       332
     engaged     0.9138    0.8100    0.8588      2526

    accuracy                         0.7645      2858
   macro avg     0.5692    0.6143    0.5755      2858
weighted avg     0.8337    0.7645    0.7930      2858

Confusion matrix (rows: actual, columns: predicted):[I 2026-10-09 01:10:16,669] Trial 9 finished with value: 0.25692731770017435 and parameters: {'hidden_size': 33, 'num_layers': 1, 'dropout': 0.1, 'learning_rate': 0.005532496914298506, 'batch_size': 32}. Best is trial 8 with value: 0.26418179826641536.
[I 2026-10-09 01:16:52,496] Trial 10 finished with value: 0.23325736765109817 and parameters: {'hidden_size': 20, 'num_layers': 3, 'dropout': 0.25, 'learning_rate': 0.0011108639120394781, 'batch_size': 8}. Best is trial 8 with value: 0.26418179826641536.

[[ 139  193]
 [ 480 2046]]
Epoch 1/50 | train loss: 0.5525 | validation loss: 0.5935 | validation accuracy: 0.8824 | validation AP: 0.2046
Epoch 2/50 | train loss: 0.5326 | validation loss: 0.6094 | validation accuracy: 0.859 | validation AP: 0.1904
Epoch 3/50 | train loss: 0.5198 | validation loss: 0.6321 | validation accuracy: 0.8597 | validation AP: 0.1765
Epoch 4/50 | train loss: 0.5224 | validation loss: 0.6041 | validation accuracy: 0.8348 | validation AP: 0.2018
Epoch 5/50 | train loss: 0.508 | validation loss: 0.5914 | validation accuracy: 0.838 | validation AP: 0.2399
Epoch 6/50 | train loss: 0.5001 | validation loss: 0.5804 | validation accuracy: 0.8321 | validation AP: 0.2374
Epoch 7/50 | train loss: 0.4919 | validation loss: 0.6025 | validation accuracy: 0.8394 | validation AP: 0.1909
Epoch 8/50 | train loss: 0.4777 | validation loss: 0.6283 | validation accuracy: 0.853 | validation AP: 0.1994
Epoch 9/50 | train loss: 0.4787 | validation loss: 0.6165 | validation accuracy: 0.8216 | validation AP: 0.1929
Stopping at epoch 9: validation AP has not improved for 4 epochs.
Best epoch: 5 | validation AP: 0.2399 | epochs run: 9

Validation classification report:
              precision    recall  f1-score   support

  disengaged     0.2471    0.1928    0.2166       332
     engaged     0.8969    0.9228    0.9097      2526

    accuracy                         0.8380      2858
   macro avg     0.5720    0.5578    0.5631      2858
weighted avg     0.8214    0.8380    0.8291      2858

Confusion matrix (rows: actual, columns: predicted):
[[  64  268]
 [ 195 2331]]
Epoch 1/50 | train loss: 0.5467 | validation loss: 0.6192 | validation accuracy: 0.8345 | validation AP: 0.1868
Epoch 2/50 | train loss: 0.5369 | validation loss: 0.623 | validation accuracy: 0.8681 | validation AP: 0.162
Epoch 3/50 | train loss: 0.5227 | validation loss: 0.594 | validation accuracy: 0.8709 | validation AP: 0.1982
Epoch 4/50 | train loss: 0.517 | validation loss: 0.5958 | validation accuracy: 0.7925 | validation AP: 0.174
Epoch 5/50 | train loss: 0.5083 | validation loss: 0.6133 | validation accuracy: 0.8139 | validation AP: 0.1683
Epoch 6/50 | train loss: 0.4935 | validation loss: 0.6487 | validation accuracy: 0.8649 | validation AP: 0.194
Epoch 7/50 | train loss: 0.4866 | validation loss: 0.6222 | validation accuracy: 0.8506 | validation AP: 0.2082
Epoch 8/50 | train loss: 0.4798 | validation loss: 0.6491 | validation accuracy: 0.8509 | validation AP: 0.1874
Epoch 9/50 | train loss: 0.4837 | validation loss: 0.6741 | validation accuracy: 0.8506 | validation AP: 0.1732
Epoch 10/50 | train loss: 0.4609 | validation loss: 0.6091 | validation accuracy: 0.838 | validation AP: 0.2
Epoch 11/50 | train loss: 0.4736 | validation loss: 0.6358 | validation accuracy: 0.8576 | validation AP: 0.2037
Stopping at epoch 11: validation AP has not improved for 4 epochs.
Best epoch: 7 | validation AP: 0.2082 | epochs run: 11

Validation classification report:
              precision    recall  f1-score   support

  disengaged     0.2404    0.1325    0.1709       332
     engaged     0.8923    0.9450    0.9179      2526

    accuracy                         0.8506      2858
   macro avg     0.5664    0.5388    0.5444      2858
weighted avg     0.8166    0.8506    0.8311      2858

Confusion matrix (rows: actual, columns: predicted):
[[  44  288]
 [ 139 2387]]
Epoch 1/50 | train loss: 0.5413 | validation loss: 0.6588 | validation accuracy: 0.8698 | validation AP: 0.1535
Epoch 2/50 | train loss: 0.5324 | validation loss: 0.6279 | validation accuracy: 0.8768 | validation AP: 0.1678
Epoch 3/50 | train loss: 0.5269 | validation loss: 0.611 | validation accuracy: 0.8555 | validation AP: 0.1528
Epoch 4/50 | train loss: 0.5162 | validation loss: 0.6392 | validation accuracy: 0.8436 | validation AP: 0.158
Epoch 5/50 | train loss: 0.5156 | validation loss: 0.6048 | validation accuracy: 0.86 | validation AP: 0.1754
Epoch 6/50 | train loss: 0.5153 | validation loss: 0.6079 | validation accuracy: 0.8607 | validation AP: 0.1904
Epoch 7/50 | train loss: 0.5051 | validation loss: 0.6097 | validation accuracy: 0.8562 | validation AP: 0.1827
Epoch 8/50 | train loss: 0.4948 | validation loss: 0.5994 | validation accuracy: 0.8716 | validation AP: 0.1934
Epoch 9/50 | train loss: 0.4876 | validation loss: 0.6032 | validation accuracy: 0.8705 | validation AP: 0.2153
Epoch 10/50 | train loss: 0.4743 | validation loss: 0.6784 | validation accuracy: 0.7862 | validation AP: 0.182
Epoch 11/50 | train loss: 0.4694 | validation loss: 0.6727 | validation accuracy: 0.8663 | validation AP: 0.1885
Epoch 12/50 | train loss: 0.4747 | validation loss: 0.6267 | validation accuracy: 0.824 | validation AP: 0.1827
Epoch 13/50 | train loss: 0.461 | validation loss: 0.7026 | validation accuracy: 0.8551 | validation AP: 0.178
Stopping at epoch 13: validation AP has not improved for 4 epochs.
Best epoch: 9 | validation AP: 0.2153 | epochs run: 13

Validation classification report:
              precision    recall  f1-score   support

  disengaged     0.3390    0.1205    0.1778       332
     engaged     0.8934    0.9691    0.9297      2526

    accuracy                         0.8705      2858
   macro avg     0.6162    0.5448    0.5538      2858
weighted avg     0.8290    0.8705    0.8424      2858

Confusion matrix (rows: actual, columns: predicted):
[[  40  292]
 [  78 2448]]
Epoch 1/50 | train loss: 0.5533 | validation loss: 0.5997 | validation accuracy: 0.8793 | validation AP: 0.1789
Epoch 2/50 | train loss: 0.5305 | validation loss: 0.6458 | validation accuracy: 0.8457 | validation AP: 0.1782
Epoch 3/50 | train loss: 0.5149 | validation loss: 0.6675 | validation accuracy: 0.8506 | validation AP: 0.1636
Epoch 4/50 | train loss: 0.5221 | validation loss: 0.5998 | validation accuracy: 0.8268 | validation AP: 0.1947
Epoch 5/50 | train loss: 0.5013 | validation loss: 0.5838 | validation accuracy: 0.8156 | validation AP: 0.2206
Epoch 6/50 | train loss: 0.4952 | validation loss: 0.5871 | validation accuracy: 0.8373 | validation AP: 0.2126
Epoch 7/50 | train loss: 0.4803 | validation loss: 0.6301 | validation accuracy: 0.7719 | validation AP: 0.1576
Epoch 8/50 | train loss: 0.4714 | validation loss: 0.6497 | validation accuracy: 0.86 | validation AP: 0.1865
Epoch 9/50 | train loss: 0.4772 | validation loss: 0.6255 | validation accuracy: 0.8362 | validation AP: 0.1821
Stopping at epoch 9: validation AP has not improved for 4 epochs.
Best epoch: 5 | validation AP: 0.2206 | epochs run: 9

Validation classification report:
              precision    recall  f1-score   support

  disengaged     0.2604    0.3193    0.2869       332
     engaged     0.9078    0.8808    0.8941      2526

    accuracy                         0.8156      2858
   macro avg     0.5841    0.6001    0.5905      2858
weighted avg     0.8326    0.8156    0.8236      2858

Confusion matrix (rows: actual, columns: predicted):
[[ 106  226]
 [ 301 2225]]
Epoch 1/50 | train loss: 0.5451 | validation loss: 0.6508 | validation accuracy: 0.8272 | validation AP: 0.1856
Epoch 2/50 | train loss: 0.536 | validation loss: 0.623 | validation accuracy: 0.8695 | validation AP: 0.154
Epoch 3/50 | train loss: 0.5258 | validation loss: 0.5874 | validation accuracy: 0.8681 | validation AP: 0.228
Epoch 4/50 | train loss: 0.5201 | validation loss: 0.6327 | validation accuracy: 0.7789 | validation AP: 0.1555
Epoch 5/50 | train loss: 0.5093 | validation loss: 0.6249 | validation accuracy: 0.8174 | validation AP: 0.1564
Epoch 6/50 | train loss: 0.4934 | validation loss: 0.6423 | validation accuracy: 0.8691 | validation AP: 0.2188
Epoch 7/50 | train loss: 0.4913 | validation loss: 0.6192 | validation accuracy: 0.8593 | validation AP: 0.2082
Stopping at epoch 7: validation AP has not improved for 4 epochs.
Best epoch: 3 | validation AP: 0.228 | epochs run: 7

Validation classification report:
              precision    recall  f1-score   support

  disengaged     0.3109    0.1114    0.1641       332
     engaged     0.8923    0.9675    0.9284      2526

    accuracy                         0.8681      2858
   macro avg     0.6016    0.5395    0.5462      2858
weighted avg     0.8248    0.8681    0.8396      2858
[I 2026-10-09 01:20:45,898] Trial 11 finished with value: 0.2281086743763335 and parameters: {'hidden_size': 45, 'num_layers': 2, 'dropout': 0.25, 'learning_rate': 0.0015346775274849502, 'batch_size': 8}. Best is trial 8 with value: 0.26418179826641536.
[I 2026-10-09 01:21:49,436] Trial 12 finished with value: 0.19566019523681755 and parameters: {'hidden_size': 31, 'num_layers': 1, 'dropout': 0.05, 'learning_rate': 0.0005671419836012125, 'batch_size': 32}. Best is trial 8 with value: 0.26418179826641536.

Confusion matrix (rows: actual, columns: predicted):
[[  37  295]
 [  82 2444]]
Epoch 1/50 | train loss: 0.5369 | validation loss: 0.6743 | validation accuracy: 0.8625 | validation AP: 0.1317
Epoch 2/50 | train loss: 0.534 | validation loss: 0.646 | validation accuracy: 0.8572 | validation AP: 0.1551
Epoch 3/50 | train loss: 0.5226 | validation loss: 0.6183 | validation accuracy: 0.8569 | validation AP: 0.1448
Epoch 4/50 | train loss: 0.5083 | validation loss: 0.6383 | validation accuracy: 0.8401 | validation AP: 0.162
Epoch 5/50 | train loss: 0.506 | validation loss: 0.6307 | validation accuracy: 0.816 | validation AP: 0.1682
Epoch 6/50 | train loss: 0.4998 | validation loss: 0.6266 | validation accuracy: 0.8135 | validation AP: 0.1992
Epoch 7/50 | train loss: 0.4909 | validation loss: 0.632 | validation accuracy: 0.824 | validation AP: 0.1628
Epoch 8/50 | train loss: 0.471 | validation loss: 0.6022 | validation accuracy: 0.8439 | validation AP: 0.1924
Epoch 9/50 | train loss: 0.4672 | validation loss: 0.6077 | validation accuracy: 0.809 | validation AP: 0.1799
Epoch 10/50 | train loss: 0.4562 | validation loss: 0.6655 | validation accuracy: 0.8111 | validation AP: 0.1808
Stopping at epoch 10: validation AP has not improved for 4 epochs.
Best epoch: 6 | validation AP: 0.1992 | epochs run: 10

Validation classification report:
              precision    recall  f1-score   support

  disengaged     0.2137    0.2259    0.2196       332
     engaged     0.8975    0.8907    0.8941      2526

    accuracy                         0.8135      2858
   macro avg     0.5556    0.5583    0.5569      2858
weighted avg     0.8181    0.8135    0.8157      2858

Confusion matrix (rows: actual, columns: predicted):
[[  75  257]
 [ 276 2250]]
Epoch 1/50 | train loss: 0.6682 | validation loss: 0.6907 | validation accuracy: 0.7806 | validation AP: 0.1622
Epoch 2/50 | train loss: 0.652 | validation loss: 0.6865 | validation accuracy: 0.7176 | validation AP: 0.1585
Epoch 3/50 | train loss: 0.6457 | validation loss: 0.715 | validation accuracy: 0.7162 | validation AP: 0.1522
Epoch 4/50 | train loss: 0.6441 | validation loss: 0.6929 | validation accuracy: 0.7379 | validation AP: 0.1776
Epoch 5/50 | train loss: 0.629 | validation loss: 0.7019 | validation accuracy: 0.7309 | validation AP: 0.1727
Epoch 6/50 | train loss: 0.6303 | validation loss: 0.685 | validation accuracy: 0.6494 | validation AP: 0.1643
Epoch 7/50 | train loss: 0.6264 | validation loss: 0.7223 | validation accuracy: 0.6889 | validation AP: 0.1499
Epoch 8/50 | train loss: 0.6187 | validation loss: 0.7039 | validation accuracy: 0.7467 | validation AP: 0.1935
Epoch 9/50 | train loss: 0.6154 | validation loss: 0.6937 | validation accuracy: 0.7106 | validation AP: 0.1789
Epoch 10/50 | train loss: 0.6088 | validation loss: 0.6971 | validation accuracy: 0.7593 | validation AP: 0.1995
Epoch 11/50 | train loss: 0.6088 | validation loss: 0.6929 | validation accuracy: 0.7362 | validation AP: 0.1831
Epoch 12/50 | train loss: 0.6033 | validation loss: 0.706 | validation accuracy: 0.7362 | validation AP: 0.1728
Epoch 13/50 | train loss: 0.6038 | validation loss: 0.703 | validation accuracy: 0.7064 | validation AP: 0.1639
Epoch 14/50 | train loss: 0.6022 | validation loss: 0.6814 | validation accuracy: 0.6407 | validation AP: 0.1649
Stopping at epoch 14: validation AP has not improved for 4 epochs.
Best epoch: 10 | validation AP: 0.1995 | epochs run: 14

Validation classification report:
              precision    recall  f1-score   support

  disengaged     0.2003    0.3584    0.2570       332
     engaged     0.9059    0.8120    0.8564      2526

    accuracy                         0.7593      2858
   macro avg     0.5531    0.5852    0.5567      2858
weighted avg     0.8240    0.7593    0.7867      2858

Confusion matrix (rows: actual, columns: predicted):
[[ 119  213]
 [ 475 2051]]
Epoch 1/50 | train loss: 0.6648 | validation loss: 0.6956 | validation accuracy: 0.8041 | validation AP: 0.1733
Epoch 2/50 | train loss: 0.6475 | validation loss: 0.702 | validation accuracy: 0.7264 | validation AP: 0.1486
Epoch 3/50 | train loss: 0.6371 | validation loss: 0.7118 | validation accuracy: 0.7607 | validation AP: 0.1648
Epoch 4/50 | train loss: 0.6306 | validation loss: 0.6867 | validation accuracy: 0.6756 | validation AP: 0.1667
Epoch 5/50 | train loss: 0.6266 | validation loss: 0.714 | validation accuracy: 0.7201 | validation AP: 0.1498
Stopping at epoch 5: validation AP has not improved for 4 epochs.
Best epoch: 1 | validation AP: 0.1733 | epochs run: 5

Validation classification report:
              precision    recall  f1-score   support

  disengaged     0.2233    0.2771    0.2473       332
     engaged     0.9019    0.8733    0.8874      2526

    accuracy                         0.8041      2858
   macro avg     0.5626    0.5752    0.5673      2858
weighted avg     0.8231    0.8041    0.8130      2858

Confusion matrix (rows: actual, columns: predicted):
[[  92  240]
 [ 320 2206]]
Epoch 1/50 | train loss: 0.6643 | validation loss: 0.6919 | validation accuracy: 0.7554 | validation AP: 0.1632
Epoch 2/50 | train loss: 0.6522 | validation loss: 0.6948 | validation accuracy: 0.7246 | validation AP: 0.1611
Epoch 3/50 | train loss: 0.6436 | validation loss: 0.7006 | validation accuracy: 0.7005 | validation AP: 0.1545
Epoch 4/50 | train loss: 0.6304 | validation loss: 0.7171 | validation accuracy: 0.7449 | validation AP: 0.1635
Epoch 5/50 | train loss: 0.6253 | validation loss: 0.6979 | validation accuracy: 0.6767 | validation AP: 0.1616
Epoch 6/50 | train loss: 0.6201 | validation loss: 0.6912 | validation accuracy: 0.7232 | validation AP: 0.1879
Epoch 7/50 | train loss: 0.6219 | validation loss: 0.7242 | validation accuracy: 0.7607 | validation AP: 0.1828
Epoch 8/50 | train loss: 0.6165 | validation loss: 0.7178 | validation accuracy: 0.7187 | validation AP: 0.1794
Epoch 9/50 | train loss: 0.6122 | validation loss: 0.7007 | validation accuracy: 0.6945 | validation AP: 0.1691
Epoch 10/50 | train loss: 0.6058 | validation loss: 0.7365 | validation accuracy: 0.7712 | validation AP: 0.2025
Epoch 11/50 | train loss: 0.6026 | validation loss: 0.7407 | validation accuracy: 0.7768 | validation AP: 0.1859
Epoch 12/50 | train loss: 0.6066 | validation loss: 0.7174 | validation accuracy: 0.7407 | validation AP: 0.1931
Epoch 13/50 | train loss: 0.5976 | validation loss: 0.7264 | validation accuracy: 0.7453 | validation AP: 0.1838
Epoch 14/50 | train loss: 0.5919 | validation loss: 0.6996 | validation accuracy: 0.7085 | validation AP: 0.2008
Stopping at epoch 14: validation AP has not improved for 4 epochs.
Best epoch: 10 | validation AP: 0.2025 | epochs run: 14

Validation classification report:
              precision    recall  f1-score   support

  disengaged     0.2145    0.3645    0.2701       332
     engaged     0.9080    0.8246    0.8643      2526

    accuracy                         0.7712      2858
   macro avg     0.5613    0.5945    0.5672      2858
weighted avg     0.8275    0.7712    0.7953      2858

Confusion matrix (rows: actual, columns: predicted):
[[ 121  211]
 [ 443 2083]]
Epoch 1/50 | train loss: 0.6286 | validation loss: 0.6579 | validation accuracy: 0.8586 | validation AP: 0.1873
Epoch 2/50 | train loss: 0.6099 | validation loss: 0.675 | validation accuracy: 0.8111 | validation AP: 0.167
Epoch 3/50 | train loss: 0.6062 | validation loss: 0.6993 | validation accuracy: 0.8188 | validation AP: 0.1734
Epoch 4/50 | train loss: 0.6007 | validation loss: 0.682 | validation accuracy: 0.7834 | validation AP: 0.1694
Epoch 5/50 | train loss: 0.5827 | validation loss: 0.6741 | validation accuracy: 0.8205 | validation AP: 0.2144
Epoch 6/50 | train loss: 0.5709 | validation loss: 0.6447 | validation accuracy: 0.7841 | validation AP: 0.1826
Epoch 7/50 | train loss: 0.5633 | validation loss: 0.7129 | validation accuracy: 0.7974 | validation AP: 0.159
Epoch 8/50 | train loss: 0.5556 | validation loss: 0.6984 | validation accuracy: 0.7859 | validation AP: 0.1661
Epoch 9/50 | train loss: 0.5507 | validation loss: 0.6756 | validation accuracy: 0.7558 | validation AP: 0.1921
Stopping at epoch 9: validation AP has not improved for 4 epochs.[I 2026-10-09 01:23:48,823] Trial 13 finished with value: 0.23413287687692566 and parameters: {'hidden_size': 21, 'num_layers': 1, 'dropout': 0.1, 'learning_rate': 0.002217016518536523, 'batch_size': 16}. Best is trial 8 with value: 0.26418179826641536.

Best epoch: 5 | validation AP: 0.2144 | epochs run: 9

Validation classification report:
              precision    recall  f1-score   support

  disengaged     0.2561    0.2861    0.2703       332
     engaged     0.9047    0.8907    0.8977      2526

    accuracy                         0.8205      2858
   macro avg     0.5804    0.5884    0.5840      2858
weighted avg     0.8294    0.8205    0.8248      2858

Confusion matrix (rows: actual, columns: predicted):
[[  95  237]
 [ 276 2250]]
Epoch 1/50 | train loss: 0.6199 | validation loss: 0.687 | validation accuracy: 0.8307 | validation AP: 0.1898
Epoch 2/50 | train loss: 0.6067 | validation loss: 0.6807 | validation accuracy: 0.8254 | validation AP: 0.1605
Epoch 3/50 | train loss: 0.5957 | validation loss: 0.6501 | validation accuracy: 0.8265 | validation AP: 0.2268
Epoch 4/50 | train loss: 0.5856 | validation loss: 0.6477 | validation accuracy: 0.6833 | validation AP: 0.1862
Epoch 5/50 | train loss: 0.5764 | validation loss: 0.6738 | validation accuracy: 0.7761 | validation AP: 0.1594
Epoch 6/50 | train loss: 0.555 | validation loss: 0.7057 | validation accuracy: 0.8355 | validation AP: 0.2161
Epoch 7/50 | train loss: 0.5563 | validation loss: 0.6671 | validation accuracy: 0.8055 | validation AP: 0.1947
Stopping at epoch 7: validation AP has not improved for 4 epochs.
Best epoch: 3 | validation AP: 0.2268 | epochs run: 7

Validation classification report:
              precision    recall  f1-score   support

  disengaged     0.2405    0.2289    0.2346       332
     engaged     0.8993    0.9050    0.9021      2526

    accuracy                         0.8265      2858
   macro avg     0.5699    0.5670    0.5683      2858
weighted avg     0.8228    0.8265    0.8246      2858

Confusion matrix (rows: actual, columns: predicted):
[[  76  256]
 [ 240 2286]]
Epoch 1/50 | train loss: 0.6236 | validation loss: 0.7011 | validation accuracy: 0.8307 | validation AP: 0.1729
Epoch 2/50 | train loss: 0.6143 | validation loss: 0.6886 | validation accuracy: 0.8258 | validation AP: 0.181
Epoch 3/50 | train loss: 0.6037 | validation loss: 0.6821 | validation accuracy: 0.7645 | validation AP: 0.1574
Epoch 4/50 | train loss: 0.5896 | validation loss: 0.6876 | validation accuracy: 0.7988 | validation AP: 0.1593
Epoch 5/50 | train loss: 0.5827 | validation loss: 0.6749 | validation accuracy: 0.7841 | validation AP: 0.166
Epoch 6/50 | train loss: 0.5755 | validation loss: 0.6853 | validation accuracy: 0.8076 | validation AP: 0.1888
Epoch 7/50 | train loss: 0.565 | validation loss: 0.7151 | validation accuracy: 0.7593 | validation AP: 0.1569
Epoch 8/50 | train loss: 0.5578 | validation loss: 0.6664 | validation accuracy: 0.768 | validation AP: 0.1883
Epoch 9/50 | train loss: 0.5457 | validation loss: 0.6727 | validation accuracy: 0.7589 | validation AP: 0.1835
Epoch 10/50 | train loss: 0.5259 | validation loss: 0.7021 | validation accuracy: 0.7827 | validation AP: 0.2042
Epoch 11/50 | train loss: 0.5201 | validation loss: 0.749 | validation accuracy: 0.8376 | validation AP: 0.1939
Epoch 12/50 | train loss: 0.5167 | validation loss: 0.6773 | validation accuracy: 0.7981 | validation AP: 0.21
Epoch 13/50 | train loss: 0.515 | validation loss: 0.7119 | validation accuracy: 0.8139 | validation AP: 0.2062
Epoch 14/50 | train loss: 0.4985 | validation loss: 0.6993 | validation accuracy: 0.7911 | validation AP: 0.1975
Epoch 15/50 | train loss: 0.5031 | validation loss: 0.7539 | validation accuracy: 0.7978 | validation AP: 0.1629
Epoch 16/50 | train loss: 0.4922 | validation loss: 0.744 | validation accuracy: 0.8149 | validation AP: 0.1853
Stopping at epoch 16: validation AP has not improved for 4 epochs.
Best epoch: 12 | validation AP: 0.21 | epochs run: 16

Validation classification report:
              precision    recall  f1-score   support

  disengaged     0.2145    0.2771    0.2418       332
     engaged     0.9012    0.8666    0.8836      2526

    accuracy                         0.7981      2858
   macro avg     0.5578    0.5718    0.5627      2858
weighted avg     0.8214    0.7981    0.8090      2858

Confusion matrix (rows: actual, columns: predicted):
[[  92  240]
 [ 337 2189]]
Epoch 1/50 | train loss: 0.638 | validation loss: 0.6275 | validation accuracy: 0.8653 | validation AP: 0.1624
Epoch 2/50 | train loss: 0.6029 | validation loss: 0.6998 | validation accuracy: 0.8786 | validation AP: 0.1607
Epoch 3/50 | train loss: 0.5817 | validation loss: 0.7026 | validation accuracy: 0.7803 | validation AP: 0.1283
Epoch 4/50 | train loss: 0.5987 | validation loss: 0.6325 | validation accuracy: 0.8376 | validation AP: 0.1501
Epoch 5/50 | train loss: 0.6022 | validation loss: 0.8286 | validation accuracy: 0.8842 | validation AP: 0.2397
Epoch 6/50 | train loss: 0.6133 | validation loss: 0.594 | validation accuracy: 0.8674 | validation AP: 0.2135
Epoch 7/50 | train loss: 0.5908 | validation loss: 0.7367 | validation accuracy: 0.4426 | validation AP: 0.1645
Epoch 8/50 | train loss: 0.5702 | validation loss: 0.9853 | validation accuracy: 0.8838 | validation AP: 0.1166
Epoch 9/50 | train loss: 0.5813 | validation loss: 0.9012 | validation accuracy: 0.8842 | validation AP: 0.0999
Stopping at epoch 9: validation AP has not improved for 4 epochs.
Best epoch: 5 | validation AP: 0.2397 | epochs run: 9

Validation classification report:
              precision    recall  f1-score   support

  disengaged     0.5172    0.0452    0.0831       332
     engaged     0.8879    0.9945    0.9382      2526

    accuracy                         0.8842      2858
   macro avg     0.7026    0.5198    0.5106      2858
weighted avg     0.8449    0.8842    0.8389      2858

Confusion matrix (rows: actual, columns: predicted):
[[  15  317]
 [  14 2512]]
Epoch 1/50 | train loss: 0.6603 | validation loss: 0.6188 | validation accuracy: 0.8083 | validation AP: 0.1552
Epoch 2/50 | train loss: 0.6366 | validation loss: 0.6357 | validation accuracy: 0.8751 | validation AP: 0.1376
Epoch 3/50 | train loss: 0.618 | validation loss: 0.6099 | validation accuracy: 0.8642 | validation AP: 0.1644
Epoch 4/50 | train loss: 0.6128 | validation loss: 1.0587 | validation accuracy: 0.8838 | validation AP: 0.1425
Epoch 5/50 | train loss: 0.6061 | validation loss: 0.6811 | validation accuracy: 0.8772 | validation AP: 0.1912
Epoch 6/50 | train loss: 0.6141 | validation loss: 0.8315 | validation accuracy: 0.8842 | validation AP: 0.1754
Epoch 7/50 | train loss: 0.6102 | validation loss: 0.6884 | validation accuracy: 0.8828 | validation AP: 0.1578
Epoch 8/50 | train loss: 0.622 | validation loss: 0.6111 | validation accuracy: 0.8842 | validation AP: 0.1751
Epoch 9/50 | train loss: 0.6141 | validation loss: 0.9681 | validation accuracy: 0.8786 | validation AP: 0.1543
Stopping at epoch 9: validation AP has not improved for 4 epochs.
Best epoch: 5 | validation AP: 0.1912 | epochs run: 9

Validation classification report:
              precision    recall  f1-score   support

  disengaged     0.3061    0.0452    0.0787       332
     engaged     0.8871    0.9865    0.9342      2526

    accuracy                         0.8772      2858
   macro avg     0.5966    0.5159    0.5065      2858
weighted avg     0.8197    0.8772    0.8348      2858

Confusion matrix (rows: actual, columns: predicted):
[[  15  317]
 [  34 2492]]
Epoch 1/50 | train loss: 0.6236 | validation loss: 0.68 | validation accuracy: 0.8562 | validation AP: 0.1272
Epoch 2/50 | train loss: 0.6316 | validation loss: 0.689 | validation accuracy: 0.7929 | validation AP: 0.1462
Epoch 3/50 | train loss: 0.6027 | validation loss: 0.6613 | validation accuracy: 0.8677 | validation AP: 0.1651
Epoch 4/50 | train loss: 0.587 | validation loss: 0.731 | validation accuracy: 0.8723 | validation AP: 0.1621
Epoch 5/50 | train loss: 0.5853 | validation loss: 0.6833 | validation accuracy: 0.8726 | validation AP: 0.1377
Epoch 6/50 | train loss: 0.5961 | validation loss: 0.7786 | validation accuracy: 0.874 | validation AP: 0.1713
Epoch 7/50 | train loss: 0.5849 | validation loss: 0.6428 | validation accuracy: 0.8065 | validation AP: 0.1505
Epoch 8/50 | train loss: 0.582 | validation loss: 0.616 | validation accuracy: 0.8471 | validation AP: 0.1483[I 2026-10-09 01:36:49,615] Trial 14 finished with value: 0.22984562633820152 and parameters: {'hidden_size': 69, 'num_layers': 2, 'dropout': 0.25, 'learning_rate': 0.008650961108252843, 'batch_size': 8}. Best is trial 8 with value: 0.26418179826641536.
[I 2026-10-09 01:44:45,200] Trial 15 finished with value: 0.24913872260984463 and parameters: {'hidden_size': 24, 'num_layers': 2, 'dropout': 0.1, 'learning_rate': 0.007911632854206579, 'batch_size': 8}. Best is trial 8 with value: 0.26418179826641536.

Epoch 9/50 | train loss: 0.5817 | validation loss: 0.6475 | validation accuracy: 0.8656 | validation AP: 0.1402
Epoch 10/50 | train loss: 0.5689 | validation loss: 0.6404 | validation accuracy: 0.8181 | validation AP: 0.1727
Epoch 11/50 | train loss: 0.5883 | validation loss: 0.8287 | validation accuracy: 0.8838 | validation AP: 0.1345
Epoch 12/50 | train loss: 0.5944 | validation loss: 0.71 | validation accuracy: 0.8223 | validation AP: 0.1149
Epoch 13/50 | train loss: 0.5882 | validation loss: 0.692 | validation accuracy: 0.8758 | validation AP: 0.1257
Epoch 14/50 | train loss: 0.571 | validation loss: 0.7092 | validation accuracy: 0.8786 | validation AP: 0.1801
Epoch 15/50 | train loss: 0.5848 | validation loss: 0.7541 | validation accuracy: 0.8817 | validation AP: 0.1347
Epoch 16/50 | train loss: 0.5759 | validation loss: 0.7181 | validation accuracy: 0.8842 | validation AP: 0.2145
Epoch 17/50 | train loss: 0.571 | validation loss: 0.6201 | validation accuracy: 0.823 | validation AP: 0.1657
Epoch 18/50 | train loss: 0.577 | validation loss: 0.7926 | validation accuracy: 0.8838 | validation AP: 0.2078
Epoch 19/50 | train loss: 0.5791 | validation loss: 0.7431 | validation accuracy: 0.8821 | validation AP: 0.1612
Epoch 20/50 | train loss: 0.5735 | validation loss: 0.9027 | validation accuracy: 0.8838 | validation AP: 0.1564
Stopping at epoch 20: validation AP has not improved for 4 epochs.
Best epoch: 16 | validation AP: 0.2145 | epochs run: 20

Validation classification report:
              precision    recall  f1-score   support

  disengaged     1.0000    0.0030    0.0060       332
     engaged     0.8841    1.0000    0.9385      2526

    accuracy                         0.8842      2858
   macro avg     0.9421    0.5015    0.4723      2858
weighted avg     0.8976    0.8842    0.8302      2858

Confusion matrix (rows: actual, columns: predicted):
[[   1  331]
 [   0 2526]]
Epoch 1/50 | train loss: 0.5571 | validation loss: 0.6114 | validation accuracy: 0.8817 | validation AP: 0.1658
Epoch 2/50 | train loss: 0.5428 | validation loss: 0.6981 | validation accuracy: 0.8621 | validation AP: 0.1689
Epoch 3/50 | train loss: 0.5332 | validation loss: 0.6736 | validation accuracy: 0.8628 | validation AP: 0.1706
Epoch 4/50 | train loss: 0.527 | validation loss: 0.6074 | validation accuracy: 0.8093 | validation AP: 0.1889
Epoch 5/50 | train loss: 0.5151 | validation loss: 0.5797 | validation accuracy: 0.8551 | validation AP: 0.2498
Epoch 6/50 | train loss: 0.5009 | validation loss: 0.6008 | validation accuracy: 0.8691 | validation AP: 0.2091
Epoch 7/50 | train loss: 0.4942 | validation loss: 0.6424 | validation accuracy: 0.7743 | validation AP: 0.1626
Epoch 8/50 | train loss: 0.4824 | validation loss: 0.7206 | validation accuracy: 0.8814 | validation AP: 0.1406
Epoch 9/50 | train loss: 0.4842 | validation loss: 0.6917 | validation accuracy: 0.8712 | validation AP: 0.1635
Stopping at epoch 9: validation AP has not improved for 4 epochs.
Best epoch: 5 | validation AP: 0.2498 | epochs run: 9

Validation classification report:
              precision    recall  f1-score   support

  disengaged     0.3084    0.1988    0.2418       332
     engaged     0.8994    0.9414    0.9199      2526

    accuracy                         0.8551      2858
   macro avg     0.6039    0.5701    0.5808      2858
weighted avg     0.8307    0.8551    0.8411      2858

Confusion matrix (rows: actual, columns: predicted):
[[  66  266]
 [ 148 2378]]
Epoch 1/50 | train loss: 0.5644 | validation loss: 0.6376 | validation accuracy: 0.8397 | validation AP: 0.1818
Epoch 2/50 | train loss: 0.5529 | validation loss: 0.6565 | validation accuracy: 0.8856 | validation AP: 0.2185
Epoch 3/50 | train loss: 0.5319 | validation loss: 0.6278 | validation accuracy: 0.8597 | validation AP: 0.1978
Epoch 4/50 | train loss: 0.5142 | validation loss: 0.6696 | validation accuracy: 0.8821 | validation AP: 0.1955
Epoch 5/50 | train loss: 0.4999 | validation loss: 0.6686 | validation accuracy: 0.8286 | validation AP: 0.1665
Epoch 6/50 | train loss: 0.4887 | validation loss: 0.7403 | validation accuracy: 0.88 | validation AP: 0.1847
Stopping at epoch 6: validation AP has not improved for 4 epochs.
Best epoch: 2 | validation AP: 0.2185 | epochs run: 6

Validation classification report:
              precision    recall  f1-score   support

  disengaged     0.5581    0.0723    0.1280       332
     engaged     0.8906    0.9925    0.9388      2526

    accuracy                         0.8856      2858
   macro avg     0.7244    0.5324    0.5334      2858
weighted avg     0.8520    0.8856    0.8446      2858

Confusion matrix (rows: actual, columns: predicted):
[[  24  308]
 [  19 2507]]
Epoch 1/50 | train loss: 0.5514 | validation loss: 0.6724 | validation accuracy: 0.8153 | validation AP: 0.1254
Epoch 2/50 | train loss: 0.5484 | validation loss: 0.6059 | validation accuracy: 0.8464 | validation AP: 0.1883
Epoch 3/50 | train loss: 0.5306 | validation loss: 0.591 | validation accuracy: 0.8632 | validation AP: 0.2036
Epoch 4/50 | train loss: 0.5056 | validation loss: 0.6975 | validation accuracy: 0.8244 | validation AP: 0.153
Epoch 5/50 | train loss: 0.5062 | validation loss: 0.6291 | validation accuracy: 0.8481 | validation AP: 0.167
Epoch 6/50 | train loss: 0.5063 | validation loss: 0.6253 | validation accuracy: 0.8272 | validation AP: 0.1825
Epoch 7/50 | train loss: 0.4953 | validation loss: 0.5984 | validation accuracy: 0.8646 | validation AP: 0.2074
Epoch 8/50 | train loss: 0.4929 | validation loss: 0.583 | validation accuracy: 0.853 | validation AP: 0.2259
Epoch 9/50 | train loss: 0.4856 | validation loss: 0.6308 | validation accuracy: 0.8607 | validation AP: 0.2129
Epoch 10/50 | train loss: 0.4807 | validation loss: 0.6312 | validation accuracy: 0.8425 | validation AP: 0.1933
Epoch 11/50 | train loss: 0.4633 | validation loss: 0.7732 | validation accuracy: 0.8793 | validation AP: 0.1941
Epoch 12/50 | train loss: 0.4748 | validation loss: 0.621 | validation accuracy: 0.8621 | validation AP: 0.2001
Stopping at epoch 12: validation AP has not improved for 4 epochs.
Best epoch: 8 | validation AP: 0.2259 | epochs run: 12

Validation classification report:
              precision    recall  f1-score   support

  disengaged     0.2778    0.1657    0.2075       332
     engaged     0.8959    0.9434    0.9190      2526

    accuracy                         0.8530      2858
   macro avg     0.5868    0.5545    0.5633      2858
weighted avg     0.8241    0.8530    0.8364      2858

Confusion matrix (rows: actual, columns: predicted):
[[  55  277]
 [ 143 2383]]
Epoch 1/50 | train loss: 0.6644 | validation loss: 0.6682 | validation accuracy: 0.7463 | validation AP: 0.1898
Epoch 2/50 | train loss: 0.6504 | validation loss: 0.6915 | validation accuracy: 0.7176 | validation AP: 0.1563
Epoch 3/50 | train loss: 0.6376 | validation loss: 0.7262 | validation accuracy: 0.7453 | validation AP: 0.1638
Epoch 4/50 | train loss: 0.6413 | validation loss: 0.712 | validation accuracy: 0.7309 | validation AP: 0.1756
Epoch 5/50 | train loss: 0.6272 | validation loss: 0.7074 | validation accuracy: 0.7411 | validation AP: 0.2075
Epoch 6/50 | train loss: 0.6232 | validation loss: 0.6828 | validation accuracy: 0.6533 | validation AP: 0.1829
Epoch 7/50 | train loss: 0.6203 | validation loss: 0.7279 | validation accuracy: 0.704 | validation AP: 0.1496
Epoch 8/50 | train loss: 0.6099 | validation loss: 0.747 | validation accuracy: 0.7246 | validation AP: 0.1853
Epoch 9/50 | train loss: 0.6063 | validation loss: 0.7097 | validation accuracy: 0.6959 | validation AP: 0.175
Stopping at epoch 9: validation AP has not improved for 4 epochs.
Best epoch: 5 | validation AP: 0.2075 | epochs run: 9

Validation classification report:
              precision    recall  f1-score   support

  disengaged     0.1955    0.3946    0.2615       332
     engaged     0.9081    0.7866    0.8430      2526

    accuracy                         0.7411      2858
   macro avg     0.5518    0.5906    0.5522      2858
weighted avg     0.8254    0.7411    0.7755      2858

Confusion matrix (rows: actual, columns: predicted):
[[ 131  201]
 [ 539 1987]]
Epoch 1/50 | train loss: 0.6625 | validation loss: 0.6883 | validation accuracy: 0.782 | validation AP: 0.2262[I 2026-10-09 01:45:59,528] Trial 16 finished with value: 0.203020353813819 and parameters: {'hidden_size': 74, 'num_layers': 2, 'dropout': 0.25, 'learning_rate': 0.0006939241944081968, 'batch_size': 32}. Best is trial 8 with value: 0.26418179826641536.
[I 2026-10-09 01:48:07,101] Trial 17 finished with value: 0.22678808945845988 and parameters: {'hidden_size': 45, 'num_layers': 2, 'dropout': 0.1, 'learning_rate': 0.004010509927238314, 'batch_size': 32}. Best is trial 8 with value: 0.26418179826641536.

Epoch 2/50 | train loss: 0.6432 | validation loss: 0.7021 | validation accuracy: 0.7474 | validation AP: 0.1714
Epoch 3/50 | train loss: 0.6355 | validation loss: 0.6817 | validation accuracy: 0.7586 | validation AP: 0.2203
Epoch 4/50 | train loss: 0.6314 | validation loss: 0.6884 | validation accuracy: 0.6508 | validation AP: 0.1835
Epoch 5/50 | train loss: 0.6277 | validation loss: 0.7289 | validation accuracy: 0.7015 | validation AP: 0.1536
Stopping at epoch 5: validation AP has not improved for 4 epochs.
Best epoch: 1 | validation AP: 0.2262 | epochs run: 5

Validation classification report:
              precision    recall  f1-score   support

  disengaged     0.2229    0.3524    0.2730       332
     engaged     0.9078    0.8385    0.8718      2526

    accuracy                         0.7820      2858
   macro avg     0.5654    0.5954    0.5724      2858
weighted avg     0.8283    0.7820    0.8022      2858

Confusion matrix (rows: actual, columns: predicted):
[[ 117  215]
 [ 408 2118]]
Epoch 1/50 | train loss: 0.6706 | validation loss: 0.7026 | validation accuracy: 0.7785 | validation AP: 0.1738
Epoch 2/50 | train loss: 0.655 | validation loss: 0.6927 | validation accuracy: 0.739 | validation AP: 0.1734
Epoch 3/50 | train loss: 0.6435 | validation loss: 0.6959 | validation accuracy: 0.6931 | validation AP: 0.1497
Epoch 4/50 | train loss: 0.633 | validation loss: 0.7054 | validation accuracy: 0.7428 | validation AP: 0.1677
Epoch 5/50 | train loss: 0.6238 | validation loss: 0.6907 | validation accuracy: 0.6585 | validation AP: 0.1448
Stopping at epoch 5: validation AP has not improved for 4 epochs.
Best epoch: 1 | validation AP: 0.1738 | epochs run: 5

Validation classification report:
              precision    recall  f1-score   support

  disengaged     0.1984    0.2982    0.2383       332
     engaged     0.9012    0.8416    0.8704      2526

    accuracy                         0.7785      2858
   macro avg     0.5498    0.5699    0.5543      2858
weighted avg     0.8196    0.7785    0.7970      2858

Confusion matrix (rows: actual, columns: predicted):
[[  99  233]
 [ 400 2126]]
Epoch 1/50 | train loss: 0.6728 | validation loss: 0.6769 | validation accuracy: 0.774 | validation AP: 0.1944
Epoch 2/50 | train loss: 0.6555 | validation loss: 0.6988 | validation accuracy: 0.7267 | validation AP: 0.1925
Epoch 3/50 | train loss: 0.6422 | validation loss: 0.7522 | validation accuracy: 0.7796 | validation AP: 0.1754
Epoch 4/50 | train loss: 0.6393 | validation loss: 0.732 | validation accuracy: 0.7022 | validation AP: 0.1607
Epoch 5/50 | train loss: 0.6285 | validation loss: 0.7067 | validation accuracy: 0.7705 | validation AP: 0.2195
Epoch 6/50 | train loss: 0.6124 | validation loss: 0.6846 | validation accuracy: 0.7061 | validation AP: 0.1749
Epoch 7/50 | train loss: 0.607 | validation loss: 0.7917 | validation accuracy: 0.7134 | validation AP: 0.1474
Epoch 8/50 | train loss: 0.6014 | validation loss: 0.7392 | validation accuracy: 0.7411 | validation AP: 0.175
Epoch 9/50 | train loss: 0.5873 | validation loss: 0.7085 | validation accuracy: 0.7092 | validation AP: 0.1727
Stopping at epoch 9: validation AP has not improved for 4 epochs.
Best epoch: 5 | validation AP: 0.2195 | epochs run: 9

Validation classification report:
              precision    recall  f1-score   support

  disengaged     0.2207    0.3855    0.2807       332
     engaged     0.9104    0.8211    0.8634      2526

    accuracy                         0.7705      2858
   macro avg     0.5656    0.6033    0.5721      2858
weighted avg     0.8303    0.7705    0.7958      2858

Confusion matrix (rows: actual, columns: predicted):
[[ 128  204]
 [ 452 2074]]
Epoch 1/50 | train loss: 0.6646 | validation loss: 0.832 | validation accuracy: 0.7617 | validation AP: 0.2121
Epoch 2/50 | train loss: 0.6536 | validation loss: 0.7235 | validation accuracy: 0.8156 | validation AP: 0.1731
Epoch 3/50 | train loss: 0.6383 | validation loss: 0.6765 | validation accuracy: 0.7932 | validation AP: 0.2268
Epoch 4/50 | train loss: 0.6342 | validation loss: 0.6887 | validation accuracy: 0.5787 | validation AP: 0.2151
Epoch 5/50 | train loss: 0.6141 | validation loss: 0.7402 | validation accuracy: 0.7211 | validation AP: 0.1514
Epoch 6/50 | train loss: 0.597 | validation loss: 0.6944 | validation accuracy: 0.7568 | validation AP: 0.2209
Epoch 7/50 | train loss: 0.5872 | validation loss: 0.6949 | validation accuracy: 0.7859 | validation AP: 0.2283
Epoch 8/50 | train loss: 0.5754 | validation loss: 0.7565 | validation accuracy: 0.7848 | validation AP: 0.1869
Epoch 9/50 | train loss: 0.5722 | validation loss: 0.7793 | validation accuracy: 0.7631 | validation AP: 0.1598
Epoch 10/50 | train loss: 0.5588 | validation loss: 0.676 | validation accuracy: 0.6872 | validation AP: 0.1721
Epoch 11/50 | train loss: 0.5571 | validation loss: 0.7523 | validation accuracy: 0.8244 | validation AP: 0.215
Stopping at epoch 11: validation AP has not improved for 4 epochs.
Best epoch: 7 | validation AP: 0.2283 | epochs run: 11

Validation classification report:
              precision    recall  f1-score   support

  disengaged     0.2166    0.3223    0.2591       332
     engaged     0.9048    0.8468    0.8748      2526

    accuracy                         0.7859      2858
   macro avg     0.5607    0.5845    0.5670      2858
weighted avg     0.8249    0.7859    0.8033      2858

Confusion matrix (rows: actual, columns: predicted):
[[ 107  225]
 [ 387 2139]]
Epoch 1/50 | train loss: 0.6718 | validation loss: 0.7384 | validation accuracy: 0.8149 | validation AP: 0.1299
Epoch 2/50 | train loss: 0.6612 | validation loss: 0.7098 | validation accuracy: 0.7096 | validation AP: 0.1621
Epoch 3/50 | train loss: 0.6488 | validation loss: 0.7067 | validation accuracy: 0.6928 | validation AP: 0.1397
Epoch 4/50 | train loss: 0.6377 | validation loss: 0.7093 | validation accuracy: 0.7428 | validation AP: 0.1453
Epoch 5/50 | train loss: 0.6282 | validation loss: 0.7092 | validation accuracy: 0.7117 | validation AP: 0.1563
Epoch 6/50 | train loss: 0.6152 | validation loss: 0.7396 | validation accuracy: 0.7495 | validation AP: 0.1832
Epoch 7/50 | train loss: 0.6106 | validation loss: 0.7359 | validation accuracy: 0.7747 | validation AP: 0.1731
Epoch 8/50 | train loss: 0.6086 | validation loss: 0.6847 | validation accuracy: 0.2589 | validation AP: 0.1457
Epoch 9/50 | train loss: 0.6448 | validation loss: 0.795 | validation accuracy: 0.7988 | validation AP: 0.1672
Epoch 10/50 | train loss: 0.603 | validation loss: 0.7307 | validation accuracy: 0.7082 | validation AP: 0.1922
Epoch 11/50 | train loss: 0.5882 | validation loss: 0.7585 | validation accuracy: 0.8376 | validation AP: 0.1895
Epoch 12/50 | train loss: 0.5883 | validation loss: 0.6974 | validation accuracy: 0.7341 | validation AP: 0.1948
Epoch 13/50 | train loss: 0.5841 | validation loss: 0.7287 | validation accuracy: 0.7743 | validation AP: 0.2065
Epoch 14/50 | train loss: 0.5767 | validation loss: 0.7095 | validation accuracy: 0.7001 | validation AP: 0.179
Epoch 15/50 | train loss: 0.5692 | validation loss: 0.7284 | validation accuracy: 0.7232 | validation AP: 0.1819
Epoch 16/50 | train loss: 0.5445 | validation loss: 0.8388 | validation accuracy: 0.7841 | validation AP: 0.1938
Epoch 17/50 | train loss: 0.5397 | validation loss: 0.8428 | validation accuracy: 0.7754 | validation AP: 0.1699
Stopping at epoch 17: validation AP has not improved for 4 epochs.
Best epoch: 13 | validation AP: 0.2065 | epochs run: 17

Validation classification report:
              precision    recall  f1-score   support

  disengaged     0.2170    0.3614    0.2712       332
     engaged     0.9080    0.8286    0.8665      2526

    accuracy                         0.7743      2858
   macro avg     0.5625    0.5950    0.5688      2858
weighted avg     0.8278    0.7743    0.7973      2858

Confusion matrix (rows: actual, columns: predicted):
[[ 120  212]
 [ 433 2093]]
Epoch 1/50 | train loss: 0.5524 | validation loss: 0.5898 | validation accuracy: 0.8789 | validation AP: 0.2193
Epoch 2/50 | train loss: 0.5283 | validation loss: 0.6265 | validation accuracy: 0.8558 | validation AP: 0.1792
Epoch 3/50 | train loss: 0.5074 | validation loss: 0.6714 | validation accuracy: 0.8478 | validation AP: 0.1665[I 2026-10-09 01:56:14,807] Trial 18 finished with value: 0.2659911310392201 and parameters: {'hidden_size': 62, 'num_layers': 1, 'dropout': 0.1, 'learning_rate': 0.0018448109990313408, 'batch_size': 8}. Best is trial 18 with value: 0.2659911310392201.

Epoch 4/50 | train loss: 0.5075 | validation loss: 0.5735 | validation accuracy: 0.8513 | validation AP: 0.2466
Epoch 5/50 | train loss: 0.489 | validation loss: 0.5896 | validation accuracy: 0.8282 | validation AP: 0.2455
Epoch 6/50 | train loss: 0.4797 | validation loss: 0.5821 | validation accuracy: 0.8558 | validation AP: 0.219
Epoch 7/50 | train loss: 0.4723 | validation loss: 0.6233 | validation accuracy: 0.8244 | validation AP: 0.1684
Epoch 8/50 | train loss: 0.4611 | validation loss: 0.6497 | validation accuracy: 0.8544 | validation AP: 0.1815
Stopping at epoch 8: validation AP has not improved for 4 epochs.
Best epoch: 4 | validation AP: 0.2466 | epochs run: 8

Validation classification report:
              precision    recall  f1-score   support

  disengaged     0.2877    0.1898    0.2287       332
     engaged     0.8981    0.9382    0.9177      2526

    accuracy                         0.8513      2858
   macro avg     0.5929    0.5640    0.5732      2858
weighted avg     0.8272    0.8513    0.8377      2858

Confusion matrix (rows: actual, columns: predicted):
[[  63  269]
 [ 156 2370]]
Epoch 1/50 | train loss: 0.5471 | validation loss: 0.7083 | validation accuracy: 0.7964 | validation AP: 0.2247
Epoch 2/50 | train loss: 0.5521 | validation loss: 0.6935 | validation accuracy: 0.8758 | validation AP: 0.1526
Epoch 3/50 | train loss: 0.5274 | validation loss: 0.5763 | validation accuracy: 0.8639 | validation AP: 0.2482
Epoch 4/50 | train loss: 0.5062 | validation loss: 0.62 | validation accuracy: 0.8737 | validation AP: 0.2104
Epoch 5/50 | train loss: 0.49 | validation loss: 0.5884 | validation accuracy: 0.8328 | validation AP: 0.2031
Epoch 6/50 | train loss: 0.4777 | validation loss: 0.6991 | validation accuracy: 0.881 | validation AP: 0.2177
Epoch 7/50 | train loss: 0.4803 | validation loss: 0.6134 | validation accuracy: 0.8642 | validation AP: 0.2131
Stopping at epoch 7: validation AP has not improved for 4 epochs.
Best epoch: 3 | validation AP: 0.2482 | epochs run: 7

Validation classification report:
              precision    recall  f1-score   support

  disengaged     0.3333    0.1717    0.2266       332
     engaged     0.8977    0.9549    0.9254      2526

    accuracy                         0.8639      2858
   macro avg     0.6155    0.5633    0.5760      2858
weighted avg     0.8321    0.8639    0.8442      2858

Confusion matrix (rows: actual, columns: predicted):
[[  57  275]
 [ 114 2412]]
Epoch 1/50 | train loss: 0.5376 | validation loss: 0.6713 | validation accuracy: 0.8432 | validation AP: 0.1366
Epoch 2/50 | train loss: 0.5319 | validation loss: 0.6362 | validation accuracy: 0.8565 | validation AP: 0.164
Epoch 3/50 | train loss: 0.5208 | validation loss: 0.6114 | validation accuracy: 0.8593 | validation AP: 0.1708
Epoch 4/50 | train loss: 0.5053 | validation loss: 0.6517 | validation accuracy: 0.8432 | validation AP: 0.1474
Epoch 5/50 | train loss: 0.5017 | validation loss: 0.6265 | validation accuracy: 0.838 | validation AP: 0.1597
Epoch 6/50 | train loss: 0.497 | validation loss: 0.6308 | validation accuracy: 0.8485 | validation AP: 0.1873
Epoch 7/50 | train loss: 0.4853 | validation loss: 0.6335 | validation accuracy: 0.8411 | validation AP: 0.1674
Epoch 8/50 | train loss: 0.4787 | validation loss: 0.5874 | validation accuracy: 0.8586 | validation AP: 0.2382
Epoch 9/50 | train loss: 0.4687 | validation loss: 0.641 | validation accuracy: 0.8474 | validation AP: 0.1794
Epoch 10/50 | train loss: 0.4573 | validation loss: 0.6494 | validation accuracy: 0.823 | validation AP: 0.1737
Epoch 11/50 | train loss: 0.4431 | validation loss: 0.6991 | validation accuracy: 0.8705 | validation AP: 0.1789
Epoch 12/50 | train loss: 0.4498 | validation loss: 0.6222 | validation accuracy: 0.8212 | validation AP: 0.1819
Stopping at epoch 12: validation AP has not improved for 4 epochs.
Best epoch: 8 | validation AP: 0.2382 | epochs run: 12

Validation classification report:
              precision    recall  f1-score   support

  disengaged     0.3125    0.1807    0.2290       332
     engaged     0.8980    0.9477    0.9222      2526

    accuracy                         0.8586      2858
   macro avg     0.6052    0.5642    0.5756      2858
weighted avg     0.8300    0.8586    0.8417      2858

Confusion matrix (rows: actual, columns: predicted):
[[  60  272]
 [ 132 2394]]
Epoch 1/50 | train loss: 0.5592 | validation loss: 0.5903 | validation accuracy: 0.8793 | validation AP: 0.2088
Epoch 2/50 | train loss: 0.5452 | validation loss: 0.6247 | validation accuracy: 0.8453 | validation AP: 0.1889
Epoch 3/50 | train loss: 0.5275 | validation loss: 0.6522 | validation accuracy: 0.8348 | validation AP: 0.1669
Epoch 4/50 | train loss: 0.5302 | validation loss: 0.5811 | validation accuracy: 0.8324 | validation AP: 0.1985
Epoch 5/50 | train loss: 0.508 | validation loss: 0.5899 | validation accuracy: 0.8457 | validation AP: 0.2526
Epoch 6/50 | train loss: 0.4999 | validation loss: 0.5789 | validation accuracy: 0.8642 | validation AP: 0.208
Epoch 7/50 | train loss: 0.4917 | validation loss: 0.6094 | validation accuracy: 0.7939 | validation AP: 0.1701
Epoch 8/50 | train loss: 0.4845 | validation loss: 0.6566 | validation accuracy: 0.8723 | validation AP: 0.1882
Epoch 9/50 | train loss: 0.4893 | validation loss: 0.6348 | validation accuracy: 0.8579 | validation AP: 0.183
Stopping at epoch 9: validation AP has not improved for 4 epochs.
Best epoch: 5 | validation AP: 0.2526 | epochs run: 9

Validation classification report:
              precision    recall  f1-score   support

  disengaged     0.2896    0.2259    0.2538       332
     engaged     0.9011    0.9272    0.9140      2526

    accuracy                         0.8457      2858
   macro avg     0.5953    0.5765    0.5839      2858
weighted avg     0.8301    0.8457    0.8373      2858

Confusion matrix (rows: actual, columns: predicted):
[[  75  257]
 [ 184 2342]]
Epoch 1/50 | train loss: 0.5559 | validation loss: 0.6396 | validation accuracy: 0.853 | validation AP: 0.2181
Epoch 2/50 | train loss: 0.5477 | validation loss: 0.6511 | validation accuracy: 0.8516 | validation AP: 0.1465
Epoch 3/50 | train loss: 0.5337 | validation loss: 0.588 | validation accuracy: 0.8635 | validation AP: 0.2378
Epoch 4/50 | train loss: 0.5286 | validation loss: 0.6233 | validation accuracy: 0.8139 | validation AP: 0.173
Epoch 5/50 | train loss: 0.5099 | validation loss: 0.603 | validation accuracy: 0.823 | validation AP: 0.1785
Epoch 6/50 | train loss: 0.4999 | validation loss: 0.6707 | validation accuracy: 0.8502 | validation AP: 0.1883
Epoch 7/50 | train loss: 0.4948 | validation loss: 0.6167 | validation accuracy: 0.8803 | validation AP: 0.2226
Stopping at epoch 7: validation AP has not improved for 4 epochs.
Best epoch: 3 | validation AP: 0.2378 | epochs run: 7

Validation classification report:
              precision    recall  f1-score   support

  disengaged     0.3294    0.1687    0.2231       332
     engaged     0.8973    0.9549    0.9252      2526

    accuracy                         0.8635      2858
   macro avg     0.6134    0.5618    0.5742      2858
weighted avg     0.8314    0.8635    0.8436      2858

Confusion matrix (rows: actual, columns: predicted):
[[  56  276]
 [ 114 2412]]
Epoch 1/50 | train loss: 0.5443 | validation loss: 0.6663 | validation accuracy: 0.8579 | validation AP: 0.1311
Epoch 2/50 | train loss: 0.5447 | validation loss: 0.6587 | validation accuracy: 0.8439 | validation AP: 0.1471
Epoch 3/50 | train loss: 0.5331 | validation loss: 0.6104 | validation accuracy: 0.8677 | validation AP: 0.1641
Epoch 4/50 | train loss: 0.5196 | validation loss: 0.6452 | validation accuracy: 0.8555 | validation AP: 0.1472
Epoch 5/50 | train loss: 0.5133 | validation loss: 0.6282 | validation accuracy: 0.8314 | validation AP: 0.1538
Epoch 6/50 | train loss: 0.5203 | validation loss: 0.6171 | validation accuracy: 0.8439 | validation AP: 0.1864
Epoch 7/50 | train loss: 0.5027 | validation loss: 0.6143 | validation accuracy: 0.8289 | validation AP: 0.1784
Epoch 8/50 | train loss: 0.4898 | validation loss: 0.5836 | validation accuracy: 0.8565 | validation AP: 0.217
Epoch 9/50 | train loss: 0.4838 | validation loss: 0.615 | validation accuracy: 0.8663 | validation AP: 0.1962[I 2026-10-09 02:03:42,013] Trial 19 finished with value: 0.25765622946707073 and parameters: {'hidden_size': 78, 'num_layers': 1, 'dropout': 0.5, 'learning_rate': 0.0021080858090709352, 'batch_size': 8}. Best is trial 18 with value: 0.2659911310392201.

Epoch 10/50 | train loss: 0.4773 | validation loss: 0.6697 | validation accuracy: 0.7876 | validation AP: 0.1925
Epoch 11/50 | train loss: 0.4703 | validation loss: 0.6664 | validation accuracy: 0.8716 | validation AP: 0.1957
Epoch 12/50 | train loss: 0.4765 | validation loss: 0.6479 | validation accuracy: 0.8411 | validation AP: 0.1729
Stopping at epoch 12: validation AP has not improved for 4 epochs.
Best epoch: 8 | validation AP: 0.217 | epochs run: 12

Validation classification report:
              precision    recall  f1-score   support

  disengaged     0.2809    0.1506    0.1961       332
     engaged     0.8948    0.9493    0.9212      2526

    accuracy                         0.8565      2858
   macro avg     0.5878    0.5500    0.5587      2858
weighted avg     0.8235    0.8565    0.8370      2858

Confusion matrix (rows: actual, columns: predicted):
[[  50  282]
 [ 128 2398]]
Epoch 1/50 | train loss: 0.5402 | validation loss: 0.6307 | validation accuracy: 0.8593 | validation AP: 0.1601
Epoch 2/50 | train loss: 0.5213 | validation loss: 0.6405 | validation accuracy: 0.8747 | validation AP: 0.1784
Epoch 3/50 | train loss: 0.5088 | validation loss: 0.6232 | validation accuracy: 0.86 | validation AP: 0.1825
Epoch 4/50 | train loss: 0.5168 | validation loss: 0.604 | validation accuracy: 0.8153 | validation AP: 0.1719
Epoch 5/50 | train loss: 0.4987 | validation loss: 0.6422 | validation accuracy: 0.8488 | validation AP: 0.1682
Epoch 6/50 | train loss: 0.4895 | validation loss: 0.6359 | validation accuracy: 0.8401 | validation AP: 0.1892
Epoch 7/50 | train loss: 0.4802 | validation loss: 0.6333 | validation accuracy: 0.8583 | validation AP: 0.1834
Epoch 8/50 | train loss: 0.4831 | validation loss: 0.6174 | validation accuracy: 0.8586 | validation AP: 0.1908
Epoch 9/50 | train loss: 0.466 | validation loss: 0.6189 | validation accuracy: 0.8537 | validation AP: 0.2116
Epoch 10/50 | train loss: 0.4699 | validation loss: 0.6164 | validation accuracy: 0.853 | validation AP: 0.1922
Epoch 11/50 | train loss: 0.4612 | validation loss: 0.634 | validation accuracy: 0.852 | validation AP: 0.2044
Epoch 12/50 | train loss: 0.4382 | validation loss: 0.6623 | validation accuracy: 0.8534 | validation AP: 0.1844
Epoch 13/50 | train loss: 0.4396 | validation loss: 0.6826 | validation accuracy: 0.8275 | validation AP: 0.154
Stopping at epoch 13: validation AP has not improved for 4 epochs.
Best epoch: 9 | validation AP: 0.2116 | epochs run: 13

Validation classification report:
              precision    recall  f1-score   support

  disengaged     0.2471    0.1265    0.1673       332
     engaged     0.8921    0.9493    0.9198      2526

    accuracy                         0.8537      2858
   macro avg     0.5696    0.5379    0.5436      2858
weighted avg     0.8172    0.8537    0.8324      2858

Confusion matrix (rows: actual, columns: predicted):
[[  42  290]
 [ 128 2398]]
Epoch 1/50 | train loss: 0.5458 | validation loss: 0.6047 | validation accuracy: 0.8635 | validation AP: 0.1666
Epoch 2/50 | train loss: 0.5234 | validation loss: 0.6218 | validation accuracy: 0.8258 | validation AP: 0.1562
Epoch 3/50 | train loss: 0.5229 | validation loss: 0.6045 | validation accuracy: 0.846 | validation AP: 0.1758
Epoch 4/50 | train loss: 0.5121 | validation loss: 0.6076 | validation accuracy: 0.8338 | validation AP: 0.206
Epoch 5/50 | train loss: 0.4952 | validation loss: 0.6143 | validation accuracy: 0.8712 | validation AP: 0.2331
Epoch 6/50 | train loss: 0.4865 | validation loss: 0.6199 | validation accuracy: 0.8544 | validation AP: 0.2122
Epoch 7/50 | train loss: 0.4704 | validation loss: 0.6137 | validation accuracy: 0.8586 | validation AP: 0.1947
Epoch 8/50 | train loss: 0.461 | validation loss: 0.6267 | validation accuracy: 0.8506 | validation AP: 0.175
Epoch 9/50 | train loss: 0.455 | validation loss: 0.6349 | validation accuracy: 0.8135 | validation AP: 0.1886
Stopping at epoch 9: validation AP has not improved for 4 epochs.
Best epoch: 5 | validation AP: 0.2331 | epochs run: 9

Validation classification report:
              precision    recall  f1-score   support

  disengaged     0.3421    0.1175    0.1749       332
     engaged     0.8932    0.9703    0.9302      2526

    accuracy                         0.8712      2858
   macro avg     0.6177    0.5439    0.5525      2858
weighted avg     0.8292    0.8712    0.8424      2858

Confusion matrix (rows: actual, columns: predicted):
[[  39  293]
 [  75 2451]]
Epoch 1/50 | train loss: 0.5447 | validation loss: 0.6077 | validation accuracy: 0.8555 | validation AP: 0.1639
Epoch 2/50 | train loss: 0.5225 | validation loss: 0.6568 | validation accuracy: 0.8856 | validation AP: 0.1999
Epoch 3/50 | train loss: 0.5123 | validation loss: 0.6298 | validation accuracy: 0.8691 | validation AP: 0.1326
Epoch 4/50 | train loss: 0.5111 | validation loss: 0.6337 | validation accuracy: 0.8782 | validation AP: 0.184
Epoch 5/50 | train loss: 0.495 | validation loss: 0.635 | validation accuracy: 0.7964 | validation AP: 0.1671
Epoch 6/50 | train loss: 0.4864 | validation loss: 0.5791 | validation accuracy: 0.8209 | validation AP: 0.2424
Epoch 7/50 | train loss: 0.4727 | validation loss: 0.6097 | validation accuracy: 0.8639 | validation AP: 0.2301
Epoch 8/50 | train loss: 0.4677 | validation loss: 0.6128 | validation accuracy: 0.8093 | validation AP: 0.1655
Epoch 9/50 | train loss: 0.4575 | validation loss: 0.6429 | validation accuracy: 0.8548 | validation AP: 0.1917
Epoch 10/50 | train loss: 0.4498 | validation loss: 0.6637 | validation accuracy: 0.8394 | validation AP: 0.1825
Stopping at epoch 10: validation AP has not improved for 4 epochs.
Best epoch: 6 | validation AP: 0.2424 | epochs run: 10

Validation classification report:
              precision    recall  f1-score   support

  disengaged     0.2606    0.2952    0.2768       332
     engaged     0.9057    0.8899    0.8978      2526

    accuracy                         0.8209      2858
   macro avg     0.5832    0.5926    0.5873      2858
weighted avg     0.8308    0.8209    0.8256      2858

Confusion matrix (rows: actual, columns: predicted):
[[  98  234]
 [ 278 2248]]
Epoch 1/50 | train loss: 0.5509 | validation loss: 0.6251 | validation accuracy: 0.8618 | validation AP: 0.1426
Epoch 2/50 | train loss: 0.5301 | validation loss: 0.6076 | validation accuracy: 0.8307 | validation AP: 0.1788
Epoch 3/50 | train loss: 0.5192 | validation loss: 0.6231 | validation accuracy: 0.8397 | validation AP: 0.1735
Epoch 4/50 | train loss: 0.513 | validation loss: 0.6158 | validation accuracy: 0.8478 | validation AP: 0.1631
Epoch 5/50 | train loss: 0.501 | validation loss: 0.6285 | validation accuracy: 0.8667 | validation AP: 0.1819
Epoch 6/50 | train loss: 0.4868 | validation loss: 0.6448 | validation accuracy: 0.8618 | validation AP: 0.1963
Epoch 7/50 | train loss: 0.4772 | validation loss: 0.6561 | validation accuracy: 0.8576 | validation AP: 0.1825
Epoch 8/50 | train loss: 0.4672 | validation loss: 0.6092 | validation accuracy: 0.8474 | validation AP: 0.1955
Epoch 9/50 | train loss: 0.4635 | validation loss: 0.6495 | validation accuracy: 0.8653 | validation AP: 0.1909
Epoch 10/50 | train loss: 0.4523 | validation loss: 0.6224 | validation accuracy: 0.8233 | validation AP: 0.1774
Stopping at epoch 10: validation AP has not improved for 4 epochs.
Best epoch: 6 | validation AP: 0.1963 | epochs run: 10

Validation classification report:
              precision    recall  f1-score   support

  disengaged     0.2397    0.0873    0.1280       332
     engaged     0.8893    0.9636    0.9249      2526

    accuracy                         0.8618      2858
   macro avg     0.5645    0.5255    0.5265      2858
weighted avg     0.8138    0.8618    0.8324      2858

Confusion matrix (rows: actual, columns: predicted):
[[  29  303]
 [  92 2434]]
Epoch 1/50 | train loss: 0.5466 | validation loss: 0.6316 | validation accuracy: 0.8355 | validation AP: 0.1429
Epoch 2/50 | train loss: 0.5225 | validation loss: 0.6545 | validation accuracy: 0.8793 | validation AP: 0.1657
Epoch 3/50 | train loss: 0.5147 | validation loss: 0.5996 | validation accuracy: 0.8453 | validation AP: 0.2015
Epoch 4/50 | train loss: 0.4995 | validation loss: 0.6114 | validation accuracy: 0.8314 | validation AP: 0.1919
Epoch 5/50 | train loss: 0.489 | validation loss: 0.6286 | validation accuracy: 0.8188 | validation AP: 0.1703
Epoch 6/50 | train loss: 0.4783 | validation loss: 0.6138 | validation accuracy: 0.8618 | validation AP: 0.1956
Epoch 7/50 | train loss: 0.466 | validation loss: 0.6068 | validation accuracy: 0.8481 | validation AP: 0.1926
Stopping at epoch 7: validation AP has not improved for 4 epochs.
Best epoch: 3 | validation AP: 0.2015 | epochs run: 7

Validation classification report:
              precision    recall  f1-score   support

  disengaged     0.2356    0.1476    0.1815       332
     engaged     0.8932    0.9371    0.9146      2526

    accuracy                         0.8453      2858
   macro avg     0.5644    0.5423    0.5480      2858
weighted avg     0.8168    0.8453    0.8294      2858

Confusion matrix (rows: actual, columns: predicted):
[[  49  283]
 [ 159 2367]]
Epoch 1/50 | train loss: 0.5452 | validation loss: 0.6202 | validation accuracy: 0.8593 | validation AP: 0.1513
Epoch 2/50 | train loss: 0.5288 | validation loss: 0.6405 | validation accuracy: 0.8751 | validation AP: 0.1715
Epoch 3/50 | train loss: 0.5203 | validation loss: 0.6135 | validation accuracy: 0.8621 | validation AP: 0.1647
Epoch 4/50 | train loss: 0.526 | validation loss: 0.6137 | validation accuracy: 0.816 | validation AP: 0.1579
Epoch 5/50 | train loss: 0.5105 | validation loss: 0.6305 | validation accuracy: 0.8439 | validation AP: 0.1767
Epoch 6/50 | train loss: 0.4958 | validation loss: 0.6224 | validation accuracy: 0.8439 | validation AP: 0.185
Epoch 7/50 | train loss: 0.484 | validation loss: 0.6054 | validation accuracy: 0.859 | validation AP: 0.2054
Epoch 8/50 | train loss: 0.4883 | validation loss: 0.6195 | validation accuracy: 0.8726 | validation AP: 0.2027
Epoch 9/50 | train loss: 0.4744 | validation loss: 0.6209 | validation accuracy: 0.8698 | validation AP: 0.2216
Epoch 10/50 | train loss: 0.4737 | validation loss: 0.6071 | validation accuracy: 0.8523 | validation AP: 0.2065
Epoch 11/50 | train loss: 0.4674 | validation loss: 0.6157 | validation accuracy: 0.8418 | validation AP: 0.214
Epoch 12/50 | train loss: 0.4476 | validation loss: 0.6317 | validation accuracy: 0.8513 | validation AP: 0.1921
Epoch 13/50 | train loss: 0.4483 | validation loss: 0.6581 | validation accuracy: 0.8593 | validation AP: 0.1678
Stopping at epoch 13: validation AP has not improved for 4 epochs.
Best epoch: 9 | validation AP: 0.2216 | epochs run: 13

Validation classification report:
              precision    recall  f1-score   support

  disengaged     0.3305    0.1175    0.1733       332
     engaged     0.8931    0.9687    0.9294      2526

    accuracy                         0.8698      2858
   macro avg     0.6118    0.5431    0.5513      2858
weighted avg     0.8277    0.8698    0.8415      2858

Confusion matrix (rows: actual, columns: predicted):
[[  39  293]
 [  79 2447]]
Epoch 1/50 | train loss: 0.5478 | validation loss: 0.6088 | validation accuracy: 0.8646 | validation AP: 0.1531
Epoch 2/50 | train loss: 0.5293 | validation loss: 0.6222 | validation accuracy: 0.8376 | validation AP: 0.147
Epoch 3/50 | train loss: 0.5192 | validation loss: 0.6135 | validation accuracy: 0.8086 | validation AP: 0.1578
Epoch 4/50 | train loss: 0.5185 | validation loss: 0.5957 | validation accuracy: 0.8443 | validation AP: 0.1843
Epoch 5/50 | train loss: 0.5003 | validation loss: 0.6077 | validation accuracy: 0.8677 | validation AP: 0.2415
Epoch 6/50 | train loss: 0.4939 | validation loss: 0.6183 | validation accuracy: 0.8506 | validation AP: 0.1951
Epoch 7/50 | train loss: 0.4833 | validation loss: 0.6322 | validation accuracy: 0.8737 | validation AP: 0.2073
Epoch 8/50 | train loss: 0.4756 | validation loss: 0.6102 | validation accuracy: 0.8495 | validation AP: 0.1946
Epoch 9/50 | train loss: 0.4735 | validation loss: 0.6678 | validation accuracy: 0.824 | validation AP: 0.1762
Stopping at epoch 9: validation AP has not improved for 4 epochs.
Best epoch: 5 | validation AP: 0.2415 | epochs run: 9

Validation classification report:
              precision    recall  f1-score   support

  disengaged     0.3231    0.1265    0.1818       332
     engaged     0.8937    0.9652    0.9281      2526

    accuracy                         0.8677      2858
   macro avg     0.6084    0.5458    0.5549      2858
weighted avg     0.8274    0.8677    0.8414      2858

Confusion matrix (rows: actual, columns: predicted):
[[  42  290]
 [  88 2438]]
Epoch 1/50 | train loss: 0.5435 | validation loss: 0.6136 | validation accuracy: 0.8569 | validation AP: 0.1533
Epoch 2/50 | train loss: 0.531 | validation loss: 0.6372 | validation accuracy: 0.8807 | validation AP: 0.1892
Epoch 3/50 | train loss: 0.5249 | validation loss: 0.6303 | validation accuracy: 0.8765 | validation AP: 0.1407
Epoch 4/50 | train loss: 0.518 | validation loss: 0.6282 | validation accuracy: 0.8765 | validation AP: 0.2
Epoch 5/50 | train loss: 0.5096 | validation loss: 0.649 | validation accuracy: 0.802 | validation AP: 0.1624
Epoch 6/50 | train loss: 0.5067 | validation loss: 0.5943 | validation accuracy: 0.8369 | validation AP: 0.214
Epoch 7/50 | train loss: 0.4929 | validation loss: 0.6162 | validation accuracy: 0.8691 | validation AP: 0.2083
Epoch 8/50 | train loss: 0.4899 | validation loss: 0.6372 | validation accuracy: 0.789 | validation AP: 0.1611
Epoch 9/50 | train loss: 0.4809 | validation loss: 0.6321 | validation accuracy: 0.8586 | validation AP: 0.1974
Epoch 10/50 | train loss: 0.4684 | validation loss: 0.6587 | validation accuracy: 0.8254 | validation AP: 0.1808
Stopping at epoch 10: validation AP has not improved for 4 epochs.
Best epoch: 6 | validation AP: 0.214 | epochs run: 10

Validation classification report:
              precision    recall  f1-score   support

  disengaged     0.2443    0.1928    0.2155       332
     engaged     0.8968    0.9216    0.9090      2526

    accuracy                         0.8369      2858
   macro avg     0.5705    0.5572    0.5623      2858
weighted avg     0.8210    0.8369    0.8285      2858

Confusion matrix (rows: actual, columns: predicted):
[[  64  268]
 [ 198 2328]]
Epoch 1/50 | train loss: 0.5511 | validation loss: 0.6311 | validation accuracy: 0.8579 | validation AP: 0.1354
Epoch 2/50 | train loss: 0.5317 | validation loss: 0.6048 | validation accuracy: 0.8415 | validation AP: 0.1751
Epoch 3/50 | train loss: 0.5239 | validation loss: 0.6215 | validation accuracy: 0.846 | validation AP: 0.1541
Epoch 4/50 | train loss: 0.5172 | validation loss: 0.6193 | validation accuracy: 0.8618 | validation AP: 0.159
Epoch 5/50 | train loss: 0.5109 | validation loss: 0.6408 | validation accuracy: 0.8579 | validation AP: 0.1841
Epoch 6/50 | train loss: 0.5007 | validation loss: 0.6514 | validation accuracy: 0.8719 | validation AP: 0.2212
Epoch 7/50 | train loss: 0.4879 | validation loss: 0.6587 | validation accuracy: 0.8611 | validation AP: 0.1934
Epoch 8/50 | train loss: 0.4771 | validation loss: 0.605 | validation accuracy: 0.8394 | validation AP: 0.2048
Epoch 9/50 | train loss: 0.4755 | validation loss: 0.6218 | validation accuracy: 0.8478 | validation AP: 0.1915
Epoch 10/50 | train loss: 0.4693 | validation loss: 0.596 | validation accuracy: 0.8205 | validation AP: 0.1862
Stopping at epoch 10: validation AP has not improved for 4 epochs.
Best epoch: 6 | validation AP: 0.2212 | epochs run: 10

Validation classification report:
              precision    recall  f1-score   support

  disengaged     0.2976    0.0753    0.1202       332
     engaged     0.8893    0.9766    0.9309      2526

    accuracy                         0.8719      2858
   macro avg     0.5935    0.5260    0.5256      2858
weighted avg     0.8206    0.8719    0.8368      2858

Confusion matrix (rows: actual, columns: predicted):
[[  25  307]
 [  59 2467]]
Epoch 1/50 | train loss: 0.5479 | validation loss: 0.6132 | validation accuracy: 0.8621 | validation AP: 0.1562
Epoch 2/50 | train loss: 0.5215 | validation loss: 0.6714 | validation accuracy: 0.8782 | validation AP: 0.163
Epoch 3/50 | train loss: 0.5186 | validation loss: 0.597 | validation accuracy: 0.8205 | validation AP: 0.2026
Epoch 4/50 | train loss: 0.5129 | validation loss: 0.6133 | validation accuracy: 0.8055 | validation AP: 0.1632[I 2026-10-09 02:34:22,880] A new study created in memory with name: lstm|30fps/5s
[I 2026-10-09 02:34:52,769] Trial 0 finished with value: 0.21437613146240073 and parameters: {'hidden_size': 47, 'num_layers': 3, 'dropout': 0.0, 'learning_rate': 0.005399484409787433, 'batch_size': 64}. Best is trial 0 with value: 0.21437613146240073.

Epoch 5/50 | train loss: 0.5069 | validation loss: 0.5988 | validation accuracy: 0.8541 | validation AP: 0.2157
Epoch 6/50 | train loss: 0.4949 | validation loss: 0.5924 | validation accuracy: 0.874 | validation AP: 0.2284
Epoch 7/50 | train loss: 0.4931 | validation loss: 0.5915 | validation accuracy: 0.8317 | validation AP: 0.2125
Epoch 8/50 | train loss: 0.4828 | validation loss: 0.6271 | validation accuracy: 0.8443 | validation AP: 0.1867
Epoch 9/50 | train loss: 0.4684 | validation loss: 0.6639 | validation accuracy: 0.838 | validation AP: 0.1708
Epoch 10/50 | train loss: 0.4723 | validation loss: 0.6307 | validation accuracy: 0.8502 | validation AP: 0.2114
Stopping at epoch 10: validation AP has not improved for 4 epochs.
Best epoch: 6 | validation AP: 0.2284 | epochs run: 10

Validation classification report:
              precision    recall  f1-score   support

  disengaged     0.3444    0.0934    0.1469       332
     engaged     0.8913    0.9766    0.9320      2526

    accuracy                         0.8740      2858
   macro avg     0.6179    0.5350    0.5395      2858
weighted avg     0.8277    0.8740    0.8408      2858

Confusion matrix (rows: actual, columns: predicted):
[[  31  301]
 [  59 2467]]

 gru | 30fps/5s (confirmed on seeds [52, 53, 54, 55, 56])
  0.2333 +/- 0.0029  (42110,) params  hidden_size=66, num_layers=2, dropout=0.25, learning_rate=0.0010402587615883842, batch_size=8
  0.2307 +/- 0.0114  (13890,) params  hidden_size=62, num_layers=1, dropout=0.1, learning_rate=0.0018448109990313408, batch_size=8
  Selected: hidden_size=66, num_layers=2, dropout=0.25, learning_rate=0.0010402587615883842, batch_size=8  (AP 0.2333, 42,110 parameters)
Epoch 1/50 | train loss: 0.6855 | validation loss: 0.6981 | validation accuracy: 0.8537 | validation AP: 0.2099
Epoch 2/50 | train loss: 0.6672 | validation loss: 0.6912 | validation accuracy: 0.7015 | validation AP: 0.1681
Epoch 3/50 | train loss: 0.6483 | validation loss: 0.7699 | validation accuracy: 0.7124 | validation AP: 0.1893
Epoch 4/50 | train loss: 0.6428 | validation loss: 0.726 | validation accuracy: 0.6935 | validation AP: 0.1924
Epoch 5/50 | train loss: 0.6416 | validation loss: 0.705 | validation accuracy: 0.7201 | validation AP: 0.2019
Stopping at epoch 5: validation AP has not improved for 4 epochs.
Best epoch: 1 | validation AP: 0.2099 | epochs run: 5

Validation classification report:
              precision    recall  f1-score   support

  disengaged     0.2784    0.1627    0.2053       332
     engaged     0.8956    0.9446    0.9195      2526

    accuracy                         0.8537      2858
   macro avg     0.5870    0.5536    0.5624      2858
weighted avg     0.8239    0.8537    0.8365      2858

Confusion matrix (rows: actual, columns: predicted):
[[  54  278]
 [ 140 2386]]
Epoch 1/50 | train loss: 0.6816 | validation loss: 0.6716 | validation accuracy: 0.6718 | validation AP: 0.2149
Epoch 2/50 | train loss: 0.6707 | validation loss: 0.6816 | validation accuracy: 0.6449 | validation AP: 0.1506
Epoch 3/50 | train loss: 0.6615 | validation loss: 0.7131 | validation accuracy: 0.7512 | validation AP: 0.1663
Epoch 4/50 | train loss: 0.6389 | validation loss: 0.6601 | validation accuracy: 0.5343 | validation AP: 0.1776
Epoch 5/50 | train loss: 0.6351 | validation loss: 0.7003 | validation accuracy: 0.6501 | validation AP: 0.1664
Stopping at epoch 5: validation AP has not improved for 4 epochs.
Best epoch: 1 | validation AP: 0.2149 | epochs run: 5

Validation classification report:
              precision    recall  f1-score   support

  disengaged     0.1714    0.4759    0.2520       332
     engaged     0.9101    0.6975    0.7898      2526

    accuracy                         0.6718      2858
   macro avg     0.5407    0.5867    0.5209      2858
weighted avg     0.8243    0.6718    0.7273      2858

Confusion matrix (rows: actual, columns: predicted):
[[ 158  174]
 [ 764 1762]]
Epoch 1/50 | train loss: 0.6852 | validation loss: 0.7407 | validation accuracy: 0.8198 | validation AP: 0.1652
Epoch 2/50 | train loss: 0.6581 | validation loss: 0.6867 | validation accuracy: 0.6767 | validation AP: 0.154
Epoch 3/50 | train loss: 0.6593 | validation loss: 0.6834 | validation accuracy: 0.4608 | validation AP: 0.15
Epoch 4/50 | train loss: 0.6369 | validation loss: 0.7051 | validation accuracy: 0.7005 | validation AP: 0.169
Epoch 5/50 | train loss: 0.6284 | validation loss: 0.6746 | validation accuracy: 0.6389 | validation AP: 0.1623
Epoch 6/50 | train loss: 0.6286 | validation loss: 0.7004 | validation accuracy: 0.6728 | validation AP: 0.1901
Epoch 7/50 | train loss: 0.6385 | validation loss: 0.7203 | validation accuracy: 0.711 | validation AP: 0.1551
Epoch 8/50 | train loss: 0.626 | validation loss: 0.7162 | validation accuracy: 0.7008 | validation AP: 0.152
Epoch 9/50 | train loss: 0.6172 | validation loss: 0.6858 | validation accuracy: 0.6067 | validation AP: 0.1742
Epoch 10/50 | train loss: 0.6 | validation loss: 0.7908 | validation accuracy: 0.6963 | validation AP: 0.1602
Stopping at epoch 10: validation AP has not improved for 4 epochs.
Best epoch: 6 | validation AP: 0.1901 | epochs run: 10

Validation classification report:
              precision    recall  f1-score   support

  disengaged     0.1803    0.5120    0.2667       332
     engaged     0.9154    0.6940    0.7895      2526

    accuracy                         0.6728      2858
   macro avg     0.5478    0.6030    0.5281      2858
weighted avg     0.8300    0.6728    0.7287      2858

Confusion matrix (rows: actual, columns: predicted):
[[ 170  162]
 [ 773 1753]]
Epoch 1/50 | train loss: 0.5479 | validation loss: 0.5974 | validation accuracy: 0.8793 | validation AP: 0.1915
Epoch 2/50 | train loss: 0.5263 | validation loss: 0.6268 | validation accuracy: 0.8737 | validation AP: 0.1775
Epoch 3/50 | train loss: 0.5132 | validation loss: 0.6379 | validation accuracy: 0.866 | validation AP: 0.1712
Epoch 4/50 | train loss: 0.5225 | validation loss: 0.6125 | validation accuracy: 0.8457 | validation AP: 0.172
Epoch 5/50 | train loss: 0.5123 | validation loss: 0.6103 | validation accuracy: 0.7813 | validation AP: 0.206
Epoch 6/50 | train loss: 0.5077 | validation loss: 0.6036 | validation accuracy: 0.8516 | validation AP: 0.1763
Epoch 7/50 | train loss: 0.4924 | validation loss: 0.6324 | validation accuracy: 0.8293 | validation AP: 0.1567
Epoch 8/50 | train loss: 0.4881 | validation loss: 0.6425 | validation accuracy: 0.8153 | validation AP: 0.1635
Epoch 9/50 | train loss: 0.494 | validation loss: 0.6313 | validation accuracy: 0.8223 | validation AP: 0.1691
Stopping at epoch 9: validation AP has not improved for 4 epochs.
Best epoch: 5 | validation AP: 0.206 | epochs run: 9

Validation classification report:
              precision    recall  f1-score   support

  disengaged     0.2220    0.3524    0.2724       332
     engaged     0.9078    0.8377    0.8713      2526

    accuracy                         0.7813      2858
   macro avg     0.5649    0.5950    0.5719      2858
weighted avg     0.8281    0.7813    0.8017      2858

Confusion matrix (rows: actual, columns: predicted):
[[ 117  215]
 [ 410 2116]]
Epoch 1/50 | train loss: 0.5388 | validation loss: 0.6269 | validation accuracy: 0.8261 | validation AP: 0.1705
Epoch 2/50 | train loss: 0.529 | validation loss: 0.623 | validation accuracy: 0.8404 | validation AP: 0.1582
Epoch 3/50 | train loss: 0.5156 | validation loss: 0.5997 | validation accuracy: 0.8597 | validation AP: 0.1994
Epoch 4/50 | train loss: 0.5144 | validation loss: 0.6097 | validation accuracy: 0.8006 | validation AP: 0.1813
Epoch 5/50 | train loss: 0.5055 | validation loss: 0.6423 | validation accuracy: 0.8216 | validation AP: 0.1516
Epoch 6/50 | train loss: 0.4967 | validation loss: 0.6426 | validation accuracy: 0.8453 | validation AP: 0.1777
Epoch 7/50 | train loss: 0.4986 | validation loss: 0.6327 | validation accuracy: 0.8334 | validation AP: 0.163
Stopping at epoch 7: validation AP has not improved for 4 epochs.
Best epoch: 3 | validation AP: 0.1994 | epochs run: 7

Validation classification report:
              precision    recall  f1-score   support

  disengaged     0.2685    0.1205    0.1663       332
     engaged     0.8922    0.9568    0.9234      2526

    accuracy                         0.8597      2858
   macro avg     0.5803    0.5387    0.5449      2858
weighted avg     0.8198    0.8597    0.8355      2858
[I 2026-10-09 02:41:23,603] Trial 1 finished with value: 0.21177765065389384 and parameters: {'hidden_size': 136, 'num_layers': 1, 'dropout': 0.25, 'learning_rate': 0.0003823475224675188, 'batch_size': 8}. Best is trial 0 with value: 0.21437613146240073.
[I 2026-10-09 02:42:25,272] Trial 2 finished with value: 0.1989573015395839 and parameters: {'hidden_size': 56, 'num_layers': 3, 'dropout': 0.5, 'learning_rate': 0.00021930485556643703, 'batch_size': 32}. Best is trial 0 with value: 0.21437613146240073.

Confusion matrix (rows: actual, columns: predicted):
[[  40  292]
 [ 109 2417]]
Epoch 1/50 | train loss: 0.5373 | validation loss: 0.6498 | validation accuracy: 0.8702 | validation AP: 0.1703
Epoch 2/50 | train loss: 0.5207 | validation loss: 0.6318 | validation accuracy: 0.8495 | validation AP: 0.1774
Epoch 3/50 | train loss: 0.5157 | validation loss: 0.6097 | validation accuracy: 0.8457 | validation AP: 0.1736
Epoch 4/50 | train loss: 0.5107 | validation loss: 0.6333 | validation accuracy: 0.8369 | validation AP: 0.155
Epoch 5/50 | train loss: 0.5056 | validation loss: 0.6068 | validation accuracy: 0.8237 | validation AP: 0.1722
Epoch 6/50 | train loss: 0.5078 | validation loss: 0.6215 | validation accuracy: 0.8495 | validation AP: 0.1789
Epoch 7/50 | train loss: 0.4981 | validation loss: 0.6098 | validation accuracy: 0.8226 | validation AP: 0.1881
Epoch 8/50 | train loss: 0.4872 | validation loss: 0.6191 | validation accuracy: 0.8625 | validation AP: 0.1928
Epoch 9/50 | train loss: 0.4871 | validation loss: 0.6309 | validation accuracy: 0.8212 | validation AP: 0.1756
Epoch 10/50 | train loss: 0.5012 | validation loss: 0.6305 | validation accuracy: 0.8195 | validation AP: 0.1821
Epoch 11/50 | train loss: 0.4953 | validation loss: 0.6527 | validation accuracy: 0.8362 | validation AP: 0.1813
Epoch 12/50 | train loss: 0.4827 | validation loss: 0.6393 | validation accuracy: 0.8195 | validation AP: 0.1843
Stopping at epoch 12: validation AP has not improved for 4 epochs.
Best epoch: 8 | validation AP: 0.1928 | epochs run: 12

Validation classification report:
              precision    recall  f1-score   support

  disengaged     0.2598    0.0994    0.1438       332
     engaged     0.8905    0.9628    0.9252      2526

    accuracy                         0.8625      2858
   macro avg     0.5752    0.5311    0.5345      2858
weighted avg     0.8173    0.8625    0.8345      2858

Confusion matrix (rows: actual, columns: predicted):
[[  33  299]
 [  94 2432]]
Epoch 1/50 | train loss: 0.6784 | validation loss: 0.7036 | validation accuracy: 0.8793 | validation AP: 0.1643
Epoch 2/50 | train loss: 0.6507 | validation loss: 0.6883 | validation accuracy: 0.7519 | validation AP: 0.1624
Epoch 3/50 | train loss: 0.6369 | validation loss: 0.708 | validation accuracy: 0.7645 | validation AP: 0.1688
Epoch 4/50 | train loss: 0.6314 | validation loss: 0.708 | validation accuracy: 0.7796 | validation AP: 0.178
Epoch 5/50 | train loss: 0.6203 | validation loss: 0.7097 | validation accuracy: 0.781 | validation AP: 0.2018
Epoch 6/50 | train loss: 0.6175 | validation loss: 0.6937 | validation accuracy: 0.7166 | validation AP: 0.1625
Epoch 7/50 | train loss: 0.6149 | validation loss: 0.7335 | validation accuracy: 0.7603 | validation AP: 0.1535
Epoch 8/50 | train loss: 0.6092 | validation loss: 0.7276 | validation accuracy: 0.7841 | validation AP: 0.1746
Epoch 9/50 | train loss: 0.6062 | validation loss: 0.7178 | validation accuracy: 0.7495 | validation AP: 0.1762
Stopping at epoch 9: validation AP has not improved for 4 epochs.
Best epoch: 5 | validation AP: 0.2018 | epochs run: 9

Validation classification report:
              precision    recall  f1-score   support

  disengaged     0.2205    0.3494    0.2704       332
     engaged     0.9074    0.8377    0.8711      2526

    accuracy                         0.7810      2858
   macro avg     0.5640    0.5935    0.5708      2858
weighted avg     0.8276    0.7810    0.8014      2858

Confusion matrix (rows: actual, columns: predicted):
[[ 116  216]
 [ 410 2116]]
Epoch 1/50 | train loss: 0.6763 | validation loss: 0.7163 | validation accuracy: 0.8719 | validation AP: 0.1572
Epoch 2/50 | train loss: 0.6498 | validation loss: 0.7019 | validation accuracy: 0.726 | validation AP: 0.1458
Epoch 3/50 | train loss: 0.6298 | validation loss: 0.7168 | validation accuracy: 0.7645 | validation AP: 0.1712
Epoch 4/50 | train loss: 0.6173 | validation loss: 0.6904 | validation accuracy: 0.7134 | validation AP: 0.2002
Epoch 5/50 | train loss: 0.6189 | validation loss: 0.7319 | validation accuracy: 0.7376 | validation AP: 0.1644
Epoch 6/50 | train loss: 0.6092 | validation loss: 0.7115 | validation accuracy: 0.7232 | validation AP: 0.1875
Epoch 7/50 | train loss: 0.6074 | validation loss: 0.7146 | validation accuracy: 0.7215 | validation AP: 0.1723
Epoch 8/50 | train loss: 0.6056 | validation loss: 0.7341 | validation accuracy: 0.7652 | validation AP: 0.1829
Stopping at epoch 8: validation AP has not improved for 4 epochs.
Best epoch: 4 | validation AP: 0.2002 | epochs run: 8

Validation classification report:
              precision    recall  f1-score   support

  disengaged     0.1850    0.4307    0.2588       332
     engaged     0.9094    0.7506    0.8224      2526

    accuracy                         0.7134      2858
   macro avg     0.5472    0.5907    0.5406      2858
weighted avg     0.8252    0.7134    0.7569      2858

Confusion matrix (rows: actual, columns: predicted):
[[ 143  189]
 [ 630 1896]]
Epoch 1/50 | train loss: 0.6799 | validation loss: 0.7122 | validation accuracy: 0.8758 | validation AP: 0.1879
Epoch 2/50 | train loss: 0.6517 | validation loss: 0.6925 | validation accuracy: 0.7579 | validation AP: 0.186
Epoch 3/50 | train loss: 0.6296 | validation loss: 0.7049 | validation accuracy: 0.7383 | validation AP: 0.1663
Epoch 4/50 | train loss: 0.6206 | validation loss: 0.7214 | validation accuracy: 0.7568 | validation AP: 0.1664
Epoch 5/50 | train loss: 0.6169 | validation loss: 0.702 | validation accuracy: 0.7071 | validation AP: 0.1668
Stopping at epoch 5: validation AP has not improved for 4 epochs.
Best epoch: 1 | validation AP: 0.1879 | epochs run: 5

Validation classification report:
              precision    recall  f1-score   support

  disengaged     0.2982    0.0512    0.0874       332
     engaged     0.8875    0.9842    0.9334      2526

    accuracy                         0.8758      2858
   macro avg     0.5929    0.5177    0.5104      2858
weighted avg     0.8191    0.8758    0.8351      2858

Confusion matrix (rows: actual, columns: predicted):
[[  17  315]
 [  40 2486]]
Epoch 1/50 | train loss: 0.6293 | validation loss: 0.6606 | validation accuracy: 0.839 | validation AP: 0.1777
Epoch 2/50 | train loss: 0.6123 | validation loss: 0.6655 | validation accuracy: 0.7869 | validation AP: 0.1736
Epoch 3/50 | train loss: 0.6051 | validation loss: 0.7205 | validation accuracy: 0.8334 | validation AP: 0.1638
Epoch 4/50 | train loss: 0.6033 | validation loss: 0.6877 | validation accuracy: 0.8027 | validation AP: 0.1644
Epoch 5/50 | train loss: 0.585 | validation loss: 0.7255 | validation accuracy: 0.8142 | validation AP: 0.183
Epoch 6/50 | train loss: 0.5786 | validation loss: 0.6736 | validation accuracy: 0.8114 | validation AP: 0.1601
Epoch 7/50 | train loss: 0.5634 | validation loss: 0.726 | validation accuracy: 0.7586 | validation AP: 0.1471
Epoch 8/50 | train loss: 0.5611 | validation loss: 0.7216 | validation accuracy: 0.8275 | validation AP: 0.1586
Epoch 9/50 | train loss: 0.5562 | validation loss: 0.7138 | validation accuracy: 0.74 | validation AP: 0.1523
Stopping at epoch 9: validation AP has not improved for 4 epochs.
Best epoch: 5 | validation AP: 0.183 | epochs run: 9

Validation classification report:
              precision    recall  f1-score   support

  disengaged     0.1861    0.1777    0.1818       332
     engaged     0.8926    0.8979    0.8952      2526

    accuracy                         0.8142      2858
   macro avg     0.5393    0.5378    0.5385      2858
weighted avg     0.8105    0.8142    0.8123      2858

Confusion matrix (rows: actual, columns: predicted):
[[  59  273]
 [ 258 2268]]
Epoch 1/50 | train loss: 0.626 | validation loss: 0.688 | validation accuracy: 0.83 | validation AP: 0.1975
Epoch 2/50 | train loss: 0.6043 | validation loss: 0.7153 | validation accuracy: 0.831 | validation AP: 0.1474
Epoch 3/50 | train loss: 0.5898 | validation loss: 0.7049 | validation accuracy: 0.8523 | validation AP: 0.1629
Epoch 4/50 | train loss: 0.5799 | validation loss: 0.6905 | validation accuracy: 0.7446 | validation AP: 0.1639
Epoch 5/50 | train loss: 0.5634 | validation loss: 0.7191 | validation accuracy: 0.7663 | validation AP: 0.1577[I 2026-10-09 02:44:01,299] Trial 3 finished with value: 0.20125597473657011 and parameters: {'hidden_size': 40, 'num_layers': 1, 'dropout': 0.0, 'learning_rate': 0.006586289317583112, 'batch_size': 16}. Best is trial 0 with value: 0.21437613146240073.
[I 2026-10-09 02:44:24,680] Trial 4 finished with value: 0.2222799912682262 and parameters: {'hidden_size': 70, 'num_layers': 1, 'dropout': 0.0, 'learning_rate': 0.0069782812651260325, 'batch_size': 64}. Best is trial 4 with value: 0.2222799912682262.

Stopping at epoch 5: validation AP has not improved for 4 epochs.
Best epoch: 1 | validation AP: 0.1975 | epochs run: 5

Validation classification report:
              precision    recall  f1-score   support

  disengaged     0.2326    0.2018    0.2161       332
     engaged     0.8969    0.9125    0.9046      2526

    accuracy                         0.8300      2858
   macro avg     0.5648    0.5572    0.5604      2858
weighted avg     0.8197    0.8300    0.8247      2858

Confusion matrix (rows: actual, columns: predicted):
[[  67  265]
 [ 221 2305]]
Epoch 1/50 | train loss: 0.6227 | validation loss: 0.72 | validation accuracy: 0.852 | validation AP: 0.1571
Epoch 2/50 | train loss: 0.6124 | validation loss: 0.7131 | validation accuracy: 0.8558 | validation AP: 0.1765
Epoch 3/50 | train loss: 0.6033 | validation loss: 0.6794 | validation accuracy: 0.7887 | validation AP: 0.1567
Epoch 4/50 | train loss: 0.5931 | validation loss: 0.6991 | validation accuracy: 0.7817 | validation AP: 0.1375
Epoch 5/50 | train loss: 0.5889 | validation loss: 0.7096 | validation accuracy: 0.8013 | validation AP: 0.1462
Epoch 6/50 | train loss: 0.5855 | validation loss: 0.7369 | validation accuracy: 0.7985 | validation AP: 0.1376
Stopping at epoch 6: validation AP has not improved for 4 epochs.
Best epoch: 2 | validation AP: 0.1765 | epochs run: 6

Validation classification report:
              precision    recall  f1-score   support

  disengaged     0.2778    0.1506    0.1953       332
     engaged     0.8947    0.9485    0.9208      2526

    accuracy                         0.8558      2858
   macro avg     0.5862    0.5496    0.5581      2858
weighted avg     0.8230    0.8558    0.8366      2858

Confusion matrix (rows: actual, columns: predicted):
[[  50  282]
 [ 130 2396]]
Epoch 1/50 | train loss: 0.6739 | validation loss: 0.6837 | validation accuracy: 0.718 | validation AP: 0.1792
Epoch 2/50 | train loss: 0.6527 | validation loss: 0.6871 | validation accuracy: 0.6942 | validation AP: 0.1735
Epoch 3/50 | train loss: 0.6394 | validation loss: 0.7458 | validation accuracy: 0.7215 | validation AP: 0.1632
Epoch 4/50 | train loss: 0.638 | validation loss: 0.7268 | validation accuracy: 0.7477 | validation AP: 0.177
Epoch 5/50 | train loss: 0.6395 | validation loss: 0.7105 | validation accuracy: 0.7509 | validation AP: 0.2078
Epoch 6/50 | train loss: 0.6244 | validation loss: 0.686 | validation accuracy: 0.661 | validation AP: 0.1941
Epoch 7/50 | train loss: 0.6142 | validation loss: 0.7667 | validation accuracy: 0.6672 | validation AP: 0.1707
Epoch 8/50 | train loss: 0.6022 | validation loss: 0.7189 | validation accuracy: 0.6833 | validation AP: 0.1763
Epoch 9/50 | train loss: 0.6038 | validation loss: 0.7699 | validation accuracy: 0.7008 | validation AP: 0.1646
Stopping at epoch 9: validation AP has not improved for 4 epochs.
Best epoch: 5 | validation AP: 0.2078 | epochs run: 9

Validation classification report:
              precision    recall  f1-score   support

  disengaged     0.2130    0.4247    0.2837       332
     engaged     0.9130    0.7937    0.8492      2526

    accuracy                         0.7509      2858
   macro avg     0.5630    0.6092    0.5665      2858
weighted avg     0.8317    0.7509    0.7835      2858

Confusion matrix (rows: actual, columns: predicted):
[[ 141  191]
 [ 521 2005]]
Epoch 1/50 | train loss: 0.6625 | validation loss: 0.6859 | validation accuracy: 0.7141 | validation AP: 0.2169
Epoch 2/50 | train loss: 0.6416 | validation loss: 0.6921 | validation accuracy: 0.6861 | validation AP: 0.1809
Epoch 3/50 | train loss: 0.6342 | validation loss: 0.7583 | validation accuracy: 0.7659 | validation AP: 0.1876
Epoch 4/50 | train loss: 0.6259 | validation loss: 0.6717 | validation accuracy: 0.5843 | validation AP: 0.2114
Epoch 5/50 | train loss: 0.624 | validation loss: 0.7324 | validation accuracy: 0.661 | validation AP: 0.1648
Stopping at epoch 5: validation AP has not improved for 4 epochs.
Best epoch: 1 | validation AP: 0.2169 | epochs run: 5

Validation classification report:
              precision    recall  f1-score   support

  disengaged     0.2017    0.4940    0.2865       332
     engaged     0.9178    0.7431    0.8213      2526

    accuracy                         0.7141      2858
   macro avg     0.5598    0.6185    0.5539      2858
weighted avg     0.8347    0.7141    0.7591      2858

Confusion matrix (rows: actual, columns: predicted):
[[ 164  168]
 [ 649 1877]]
Epoch 1/50 | train loss: 0.6754 | validation loss: 0.7498 | validation accuracy: 0.7817 | validation AP: 0.1775
Epoch 2/50 | train loss: 0.6513 | validation loss: 0.7156 | validation accuracy: 0.6735 | validation AP: 0.1556
Epoch 3/50 | train loss: 0.6416 | validation loss: 0.6795 | validation accuracy: 0.6235 | validation AP: 0.1662
Epoch 4/50 | train loss: 0.6294 | validation loss: 0.7047 | validation accuracy: 0.7159 | validation AP: 0.163
Epoch 5/50 | train loss: 0.6165 | validation loss: 0.7071 | validation accuracy: 0.5997 | validation AP: 0.1415
Stopping at epoch 5: validation AP has not improved for 4 epochs.
Best epoch: 1 | validation AP: 0.1775 | epochs run: 5

Validation classification report:
              precision    recall  f1-score   support

  disengaged     0.2033    0.3012    0.2427       332
     engaged     0.9019    0.8448    0.8724      2526

    accuracy                         0.7817      2858
   macro avg     0.5526    0.5730    0.5576      2858
weighted avg     0.8208    0.7817    0.7993      2858

Confusion matrix (rows: actual, columns: predicted):
[[ 100  232]
 [ 392 2134]]
Epoch 1/50 | train loss: 0.6253 | validation loss: 0.6478 | validation accuracy: 0.7943 | validation AP: 0.2073
Epoch 2/50 | train loss: 0.6021 | validation loss: 0.6729 | validation accuracy: 0.8244 | validation AP: 0.2018
Epoch 3/50 | train loss: 0.5997 | validation loss: 0.7039 | validation accuracy: 0.8058 | validation AP: 0.1649
Epoch 4/50 | train loss: 0.5985 | validation loss: 0.6647 | validation accuracy: 0.7544 | validation AP: 0.1668
Epoch 5/50 | train loss: 0.5806 | validation loss: 0.6765 | validation accuracy: 0.8114 | validation AP: 0.1971
Stopping at epoch 5: validation AP has not improved for 4 epochs.
Best epoch: 1 | validation AP: 0.2073 | epochs run: 5

Validation classification report:
              precision    recall  f1-score   support

  disengaged     0.2265    0.3193    0.2650       332
     engaged     0.9054    0.8567    0.8804      2526

    accuracy                         0.7943      2858
   macro avg     0.5660    0.5880    0.5727      2858
weighted avg     0.8266    0.7943    0.8089      2858

Confusion matrix (rows: actual, columns: predicted):
[[ 106  226]
 [ 362 2164]]
Epoch 1/50 | train loss: 0.6213 | validation loss: 0.7034 | validation accuracy: 0.8016 | validation AP: 0.1897
Epoch 2/50 | train loss: 0.6025 | validation loss: 0.7083 | validation accuracy: 0.8415 | validation AP: 0.1724
Epoch 3/50 | train loss: 0.5952 | validation loss: 0.6699 | validation accuracy: 0.8583 | validation AP: 0.2075
Epoch 4/50 | train loss: 0.5948 | validation loss: 0.6648 | validation accuracy: 0.7369 | validation AP: 0.1841
Epoch 5/50 | train loss: 0.5817 | validation loss: 0.6974 | validation accuracy: 0.7365 | validation AP: 0.1416
Epoch 6/50 | train loss: 0.5772 | validation loss: 0.7022 | validation accuracy: 0.8149 | validation AP: 0.186
Epoch 7/50 | train loss: 0.5753 | validation loss: 0.6713 | validation accuracy: 0.809 | validation AP: 0.1883
Stopping at epoch 7: validation AP has not improved for 4 epochs.
Best epoch: 3 | validation AP: 0.2075 | epochs run: 7

Validation classification report:
              precision    recall  f1-score   support

  disengaged     0.2550    0.1145    0.1580       332
     engaged     0.8915    0.9561    0.9226      2526

    accuracy                         0.8583      2858
   macro avg     0.5733    0.5353    0.5403      2858
weighted avg     0.8175    0.8583    0.8338      2858

Confusion matrix (rows: actual, columns: predicted):
[[  38  294]
 [ 111 2415]]
Epoch 1/50 | train loss: 0.6208 | validation loss: 0.7308 | validation accuracy: 0.8513 | validation AP: 0.1749
Epoch 2/50 | train loss: 0.6113 | validation loss: 0.7002 | validation accuracy: 0.8051 | validation AP: 0.1467[I 2026-10-09 02:45:41,927] Trial 5 finished with value: 0.20884415759116645 and parameters: {'hidden_size': 48, 'num_layers': 1, 'dropout': 0.0, 'learning_rate': 0.0040215545266902904, 'batch_size': 16}. Best is trial 4 with value: 0.2222799912682262.
[I 2026-10-09 02:57:34,441] Trial 6 finished with value: 0.1805252557822079 and parameters: {'hidden_size': 20, 'num_layers': 3, 'dropout': 0.1, 'learning_rate': 0.0001705053926026929, 'batch_size': 8}. Best is trial 4 with value: 0.2222799912682262.

Epoch 3/50 | train loss: 0.6018 | validation loss: 0.6642 | validation accuracy: 0.7946 | validation AP: 0.1579
Epoch 4/50 | train loss: 0.5843 | validation loss: 0.689 | validation accuracy: 0.7901 | validation AP: 0.1466
Epoch 5/50 | train loss: 0.5801 | validation loss: 0.686 | validation accuracy: 0.7614 | validation AP: 0.1615
Stopping at epoch 5: validation AP has not improved for 4 epochs.
Best epoch: 1 | validation AP: 0.1749 | epochs run: 5

Validation classification report:
              precision    recall  f1-score   support

  disengaged     0.2147    0.1054    0.1414       332
     engaged     0.8898    0.9493    0.9186      2526

    accuracy                         0.8513      2858
   macro avg     0.5523    0.5274    0.5300      2858
weighted avg     0.8114    0.8513    0.8283      2858

Confusion matrix (rows: actual, columns: predicted):
[[  35  297]
 [ 128 2398]]
Epoch 1/50 | train loss: 0.5644 | validation loss: 0.6193 | validation accuracy: 0.8838 | validation AP: 0.1225
Epoch 2/50 | train loss: 0.5305 | validation loss: 0.6284 | validation accuracy: 0.8838 | validation AP: 0.135
Epoch 3/50 | train loss: 0.5146 | validation loss: 0.6431 | validation accuracy: 0.8667 | validation AP: 0.1417
Epoch 4/50 | train loss: 0.5168 | validation loss: 0.62 | validation accuracy: 0.8495 | validation AP: 0.1568
Epoch 5/50 | train loss: 0.5069 | validation loss: 0.6234 | validation accuracy: 0.8324 | validation AP: 0.1563
Epoch 6/50 | train loss: 0.4996 | validation loss: 0.6142 | validation accuracy: 0.8355 | validation AP: 0.1549
Epoch 7/50 | train loss: 0.4944 | validation loss: 0.64 | validation accuracy: 0.8191 | validation AP: 0.1479
Epoch 8/50 | train loss: 0.4842 | validation loss: 0.6392 | validation accuracy: 0.8321 | validation AP: 0.156
Stopping at epoch 8: validation AP has not improved for 4 epochs.
Best epoch: 4 | validation AP: 0.1568 | epochs run: 8

Validation classification report:
              precision    recall  f1-score   support

  disengaged     0.1172    0.0452    0.0652       332
     engaged     0.8839    0.9553    0.9182      2526

    accuracy                         0.8495      2858
   macro avg     0.5005    0.5002    0.4917      2858
weighted avg     0.7948    0.8495    0.8191      2858

Confusion matrix (rows: actual, columns: predicted):
[[  15  317]
 [ 113 2413]]
Epoch 1/50 | train loss: 0.5613 | validation loss: 0.6209 | validation accuracy: 0.8838 | validation AP: 0.1514
Epoch 2/50 | train loss: 0.5303 | validation loss: 0.6082 | validation accuracy: 0.8716 | validation AP: 0.1549
Epoch 3/50 | train loss: 0.5166 | validation loss: 0.6071 | validation accuracy: 0.8611 | validation AP: 0.1683
Epoch 4/50 | train loss: 0.5127 | validation loss: 0.6031 | validation accuracy: 0.7978 | validation AP: 0.1598
Epoch 5/50 | train loss: 0.5055 | validation loss: 0.6167 | validation accuracy: 0.8128 | validation AP: 0.155
Epoch 6/50 | train loss: 0.4953 | validation loss: 0.6338 | validation accuracy: 0.8219 | validation AP: 0.1622
Epoch 7/50 | train loss: 0.4986 | validation loss: 0.6278 | validation accuracy: 0.8251 | validation AP: 0.1633
Stopping at epoch 7: validation AP has not improved for 4 epochs.
Best epoch: 3 | validation AP: 0.1683 | epochs run: 7

Validation classification report:
              precision    recall  f1-score   support

  disengaged     0.1505    0.0422    0.0659       332
     engaged     0.8850    0.9687    0.9250      2526

    accuracy                         0.8611      2858
   macro avg     0.5178    0.5054    0.4954      2858
weighted avg     0.7997    0.8611    0.8252      2858

Confusion matrix (rows: actual, columns: predicted):
[[  14  318]
 [  79 2447]]
Epoch 1/50 | train loss: 0.56 | validation loss: 0.6329 | validation accuracy: 0.8838 | validation AP: 0.1419
Epoch 2/50 | train loss: 0.5312 | validation loss: 0.6222 | validation accuracy: 0.8838 | validation AP: 0.1455
Epoch 3/50 | train loss: 0.5232 | validation loss: 0.6065 | validation accuracy: 0.8712 | validation AP: 0.1472
Epoch 4/50 | train loss: 0.5086 | validation loss: 0.6328 | validation accuracy: 0.8446 | validation AP: 0.1544
Epoch 5/50 | train loss: 0.5058 | validation loss: 0.6092 | validation accuracy: 0.8307 | validation AP: 0.1599
Epoch 6/50 | train loss: 0.5102 | validation loss: 0.6064 | validation accuracy: 0.8464 | validation AP: 0.1775
Epoch 7/50 | train loss: 0.5017 | validation loss: 0.6149 | validation accuracy: 0.8457 | validation AP: 0.1751
Epoch 8/50 | train loss: 0.4988 | validation loss: 0.605 | validation accuracy: 0.846 | validation AP: 0.1808
Epoch 9/50 | train loss: 0.4971 | validation loss: 0.6031 | validation accuracy: 0.8534 | validation AP: 0.1862
Epoch 10/50 | train loss: 0.4864 | validation loss: 0.6248 | validation accuracy: 0.8376 | validation AP: 0.1826
Epoch 11/50 | train loss: 0.4823 | validation loss: 0.6339 | validation accuracy: 0.8663 | validation AP: 0.1886
Epoch 12/50 | train loss: 0.4849 | validation loss: 0.608 | validation accuracy: 0.8411 | validation AP: 0.1859
Epoch 13/50 | train loss: 0.4813 | validation loss: 0.629 | validation accuracy: 0.8555 | validation AP: 0.1863
Epoch 14/50 | train loss: 0.4706 | validation loss: 0.613 | validation accuracy: 0.8436 | validation AP: 0.1868
Epoch 15/50 | train loss: 0.4829 | validation loss: 0.6466 | validation accuracy: 0.8639 | validation AP: 0.1859
Stopping at epoch 15: validation AP has not improved for 4 epochs.
Best epoch: 11 | validation AP: 0.1886 | epochs run: 15

Validation classification report:
              precision    recall  f1-score   support

  disengaged     0.2881    0.1024    0.1511       332
     engaged     0.8912    0.9667    0.9275      2526

    accuracy                         0.8663      2858
   macro avg     0.5897    0.5346    0.5393      2858
weighted avg     0.8212    0.8663    0.8373      2858

Confusion matrix (rows: actual, columns: predicted):
[[  34  298]
 [  84 2442]]
Epoch 1/50 | train loss: 0.6568 | validation loss: 0.66 | validation accuracy: 0.7019 | validation AP: 0.1908
Epoch 2/50 | train loss: 0.6332 | validation loss: 0.7044 | validation accuracy: 0.7533 | validation AP: 0.1648
Epoch 3/50 | train loss: 0.6245 | validation loss: 0.749 | validation accuracy: 0.7274 | validation AP: 0.1548
Epoch 4/50 | train loss: 0.6218 | validation loss: 0.7435 | validation accuracy: 0.7691 | validation AP: 0.1782
Epoch 5/50 | train loss: 0.6036 | validation loss: 0.7527 | validation accuracy: 0.7551 | validation AP: 0.1598
Stopping at epoch 5: validation AP has not improved for 4 epochs.
Best epoch: 1 | validation AP: 0.1908 | epochs run: 5

Validation classification report:
              precision    recall  f1-score   support

  disengaged     0.1941    0.4970    0.2792       332
     engaged     0.9168    0.7288    0.8121      2526

    accuracy                         0.7019      2858
   macro avg     0.5555    0.6129    0.5456      2858
weighted avg     0.8329    0.7019    0.7502      2858

Confusion matrix (rows: actual, columns: predicted):
[[ 165  167]
 [ 685 1841]]
Epoch 1/50 | train loss: 0.6505 | validation loss: 0.7522 | validation accuracy: 0.8139 | validation AP: 0.1993
Epoch 2/50 | train loss: 0.6301 | validation loss: 0.7085 | validation accuracy: 0.767 | validation AP: 0.196
Epoch 3/50 | train loss: 0.6192 | validation loss: 0.7094 | validation accuracy: 0.7491 | validation AP: 0.1755
Epoch 4/50 | train loss: 0.6064 | validation loss: 0.7115 | validation accuracy: 0.6585 | validation AP: 0.1765
Epoch 5/50 | train loss: 0.6028 | validation loss: 0.7409 | validation accuracy: 0.7407 | validation AP: 0.16
Stopping at epoch 5: validation AP has not improved for 4 epochs.
Best epoch: 1 | validation AP: 0.1993 | epochs run: 5

Validation classification report:
              precision    recall  f1-score   support

  disengaged     0.2525    0.3072    0.2772       332
     engaged     0.9063    0.8804    0.8932      2526

    accuracy                         0.8139      2858
   macro avg     0.5794    0.5938    0.5852      2858
weighted avg     0.8303    0.8139    0.8216      2858

Confusion matrix (rows: actual, columns: predicted):
[[ 102  230]
 [ 302 2224]]
Epoch 1/50 | train loss: 0.6584 | validation loss: 0.7205 | validation accuracy: 0.788 | validation AP: 0.1754[I 2026-10-09 02:58:37,091] Trial 7 finished with value: 0.2048602539015778 and parameters: {'hidden_size': 40, 'num_layers': 1, 'dropout': 0.1, 'learning_rate': 0.0026698666742744613, 'batch_size': 32}. Best is trial 4 with value: 0.2222799912682262.
[I 2026-10-09 03:12:41,668] Trial 8 finished with value: 0.2290049934232923 and parameters: {'hidden_size': 66, 'num_layers': 2, 'dropout': 0.25, 'learning_rate': 0.0010402587615883842, 'batch_size': 8}. Best is trial 8 with value: 0.2290049934232923.

Epoch 2/50 | train loss: 0.6342 | validation loss: 0.741 | validation accuracy: 0.705 | validation AP: 0.1502
Epoch 3/50 | train loss: 0.6231 | validation loss: 0.7094 | validation accuracy: 0.7218 | validation AP: 0.1571
Epoch 4/50 | train loss: 0.6112 | validation loss: 0.7152 | validation accuracy: 0.7386 | validation AP: 0.1692
Epoch 5/50 | train loss: 0.5989 | validation loss: 0.707 | validation accuracy: 0.7043 | validation AP: 0.151
Stopping at epoch 5: validation AP has not improved for 4 epochs.
Best epoch: 1 | validation AP: 0.1754 | epochs run: 5

Validation classification report:
              precision    recall  f1-score   support

  disengaged     0.2022    0.2801    0.2348       332
     engaged     0.9003    0.8547    0.8769      2526

    accuracy                         0.7880      2858
   macro avg     0.5513    0.5674    0.5559      2858
weighted avg     0.8192    0.7880    0.8023      2858

Confusion matrix (rows: actual, columns: predicted):
[[  93  239]
 [ 367 2159]]
Epoch 1/50 | train loss: 0.5478 | validation loss: 0.6031 | validation accuracy: 0.8712 | validation AP: 0.1776
Epoch 2/50 | train loss: 0.5282 | validation loss: 0.6168 | validation accuracy: 0.8446 | validation AP: 0.1819
Epoch 3/50 | train loss: 0.5192 | validation loss: 0.6342 | validation accuracy: 0.8572 | validation AP: 0.1614
Epoch 4/50 | train loss: 0.5234 | validation loss: 0.6205 | validation accuracy: 0.8328 | validation AP: 0.1661
Epoch 5/50 | train loss: 0.5074 | validation loss: 0.6158 | validation accuracy: 0.8139 | validation AP: 0.2034
Epoch 6/50 | train loss: 0.4994 | validation loss: 0.6044 | validation accuracy: 0.8422 | validation AP: 0.1656
Epoch 7/50 | train loss: 0.4888 | validation loss: 0.6287 | validation accuracy: 0.781 | validation AP: 0.1555
Epoch 8/50 | train loss: 0.4788 | validation loss: 0.6605 | validation accuracy: 0.8334 | validation AP: 0.1593
Epoch 9/50 | train loss: 0.4859 | validation loss: 0.6174 | validation accuracy: 0.8121 | validation AP: 0.1611
Stopping at epoch 9: validation AP has not improved for 4 epochs.
Best epoch: 5 | validation AP: 0.2034 | epochs run: 9

Validation classification report:
              precision    recall  f1-score   support

  disengaged     0.2159    0.2289    0.2222       332
     engaged     0.8978    0.8907    0.8943      2526

    accuracy                         0.8139      2858
   macro avg     0.5569    0.5598    0.5582      2858
weighted avg     0.8186    0.8139    0.8162      2858

Confusion matrix (rows: actual, columns: predicted):
[[  76  256]
 [ 276 2250]]
Epoch 1/50 | train loss: 0.5431 | validation loss: 0.618 | validation accuracy: 0.8513 | validation AP: 0.2209
Epoch 2/50 | train loss: 0.5299 | validation loss: 0.6195 | validation accuracy: 0.8565 | validation AP: 0.1874
Epoch 3/50 | train loss: 0.5176 | validation loss: 0.6009 | validation accuracy: 0.8688 | validation AP: 0.1941
Epoch 4/50 | train loss: 0.5141 | validation loss: 0.6168 | validation accuracy: 0.8114 | validation AP: 0.1614
Epoch 5/50 | train loss: 0.5113 | validation loss: 0.6386 | validation accuracy: 0.8251 | validation AP: 0.1456
Stopping at epoch 5: validation AP has not improved for 4 epochs.
Best epoch: 1 | validation AP: 0.2209 | epochs run: 5

Validation classification report:
              precision    recall  f1-score   support

  disengaged     0.2687    0.1627    0.2026       332
     engaged     0.8954    0.9418    0.9180      2526

    accuracy                         0.8513      2858
   macro avg     0.5820    0.5522    0.5603      2858
weighted avg     0.8226    0.8513    0.8349      2858

Confusion matrix (rows: actual, columns: predicted):
[[  54  278]
 [ 147 2379]]
Epoch 1/50 | train loss: 0.5367 | validation loss: 0.6582 | validation accuracy: 0.8653 | validation AP: 0.1574
Epoch 2/50 | train loss: 0.5298 | validation loss: 0.6441 | validation accuracy: 0.866 | validation AP: 0.1531
Epoch 3/50 | train loss: 0.5267 | validation loss: 0.6086 | validation accuracy: 0.8758 | validation AP: 0.1721
Epoch 4/50 | train loss: 0.5204 | validation loss: 0.6296 | validation accuracy: 0.866 | validation AP: 0.1797
Epoch 5/50 | train loss: 0.5116 | validation loss: 0.6087 | validation accuracy: 0.8366 | validation AP: 0.1584
Epoch 6/50 | train loss: 0.5215 | validation loss: 0.6171 | validation accuracy: 0.8604 | validation AP: 0.1748
Epoch 7/50 | train loss: 0.5112 | validation loss: 0.6241 | validation accuracy: 0.8453 | validation AP: 0.1645
Epoch 8/50 | train loss: 0.5033 | validation loss: 0.6109 | validation accuracy: 0.8726 | validation AP: 0.1852
Epoch 9/50 | train loss: 0.5004 | validation loss: 0.6082 | validation accuracy: 0.8705 | validation AP: 0.1651
Epoch 10/50 | train loss: 0.494 | validation loss: 0.6253 | validation accuracy: 0.845 | validation AP: 0.2063
Epoch 11/50 | train loss: 0.4883 | validation loss: 0.6555 | validation accuracy: 0.8576 | validation AP: 0.1786
Epoch 12/50 | train loss: 0.4884 | validation loss: 0.6146 | validation accuracy: 0.8583 | validation AP: 0.177
Epoch 13/50 | train loss: 0.479 | validation loss: 0.675 | validation accuracy: 0.8286 | validation AP: 0.1614
Epoch 14/50 | train loss: 0.4727 | validation loss: 0.6195 | validation accuracy: 0.8254 | validation AP: 0.172
Stopping at epoch 14: validation AP has not improved for 4 epochs.
Best epoch: 10 | validation AP: 0.2063 | epochs run: 14

Validation classification report:
              precision    recall  f1-score   support

  disengaged     0.2840    0.2199    0.2479       332
     engaged     0.9004    0.9272    0.9136      2526

    accuracy                         0.8450      2858
   macro avg     0.5922    0.5735    0.5807      2858
weighted avg     0.8288    0.8450    0.8363      2858

Confusion matrix (rows: actual, columns: predicted):
[[  73  259]
 [ 184 2342]]
Epoch 1/50 | train loss: 0.6597 | validation loss: 0.6609 | validation accuracy: 0.7453 | validation AP: 0.2023
Epoch 2/50 | train loss: 0.6375 | validation loss: 0.6995 | validation accuracy: 0.7491 | validation AP: 0.1792
Epoch 3/50 | train loss: 0.6323 | validation loss: 0.7429 | validation accuracy: 0.76 | validation AP: 0.1685
Epoch 4/50 | train loss: 0.6286 | validation loss: 0.7067 | validation accuracy: 0.6886 | validation AP: 0.1862
Epoch 5/50 | train loss: 0.6139 | validation loss: 0.7604 | validation accuracy: 0.7579 | validation AP: 0.1748
Stopping at epoch 5: validation AP has not improved for 4 epochs.
Best epoch: 1 | validation AP: 0.2023 | epochs run: 5

Validation classification report:
              precision    recall  f1-score   support

  disengaged     0.2122    0.4398    0.2863       332
     engaged     0.9143    0.7854    0.8450      2526

    accuracy                         0.7453      2858
   macro avg     0.5632    0.6126    0.5656      2858
weighted avg     0.8327    0.7453    0.7801      2858

Confusion matrix (rows: actual, columns: predicted):
[[ 146  186]
 [ 542 1984]]
Epoch 1/50 | train loss: 0.6512 | validation loss: 0.7275 | validation accuracy: 0.7677 | validation AP: 0.1937
Epoch 2/50 | train loss: 0.6375 | validation loss: 0.7398 | validation accuracy: 0.7834 | validation AP: 0.1541
Epoch 3/50 | train loss: 0.6217 | validation loss: 0.7363 | validation accuracy: 0.7796 | validation AP: 0.1632
Epoch 4/50 | train loss: 0.6095 | validation loss: 0.734 | validation accuracy: 0.6704 | validation AP: 0.1577
Epoch 5/50 | train loss: 0.5975 | validation loss: 0.7506 | validation accuracy: 0.7316 | validation AP: 0.1476
Stopping at epoch 5: validation AP has not improved for 4 epochs.
Best epoch: 1 | validation AP: 0.1937 | epochs run: 5

Validation classification report:
              precision    recall  f1-score   support

  disengaged     0.2004    0.3343    0.2506       332
     engaged     0.9041    0.8246    0.8625      2526

    accuracy                         0.7677      2858
   macro avg     0.5522    0.5795    0.5565      2858
weighted avg     0.8223    0.7677    0.7914      2858

Confusion matrix (rows: actual, columns: predicted):
[[ 111  221]
 [ 443 2083]]
Epoch 1/50 | train loss: 0.6631 | validation loss: 0.7111 | validation accuracy: 0.7915 | validation AP: 0.1744
Epoch 2/50 | train loss: 0.6436 | validation loss: 0.7063 | validation accuracy: 0.7687 | validation AP: 0.1824[I 2026-10-09 03:13:44,557] Trial 9 finished with value: 0.20773182624273742 and parameters: {'hidden_size': 33, 'num_layers': 1, 'dropout': 0.1, 'learning_rate': 0.005532496914298506, 'batch_size': 32}. Best is trial 8 with value: 0.2290049934232923.
[I 2026-10-09 03:21:55,400] Trial 10 finished with value: 0.1847786584897663 and parameters: {'hidden_size': 20, 'num_layers': 3, 'dropout': 0.25, 'learning_rate': 0.0011108639120394781, 'batch_size': 8}. Best is trial 8 with value: 0.2290049934232923.

Epoch 3/50 | train loss: 0.6337 | validation loss: 0.6884 | validation accuracy: 0.6935 | validation AP: 0.1565
Epoch 4/50 | train loss: 0.6219 | validation loss: 0.7073 | validation accuracy: 0.7785 | validation AP: 0.1597
Epoch 5/50 | train loss: 0.6125 | validation loss: 0.7115 | validation accuracy: 0.6707 | validation AP: 0.145
Epoch 6/50 | train loss: 0.5964 | validation loss: 0.7655 | validation accuracy: 0.7376 | validation AP: 0.1531
Stopping at epoch 6: validation AP has not improved for 4 epochs.
Best epoch: 2 | validation AP: 0.1824 | epochs run: 6

Validation classification report:
              precision    recall  f1-score   support

  disengaged     0.2068    0.3494    0.2598       332
     engaged     0.9060    0.8238    0.8629      2526

    accuracy                         0.7687      2858
   macro avg     0.5564    0.5866    0.5614      2858
weighted avg     0.8247    0.7687    0.7929      2858

Confusion matrix (rows: actual, columns: predicted):
[[ 116  216]
 [ 445 2081]]
Epoch 1/50 | train loss: 0.5534 | validation loss: 0.6113 | validation accuracy: 0.8593 | validation AP: 0.1568
Epoch 2/50 | train loss: 0.529 | validation loss: 0.6215 | validation accuracy: 0.8397 | validation AP: 0.1645
Epoch 3/50 | train loss: 0.5164 | validation loss: 0.6444 | validation accuracy: 0.8324 | validation AP: 0.1619
Epoch 4/50 | train loss: 0.5195 | validation loss: 0.6267 | validation accuracy: 0.8279 | validation AP: 0.1675
Epoch 5/50 | train loss: 0.5084 | validation loss: 0.6455 | validation accuracy: 0.8079 | validation AP: 0.165
Epoch 6/50 | train loss: 0.5002 | validation loss: 0.611 | validation accuracy: 0.8359 | validation AP: 0.1682
Epoch 7/50 | train loss: 0.4961 | validation loss: 0.6227 | validation accuracy: 0.8499 | validation AP: 0.1603
Epoch 8/50 | train loss: 0.4929 | validation loss: 0.6359 | validation accuracy: 0.8383 | validation AP: 0.161
Epoch 9/50 | train loss: 0.4883 | validation loss: 0.6334 | validation accuracy: 0.8314 | validation AP: 0.1521
Epoch 10/50 | train loss: 0.481 | validation loss: 0.6391 | validation accuracy: 0.8464 | validation AP: 0.1817
Epoch 11/50 | train loss: 0.4854 | validation loss: 0.637 | validation accuracy: 0.8293 | validation AP: 0.1606
Epoch 12/50 | train loss: 0.4803 | validation loss: 0.6516 | validation accuracy: 0.8646 | validation AP: 0.1859
Epoch 13/50 | train loss: 0.4786 | validation loss: 0.6346 | validation accuracy: 0.8307 | validation AP: 0.1771
Epoch 14/50 | train loss: 0.4864 | validation loss: 0.6833 | validation accuracy: 0.7708 | validation AP: 0.1389
Epoch 15/50 | train loss: 0.4831 | validation loss: 0.6314 | validation accuracy: 0.8408 | validation AP: 0.1555
Epoch 16/50 | train loss: 0.4713 | validation loss: 0.6576 | validation accuracy: 0.8541 | validation AP: 0.1464
Stopping at epoch 16: validation AP has not improved for 4 epochs.
Best epoch: 12 | validation AP: 0.1859 | epochs run: 16

Validation classification report:
              precision    recall  f1-score   support

  disengaged     0.2566    0.0873    0.1303       332
     engaged     0.8896    0.9667    0.9266      2526

    accuracy                         0.8646      2858
   macro avg     0.5731    0.5270    0.5285      2858
weighted avg     0.8161    0.8646    0.8341      2858

Confusion matrix (rows: actual, columns: predicted):
[[  29  303]
 [  84 2442]]
Epoch 1/50 | train loss: 0.5414 | validation loss: 0.6093 | validation accuracy: 0.8314 | validation AP: 0.1808
Epoch 2/50 | train loss: 0.5304 | validation loss: 0.6284 | validation accuracy: 0.83 | validation AP: 0.1674
Epoch 3/50 | train loss: 0.5194 | validation loss: 0.6068 | validation accuracy: 0.8191 | validation AP: 0.1616
Epoch 4/50 | train loss: 0.5108 | validation loss: 0.6385 | validation accuracy: 0.7684 | validation AP: 0.1494
Epoch 5/50 | train loss: 0.504 | validation loss: 0.6272 | validation accuracy: 0.8352 | validation AP: 0.1619
Stopping at epoch 5: validation AP has not improved for 4 epochs.
Best epoch: 1 | validation AP: 0.1808 | epochs run: 5

Validation classification report:
              precision    recall  f1-score   support

  disengaged     0.2642    0.2530    0.2585       332
     engaged     0.9024    0.9074    0.9049      2526

    accuracy                         0.8314      2858
   macro avg     0.5833    0.5802    0.5817      2858
weighted avg     0.8282    0.8314    0.8298      2858

Confusion matrix (rows: actual, columns: predicted):
[[  84  248]
 [ 234 2292]]
Epoch 1/50 | train loss: 0.5433 | validation loss: 0.6468 | validation accuracy: 0.8733 | validation AP: 0.1615
Epoch 2/50 | train loss: 0.5238 | validation loss: 0.6344 | validation accuracy: 0.867 | validation AP: 0.1679
Epoch 3/50 | train loss: 0.511 | validation loss: 0.6136 | validation accuracy: 0.8464 | validation AP: 0.1554
Epoch 4/50 | train loss: 0.5007 | validation loss: 0.6397 | validation accuracy: 0.8597 | validation AP: 0.1616
Epoch 5/50 | train loss: 0.5058 | validation loss: 0.6187 | validation accuracy: 0.8401 | validation AP: 0.1606
Epoch 6/50 | train loss: 0.5063 | validation loss: 0.6324 | validation accuracy: 0.8279 | validation AP: 0.1667
Stopping at epoch 6: validation AP has not improved for 4 epochs.
Best epoch: 2 | validation AP: 0.1679 | epochs run: 6

Validation classification report:
              precision    recall  f1-score   support

  disengaged     0.2447    0.0693    0.1080       332
     engaged     0.8882    0.9719    0.9282      2526

    accuracy                         0.8670      2858
   macro avg     0.5664    0.5206    0.5181      2858
weighted avg     0.8135    0.8670    0.8329      2858

Confusion matrix (rows: actual, columns: predicted):
[[  23  309]
 [  71 2455]]
Epoch 1/50 | train loss: 0.6716 | validation loss: 0.6828 | validation accuracy: 0.6697 | validation AP: 0.1663
Epoch 2/50 | train loss: 0.6471 | validation loss: 0.6735 | validation accuracy: 0.6865 | validation AP: 0.1848
Epoch 3/50 | train loss: 0.6312 | validation loss: 0.7225 | validation accuracy: 0.7096 | validation AP: 0.1768
Epoch 4/50 | train loss: 0.6288 | validation loss: 0.7322 | validation accuracy: 0.746 | validation AP: 0.1837
Epoch 5/50 | train loss: 0.6192 | validation loss: 0.7262 | validation accuracy: 0.7337 | validation AP: 0.1672
Epoch 6/50 | train loss: 0.6203 | validation loss: 0.6797 | validation accuracy: 0.6679 | validation AP: 0.1737
Stopping at epoch 6: validation AP has not improved for 4 epochs.
Best epoch: 2 | validation AP: 0.1848 | epochs run: 6

Validation classification report:
              precision    recall  f1-score   support

  disengaged     0.1795    0.4759    0.2607       332
     engaged     0.9120    0.7142    0.8011      2526

    accuracy                         0.6865      2858
   macro avg     0.5458    0.5950    0.5309      2858
weighted avg     0.8269    0.6865    0.7383      2858

Confusion matrix (rows: actual, columns: predicted):
[[ 158  174]
 [ 722 1804]]
Epoch 1/50 | train loss: 0.6654 | validation loss: 0.69 | validation accuracy: 0.7376 | validation AP: 0.1746
Epoch 2/50 | train loss: 0.6438 | validation loss: 0.7018 | validation accuracy: 0.6854 | validation AP: 0.1546
Epoch 3/50 | train loss: 0.6357 | validation loss: 0.7173 | validation accuracy: 0.753 | validation AP: 0.1813
Epoch 4/50 | train loss: 0.6235 | validation loss: 0.6738 | validation accuracy: 0.6386 | validation AP: 0.202
Epoch 5/50 | train loss: 0.6193 | validation loss: 0.7475 | validation accuracy: 0.7124 | validation AP: 0.1584
Epoch 6/50 | train loss: 0.6129 | validation loss: 0.7214 | validation accuracy: 0.6624 | validation AP: 0.1722
Epoch 7/50 | train loss: 0.6055 | validation loss: 0.7321 | validation accuracy: 0.7117 | validation AP: 0.1584
Epoch 8/50 | train loss: 0.603 | validation loss: 0.746 | validation accuracy: 0.7551 | validation AP: 0.19
Stopping at epoch 8: validation AP has not improved for 4 epochs.
Best epoch: 4 | validation AP: 0.202 | epochs run: 8

Validation classification report:
              precision    recall  f1-score   support

  disengaged     0.1665    0.5271    0.2531       332
     engaged     0.9131    0.6532    0.7616      2526

    accuracy                         0.6386      2858
   macro avg     0.5398    0.5902    0.5073      2858
weighted avg     0.8264    0.6386    0.7025      2858
[I 2026-10-09 03:22:19,847] Trial 11 finished with value: 0.20744923390798142 and parameters: {'hidden_size': 108, 'num_layers': 2, 'dropout': 0.0, 'learning_rate': 0.0006631644774809331, 'batch_size': 64}. Best is trial 8 with value: 0.2290049934232923.
[I 2026-10-09 03:24:57,510] Trial 12 finished with value: 0.21312287334955768 and parameters: {'hidden_size': 56, 'num_layers': 2, 'dropout': 0.25, 'learning_rate': 0.00340517237061221, 'batch_size': 8}. Best is trial 8 with value: 0.2290049934232923.

Confusion matrix (rows: actual, columns: predicted):
[[ 175  157]
 [ 876 1650]]
Epoch 1/50 | train loss: 0.6704 | validation loss: 0.6999 | validation accuracy: 0.7607 | validation AP: 0.1823
Epoch 2/50 | train loss: 0.6442 | validation loss: 0.6935 | validation accuracy: 0.747 | validation AP: 0.2056
Epoch 3/50 | train loss: 0.6379 | validation loss: 0.6891 | validation accuracy: 0.6973 | validation AP: 0.1717
Epoch 4/50 | train loss: 0.6247 | validation loss: 0.7083 | validation accuracy: 0.7432 | validation AP: 0.1826
Epoch 5/50 | train loss: 0.6183 | validation loss: 0.6893 | validation accuracy: 0.6417 | validation AP: 0.1499
Epoch 6/50 | train loss: 0.6115 | validation loss: 0.7007 | validation accuracy: 0.7117 | validation AP: 0.1946
Stopping at epoch 6: validation AP has not improved for 4 epochs.
Best epoch: 2 | validation AP: 0.2056 | epochs run: 6

Validation classification report:
              precision    recall  f1-score   support

  disengaged     0.1950    0.3765    0.2569       332
     engaged     0.9066    0.7957    0.8476      2526

    accuracy                         0.7470      2858
   macro avg     0.5508    0.5861    0.5523      2858
weighted avg     0.8240    0.7470    0.7790      2858

Confusion matrix (rows: actual, columns: predicted):
[[ 125  207]
 [ 516 2010]]
Epoch 1/50 | train loss: 0.5513 | validation loss: 0.61 | validation accuracy: 0.881 | validation AP: 0.196
Epoch 2/50 | train loss: 0.5447 | validation loss: 0.6479 | validation accuracy: 0.8621 | validation AP: 0.1789
Epoch 3/50 | train loss: 0.537 | validation loss: 0.6384 | validation accuracy: 0.8747 | validation AP: 0.1568
Epoch 4/50 | train loss: 0.5512 | validation loss: 0.6175 | validation accuracy: 0.8149 | validation AP: 0.1426
Epoch 5/50 | train loss: 0.5331 | validation loss: 0.5891 | validation accuracy: 0.8733 | validation AP: 0.2272
Epoch 6/50 | train loss: 0.5234 | validation loss: 0.6298 | validation accuracy: 0.8373 | validation AP: 0.1553
Epoch 7/50 | train loss: 0.5207 | validation loss: 0.6247 | validation accuracy: 0.859 | validation AP: 0.146
Epoch 8/50 | train loss: 0.5109 | validation loss: 0.696 | validation accuracy: 0.8824 | validation AP: 0.1813
Epoch 9/50 | train loss: 0.5224 | validation loss: 0.6654 | validation accuracy: 0.8562 | validation AP: 0.127
Stopping at epoch 9: validation AP has not improved for 4 epochs.
Best epoch: 5 | validation AP: 0.2272 | epochs run: 9

Validation classification report:
              precision    recall  f1-score   support

  disengaged     0.3558    0.1114    0.1697       332
     engaged     0.8929    0.9735    0.9314      2526

    accuracy                         0.8733      2858
   macro avg     0.6243    0.5425    0.5506      2858
weighted avg     0.8305    0.8733    0.8430      2858

Confusion matrix (rows: actual, columns: predicted):
[[  37  295]
 [  67 2459]]
Epoch 1/50 | train loss: 0.5521 | validation loss: 0.661 | validation accuracy: 0.881 | validation AP: 0.1879
Epoch 2/50 | train loss: 0.5481 | validation loss: 0.6186 | validation accuracy: 0.8614 | validation AP: 0.1711
Epoch 3/50 | train loss: 0.5407 | validation loss: 0.6198 | validation accuracy: 0.8635 | validation AP: 0.1495
Epoch 4/50 | train loss: 0.5348 | validation loss: 0.6148 | validation accuracy: 0.8163 | validation AP: 0.1745
Epoch 5/50 | train loss: 0.5347 | validation loss: 0.6303 | validation accuracy: 0.8488 | validation AP: 0.131
Stopping at epoch 5: validation AP has not improved for 4 epochs.
Best epoch: 1 | validation AP: 0.1879 | epochs run: 5

Validation classification report:
              precision    recall  f1-score   support

  disengaged     0.3667    0.0331    0.0608       332
     engaged     0.8865    0.9925    0.9365      2526

    accuracy                         0.8810      2858
   macro avg     0.6266    0.5128    0.4986      2858
weighted avg     0.8261    0.8810    0.8348      2858

Confusion matrix (rows: actual, columns: predicted):
[[  11  321]
 [  19 2507]]
Epoch 1/50 | train loss: 0.5531 | validation loss: 0.6422 | validation accuracy: 0.838 | validation AP: 0.1438
Epoch 2/50 | train loss: 0.5426 | validation loss: 0.6376 | validation accuracy: 0.8838 | validation AP: 0.1976
Epoch 3/50 | train loss: 0.5383 | validation loss: 0.6052 | validation accuracy: 0.8695 | validation AP: 0.1719
Epoch 4/50 | train loss: 0.5297 | validation loss: 0.6249 | validation accuracy: 0.8723 | validation AP: 0.1478
Epoch 5/50 | train loss: 0.5251 | validation loss: 0.6286 | validation accuracy: 0.8233 | validation AP: 0.142
Epoch 6/50 | train loss: 0.5308 | validation loss: 0.6161 | validation accuracy: 0.8328 | validation AP: 0.1577
Stopping at epoch 6: validation AP has not improved for 4 epochs.
Best epoch: 2 | validation AP: 0.1976 | epochs run: 6

Validation classification report:
              precision    recall  f1-score   support

  disengaged     0.5000    0.0030    0.0060       332
     engaged     0.8841    0.9996    0.9383      2526

    accuracy                         0.8838      2858
   macro avg     0.6921    0.5013    0.4722      2858
weighted avg     0.8395    0.8838    0.8300      2858

Confusion matrix (rows: actual, columns: predicted):
[[   1  331]
 [   1 2525]]
Epoch 1/50 | train loss: 0.5492 | validation loss: 0.5944 | validation accuracy: 0.881 | validation AP: 0.1895
Epoch 2/50 | train loss: 0.5191 | validation loss: 0.6178 | validation accuracy: 0.8653 | validation AP: 0.1769
Epoch 3/50 | train loss: 0.5077 | validation loss: 0.6329 | validation accuracy: 0.8558 | validation AP: 0.1745
Epoch 4/50 | train loss: 0.5145 | validation loss: 0.6171 | validation accuracy: 0.8516 | validation AP: 0.1777
Epoch 5/50 | train loss: 0.5031 | validation loss: 0.6152 | validation accuracy: 0.8244 | validation AP: 0.1954
Epoch 6/50 | train loss: 0.4932 | validation loss: 0.6057 | validation accuracy: 0.8593 | validation AP: 0.1848
Epoch 7/50 | train loss: 0.4857 | validation loss: 0.6338 | validation accuracy: 0.839 | validation AP: 0.1581
Epoch 8/50 | train loss: 0.4787 | validation loss: 0.6398 | validation accuracy: 0.8509 | validation AP: 0.1758
Epoch 9/50 | train loss: 0.4837 | validation loss: 0.6283 | validation accuracy: 0.8181 | validation AP: 0.1674
Stopping at epoch 9: validation AP has not improved for 4 epochs.
Best epoch: 5 | validation AP: 0.1954 | epochs run: 9

Validation classification report:
              precision    recall  f1-score   support

  disengaged     0.2344    0.2259    0.2301       332
     engaged     0.8987    0.9030    0.9009      2526

    accuracy                         0.8244      2858
   macro avg     0.5666    0.5645    0.5655      2858
weighted avg     0.8216    0.8244    0.8229      2858

Confusion matrix (rows: actual, columns: predicted):
[[  75  257]
 [ 245 2281]]
Epoch 1/50 | train loss: 0.5452 | validation loss: 0.6259 | validation accuracy: 0.867 | validation AP: 0.1674
Epoch 2/50 | train loss: 0.5259 | validation loss: 0.6229 | validation accuracy: 0.8527 | validation AP: 0.1502
Epoch 3/50 | train loss: 0.5139 | validation loss: 0.6054 | validation accuracy: 0.8719 | validation AP: 0.195
Epoch 4/50 | train loss: 0.5117 | validation loss: 0.6065 | validation accuracy: 0.8006 | validation AP: 0.1818
Epoch 5/50 | train loss: 0.5055 | validation loss: 0.6249 | validation accuracy: 0.8212 | validation AP: 0.1604
Epoch 6/50 | train loss: 0.4963 | validation loss: 0.6271 | validation accuracy: 0.8506 | validation AP: 0.2002
Epoch 7/50 | train loss: 0.4975 | validation loss: 0.6195 | validation accuracy: 0.8348 | validation AP: 0.1743
Epoch 8/50 | train loss: 0.4878 | validation loss: 0.6347 | validation accuracy: 0.8565 | validation AP: 0.1822
Epoch 9/50 | train loss: 0.49 | validation loss: 0.6615 | validation accuracy: 0.809 | validation AP: 0.1639
Epoch 10/50 | train loss: 0.4777 | validation loss: 0.6318 | validation accuracy: 0.8111 | validation AP: 0.1688
Stopping at epoch 10: validation AP has not improved for 4 epochs.
Best epoch: 6 | validation AP: 0.2002 | epochs run: 10

Validation classification report:
              precision    recall  f1-score   support

  disengaged     0.2346    0.1265    0.1644       332
     engaged     0.8918    0.9458    0.9180      2526

    accuracy                         0.8506      2858
   macro avg     0.5632    0.5361    0.5412      2858
weighted avg     0.8154    0.8506    0.8304      2858
[I 2026-10-09 03:28:17,144] Trial 13 finished with value: 0.2024644078269023 and parameters: {'hidden_size': 85, 'num_layers': 2, 'dropout': 0.25, 'learning_rate': 0.00014808256376324863, 'batch_size': 8}. Best is trial 8 with value: 0.2290049934232923.
[I 2026-10-09 03:28:32,081] Trial 14 finished with value: 0.2070870409917361 and parameters: {'hidden_size': 76, 'num_layers': 2, 'dropout': 0.0, 'learning_rate': 0.004074487010142025, 'batch_size': 64}. Best is trial 8 with value: 0.2290049934232923.

Confusion matrix (rows: actual, columns: predicted):
[[  42  290]
 [ 137 2389]]
Epoch 1/50 | train loss: 0.5462 | validation loss: 0.6346 | validation accuracy: 0.8779 | validation AP: 0.1695
Epoch 2/50 | train loss: 0.524 | validation loss: 0.6319 | validation accuracy: 0.8695 | validation AP: 0.1654
Epoch 3/50 | train loss: 0.5127 | validation loss: 0.6093 | validation accuracy: 0.8562 | validation AP: 0.1665
Epoch 4/50 | train loss: 0.5023 | validation loss: 0.6372 | validation accuracy: 0.8411 | validation AP: 0.163
Epoch 5/50 | train loss: 0.5026 | validation loss: 0.61 | validation accuracy: 0.8268 | validation AP: 0.1698
Epoch 6/50 | train loss: 0.5055 | validation loss: 0.6083 | validation accuracy: 0.8527 | validation AP: 0.1896
Epoch 7/50 | train loss: 0.495 | validation loss: 0.6303 | validation accuracy: 0.8258 | validation AP: 0.1749
Epoch 8/50 | train loss: 0.486 | validation loss: 0.6049 | validation accuracy: 0.8509 | validation AP: 0.1878
Epoch 9/50 | train loss: 0.4848 | validation loss: 0.6124 | validation accuracy: 0.8453 | validation AP: 0.1856
Epoch 10/50 | train loss: 0.4783 | validation loss: 0.6432 | validation accuracy: 0.8125 | validation AP: 0.1732
Stopping at epoch 10: validation AP has not improved for 4 epochs.
Best epoch: 6 | validation AP: 0.1896 | epochs run: 10

Validation classification report:
              precision    recall  f1-score   support

  disengaged     0.2595    0.1446    0.1857       332
     engaged     0.8938    0.9458    0.9190      2526

    accuracy                         0.8527      2858
   macro avg     0.5766    0.5452    0.5524      2858
weighted avg     0.8201    0.8527    0.8338      2858

Confusion matrix (rows: actual, columns: predicted):
[[  48  284]
 [ 137 2389]]
Epoch 1/50 | train loss: 0.6834 | validation loss: 0.6816 | validation accuracy: 0.7953 | validation AP: 0.2143
Epoch 2/50 | train loss: 0.6593 | validation loss: 0.6708 | validation accuracy: 0.6638 | validation AP: 0.1842
Epoch 3/50 | train loss: 0.6438 | validation loss: 0.7115 | validation accuracy: 0.6966 | validation AP: 0.1705
Epoch 4/50 | train loss: 0.64 | validation loss: 0.7254 | validation accuracy: 0.7138 | validation AP: 0.2044
Epoch 5/50 | train loss: 0.6398 | validation loss: 0.7141 | validation accuracy: 0.7568 | validation AP: 0.1808
Stopping at epoch 5: validation AP has not improved for 4 epochs.
Best epoch: 1 | validation AP: 0.2143 | epochs run: 5

Validation classification report:
              precision    recall  f1-score   support

  disengaged     0.2337    0.3343    0.2751       332
     engaged     0.9073    0.8559    0.8808      2526

    accuracy                         0.7953      2858
   macro avg     0.5705    0.5951    0.5780      2858
weighted avg     0.8290    0.7953    0.8105      2858

Confusion matrix (rows: actual, columns: predicted):
[[ 111  221]
 [ 364 2162]]
Epoch 1/50 | train loss: 0.6719 | validation loss: 0.6583 | validation accuracy: 0.74 | validation AP: 0.1974
Epoch 2/50 | train loss: 0.6533 | validation loss: 0.6957 | validation accuracy: 0.7369 | validation AP: 0.1627
Epoch 3/50 | train loss: 0.6364 | validation loss: 0.7158 | validation accuracy: 0.7502 | validation AP: 0.1695
Epoch 4/50 | train loss: 0.6332 | validation loss: 0.677 | validation accuracy: 0.6323 | validation AP: 0.195
Epoch 5/50 | train loss: 0.6261 | validation loss: 0.7392 | validation accuracy: 0.7313 | validation AP: 0.16
Stopping at epoch 5: validation AP has not improved for 4 epochs.
Best epoch: 1 | validation AP: 0.1974 | epochs run: 5

Validation classification report:
              precision    recall  f1-score   support

  disengaged     0.2093    0.4458    0.2849       332
     engaged     0.9145    0.7787    0.8411      2526

    accuracy                         0.7400      2858
   macro avg     0.5619    0.6122    0.5630      2858
weighted avg     0.8325    0.7400    0.7765      2858

Confusion matrix (rows: actual, columns: predicted):
[[ 148  184]
 [ 559 1967]]
Epoch 1/50 | train loss: 0.6749 | validation loss: 0.7382 | validation accuracy: 0.8023 | validation AP: 0.1732
Epoch 2/50 | train loss: 0.6548 | validation loss: 0.6807 | validation accuracy: 0.6463 | validation AP: 0.1721
Epoch 3/50 | train loss: 0.6489 | validation loss: 0.6861 | validation accuracy: 0.6421 | validation AP: 0.1659
Epoch 4/50 | train loss: 0.6425 | validation loss: 0.7021 | validation accuracy: 0.7638 | validation AP: 0.1603
Epoch 5/50 | train loss: 0.6328 | validation loss: 0.6947 | validation accuracy: 0.6704 | validation AP: 0.1431
Stopping at epoch 5: validation AP has not improved for 4 epochs.
Best epoch: 1 | validation AP: 0.1732 | epochs run: 5

Validation classification report:
              precision    recall  f1-score   support

  disengaged     0.2165    0.2681    0.2396       332
     engaged     0.9007    0.8725    0.8864      2526

    accuracy                         0.8023      2858
   macro avg     0.5586    0.5703    0.5630      2858
weighted avg     0.8212    0.8023    0.8112      2858

Confusion matrix (rows: actual, columns: predicted):
[[  89  243]
 [ 322 2204]]
Epoch 1/50 | train loss: 0.5455 | validation loss: 0.595 | validation accuracy: 0.881 | validation AP: 0.2073
Epoch 2/50 | train loss: 0.5229 | validation loss: 0.6484 | validation accuracy: 0.8639 | validation AP: 0.1748
Epoch 3/50 | train loss: 0.5114 | validation loss: 0.6649 | validation accuracy: 0.8293 | validation AP: 0.1409
Epoch 4/50 | train loss: 0.5181 | validation loss: 0.6177 | validation accuracy: 0.8572 | validation AP: 0.1888
Epoch 5/50 | train loss: 0.5044 | validation loss: 0.6492 | validation accuracy: 0.6924 | validation AP: 0.1653
Stopping at epoch 5: validation AP has not improved for 4 epochs.
Best epoch: 1 | validation AP: 0.2073 | epochs run: 5

Validation classification report:
              precision    recall  f1-score   support

  disengaged     0.3667    0.0331    0.0608       332
     engaged     0.8865    0.9925    0.9365      2526

    accuracy                         0.8810      2858
   macro avg     0.6266    0.5128    0.4986      2858
weighted avg     0.8261    0.8810    0.8348      2858

Confusion matrix (rows: actual, columns: predicted):
[[  11  321]
 [  19 2507]]
Epoch 1/50 | train loss: 0.5424 | validation loss: 0.6244 | validation accuracy: 0.8481 | validation AP: 0.2103
Epoch 2/50 | train loss: 0.5262 | validation loss: 0.6358 | validation accuracy: 0.8478 | validation AP: 0.1635
Epoch 3/50 | train loss: 0.5146 | validation loss: 0.5907 | validation accuracy: 0.8534 | validation AP: 0.2134
Epoch 4/50 | train loss: 0.5156 | validation loss: 0.6129 | validation accuracy: 0.7946 | validation AP: 0.1741
Epoch 5/50 | train loss: 0.5086 | validation loss: 0.625 | validation accuracy: 0.8439 | validation AP: 0.1656
Epoch 6/50 | train loss: 0.4987 | validation loss: 0.6425 | validation accuracy: 0.8618 | validation AP: 0.2046
Epoch 7/50 | train loss: 0.5183 | validation loss: 0.6148 | validation accuracy: 0.8506 | validation AP: 0.1638
Stopping at epoch 7: validation AP has not improved for 4 epochs.
Best epoch: 3 | validation AP: 0.2134 | epochs run: 7

Validation classification report:
              precision    recall  f1-score   support

  disengaged     0.2456    0.1265    0.1670       332
     engaged     0.8921    0.9489    0.9196      2526

    accuracy                         0.8534      2858
   macro avg     0.5688    0.5377    0.5433      2858
weighted avg     0.8170    0.8534    0.8322      2858

Confusion matrix (rows: actual, columns: predicted):
[[  42  290]
 [ 129 2397]]
Epoch 1/50 | train loss: 0.5311 | validation loss: 0.6586 | validation accuracy: 0.859 | validation AP: 0.1543
Epoch 2/50 | train loss: 0.5215 | validation loss: 0.6251 | validation accuracy: 0.8817 | validation AP: 0.2074
Epoch 3/50 | train loss: 0.5218 | validation loss: 0.604 | validation accuracy: 0.8656 | validation AP: 0.1768
Epoch 4/50 | train loss: 0.5107 | validation loss: 0.6339 | validation accuracy: 0.8842 | validation AP: 0.1811
Epoch 5/50 | train loss: 0.5113 | validation loss: 0.6182 | validation accuracy: 0.8639 | validation AP: 0.1714
Epoch 6/50 | train loss: 0.5092 | validation loss: 0.6298 | validation accuracy: 0.8541 | validation AP: 0.1694[I 2026-10-09 03:31:24,567] Trial 15 finished with value: 0.22635589327118252 and parameters: {'hidden_size': 63, 'num_layers': 1, 'dropout': 0.05, 'learning_rate': 0.0014977740248494208, 'batch_size': 8}. Best is trial 8 with value: 0.2290049934232923.
[I 2026-10-09 03:38:33,873] Trial 16 finished with value: 0.21653664446656684 and parameters: {'hidden_size': 131, 'num_layers': 1, 'dropout': 0.05, 'learning_rate': 0.0018729486300333579, 'batch_size': 8}. Best is trial 8 with value: 0.2290049934232923.

Stopping at epoch 6: validation AP has not improved for 4 epochs.
Best epoch: 2 | validation AP: 0.2074 | epochs run: 6

Validation classification report:
              precision    recall  f1-score   support

  disengaged     0.4464    0.0753    0.1289       332
     engaged     0.8904    0.9877    0.9366      2526

    accuracy                         0.8817      2858
   macro avg     0.6684    0.5315    0.5327      2858
weighted avg     0.8389    0.8817    0.8427      2858

Confusion matrix (rows: actual, columns: predicted):
[[  25  307]
 [  31 2495]]
Epoch 1/50 | train loss: 0.5466 | validation loss: 0.6012 | validation accuracy: 0.8824 | validation AP: 0.206
Epoch 2/50 | train loss: 0.534 | validation loss: 0.6289 | validation accuracy: 0.8635 | validation AP: 0.2076
Epoch 3/50 | train loss: 0.5166 | validation loss: 0.651 | validation accuracy: 0.8688 | validation AP: 0.1622
Epoch 4/50 | train loss: 0.52 | validation loss: 0.6191 | validation accuracy: 0.8474 | validation AP: 0.1585
Epoch 5/50 | train loss: 0.5054 | validation loss: 0.6246 | validation accuracy: 0.846 | validation AP: 0.1917
Epoch 6/50 | train loss: 0.5034 | validation loss: 0.6114 | validation accuracy: 0.8716 | validation AP: 0.177
Stopping at epoch 6: validation AP has not improved for 4 epochs.
Best epoch: 2 | validation AP: 0.2076 | epochs run: 6

Validation classification report:
              precision    recall  f1-score   support

  disengaged     0.2803    0.1114    0.1595       332
     engaged     0.8918    0.9624    0.9257      2526

    accuracy                         0.8635      2858
   macro avg     0.5860    0.5369    0.5426      2858
weighted avg     0.8208    0.8635    0.8367      2858

Confusion matrix (rows: actual, columns: predicted):
[[  37  295]
 [  95 2431]]
Epoch 1/50 | train loss: 0.5495 | validation loss: 0.6489 | validation accuracy: 0.8541 | validation AP: 0.211
Epoch 2/50 | train loss: 0.533 | validation loss: 0.6217 | validation accuracy: 0.8786 | validation AP: 0.1954
Epoch 3/50 | train loss: 0.5211 | validation loss: 0.6026 | validation accuracy: 0.8723 | validation AP: 0.2084
Epoch 4/50 | train loss: 0.5173 | validation loss: 0.6166 | validation accuracy: 0.7957 | validation AP: 0.164
Epoch 5/50 | train loss: 0.5075 | validation loss: 0.6425 | validation accuracy: 0.8034 | validation AP: 0.1421
Stopping at epoch 5: validation AP has not improved for 4 epochs.
Best epoch: 1 | validation AP: 0.211 | epochs run: 5

Validation classification report:
              precision    recall  f1-score   support

  disengaged     0.2543    0.1325    0.1743       332
     engaged     0.8927    0.9489    0.9200      2526

    accuracy                         0.8541      2858
   macro avg     0.5735    0.5407    0.5471      2858
weighted avg     0.8186    0.8541    0.8334      2858

Confusion matrix (rows: actual, columns: predicted):
[[  44  288]
 [ 129 2397]]
Epoch 1/50 | train loss: 0.5417 | validation loss: 0.6721 | validation accuracy: 0.8359 | validation AP: 0.1418
Epoch 2/50 | train loss: 0.5281 | validation loss: 0.6352 | validation accuracy: 0.8656 | validation AP: 0.166
Epoch 3/50 | train loss: 0.5236 | validation loss: 0.6093 | validation accuracy: 0.8646 | validation AP: 0.1695
Epoch 4/50 | train loss: 0.5057 | validation loss: 0.6585 | validation accuracy: 0.8352 | validation AP: 0.1416
Epoch 5/50 | train loss: 0.5059 | validation loss: 0.6259 | validation accuracy: 0.8352 | validation AP: 0.1482
Epoch 6/50 | train loss: 0.5066 | validation loss: 0.6382 | validation accuracy: 0.8446 | validation AP: 0.1668
Epoch 7/50 | train loss: 0.4992 | validation loss: 0.6254 | validation accuracy: 0.8334 | validation AP: 0.1764
Epoch 8/50 | train loss: 0.4986 | validation loss: 0.6234 | validation accuracy: 0.8415 | validation AP: 0.1577
Epoch 9/50 | train loss: 0.4937 | validation loss: 0.6333 | validation accuracy: 0.8401 | validation AP: 0.1589
Epoch 10/50 | train loss: 0.482 | validation loss: 0.629 | validation accuracy: 0.8579 | validation AP: 0.1945
Epoch 11/50 | train loss: 0.4743 | validation loss: 0.6712 | validation accuracy: 0.8593 | validation AP: 0.1696
Epoch 12/50 | train loss: 0.4758 | validation loss: 0.6289 | validation accuracy: 0.8569 | validation AP: 0.1852
Epoch 13/50 | train loss: 0.4598 | validation loss: 0.6524 | validation accuracy: 0.8453 | validation AP: 0.1663
Epoch 14/50 | train loss: 0.4634 | validation loss: 0.6439 | validation accuracy: 0.8467 | validation AP: 0.176
Stopping at epoch 14: validation AP has not improved for 4 epochs.
Best epoch: 10 | validation AP: 0.1945 | epochs run: 14

Validation classification report:
              precision    recall  f1-score   support

  disengaged     0.2716    0.1325    0.1781       332
     engaged     0.8932    0.9533    0.9223      2526

    accuracy                         0.8579      2858
   macro avg     0.5824    0.5429    0.5502      2858
weighted avg     0.8210    0.8579    0.8358      2858

Confusion matrix (rows: actual, columns: predicted):
[[  44  288]
 [ 118 2408]]
Epoch 1/50 | train loss: 0.5489 | validation loss: 0.5876 | validation accuracy: 0.8758 | validation AP: 0.2137
Epoch 2/50 | train loss: 0.5148 | validation loss: 0.6068 | validation accuracy: 0.8607 | validation AP: 0.2078
Epoch 3/50 | train loss: 0.5052 | validation loss: 0.6235 | validation accuracy: 0.8565 | validation AP: 0.197
Epoch 4/50 | train loss: 0.511 | validation loss: 0.6083 | validation accuracy: 0.8576 | validation AP: 0.1972
Epoch 5/50 | train loss: 0.4991 | validation loss: 0.6198 | validation accuracy: 0.8296 | validation AP: 0.196
Stopping at epoch 5: validation AP has not improved for 4 epochs.
Best epoch: 1 | validation AP: 0.2137 | epochs run: 5

Validation classification report:
              precision    recall  f1-score   support

  disengaged     0.3284    0.0663    0.1103       332
     engaged     0.8889    0.9822    0.9332      2526

    accuracy                         0.8758      2858
   macro avg     0.6086    0.5242    0.5218      2858
weighted avg     0.8238    0.8758    0.8376      2858

Confusion matrix (rows: actual, columns: predicted):
[[  22  310]
 [  45 2481]]
Epoch 1/50 | train loss: 0.543 | validation loss: 0.6119 | validation accuracy: 0.8478 | validation AP: 0.1789
Epoch 2/50 | train loss: 0.5229 | validation loss: 0.6061 | validation accuracy: 0.8663 | validation AP: 0.1728
Epoch 3/50 | train loss: 0.5075 | validation loss: 0.6055 | validation accuracy: 0.8625 | validation AP: 0.1844
Epoch 4/50 | train loss: 0.503 | validation loss: 0.5988 | validation accuracy: 0.8338 | validation AP: 0.1881
Epoch 5/50 | train loss: 0.4977 | validation loss: 0.6063 | validation accuracy: 0.8397 | validation AP: 0.1887
Epoch 6/50 | train loss: 0.4915 | validation loss: 0.6271 | validation accuracy: 0.8656 | validation AP: 0.1921
Epoch 7/50 | train loss: 0.4914 | validation loss: 0.6199 | validation accuracy: 0.8628 | validation AP: 0.1725
Epoch 8/50 | train loss: 0.4959 | validation loss: 0.6289 | validation accuracy: 0.8688 | validation AP: 0.1942
Epoch 9/50 | train loss: 0.499 | validation loss: 0.6254 | validation accuracy: 0.8663 | validation AP: 0.1828
Epoch 10/50 | train loss: 0.4763 | validation loss: 0.6188 | validation accuracy: 0.8275 | validation AP: 0.1792
Epoch 11/50 | train loss: 0.4854 | validation loss: 0.6344 | validation accuracy: 0.8597 | validation AP: 0.1728
Epoch 12/50 | train loss: 0.4952 | validation loss: 0.6351 | validation accuracy: 0.8132 | validation AP: 0.1622
Stopping at epoch 12: validation AP has not improved for 4 epochs.
Best epoch: 8 | validation AP: 0.1942 | epochs run: 12

Validation classification report:
              precision    recall  f1-score   support

  disengaged     0.2688    0.0753    0.1176       332
     engaged     0.8890    0.9731    0.9291      2526

    accuracy                         0.8688      2858
   macro avg     0.5789    0.5242    0.5234      2858
weighted avg     0.8169    0.8688    0.8349      2858

Confusion matrix (rows: actual, columns: predicted):
[[  25  307]
 [  68 2458]]
Epoch 1/50 | train loss: 0.5388 | validation loss: 0.6423 | validation accuracy: 0.873 | validation AP: 0.1648
Epoch 2/50 | train loss: 0.5163 | validation loss: 0.6324 | validation accuracy: 0.8761 | validation AP: 0.1672[I 2026-10-09 03:41:23,084] Trial 17 finished with value: 0.21232554688522776 and parameters: {'hidden_size': 31, 'num_layers': 1, 'dropout': 0.05, 'learning_rate': 0.0005061534875640397, 'batch_size': 8}. Best is trial 8 with value: 0.2290049934232923.
[I 2026-10-09 03:43:46,096] Trial 18 finished with value: 0.1922321958806649 and parameters: {'hidden_size': 118, 'num_layers': 2, 'dropout': 0.05, 'learning_rate': 0.0005275577024582228, 'batch_size': 8}. Best is trial 8 with value: 0.2290049934232923.

Epoch 3/50 | train loss: 0.5105 | validation loss: 0.6162 | validation accuracy: 0.8639 | validation AP: 0.1632
Epoch 4/50 | train loss: 0.4971 | validation loss: 0.6456 | validation accuracy: 0.8548 | validation AP: 0.1559
Epoch 5/50 | train loss: 0.4964 | validation loss: 0.6213 | validation accuracy: 0.8156 | validation AP: 0.164
Epoch 6/50 | train loss: 0.4982 | validation loss: 0.6217 | validation accuracy: 0.8446 | validation AP: 0.1823
Epoch 7/50 | train loss: 0.487 | validation loss: 0.6207 | validation accuracy: 0.8432 | validation AP: 0.1908
Epoch 8/50 | train loss: 0.4846 | validation loss: 0.6218 | validation accuracy: 0.8509 | validation AP: 0.1755
Epoch 9/50 | train loss: 0.4814 | validation loss: 0.6385 | validation accuracy: 0.8506 | validation AP: 0.1715
Epoch 10/50 | train loss: 0.47 | validation loss: 0.6633 | validation accuracy: 0.8418 | validation AP: 0.1793
Epoch 11/50 | train loss: 0.4608 | validation loss: 0.669 | validation accuracy: 0.8275 | validation AP: 0.1646
Stopping at epoch 11: validation AP has not improved for 4 epochs.
Best epoch: 7 | validation AP: 0.1908 | epochs run: 11

Validation classification report:
              precision    recall  f1-score   support

  disengaged     0.2157    0.1325    0.1642       332
     engaged     0.8915    0.9367    0.9135      2526

    accuracy                         0.8432      2858
   macro avg     0.5536    0.5346    0.5388      2858
weighted avg     0.8130    0.8432    0.8265      2858

Confusion matrix (rows: actual, columns: predicted):
[[  44  288]
 [ 160 2366]]
Epoch 1/50 | train loss: 0.5469 | validation loss: 0.6009 | validation accuracy: 0.8754 | validation AP: 0.1859
Epoch 2/50 | train loss: 0.5244 | validation loss: 0.6201 | validation accuracy: 0.8576 | validation AP: 0.1827
Epoch 3/50 | train loss: 0.5104 | validation loss: 0.6561 | validation accuracy: 0.8362 | validation AP: 0.1782
Epoch 4/50 | train loss: 0.5177 | validation loss: 0.6202 | validation accuracy: 0.7824 | validation AP: 0.1872
Epoch 5/50 | train loss: 0.5116 | validation loss: 0.596 | validation accuracy: 0.8219 | validation AP: 0.1922
Epoch 6/50 | train loss: 0.5198 | validation loss: 0.6068 | validation accuracy: 0.8702 | validation AP: 0.1722
Epoch 7/50 | train loss: 0.5153 | validation loss: 0.6334 | validation accuracy: 0.8579 | validation AP: 0.1458
Epoch 8/50 | train loss: 0.4966 | validation loss: 0.6421 | validation accuracy: 0.8737 | validation AP: 0.1751
Epoch 9/50 | train loss: 0.5051 | validation loss: 0.6303 | validation accuracy: 0.83 | validation AP: 0.1585
Stopping at epoch 9: validation AP has not improved for 4 epochs.
Best epoch: 5 | validation AP: 0.1922 | epochs run: 9

Validation classification report:
              precision    recall  f1-score   support

  disengaged     0.2117    0.1958    0.2034       332
     engaged     0.8953    0.9042    0.8997      2526

    accuracy                         0.8219      2858
   macro avg     0.5535    0.5500    0.5516      2858
weighted avg     0.8159    0.8219    0.8189      2858

Confusion matrix (rows: actual, columns: predicted):
[[  65  267]
 [ 242 2284]]
Epoch 1/50 | train loss: 0.5419 | validation loss: 0.6275 | validation accuracy: 0.8279 | validation AP: 0.2091
Epoch 2/50 | train loss: 0.5297 | validation loss: 0.6169 | validation accuracy: 0.8534 | validation AP: 0.1686
Epoch 3/50 | train loss: 0.5204 | validation loss: 0.6049 | validation accuracy: 0.866 | validation AP: 0.1854
Epoch 4/50 | train loss: 0.5129 | validation loss: 0.6183 | validation accuracy: 0.7859 | validation AP: 0.1661
Epoch 5/50 | train loss: 0.5052 | validation loss: 0.6503 | validation accuracy: 0.816 | validation AP: 0.1464
Stopping at epoch 5: validation AP has not improved for 4 epochs.
Best epoch: 1 | validation AP: 0.2091 | epochs run: 5

Validation classification report:
              precision    recall  f1-score   support

  disengaged     0.2605    0.2620    0.2613       332
     engaged     0.9029    0.9022    0.9026      2526

    accuracy                         0.8279      2858
   macro avg     0.5817    0.5821    0.5819      2858
weighted avg     0.8283    0.8279    0.8281      2858

Confusion matrix (rows: actual, columns: predicted):
[[  87  245]
 [ 247 2279]]
Epoch 1/50 | train loss: 0.5358 | validation loss: 0.6549 | validation accuracy: 0.8684 | validation AP: 0.1653
Epoch 2/50 | train loss: 0.5217 | validation loss: 0.6306 | validation accuracy: 0.8457 | validation AP: 0.1675
Epoch 3/50 | train loss: 0.5187 | validation loss: 0.6095 | validation accuracy: 0.8506 | validation AP: 0.1573
Epoch 4/50 | train loss: 0.5042 | validation loss: 0.6359 | validation accuracy: 0.8328 | validation AP: 0.1539
Epoch 5/50 | train loss: 0.5024 | validation loss: 0.6276 | validation accuracy: 0.8023 | validation AP: 0.1513
Epoch 6/50 | train loss: 0.5062 | validation loss: 0.6303 | validation accuracy: 0.8139 | validation AP: 0.1562
Stopping at epoch 6: validation AP has not improved for 4 epochs.
Best epoch: 2 | validation AP: 0.1675 | epochs run: 6

Validation classification report:
              precision    recall  f1-score   support

  disengaged     0.2086    0.1175    0.1503       332
     engaged     0.8903    0.9414    0.9151      2526

    accuracy                         0.8457      2858
   macro avg     0.5494    0.5294    0.5327      2858
weighted avg     0.8111    0.8457    0.8263      2858

Confusion matrix (rows: actual, columns: predicted):
[[  39  293]
 [ 148 2378]]
Epoch 1/50 | train loss: 0.5475 | validation loss: 0.5927 | validation accuracy: 0.8761 | validation AP: 0.2066
Epoch 2/50 | train loss: 0.5232 | validation loss: 0.6356 | validation accuracy: 0.8474 | validation AP: 0.1759
Epoch 3/50 | train loss: 0.513 | validation loss: 0.645 | validation accuracy: 0.8499 | validation AP: 0.1683
Epoch 4/50 | train loss: 0.5248 | validation loss: 0.6123 | validation accuracy: 0.8418 | validation AP: 0.1779
Epoch 5/50 | train loss: 0.5058 | validation loss: 0.6117 | validation accuracy: 0.8436 | validation AP: 0.2101
Epoch 6/50 | train loss: 0.4963 | validation loss: 0.6156 | validation accuracy: 0.838 | validation AP: 0.1648
Epoch 7/50 | train loss: 0.4942 | validation loss: 0.6432 | validation accuracy: 0.809 | validation AP: 0.1494
Epoch 8/50 | train loss: 0.4786 | validation loss: 0.6757 | validation accuracy: 0.8174 | validation AP: 0.151
Epoch 9/50 | train loss: 0.4864 | validation loss: 0.6672 | validation accuracy: 0.7712 | validation AP: 0.1495
Stopping at epoch 9: validation AP has not improved for 4 epochs.
Best epoch: 5 | validation AP: 0.2101 | epochs run: 9

Validation classification report:
              precision    recall  f1-score   support

  disengaged     0.2878    0.2349    0.2587       332
     engaged     0.9018    0.9236    0.9126      2526

    accuracy                         0.8436      2858
   macro avg     0.5948    0.5793    0.5856      2858
weighted avg     0.8305    0.8436    0.8366      2858

Confusion matrix (rows: actual, columns: predicted):
[[  78  254]
 [ 193 2333]]
Epoch 1/50 | train loss: 0.5424 | validation loss: 0.6251 | validation accuracy: 0.86 | validation AP: 0.2054
Epoch 2/50 | train loss: 0.5269 | validation loss: 0.6352 | validation accuracy: 0.8653 | validation AP: 0.1652
Epoch 3/50 | train loss: 0.5148 | validation loss: 0.6005 | validation accuracy: 0.8639 | validation AP: 0.1958
Epoch 4/50 | train loss: 0.5086 | validation loss: 0.6245 | validation accuracy: 0.7859 | validation AP: 0.1697
Epoch 5/50 | train loss: 0.5044 | validation loss: 0.6369 | validation accuracy: 0.8023 | validation AP: 0.1594
Stopping at epoch 5: validation AP has not improved for 4 epochs.
Best epoch: 1 | validation AP: 0.2054 | epochs run: 5

Validation classification report:
              precision    recall  f1-score   support

  disengaged     0.2733    0.1235    0.1701       332
     engaged     0.8925    0.9568    0.9236      2526

    accuracy                         0.8600      2858
   macro avg     0.5829    0.5402    0.5469      2858
weighted avg     0.8206    0.8600    0.8361      2858

Confusion matrix (rows: actual, columns: predicted):
[[  41  291]
 [ 109 2417]]
Epoch 1/50 | train loss: 0.5376 | validation loss: 0.6524 | validation accuracy: 0.8663 | validation AP: 0.1619[I 2026-10-09 03:46:02,905] Trial 19 finished with value: 0.21041501616092403 and parameters: {'hidden_size': 45, 'num_layers': 1, 'dropout': 0.25, 'learning_rate': 0.001434607383418943, 'batch_size': 8}. Best is trial 8 with value: 0.2290049934232923.

Epoch 2/50 | train loss: 0.523 | validation loss: 0.6417 | validation accuracy: 0.8667 | validation AP: 0.1639
Epoch 3/50 | train loss: 0.5113 | validation loss: 0.6115 | validation accuracy: 0.8628 | validation AP: 0.1576
Epoch 4/50 | train loss: 0.5001 | validation loss: 0.6456 | validation accuracy: 0.8488 | validation AP: 0.1451
Epoch 5/50 | train loss: 0.4998 | validation loss: 0.6136 | validation accuracy: 0.8586 | validation AP: 0.1692
Epoch 6/50 | train loss: 0.5049 | validation loss: 0.621 | validation accuracy: 0.8383 | validation AP: 0.161
Epoch 7/50 | train loss: 0.5008 | validation loss: 0.62 | validation accuracy: 0.846 | validation AP: 0.1764
Epoch 8/50 | train loss: 0.4888 | validation loss: 0.6186 | validation accuracy: 0.8691 | validation AP: 0.1737
Epoch 9/50 | train loss: 0.4931 | validation loss: 0.6164 | validation accuracy: 0.8478 | validation AP: 0.1672
Epoch 10/50 | train loss: 0.4757 | validation loss: 0.6487 | validation accuracy: 0.824 | validation AP: 0.1675
Epoch 11/50 | train loss: 0.4746 | validation loss: 0.668 | validation accuracy: 0.8607 | validation AP: 0.165
Stopping at epoch 11: validation AP has not improved for 4 epochs.
Best epoch: 7 | validation AP: 0.1764 | epochs run: 11

Validation classification report:
              precision    recall  f1-score   support

  disengaged     0.2327    0.1416    0.1760       332
     engaged     0.8927    0.9386    0.9151      2526

    accuracy                         0.8460      2858
   macro avg     0.5627    0.5401    0.5456      2858
weighted avg     0.8160    0.8460    0.8292      2858

Confusion matrix (rows: actual, columns: predicted):
[[  47  285]
 [ 155 2371]]
Epoch 1/50 | train loss: 0.5393 | validation loss: 0.6254 | validation accuracy: 0.8366 | validation AP: 0.158
Epoch 2/50 | train loss: 0.5202 | validation loss: 0.6405 | validation accuracy: 0.8425 | validation AP: 0.157
Epoch 3/50 | train loss: 0.5156 | validation loss: 0.6164 | validation accuracy: 0.845 | validation AP: 0.1805
Epoch 4/50 | train loss: 0.5169 | validation loss: 0.6364 | validation accuracy: 0.8233 | validation AP: 0.1596
Epoch 5/50 | train loss: 0.5061 | validation loss: 0.6277 | validation accuracy: 0.831 | validation AP: 0.1646
Epoch 6/50 | train loss: 0.5013 | validation loss: 0.6354 | validation accuracy: 0.8163 | validation AP: 0.1622
Epoch 7/50 | train loss: 0.493 | validation loss: 0.6475 | validation accuracy: 0.7911 | validation AP: 0.1687
Stopping at epoch 7: validation AP has not improved for 4 epochs.
Best epoch: 3 | validation AP: 0.1805 | epochs run: 7

Validation classification report:
              precision    recall  f1-score   support

  disengaged     0.2154    0.1265    0.1594       332
     engaged     0.8911    0.9394    0.9146      2526

    accuracy                         0.8450      2858
   macro avg     0.5532    0.5330    0.5370      2858
weighted avg     0.8126    0.8450    0.8269      2858

Confusion matrix (rows: actual, columns: predicted):
[[  42  290]
 [ 153 2373]]
Epoch 1/50 | train loss: 0.5489 | validation loss: 0.6128 | validation accuracy: 0.8481 | validation AP: 0.1516
Epoch 2/50 | train loss: 0.5244 | validation loss: 0.6221 | validation accuracy: 0.846 | validation AP: 0.1514
Epoch 3/50 | train loss: 0.52 | validation loss: 0.6233 | validation accuracy: 0.8177 | validation AP: 0.1384
Epoch 4/50 | train loss: 0.5197 | validation loss: 0.6074 | validation accuracy: 0.8296 | validation AP: 0.1632
Epoch 5/50 | train loss: 0.5031 | validation loss: 0.6319 | validation accuracy: 0.8653 | validation AP: 0.1927
Epoch 6/50 | train loss: 0.5085 | validation loss: 0.6484 | validation accuracy: 0.8387 | validation AP: 0.1823
Epoch 7/50 | train loss: 0.491 | validation loss: 0.6457 | validation accuracy: 0.8579 | validation AP: 0.1705
Epoch 8/50 | train loss: 0.4827 | validation loss: 0.6723 | validation accuracy: 0.8233 | validation AP: 0.1409
Epoch 9/50 | train loss: 0.4913 | validation loss: 0.6493 | validation accuracy: 0.8097 | validation AP: 0.1687
Stopping at epoch 9: validation AP has not improved for 4 epochs.
Best epoch: 5 | validation AP: 0.1927 | epochs run: 9

Validation classification report:
              precision    recall  f1-score   support

  disengaged     0.2696    0.0934    0.1387       332
     engaged     0.8903    0.9667    0.9269      2526

    accuracy                         0.8653      2858
   macro avg     0.5799    0.5301    0.5328      2858
weighted avg     0.8182    0.8653    0.8354      2858

Confusion matrix (rows: actual, columns: predicted):
[[  31  301]
 [  84 2442]]
Epoch 1/50 | train loss: 0.5393 | validation loss: 0.6107 | validation accuracy: 0.8516 | validation AP: 0.1627
Epoch 2/50 | train loss: 0.5272 | validation loss: 0.6116 | validation accuracy: 0.881 | validation AP: 0.2171
Epoch 3/50 | train loss: 0.5275 | validation loss: 0.6117 | validation accuracy: 0.8789 | validation AP: 0.179
Epoch 4/50 | train loss: 0.522 | validation loss: 0.6165 | validation accuracy: 0.8453 | validation AP: 0.1775
Epoch 5/50 | train loss: 0.5127 | validation loss: 0.6217 | validation accuracy: 0.8569 | validation AP: 0.1758
Epoch 6/50 | train loss: 0.5106 | validation loss: 0.5956 | validation accuracy: 0.8513 | validation AP: 0.1856
Stopping at epoch 6: validation AP has not improved for 4 epochs.
Best epoch: 2 | validation AP: 0.2171 | epochs run: 6

Validation classification report:
              precision    recall  f1-score   support

  disengaged     0.4130    0.0572    0.1005       332
     engaged     0.8887    0.9893    0.9363      2526

    accuracy                         0.8810      2858
   macro avg     0.6509    0.5233    0.5184      2858
weighted avg     0.8334    0.8810    0.8392      2858

Confusion matrix (rows: actual, columns: predicted):
[[  19  313]
 [  27 2499]]
Epoch 1/50 | train loss: 0.547 | validation loss: 0.6194 | validation accuracy: 0.8849 | validation AP: 0.1756
Epoch 2/50 | train loss: 0.5306 | validation loss: 0.6099 | validation accuracy: 0.8649 | validation AP: 0.1579
Epoch 3/50 | train loss: 0.5149 | validation loss: 0.6248 | validation accuracy: 0.8583 | validation AP: 0.155
Epoch 4/50 | train loss: 0.5105 | validation loss: 0.6222 | validation accuracy: 0.8779 | validation AP: 0.1635
Epoch 5/50 | train loss: 0.5074 | validation loss: 0.6445 | validation accuracy: 0.852 | validation AP: 0.1595
Stopping at epoch 5: validation AP has not improved for 4 epochs.
Best epoch: 1 | validation AP: 0.1756 | epochs run: 5

Validation classification report:
              precision    recall  f1-score   support

  disengaged     0.5789    0.0331    0.0627       332
     engaged     0.8869    0.9968    0.9387      2526

    accuracy                         0.8849      2858
   macro avg     0.7329    0.5150    0.5007      2858
weighted avg     0.8512    0.8849    0.8369      2858

Confusion matrix (rows: actual, columns: predicted):
[[  11  321]
 [   8 2518]]
Epoch 1/50 | train loss: 0.5389 | validation loss: 0.6116 | validation accuracy: 0.8691 | validation AP: 0.1525
Epoch 2/50 | train loss: 0.518 | validation loss: 0.6604 | validation accuracy: 0.8691 | validation AP: 0.1525
Epoch 3/50 | train loss: 0.5116 | validation loss: 0.6137 | validation accuracy: 0.8558 | validation AP: 0.1633
Epoch 4/50 | train loss: 0.5116 | validation loss: 0.6156 | validation accuracy: 0.8188 | validation AP: 0.1591
Epoch 5/50 | train loss: 0.5017 | validation loss: 0.6107 | validation accuracy: 0.8418 | validation AP: 0.1736
Epoch 6/50 | train loss: 0.4964 | validation loss: 0.6293 | validation accuracy: 0.8621 | validation AP: 0.1629
Epoch 7/50 | train loss: 0.5006 | validation loss: 0.6241 | validation accuracy: 0.8604 | validation AP: 0.1658
Epoch 8/50 | train loss: 0.4879 | validation loss: 0.6384 | validation accuracy: 0.8373 | validation AP: 0.1605
Epoch 9/50 | train loss: 0.4832 | validation loss: 0.6796 | validation accuracy: 0.8272 | validation AP: 0.1644
Stopping at epoch 9: validation AP has not improved for 4 epochs.
Best epoch: 5 | validation AP: 0.1736 | epochs run: 9

Validation classification report:
              precision    recall  f1-score   support

  disengaged     0.2222    0.1446    0.1752       332
     engaged     0.8925    0.9335    0.9125      2526

    accuracy                         0.8418      2858
   macro avg     0.5574    0.5390    0.5439      2858
weighted avg     0.8146    0.8418    0.8269      2858
[I 2026-10-09 03:53:07,421] A new study created in memory with name: gru_uni_attention|30fps/5s

Confusion matrix (rows: actual, columns: predicted):
[[  48  284]
 [ 168 2358]]
Epoch 1/50 | train loss: 0.5334 | validation loss: 0.6259 | validation accuracy: 0.845 | validation AP: 0.1579
Epoch 2/50 | train loss: 0.5154 | validation loss: 0.6333 | validation accuracy: 0.8712 | validation AP: 0.1689
Epoch 3/50 | train loss: 0.5077 | validation loss: 0.6227 | validation accuracy: 0.8621 | validation AP: 0.1853
Epoch 4/50 | train loss: 0.5133 | validation loss: 0.6108 | validation accuracy: 0.8268 | validation AP: 0.163
Epoch 5/50 | train loss: 0.5022 | validation loss: 0.6497 | validation accuracy: 0.8418 | validation AP: 0.1668
Epoch 6/50 | train loss: 0.4973 | validation loss: 0.6474 | validation accuracy: 0.8226 | validation AP: 0.1571
Epoch 7/50 | train loss: 0.4901 | validation loss: 0.6428 | validation accuracy: 0.8286 | validation AP: 0.1656
Stopping at epoch 7: validation AP has not improved for 4 epochs.
Best epoch: 3 | validation AP: 0.1853 | epochs run: 7

Validation classification report:
              precision    recall  f1-score   support

  disengaged     0.2652    0.1054    0.1509       332
     engaged     0.8910    0.9616    0.9250      2526

    accuracy                         0.8621      2858
   macro avg     0.5781    0.5335    0.5379      2858
weighted avg     0.8183    0.8621    0.8351      2858

Confusion matrix (rows: actual, columns: predicted):
[[  35  297]
 [  97 2429]]
Epoch 1/50 | train loss: 0.5437 | validation loss: 0.6076 | validation accuracy: 0.8562 | validation AP: 0.1538
Epoch 2/50 | train loss: 0.5189 | validation loss: 0.6305 | validation accuracy: 0.8181 | validation AP: 0.1505
Epoch 3/50 | train loss: 0.5152 | validation loss: 0.6343 | validation accuracy: 0.8093 | validation AP: 0.1524
Epoch 4/50 | train loss: 0.5118 | validation loss: 0.6033 | validation accuracy: 0.8639 | validation AP: 0.1902
Epoch 5/50 | train loss: 0.4923 | validation loss: 0.6217 | validation accuracy: 0.8275 | validation AP: 0.1784
Epoch 6/50 | train loss: 0.4948 | validation loss: 0.6284 | validation accuracy: 0.8286 | validation AP: 0.1852
Epoch 7/50 | train loss: 0.4816 | validation loss: 0.6514 | validation accuracy: 0.8772 | validation AP: 0.1893
Epoch 8/50 | train loss: 0.475 | validation loss: 0.6472 | validation accuracy: 0.8485 | validation AP: 0.1625
Stopping at epoch 8: validation AP has not improved for 4 epochs.
Best epoch: 4 | validation AP: 0.1902 | epochs run: 8

Validation classification report:
              precision    recall  f1-score   support

  disengaged     0.2605    0.0934    0.1375       332
     engaged     0.8901    0.9652    0.9261      2526

    accuracy                         0.8639      2858
   macro avg     0.5753    0.5293    0.5318      2858
weighted avg     0.8170    0.8639    0.8345      2858

Confusion matrix (rows: actual, columns: predicted):
[[  31  301]
 [  88 2438]]
Epoch 1/50 | train loss: 0.5416 | validation loss: 0.6275 | validation accuracy: 0.8058 | validation AP: 0.1444
Epoch 2/50 | train loss: 0.5177 | validation loss: 0.6374 | validation accuracy: 0.8845 | validation AP: 0.1961
Epoch 3/50 | train loss: 0.5174 | validation loss: 0.6186 | validation accuracy: 0.8849 | validation AP: 0.1894
Epoch 4/50 | train loss: 0.5087 | validation loss: 0.6265 | validation accuracy: 0.8747 | validation AP: 0.188
Epoch 5/50 | train loss: 0.5052 | validation loss: 0.6263 | validation accuracy: 0.8156 | validation AP: 0.1753
Epoch 6/50 | train loss: 0.5015 | validation loss: 0.6007 | validation accuracy: 0.8436 | validation AP: 0.1918
Stopping at epoch 6: validation AP has not improved for 4 epochs.
Best epoch: 2 | validation AP: 0.1961 | epochs run: 6

Validation classification report:
              precision    recall  f1-score   support

  disengaged     0.5250    0.0633    0.1129       332
     engaged     0.8896    0.9925    0.9382      2526

    accuracy                         0.8845      2858
   macro avg     0.7073    0.5279    0.5256      2858
weighted avg     0.8473    0.8845    0.8424      2858

Confusion matrix (rows: actual, columns: predicted):
[[  21  311]
 [  19 2507]]
Epoch 1/50 | train loss: 0.5462 | validation loss: 0.6081 | validation accuracy: 0.8831 | validation AP: 0.1935
Epoch 2/50 | train loss: 0.5238 | validation loss: 0.6042 | validation accuracy: 0.8362 | validation AP: 0.1717
Epoch 3/50 | train loss: 0.5108 | validation loss: 0.6166 | validation accuracy: 0.8443 | validation AP: 0.1732
Epoch 4/50 | train loss: 0.5101 | validation loss: 0.6127 | validation accuracy: 0.8436 | validation AP: 0.177
Epoch 5/50 | train loss: 0.5025 | validation loss: 0.6392 | validation accuracy: 0.838 | validation AP: 0.182
Stopping at epoch 5: validation AP has not improved for 4 epochs.
Best epoch: 1 | validation AP: 0.1935 | epochs run: 5

Validation classification report:
              precision    recall  f1-score   support

  disengaged     0.4773    0.0633    0.1117       332
     engaged     0.8895    0.9909    0.9375      2526

    accuracy                         0.8831      2858
   macro avg     0.6834    0.5271    0.5246      2858
weighted avg     0.8416    0.8831    0.8415      2858

Confusion matrix (rows: actual, columns: predicted):
[[  21  311]
 [  23 2503]]
Epoch 1/50 | train loss: 0.537 | validation loss: 0.6165 | validation accuracy: 0.8695 | validation AP: 0.1565
Epoch 2/50 | train loss: 0.5159 | validation loss: 0.6448 | validation accuracy: 0.8726 | validation AP: 0.1573
Epoch 3/50 | train loss: 0.5099 | validation loss: 0.6123 | validation accuracy: 0.8611 | validation AP: 0.1849
Epoch 4/50 | train loss: 0.5067 | validation loss: 0.6146 | validation accuracy: 0.8282 | validation AP: 0.1655
Epoch 5/50 | train loss: 0.4985 | validation loss: 0.6236 | validation accuracy: 0.8195 | validation AP: 0.1583
Epoch 6/50 | train loss: 0.4935 | validation loss: 0.6187 | validation accuracy: 0.8642 | validation AP: 0.1895
Epoch 7/50 | train loss: 0.4877 | validation loss: 0.6274 | validation accuracy: 0.8611 | validation AP: 0.197
Epoch 8/50 | train loss: 0.4821 | validation loss: 0.6342 | validation accuracy: 0.8544 | validation AP: 0.1642
Epoch 9/50 | train loss: 0.4692 | validation loss: 0.6611 | validation accuracy: 0.8607 | validation AP: 0.1813
Epoch 10/50 | train loss: 0.4761 | validation loss: 0.6372 | validation accuracy: 0.8579 | validation AP: 0.1554
Epoch 11/50 | train loss: 0.4697 | validation loss: 0.6838 | validation accuracy: 0.8586 | validation AP: 0.1577
Stopping at epoch 11: validation AP has not improved for 4 epochs.
Best epoch: 7 | validation AP: 0.197 | epochs run: 11

Validation classification report:
              precision    recall  f1-score   support

  disengaged     0.2519    0.0994    0.1425       332
     engaged     0.8904    0.9612    0.9244      2526

    accuracy                         0.8611      2858
   macro avg     0.5711    0.5303    0.5335      2858
weighted avg     0.8162    0.8611    0.8336      2858

Confusion matrix (rows: actual, columns: predicted):
[[  33  299]
 [  98 2428]]

 lstm | 30fps/5s (confirmed on seeds [52, 53, 54, 55, 56])
  0.2069 +/- 0.0039  (19028,) params  hidden_size=63, num_layers=1, dropout=0.05, learning_rate=0.0014977740248494208, batch_size=8
  0.1958 +/- 0.0074  (56102,) params  hidden_size=66, num_layers=2, dropout=0.25, learning_rate=0.0010402587615883842, batch_size=8
  Selected: hidden_size=63, num_layers=1, dropout=0.05, learning_rate=0.0014977740248494208, batch_size=8  (AP 0.2069, 19,028 parameters)
Epoch 1/50 | train loss: 0.6723 | validation loss: 0.6383 | validation accuracy: 0.6197 | validation AP: 0.2183
Epoch 2/50 | train loss: 0.6428 | validation loss: 0.6745 | validation accuracy: 0.5983 | validation AP: 0.207
Epoch 3/50 | train loss: 0.6379 | validation loss: 0.6578 | validation accuracy: 0.6816 | validation AP: 0.2219
Epoch 4/50 | train loss: 0.6288 | validation loss: 0.6131 | validation accuracy: 0.5903 | validation AP: 0.2395
Epoch 5/50 | train loss: 0.6101 | validation loss: 0.8169 | validation accuracy: 0.7323 | validation AP: 0.2637
Epoch 6/50 | train loss: 0.6008 | validation loss: 0.6351 | validation accuracy: 0.641 | validation AP: 0.2282
Epoch 7/50 | train loss: 0.5948 | validation loss: 0.7427 | validation accuracy: 0.6984 | validation AP: 0.1818[I 2026-10-09 03:53:30,750] Trial 0 finished with value: 0.2772187962595148 and parameters: {'hidden_size': 47, 'num_layers': 3, 'dropout': 0.0, 'learning_rate': 0.005399484409787433, 'batch_size': 64}. Best is trial 0 with value: 0.2772187962595148.

Epoch 8/50 | train loss: 0.5772 | validation loss: 0.7956 | validation accuracy: 0.7586 | validation AP: 0.1728
Epoch 9/50 | train loss: 0.5714 | validation loss: 0.6859 | validation accuracy: 0.6659 | validation AP: 0.1956
Stopping at epoch 9: validation AP has not improved for 4 epochs.
Best epoch: 5 | validation AP: 0.2637 | epochs run: 9

Validation classification report:
              precision    recall  f1-score   support

  disengaged     0.2140    0.4880    0.2975       332
     engaged     0.9191    0.7644    0.8347      2526

    accuracy                         0.7323      2858
   macro avg     0.5665    0.6262    0.5661      2858
weighted avg     0.8372    0.7323    0.7723      2858

Confusion matrix (rows: actual, columns: predicted):
[[ 162  170]
 [ 595 1931]]
Epoch 1/50 | train loss: 0.6713 | validation loss: 0.6471 | validation accuracy: 0.677 | validation AP: 0.2392
Epoch 2/50 | train loss: 0.6443 | validation loss: 0.7157 | validation accuracy: 0.824 | validation AP: 0.2472
Epoch 3/50 | train loss: 0.6391 | validation loss: 0.6397 | validation accuracy: 0.7715 | validation AP: 0.2767
Epoch 4/50 | train loss: 0.6162 | validation loss: 0.644 | validation accuracy: 0.6753 | validation AP: 0.2514
Epoch 5/50 | train loss: 0.6034 | validation loss: 0.6765 | validation accuracy: 0.6613 | validation AP: 0.2362
Epoch 6/50 | train loss: 0.5941 | validation loss: 0.6849 | validation accuracy: 0.719 | validation AP: 0.2524
Epoch 7/50 | train loss: 0.5918 | validation loss: 0.6696 | validation accuracy: 0.6648 | validation AP: 0.2463
Stopping at epoch 7: validation AP has not improved for 4 epochs.
Best epoch: 3 | validation AP: 0.2767 | epochs run: 7

Validation classification report:
              precision    recall  f1-score   support

  disengaged     0.2550    0.5030    0.3384       332
     engaged     0.9251    0.8068    0.8619      2526

    accuracy                         0.7715      2858
   macro avg     0.5900    0.6549    0.6002      2858
weighted avg     0.8473    0.7715    0.8011      2858

Confusion matrix (rows: actual, columns: predicted):
[[ 167  165]
 [ 488 2038]]
Epoch 1/50 | train loss: 0.6805 | validation loss: 0.6875 | validation accuracy: 0.7932 | validation AP: 0.2207
Epoch 2/50 | train loss: 0.6604 | validation loss: 0.6292 | validation accuracy: 0.5626 | validation AP: 0.2026
Epoch 3/50 | train loss: 0.6396 | validation loss: 0.6512 | validation accuracy: 0.6431 | validation AP: 0.1935
Epoch 4/50 | train loss: 0.6232 | validation loss: 0.6368 | validation accuracy: 0.6763 | validation AP: 0.2286
Epoch 5/50 | train loss: 0.6097 | validation loss: 0.6504 | validation accuracy: 0.7099 | validation AP: 0.2073
Epoch 6/50 | train loss: 0.6026 | validation loss: 0.6433 | validation accuracy: 0.7334 | validation AP: 0.26
Epoch 7/50 | train loss: 0.5949 | validation loss: 0.6791 | validation accuracy: 0.725 | validation AP: 0.2178
Epoch 8/50 | train loss: 0.5801 | validation loss: 0.6558 | validation accuracy: 0.5259 | validation AP: 0.1699
Epoch 9/50 | train loss: 0.5848 | validation loss: 0.6986 | validation accuracy: 0.7334 | validation AP: 0.2112
Epoch 10/50 | train loss: 0.569 | validation loss: 0.7107 | validation accuracy: 0.6714 | validation AP: 0.2087
Stopping at epoch 10: validation AP has not improved for 4 epochs.
Best epoch: 6 | validation AP: 0.26 | epochs run: 10

Validation classification report:
              precision    recall  f1-score   support

  disengaged     0.2251    0.5301    0.3160       332
     engaged     0.9249    0.7601    0.8344      2526

    accuracy                         0.7334      2858
   macro avg     0.5750    0.6451    0.5752      2858
weighted avg     0.8436    0.7334    0.7742      2858

Confusion matrix (rows: actual, columns: predicted):
[[ 176  156]
 [ 606 1920]]
Epoch 1/50 | train loss: 0.5343 | validation loss: 0.5792 | validation accuracy: 0.8716 | validation AP: 0.2175
Epoch 2/50 | train loss: 0.5067 | validation loss: 0.5942 | validation accuracy: 0.8495 | validation AP: 0.2174
Epoch 3/50 | train loss: 0.4928 | validation loss: 0.6099 | validation accuracy: 0.8443 | validation AP: 0.2107
Epoch 4/50 | train loss: 0.5013 | validation loss: 0.5768 | validation accuracy: 0.8411 | validation AP: 0.2468
Epoch 5/50 | train loss: 0.4895 | validation loss: 0.5744 | validation accuracy: 0.8352 | validation AP: 0.2701
Epoch 6/50 | train loss: 0.4811 | validation loss: 0.5699 | validation accuracy: 0.8237 | validation AP: 0.2381
Epoch 7/50 | train loss: 0.4778 | validation loss: 0.6164 | validation accuracy: 0.8474 | validation AP: 0.1974
Epoch 8/50 | train loss: 0.4655 | validation loss: 0.6131 | validation accuracy: 0.8618 | validation AP: 0.2086
Epoch 9/50 | train loss: 0.4696 | validation loss: 0.5988 | validation accuracy: 0.8404 | validation AP: 0.2165
Stopping at epoch 9: validation AP has not improved for 4 epochs.
Best epoch: 5 | validation AP: 0.2701 | epochs run: 9

Validation classification report:
              precision    recall  f1-score   support

  disengaged     0.3009    0.3163    0.3084       332
     engaged     0.9095    0.9034    0.9065      2526

    accuracy                         0.8352      2858
   macro avg     0.6052    0.6098    0.6074      2858
weighted avg     0.8388    0.8352    0.8370      2858

Confusion matrix (rows: actual, columns: predicted):
[[ 105  227]
 [ 244 2282]]
Epoch 1/50 | train loss: 0.5283 | validation loss: 0.6167 | validation accuracy: 0.8516 | validation AP: 0.2046
Epoch 2/50 | train loss: 0.5176 | validation loss: 0.6008 | validation accuracy: 0.8723 | validation AP: 0.1971
Epoch 3/50 | train loss: 0.501 | validation loss: 0.572 | validation accuracy: 0.8674 | validation AP: 0.2595
Epoch 4/50 | train loss: 0.4931 | validation loss: 0.5763 | validation accuracy: 0.8079 | validation AP: 0.2402
Epoch 5/50 | train loss: 0.4875 | validation loss: 0.6 | validation accuracy: 0.8254 | validation AP: 0.2024
Epoch 6/50 | train loss: 0.4767 | validation loss: 0.6002 | validation accuracy: 0.8607 | validation AP: 0.2454
Epoch 7/50 | train loss: 0.4769 | validation loss: 0.5933 | validation accuracy: 0.8656 | validation AP: 0.249
Stopping at epoch 7: validation AP has not improved for 4 epochs.
Best epoch: 3 | validation AP: 0.2595 | epochs run: 7

Validation classification report:
              precision    recall  f1-score   support

  disengaged     0.3285    0.1355    0.1919       332
     engaged     0.8945    0.9636    0.9278      2526

    accuracy                         0.8674      2858
   macro avg     0.6115    0.5496    0.5598      2858
weighted avg     0.8288    0.8674    0.8423      2858

Confusion matrix (rows: actual, columns: predicted):
[[  45  287]
 [  92 2434]]
Epoch 1/50 | train loss: 0.524 | validation loss: 0.6271 | validation accuracy: 0.867 | validation AP: 0.1957
Epoch 2/50 | train loss: 0.5051 | validation loss: 0.63 | validation accuracy: 0.8555 | validation AP: 0.1895
Epoch 3/50 | train loss: 0.4985 | validation loss: 0.6014 | validation accuracy: 0.7887 | validation AP: 0.1911
Epoch 4/50 | train loss: 0.4879 | validation loss: 0.6041 | validation accuracy: 0.852 | validation AP: 0.2066
Epoch 5/50 | train loss: 0.486 | validation loss: 0.5694 | validation accuracy: 0.8488 | validation AP: 0.2444
Epoch 6/50 | train loss: 0.4884 | validation loss: 0.5861 | validation accuracy: 0.8296 | validation AP: 0.2143
Epoch 7/50 | train loss: 0.4828 | validation loss: 0.5917 | validation accuracy: 0.8401 | validation AP: 0.2304
Epoch 8/50 | train loss: 0.4792 | validation loss: 0.5647 | validation accuracy: 0.8488 | validation AP: 0.2522
Epoch 9/50 | train loss: 0.4762 | validation loss: 0.5862 | validation accuracy: 0.8555 | validation AP: 0.2319
Epoch 10/50 | train loss: 0.4685 | validation loss: 0.6093 | validation accuracy: 0.8303 | validation AP: 0.2147
Epoch 11/50 | train loss: 0.462 | validation loss: 0.6243 | validation accuracy: 0.8786 | validation AP: 0.2484
Epoch 12/50 | train loss: 0.4676 | validation loss: 0.5835 | validation accuracy: 0.8471 | validation AP: 0.2395
Stopping at epoch 12: validation AP has not improved for 4 epochs.
Best epoch: 8 | validation AP: 0.2522 | epochs run: 12

Validation classification report:[I 2026-10-09 03:57:53,130] Trial 1 finished with value: 0.2846383119464728 and parameters: {'hidden_size': 136, 'num_layers': 1, 'dropout': 0.25, 'learning_rate': 0.0003823475224675188, 'batch_size': 8}. Best is trial 1 with value: 0.2846383119464728.
[I 2026-10-09 03:58:41,095] Trial 2 finished with value: 0.26303054425493816 and parameters: {'hidden_size': 56, 'num_layers': 3, 'dropout': 0.5, 'learning_rate': 0.00021930485556643703, 'batch_size': 32}. Best is trial 1 with value: 0.2846383119464728.

              precision    recall  f1-score   support

  disengaged     0.2788    0.1898    0.2258       332
     engaged     0.8978    0.9355    0.9162      2526

    accuracy                         0.8488      2858
   macro avg     0.5883    0.5626    0.5710      2858
weighted avg     0.8259    0.8488    0.8360      2858

Confusion matrix (rows: actual, columns: predicted):
[[  63  269]
 [ 163 2363]]
Epoch 1/50 | train loss: 0.6701 | validation loss: 0.6555 | validation accuracy: 0.7229 | validation AP: 0.1973
Epoch 2/50 | train loss: 0.6301 | validation loss: 0.6642 | validation accuracy: 0.7043 | validation AP: 0.1863
Epoch 3/50 | train loss: 0.6258 | validation loss: 0.6842 | validation accuracy: 0.7624 | validation AP: 0.2019
Epoch 4/50 | train loss: 0.6214 | validation loss: 0.6608 | validation accuracy: 0.7943 | validation AP: 0.2388
Epoch 5/50 | train loss: 0.6026 | validation loss: 0.6549 | validation accuracy: 0.7922 | validation AP: 0.2621
Epoch 6/50 | train loss: 0.5942 | validation loss: 0.6235 | validation accuracy: 0.697 | validation AP: 0.2427
Epoch 7/50 | train loss: 0.5941 | validation loss: 0.7489 | validation accuracy: 0.7733 | validation AP: 0.1841
Epoch 8/50 | train loss: 0.5905 | validation loss: 0.6881 | validation accuracy: 0.7663 | validation AP: 0.2295
Epoch 9/50 | train loss: 0.586 | validation loss: 0.6741 | validation accuracy: 0.7481 | validation AP: 0.2605
Stopping at epoch 9: validation AP has not improved for 4 epochs.
Best epoch: 5 | validation AP: 0.2621 | epochs run: 9

Validation classification report:
              precision    recall  f1-score   support

  disengaged     0.2669    0.4518    0.3356       332
     engaged     0.9207    0.8369    0.8768      2526

    accuracy                         0.7922      2858
   macro avg     0.5938    0.6444    0.6062      2858
weighted avg     0.8448    0.7922    0.8139      2858

Confusion matrix (rows: actual, columns: predicted):
[[ 150  182]
 [ 412 2114]]
Epoch 1/50 | train loss: 0.6588 | validation loss: 0.6785 | validation accuracy: 0.789 | validation AP: 0.1943
Epoch 2/50 | train loss: 0.6301 | validation loss: 0.6606 | validation accuracy: 0.7379 | validation AP: 0.2047
Epoch 3/50 | train loss: 0.6243 | validation loss: 0.6824 | validation accuracy: 0.8002 | validation AP: 0.2097
Epoch 4/50 | train loss: 0.6124 | validation loss: 0.6315 | validation accuracy: 0.6749 | validation AP: 0.2402
Epoch 5/50 | train loss: 0.6053 | validation loss: 0.6747 | validation accuracy: 0.7197 | validation AP: 0.2113
Epoch 6/50 | train loss: 0.5989 | validation loss: 0.6707 | validation accuracy: 0.7652 | validation AP: 0.2517
Epoch 7/50 | train loss: 0.5928 | validation loss: 0.6803 | validation accuracy: 0.7453 | validation AP: 0.2515
Epoch 8/50 | train loss: 0.5934 | validation loss: 0.6943 | validation accuracy: 0.8055 | validation AP: 0.2747
Epoch 9/50 | train loss: 0.5954 | validation loss: 0.7031 | validation accuracy: 0.781 | validation AP: 0.2282
Epoch 10/50 | train loss: 0.5828 | validation loss: 0.6559 | validation accuracy: 0.7631 | validation AP: 0.2637
Epoch 11/50 | train loss: 0.5766 | validation loss: 0.7083 | validation accuracy: 0.8058 | validation AP: 0.2442
Epoch 12/50 | train loss: 0.5789 | validation loss: 0.7262 | validation accuracy: 0.7995 | validation AP: 0.234
Stopping at epoch 12: validation AP has not improved for 4 epochs.
Best epoch: 8 | validation AP: 0.2747 | epochs run: 12

Validation classification report:
              precision    recall  f1-score   support

  disengaged     0.2676    0.3886    0.3170       332
     engaged     0.9146    0.8603    0.8866      2526

    accuracy                         0.8055      2858
   macro avg     0.5911    0.6244    0.6018      2858
weighted avg     0.8394    0.8055    0.8204      2858

Confusion matrix (rows: actual, columns: predicted):
[[ 129  203]
 [ 353 2173]]
Epoch 1/50 | train loss: 0.6671 | validation loss: 0.6559 | validation accuracy: 0.7757 | validation AP: 0.223
Epoch 2/50 | train loss: 0.6359 | validation loss: 0.6671 | validation accuracy: 0.7649 | validation AP: 0.2061
Epoch 3/50 | train loss: 0.6192 | validation loss: 0.6672 | validation accuracy: 0.7358 | validation AP: 0.1964
Epoch 4/50 | train loss: 0.6179 | validation loss: 0.6698 | validation accuracy: 0.7635 | validation AP: 0.2035
Epoch 5/50 | train loss: 0.6107 | validation loss: 0.6544 | validation accuracy: 0.7309 | validation AP: 0.2165
Stopping at epoch 5: validation AP has not improved for 4 epochs.
Best epoch: 1 | validation AP: 0.223 | epochs run: 5

Validation classification report:
              precision    recall  f1-score   support

  disengaged     0.2332    0.4066    0.2964       332
     engaged     0.9136    0.8242    0.8666      2526

    accuracy                         0.7757      2858
   macro avg     0.5734    0.6154    0.5815      2858
weighted avg     0.8345    0.7757    0.8004      2858

Confusion matrix (rows: actual, columns: predicted):
[[ 135  197]
 [ 444 2082]]
Epoch 1/50 | train loss: 0.6228 | validation loss: 0.6162 | validation accuracy: 0.8086 | validation AP: 0.2641
Epoch 2/50 | train loss: 0.5832 | validation loss: 0.6308 | validation accuracy: 0.7796 | validation AP: 0.2333
Epoch 3/50 | train loss: 0.5678 | validation loss: 0.6836 | validation accuracy: 0.8048 | validation AP: 0.1987
Epoch 4/50 | train loss: 0.5652 | validation loss: 0.6318 | validation accuracy: 0.7386 | validation AP: 0.255
Epoch 5/50 | train loss: 0.5455 | validation loss: 0.7024 | validation accuracy: 0.7687 | validation AP: 0.2328
Stopping at epoch 5: validation AP has not improved for 4 epochs.
Best epoch: 1 | validation AP: 0.2641 | epochs run: 5

Validation classification report:
              precision    recall  f1-score   support

  disengaged     0.2648    0.3645    0.3067       332
     engaged     0.9121    0.8670    0.8890      2526

    accuracy                         0.8086      2858
   macro avg     0.5884    0.6157    0.5978      2858
weighted avg     0.8369    0.8086    0.8213      2858

Confusion matrix (rows: actual, columns: predicted):
[[ 121  211]
 [ 336 2190]]
Epoch 1/50 | train loss: 0.6158 | validation loss: 0.6767 | validation accuracy: 0.8457 | validation AP: 0.2428
Epoch 2/50 | train loss: 0.5855 | validation loss: 0.6788 | validation accuracy: 0.8397 | validation AP: 0.2499
Epoch 3/50 | train loss: 0.5681 | validation loss: 0.6438 | validation accuracy: 0.8429 | validation AP: 0.259
Epoch 4/50 | train loss: 0.555 | validation loss: 0.6164 | validation accuracy: 0.7197 | validation AP: 0.2222
Epoch 5/50 | train loss: 0.5468 | validation loss: 0.6815 | validation accuracy: 0.7285 | validation AP: 0.1862
Epoch 6/50 | train loss: 0.5317 | validation loss: 0.7011 | validation accuracy: 0.7827 | validation AP: 0.2181
Epoch 7/50 | train loss: 0.532 | validation loss: 0.6678 | validation accuracy: 0.8334 | validation AP: 0.2305
Stopping at epoch 7: validation AP has not improved for 4 epochs.
Best epoch: 3 | validation AP: 0.259 | epochs run: 7

Validation classification report:
              precision    recall  f1-score   support

  disengaged     0.3003    0.2651    0.2816       332
     engaged     0.9049    0.9188    0.9118      2526

    accuracy                         0.8429      2858
   macro avg     0.6026    0.5920    0.5967      2858
weighted avg     0.8346    0.8429    0.8386      2858

Confusion matrix (rows: actual, columns: predicted):
[[  88  244]
 [ 205 2321]]
Epoch 1/50 | train loss: 0.6119 | validation loss: 0.7322 | validation accuracy: 0.8569 | validation AP: 0.1815
Epoch 2/50 | train loss: 0.5866 | validation loss: 0.7042 | validation accuracy: 0.8338 | validation AP: 0.2062
Epoch 3/50 | train loss: 0.5701 | validation loss: 0.6307 | validation accuracy: 0.753 | validation AP: 0.2485
Epoch 4/50 | train loss: 0.5526 | validation loss: 0.6952 | validation accuracy: 0.8079 | validation AP: 0.1984
Epoch 5/50 | train loss: 0.5484 | validation loss: 0.6455 | validation accuracy: 0.7708 | validation AP: 0.1997
Epoch 6/50 | train loss: 0.5409 | validation loss: 0.6371 | validation accuracy: 0.7446 | validation AP: 0.219
Epoch 7/50 | train loss: 0.534 | validation loss: 0.6731 | validation accuracy: 0.7834 | validation AP: 0.1838[I 2026-10-09 03:59:35,727] Trial 3 finished with value: 0.2703713716980198 and parameters: {'hidden_size': 40, 'num_layers': 1, 'dropout': 0.0, 'learning_rate': 0.006586289317583112, 'batch_size': 16}. Best is trial 1 with value: 0.2846383119464728.
[I 2026-10-09 03:59:53,866] Trial 4 finished with value: 0.2854522105038313 and parameters: {'hidden_size': 70, 'num_layers': 1, 'dropout': 0.0, 'learning_rate': 0.0069782812651260325, 'batch_size': 64}. Best is trial 4 with value: 0.2854522105038313.

Stopping at epoch 7: validation AP has not improved for 4 epochs.
Best epoch: 3 | validation AP: 0.2485 | epochs run: 7

Validation classification report:
              precision    recall  f1-score   support

  disengaged     0.2132    0.4187    0.2825       332
     engaged     0.9125    0.7969    0.8508      2526

    accuracy                         0.7530      2858
   macro avg     0.5629    0.6078    0.5667      2858
weighted avg     0.8313    0.7530    0.7848      2858

Confusion matrix (rows: actual, columns: predicted):
[[ 139  193]
 [ 513 2013]]
Epoch 1/50 | train loss: 0.664 | validation loss: 0.6382 | validation accuracy: 0.6571 | validation AP: 0.2046
Epoch 2/50 | train loss: 0.6353 | validation loss: 0.6328 | validation accuracy: 0.6421 | validation AP: 0.2545
Epoch 3/50 | train loss: 0.6147 | validation loss: 0.6499 | validation accuracy: 0.662 | validation AP: 0.2269
Epoch 4/50 | train loss: 0.61 | validation loss: 0.6803 | validation accuracy: 0.711 | validation AP: 0.2375
Epoch 5/50 | train loss: 0.5937 | validation loss: 0.7974 | validation accuracy: 0.8132 | validation AP: 0.2735
Epoch 6/50 | train loss: 0.5913 | validation loss: 0.6601 | validation accuracy: 0.7239 | validation AP: 0.2402
Epoch 7/50 | train loss: 0.6177 | validation loss: 0.7232 | validation accuracy: 0.6648 | validation AP: 0.1814
Epoch 8/50 | train loss: 0.6363 | validation loss: 0.8048 | validation accuracy: 0.795 | validation AP: 0.2082
Epoch 9/50 | train loss: 0.6297 | validation loss: 0.7227 | validation accuracy: 0.7225 | validation AP: 0.2099
Stopping at epoch 9: validation AP has not improved for 4 epochs.
Best epoch: 5 | validation AP: 0.2735 | epochs run: 9

Validation classification report:
              precision    recall  f1-score   support

  disengaged     0.2765    0.3765    0.3189       332
     engaged     0.9140    0.8705    0.8917      2526

    accuracy                         0.8132      2858
   macro avg     0.5953    0.6235    0.6053      2858
weighted avg     0.8399    0.8132    0.8252      2858

Confusion matrix (rows: actual, columns: predicted):
[[ 125  207]
 [ 327 2199]]
Epoch 1/50 | train loss: 0.657 | validation loss: 0.6748 | validation accuracy: 0.7376 | validation AP: 0.2608
Epoch 2/50 | train loss: 0.6181 | validation loss: 0.7037 | validation accuracy: 0.7967 | validation AP: 0.2735
Epoch 3/50 | train loss: 0.6097 | validation loss: 0.6365 | validation accuracy: 0.7204 | validation AP: 0.2807
Epoch 4/50 | train loss: 0.605 | validation loss: 0.6152 | validation accuracy: 0.5899 | validation AP: 0.2835
Epoch 5/50 | train loss: 0.5948 | validation loss: 0.7162 | validation accuracy: 0.7022 | validation AP: 0.2134
Epoch 6/50 | train loss: 0.5845 | validation loss: 0.7334 | validation accuracy: 0.6886 | validation AP: 0.2411
Epoch 7/50 | train loss: 0.5857 | validation loss: 0.6817 | validation accuracy: 0.6977 | validation AP: 0.2357
Epoch 8/50 | train loss: 0.5737 | validation loss: 0.7956 | validation accuracy: 0.7824 | validation AP: 0.2253
Stopping at epoch 8: validation AP has not improved for 4 epochs.
Best epoch: 4 | validation AP: 0.2835 | epochs run: 8

Validation classification report:
              precision    recall  f1-score   support

  disengaged     0.1754    0.6837    0.2792       332
     engaged     0.9329    0.5776    0.7134      2526

    accuracy                         0.5899      2858
   macro avg     0.5541    0.6307    0.4963      2858
weighted avg     0.8449    0.5899    0.6630      2858

Confusion matrix (rows: actual, columns: predicted):
[[ 227  105]
 [1067 1459]]
Epoch 1/50 | train loss: 0.6706 | validation loss: 0.6672 | validation accuracy: 0.7694 | validation AP: 0.2392
Epoch 2/50 | train loss: 0.6362 | validation loss: 0.683 | validation accuracy: 0.6634 | validation AP: 0.2018
Epoch 3/50 | train loss: 0.6149 | validation loss: 0.6584 | validation accuracy: 0.6302 | validation AP: 0.1967
Epoch 4/50 | train loss: 0.6075 | validation loss: 0.6387 | validation accuracy: 0.6452 | validation AP: 0.237
Epoch 5/50 | train loss: 0.5987 | validation loss: 0.6881 | validation accuracy: 0.6861 | validation AP: 0.1971
Stopping at epoch 5: validation AP has not improved for 4 epochs.
Best epoch: 1 | validation AP: 0.2392 | epochs run: 5

Validation classification report:
              precision    recall  f1-score   support

  disengaged     0.2392    0.4518    0.3128       332
     engaged     0.9184    0.8112    0.8615      2526

    accuracy                         0.7694      2858
   macro avg     0.5788    0.6315    0.5871      2858
weighted avg     0.8395    0.7694    0.7977      2858

Confusion matrix (rows: actual, columns: predicted):
[[ 150  182]
 [ 477 2049]]
Epoch 1/50 | train loss: 0.6156 | validation loss: 0.6266 | validation accuracy: 0.8044 | validation AP: 0.2401
Epoch 2/50 | train loss: 0.5849 | validation loss: 0.6431 | validation accuracy: 0.7992 | validation AP: 0.2481
Epoch 3/50 | train loss: 0.5724 | validation loss: 0.6604 | validation accuracy: 0.8006 | validation AP: 0.2094
Epoch 4/50 | train loss: 0.5688 | validation loss: 0.6128 | validation accuracy: 0.7295 | validation AP: 0.2558
Epoch 5/50 | train loss: 0.5475 | validation loss: 0.6987 | validation accuracy: 0.7806 | validation AP: 0.2605
Epoch 6/50 | train loss: 0.5374 | validation loss: 0.6072 | validation accuracy: 0.7085 | validation AP: 0.23
Epoch 7/50 | train loss: 0.5316 | validation loss: 0.6961 | validation accuracy: 0.7985 | validation AP: 0.1785
Epoch 8/50 | train loss: 0.5167 | validation loss: 0.7088 | validation accuracy: 0.8107 | validation AP: 0.1798
Epoch 9/50 | train loss: 0.5208 | validation loss: 0.6744 | validation accuracy: 0.8079 | validation AP: 0.1924
Stopping at epoch 9: validation AP has not improved for 4 epochs.
Best epoch: 5 | validation AP: 0.2605 | epochs run: 9

Validation classification report:
              precision    recall  f1-score   support

  disengaged     0.2389    0.4066    0.3010       332
     engaged     0.9141    0.8298    0.8699      2526

    accuracy                         0.7806      2858
   macro avg     0.5765    0.6182    0.5854      2858
weighted avg     0.8357    0.7806    0.8038      2858

Confusion matrix (rows: actual, columns: predicted):
[[ 135  197]
 [ 430 2096]]
Epoch 1/50 | train loss: 0.6114 | validation loss: 0.6697 | validation accuracy: 0.8328 | validation AP: 0.2481
Epoch 2/50 | train loss: 0.587 | validation loss: 0.7004 | validation accuracy: 0.867 | validation AP: 0.2479
Epoch 3/50 | train loss: 0.571 | validation loss: 0.6321 | validation accuracy: 0.8576 | validation AP: 0.2812
Epoch 4/50 | train loss: 0.5549 | validation loss: 0.6194 | validation accuracy: 0.7439 | validation AP: 0.2341
Epoch 5/50 | train loss: 0.5449 | validation loss: 0.6536 | validation accuracy: 0.7649 | validation AP: 0.2203
Epoch 6/50 | train loss: 0.5328 | validation loss: 0.6849 | validation accuracy: 0.7946 | validation AP: 0.2472
Epoch 7/50 | train loss: 0.5307 | validation loss: 0.6596 | validation accuracy: 0.8341 | validation AP: 0.2528
Stopping at epoch 7: validation AP has not improved for 4 epochs.
Best epoch: 3 | validation AP: 0.2812 | epochs run: 7

Validation classification report:
              precision    recall  f1-score   support

  disengaged     0.3318    0.2229    0.2667       332
     engaged     0.9021    0.9410    0.9211      2526

    accuracy                         0.8576      2858
   macro avg     0.6170    0.5820    0.5939      2858
weighted avg     0.8358    0.8576    0.8451      2858

Confusion matrix (rows: actual, columns: predicted):
[[  74  258]
 [ 149 2377]]
Epoch 1/50 | train loss: 0.6092 | validation loss: 0.6834 | validation accuracy: 0.8565 | validation AP: 0.2004
Epoch 2/50 | train loss: 0.5858 | validation loss: 0.6867 | validation accuracy: 0.8195 | validation AP: 0.2084
Epoch 3/50 | train loss: 0.5711 | validation loss: 0.6348 | validation accuracy: 0.7691 | validation AP: 0.235
Epoch 4/50 | train loss: 0.5494 | validation loss: 0.651 | validation accuracy: 0.7999 | validation AP: 0.2028
Epoch 5/50 | train loss: 0.5453 | validation loss: 0.6378 | validation accuracy: 0.7845 | validation AP: 0.2053
Epoch 6/50 | train loss: 0.5363 | validation loss: 0.6517 | validation accuracy: 0.7635 | validation AP: 0.197[I 2026-10-09 04:00:59,837] Trial 5 finished with value: 0.27877698313679405 and parameters: {'hidden_size': 48, 'num_layers': 1, 'dropout': 0.0, 'learning_rate': 0.0040215545266902904, 'batch_size': 16}. Best is trial 4 with value: 0.2854522105038313.
[I 2026-10-09 04:05:40,447] Trial 6 finished with value: 0.2624185805967739 and parameters: {'hidden_size': 20, 'num_layers': 3, 'dropout': 0.1, 'learning_rate': 0.0001705053926026929, 'batch_size': 8}. Best is trial 4 with value: 0.2854522105038313.

Epoch 7/50 | train loss: 0.5339 | validation loss: 0.678 | validation accuracy: 0.8034 | validation AP: 0.1914
Stopping at epoch 7: validation AP has not improved for 4 epochs.
Best epoch: 3 | validation AP: 0.235 | epochs run: 7

Validation classification report:
              precision    recall  f1-score   support

  disengaged     0.2163    0.3765    0.2747       332
     engaged     0.9092    0.8207    0.8627      2526

    accuracy                         0.7691      2858
   macro avg     0.5627    0.5986    0.5687      2858
weighted avg     0.8287    0.7691    0.7944      2858

Confusion matrix (rows: actual, columns: predicted):
[[ 125  207]
 [ 453 2073]]
Epoch 1/50 | train loss: 0.5578 | validation loss: 0.605 | validation accuracy: 0.8842 | validation AP: 0.186
Epoch 2/50 | train loss: 0.5164 | validation loss: 0.6074 | validation accuracy: 0.8541 | validation AP: 0.178
Epoch 3/50 | train loss: 0.5021 | validation loss: 0.6178 | validation accuracy: 0.852 | validation AP: 0.1877
Epoch 4/50 | train loss: 0.5134 | validation loss: 0.5946 | validation accuracy: 0.8502 | validation AP: 0.2023
Epoch 5/50 | train loss: 0.5003 | validation loss: 0.5889 | validation accuracy: 0.8544 | validation AP: 0.2126
Epoch 6/50 | train loss: 0.4949 | validation loss: 0.5775 | validation accuracy: 0.8551 | validation AP: 0.222
Epoch 7/50 | train loss: 0.4903 | validation loss: 0.5945 | validation accuracy: 0.8565 | validation AP: 0.2123
Epoch 8/50 | train loss: 0.4773 | validation loss: 0.6039 | validation accuracy: 0.8635 | validation AP: 0.2229
Epoch 9/50 | train loss: 0.4851 | validation loss: 0.5806 | validation accuracy: 0.8345 | validation AP: 0.2283
Epoch 10/50 | train loss: 0.4744 | validation loss: 0.5877 | validation accuracy: 0.8516 | validation AP: 0.2499
Epoch 11/50 | train loss: 0.4784 | validation loss: 0.5924 | validation accuracy: 0.845 | validation AP: 0.2254
Epoch 12/50 | train loss: 0.4769 | validation loss: 0.6037 | validation accuracy: 0.8579 | validation AP: 0.2419
Epoch 13/50 | train loss: 0.4724 | validation loss: 0.6024 | validation accuracy: 0.8334 | validation AP: 0.2151
Epoch 14/50 | train loss: 0.4818 | validation loss: 0.5873 | validation accuracy: 0.8195 | validation AP: 0.2198
Stopping at epoch 14: validation AP has not improved for 4 epochs.
Best epoch: 10 | validation AP: 0.2499 | epochs run: 14

Validation classification report:
              precision    recall  f1-score   support

  disengaged     0.2946    0.1988    0.2374       332
     engaged     0.8990    0.9375    0.9178      2526

    accuracy                         0.8516      2858
   macro avg     0.5968    0.5681    0.5776      2858
weighted avg     0.8288    0.8516    0.8388      2858

Confusion matrix (rows: actual, columns: predicted):
[[  66  266]
 [ 158 2368]]
Epoch 1/50 | train loss: 0.5574 | validation loss: 0.6138 | validation accuracy: 0.8786 | validation AP: 0.158
Epoch 2/50 | train loss: 0.5207 | validation loss: 0.5999 | validation accuracy: 0.8646 | validation AP: 0.1766
Epoch 3/50 | train loss: 0.5057 | validation loss: 0.595 | validation accuracy: 0.8782 | validation AP: 0.2056
Epoch 4/50 | train loss: 0.5044 | validation loss: 0.586 | validation accuracy: 0.8118 | validation AP: 0.192
Epoch 5/50 | train loss: 0.4985 | validation loss: 0.5955 | validation accuracy: 0.8296 | validation AP: 0.1844
Epoch 6/50 | train loss: 0.4874 | validation loss: 0.5946 | validation accuracy: 0.8583 | validation AP: 0.2116
Epoch 7/50 | train loss: 0.49 | validation loss: 0.582 | validation accuracy: 0.8359 | validation AP: 0.2104
Epoch 8/50 | train loss: 0.4841 | validation loss: 0.6014 | validation accuracy: 0.8723 | validation AP: 0.2299
Epoch 9/50 | train loss: 0.4863 | validation loss: 0.5998 | validation accuracy: 0.86 | validation AP: 0.2045
Epoch 10/50 | train loss: 0.4744 | validation loss: 0.571 | validation accuracy: 0.8237 | validation AP: 0.2254
Epoch 11/50 | train loss: 0.4838 | validation loss: 0.5864 | validation accuracy: 0.845 | validation AP: 0.2254
Epoch 12/50 | train loss: 0.4838 | validation loss: 0.5957 | validation accuracy: 0.8432 | validation AP: 0.2085
Stopping at epoch 12: validation AP has not improved for 4 epochs.
Best epoch: 8 | validation AP: 0.2299 | epochs run: 12

Validation classification report:
              precision    recall  f1-score   support

  disengaged     0.3187    0.0873    0.1371       332
     engaged     0.8905    0.9755    0.9310      2526

    accuracy                         0.8723      2858
   macro avg     0.6046    0.5314    0.5341      2858
weighted avg     0.8241    0.8723    0.8388      2858

Confusion matrix (rows: actual, columns: predicted):
[[  29  303]
 [  62 2464]]
Epoch 1/50 | train loss: 0.5528 | validation loss: 0.6146 | validation accuracy: 0.866 | validation AP: 0.1712
Epoch 2/50 | train loss: 0.5147 | validation loss: 0.6116 | validation accuracy: 0.8674 | validation AP: 0.1757
Epoch 3/50 | train loss: 0.5094 | validation loss: 0.6 | validation accuracy: 0.8467 | validation AP: 0.178
Epoch 4/50 | train loss: 0.4955 | validation loss: 0.6049 | validation accuracy: 0.8593 | validation AP: 0.1922
Epoch 5/50 | train loss: 0.488 | validation loss: 0.5823 | validation accuracy: 0.8453 | validation AP: 0.2156
Epoch 6/50 | train loss: 0.4929 | validation loss: 0.5793 | validation accuracy: 0.8516 | validation AP: 0.2229
Epoch 7/50 | train loss: 0.4846 | validation loss: 0.5848 | validation accuracy: 0.867 | validation AP: 0.2389
Epoch 8/50 | train loss: 0.4808 | validation loss: 0.5755 | validation accuracy: 0.8551 | validation AP: 0.2258
Epoch 9/50 | train loss: 0.4797 | validation loss: 0.5777 | validation accuracy: 0.8597 | validation AP: 0.2401
Epoch 10/50 | train loss: 0.4707 | validation loss: 0.5867 | validation accuracy: 0.859 | validation AP: 0.246
Epoch 11/50 | train loss: 0.4675 | validation loss: 0.6035 | validation accuracy: 0.8695 | validation AP: 0.2544
Epoch 12/50 | train loss: 0.4743 | validation loss: 0.5751 | validation accuracy: 0.8534 | validation AP: 0.2438
Epoch 13/50 | train loss: 0.47 | validation loss: 0.6 | validation accuracy: 0.8583 | validation AP: 0.234
Epoch 14/50 | train loss: 0.4641 | validation loss: 0.5806 | validation accuracy: 0.838 | validation AP: 0.2437
Epoch 15/50 | train loss: 0.4755 | validation loss: 0.5996 | validation accuracy: 0.8562 | validation AP: 0.2205
Stopping at epoch 15: validation AP has not improved for 4 epochs.
Best epoch: 11 | validation AP: 0.2544 | epochs run: 15

Validation classification report:
              precision    recall  f1-score   support

  disengaged     0.3360    0.1265    0.1838       332
     engaged     0.8939    0.9671    0.9291      2526

    accuracy                         0.8695      2858
   macro avg     0.6149    0.5468    0.5564      2858
weighted avg     0.8291    0.8695    0.8425      2858

Confusion matrix (rows: actual, columns: predicted):
[[  42  290]
 [  83 2443]]
Epoch 1/50 | train loss: 0.6447 | validation loss: 0.6361 | validation accuracy: 0.712 | validation AP: 0.2286
Epoch 2/50 | train loss: 0.617 | validation loss: 0.6446 | validation accuracy: 0.732 | validation AP: 0.2476
Epoch 3/50 | train loss: 0.6059 | validation loss: 0.6688 | validation accuracy: 0.7456 | validation AP: 0.2125
Epoch 4/50 | train loss: 0.5991 | validation loss: 0.6722 | validation accuracy: 0.7519 | validation AP: 0.2397
Epoch 5/50 | train loss: 0.5753 | validation loss: 0.7436 | validation accuracy: 0.7607 | validation AP: 0.2727
Epoch 6/50 | train loss: 0.5731 | validation loss: 0.6321 | validation accuracy: 0.654 | validation AP: 0.2234
Epoch 7/50 | train loss: 0.567 | validation loss: 0.7493 | validation accuracy: 0.7852 | validation AP: 0.2068
Epoch 8/50 | train loss: 0.5515 | validation loss: 0.6927 | validation accuracy: 0.7155 | validation AP: 0.1909
Epoch 9/50 | train loss: 0.547 | validation loss: 0.6649 | validation accuracy: 0.6844 | validation AP: 0.2252
Stopping at epoch 9: validation AP has not improved for 4 epochs.
Best epoch: 5 | validation AP: 0.2727 | epochs run: 9

Validation classification report:
              precision    recall  f1-score   support

  disengaged     0.2373    0.4789    0.3174       332
     engaged     0.9209    0.7977    0.8549      2526

    accuracy                         0.7607      2858
   macro avg     0.5791    0.6383    0.5861      2858
weighted avg     0.8415    0.7607    0.7925      2858
[I 2026-10-09 04:06:10,564] Trial 7 finished with value: 0.28144225494830866 and parameters: {'hidden_size': 40, 'num_layers': 1, 'dropout': 0.1, 'learning_rate': 0.0026698666742744613, 'batch_size': 32}. Best is trial 4 with value: 0.2854522105038313.
[I 2026-10-09 04:08:41,027] Trial 8 finished with value: 0.2727161039954496 and parameters: {'hidden_size': 66, 'num_layers': 2, 'dropout': 0.25, 'learning_rate': 0.0010402587615883842, 'batch_size': 8}. Best is trial 4 with value: 0.2854522105038313.

Confusion matrix (rows: actual, columns: predicted):
[[ 159  173]
 [ 511 2015]]
Epoch 1/50 | train loss: 0.6389 | validation loss: 0.7074 | validation accuracy: 0.7964 | validation AP: 0.2044
Epoch 2/50 | train loss: 0.6175 | validation loss: 0.6807 | validation accuracy: 0.8114 | validation AP: 0.2268
Epoch 3/50 | train loss: 0.5977 | validation loss: 0.6576 | validation accuracy: 0.7761 | validation AP: 0.2661
Epoch 4/50 | train loss: 0.59 | validation loss: 0.6292 | validation accuracy: 0.5682 | validation AP: 0.2455
Epoch 5/50 | train loss: 0.5818 | validation loss: 0.7016 | validation accuracy: 0.7183 | validation AP: 0.1985
Epoch 6/50 | train loss: 0.5729 | validation loss: 0.6848 | validation accuracy: 0.7348 | validation AP: 0.2294
Epoch 7/50 | train loss: 0.5599 | validation loss: 0.6849 | validation accuracy: 0.7316 | validation AP: 0.2524
Stopping at epoch 7: validation AP has not improved for 4 epochs.
Best epoch: 3 | validation AP: 0.2661 | epochs run: 7

Validation classification report:
              precision    recall  f1-score   support

  disengaged     0.2326    0.4036    0.2952       332
     engaged     0.9132    0.8250    0.8669      2526

    accuracy                         0.7761      2858
   macro avg     0.5729    0.6143    0.5810      2858
weighted avg     0.8342    0.7761    0.8005      2858

Confusion matrix (rows: actual, columns: predicted):
[[ 134  198]
 [ 442 2084]]
Epoch 1/50 | train loss: 0.653 | validation loss: 0.6621 | validation accuracy: 0.7918 | validation AP: 0.2515
Epoch 2/50 | train loss: 0.6203 | validation loss: 0.6808 | validation accuracy: 0.7544 | validation AP: 0.2242
Epoch 3/50 | train loss: 0.597 | validation loss: 0.655 | validation accuracy: 0.7029 | validation AP: 0.2099
Epoch 4/50 | train loss: 0.5855 | validation loss: 0.646 | validation accuracy: 0.7029 | validation AP: 0.2254
Epoch 5/50 | train loss: 0.5775 | validation loss: 0.6541 | validation accuracy: 0.7085 | validation AP: 0.2308
Stopping at epoch 5: validation AP has not improved for 4 epochs.
Best epoch: 1 | validation AP: 0.2515 | epochs run: 5

Validation classification report:
              precision    recall  f1-score   support

  disengaged     0.2551    0.4127    0.3153       332
     engaged     0.9160    0.8416    0.8772      2526

    accuracy                         0.7918      2858
   macro avg     0.5856    0.6271    0.5963      2858
weighted avg     0.8392    0.7918    0.8120      2858

Confusion matrix (rows: actual, columns: predicted):
[[ 137  195]
 [ 400 2126]]
Epoch 1/50 | train loss: 0.5345 | validation loss: 0.5676 | validation accuracy: 0.8695 | validation AP: 0.2601
Epoch 2/50 | train loss: 0.504 | validation loss: 0.5937 | validation accuracy: 0.8324 | validation AP: 0.2236
Epoch 3/50 | train loss: 0.4917 | validation loss: 0.6315 | validation accuracy: 0.8251 | validation AP: 0.1975
Epoch 4/50 | train loss: 0.5046 | validation loss: 0.5758 | validation accuracy: 0.8324 | validation AP: 0.2393
Epoch 5/50 | train loss: 0.4884 | validation loss: 0.5755 | validation accuracy: 0.8334 | validation AP: 0.2707
Epoch 6/50 | train loss: 0.4812 | validation loss: 0.5609 | validation accuracy: 0.8345 | validation AP: 0.2474
Epoch 7/50 | train loss: 0.4714 | validation loss: 0.6099 | validation accuracy: 0.8272 | validation AP: 0.1702
Epoch 8/50 | train loss: 0.4592 | validation loss: 0.6183 | validation accuracy: 0.8394 | validation AP: 0.1942
Epoch 9/50 | train loss: 0.4645 | validation loss: 0.6008 | validation accuracy: 0.8467 | validation AP: 0.1959
Stopping at epoch 9: validation AP has not improved for 4 epochs.
Best epoch: 5 | validation AP: 0.2707 | epochs run: 9

Validation classification report:
              precision    recall  f1-score   support

  disengaged     0.2989    0.3223    0.3101       332
     engaged     0.9100    0.9006    0.9053      2526

    accuracy                         0.8334      2858
   macro avg     0.6044    0.6115    0.6077      2858
weighted avg     0.8390    0.8334    0.8362      2858

Confusion matrix (rows: actual, columns: predicted):
[[ 107  225]
 [ 251 2275]]
Epoch 1/50 | train loss: 0.5314 | validation loss: 0.6232 | validation accuracy: 0.8674 | validation AP: 0.2341
Epoch 2/50 | train loss: 0.5126 | validation loss: 0.5958 | validation accuracy: 0.8796 | validation AP: 0.2609
Epoch 3/50 | train loss: 0.4992 | validation loss: 0.5682 | validation accuracy: 0.8775 | validation AP: 0.2816
Epoch 4/50 | train loss: 0.4978 | validation loss: 0.5774 | validation accuracy: 0.7995 | validation AP: 0.2026
Epoch 5/50 | train loss: 0.4881 | validation loss: 0.5963 | validation accuracy: 0.8348 | validation AP: 0.22
Epoch 6/50 | train loss: 0.4824 | validation loss: 0.6306 | validation accuracy: 0.8499 | validation AP: 0.2374
Epoch 7/50 | train loss: 0.4832 | validation loss: 0.596 | validation accuracy: 0.8681 | validation AP: 0.2413
Stopping at epoch 7: validation AP has not improved for 4 epochs.
Best epoch: 3 | validation AP: 0.2816 | epochs run: 7

Validation classification report:
              precision    recall  f1-score   support

  disengaged     0.4224    0.1476    0.2188       332
     engaged     0.8968    0.9735    0.9336      2526

    accuracy                         0.8775      2858
   macro avg     0.6596    0.5605    0.5762      2858
weighted avg     0.8417    0.8775    0.8505      2858

Confusion matrix (rows: actual, columns: predicted):
[[  49  283]
 [  67 2459]]
Epoch 1/50 | train loss: 0.5259 | validation loss: 0.6257 | validation accuracy: 0.8642 | validation AP: 0.201
Epoch 2/50 | train loss: 0.5087 | validation loss: 0.6219 | validation accuracy: 0.8348 | validation AP: 0.1814
Epoch 3/50 | train loss: 0.4995 | validation loss: 0.5826 | validation accuracy: 0.8107 | validation AP: 0.2335
Epoch 4/50 | train loss: 0.4865 | validation loss: 0.614 | validation accuracy: 0.8523 | validation AP: 0.2101
Epoch 5/50 | train loss: 0.4869 | validation loss: 0.5794 | validation accuracy: 0.8509 | validation AP: 0.2319
Epoch 6/50 | train loss: 0.4876 | validation loss: 0.5856 | validation accuracy: 0.8237 | validation AP: 0.2139
Epoch 7/50 | train loss: 0.4756 | validation loss: 0.6181 | validation accuracy: 0.8429 | validation AP: 0.1914
Stopping at epoch 7: validation AP has not improved for 4 epochs.
Best epoch: 3 | validation AP: 0.2335 | epochs run: 7

Validation classification report:
              precision    recall  f1-score   support

  disengaged     0.2432    0.2982    0.2679       332
     engaged     0.9049    0.8781    0.8913      2526

    accuracy                         0.8107      2858
   macro avg     0.5741    0.5881    0.5796      2858
weighted avg     0.8281    0.8107    0.8189      2858

Confusion matrix (rows: actual, columns: predicted):
[[  99  233]
 [ 308 2218]]
Epoch 1/50 | train loss: 0.6458 | validation loss: 0.642 | validation accuracy: 0.7355 | validation AP: 0.2334
Epoch 2/50 | train loss: 0.6211 | validation loss: 0.6461 | validation accuracy: 0.7299 | validation AP: 0.2635
Epoch 3/50 | train loss: 0.608 | validation loss: 0.6655 | validation accuracy: 0.7533 | validation AP: 0.2359
Epoch 4/50 | train loss: 0.6053 | validation loss: 0.6707 | validation accuracy: 0.7299 | validation AP: 0.2554
Epoch 5/50 | train loss: 0.5809 | validation loss: 0.723 | validation accuracy: 0.7834 | validation AP: 0.275
Epoch 6/50 | train loss: 0.5743 | validation loss: 0.6293 | validation accuracy: 0.6819 | validation AP: 0.2513
Epoch 7/50 | train loss: 0.5708 | validation loss: 0.7344 | validation accuracy: 0.7974 | validation AP: 0.2035
Epoch 8/50 | train loss: 0.5534 | validation loss: 0.7254 | validation accuracy: 0.726 | validation AP: 0.1889
Epoch 9/50 | train loss: 0.551 | validation loss: 0.6924 | validation accuracy: 0.6851 | validation AP: 0.1975
Stopping at epoch 9: validation AP has not improved for 4 epochs.
Best epoch: 5 | validation AP: 0.275 | epochs run: 9

Validation classification report:
              precision    recall  f1-score   support

  disengaged     0.2451    0.4157    0.3084       332
     engaged     0.9155    0.8317    0.8716      2526

    accuracy                         0.7834      2858
   macro avg     0.5803    0.6237    0.5900      2858
weighted avg     0.8376    0.7834    0.8062      2858
[I 2026-10-09 04:09:11,331] Trial 9 finished with value: 0.27847102268743545 and parameters: {'hidden_size': 33, 'num_layers': 1, 'dropout': 0.1, 'learning_rate': 0.005532496914298506, 'batch_size': 32}. Best is trial 4 with value: 0.2854522105038313.
[I 2026-10-09 04:09:34,587] Trial 10 finished with value: 0.2766333814938741 and parameters: {'hidden_size': 128, 'num_layers': 3, 'dropout': 0.0, 'learning_rate': 0.0007257517601450171, 'batch_size': 64}. Best is trial 4 with value: 0.2854522105038313.

Confusion matrix (rows: actual, columns: predicted):
[[ 138  194]
 [ 425 2101]]
Epoch 1/50 | train loss: 0.6406 | validation loss: 0.7124 | validation accuracy: 0.7995 | validation AP: 0.2377
Epoch 2/50 | train loss: 0.6104 | validation loss: 0.7219 | validation accuracy: 0.8093 | validation AP: 0.2547
Epoch 3/50 | train loss: 0.596 | validation loss: 0.6765 | validation accuracy: 0.7862 | validation AP: 0.2629
Epoch 4/50 | train loss: 0.5894 | validation loss: 0.6353 | validation accuracy: 0.5602 | validation AP: 0.2516
Epoch 5/50 | train loss: 0.5798 | validation loss: 0.6756 | validation accuracy: 0.7278 | validation AP: 0.24
Epoch 6/50 | train loss: 0.576 | validation loss: 0.7227 | validation accuracy: 0.7414 | validation AP: 0.2351
Epoch 7/50 | train loss: 0.5708 | validation loss: 0.6602 | validation accuracy: 0.7523 | validation AP: 0.2527
Stopping at epoch 7: validation AP has not improved for 4 epochs.
Best epoch: 3 | validation AP: 0.2629 | epochs run: 7

Validation classification report:
              precision    recall  f1-score   support

  disengaged     0.2459    0.4066    0.3065       332
     engaged     0.9147    0.8361    0.8736      2526

    accuracy                         0.7862      2858
   macro avg     0.5803    0.6214    0.5900      2858
weighted avg     0.8370    0.7862    0.8077      2858

Confusion matrix (rows: actual, columns: predicted):
[[ 135  197]
 [ 414 2112]]
Epoch 1/50 | train loss: 0.6488 | validation loss: 0.6674 | validation accuracy: 0.8041 | validation AP: 0.2475
Epoch 2/50 | train loss: 0.6158 | validation loss: 0.6973 | validation accuracy: 0.7467 | validation AP: 0.2132
Epoch 3/50 | train loss: 0.5986 | validation loss: 0.674 | validation accuracy: 0.7439 | validation AP: 0.2101
Epoch 4/50 | train loss: 0.5917 | validation loss: 0.6901 | validation accuracy: 0.7488 | validation AP: 0.2085
Epoch 5/50 | train loss: 0.5789 | validation loss: 0.6678 | validation accuracy: 0.7456 | validation AP: 0.2317
Stopping at epoch 5: validation AP has not improved for 4 epochs.
Best epoch: 1 | validation AP: 0.2475 | epochs run: 5

Validation classification report:
              precision    recall  f1-score   support

  disengaged     0.2500    0.3434    0.2893       332
     engaged     0.9092    0.8646    0.8864      2526

    accuracy                         0.8041      2858
   macro avg     0.5796    0.6040    0.5879      2858
weighted avg     0.8327    0.8041    0.8170      2858

Confusion matrix (rows: actual, columns: predicted):
[[ 114  218]
 [ 342 2184]]
Epoch 1/50 | train loss: 0.6644 | validation loss: 0.6407 | validation accuracy: 0.6015 | validation AP: 0.207
Epoch 2/50 | train loss: 0.6355 | validation loss: 0.6304 | validation accuracy: 0.6365 | validation AP: 0.2379
Epoch 3/50 | train loss: 0.6276 | validation loss: 0.6612 | validation accuracy: 0.7418 | validation AP: 0.2407
Epoch 4/50 | train loss: 0.621 | validation loss: 0.6641 | validation accuracy: 0.7386 | validation AP: 0.2643
Epoch 5/50 | train loss: 0.6094 | validation loss: 0.6993 | validation accuracy: 0.7617 | validation AP: 0.2807
Epoch 6/50 | train loss: 0.6058 | validation loss: 0.6087 | validation accuracy: 0.6015 | validation AP: 0.2708
Epoch 7/50 | train loss: 0.6063 | validation loss: 0.709 | validation accuracy: 0.7659 | validation AP: 0.2355
Epoch 8/50 | train loss: 0.5945 | validation loss: 0.6738 | validation accuracy: 0.7316 | validation AP: 0.2287
Epoch 9/50 | train loss: 0.5866 | validation loss: 0.6719 | validation accuracy: 0.6603 | validation AP: 0.2496
Stopping at epoch 9: validation AP has not improved for 4 epochs.
Best epoch: 5 | validation AP: 0.2807 | epochs run: 9

Validation classification report:
              precision    recall  f1-score   support

  disengaged     0.2376    0.4759    0.3170       332
     engaged     0.9207    0.7993    0.8557      2526

    accuracy                         0.7617      2858
   macro avg     0.5791    0.6376    0.5863      2858
weighted avg     0.8413    0.7617    0.7931      2858

Confusion matrix (rows: actual, columns: predicted):
[[ 158  174]
 [ 507 2019]]
Epoch 1/50 | train loss: 0.6553 | validation loss: 0.6661 | validation accuracy: 0.6889 | validation AP: 0.2045
Epoch 2/50 | train loss: 0.6306 | validation loss: 0.6479 | validation accuracy: 0.7393 | validation AP: 0.2662
Epoch 3/50 | train loss: 0.6247 | validation loss: 0.6541 | validation accuracy: 0.7337 | validation AP: 0.2638
Epoch 4/50 | train loss: 0.6134 | validation loss: 0.6127 | validation accuracy: 0.5595 | validation AP: 0.2647
Epoch 5/50 | train loss: 0.6076 | validation loss: 0.6646 | validation accuracy: 0.669 | validation AP: 0.2399
Epoch 6/50 | train loss: 0.6061 | validation loss: 0.6667 | validation accuracy: 0.6924 | validation AP: 0.2508
Stopping at epoch 6: validation AP has not improved for 4 epochs.
Best epoch: 2 | validation AP: 0.2662 | epochs run: 6

Validation classification report:
              precision    recall  f1-score   support

  disengaged     0.2236    0.5030    0.3095       332
     engaged     0.9218    0.7704    0.8393      2526

    accuracy                         0.7393      2858
   macro avg     0.5727    0.6367    0.5744      2858
weighted avg     0.8407    0.7393    0.7778      2858

Confusion matrix (rows: actual, columns: predicted):
[[ 167  165]
 [ 580 1946]]
Epoch 1/50 | train loss: 0.6672 | validation loss: 0.6834 | validation accuracy: 0.7593 | validation AP: 0.216
Epoch 2/50 | train loss: 0.6357 | validation loss: 0.6666 | validation accuracy: 0.7019 | validation AP: 0.2123
Epoch 3/50 | train loss: 0.6237 | validation loss: 0.6488 | validation accuracy: 0.641 | validation AP: 0.2049
Epoch 4/50 | train loss: 0.6162 | validation loss: 0.6446 | validation accuracy: 0.6886 | validation AP: 0.2502
Epoch 5/50 | train loss: 0.6165 | validation loss: 0.6226 | validation accuracy: 0.5955 | validation AP: 0.2662
Epoch 6/50 | train loss: 0.6038 | validation loss: 0.646 | validation accuracy: 0.7036 | validation AP: 0.2608
Epoch 7/50 | train loss: 0.6069 | validation loss: 0.6565 | validation accuracy: 0.6984 | validation AP: 0.2347
Epoch 8/50 | train loss: 0.6031 | validation loss: 0.6561 | validation accuracy: 0.6183 | validation AP: 0.1846
Epoch 9/50 | train loss: 0.6003 | validation loss: 0.6585 | validation accuracy: 0.6648 | validation AP: 0.233
Stopping at epoch 9: validation AP has not improved for 4 epochs.
Best epoch: 5 | validation AP: 0.2662 | epochs run: 9

Validation classification report:
              precision    recall  f1-score   support

  disengaged     0.1761    0.6747    0.2793       332
     engaged     0.9319    0.5851    0.7189      2526

    accuracy                         0.5955      2858
   macro avg     0.5540    0.6299    0.4991      2858
weighted avg     0.8441    0.5955    0.6678      2858

Confusion matrix (rows: actual, columns: predicted):
[[ 224  108]
 [1048 1478]]
Epoch 1/50 | train loss: 0.544 | validation loss: 0.5839 | validation accuracy: 0.86 | validation AP: 0.206
Epoch 2/50 | train loss: 0.508 | validation loss: 0.6114 | validation accuracy: 0.8614 | validation AP: 0.1867
Epoch 3/50 | train loss: 0.5007 | validation loss: 0.622 | validation accuracy: 0.8523 | validation AP: 0.1912
Epoch 4/50 | train loss: 0.5085 | validation loss: 0.5922 | validation accuracy: 0.8597 | validation AP: 0.2195
Epoch 5/50 | train loss: 0.4964 | validation loss: 0.5679 | validation accuracy: 0.8513 | validation AP: 0.2676
Epoch 6/50 | train loss: 0.4881 | validation loss: 0.5667 | validation accuracy: 0.8488 | validation AP: 0.2522
Epoch 7/50 | train loss: 0.4868 | validation loss: 0.5939 | validation accuracy: 0.8579 | validation AP: 0.2136
Epoch 8/50 | train loss: 0.4752 | validation loss: 0.6008 | validation accuracy: 0.8726 | validation AP: 0.2445
Epoch 9/50 | train loss: 0.4836 | validation loss: 0.5785 | validation accuracy: 0.8471 | validation AP: 0.2553
Stopping at epoch 9: validation AP has not improved for 4 epochs.
Best epoch: 5 | validation AP: 0.2676 | epochs run: 9

Validation classification report:
              precision    recall  f1-score   support

  disengaged     0.3117    0.2319    0.2660       332
     engaged     0.9023    0.9327    0.9173      2526

    accuracy                         0.8513      2858
   macro avg     0.6070    0.5823    0.5916      2858
weighted avg     0.8337    0.8513    0.8416      2858
[I 2026-10-09 04:14:32,587] Trial 11 finished with value: 0.28280761708900654 and parameters: {'hidden_size': 130, 'num_layers': 1, 'dropout': 0.25, 'learning_rate': 0.00010705309697335535, 'batch_size': 8}. Best is trial 4 with value: 0.2854522105038313.

Confusion matrix (rows: actual, columns: predicted):
[[  77  255]
 [ 170 2356]]
Epoch 1/50 | train loss: 0.5319 | validation loss: 0.6143 | validation accuracy: 0.8593 | validation AP: 0.1948
Epoch 2/50 | train loss: 0.516 | validation loss: 0.5967 | validation accuracy: 0.8656 | validation AP: 0.1806
Epoch 3/50 | train loss: 0.5053 | validation loss: 0.5938 | validation accuracy: 0.8702 | validation AP: 0.2074
Epoch 4/50 | train loss: 0.5027 | validation loss: 0.5733 | validation accuracy: 0.846 | validation AP: 0.2283
Epoch 5/50 | train loss: 0.4963 | validation loss: 0.5908 | validation accuracy: 0.8509 | validation AP: 0.1901
Epoch 6/50 | train loss: 0.4843 | validation loss: 0.5892 | validation accuracy: 0.8614 | validation AP: 0.2368
Epoch 7/50 | train loss: 0.4883 | validation loss: 0.5788 | validation accuracy: 0.8453 | validation AP: 0.2422
Epoch 8/50 | train loss: 0.4815 | validation loss: 0.5843 | validation accuracy: 0.8642 | validation AP: 0.2603
Epoch 9/50 | train loss: 0.4846 | validation loss: 0.6021 | validation accuracy: 0.8516 | validation AP: 0.2108
Epoch 10/50 | train loss: 0.4756 | validation loss: 0.5693 | validation accuracy: 0.8324 | validation AP: 0.2505
Epoch 11/50 | train loss: 0.4834 | validation loss: 0.5778 | validation accuracy: 0.8649 | validation AP: 0.2538
Epoch 12/50 | train loss: 0.4823 | validation loss: 0.5971 | validation accuracy: 0.8439 | validation AP: 0.2198
Stopping at epoch 12: validation AP has not improved for 4 epochs.
Best epoch: 8 | validation AP: 0.2603 | epochs run: 12

Validation classification report:
              precision    recall  f1-score   support

  disengaged     0.3205    0.1506    0.2049       332
     engaged     0.8956    0.9580    0.9258      2526

    accuracy                         0.8642      2858
   macro avg     0.6081    0.5543    0.5654      2858
weighted avg     0.8288    0.8642    0.8420      2858

Confusion matrix (rows: actual, columns: predicted):
[[  50  282]
 [ 106 2420]]
Epoch 1/50 | train loss: 0.5413 | validation loss: 0.6187 | validation accuracy: 0.8723 | validation AP: 0.1913
Epoch 2/50 | train loss: 0.5071 | validation loss: 0.6153 | validation accuracy: 0.8681 | validation AP: 0.1817
Epoch 3/50 | train loss: 0.5044 | validation loss: 0.5997 | validation accuracy: 0.8429 | validation AP: 0.1741
Epoch 4/50 | train loss: 0.4969 | validation loss: 0.6094 | validation accuracy: 0.8618 | validation AP: 0.1887
Epoch 5/50 | train loss: 0.4947 | validation loss: 0.5762 | validation accuracy: 0.852 | validation AP: 0.2172
Epoch 6/50 | train loss: 0.4971 | validation loss: 0.5756 | validation accuracy: 0.8495 | validation AP: 0.2189
Epoch 7/50 | train loss: 0.4895 | validation loss: 0.5822 | validation accuracy: 0.8481 | validation AP: 0.2336
Epoch 8/50 | train loss: 0.4837 | validation loss: 0.5704 | validation accuracy: 0.8495 | validation AP: 0.2418
Epoch 9/50 | train loss: 0.4867 | validation loss: 0.5768 | validation accuracy: 0.8478 | validation AP: 0.2405
Epoch 10/50 | train loss: 0.478 | validation loss: 0.578 | validation accuracy: 0.8478 | validation AP: 0.2626
Epoch 11/50 | train loss: 0.4729 | validation loss: 0.6003 | validation accuracy: 0.8649 | validation AP: 0.2576
Epoch 12/50 | train loss: 0.4804 | validation loss: 0.5722 | validation accuracy: 0.8481 | validation AP: 0.2544
Epoch 13/50 | train loss: 0.4784 | validation loss: 0.5942 | validation accuracy: 0.8523 | validation AP: 0.2282
Epoch 14/50 | train loss: 0.472 | validation loss: 0.5839 | validation accuracy: 0.8411 | validation AP: 0.2436
Stopping at epoch 14: validation AP has not improved for 4 epochs.
Best epoch: 10 | validation AP: 0.2626 | epochs run: 14

Validation classification report:
              precision    recall  f1-score   support

  disengaged     0.3012    0.2349    0.2640       332
     engaged     0.9023    0.9283    0.9151      2526

    accuracy                         0.8478      2858
   macro avg     0.6017    0.5816    0.5895      2858
weighted avg     0.8324    0.8478    0.8395      2858

Confusion matrix (rows: actual, columns: predicted):
[[  78  254]
 [ 181 2345]]
Epoch 1/50 | train loss: 0.6443 | validation loss: 0.6427 | validation accuracy: 0.7064 | validation AP: 0.206
Epoch 2/50 | train loss: 0.6207 | validation loss: 0.6477 | validation accuracy: 0.7197 | validation AP: 0.2533
Epoch 3/50 | train loss: 0.6089 | validation loss: 0.6566 | validation accuracy: 0.7264 | validation AP: 0.2284
Epoch 4/50 | train loss: 0.6046 | validation loss: 0.6543 | validation accuracy: 0.7551 | validation AP: 0.2656
Epoch 5/50 | train loss: 0.5858 | validation loss: 0.7154 | validation accuracy: 0.7922 | validation AP: 0.2707
Epoch 6/50 | train loss: 0.5874 | validation loss: 0.6293 | validation accuracy: 0.6536 | validation AP: 0.2442
Epoch 7/50 | train loss: 0.5809 | validation loss: 0.7326 | validation accuracy: 0.7607 | validation AP: 0.186
Epoch 8/50 | train loss: 0.5631 | validation loss: 0.7043 | validation accuracy: 0.7106 | validation AP: 0.2131
Epoch 9/50 | train loss: 0.5611 | validation loss: 0.6712 | validation accuracy: 0.7075 | validation AP: 0.2507
Stopping at epoch 9: validation AP has not improved for 4 epochs.
Best epoch: 5 | validation AP: 0.2707 | epochs run: 9

Validation classification report:
              precision    recall  f1-score   support

  disengaged     0.2592    0.4247    0.3219       332
     engaged     0.9175    0.8405    0.8773      2526

    accuracy                         0.7922      2858
   macro avg     0.5883    0.6326    0.5996      2858
weighted avg     0.8410    0.7922    0.8128      2858

Confusion matrix (rows: actual, columns: predicted):
[[ 141  191]
 [ 403 2123]]
Epoch 1/50 | train loss: 0.6405 | validation loss: 0.7097 | validation accuracy: 0.7883 | validation AP: 0.2088
Epoch 2/50 | train loss: 0.6158 | validation loss: 0.6566 | validation accuracy: 0.7999 | validation AP: 0.2771
Epoch 3/50 | train loss: 0.601 | validation loss: 0.6542 | validation accuracy: 0.7995 | validation AP: 0.2732
Epoch 4/50 | train loss: 0.5908 | validation loss: 0.6219 | validation accuracy: 0.5808 | validation AP: 0.2711
Epoch 5/50 | train loss: 0.579 | validation loss: 0.694 | validation accuracy: 0.7162 | validation AP: 0.2072
Epoch 6/50 | train loss: 0.5732 | validation loss: 0.6853 | validation accuracy: 0.7481 | validation AP: 0.2419
Stopping at epoch 6: validation AP has not improved for 4 epochs.
Best epoch: 2 | validation AP: 0.2771 | epochs run: 6

Validation classification report:
              precision    recall  f1-score   support

  disengaged     0.2638    0.4036    0.3190       332
     engaged     0.9157    0.8519    0.8827      2526

    accuracy                         0.7999      2858
   macro avg     0.5898    0.6278    0.6009      2858
weighted avg     0.8400    0.7999    0.8172      2858

Confusion matrix (rows: actual, columns: predicted):
[[ 134  198]
 [ 374 2152]]
Epoch 1/50 | train loss: 0.6544 | validation loss: 0.6523 | validation accuracy: 0.7782 | validation AP: 0.2327
Epoch 2/50 | train loss: 0.6245 | validation loss: 0.6813 | validation accuracy: 0.7502 | validation AP: 0.2121
Epoch 3/50 | train loss: 0.607 | validation loss: 0.6644 | validation accuracy: 0.718 | validation AP: 0.2098
Epoch 4/50 | train loss: 0.5973 | validation loss: 0.649 | validation accuracy: 0.7162 | validation AP: 0.2403
Epoch 5/50 | train loss: 0.5915 | validation loss: 0.6554 | validation accuracy: 0.7229 | validation AP: 0.2423
Epoch 6/50 | train loss: 0.5803 | validation loss: 0.6562 | validation accuracy: 0.7159 | validation AP: 0.2395
Epoch 7/50 | train loss: 0.5758 | validation loss: 0.696 | validation accuracy: 0.7848 | validation AP: 0.2363
Epoch 8/50 | train loss: 0.5667 | validation loss: 0.6641 | validation accuracy: 0.6263 | validation AP: 0.2065
Epoch 9/50 | train loss: 0.5601 | validation loss: 0.6966 | validation accuracy: 0.7267 | validation AP: 0.2029
Stopping at epoch 9: validation AP has not improved for 4 epochs.
Best epoch: 5 | validation AP: 0.2423 | epochs run: 9

Validation classification report:
              precision    recall  f1-score   support

  disengaged     0.2096    0.5000    0.2954       332
     engaged     0.9197    0.7522    0.8275      2526

    accuracy                         0.7229      2858
   macro avg     0.5646    0.6261    0.5614      2858
weighted avg     0.8372    0.7229    0.7657      2858
[I 2026-10-09 04:15:07,913] Trial 12 finished with value: 0.28036199291053204 and parameters: {'hidden_size': 115, 'num_layers': 1, 'dropout': 0.0, 'learning_rate': 0.0016959494597742362, 'batch_size': 32}. Best is trial 4 with value: 0.2854522105038313.
[I 2026-10-09 04:19:22,051] Trial 13 finished with value: 0.19625918868886916 and parameters: {'hidden_size': 187, 'num_layers': 1, 'dropout': 0.25, 'learning_rate': 0.009752326127090299, 'batch_size': 8}. Best is trial 4 with value: 0.2854522105038313.

Confusion matrix (rows: actual, columns: predicted):
[[ 166  166]
 [ 626 1900]]
Epoch 1/50 | train loss: 0.6169 | validation loss: 0.6218 | validation accuracy: 0.873 | validation AP: 0.181
Epoch 2/50 | train loss: 0.5767 | validation loss: 0.6965 | validation accuracy: 0.8492 | validation AP: 0.1345
Epoch 3/50 | train loss: 0.5662 | validation loss: 0.6633 | validation accuracy: 0.852 | validation AP: 0.1609
Epoch 4/50 | train loss: 0.5726 | validation loss: 0.6845 | validation accuracy: 0.8188 | validation AP: 0.1272
Epoch 5/50 | train loss: 0.5817 | validation loss: 0.6884 | validation accuracy: 0.8355 | validation AP: 0.2023
Epoch 6/50 | train loss: 0.6478 | validation loss: 0.6527 | validation accuracy: 0.8244 | validation AP: 0.1319
Epoch 7/50 | train loss: 0.5954 | validation loss: 0.6673 | validation accuracy: 0.7897 | validation AP: 0.1503
Epoch 8/50 | train loss: 0.5632 | validation loss: 0.7242 | validation accuracy: 0.8691 | validation AP: 0.1431
Epoch 9/50 | train loss: 0.5548 | validation loss: 0.7351 | validation accuracy: 0.8611 | validation AP: 0.1035
Stopping at epoch 9: validation AP has not improved for 4 epochs.
Best epoch: 5 | validation AP: 0.2023 | epochs run: 9

Validation classification report:
              precision    recall  f1-score   support

  disengaged     0.2587    0.2229    0.2395       332
     engaged     0.8997    0.9161    0.9078      2526

    accuracy                         0.8355      2858
   macro avg     0.5792    0.5695    0.5736      2858
weighted avg     0.8252    0.8355    0.8302      2858

Confusion matrix (rows: actual, columns: predicted):
[[  74  258]
 [ 212 2314]]
Epoch 1/50 | train loss: 0.6816 | validation loss: 0.6565 | validation accuracy: 0.7978 | validation AP: 0.1883
Epoch 2/50 | train loss: 0.6506 | validation loss: 0.6775 | validation accuracy: 0.8551 | validation AP: 0.1468
Epoch 3/50 | train loss: 0.6846 | validation loss: 0.6903 | validation accuracy: 0.7957 | validation AP: 0.1849
Epoch 4/50 | train loss: 0.6334 | validation loss: 0.8452 | validation accuracy: 0.8429 | validation AP: 0.1461
Epoch 5/50 | train loss: 0.6641 | validation loss: 0.7202 | validation accuracy: 0.7698 | validation AP: 0.1706
Stopping at epoch 5: validation AP has not improved for 4 epochs.
Best epoch: 1 | validation AP: 0.1883 | epochs run: 5

Validation classification report:
              precision    recall  f1-score   support

  disengaged     0.2242    0.3012    0.2571       332
     engaged     0.9038    0.8630    0.8829      2526

    accuracy                         0.7978      2858
   macro avg     0.5640    0.5821    0.5700      2858
weighted avg     0.8249    0.7978    0.8102      2858

Confusion matrix (rows: actual, columns: predicted):
[[ 100  232]
 [ 346 2180]]
Epoch 1/50 | train loss: 0.6329 | validation loss: 0.6435 | validation accuracy: 0.8286 | validation AP: 0.1486
Epoch 2/50 | train loss: 0.582 | validation loss: 0.684 | validation accuracy: 0.8216 | validation AP: 0.143
Epoch 3/50 | train loss: 0.5775 | validation loss: 0.6602 | validation accuracy: 0.8488 | validation AP: 0.1298
Epoch 4/50 | train loss: 0.534 | validation loss: 0.735 | validation accuracy: 0.8411 | validation AP: 0.1354
Epoch 5/50 | train loss: 0.6173 | validation loss: 0.6678 | validation accuracy: 0.8628 | validation AP: 0.1562
Epoch 6/50 | train loss: 0.5923 | validation loss: 0.6992 | validation accuracy: 0.817 | validation AP: 0.1265
Epoch 7/50 | train loss: 0.5441 | validation loss: 0.6569 | validation accuracy: 0.8593 | validation AP: 0.154
Epoch 8/50 | train loss: 0.5287 | validation loss: 0.6355 | validation accuracy: 0.8569 | validation AP: 0.1654
Epoch 9/50 | train loss: 0.579 | validation loss: 0.6784 | validation accuracy: 0.8537 | validation AP: 0.1328
Epoch 10/50 | train loss: 0.5188 | validation loss: 0.6733 | validation accuracy: 0.8114 | validation AP: 0.1412
Epoch 11/50 | train loss: 0.5306 | validation loss: 0.7605 | validation accuracy: 0.8653 | validation AP: 0.13
Epoch 12/50 | train loss: 0.5437 | validation loss: 0.6513 | validation accuracy: 0.831 | validation AP: 0.1533
Stopping at epoch 12: validation AP has not improved for 4 epochs.
Best epoch: 8 | validation AP: 0.1654 | epochs run: 12

Validation classification report:
              precision    recall  f1-score   support

  disengaged     0.1969    0.0753    0.1089       332
     engaged     0.8876    0.9596    0.9222      2526

    accuracy                         0.8569      2858
   macro avg     0.5422    0.5175    0.5156      2858
weighted avg     0.8073    0.8569    0.8277      2858

Confusion matrix (rows: actual, columns: predicted):
[[  25  307]
 [ 102 2424]]
Epoch 1/50 | train loss: 0.6606 | validation loss: 0.6589 | validation accuracy: 0.6183 | validation AP: 0.1876
Epoch 2/50 | train loss: 0.6282 | validation loss: 0.6731 | validation accuracy: 0.6253 | validation AP: 0.1818
Epoch 3/50 | train loss: 0.6174 | validation loss: 0.705 | validation accuracy: 0.7022 | validation AP: 0.1964
Epoch 4/50 | train loss: 0.6132 | validation loss: 0.7171 | validation accuracy: 0.746 | validation AP: 0.2244
Epoch 5/50 | train loss: 0.604 | validation loss: 0.6953 | validation accuracy: 0.7397 | validation AP: 0.2336
Epoch 6/50 | train loss: 0.5948 | validation loss: 0.6508 | validation accuracy: 0.6309 | validation AP: 0.2276
Epoch 7/50 | train loss: 0.5962 | validation loss: 0.7165 | validation accuracy: 0.7096 | validation AP: 0.1994
Epoch 8/50 | train loss: 0.5858 | validation loss: 0.6983 | validation accuracy: 0.7183 | validation AP: 0.2269
Epoch 9/50 | train loss: 0.5768 | validation loss: 0.6875 | validation accuracy: 0.7222 | validation AP: 0.2469
Epoch 10/50 | train loss: 0.5775 | validation loss: 0.6896 | validation accuracy: 0.7425 | validation AP: 0.2443
Epoch 11/50 | train loss: 0.574 | validation loss: 0.6897 | validation accuracy: 0.7306 | validation AP: 0.2427
Epoch 12/50 | train loss: 0.5728 | validation loss: 0.7158 | validation accuracy: 0.7453 | validation AP: 0.2349
Epoch 13/50 | train loss: 0.5651 | validation loss: 0.7326 | validation accuracy: 0.7159 | validation AP: 0.2032
Stopping at epoch 13: validation AP has not improved for 4 epochs.
Best epoch: 9 | validation AP: 0.2469 | epochs run: 13

Validation classification report:
              precision    recall  f1-score   support

  disengaged     0.2091    0.5000    0.2948       332
     engaged     0.9196    0.7514    0.8270      2526

    accuracy                         0.7222      2858
   macro avg     0.5643    0.6257    0.5609      2858
weighted avg     0.8370    0.7222    0.7652      2858

Confusion matrix (rows: actual, columns: predicted):
[[ 166  166]
 [ 628 1898]]
Epoch 1/50 | train loss: 0.6747 | validation loss: 0.6683 | validation accuracy: 0.6288 | validation AP: 0.1773
Epoch 2/50 | train loss: 0.6339 | validation loss: 0.6597 | validation accuracy: 0.6074 | validation AP: 0.1838
Epoch 3/50 | train loss: 0.625 | validation loss: 0.6819 | validation accuracy: 0.7155 | validation AP: 0.1972
Epoch 4/50 | train loss: 0.615 | validation loss: 0.6281 | validation accuracy: 0.5962 | validation AP: 0.2262
Epoch 5/50 | train loss: 0.6044 | validation loss: 0.6577 | validation accuracy: 0.6557 | validation AP: 0.2082
Epoch 6/50 | train loss: 0.6016 | validation loss: 0.6591 | validation accuracy: 0.7152 | validation AP: 0.2339
Epoch 7/50 | train loss: 0.5975 | validation loss: 0.6468 | validation accuracy: 0.6956 | validation AP: 0.2459
Epoch 8/50 | train loss: 0.5894 | validation loss: 0.6818 | validation accuracy: 0.753 | validation AP: 0.2535
Epoch 9/50 | train loss: 0.5895 | validation loss: 0.6914 | validation accuracy: 0.7442 | validation AP: 0.2387
Epoch 10/50 | train loss: 0.583 | validation loss: 0.659 | validation accuracy: 0.7103 | validation AP: 0.2474
Epoch 11/50 | train loss: 0.5758 | validation loss: 0.668 | validation accuracy: 0.7232 | validation AP: 0.2513
Epoch 12/50 | train loss: 0.5754 | validation loss: 0.696 | validation accuracy: 0.74 | validation AP: 0.2362
Stopping at epoch 12: validation AP has not improved for 4 epochs.
Best epoch: 8 | validation AP: 0.2535 | epochs run: 12

Validation classification report:
              precision    recall  f1-score   support

  disengaged     0.2298    0.4789    0.3105       332
     engaged     0.9201    0.7890    0.8495      2526

    accuracy                         0.7530      2858
   macro avg     0.5749    0.6340    0.5800      2858
weighted avg     0.8399    0.7530    0.7869      2858
[I 2026-10-09 04:19:53,355] Trial 14 finished with value: 0.2705000461476574 and parameters: {'hidden_size': 44, 'num_layers': 1, 'dropout': 0.0, 'learning_rate': 0.0006413021907452079, 'batch_size': 64}. Best is trial 4 with value: 0.2854522105038313.
[I 2026-10-09 04:20:30,958] Trial 15 finished with value: 0.2877569645308016 and parameters: {'hidden_size': 154, 'num_layers': 1, 'dropout': 0.0, 'learning_rate': 0.0004841632530916229, 'batch_size': 64}. Best is trial 15 with value: 0.2877569645308016.

Confusion matrix (rows: actual, columns: predicted):
[[ 159  173]
 [ 533 1993]]
Epoch 1/50 | train loss: 0.6643 | validation loss: 0.662 | validation accuracy: 0.669 | validation AP: 0.2004
Epoch 2/50 | train loss: 0.635 | validation loss: 0.6801 | validation accuracy: 0.6963 | validation AP: 0.199
Epoch 3/50 | train loss: 0.625 | validation loss: 0.6694 | validation accuracy: 0.6603 | validation AP: 0.2044
Epoch 4/50 | train loss: 0.6138 | validation loss: 0.6807 | validation accuracy: 0.7267 | validation AP: 0.2138
Epoch 5/50 | train loss: 0.6068 | validation loss: 0.6508 | validation accuracy: 0.6288 | validation AP: 0.2274
Epoch 6/50 | train loss: 0.5963 | validation loss: 0.6643 | validation accuracy: 0.7218 | validation AP: 0.2376
Epoch 7/50 | train loss: 0.594 | validation loss: 0.6903 | validation accuracy: 0.7414 | validation AP: 0.2373
Epoch 8/50 | train loss: 0.5865 | validation loss: 0.7005 | validation accuracy: 0.7187 | validation AP: 0.2082
Epoch 9/50 | train loss: 0.5792 | validation loss: 0.6718 | validation accuracy: 0.7064 | validation AP: 0.2204
Epoch 10/50 | train loss: 0.5731 | validation loss: 0.7042 | validation accuracy: 0.7554 | validation AP: 0.2401
Epoch 11/50 | train loss: 0.5618 | validation loss: 0.7738 | validation accuracy: 0.7999 | validation AP: 0.2454
Epoch 12/50 | train loss: 0.568 | validation loss: 0.6984 | validation accuracy: 0.7222 | validation AP: 0.2337
Epoch 13/50 | train loss: 0.5645 | validation loss: 0.7261 | validation accuracy: 0.761 | validation AP: 0.2323
Epoch 14/50 | train loss: 0.5566 | validation loss: 0.6686 | validation accuracy: 0.6844 | validation AP: 0.2188
Epoch 15/50 | train loss: 0.5576 | validation loss: 0.7105 | validation accuracy: 0.7222 | validation AP: 0.2239
Stopping at epoch 15: validation AP has not improved for 4 epochs.
Best epoch: 11 | validation AP: 0.2454 | epochs run: 15

Validation classification report:
              precision    recall  f1-score   support

  disengaged     0.2551    0.3765    0.3041       332
     engaged     0.9126    0.8555    0.8831      2526

    accuracy                         0.7999      2858
   macro avg     0.5838    0.6160    0.5936      2858
weighted avg     0.8362    0.7999    0.8159      2858

Confusion matrix (rows: actual, columns: predicted):
[[ 125  207]
 [ 365 2161]]
Epoch 1/50 | train loss: 0.6562 | validation loss: 0.6526 | validation accuracy: 0.6239 | validation AP: 0.1877
Epoch 2/50 | train loss: 0.6291 | validation loss: 0.665 | validation accuracy: 0.6323 | validation AP: 0.1845
Epoch 3/50 | train loss: 0.6218 | validation loss: 0.6785 | validation accuracy: 0.7169 | validation AP: 0.2047
Epoch 4/50 | train loss: 0.6164 | validation loss: 0.6738 | validation accuracy: 0.7481 | validation AP: 0.2475
Epoch 5/50 | train loss: 0.6059 | validation loss: 0.6427 | validation accuracy: 0.7162 | validation AP: 0.2731
Epoch 6/50 | train loss: 0.5954 | validation loss: 0.6248 | validation accuracy: 0.5812 | validation AP: 0.2496
Epoch 7/50 | train loss: 0.6005 | validation loss: 0.7254 | validation accuracy: 0.7656 | validation AP: 0.2305
Epoch 8/50 | train loss: 0.5917 | validation loss: 0.6726 | validation accuracy: 0.726 | validation AP: 0.2353
Epoch 9/50 | train loss: 0.5856 | validation loss: 0.6849 | validation accuracy: 0.7236 | validation AP: 0.2603
Stopping at epoch 9: validation AP has not improved for 4 epochs.
Best epoch: 5 | validation AP: 0.2731 | epochs run: 9

Validation classification report:
              precision    recall  f1-score   support

  disengaged     0.2186    0.5602    0.3145       332
     engaged     0.9273    0.7367    0.8211      2526

    accuracy                         0.7162      2858
   macro avg     0.5729    0.6485    0.5678      2858
weighted avg     0.8449    0.7162    0.7622      2858

Confusion matrix (rows: actual, columns: predicted):
[[ 186  146]
 [ 665 1861]]
Epoch 1/50 | train loss: 0.652 | validation loss: 0.6751 | validation accuracy: 0.6697 | validation AP: 0.1867
Epoch 2/50 | train loss: 0.6302 | validation loss: 0.6544 | validation accuracy: 0.6207 | validation AP: 0.1844
Epoch 3/50 | train loss: 0.6217 | validation loss: 0.669 | validation accuracy: 0.7155 | validation AP: 0.2281
Epoch 4/50 | train loss: 0.6103 | validation loss: 0.6163 | validation accuracy: 0.6046 | validation AP: 0.2667
Epoch 5/50 | train loss: 0.6025 | validation loss: 0.6672 | validation accuracy: 0.6641 | validation AP: 0.225
Epoch 6/50 | train loss: 0.5991 | validation loss: 0.6718 | validation accuracy: 0.7043 | validation AP: 0.2308
Epoch 7/50 | train loss: 0.5974 | validation loss: 0.6726 | validation accuracy: 0.6725 | validation AP: 0.2361
Epoch 8/50 | train loss: 0.5889 | validation loss: 0.6879 | validation accuracy: 0.7624 | validation AP: 0.2652
Stopping at epoch 8: validation AP has not improved for 4 epochs.
Best epoch: 4 | validation AP: 0.2667 | epochs run: 8

Validation classification report:
              precision    recall  f1-score   support

  disengaged     0.1787    0.6687    0.2821       332
     engaged     0.9319    0.5962    0.7272      2526

    accuracy                         0.6046      2858
   macro avg     0.5553    0.6324    0.5046      2858
weighted avg     0.8444    0.6046    0.6755      2858

Confusion matrix (rows: actual, columns: predicted):
[[ 222  110]
 [1020 1506]]
Epoch 1/50 | train loss: 0.6565 | validation loss: 0.6716 | validation accuracy: 0.712 | validation AP: 0.2058
Epoch 2/50 | train loss: 0.6274 | validation loss: 0.6771 | validation accuracy: 0.7131 | validation AP: 0.2071
Epoch 3/50 | train loss: 0.6165 | validation loss: 0.6388 | validation accuracy: 0.6379 | validation AP: 0.222
Epoch 4/50 | train loss: 0.6076 | validation loss: 0.6559 | validation accuracy: 0.7005 | validation AP: 0.2308
Epoch 5/50 | train loss: 0.6091 | validation loss: 0.629 | validation accuracy: 0.5864 | validation AP: 0.2563
Epoch 6/50 | train loss: 0.5982 | validation loss: 0.6373 | validation accuracy: 0.6917 | validation AP: 0.2628
Epoch 7/50 | train loss: 0.5984 | validation loss: 0.6688 | validation accuracy: 0.7264 | validation AP: 0.2475
Epoch 8/50 | train loss: 0.5949 | validation loss: 0.6699 | validation accuracy: 0.6693 | validation AP: 0.2055
Epoch 9/50 | train loss: 0.5926 | validation loss: 0.6742 | validation accuracy: 0.677 | validation AP: 0.2219
Epoch 10/50 | train loss: 0.5892 | validation loss: 0.6854 | validation accuracy: 0.7656 | validation AP: 0.267
Epoch 11/50 | train loss: 0.5802 | validation loss: 0.7198 | validation accuracy: 0.7771 | validation AP: 0.2569
Epoch 12/50 | train loss: 0.5845 | validation loss: 0.6643 | validation accuracy: 0.7141 | validation AP: 0.2571
Epoch 13/50 | train loss: 0.5791 | validation loss: 0.6918 | validation accuracy: 0.7085 | validation AP: 0.2098
Epoch 14/50 | train loss: 0.5764 | validation loss: 0.6462 | validation accuracy: 0.6753 | validation AP: 0.2443
Stopping at epoch 14: validation AP has not improved for 4 epochs.
Best epoch: 10 | validation AP: 0.267 | epochs run: 14

Validation classification report:
              precision    recall  f1-score   support

  disengaged     0.2392    0.4669    0.3163       332
     engaged     0.9199    0.8048    0.8585      2526

    accuracy                         0.7656      2858
   macro avg     0.5796    0.6358    0.5874      2858
weighted avg     0.8408    0.7656    0.7955      2858

Confusion matrix (rows: actual, columns: predicted):
[[ 155  177]
 [ 493 2033]]
Epoch 1/50 | train loss: 0.6691 | validation loss: 0.6598 | validation accuracy: 0.6347 | validation AP: 0.185
Epoch 2/50 | train loss: 0.6332 | validation loss: 0.6568 | validation accuracy: 0.6172 | validation AP: 0.187
Epoch 3/50 | train loss: 0.6216 | validation loss: 0.6819 | validation accuracy: 0.6896 | validation AP: 0.1929
Epoch 4/50 | train loss: 0.6159 | validation loss: 0.6675 | validation accuracy: 0.732 | validation AP: 0.2213
Epoch 5/50 | train loss: 0.6045 | validation loss: 0.6648 | validation accuracy: 0.7127 | validation AP: 0.218
Epoch 6/50 | train loss: 0.5962 | validation loss: 0.6293 | validation accuracy: 0.6018 | validation AP: 0.2204
Epoch 7/50 | train loss: 0.6005 | validation loss: 0.6746 | validation accuracy: 0.7085 | validation AP: 0.2071[I 2026-10-09 04:21:05,271] Trial 16 finished with value: 0.26544194863462134 and parameters: {'hidden_size': 25, 'num_layers': 1, 'dropout': 0.0, 'learning_rate': 0.0007255730249526216, 'batch_size': 64}. Best is trial 15 with value: 0.2877569645308016.

Epoch 8/50 | train loss: 0.5921 | validation loss: 0.6516 | validation accuracy: 0.7145 | validation AP: 0.2405
Epoch 9/50 | train loss: 0.5824 | validation loss: 0.6668 | validation accuracy: 0.7253 | validation AP: 0.241
Epoch 10/50 | train loss: 0.5846 | validation loss: 0.6552 | validation accuracy: 0.7232 | validation AP: 0.2523
Epoch 11/50 | train loss: 0.5804 | validation loss: 0.654 | validation accuracy: 0.7197 | validation AP: 0.2544
Epoch 12/50 | train loss: 0.5776 | validation loss: 0.6896 | validation accuracy: 0.7428 | validation AP: 0.2362
Epoch 13/50 | train loss: 0.5721 | validation loss: 0.6847 | validation accuracy: 0.7071 | validation AP: 0.2276
Epoch 14/50 | train loss: 0.5687 | validation loss: 0.6486 | validation accuracy: 0.6501 | validation AP: 0.2324
Epoch 15/50 | train loss: 0.5655 | validation loss: 0.6541 | validation accuracy: 0.6561 | validation AP: 0.2319
Stopping at epoch 15: validation AP has not improved for 4 epochs.
Best epoch: 11 | validation AP: 0.2544 | epochs run: 15

Validation classification report:
              precision    recall  f1-score   support

  disengaged     0.2158    0.5361    0.3077       332
     engaged     0.9242    0.7439    0.8243      2526

    accuracy                         0.7197      2858
   macro avg     0.5700    0.6400    0.5660      2858
weighted avg     0.8419    0.7197    0.7643      2858

Confusion matrix (rows: actual, columns: predicted):
[[ 178  154]
 [ 647 1879]]
Epoch 1/50 | train loss: 0.6801 | validation loss: 0.6809 | validation accuracy: 0.6977 | validation AP: 0.1927
Epoch 2/50 | train loss: 0.6379 | validation loss: 0.6629 | validation accuracy: 0.6057 | validation AP: 0.1839
Epoch 3/50 | train loss: 0.6281 | validation loss: 0.6903 | validation accuracy: 0.7145 | validation AP: 0.1947
Epoch 4/50 | train loss: 0.6209 | validation loss: 0.6507 | validation accuracy: 0.6155 | validation AP: 0.2012
Epoch 5/50 | train loss: 0.6139 | validation loss: 0.671 | validation accuracy: 0.6739 | validation AP: 0.1996
Epoch 6/50 | train loss: 0.6093 | validation loss: 0.6647 | validation accuracy: 0.6903 | validation AP: 0.2166
Epoch 7/50 | train loss: 0.6035 | validation loss: 0.6575 | validation accuracy: 0.6805 | validation AP: 0.2281
Epoch 8/50 | train loss: 0.5946 | validation loss: 0.6944 | validation accuracy: 0.7561 | validation AP: 0.2392
Epoch 9/50 | train loss: 0.596 | validation loss: 0.7057 | validation accuracy: 0.7596 | validation AP: 0.2323
Epoch 10/50 | train loss: 0.5906 | validation loss: 0.6529 | validation accuracy: 0.6823 | validation AP: 0.2399
Epoch 11/50 | train loss: 0.582 | validation loss: 0.6677 | validation accuracy: 0.6781 | validation AP: 0.2243
Epoch 12/50 | train loss: 0.5851 | validation loss: 0.7104 | validation accuracy: 0.7292 | validation AP: 0.2189
Epoch 13/50 | train loss: 0.583 | validation loss: 0.684 | validation accuracy: 0.7155 | validation AP: 0.2312
Epoch 14/50 | train loss: 0.5758 | validation loss: 0.7087 | validation accuracy: 0.7719 | validation AP: 0.2495
Epoch 15/50 | train loss: 0.5723 | validation loss: 0.6946 | validation accuracy: 0.7225 | validation AP: 0.2332
Epoch 16/50 | train loss: 0.5689 | validation loss: 0.7681 | validation accuracy: 0.7677 | validation AP: 0.2192
Epoch 17/50 | train loss: 0.5705 | validation loss: 0.6847 | validation accuracy: 0.7162 | validation AP: 0.2331
Epoch 18/50 | train loss: 0.5677 | validation loss: 0.6962 | validation accuracy: 0.7418 | validation AP: 0.2341
Stopping at epoch 18: validation AP has not improved for 4 epochs.
Best epoch: 14 | validation AP: 0.2495 | epochs run: 18

Validation classification report:
              precision    recall  f1-score   support

  disengaged     0.2377    0.4367    0.3079       332
     engaged     0.9168    0.8159    0.8634      2526

    accuracy                         0.7719      2858
   macro avg     0.5773    0.6263    0.5856      2858
weighted avg     0.8379    0.7719    0.7989      2858

Confusion matrix (rows: actual, columns: predicted):
[[ 145  187]
 [ 465 2061]]
Epoch 1/50 | train loss: 0.6708 | validation loss: 0.6686 | validation accuracy: 0.6225 | validation AP: 0.1748
Epoch 2/50 | train loss: 0.6393 | validation loss: 0.6791 | validation accuracy: 0.6819 | validation AP: 0.1895
Epoch 3/50 | train loss: 0.6316 | validation loss: 0.6733 | validation accuracy: 0.6543 | validation AP: 0.1901
Epoch 4/50 | train loss: 0.6233 | validation loss: 0.6761 | validation accuracy: 0.6882 | validation AP: 0.2016
Epoch 5/50 | train loss: 0.6199 | validation loss: 0.6616 | validation accuracy: 0.6074 | validation AP: 0.195
Epoch 6/50 | train loss: 0.6121 | validation loss: 0.6562 | validation accuracy: 0.6578 | validation AP: 0.2189
Epoch 7/50 | train loss: 0.6087 | validation loss: 0.6774 | validation accuracy: 0.7411 | validation AP: 0.2409
Epoch 8/50 | train loss: 0.6017 | validation loss: 0.6772 | validation accuracy: 0.705 | validation AP: 0.2119
Epoch 9/50 | train loss: 0.5949 | validation loss: 0.6637 | validation accuracy: 0.6935 | validation AP: 0.225
Epoch 10/50 | train loss: 0.5881 | validation loss: 0.6985 | validation accuracy: 0.7442 | validation AP: 0.2313
Epoch 11/50 | train loss: 0.5807 | validation loss: 0.7235 | validation accuracy: 0.7824 | validation AP: 0.2408
Stopping at epoch 11: validation AP has not improved for 4 epochs.
Best epoch: 7 | validation AP: 0.2409 | epochs run: 11

Validation classification report:
              precision    recall  f1-score   support

  disengaged     0.2213    0.4880    0.3045       332
     engaged     0.9200    0.7743    0.8409      2526

    accuracy                         0.7411      2858
   macro avg     0.5707    0.6311    0.5727      2858
weighted avg     0.8389    0.7411    0.7786      2858

Confusion matrix (rows: actual, columns: predicted):
[[ 162  170]
 [ 570 1956]]
Epoch 1/50 | train loss: 0.6601 | validation loss: 0.6554 | validation accuracy: 0.6221 | validation AP: 0.1874
Epoch 2/50 | train loss: 0.634 | validation loss: 0.6659 | validation accuracy: 0.6263 | validation AP: 0.178
Epoch 3/50 | train loss: 0.6267 | validation loss: 0.6973 | validation accuracy: 0.7092 | validation AP: 0.1944
Epoch 4/50 | train loss: 0.6243 | validation loss: 0.6888 | validation accuracy: 0.7449 | validation AP: 0.2132
Epoch 5/50 | train loss: 0.6151 | validation loss: 0.6519 | validation accuracy: 0.7131 | validation AP: 0.2424
Epoch 6/50 | train loss: 0.6034 | validation loss: 0.6126 | validation accuracy: 0.5626 | validation AP: 0.2266
Epoch 7/50 | train loss: 0.6067 | validation loss: 0.7078 | validation accuracy: 0.7337 | validation AP: 0.1909
Epoch 8/50 | train loss: 0.5964 | validation loss: 0.6608 | validation accuracy: 0.7127 | validation AP: 0.2227
Epoch 9/50 | train loss: 0.5894 | validation loss: 0.6775 | validation accuracy: 0.7096 | validation AP: 0.2502
Epoch 10/50 | train loss: 0.5927 | validation loss: 0.6685 | validation accuracy: 0.7341 | validation AP: 0.2435
Epoch 11/50 | train loss: 0.5895 | validation loss: 0.6699 | validation accuracy: 0.7236 | validation AP: 0.2346
Epoch 12/50 | train loss: 0.5881 | validation loss: 0.6798 | validation accuracy: 0.7537 | validation AP: 0.2474
Epoch 13/50 | train loss: 0.5837 | validation loss: 0.7064 | validation accuracy: 0.7089 | validation AP: 0.1908
Stopping at epoch 13: validation AP has not improved for 4 epochs.
Best epoch: 9 | validation AP: 0.2502 | epochs run: 13

Validation classification report:
              precision    recall  f1-score   support

  disengaged     0.2118    0.5512    0.3060       332
     engaged     0.9253    0.7304    0.8164      2526

    accuracy                         0.7096      2858
   macro avg     0.5685    0.6408    0.5612      2858
weighted avg     0.8424    0.7096    0.7571      2858

Confusion matrix (rows: actual, columns: predicted):
[[ 183  149]
 [ 681 1845]]
Epoch 1/50 | train loss: 0.6557 | validation loss: 0.6666 | validation accuracy: 0.6529 | validation AP: 0.1862
Epoch 2/50 | train loss: 0.6329 | validation loss: 0.6544 | validation accuracy: 0.6074 | validation AP: 0.1824
Epoch 3/50 | train loss: 0.6239 | validation loss: 0.6625 | validation accuracy: 0.7194 | validation AP: 0.2183[I 2026-10-09 04:22:05,022] Trial 17 finished with value: 0.28719978014225517 and parameters: {'hidden_size': 140, 'num_layers': 2, 'dropout': 0.0, 'learning_rate': 0.00022529056894808372, 'batch_size': 64}. Best is trial 15 with value: 0.2877569645308016.

Epoch 4/50 | train loss: 0.6144 | validation loss: 0.6105 | validation accuracy: 0.5983 | validation AP: 0.2712
Epoch 5/50 | train loss: 0.6096 | validation loss: 0.6561 | validation accuracy: 0.662 | validation AP: 0.2052
Epoch 6/50 | train loss: 0.607 | validation loss: 0.6488 | validation accuracy: 0.6833 | validation AP: 0.2371
Epoch 7/50 | train loss: 0.6065 | validation loss: 0.6609 | validation accuracy: 0.6924 | validation AP: 0.246
Epoch 8/50 | train loss: 0.5995 | validation loss: 0.6687 | validation accuracy: 0.7526 | validation AP: 0.2707
Stopping at epoch 8: validation AP has not improved for 4 epochs.
Best epoch: 4 | validation AP: 0.2712 | epochs run: 8

Validation classification report:
              precision    recall  f1-score   support

  disengaged     0.1777    0.6777    0.2816       332
     engaged     0.9328    0.5879    0.7212      2526

    accuracy                         0.5983      2858
   macro avg     0.5553    0.6328    0.5014      2858
weighted avg     0.8451    0.5983    0.6702      2858

Confusion matrix (rows: actual, columns: predicted):
[[ 225  107]
 [1041 1485]]
Epoch 1/50 | train loss: 0.6613 | validation loss: 0.6646 | validation accuracy: 0.6756 | validation AP: 0.1973
Epoch 2/50 | train loss: 0.6347 | validation loss: 0.6765 | validation accuracy: 0.6966 | validation AP: 0.1948
Epoch 3/50 | train loss: 0.6249 | validation loss: 0.6475 | validation accuracy: 0.6445 | validation AP: 0.2009
Epoch 4/50 | train loss: 0.6152 | validation loss: 0.6506 | validation accuracy: 0.6984 | validation AP: 0.2134
Epoch 5/50 | train loss: 0.6131 | validation loss: 0.6253 | validation accuracy: 0.5854 | validation AP: 0.2394
Epoch 6/50 | train loss: 0.6035 | validation loss: 0.6284 | validation accuracy: 0.6763 | validation AP: 0.2622
Epoch 7/50 | train loss: 0.6022 | validation loss: 0.6639 | validation accuracy: 0.7138 | validation AP: 0.2406
Epoch 8/50 | train loss: 0.5988 | validation loss: 0.671 | validation accuracy: 0.6777 | validation AP: 0.1994
Epoch 9/50 | train loss: 0.5966 | validation loss: 0.6625 | validation accuracy: 0.6463 | validation AP: 0.2066
Epoch 10/50 | train loss: 0.5948 | validation loss: 0.6731 | validation accuracy: 0.7526 | validation AP: 0.2719
Epoch 11/50 | train loss: 0.5859 | validation loss: 0.7184 | validation accuracy: 0.7754 | validation AP: 0.2582
Epoch 12/50 | train loss: 0.5932 | validation loss: 0.6574 | validation accuracy: 0.7085 | validation AP: 0.2698
Epoch 13/50 | train loss: 0.5928 | validation loss: 0.6776 | validation accuracy: 0.6959 | validation AP: 0.2178
Epoch 14/50 | train loss: 0.5902 | validation loss: 0.6465 | validation accuracy: 0.6596 | validation AP: 0.2576
Stopping at epoch 14: validation AP has not improved for 4 epochs.
Best epoch: 10 | validation AP: 0.2719 | epochs run: 14

Validation classification report:
              precision    recall  f1-score   support

  disengaged     0.2407    0.5241    0.3299       332
     engaged     0.9260    0.7827    0.8483      2526

    accuracy                         0.7526      2858
   macro avg     0.5833    0.6534    0.5891      2858
weighted avg     0.8464    0.7526    0.7881      2858

Confusion matrix (rows: actual, columns: predicted):
[[ 174  158]
 [ 549 1977]]
Epoch 1/50 | train loss: 0.6614 | validation loss: 0.6515 | validation accuracy: 0.6134 | validation AP: 0.1891
Epoch 2/50 | train loss: 0.6342 | validation loss: 0.6674 | validation accuracy: 0.6358 | validation AP: 0.18
Epoch 3/50 | train loss: 0.6272 | validation loss: 0.6918 | validation accuracy: 0.705 | validation AP: 0.1962
Epoch 4/50 | train loss: 0.6246 | validation loss: 0.6799 | validation accuracy: 0.7568 | validation AP: 0.2302
Epoch 5/50 | train loss: 0.6144 | validation loss: 0.6396 | validation accuracy: 0.7106 | validation AP: 0.2686
Epoch 6/50 | train loss: 0.601 | validation loss: 0.6175 | validation accuracy: 0.5567 | validation AP: 0.2305
Epoch 7/50 | train loss: 0.6052 | validation loss: 0.7256 | validation accuracy: 0.7607 | validation AP: 0.2143
Epoch 8/50 | train loss: 0.5965 | validation loss: 0.6702 | validation accuracy: 0.7236 | validation AP: 0.2179
Epoch 9/50 | train loss: 0.5895 | validation loss: 0.6803 | validation accuracy: 0.698 | validation AP: 0.2528
Stopping at epoch 9: validation AP has not improved for 4 epochs.
Best epoch: 5 | validation AP: 0.2686 | epochs run: 9

Validation classification report:
              precision    recall  f1-score   support

  disengaged     0.2119    0.5482    0.3056       332
     engaged     0.9250    0.7320    0.8172      2526

    accuracy                         0.7106      2858
   macro avg     0.5684    0.6401    0.5614      2858
weighted avg     0.8421    0.7106    0.7578      2858

Confusion matrix (rows: actual, columns: predicted):
[[ 182  150]
 [ 677 1849]]
Epoch 1/50 | train loss: 0.6532 | validation loss: 0.6729 | validation accuracy: 0.6763 | validation AP: 0.188
Epoch 2/50 | train loss: 0.6317 | validation loss: 0.6548 | validation accuracy: 0.6102 | validation AP: 0.1839
Epoch 3/50 | train loss: 0.623 | validation loss: 0.6592 | validation accuracy: 0.7089 | validation AP: 0.226
Epoch 4/50 | train loss: 0.6135 | validation loss: 0.6132 | validation accuracy: 0.6123 | validation AP: 0.2766
Epoch 5/50 | train loss: 0.6084 | validation loss: 0.6624 | validation accuracy: 0.6571 | validation AP: 0.2066
Epoch 6/50 | train loss: 0.6057 | validation loss: 0.6583 | validation accuracy: 0.6935 | validation AP: 0.2377
Epoch 7/50 | train loss: 0.6035 | validation loss: 0.6653 | validation accuracy: 0.6742 | validation AP: 0.238
Epoch 8/50 | train loss: 0.5961 | validation loss: 0.674 | validation accuracy: 0.7575 | validation AP: 0.2713
Stopping at epoch 8: validation AP has not improved for 4 epochs.
Best epoch: 4 | validation AP: 0.2766 | epochs run: 8

Validation classification report:
              precision    recall  f1-score   support

  disengaged     0.1814    0.6657    0.2852       332
     engaged     0.9323    0.6053    0.7340      2526

    accuracy                         0.6123      2858
   macro avg     0.5569    0.6355    0.5096      2858
weighted avg     0.8451    0.6123    0.6819      2858

Confusion matrix (rows: actual, columns: predicted):
[[ 221  111]
 [ 997 1529]]
Epoch 1/50 | train loss: 0.6641 | validation loss: 0.6694 | validation accuracy: 0.7019 | validation AP: 0.1998
Epoch 2/50 | train loss: 0.6331 | validation loss: 0.6785 | validation accuracy: 0.7015 | validation AP: 0.1961
Epoch 3/50 | train loss: 0.6222 | validation loss: 0.6427 | validation accuracy: 0.6295 | validation AP: 0.2019
Epoch 4/50 | train loss: 0.6155 | validation loss: 0.6414 | validation accuracy: 0.7036 | validation AP: 0.2284
Epoch 5/50 | train loss: 0.6134 | validation loss: 0.6196 | validation accuracy: 0.5738 | validation AP: 0.2323
Epoch 6/50 | train loss: 0.6018 | validation loss: 0.6311 | validation accuracy: 0.6802 | validation AP: 0.2506
Epoch 7/50 | train loss: 0.6026 | validation loss: 0.6559 | validation accuracy: 0.6994 | validation AP: 0.2393
Epoch 8/50 | train loss: 0.5988 | validation loss: 0.6583 | validation accuracy: 0.6679 | validation AP: 0.1994
Epoch 9/50 | train loss: 0.5969 | validation loss: 0.6556 | validation accuracy: 0.6428 | validation AP: 0.208
Epoch 10/50 | train loss: 0.5933 | validation loss: 0.6673 | validation accuracy: 0.7544 | validation AP: 0.2693
Epoch 11/50 | train loss: 0.5848 | validation loss: 0.7081 | validation accuracy: 0.7747 | validation AP: 0.2551
Epoch 12/50 | train loss: 0.5909 | validation loss: 0.6565 | validation accuracy: 0.6966 | validation AP: 0.2599
Epoch 13/50 | train loss: 0.5905 | validation loss: 0.672 | validation accuracy: 0.6973 | validation AP: 0.2172
Epoch 14/50 | train loss: 0.5874 | validation loss: 0.6374 | validation accuracy: 0.6564 | validation AP: 0.2537
Stopping at epoch 14: validation AP has not improved for 4 epochs.
Best epoch: 10 | validation AP: 0.2693 | epochs run: 14

Validation classification report:
              precision    recall  f1-score   support

  disengaged     0.2445    0.5331    0.3352       332
     engaged     0.9274    0.7835    0.8494      2526

    accuracy                         0.7544      2858
   macro avg     0.5859    0.6583    0.5923      2858
weighted avg     0.8480    0.7544    0.7896      2858
[I 2026-10-09 04:22:59,386] Trial 18 finished with value: 0.2908525209198676 and parameters: {'hidden_size': 137, 'num_layers': 2, 'dropout': 0.0, 'learning_rate': 0.0003115352013671648, 'batch_size': 64}. Best is trial 18 with value: 0.2908525209198676.
[I 2026-10-09 04:24:31,415] Trial 19 finished with value: 0.2857800710195543 and parameters: {'hidden_size': 171, 'num_layers': 1, 'dropout': 0.05, 'learning_rate': 0.0006854586189985828, 'batch_size': 64}. Best is trial 18 with value: 0.2908525209198676.

Confusion matrix (rows: actual, columns: predicted):
[[ 177  155]
 [ 547 1979]]
Epoch 1/50 | train loss: 0.6552 | validation loss: 0.6465 | validation accuracy: 0.6113 | validation AP: 0.1929
Epoch 2/50 | train loss: 0.6289 | validation loss: 0.6534 | validation accuracy: 0.6568 | validation AP: 0.2105
Epoch 3/50 | train loss: 0.6166 | validation loss: 0.6589 | validation accuracy: 0.7292 | validation AP: 0.2397
Epoch 4/50 | train loss: 0.6134 | validation loss: 0.6766 | validation accuracy: 0.7701 | validation AP: 0.2601
Epoch 5/50 | train loss: 0.6065 | validation loss: 0.6397 | validation accuracy: 0.7082 | validation AP: 0.2757
Epoch 6/50 | train loss: 0.5957 | validation loss: 0.6226 | validation accuracy: 0.5948 | validation AP: 0.2576
Epoch 7/50 | train loss: 0.6005 | validation loss: 0.7319 | validation accuracy: 0.7708 | validation AP: 0.228
Epoch 8/50 | train loss: 0.5896 | validation loss: 0.6727 | validation accuracy: 0.7204 | validation AP: 0.2268
Epoch 9/50 | train loss: 0.5824 | validation loss: 0.683 | validation accuracy: 0.6938 | validation AP: 0.2452
Stopping at epoch 9: validation AP has not improved for 4 epochs.
Best epoch: 5 | validation AP: 0.2757 | epochs run: 9

Validation classification report:
              precision    recall  f1-score   support

  disengaged     0.2141    0.5663    0.3107       332
     engaged     0.9273    0.7268    0.8149      2526

    accuracy                         0.7082      2858
   macro avg     0.5707    0.6466    0.5628      2858
weighted avg     0.8444    0.7082    0.7563      2858

Confusion matrix (rows: actual, columns: predicted):
[[ 188  144]
 [ 690 1836]]
Epoch 1/50 | train loss: 0.6518 | validation loss: 0.6828 | validation accuracy: 0.6998 | validation AP: 0.1888
Epoch 2/50 | train loss: 0.6271 | validation loss: 0.6481 | validation accuracy: 0.6456 | validation AP: 0.205
Epoch 3/50 | train loss: 0.6145 | validation loss: 0.6687 | validation accuracy: 0.7236 | validation AP: 0.248
Epoch 4/50 | train loss: 0.6053 | validation loss: 0.6367 | validation accuracy: 0.5913 | validation AP: 0.2595
Epoch 5/50 | train loss: 0.5969 | validation loss: 0.6874 | validation accuracy: 0.6907 | validation AP: 0.2145
Epoch 6/50 | train loss: 0.5962 | validation loss: 0.6684 | validation accuracy: 0.704 | validation AP: 0.2356
Epoch 7/50 | train loss: 0.5929 | validation loss: 0.6784 | validation accuracy: 0.6791 | validation AP: 0.2338
Epoch 8/50 | train loss: 0.5867 | validation loss: 0.6982 | validation accuracy: 0.7712 | validation AP: 0.2549
Stopping at epoch 8: validation AP has not improved for 4 epochs.
Best epoch: 4 | validation AP: 0.2595 | epochs run: 8

Validation classification report:
              precision    recall  f1-score   support

  disengaged     0.1724    0.6627    0.2736       332
     engaged     0.9292    0.5819    0.7157      2526

    accuracy                         0.5913      2858
   macro avg     0.5508    0.6223    0.4947      2858
weighted avg     0.8413    0.5913    0.6643      2858

Confusion matrix (rows: actual, columns: predicted):
[[ 220  112]
 [1056 1470]]
Epoch 1/50 | train loss: 0.6579 | validation loss: 0.6755 | validation accuracy: 0.7047 | validation AP: 0.2028
Epoch 2/50 | train loss: 0.628 | validation loss: 0.6645 | validation accuracy: 0.7005 | validation AP: 0.2287
Epoch 3/50 | train loss: 0.6165 | validation loss: 0.6358 | validation accuracy: 0.6288 | validation AP: 0.226
Epoch 4/50 | train loss: 0.6077 | validation loss: 0.6535 | validation accuracy: 0.6886 | validation AP: 0.2406
Epoch 5/50 | train loss: 0.6105 | validation loss: 0.6301 | validation accuracy: 0.5948 | validation AP: 0.2536
Epoch 6/50 | train loss: 0.5982 | validation loss: 0.6427 | validation accuracy: 0.676 | validation AP: 0.258
Epoch 7/50 | train loss: 0.5967 | validation loss: 0.6628 | validation accuracy: 0.7085 | validation AP: 0.2508
Epoch 8/50 | train loss: 0.5912 | validation loss: 0.6615 | validation accuracy: 0.6501 | validation AP: 0.211
Epoch 9/50 | train loss: 0.5911 | validation loss: 0.6804 | validation accuracy: 0.6809 | validation AP: 0.2222
Epoch 10/50 | train loss: 0.5818 | validation loss: 0.6939 | validation accuracy: 0.76 | validation AP: 0.2603
Epoch 11/50 | train loss: 0.5742 | validation loss: 0.7627 | validation accuracy: 0.8079 | validation AP: 0.2525
Epoch 12/50 | train loss: 0.574 | validation loss: 0.6829 | validation accuracy: 0.7211 | validation AP: 0.2512
Epoch 13/50 | train loss: 0.5678 | validation loss: 0.6951 | validation accuracy: 0.6924 | validation AP: 0.2132
Epoch 14/50 | train loss: 0.5638 | validation loss: 0.6574 | validation accuracy: 0.6938 | validation AP: 0.2485
Stopping at epoch 14: validation AP has not improved for 4 epochs.
Best epoch: 10 | validation AP: 0.2603 | epochs run: 14

Validation classification report:
              precision    recall  f1-score   support

  disengaged     0.2294    0.4518    0.3043       332
     engaged     0.9174    0.8005    0.8550      2526

    accuracy                         0.7600      2858
   macro avg     0.5734    0.6261    0.5796      2858
weighted avg     0.8375    0.7600    0.7910      2858

Confusion matrix (rows: actual, columns: predicted):
[[ 150  182]
 [ 504 2022]]
Epoch 1/50 | train loss: 0.6576 | validation loss: 0.6823 | validation accuracy: 0.7274 | validation AP: 0.1945
Epoch 2/50 | train loss: 0.6347 | validation loss: 0.6428 | validation accuracy: 0.5885 | validation AP: 0.1964
Epoch 3/50 | train loss: 0.6214 | validation loss: 0.669 | validation accuracy: 0.7397 | validation AP: 0.2423
Epoch 4/50 | train loss: 0.6143 | validation loss: 0.6261 | validation accuracy: 0.6092 | validation AP: 0.2426
Epoch 5/50 | train loss: 0.6123 | validation loss: 0.67 | validation accuracy: 0.7383 | validation AP: 0.2529
Epoch 6/50 | train loss: 0.6035 | validation loss: 0.6866 | validation accuracy: 0.7166 | validation AP: 0.2145
Epoch 7/50 | train loss: 0.5972 | validation loss: 0.6868 | validation accuracy: 0.7278 | validation AP: 0.2328
Epoch 8/50 | train loss: 0.5999 | validation loss: 0.6839 | validation accuracy: 0.7474 | validation AP: 0.2461
Epoch 9/50 | train loss: 0.5969 | validation loss: 0.683 | validation accuracy: 0.7208 | validation AP: 0.2422
Stopping at epoch 9: validation AP has not improved for 4 epochs.
Best epoch: 5 | validation AP: 0.2529 | epochs run: 9

Validation classification report:
              precision    recall  f1-score   support

  disengaged     0.2197    0.4910    0.3035       332
     engaged     0.9201    0.7708    0.8389      2526

    accuracy                         0.7383      2858
   macro avg     0.5699    0.6309    0.5712      2858
weighted avg     0.8388    0.7383    0.7767      2858

Confusion matrix (rows: actual, columns: predicted):
[[ 163  169]
 [ 579 1947]]
Epoch 1/50 | train loss: 0.6575 | validation loss: 0.672 | validation accuracy: 0.6354 | validation AP: 0.177
Epoch 2/50 | train loss: 0.634 | validation loss: 0.6595 | validation accuracy: 0.6036 | validation AP: 0.1847
Epoch 3/50 | train loss: 0.6287 | validation loss: 0.6768 | validation accuracy: 0.7393 | validation AP: 0.2109
Epoch 4/50 | train loss: 0.6162 | validation loss: 0.6085 | validation accuracy: 0.6053 | validation AP: 0.2397
Epoch 5/50 | train loss: 0.6035 | validation loss: 0.6418 | validation accuracy: 0.7432 | validation AP: 0.2816
Epoch 6/50 | train loss: 0.6002 | validation loss: 0.6844 | validation accuracy: 0.7726 | validation AP: 0.2625
Epoch 7/50 | train loss: 0.6015 | validation loss: 0.6439 | validation accuracy: 0.6809 | validation AP: 0.25
Epoch 8/50 | train loss: 0.5978 | validation loss: 0.6631 | validation accuracy: 0.6865 | validation AP: 0.2256
Epoch 9/50 | train loss: 0.597 | validation loss: 0.6776 | validation accuracy: 0.7306 | validation AP: 0.239
Stopping at epoch 9: validation AP has not improved for 4 epochs.
Best epoch: 5 | validation AP: 0.2816 | epochs run: 9

Validation classification report:
              precision    recall  f1-score   support

  disengaged     0.2362    0.5422    0.3291       332
     engaged     0.9275    0.7696    0.8412      2526

    accuracy                         0.7432      2858
   macro avg     0.5819    0.6559    0.5851      2858
weighted avg     0.8472    0.7432    0.7817      2858

Confusion matrix (rows: actual, columns: predicted):
[[ 180  152]
 [ 582 1944]]
Epoch 1/50 | train loss: 0.6537 | validation loss: 0.6963 | validation accuracy: 0.7344 | validation AP: 0.1885
Epoch 2/50 | train loss: 0.6375 | validation loss: 0.6777 | validation accuracy: 0.6851 | validation AP: 0.1802
Epoch 3/50 | train loss: 0.6256 | validation loss: 0.6569 | validation accuracy: 0.6809 | validation AP: 0.1918
Epoch 4/50 | train loss: 0.6135 | validation loss: 0.6769 | validation accuracy: 0.7257 | validation AP: 0.2084
Epoch 5/50 | train loss: 0.6062 | validation loss: 0.6524 | validation accuracy: 0.6714 | validation AP: 0.2357
Epoch 6/50 | train loss: 0.6057 | validation loss: 0.6472 | validation accuracy: 0.7474 | validation AP: 0.2796
Epoch 7/50 | train loss: 0.6053 | validation loss: 0.6678 | validation accuracy: 0.7183 | validation AP: 0.2479
Epoch 8/50 | train loss: 0.5968 | validation loss: 0.6305 | validation accuracy: 0.6148 | validation AP: 0.2587
Epoch 9/50 | train loss: 0.5963 | validation loss: 0.6489 | validation accuracy: 0.7204 | validation AP: 0.2705
Epoch 10/50 | train loss: 0.5943 | validation loss: 0.6704 | validation accuracy: 0.6952 | validation AP: 0.2285
Stopping at epoch 10: validation AP has not improved for 4 epochs.
Best epoch: 6 | validation AP: 0.2796 | epochs run: 10

Validation classification report:
              precision    recall  f1-score   support

  disengaged     0.2393    0.5392    0.3315       332
     engaged     0.9275    0.7747    0.8443      2526

    accuracy                         0.7474      2858
   macro avg     0.5834    0.6569    0.5879      2858
weighted avg     0.8475    0.7474    0.7847      2858

Confusion matrix (rows: actual, columns: predicted):
[[ 179  153]
 [ 569 1957]]
Epoch 1/50 | train loss: 0.6589 | validation loss: 0.6414 | validation accuracy: 0.6232 | validation AP: 0.2227
Epoch 2/50 | train loss: 0.6392 | validation loss: 0.6738 | validation accuracy: 0.606 | validation AP: 0.1703
Epoch 3/50 | train loss: 0.6301 | validation loss: 0.6522 | validation accuracy: 0.6833 | validation AP: 0.2244
Epoch 4/50 | train loss: 0.6137 | validation loss: 0.6768 | validation accuracy: 0.7481 | validation AP: 0.2307
Epoch 5/50 | train loss: 0.6123 | validation loss: 0.673 | validation accuracy: 0.7435 | validation AP: 0.2448
Epoch 6/50 | train loss: 0.6042 | validation loss: 0.6421 | validation accuracy: 0.7008 | validation AP: 0.2627
Epoch 7/50 | train loss: 0.5947 | validation loss: 0.6996 | validation accuracy: 0.6833 | validation AP: 0.2087
Epoch 8/50 | train loss: 0.5942 | validation loss: 0.6285 | validation accuracy: 0.6337 | validation AP: 0.2624
Epoch 9/50 | train loss: 0.5978 | validation loss: 0.666 | validation accuracy: 0.7355 | validation AP: 0.2687
Epoch 10/50 | train loss: 0.5925 | validation loss: 0.6945 | validation accuracy: 0.7257 | validation AP: 0.2391
Epoch 11/50 | train loss: 0.5865 | validation loss: 0.6672 | validation accuracy: 0.7001 | validation AP: 0.2421
Epoch 12/50 | train loss: 0.5889 | validation loss: 0.758 | validation accuracy: 0.6994 | validation AP: 0.1752
Epoch 13/50 | train loss: 0.5887 | validation loss: 0.6757 | validation accuracy: 0.7015 | validation AP: 0.258
Stopping at epoch 13: validation AP has not improved for 4 epochs.
Best epoch: 9 | validation AP: 0.2687 | epochs run: 13

Validation classification report:
              precision    recall  f1-score   support

  disengaged     0.2261    0.5271    0.3165       332
     engaged     0.9247    0.7629    0.8360      2526

    accuracy                         0.7355      2858
   macro avg     0.5754    0.6450    0.5762      2858
weighted avg     0.8435    0.7355    0.7757      2858

Confusion matrix (rows: actual, columns: predicted):
[[ 175  157]
 [ 599 1927]]
Epoch 1/50 | train loss: 0.6553 | validation loss: 0.6954 | validation accuracy: 0.6449 | validation AP: 0.1655
Epoch 2/50 | train loss: 0.6393 | validation loss: 0.6863 | validation accuracy: 0.7159 | validation AP: 0.1811
Epoch 3/50 | train loss: 0.6195 | validation loss: 0.687 | validation accuracy: 0.7418 | validation AP: 0.2045
Epoch 4/50 | train loss: 0.6117 | validation loss: 0.6123 | validation accuracy: 0.6207 | validation AP: 0.2672
Epoch 5/50 | train loss: 0.6049 | validation loss: 0.6703 | validation accuracy: 0.6641 | validation AP: 0.2256
Epoch 6/50 | train loss: 0.6015 | validation loss: 0.6723 | validation accuracy: 0.7257 | validation AP: 0.2231
Epoch 7/50 | train loss: 0.5949 | validation loss: 0.6575 | validation accuracy: 0.6564 | validation AP: 0.2407
Epoch 8/50 | train loss: 0.5997 | validation loss: 0.6519 | validation accuracy: 0.7001 | validation AP: 0.2567
Stopping at epoch 8: validation AP has not improved for 4 epochs.
Best epoch: 4 | validation AP: 0.2672 | epochs run: 8

Validation classification report:
              precision    recall  f1-score   support

  disengaged     0.1867    0.6747    0.2924       332
     engaged     0.9349    0.6136    0.7409      2526

    accuracy                         0.6207      2858
   macro avg     0.5608    0.6442    0.5167      2858
weighted avg     0.8479    0.6207    0.6888      2858

Confusion matrix (rows: actual, columns: predicted):
[[ 224  108]
 [ 976 1550]]
Epoch 1/50 | train loss: 0.6536 | validation loss: 0.6831 | validation accuracy: 0.7089 | validation AP: 0.1873
Epoch 2/50 | train loss: 0.6321 | validation loss: 0.6498 | validation accuracy: 0.592 | validation AP: 0.1871
Epoch 3/50 | train loss: 0.621 | validation loss: 0.6948 | validation accuracy: 0.7341 | validation AP: 0.207
Epoch 4/50 | train loss: 0.6192 | validation loss: 0.6383 | validation accuracy: 0.6456 | validation AP: 0.2252
Epoch 5/50 | train loss: 0.6118 | validation loss: 0.6818 | validation accuracy: 0.7551 | validation AP: 0.2412
Epoch 6/50 | train loss: 0.6008 | validation loss: 0.6941 | validation accuracy: 0.7449 | validation AP: 0.2273
Epoch 7/50 | train loss: 0.594 | validation loss: 0.69 | validation accuracy: 0.7418 | validation AP: 0.2329
Epoch 8/50 | train loss: 0.5958 | validation loss: 0.6874 | validation accuracy: 0.7642 | validation AP: 0.2568
Epoch 9/50 | train loss: 0.5912 | validation loss: 0.6924 | validation accuracy: 0.7365 | validation AP: 0.2451
Epoch 10/50 | train loss: 0.5863 | validation loss: 0.6698 | validation accuracy: 0.7138 | validation AP: 0.2458
Epoch 11/50 | train loss: 0.5836 | validation loss: 0.656 | validation accuracy: 0.705 | validation AP: 0.2654
Epoch 12/50 | train loss: 0.5741 | validation loss: 0.7183 | validation accuracy: 0.7873 | validation AP: 0.2681
Epoch 13/50 | train loss: 0.5674 | validation loss: 0.7179 | validation accuracy: 0.7127 | validation AP: 0.2002
Epoch 14/50 | train loss: 0.5718 | validation loss: 0.6683 | validation accuracy: 0.6382 | validation AP: 0.2104
Epoch 15/50 | train loss: 0.5612 | validation loss: 0.6791 | validation accuracy: 0.7187 | validation AP: 0.2304
Epoch 16/50 | train loss: 0.5482 | validation loss: 0.7392 | validation accuracy: 0.7481 | validation AP: 0.2328
Stopping at epoch 16: validation AP has not improved for 4 epochs.
Best epoch: 12 | validation AP: 0.2681 | epochs run: 16

Validation classification report:
              precision    recall  f1-score   support

  disengaged     0.2536    0.4277    0.3184       332
     engaged     0.9173    0.8345    0.8740      2526

    accuracy                         0.7873      2858
   macro avg     0.5854    0.6311    0.5962      2858
weighted avg     0.8402    0.7873    0.8094      2858

Confusion matrix (rows: actual, columns: predicted):
[[ 142  190]
 [ 418 2108]]
Epoch 1/50 | train loss: 0.652 | validation loss: 0.6763 | validation accuracy: 0.6452 | validation AP: 0.176
Epoch 2/50 | train loss: 0.6306 | validation loss: 0.663 | validation accuracy: 0.6253 | validation AP: 0.19
Epoch 3/50 | train loss: 0.6276 | validation loss: 0.6876 | validation accuracy: 0.7526 | validation AP: 0.2099
Epoch 4/50 | train loss: 0.6172 | validation loss: 0.614 | validation accuracy: 0.6428 | validation AP: 0.2504
Epoch 5/50 | train loss: 0.6009 | validation loss: 0.6438 | validation accuracy: 0.7404 | validation AP: 0.2838
Epoch 6/50 | train loss: 0.5981 | validation loss: 0.6908 | validation accuracy: 0.7866 | validation AP: 0.2654[I 2026-10-09 04:27:07,035] A new study created in memory with name: lstm_uni_attention|30fps/5s

Epoch 7/50 | train loss: 0.5964 | validation loss: 0.6397 | validation accuracy: 0.698 | validation AP: 0.2594
Epoch 8/50 | train loss: 0.5912 | validation loss: 0.6719 | validation accuracy: 0.7152 | validation AP: 0.2274
Epoch 9/50 | train loss: 0.5869 | validation loss: 0.6898 | validation accuracy: 0.7477 | validation AP: 0.2434
Stopping at epoch 9: validation AP has not improved for 4 epochs.
Best epoch: 5 | validation AP: 0.2838 | epochs run: 9

Validation classification report:
              precision    recall  f1-score   support

  disengaged     0.2303    0.5271    0.3205       332
     engaged     0.9252    0.7684    0.8395      2526

    accuracy                         0.7404      2858
   macro avg     0.5777    0.6478    0.5800      2858
weighted avg     0.8444    0.7404    0.7792      2858

Confusion matrix (rows: actual, columns: predicted):
[[ 175  157]
 [ 585 1941]]
Epoch 1/50 | train loss: 0.6485 | validation loss: 0.6963 | validation accuracy: 0.7624 | validation AP: 0.2018
Epoch 2/50 | train loss: 0.6276 | validation loss: 0.6684 | validation accuracy: 0.6798 | validation AP: 0.1955
Epoch 3/50 | train loss: 0.615 | validation loss: 0.6599 | validation accuracy: 0.6931 | validation AP: 0.2156
Epoch 4/50 | train loss: 0.6066 | validation loss: 0.6895 | validation accuracy: 0.7281 | validation AP: 0.2196
Epoch 5/50 | train loss: 0.601 | validation loss: 0.661 | validation accuracy: 0.6505 | validation AP: 0.2341
Epoch 6/50 | train loss: 0.6017 | validation loss: 0.6626 | validation accuracy: 0.747 | validation AP: 0.2715
Epoch 7/50 | train loss: 0.6034 | validation loss: 0.6586 | validation accuracy: 0.7239 | validation AP: 0.2487
Epoch 8/50 | train loss: 0.5937 | validation loss: 0.6494 | validation accuracy: 0.6109 | validation AP: 0.2261
Epoch 9/50 | train loss: 0.5945 | validation loss: 0.6519 | validation accuracy: 0.711 | validation AP: 0.2561
Epoch 10/50 | train loss: 0.5903 | validation loss: 0.7004 | validation accuracy: 0.6949 | validation AP: 0.2059
Stopping at epoch 10: validation AP has not improved for 4 epochs.
Best epoch: 6 | validation AP: 0.2715 | epochs run: 10

Validation classification report:
              precision    recall  f1-score   support

  disengaged     0.2355    0.5241    0.3249       332
     engaged     0.9254    0.7763    0.8443      2526

    accuracy                         0.7470      2858
   macro avg     0.5804    0.6502    0.5846      2858
weighted avg     0.8453    0.7470    0.7840      2858

Confusion matrix (rows: actual, columns: predicted):
[[ 174  158]
 [ 565 1961]]
Epoch 1/50 | train loss: 0.6574 | validation loss: 0.6505 | validation accuracy: 0.6617 | validation AP: 0.219
Epoch 2/50 | train loss: 0.6341 | validation loss: 0.6716 | validation accuracy: 0.6298 | validation AP: 0.1719
Epoch 3/50 | train loss: 0.6202 | validation loss: 0.6469 | validation accuracy: 0.7117 | validation AP: 0.2566
Epoch 4/50 | train loss: 0.6022 | validation loss: 0.6938 | validation accuracy: 0.7516 | validation AP: 0.2236
Epoch 5/50 | train loss: 0.6025 | validation loss: 0.6901 | validation accuracy: 0.7554 | validation AP: 0.2423
Epoch 6/50 | train loss: 0.5952 | validation loss: 0.6691 | validation accuracy: 0.6994 | validation AP: 0.2252
Epoch 7/50 | train loss: 0.5845 | validation loss: 0.7319 | validation accuracy: 0.7117 | validation AP: 0.1935
Stopping at epoch 7: validation AP has not improved for 4 epochs.
Best epoch: 3 | validation AP: 0.2566 | epochs run: 7

Validation classification report:
              precision    recall  f1-score   support

  disengaged     0.2119    0.5452    0.3052       332
     engaged     0.9247    0.7336    0.8181      2526

    accuracy                         0.7117      2858
   macro avg     0.5683    0.6394    0.5617      2858
weighted avg     0.8419    0.7117    0.7585      2858

Confusion matrix (rows: actual, columns: predicted):
[[ 181  151]
 [ 673 1853]]
Epoch 1/50 | train loss: 0.6525 | validation loss: 0.6857 | validation accuracy: 0.6592 | validation AP: 0.1763
Epoch 2/50 | train loss: 0.6361 | validation loss: 0.6817 | validation accuracy: 0.7145 | validation AP: 0.1956
Epoch 3/50 | train loss: 0.6154 | validation loss: 0.6885 | validation accuracy: 0.7344 | validation AP: 0.2041
Epoch 4/50 | train loss: 0.6085 | validation loss: 0.6167 | validation accuracy: 0.6452 | validation AP: 0.2662
Epoch 5/50 | train loss: 0.6006 | validation loss: 0.6794 | validation accuracy: 0.7022 | validation AP: 0.2341
Epoch 6/50 | train loss: 0.5972 | validation loss: 0.6645 | validation accuracy: 0.7348 | validation AP: 0.2501
Epoch 7/50 | train loss: 0.5891 | validation loss: 0.6608 | validation accuracy: 0.6781 | validation AP: 0.2454
Epoch 8/50 | train loss: 0.5909 | validation loss: 0.6592 | validation accuracy: 0.6959 | validation AP: 0.2444
Stopping at epoch 8: validation AP has not improved for 4 epochs.
Best epoch: 4 | validation AP: 0.2662 | epochs run: 8

Validation classification report:
              precision    recall  f1-score   support

  disengaged     0.1922    0.6416    0.2958       332
     engaged     0.9320    0.6457    0.7629      2526

    accuracy                         0.6452      2858
   macro avg     0.5621    0.6436    0.5293      2858
weighted avg     0.8461    0.6452    0.7086      2858

Confusion matrix (rows: actual, columns: predicted):
[[ 213  119]
 [ 895 1631]]

 gru_uni_attention | 30fps/5s (confirmed on seeds [52, 53, 54, 55, 56])
  0.2918 +/- 0.0038  (101027,) params  hidden_size=154, num_layers=1, dropout=0.0, learning_rate=0.0004841632530916229, batch_size=64
  0.2918 +/- 0.0063  (193995,) params  hidden_size=137, num_layers=2, dropout=0.0, learning_rate=0.0003115352013671648, batch_size=64
  Selected: hidden_size=154, num_layers=1, dropout=0.0, learning_rate=0.0004841632530916229, batch_size=64  (AP 0.2918, 101,027 parameters)
Epoch 1/50 | train loss: 0.6616 | validation loss: 0.6828 | validation accuracy: 0.8254 | validation AP: 0.254
Epoch 2/50 | train loss: 0.6253 | validation loss: 0.6392 | validation accuracy: 0.7292 | validation AP: 0.249
Epoch 3/50 | train loss: 0.6149 | validation loss: 0.6756 | validation accuracy: 0.7834 | validation AP: 0.2331
Epoch 4/50 | train loss: 0.6281 | validation loss: 0.6529 | validation accuracy: 0.7547 | validation AP: 0.2585
Epoch 5/50 | train loss: 0.6014 | validation loss: 0.8159 | validation accuracy: 0.8107 | validation AP: 0.2571
Epoch 6/50 | train loss: 0.5909 | validation loss: 0.6284 | validation accuracy: 0.6113 | validation AP: 0.2458
Epoch 7/50 | train loss: 0.5894 | validation loss: 0.7616 | validation accuracy: 0.8009 | validation AP: 0.215
Epoch 8/50 | train loss: 0.5757 | validation loss: 0.712 | validation accuracy: 0.7596 | validation AP: 0.2011
Stopping at epoch 8: validation AP has not improved for 4 epochs.
Best epoch: 4 | validation AP: 0.2585 | epochs run: 8

Validation classification report:
              precision    recall  f1-score   support

  disengaged     0.2420    0.5211    0.3305       332
     engaged     0.9258    0.7854    0.8499      2526

    accuracy                         0.7547      2858
   macro avg     0.5839    0.6533    0.5902      2858
weighted avg     0.8464    0.7547    0.7895      2858

Confusion matrix (rows: actual, columns: predicted):
[[ 173  159]
 [ 542 1984]]
Epoch 1/50 | train loss: 0.6624 | validation loss: 0.6936 | validation accuracy: 0.7712 | validation AP: 0.2106
Epoch 2/50 | train loss: 0.621 | validation loss: 0.6541 | validation accuracy: 0.7344 | validation AP: 0.2219
Epoch 3/50 | train loss: 0.6067 | validation loss: 0.6689 | validation accuracy: 0.7628 | validation AP: 0.2531
Epoch 4/50 | train loss: 0.6002 | validation loss: 0.6935 | validation accuracy: 0.6652 | validation AP: 0.2134
Epoch 5/50 | train loss: 0.5933 | validation loss: 0.6863 | validation accuracy: 0.7078 | validation AP: 0.2317
Epoch 6/50 | train loss: 0.5846 | validation loss: 0.681 | validation accuracy: 0.7176 | validation AP: 0.2189
Epoch 7/50 | train loss: 0.5787 | validation loss: 0.7042 | validation accuracy: 0.7379 | validation AP: 0.1907
Stopping at epoch 7: validation AP has not improved for 4 epochs.
Best epoch: 3 | validation AP: 0.2531 | epochs run: 7[I 2026-10-09 04:27:47,233] Trial 0 finished with value: 0.2656405219659536 and parameters: {'hidden_size': 47, 'num_layers': 3, 'dropout': 0.0, 'learning_rate': 0.005399484409787433, 'batch_size': 64}. Best is trial 0 with value: 0.2656405219659536.
[I 2026-10-09 04:31:48,690] Trial 1 finished with value: 0.28297897728360194 and parameters: {'hidden_size': 136, 'num_layers': 1, 'dropout': 0.25, 'learning_rate': 0.0003823475224675188, 'batch_size': 8}. Best is trial 1 with value: 0.28297897728360194.


Validation classification report:
              precision    recall  f1-score   support

  disengaged     0.2322    0.4518    0.3067       332
     engaged     0.9177    0.8036    0.8569      2526

    accuracy                         0.7628      2858
   macro avg     0.5750    0.6277    0.5818      2858
weighted avg     0.8381    0.7628    0.7930      2858

Confusion matrix (rows: actual, columns: predicted):
[[ 150  182]
 [ 496 2030]]
Epoch 1/50 | train loss: 0.6698 | validation loss: 0.712 | validation accuracy: 0.8324 | validation AP: 0.202
Epoch 2/50 | train loss: 0.6285 | validation loss: 0.6708 | validation accuracy: 0.7285 | validation AP: 0.2028
Epoch 3/50 | train loss: 0.6275 | validation loss: 0.6575 | validation accuracy: 0.6718 | validation AP: 0.1887
Epoch 4/50 | train loss: 0.6087 | validation loss: 0.655 | validation accuracy: 0.6589 | validation AP: 0.2097
Epoch 5/50 | train loss: 0.598 | validation loss: 0.6664 | validation accuracy: 0.6603 | validation AP: 0.1829
Epoch 6/50 | train loss: 0.5923 | validation loss: 0.7395 | validation accuracy: 0.7757 | validation AP: 0.2125
Epoch 7/50 | train loss: 0.586 | validation loss: 0.7301 | validation accuracy: 0.7624 | validation AP: 0.203
Epoch 8/50 | train loss: 0.5688 | validation loss: 0.6808 | validation accuracy: 0.6029 | validation AP: 0.1644
Epoch 9/50 | train loss: 0.5758 | validation loss: 0.6795 | validation accuracy: 0.7159 | validation AP: 0.2019
Epoch 10/50 | train loss: 0.561 | validation loss: 0.7489 | validation accuracy: 0.7306 | validation AP: 0.2211
Epoch 11/50 | train loss: 0.5509 | validation loss: 0.7974 | validation accuracy: 0.8065 | validation AP: 0.2258
Epoch 12/50 | train loss: 0.5563 | validation loss: 0.7393 | validation accuracy: 0.6942 | validation AP: 0.218
Epoch 13/50 | train loss: 0.5418 | validation loss: 0.8136 | validation accuracy: 0.8142 | validation AP: 0.2273
Epoch 14/50 | train loss: 0.5459 | validation loss: 0.6817 | validation accuracy: 0.6456 | validation AP: 0.2013
Epoch 15/50 | train loss: 0.5436 | validation loss: 0.7647 | validation accuracy: 0.7519 | validation AP: 0.2079
Epoch 16/50 | train loss: 0.5275 | validation loss: 0.7721 | validation accuracy: 0.7656 | validation AP: 0.231
Epoch 17/50 | train loss: 0.5411 | validation loss: 0.7842 | validation accuracy: 0.7264 | validation AP: 0.1943
Epoch 18/50 | train loss: 0.5182 | validation loss: 0.78 | validation accuracy: 0.7488 | validation AP: 0.2265
Epoch 19/50 | train loss: 0.5221 | validation loss: 0.7896 | validation accuracy: 0.6211 | validation AP: 0.184
Epoch 20/50 | train loss: 0.5057 | validation loss: 0.8205 | validation accuracy: 0.739 | validation AP: 0.213
Stopping at epoch 20: validation AP has not improved for 4 epochs.
Best epoch: 16 | validation AP: 0.231 | epochs run: 20

Validation classification report:
              precision    recall  f1-score   support

  disengaged     0.2256    0.4187    0.2932       332
     engaged     0.9139    0.8112    0.8595      2526

    accuracy                         0.7656      2858
   macro avg     0.5698    0.6149    0.5764      2858
weighted avg     0.8340    0.7656    0.7937      2858

Confusion matrix (rows: actual, columns: predicted):
[[ 139  193]
 [ 477 2049]]
Epoch 1/50 | train loss: 0.5321 | validation loss: 0.5749 | validation accuracy: 0.8807 | validation AP: 0.2493
Epoch 2/50 | train loss: 0.4993 | validation loss: 0.6008 | validation accuracy: 0.8495 | validation AP: 0.2148
Epoch 3/50 | train loss: 0.4869 | validation loss: 0.6001 | validation accuracy: 0.8401 | validation AP: 0.2224
Epoch 4/50 | train loss: 0.4879 | validation loss: 0.5811 | validation accuracy: 0.8376 | validation AP: 0.2253
Epoch 5/50 | train loss: 0.4734 | validation loss: 0.5796 | validation accuracy: 0.8481 | validation AP: 0.2556
Epoch 6/50 | train loss: 0.4644 | validation loss: 0.5629 | validation accuracy: 0.8436 | validation AP: 0.2409
Epoch 7/50 | train loss: 0.4606 | validation loss: 0.62 | validation accuracy: 0.8548 | validation AP: 0.1972
Epoch 8/50 | train loss: 0.4545 | validation loss: 0.6122 | validation accuracy: 0.8369 | validation AP: 0.1925
Epoch 9/50 | train loss: 0.4587 | validation loss: 0.6048 | validation accuracy: 0.8125 | validation AP: 0.2132
Stopping at epoch 9: validation AP has not improved for 4 epochs.
Best epoch: 5 | validation AP: 0.2556 | epochs run: 9

Validation classification report:
              precision    recall  f1-score   support

  disengaged     0.3179    0.2681    0.2908       332
     engaged     0.9057    0.9244    0.9150      2526

    accuracy                         0.8481      2858
   macro avg     0.6118    0.5962    0.6029      2858
weighted avg     0.8374    0.8481    0.8425      2858

Confusion matrix (rows: actual, columns: predicted):
[[  89  243]
 [ 191 2335]]
Epoch 1/50 | train loss: 0.5248 | validation loss: 0.6117 | validation accuracy: 0.8495 | validation AP: 0.2471
Epoch 2/50 | train loss: 0.5048 | validation loss: 0.5806 | validation accuracy: 0.8698 | validation AP: 0.2422
Epoch 3/50 | train loss: 0.4889 | validation loss: 0.5692 | validation accuracy: 0.8768 | validation AP: 0.2669
Epoch 4/50 | train loss: 0.4855 | validation loss: 0.563 | validation accuracy: 0.7869 | validation AP: 0.2519
Epoch 5/50 | train loss: 0.4769 | validation loss: 0.6025 | validation accuracy: 0.8233 | validation AP: 0.1963
Epoch 6/50 | train loss: 0.4623 | validation loss: 0.6205 | validation accuracy: 0.8443 | validation AP: 0.2146
Epoch 7/50 | train loss: 0.4645 | validation loss: 0.5993 | validation accuracy: 0.8513 | validation AP: 0.2243
Stopping at epoch 7: validation AP has not improved for 4 epochs.
Best epoch: 3 | validation AP: 0.2669 | epochs run: 7

Validation classification report:
              precision    recall  f1-score   support

  disengaged     0.4107    0.1386    0.2072       332
     engaged     0.8958    0.9739    0.9332      2526

    accuracy                         0.8768      2858
   macro avg     0.6533    0.5562    0.5702      2858
weighted avg     0.8395    0.8768    0.8489      2858

Confusion matrix (rows: actual, columns: predicted):
[[  46  286]
 [  66 2460]]
Epoch 1/50 | train loss: 0.5206 | validation loss: 0.6085 | validation accuracy: 0.8712 | validation AP: 0.2123
Epoch 2/50 | train loss: 0.5041 | validation loss: 0.5905 | validation accuracy: 0.8541 | validation AP: 0.2332
Epoch 3/50 | train loss: 0.4892 | validation loss: 0.5835 | validation accuracy: 0.8303 | validation AP: 0.2099
Epoch 4/50 | train loss: 0.4806 | validation loss: 0.607 | validation accuracy: 0.853 | validation AP: 0.2054
Epoch 5/50 | train loss: 0.4766 | validation loss: 0.5772 | validation accuracy: 0.8443 | validation AP: 0.2278
Epoch 6/50 | train loss: 0.4766 | validation loss: 0.604 | validation accuracy: 0.8177 | validation AP: 0.2081
Stopping at epoch 6: validation AP has not improved for 4 epochs.
Best epoch: 2 | validation AP: 0.2332 | epochs run: 6

Validation classification report:
              precision    recall  f1-score   support

  disengaged     0.2927    0.1807    0.2235       332
     engaged     0.8975    0.9426    0.9195      2526

    accuracy                         0.8541      2858
   macro avg     0.5951    0.5617    0.5715      2858
weighted avg     0.8272    0.8541    0.8386      2858

Confusion matrix (rows: actual, columns: predicted):
[[  60  272]
 [ 145 2381]]
Epoch 1/50 | train loss: 0.6747 | validation loss: 0.6879 | validation accuracy: 0.8244 | validation AP: 0.1913
Epoch 2/50 | train loss: 0.6261 | validation loss: 0.6549 | validation accuracy: 0.7243 | validation AP: 0.2004
Epoch 3/50 | train loss: 0.6046 | validation loss: 0.6758 | validation accuracy: 0.7551 | validation AP: 0.2188
Epoch 4/50 | train loss: 0.6052 | validation loss: 0.6694 | validation accuracy: 0.7551 | validation AP: 0.2342
Epoch 5/50 | train loss: 0.5857 | validation loss: 0.7022 | validation accuracy: 0.7698 | validation AP: 0.2382
Epoch 6/50 | train loss: 0.5828 | validation loss: 0.6489 | validation accuracy: 0.7064 | validation AP: 0.2181
Epoch 7/50 | train loss: 0.5886 | validation loss: 0.711 | validation accuracy: 0.7586 | validation AP: 0.1945
Epoch 8/50 | train loss: 0.5757 | validation loss: 0.6932 | validation accuracy: 0.7736 | validation AP: 0.2185[I 2026-10-09 04:32:35,295] Trial 2 finished with value: 0.25352416247835446 and parameters: {'hidden_size': 56, 'num_layers': 3, 'dropout': 0.5, 'learning_rate': 0.00021930485556643703, 'batch_size': 32}. Best is trial 1 with value: 0.28297897728360194.
[I 2026-10-09 04:33:20,659] Trial 3 finished with value: 0.27118611566208345 and parameters: {'hidden_size': 40, 'num_layers': 1, 'dropout': 0.0, 'learning_rate': 0.006586289317583112, 'batch_size': 16}. Best is trial 1 with value: 0.28297897728360194.

Epoch 9/50 | train loss: 0.5715 | validation loss: 0.6891 | validation accuracy: 0.7092 | validation AP: 0.2288
Stopping at epoch 9: validation AP has not improved for 4 epochs.
Best epoch: 5 | validation AP: 0.2382 | epochs run: 9

Validation classification report:
              precision    recall  f1-score   support

  disengaged     0.2445    0.4699    0.3216       332
     engaged     0.9207    0.8092    0.8614      2526

    accuracy                         0.7698      2858
   macro avg     0.5826    0.6395    0.5915      2858
weighted avg     0.8422    0.7698    0.7987      2858

Confusion matrix (rows: actual, columns: predicted):
[[ 156  176]
 [ 482 2044]]
Epoch 1/50 | train loss: 0.6738 | validation loss: 0.7118 | validation accuracy: 0.8761 | validation AP: 0.1741
Epoch 2/50 | train loss: 0.6257 | validation loss: 0.6544 | validation accuracy: 0.7292 | validation AP: 0.2345
Epoch 3/50 | train loss: 0.5985 | validation loss: 0.6809 | validation accuracy: 0.782 | validation AP: 0.258
Epoch 4/50 | train loss: 0.5915 | validation loss: 0.6526 | validation accuracy: 0.6742 | validation AP: 0.2508
Epoch 5/50 | train loss: 0.5889 | validation loss: 0.6878 | validation accuracy: 0.7103 | validation AP: 0.2241
Epoch 6/50 | train loss: 0.5849 | validation loss: 0.6741 | validation accuracy: 0.7365 | validation AP: 0.2466
Epoch 7/50 | train loss: 0.577 | validation loss: 0.6825 | validation accuracy: 0.732 | validation AP: 0.2346
Stopping at epoch 7: validation AP has not improved for 4 epochs.
Best epoch: 3 | validation AP: 0.258 | epochs run: 7

Validation classification report:
              precision    recall  f1-score   support

  disengaged     0.2388    0.4006    0.2992       332
     engaged     0.9135    0.8321    0.8709      2526

    accuracy                         0.7820      2858
   macro avg     0.5761    0.6164    0.5851      2858
weighted avg     0.8351    0.7820    0.8045      2858

Confusion matrix (rows: actual, columns: predicted):
[[ 133  199]
 [ 424 2102]]
Epoch 1/50 | train loss: 0.6795 | validation loss: 0.6993 | validation accuracy: 0.8527 | validation AP: 0.2038
Epoch 2/50 | train loss: 0.6234 | validation loss: 0.6736 | validation accuracy: 0.7775 | validation AP: 0.2098
Epoch 3/50 | train loss: 0.5915 | validation loss: 0.6849 | validation accuracy: 0.7379 | validation AP: 0.2061
Epoch 4/50 | train loss: 0.5887 | validation loss: 0.6895 | validation accuracy: 0.7505 | validation AP: 0.2152
Epoch 5/50 | train loss: 0.5836 | validation loss: 0.6628 | validation accuracy: 0.7124 | validation AP: 0.2321
Epoch 6/50 | train loss: 0.5723 | validation loss: 0.688 | validation accuracy: 0.7267 | validation AP: 0.2264
Epoch 7/50 | train loss: 0.5763 | validation loss: 0.7019 | validation accuracy: 0.7656 | validation AP: 0.2306
Epoch 8/50 | train loss: 0.5727 | validation loss: 0.6832 | validation accuracy: 0.7201 | validation AP: 0.2081
Epoch 9/50 | train loss: 0.5646 | validation loss: 0.685 | validation accuracy: 0.7407 | validation AP: 0.2221
Stopping at epoch 9: validation AP has not improved for 4 epochs.
Best epoch: 5 | validation AP: 0.2321 | epochs run: 9

Validation classification report:
              precision    recall  f1-score   support

  disengaged     0.2034    0.5060    0.2902       332
     engaged     0.9193    0.7395    0.8197      2526

    accuracy                         0.7124      2858
   macro avg     0.5613    0.6228    0.5549      2858
weighted avg     0.8361    0.7124    0.7581      2858

Confusion matrix (rows: actual, columns: predicted):
[[ 168  164]
 [ 658 1868]]
Epoch 1/50 | train loss: 0.6122 | validation loss: 0.6338 | validation accuracy: 0.8544 | validation AP: 0.2674
Epoch 2/50 | train loss: 0.5795 | validation loss: 0.6542 | validation accuracy: 0.8303 | validation AP: 0.274
Epoch 3/50 | train loss: 0.5677 | validation loss: 0.6944 | validation accuracy: 0.7911 | validation AP: 0.2091
Epoch 4/50 | train loss: 0.5588 | validation loss: 0.6335 | validation accuracy: 0.7733 | validation AP: 0.2309
Epoch 5/50 | train loss: 0.5377 | validation loss: 0.7252 | validation accuracy: 0.8226 | validation AP: 0.2623
Epoch 6/50 | train loss: 0.5311 | validation loss: 0.6154 | validation accuracy: 0.7652 | validation AP: 0.2128
Stopping at epoch 6: validation AP has not improved for 4 epochs.
Best epoch: 2 | validation AP: 0.274 | epochs run: 6

Validation classification report:
              precision    recall  f1-score   support

  disengaged     0.2869    0.3102    0.2981       332
     engaged     0.9084    0.8987    0.9035      2526

    accuracy                         0.8303      2858
   macro avg     0.5976    0.6044    0.6008      2858
weighted avg     0.8362    0.8303    0.8332      2858

Confusion matrix (rows: actual, columns: predicted):
[[ 103  229]
 [ 256 2270]]
Epoch 1/50 | train loss: 0.6059 | validation loss: 0.7413 | validation accuracy: 0.8628 | validation AP: 0.2523
Epoch 2/50 | train loss: 0.5721 | validation loss: 0.6862 | validation accuracy: 0.8408 | validation AP: 0.2213
Epoch 3/50 | train loss: 0.5561 | validation loss: 0.6389 | validation accuracy: 0.8296 | validation AP: 0.2432
Epoch 4/50 | train loss: 0.5463 | validation loss: 0.6514 | validation accuracy: 0.7271 | validation AP: 0.1936
Epoch 5/50 | train loss: 0.5341 | validation loss: 0.6904 | validation accuracy: 0.7568 | validation AP: 0.2066
Stopping at epoch 5: validation AP has not improved for 4 epochs.
Best epoch: 1 | validation AP: 0.2523 | epochs run: 5

Validation classification report:
              precision    recall  f1-score   support

  disengaged     0.3438    0.1988    0.2519       332
     engaged     0.9002    0.9501    0.9245      2526

    accuracy                         0.8628      2858
   macro avg     0.6220    0.5745    0.5882      2858
weighted avg     0.8356    0.8628    0.8464      2858

Confusion matrix (rows: actual, columns: predicted):
[[  66  266]
 [ 126 2400]]
Epoch 1/50 | train loss: 0.6017 | validation loss: 0.6821 | validation accuracy: 0.8586 | validation AP: 0.2341
Epoch 2/50 | train loss: 0.5726 | validation loss: 0.6894 | validation accuracy: 0.8355 | validation AP: 0.2089
Epoch 3/50 | train loss: 0.5477 | validation loss: 0.6351 | validation accuracy: 0.7589 | validation AP: 0.2025
Epoch 4/50 | train loss: 0.5448 | validation loss: 0.6781 | validation accuracy: 0.7929 | validation AP: 0.1741
Epoch 5/50 | train loss: 0.5389 | validation loss: 0.6612 | validation accuracy: 0.7582 | validation AP: 0.1822
Stopping at epoch 5: validation AP has not improved for 4 epochs.
Best epoch: 1 | validation AP: 0.2341 | epochs run: 5

Validation classification report:
              precision    recall  f1-score   support

  disengaged     0.3085    0.1747    0.2231       332
     engaged     0.8974    0.9485    0.9222      2526

    accuracy                         0.8586      2858
   macro avg     0.6029    0.5616    0.5727      2858
weighted avg     0.8290    0.8586    0.8410      2858

Confusion matrix (rows: actual, columns: predicted):
[[  58  274]
 [ 130 2396]]
Epoch 1/50 | train loss: 0.6512 | validation loss: 0.6467 | validation accuracy: 0.7414 | validation AP: 0.2296
Epoch 2/50 | train loss: 0.6184 | validation loss: 0.6336 | validation accuracy: 0.6837 | validation AP: 0.2394
Epoch 3/50 | train loss: 0.5951 | validation loss: 0.6661 | validation accuracy: 0.7428 | validation AP: 0.2257
Epoch 4/50 | train loss: 0.5947 | validation loss: 0.6938 | validation accuracy: 0.747 | validation AP: 0.2369
Epoch 5/50 | train loss: 0.5778 | validation loss: 0.744 | validation accuracy: 0.7715 | validation AP: 0.2547
Epoch 6/50 | train loss: 0.5727 | validation loss: 0.6224 | validation accuracy: 0.564 | validation AP: 0.2363
Epoch 7/50 | train loss: 0.5691 | validation loss: 0.7305 | validation accuracy: 0.7288 | validation AP: 0.1873
Epoch 8/50 | train loss: 0.5491 | validation loss: 0.7322 | validation accuracy: 0.6994 | validation AP: 0.1936
Epoch 9/50 | train loss: 0.5501 | validation loss: 0.6843 | validation accuracy: 0.6686 | validation AP: 0.2359
Stopping at epoch 9: validation AP has not improved for 4 epochs.
Best epoch: 5 | validation AP: 0.2547 | epochs run: 9

Validation classification report:[I 2026-10-09 04:33:43,153] Trial 4 finished with value: 0.27849137482206865 and parameters: {'hidden_size': 70, 'num_layers': 1, 'dropout': 0.0, 'learning_rate': 0.0069782812651260325, 'batch_size': 64}. Best is trial 1 with value: 0.28297897728360194.
[I 2026-10-09 04:34:31,149] Trial 5 finished with value: 0.26407280345620826 and parameters: {'hidden_size': 48, 'num_layers': 1, 'dropout': 0.0, 'learning_rate': 0.0040215545266902904, 'batch_size': 16}. Best is trial 1 with value: 0.28297897728360194.

              precision    recall  f1-score   support

  disengaged     0.2373    0.4367    0.3075       332
     engaged     0.9168    0.8155    0.8632      2526

    accuracy                         0.7715      2858
   macro avg     0.5770    0.6261    0.5854      2858
weighted avg     0.8378    0.7715    0.7986      2858

Confusion matrix (rows: actual, columns: predicted):
[[ 145  187]
 [ 466 2060]]
Epoch 1/50 | train loss: 0.6415 | validation loss: 0.6664 | validation accuracy: 0.7253 | validation AP: 0.2767
Epoch 2/50 | train loss: 0.6027 | validation loss: 0.6742 | validation accuracy: 0.7589 | validation AP: 0.245
Epoch 3/50 | train loss: 0.5982 | validation loss: 0.7233 | validation accuracy: 0.7694 | validation AP: 0.2412
Epoch 4/50 | train loss: 0.584 | validation loss: 0.66 | validation accuracy: 0.6323 | validation AP: 0.2409
Epoch 5/50 | train loss: 0.5757 | validation loss: 0.7618 | validation accuracy: 0.7386 | validation AP: 0.2202
Stopping at epoch 5: validation AP has not improved for 4 epochs.
Best epoch: 1 | validation AP: 0.2767 | epochs run: 5

Validation classification report:
              precision    recall  f1-score   support

  disengaged     0.2261    0.5633    0.3227       332
     engaged     0.9286    0.7466    0.8277      2526

    accuracy                         0.7253      2858
   macro avg     0.5774    0.6549    0.5752      2858
weighted avg     0.8470    0.7253    0.7691      2858

Confusion matrix (rows: actual, columns: predicted):
[[ 187  145]
 [ 640 1886]]
Epoch 1/50 | train loss: 0.6491 | validation loss: 0.6995 | validation accuracy: 0.8037 | validation AP: 0.2289
Epoch 2/50 | train loss: 0.619 | validation loss: 0.6599 | validation accuracy: 0.712 | validation AP: 0.229
Epoch 3/50 | train loss: 0.5967 | validation loss: 0.6394 | validation accuracy: 0.6109 | validation AP: 0.2074
Epoch 4/50 | train loss: 0.5979 | validation loss: 0.6747 | validation accuracy: 0.7015 | validation AP: 0.2269
Epoch 5/50 | train loss: 0.5779 | validation loss: 0.6707 | validation accuracy: 0.6596 | validation AP: 0.1937
Epoch 6/50 | train loss: 0.5784 | validation loss: 0.7137 | validation accuracy: 0.7341 | validation AP: 0.2377
Epoch 7/50 | train loss: 0.5646 | validation loss: 0.7544 | validation accuracy: 0.7239 | validation AP: 0.1829
Epoch 8/50 | train loss: 0.5571 | validation loss: 0.679 | validation accuracy: 0.5826 | validation AP: 0.1983
Epoch 9/50 | train loss: 0.5495 | validation loss: 0.6886 | validation accuracy: 0.6043 | validation AP: 0.1974
Epoch 10/50 | train loss: 0.5433 | validation loss: 0.7644 | validation accuracy: 0.7323 | validation AP: 0.2494
Epoch 11/50 | train loss: 0.5264 | validation loss: 0.8376 | validation accuracy: 0.7649 | validation AP: 0.2249
Epoch 12/50 | train loss: 0.5346 | validation loss: 0.8183 | validation accuracy: 0.7026 | validation AP: 0.2249
Epoch 13/50 | train loss: 0.5247 | validation loss: 0.8538 | validation accuracy: 0.7379 | validation AP: 0.2168
Epoch 14/50 | train loss: 0.5183 | validation loss: 0.7737 | validation accuracy: 0.6777 | validation AP: 0.2155
Stopping at epoch 14: validation AP has not improved for 4 epochs.
Best epoch: 10 | validation AP: 0.2494 | epochs run: 14

Validation classification report:
              precision    recall  f1-score   support

  disengaged     0.2132    0.4849    0.2962       332
     engaged     0.9187    0.7648    0.8347      2526

    accuracy                         0.7323      2858
   macro avg     0.5660    0.6249    0.5655      2858
weighted avg     0.8367    0.7323    0.7722      2858

Confusion matrix (rows: actual, columns: predicted):
[[ 161  171]
 [ 594 1932]]
Epoch 1/50 | train loss: 0.6055 | validation loss: 0.6418 | validation accuracy: 0.8537 | validation AP: 0.2606
Epoch 2/50 | train loss: 0.5758 | validation loss: 0.6403 | validation accuracy: 0.8198 | validation AP: 0.2437
Epoch 3/50 | train loss: 0.5611 | validation loss: 0.6703 | validation accuracy: 0.809 | validation AP: 0.2127
Epoch 4/50 | train loss: 0.5563 | validation loss: 0.656 | validation accuracy: 0.7684 | validation AP: 0.2421
Epoch 5/50 | train loss: 0.5354 | validation loss: 0.6976 | validation accuracy: 0.8048 | validation AP: 0.2534
Stopping at epoch 5: validation AP has not improved for 4 epochs.
Best epoch: 1 | validation AP: 0.2606 | epochs run: 5

Validation classification report:
              precision    recall  f1-score   support

  disengaged     0.3162    0.2229    0.2615       332
     engaged     0.9017    0.9367    0.9188      2526

    accuracy                         0.8537      2858
   macro avg     0.6090    0.5798    0.5902      2858
weighted avg     0.8337    0.8537    0.8425      2858

Confusion matrix (rows: actual, columns: predicted):
[[  74  258]
 [ 160 2366]]
Epoch 1/50 | train loss: 0.6046 | validation loss: 0.7346 | validation accuracy: 0.8695 | validation AP: 0.2527
Epoch 2/50 | train loss: 0.5694 | validation loss: 0.6601 | validation accuracy: 0.845 | validation AP: 0.2393
Epoch 3/50 | train loss: 0.5543 | validation loss: 0.6398 | validation accuracy: 0.8237 | validation AP: 0.2349
Epoch 4/50 | train loss: 0.5467 | validation loss: 0.6312 | validation accuracy: 0.6973 | validation AP: 0.2162
Epoch 5/50 | train loss: 0.5361 | validation loss: 0.687 | validation accuracy: 0.7754 | validation AP: 0.1903
Stopping at epoch 5: validation AP has not improved for 4 epochs.
Best epoch: 1 | validation AP: 0.2527 | epochs run: 5

Validation classification report:
              precision    recall  f1-score   support

  disengaged     0.3586    0.1566    0.2180       332
     engaged     0.8968    0.9632    0.9288      2526

    accuracy                         0.8695      2858
   macro avg     0.6277    0.5599    0.5734      2858
weighted avg     0.8343    0.8695    0.8462      2858

Confusion matrix (rows: actual, columns: predicted):
[[  52  280]
 [  93 2433]]
Epoch 1/50 | train loss: 0.5967 | validation loss: 0.6722 | validation accuracy: 0.8593 | validation AP: 0.2288
Epoch 2/50 | train loss: 0.5726 | validation loss: 0.6832 | validation accuracy: 0.8139 | validation AP: 0.233
Epoch 3/50 | train loss: 0.5533 | validation loss: 0.6339 | validation accuracy: 0.7771 | validation AP: 0.206
Epoch 4/50 | train loss: 0.5435 | validation loss: 0.6793 | validation accuracy: 0.8153 | validation AP: 0.1927
Epoch 5/50 | train loss: 0.5398 | validation loss: 0.6403 | validation accuracy: 0.7883 | validation AP: 0.2018
Epoch 6/50 | train loss: 0.5324 | validation loss: 0.6551 | validation accuracy: 0.7925 | validation AP: 0.1918
Stopping at epoch 6: validation AP has not improved for 4 epochs.
Best epoch: 2 | validation AP: 0.233 | epochs run: 6

Validation classification report:
              precision    recall  f1-score   support

  disengaged     0.2500    0.3012    0.2732       332
     engaged     0.9056    0.8812    0.8933      2526

    accuracy                         0.8139      2858
   macro avg     0.5778    0.5912    0.5832      2858
weighted avg     0.8295    0.8139    0.8212      2858

Confusion matrix (rows: actual, columns: predicted):
[[ 100  232]
 [ 300 2226]]
Epoch 1/50 | train loss: 0.5677 | validation loss: 0.6151 | validation accuracy: 0.8838 | validation AP: 0.1401
Epoch 2/50 | train loss: 0.5199 | validation loss: 0.6253 | validation accuracy: 0.8425 | validation AP: 0.1464
Epoch 3/50 | train loss: 0.5018 | validation loss: 0.6299 | validation accuracy: 0.8188 | validation AP: 0.1594
Epoch 4/50 | train loss: 0.5025 | validation loss: 0.6048 | validation accuracy: 0.8293 | validation AP: 0.1767
Epoch 5/50 | train loss: 0.4921 | validation loss: 0.5947 | validation accuracy: 0.8279 | validation AP: 0.1824
Epoch 6/50 | train loss: 0.4859 | validation loss: 0.5858 | validation accuracy: 0.8282 | validation AP: 0.1874
Epoch 7/50 | train loss: 0.4786 | validation loss: 0.608 | validation accuracy: 0.8282 | validation AP: 0.1791
Epoch 8/50 | train loss: 0.4647 | validation loss: 0.6162 | validation accuracy: 0.8474 | validation AP: 0.1944
Epoch 9/50 | train loss: 0.4709 | validation loss: 0.5999 | validation accuracy: 0.8226 | validation AP: 0.2017
Epoch 10/50 | train loss: 0.4638 | validation loss: 0.6175 | validation accuracy: 0.8565 | validation AP: 0.215[I 2026-10-09 04:40:07,157] Trial 6 finished with value: 0.23032487858343384 and parameters: {'hidden_size': 20, 'num_layers': 3, 'dropout': 0.1, 'learning_rate': 0.0001705053926026929, 'batch_size': 8}. Best is trial 1 with value: 0.28297897728360194.

Epoch 11/50 | train loss: 0.464 | validation loss: 0.6128 | validation accuracy: 0.8408 | validation AP: 0.2072
Epoch 12/50 | train loss: 0.4612 | validation loss: 0.6332 | validation accuracy: 0.8649 | validation AP: 0.2141
Epoch 13/50 | train loss: 0.4586 | validation loss: 0.6217 | validation accuracy: 0.8376 | validation AP: 0.194
Epoch 14/50 | train loss: 0.4616 | validation loss: 0.6183 | validation accuracy: 0.8366 | validation AP: 0.2076
Stopping at epoch 14: validation AP has not improved for 4 epochs.
Best epoch: 10 | validation AP: 0.215 | epochs run: 14

Validation classification report:
              precision    recall  f1-score   support

  disengaged     0.2784    0.1476    0.1929       332
     engaged     0.8945    0.9497    0.9213      2526

    accuracy                         0.8565      2858
   macro avg     0.5864    0.5487    0.5571      2858
weighted avg     0.8229    0.8565    0.8367      2858

Confusion matrix (rows: actual, columns: predicted):
[[  49  283]
 [ 127 2399]]
Epoch 1/50 | train loss: 0.5567 | validation loss: 0.6118 | validation accuracy: 0.8821 | validation AP: 0.1712
Epoch 2/50 | train loss: 0.5208 | validation loss: 0.5945 | validation accuracy: 0.8415 | validation AP: 0.18
Epoch 3/50 | train loss: 0.4986 | validation loss: 0.5935 | validation accuracy: 0.8425 | validation AP: 0.1901
Epoch 4/50 | train loss: 0.4919 | validation loss: 0.5898 | validation accuracy: 0.7722 | validation AP: 0.1864
Epoch 5/50 | train loss: 0.4841 | validation loss: 0.6005 | validation accuracy: 0.8093 | validation AP: 0.1859
Epoch 6/50 | train loss: 0.4712 | validation loss: 0.6125 | validation accuracy: 0.8174 | validation AP: 0.1965
Epoch 7/50 | train loss: 0.4738 | validation loss: 0.6029 | validation accuracy: 0.8093 | validation AP: 0.1991
Epoch 8/50 | train loss: 0.4666 | validation loss: 0.6174 | validation accuracy: 0.8275 | validation AP: 0.2093
Epoch 9/50 | train loss: 0.4682 | validation loss: 0.6257 | validation accuracy: 0.8279 | validation AP: 0.2023
Epoch 10/50 | train loss: 0.4554 | validation loss: 0.609 | validation accuracy: 0.8051 | validation AP: 0.2141
Epoch 11/50 | train loss: 0.4645 | validation loss: 0.6137 | validation accuracy: 0.8233 | validation AP: 0.209
Epoch 12/50 | train loss: 0.4659 | validation loss: 0.6254 | validation accuracy: 0.8251 | validation AP: 0.2113
Epoch 13/50 | train loss: 0.4525 | validation loss: 0.621 | validation accuracy: 0.8191 | validation AP: 0.2082
Epoch 14/50 | train loss: 0.4477 | validation loss: 0.6125 | validation accuracy: 0.8104 | validation AP: 0.2197
Epoch 15/50 | train loss: 0.4546 | validation loss: 0.6333 | validation accuracy: 0.839 | validation AP: 0.2191
Epoch 16/50 | train loss: 0.4487 | validation loss: 0.6409 | validation accuracy: 0.8275 | validation AP: 0.2132
Epoch 17/50 | train loss: 0.4475 | validation loss: 0.616 | validation accuracy: 0.8321 | validation AP: 0.2229
Epoch 18/50 | train loss: 0.4537 | validation loss: 0.6256 | validation accuracy: 0.8314 | validation AP: 0.2202
Epoch 19/50 | train loss: 0.4514 | validation loss: 0.6153 | validation accuracy: 0.8317 | validation AP: 0.2198
Epoch 20/50 | train loss: 0.4465 | validation loss: 0.6154 | validation accuracy: 0.7971 | validation AP: 0.2199
Epoch 21/50 | train loss: 0.4457 | validation loss: 0.6156 | validation accuracy: 0.7925 | validation AP: 0.2133
Stopping at epoch 21: validation AP has not improved for 4 epochs.
Best epoch: 17 | validation AP: 0.2229 | epochs run: 21

Validation classification report:
              precision    recall  f1-score   support

  disengaged     0.2628    0.2470    0.2547       332
     engaged     0.9018    0.9089    0.9054      2526

    accuracy                         0.8321      2858
   macro avg     0.5823    0.5780    0.5800      2858
weighted avg     0.8276    0.8321    0.8298      2858

Confusion matrix (rows: actual, columns: predicted):
[[  82  250]
 [ 230 2296]]
Epoch 1/50 | train loss: 0.5617 | validation loss: 0.6269 | validation accuracy: 0.8838 | validation AP: 0.1654
Epoch 2/50 | train loss: 0.5168 | validation loss: 0.6118 | validation accuracy: 0.8709 | validation AP: 0.1821
Epoch 3/50 | train loss: 0.4977 | validation loss: 0.5892 | validation accuracy: 0.817 | validation AP: 0.1908
Epoch 4/50 | train loss: 0.4781 | validation loss: 0.6106 | validation accuracy: 0.8478 | validation AP: 0.2039
Epoch 5/50 | train loss: 0.4756 | validation loss: 0.5866 | validation accuracy: 0.8268 | validation AP: 0.2224
Epoch 6/50 | train loss: 0.4782 | validation loss: 0.5915 | validation accuracy: 0.823 | validation AP: 0.2247
Epoch 7/50 | train loss: 0.4705 | validation loss: 0.6021 | validation accuracy: 0.8481 | validation AP: 0.2287
Epoch 8/50 | train loss: 0.4672 | validation loss: 0.5888 | validation accuracy: 0.8397 | validation AP: 0.2278
Epoch 9/50 | train loss: 0.4626 | validation loss: 0.6033 | validation accuracy: 0.8422 | validation AP: 0.2239
Epoch 10/50 | train loss: 0.4547 | validation loss: 0.6172 | validation accuracy: 0.83 | validation AP: 0.2188
Epoch 11/50 | train loss: 0.4482 | validation loss: 0.636 | validation accuracy: 0.8628 | validation AP: 0.2251
Stopping at epoch 11: validation AP has not improved for 4 epochs.
Best epoch: 7 | validation AP: 0.2287 | epochs run: 11

Validation classification report:
              precision    recall  f1-score   support

  disengaged     0.2976    0.2259    0.2568       332
     engaged     0.9014    0.9299    0.9154      2526

    accuracy                         0.8481      2858
   macro avg     0.5995    0.5779    0.5861      2858
weighted avg     0.8312    0.8481    0.8389      2858

Confusion matrix (rows: actual, columns: predicted):
[[  75  257]
 [ 177 2349]]
Epoch 1/50 | train loss: 0.6316 | validation loss: 0.6588 | validation accuracy: 0.796 | validation AP: 0.2513
Epoch 2/50 | train loss: 0.6023 | validation loss: 0.6565 | validation accuracy: 0.7974 | validation AP: 0.2639
Epoch 3/50 | train loss: 0.5941 | validation loss: 0.6665 | validation accuracy: 0.7502 | validation AP: 0.2209
Epoch 4/50 | train loss: 0.5829 | validation loss: 0.6847 | validation accuracy: 0.7698 | validation AP: 0.2434
Epoch 5/50 | train loss: 0.5616 | validation loss: 0.735 | validation accuracy: 0.7901 | validation AP: 0.2649
Epoch 6/50 | train loss: 0.5604 | validation loss: 0.6322 | validation accuracy: 0.6956 | validation AP: 0.2403
Epoch 7/50 | train loss: 0.561 | validation loss: 0.7514 | validation accuracy: 0.7936 | validation AP: 0.1922
Epoch 8/50 | train loss: 0.5344 | validation loss: 0.7547 | validation accuracy: 0.7516 | validation AP: 0.1869
Epoch 9/50 | train loss: 0.5404 | validation loss: 0.696 | validation accuracy: 0.7439 | validation AP: 0.2268
Stopping at epoch 9: validation AP has not improved for 4 epochs.
Best epoch: 5 | validation AP: 0.2649 | epochs run: 9

Validation classification report:
              precision    recall  f1-score   support

  disengaged     0.2443    0.3855    0.2991       332
     engaged     0.9126    0.8432    0.8765      2526

    accuracy                         0.7901      2858
   macro avg     0.5784    0.6144    0.5878      2858
weighted avg     0.8350    0.7901    0.8095      2858

Confusion matrix (rows: actual, columns: predicted):
[[ 128  204]
 [ 396 2130]]
Epoch 1/50 | train loss: 0.6302 | validation loss: 0.7791 | validation accuracy: 0.8093 | validation AP: 0.2517
Epoch 2/50 | train loss: 0.5926 | validation loss: 0.68 | validation accuracy: 0.7897 | validation AP: 0.2498
Epoch 3/50 | train loss: 0.5783 | validation loss: 0.6917 | validation accuracy: 0.7862 | validation AP: 0.2267
Epoch 4/50 | train loss: 0.5724 | validation loss: 0.653 | validation accuracy: 0.6365 | validation AP: 0.2466
Epoch 5/50 | train loss: 0.5652 | validation loss: 0.7377 | validation accuracy: 0.7467 | validation AP: 0.1985
Stopping at epoch 5: validation AP has not improved for 4 epochs.
Best epoch: 1 | validation AP: 0.2517 | epochs run: 5

Validation classification report:
              precision    recall  f1-score   support

  disengaged     0.2700    0.3765    0.3145       332
     engaged     0.9136    0.8662    0.8893      2526

    accuracy                         0.8093      2858
   macro avg     0.5918    0.6213    0.6019      2858
weighted avg     0.8388    0.8093    0.8225      2858
[I 2026-10-09 04:40:38,784] Trial 7 finished with value: 0.278091797777914 and parameters: {'hidden_size': 40, 'num_layers': 1, 'dropout': 0.1, 'learning_rate': 0.0026698666742744613, 'batch_size': 32}. Best is trial 1 with value: 0.28297897728360194.
[I 2026-10-09 04:43:19,959] Trial 8 finished with value: 0.27299208150369164 and parameters: {'hidden_size': 66, 'num_layers': 2, 'dropout': 0.25, 'learning_rate': 0.0010402587615883842, 'batch_size': 8}. Best is trial 1 with value: 0.28297897728360194.

Confusion matrix (rows: actual, columns: predicted):
[[ 125  207]
 [ 338 2188]]
Epoch 1/50 | train loss: 0.6383 | validation loss: 0.6657 | validation accuracy: 0.8002 | validation AP: 0.2533
Epoch 2/50 | train loss: 0.6003 | validation loss: 0.6708 | validation accuracy: 0.7621 | validation AP: 0.238
Epoch 3/50 | train loss: 0.5785 | validation loss: 0.685 | validation accuracy: 0.7264 | validation AP: 0.2055
Epoch 4/50 | train loss: 0.5751 | validation loss: 0.6817 | validation accuracy: 0.747 | validation AP: 0.2201
Epoch 5/50 | train loss: 0.5663 | validation loss: 0.6701 | validation accuracy: 0.7365 | validation AP: 0.2288
Stopping at epoch 5: validation AP has not improved for 4 epochs.
Best epoch: 1 | validation AP: 0.2533 | epochs run: 5

Validation classification report:
              precision    recall  f1-score   support

  disengaged     0.2758    0.4428    0.3399       332
     engaged     0.9204    0.8472    0.8823      2526

    accuracy                         0.8002      2858
   macro avg     0.5981    0.6450    0.6111      2858
weighted avg     0.8455    0.8002    0.8193      2858

Confusion matrix (rows: actual, columns: predicted):
[[ 147  185]
 [ 386 2140]]
Epoch 1/50 | train loss: 0.5302 | validation loss: 0.5731 | validation accuracy: 0.8761 | validation AP: 0.2651
Epoch 2/50 | train loss: 0.4998 | validation loss: 0.5948 | validation accuracy: 0.8541 | validation AP: 0.2246
Epoch 3/50 | train loss: 0.4869 | validation loss: 0.608 | validation accuracy: 0.8114 | validation AP: 0.1968
Epoch 4/50 | train loss: 0.4883 | validation loss: 0.5932 | validation accuracy: 0.831 | validation AP: 0.2206
Epoch 5/50 | train loss: 0.4741 | validation loss: 0.6143 | validation accuracy: 0.7876 | validation AP: 0.2427
Stopping at epoch 5: validation AP has not improved for 4 epochs.
Best epoch: 1 | validation AP: 0.2651 | epochs run: 5

Validation classification report:
              precision    recall  f1-score   support

  disengaged     0.3981    0.1295    0.1955       332
     engaged     0.8949    0.9743    0.9329      2526

    accuracy                         0.8761      2858
   macro avg     0.6465    0.5519    0.5642      2858
weighted avg     0.8372    0.8761    0.8472      2858

Confusion matrix (rows: actual, columns: predicted):
[[  43  289]
 [  65 2461]]
Epoch 1/50 | train loss: 0.524 | validation loss: 0.5855 | validation accuracy: 0.8541 | validation AP: 0.2512
Epoch 2/50 | train loss: 0.5015 | validation loss: 0.59 | validation accuracy: 0.8712 | validation AP: 0.2303
Epoch 3/50 | train loss: 0.488 | validation loss: 0.5765 | validation accuracy: 0.8779 | validation AP: 0.2508
Epoch 4/50 | train loss: 0.487 | validation loss: 0.5916 | validation accuracy: 0.7929 | validation AP: 0.2241
Epoch 5/50 | train loss: 0.4741 | validation loss: 0.6222 | validation accuracy: 0.845 | validation AP: 0.1971
Stopping at epoch 5: validation AP has not improved for 4 epochs.
Best epoch: 1 | validation AP: 0.2512 | epochs run: 5

Validation classification report:
              precision    recall  f1-score   support

  disengaged     0.3094    0.2078    0.2486       332
     engaged     0.9002    0.9390    0.9192      2526

    accuracy                         0.8541      2858
   macro avg     0.6048    0.5734    0.5839      2858
weighted avg     0.8316    0.8541    0.8413      2858

Confusion matrix (rows: actual, columns: predicted):
[[  69  263]
 [ 154 2372]]
Epoch 1/50 | train loss: 0.5232 | validation loss: 0.6116 | validation accuracy: 0.8478 | validation AP: 0.1846
Epoch 2/50 | train loss: 0.5174 | validation loss: 0.5941 | validation accuracy: 0.8425 | validation AP: 0.2021
Epoch 3/50 | train loss: 0.4963 | validation loss: 0.5861 | validation accuracy: 0.8055 | validation AP: 0.1938
Epoch 4/50 | train loss: 0.4851 | validation loss: 0.6156 | validation accuracy: 0.8555 | validation AP: 0.2073
Epoch 5/50 | train loss: 0.4821 | validation loss: 0.5709 | validation accuracy: 0.8258 | validation AP: 0.2044
Epoch 6/50 | train loss: 0.4842 | validation loss: 0.6102 | validation accuracy: 0.8597 | validation AP: 0.2086
Epoch 7/50 | train loss: 0.4712 | validation loss: 0.5958 | validation accuracy: 0.8551 | validation AP: 0.2117
Epoch 8/50 | train loss: 0.4648 | validation loss: 0.5749 | validation accuracy: 0.8555 | validation AP: 0.2258
Epoch 9/50 | train loss: 0.4569 | validation loss: 0.6076 | validation accuracy: 0.8544 | validation AP: 0.2098
Epoch 10/50 | train loss: 0.4499 | validation loss: 0.6309 | validation accuracy: 0.8341 | validation AP: 0.1937
Epoch 11/50 | train loss: 0.4406 | validation loss: 0.6395 | validation accuracy: 0.8719 | validation AP: 0.2177
Epoch 12/50 | train loss: 0.4464 | validation loss: 0.6037 | validation accuracy: 0.8387 | validation AP: 0.2176
Stopping at epoch 12: validation AP has not improved for 4 epochs.
Best epoch: 8 | validation AP: 0.2258 | epochs run: 12

Validation classification report:
              precision    recall  f1-score   support

  disengaged     0.2965    0.1777    0.2222       332
     engaged     0.8973    0.9446    0.9203      2526

    accuracy                         0.8555      2858
   macro avg     0.5969    0.5611    0.5713      2858
weighted avg     0.8275    0.8555    0.8392      2858

Confusion matrix (rows: actual, columns: predicted):
[[  59  273]
 [ 140 2386]]
Epoch 1/50 | train loss: 0.6355 | validation loss: 0.6469 | validation accuracy: 0.7722 | validation AP: 0.2578
Epoch 2/50 | train loss: 0.609 | validation loss: 0.6477 | validation accuracy: 0.7187 | validation AP: 0.2346
Epoch 3/50 | train loss: 0.599 | validation loss: 0.6542 | validation accuracy: 0.7589 | validation AP: 0.2302
Epoch 4/50 | train loss: 0.5839 | validation loss: 0.6998 | validation accuracy: 0.7544 | validation AP: 0.2284
Epoch 5/50 | train loss: 0.5706 | validation loss: 0.8063 | validation accuracy: 0.8146 | validation AP: 0.2484
Stopping at epoch 5: validation AP has not improved for 4 epochs.
Best epoch: 1 | validation AP: 0.2578 | epochs run: 5

Validation classification report:
              precision    recall  f1-score   support

  disengaged     0.2456    0.4639    0.3212       332
     engaged     0.9202    0.8127    0.8631      2526

    accuracy                         0.7722      2858
   macro avg     0.5829    0.6383    0.5922      2858
weighted avg     0.8419    0.7722    0.8002      2858

Confusion matrix (rows: actual, columns: predicted):
[[ 154  178]
 [ 473 2053]]
Epoch 1/50 | train loss: 0.6298 | validation loss: 0.7314 | validation accuracy: 0.7547 | validation AP: 0.2631
Epoch 2/50 | train loss: 0.5956 | validation loss: 0.711 | validation accuracy: 0.8041 | validation AP: 0.2306
Epoch 3/50 | train loss: 0.5759 | validation loss: 0.7176 | validation accuracy: 0.8135 | validation AP: 0.2223
Epoch 4/50 | train loss: 0.5668 | validation loss: 0.6653 | validation accuracy: 0.6431 | validation AP: 0.2138
Epoch 5/50 | train loss: 0.5606 | validation loss: 0.7492 | validation accuracy: 0.747 | validation AP: 0.1954
Stopping at epoch 5: validation AP has not improved for 4 epochs.
Best epoch: 1 | validation AP: 0.2631 | epochs run: 5

Validation classification report:
              precision    recall  f1-score   support

  disengaged     0.2376    0.5030    0.3227       332
     engaged     0.9234    0.7878    0.8502      2526

    accuracy                         0.7547      2858
   macro avg     0.5805    0.6454    0.5865      2858
weighted avg     0.8438    0.7547    0.7890      2858

Confusion matrix (rows: actual, columns: predicted):
[[ 167  165]
 [ 536 1990]]
Epoch 1/50 | train loss: 0.637 | validation loss: 0.6641 | validation accuracy: 0.7712 | validation AP: 0.2103
Epoch 2/50 | train loss: 0.6021 | validation loss: 0.6968 | validation accuracy: 0.7239 | validation AP: 0.2143
Epoch 3/50 | train loss: 0.5804 | validation loss: 0.6717 | validation accuracy: 0.7246 | validation AP: 0.1993
Epoch 4/50 | train loss: 0.58 | validation loss: 0.6728 | validation accuracy: 0.7341 | validation AP: 0.2159
Epoch 5/50 | train loss: 0.5762 | validation loss: 0.663 | validation accuracy: 0.7166 | validation AP: 0.2162
Epoch 6/50 | train loss: 0.5629 | validation loss: 0.7091 | validation accuracy: 0.7586 | validation AP: 0.2164[I 2026-10-09 04:43:49,824] Trial 9 finished with value: 0.26867003766305686 and parameters: {'hidden_size': 33, 'num_layers': 1, 'dropout': 0.1, 'learning_rate': 0.005532496914298506, 'batch_size': 32}. Best is trial 1 with value: 0.28297897728360194.
[I 2026-10-09 04:46:59,000] Trial 10 finished with value: 0.23962177357376047 and parameters: {'hidden_size': 20, 'num_layers': 3, 'dropout': 0.25, 'learning_rate': 0.0008916520859346161, 'batch_size': 8}. Best is trial 1 with value: 0.28297897728360194.

Epoch 7/50 | train loss: 0.564 | validation loss: 0.714 | validation accuracy: 0.7663 | validation AP: 0.2092
Epoch 8/50 | train loss: 0.5449 | validation loss: 0.6741 | validation accuracy: 0.6596 | validation AP: 0.215
Epoch 9/50 | train loss: 0.5423 | validation loss: 0.6819 | validation accuracy: 0.6819 | validation AP: 0.1952
Epoch 10/50 | train loss: 0.536 | validation loss: 0.7232 | validation accuracy: 0.7299 | validation AP: 0.2156
Stopping at epoch 10: validation AP has not improved for 4 epochs.
Best epoch: 6 | validation AP: 0.2164 | epochs run: 10

Validation classification report:
              precision    recall  f1-score   support

  disengaged     0.2212    0.4277    0.2916       332
     engaged     0.9143    0.8021    0.8545      2526

    accuracy                         0.7586      2858
   macro avg     0.5677    0.6149    0.5730      2858
weighted avg     0.8337    0.7586    0.7891      2858

Confusion matrix (rows: actual, columns: predicted):
[[ 142  190]
 [ 500 2026]]
Epoch 1/50 | train loss: 0.5447 | validation loss: 0.6005 | validation accuracy: 0.8761 | validation AP: 0.1812
Epoch 2/50 | train loss: 0.501 | validation loss: 0.6067 | validation accuracy: 0.8345 | validation AP: 0.1862
Epoch 3/50 | train loss: 0.4866 | validation loss: 0.6118 | validation accuracy: 0.8314 | validation AP: 0.2074
Epoch 4/50 | train loss: 0.4873 | validation loss: 0.5808 | validation accuracy: 0.838 | validation AP: 0.2396
Epoch 5/50 | train loss: 0.4755 | validation loss: 0.5881 | validation accuracy: 0.7985 | validation AP: 0.2455
Epoch 6/50 | train loss: 0.467 | validation loss: 0.5841 | validation accuracy: 0.8212 | validation AP: 0.2237
Epoch 7/50 | train loss: 0.4627 | validation loss: 0.617 | validation accuracy: 0.817 | validation AP: 0.1819
Epoch 8/50 | train loss: 0.4439 | validation loss: 0.6372 | validation accuracy: 0.8383 | validation AP: 0.2125
Epoch 9/50 | train loss: 0.4513 | validation loss: 0.5947 | validation accuracy: 0.8387 | validation AP: 0.2396
Stopping at epoch 9: validation AP has not improved for 4 epochs.
Best epoch: 5 | validation AP: 0.2455 | epochs run: 9

Validation classification report:
              precision    recall  f1-score   support

  disengaged     0.2500    0.3675    0.2976       332
     engaged     0.9114    0.8551    0.8824      2526

    accuracy                         0.7985      2858
   macro avg     0.5807    0.6113    0.5900      2858
weighted avg     0.8346    0.7985    0.8144      2858

Confusion matrix (rows: actual, columns: predicted):
[[ 122  210]
 [ 366 2160]]
Epoch 1/50 | train loss: 0.5306 | validation loss: 0.6069 | validation accuracy: 0.8338 | validation AP: 0.2145
Epoch 2/50 | train loss: 0.5046 | validation loss: 0.6 | validation accuracy: 0.8397 | validation AP: 0.2173
Epoch 3/50 | train loss: 0.4883 | validation loss: 0.5893 | validation accuracy: 0.867 | validation AP: 0.2387
Epoch 4/50 | train loss: 0.4823 | validation loss: 0.5956 | validation accuracy: 0.7785 | validation AP: 0.2139
Epoch 5/50 | train loss: 0.4762 | validation loss: 0.619 | validation accuracy: 0.8188 | validation AP: 0.2152
Epoch 6/50 | train loss: 0.4611 | validation loss: 0.6109 | validation accuracy: 0.8597 | validation AP: 0.2328
Epoch 7/50 | train loss: 0.4577 | validation loss: 0.6055 | validation accuracy: 0.8534 | validation AP: 0.2326
Stopping at epoch 7: validation AP has not improved for 4 epochs.
Best epoch: 3 | validation AP: 0.2387 | epochs run: 7

Validation classification report:
              precision    recall  f1-score   support

  disengaged     0.3519    0.1717    0.2308       332
     engaged     0.8980    0.9584    0.9272      2526

    accuracy                         0.8670      2858
   macro avg     0.6249    0.5651    0.5790      2858
weighted avg     0.8346    0.8670    0.8463      2858

Confusion matrix (rows: actual, columns: predicted):
[[  57  275]
 [ 105 2421]]
Epoch 1/50 | train loss: 0.5272 | validation loss: 0.619 | validation accuracy: 0.8282 | validation AP: 0.2136
Epoch 2/50 | train loss: 0.4939 | validation loss: 0.6089 | validation accuracy: 0.8586 | validation AP: 0.2122
Epoch 3/50 | train loss: 0.4811 | validation loss: 0.5897 | validation accuracy: 0.795 | validation AP: 0.1989
Epoch 4/50 | train loss: 0.4658 | validation loss: 0.6391 | validation accuracy: 0.8355 | validation AP: 0.1924
Epoch 5/50 | train loss: 0.4638 | validation loss: 0.5907 | validation accuracy: 0.8418 | validation AP: 0.2182
Epoch 6/50 | train loss: 0.4653 | validation loss: 0.6299 | validation accuracy: 0.8125 | validation AP: 0.2073
Epoch 7/50 | train loss: 0.4584 | validation loss: 0.613 | validation accuracy: 0.8383 | validation AP: 0.2134
Epoch 8/50 | train loss: 0.4572 | validation loss: 0.5936 | validation accuracy: 0.8369 | validation AP: 0.2138
Epoch 9/50 | train loss: 0.4557 | validation loss: 0.61 | validation accuracy: 0.8272 | validation AP: 0.2155
Stopping at epoch 9: validation AP has not improved for 4 epochs.
Best epoch: 5 | validation AP: 0.2182 | epochs run: 9

Validation classification report:
              precision    recall  f1-score   support

  disengaged     0.2778    0.2259    0.2492       332
     engaged     0.9007    0.9228    0.9116      2526

    accuracy                         0.8418      2858
   macro avg     0.5892    0.5744    0.5804      2858
weighted avg     0.8283    0.8418    0.8347      2858

Confusion matrix (rows: actual, columns: predicted):
[[  75  257]
 [ 195 2331]]
Epoch 1/50 | train loss: 0.5459 | validation loss: 0.5818 | validation accuracy: 0.874 | validation AP: 0.2069
Epoch 2/50 | train loss: 0.5015 | validation loss: 0.6133 | validation accuracy: 0.8604 | validation AP: 0.1893
Epoch 3/50 | train loss: 0.4897 | validation loss: 0.6107 | validation accuracy: 0.8569 | validation AP: 0.2047
Epoch 4/50 | train loss: 0.4931 | validation loss: 0.5824 | validation accuracy: 0.8488 | validation AP: 0.2329
Epoch 5/50 | train loss: 0.483 | validation loss: 0.5672 | validation accuracy: 0.8411 | validation AP: 0.2496
Epoch 6/50 | train loss: 0.4732 | validation loss: 0.5628 | validation accuracy: 0.8422 | validation AP: 0.2401
Epoch 7/50 | train loss: 0.4728 | validation loss: 0.6026 | validation accuracy: 0.8219 | validation AP: 0.1989
Epoch 8/50 | train loss: 0.4613 | validation loss: 0.6072 | validation accuracy: 0.853 | validation AP: 0.2151
Epoch 9/50 | train loss: 0.4654 | validation loss: 0.5864 | validation accuracy: 0.8023 | validation AP: 0.2182
Stopping at epoch 9: validation AP has not improved for 4 epochs.
Best epoch: 5 | validation AP: 0.2496 | epochs run: 9

Validation classification report:
              precision    recall  f1-score   support

  disengaged     0.2867    0.2470    0.2654       332
     engaged     0.9028    0.9192    0.9109      2526

    accuracy                         0.8411      2858
   macro avg     0.5948    0.5831    0.5882      2858
weighted avg     0.8312    0.8411    0.8360      2858

Confusion matrix (rows: actual, columns: predicted):
[[  82  250]
 [ 204 2322]]
Epoch 1/50 | train loss: 0.5349 | validation loss: 0.6269 | validation accuracy: 0.8698 | validation AP: 0.1981
Epoch 2/50 | train loss: 0.5055 | validation loss: 0.5909 | validation accuracy: 0.8723 | validation AP: 0.2107
Epoch 3/50 | train loss: 0.4928 | validation loss: 0.5753 | validation accuracy: 0.8726 | validation AP: 0.2603
Epoch 4/50 | train loss: 0.4902 | validation loss: 0.5665 | validation accuracy: 0.8174 | validation AP: 0.2712
Epoch 5/50 | train loss: 0.485 | validation loss: 0.5819 | validation accuracy: 0.8541 | validation AP: 0.2411
Epoch 6/50 | train loss: 0.4718 | validation loss: 0.6067 | validation accuracy: 0.8569 | validation AP: 0.2514
Epoch 7/50 | train loss: 0.475 | validation loss: 0.5916 | validation accuracy: 0.8492 | validation AP: 0.2331
Epoch 8/50 | train loss: 0.4692 | validation loss: 0.6086 | validation accuracy: 0.8632 | validation AP: 0.243
Stopping at epoch 8: validation AP has not improved for 4 epochs.
Best epoch: 4 | validation AP: 0.2712 | epochs run: 8

Validation classification report:
              precision    recall  f1-score   support

  disengaged     0.2727    0.3434    0.3040       332
     engaged     0.9107    0.8797    0.8949      2526

    accuracy                         0.8174      2858
   macro avg     0.5917    0.6115    0.5994      2858
weighted avg     0.8366    0.8174    0.8262      2858
[I 2026-10-09 04:51:31,873] Trial 11 finished with value: 0.2815573425694013 and parameters: {'hidden_size': 130, 'num_layers': 1, 'dropout': 0.25, 'learning_rate': 0.00010705309697335535, 'batch_size': 8}. Best is trial 1 with value: 0.28297897728360194.
[I 2026-10-09 04:56:40,230] Trial 12 finished with value: 0.2850100877807398 and parameters: {'hidden_size': 176, 'num_layers': 1, 'dropout': 0.25, 'learning_rate': 0.0002039567861822619, 'batch_size': 8}. Best is trial 12 with value: 0.2850100877807398.

Confusion matrix (rows: actual, columns: predicted):
[[ 114  218]
 [ 304 2222]]
Epoch 1/50 | train loss: 0.5396 | validation loss: 0.6065 | validation accuracy: 0.8779 | validation AP: 0.2015
Epoch 2/50 | train loss: 0.5003 | validation loss: 0.6013 | validation accuracy: 0.8684 | validation AP: 0.2181
Epoch 3/50 | train loss: 0.4905 | validation loss: 0.578 | validation accuracy: 0.8467 | validation AP: 0.2261
Epoch 4/50 | train loss: 0.48 | validation loss: 0.5983 | validation accuracy: 0.8544 | validation AP: 0.2184
Epoch 5/50 | train loss: 0.4806 | validation loss: 0.5714 | validation accuracy: 0.8425 | validation AP: 0.2557
Epoch 6/50 | train loss: 0.4836 | validation loss: 0.5794 | validation accuracy: 0.8404 | validation AP: 0.2383
Epoch 7/50 | train loss: 0.4776 | validation loss: 0.5857 | validation accuracy: 0.8436 | validation AP: 0.2455
Epoch 8/50 | train loss: 0.4718 | validation loss: 0.5695 | validation accuracy: 0.8439 | validation AP: 0.2387
Epoch 9/50 | train loss: 0.4694 | validation loss: 0.5768 | validation accuracy: 0.8418 | validation AP: 0.2422
Stopping at epoch 9: validation AP has not improved for 4 epochs.
Best epoch: 5 | validation AP: 0.2557 | epochs run: 9

Validation classification report:
              precision    recall  f1-score   support

  disengaged     0.2966    0.2590    0.2765       332
     engaged     0.9042    0.9192    0.9117      2526

    accuracy                         0.8425      2858
   macro avg     0.6004    0.5891    0.5941      2858
weighted avg     0.8336    0.8425    0.8379      2858

Confusion matrix (rows: actual, columns: predicted):
[[  86  246]
 [ 204 2322]]
Epoch 1/50 | train loss: 0.5361 | validation loss: 0.5858 | validation accuracy: 0.8737 | validation AP: 0.2103
Epoch 2/50 | train loss: 0.5014 | validation loss: 0.5962 | validation accuracy: 0.8478 | validation AP: 0.2276
Epoch 3/50 | train loss: 0.4875 | validation loss: 0.6002 | validation accuracy: 0.8376 | validation AP: 0.2173
Epoch 4/50 | train loss: 0.4944 | validation loss: 0.5753 | validation accuracy: 0.8394 | validation AP: 0.24
Epoch 5/50 | train loss: 0.4833 | validation loss: 0.5701 | validation accuracy: 0.8415 | validation AP: 0.262
Epoch 6/50 | train loss: 0.4748 | validation loss: 0.5581 | validation accuracy: 0.8429 | validation AP: 0.2449
Epoch 7/50 | train loss: 0.4667 | validation loss: 0.6196 | validation accuracy: 0.8345 | validation AP: 0.1824
Epoch 8/50 | train loss: 0.4614 | validation loss: 0.6178 | validation accuracy: 0.8502 | validation AP: 0.1924
Epoch 9/50 | train loss: 0.4619 | validation loss: 0.5968 | validation accuracy: 0.8198 | validation AP: 0.2247
Stopping at epoch 9: validation AP has not improved for 4 epochs.
Best epoch: 5 | validation AP: 0.262 | epochs run: 9

Validation classification report:
              precision    recall  f1-score   support

  disengaged     0.3016    0.2771    0.2889       332
     engaged     0.9060    0.9157    0.9108      2526

    accuracy                         0.8415      2858
   macro avg     0.6038    0.5964    0.5998      2858
weighted avg     0.8358    0.8415    0.8386      2858

Confusion matrix (rows: actual, columns: predicted):
[[  92  240]
 [ 213 2313]]
Epoch 1/50 | train loss: 0.5299 | validation loss: 0.605 | validation accuracy: 0.8509 | validation AP: 0.2099
Epoch 2/50 | train loss: 0.5087 | validation loss: 0.5774 | validation accuracy: 0.8621 | validation AP: 0.2289
Epoch 3/50 | train loss: 0.4927 | validation loss: 0.5666 | validation accuracy: 0.8684 | validation AP: 0.2682
Epoch 4/50 | train loss: 0.4892 | validation loss: 0.5703 | validation accuracy: 0.7859 | validation AP: 0.2447
Epoch 5/50 | train loss: 0.4821 | validation loss: 0.5824 | validation accuracy: 0.8268 | validation AP: 0.2176
Epoch 6/50 | train loss: 0.4675 | validation loss: 0.6148 | validation accuracy: 0.8492 | validation AP: 0.2313
Epoch 7/50 | train loss: 0.469 | validation loss: 0.5823 | validation accuracy: 0.8425 | validation AP: 0.2345
Stopping at epoch 7: validation AP has not improved for 4 epochs.
Best epoch: 3 | validation AP: 0.2682 | epochs run: 7

Validation classification report:
              precision    recall  f1-score   support

  disengaged     0.3706    0.1898    0.2510       332
     engaged     0.8999    0.9576    0.9279      2526

    accuracy                         0.8684      2858
   macro avg     0.6353    0.5737    0.5894      2858
weighted avg     0.8384    0.8684    0.8493      2858

Confusion matrix (rows: actual, columns: predicted):
[[  63  269]
 [ 107 2419]]
Epoch 1/50 | train loss: 0.5306 | validation loss: 0.6048 | validation accuracy: 0.8565 | validation AP: 0.2162
Epoch 2/50 | train loss: 0.5079 | validation loss: 0.6068 | validation accuracy: 0.8464 | validation AP: 0.2051
Epoch 3/50 | train loss: 0.4946 | validation loss: 0.5875 | validation accuracy: 0.8181 | validation AP: 0.2024
Epoch 4/50 | train loss: 0.4832 | validation loss: 0.6064 | validation accuracy: 0.8251 | validation AP: 0.1928
Epoch 5/50 | train loss: 0.4866 | validation loss: 0.5768 | validation accuracy: 0.8355 | validation AP: 0.2449
Epoch 6/50 | train loss: 0.4843 | validation loss: 0.5907 | validation accuracy: 0.8209 | validation AP: 0.2149
Epoch 7/50 | train loss: 0.4764 | validation loss: 0.5862 | validation accuracy: 0.8362 | validation AP: 0.2307
Epoch 8/50 | train loss: 0.4683 | validation loss: 0.5662 | validation accuracy: 0.8376 | validation AP: 0.2354
Epoch 9/50 | train loss: 0.4627 | validation loss: 0.5859 | validation accuracy: 0.8446 | validation AP: 0.2243
Stopping at epoch 9: validation AP has not improved for 4 epochs.
Best epoch: 5 | validation AP: 0.2449 | epochs run: 9

Validation classification report:
              precision    recall  f1-score   support

  disengaged     0.2653    0.2349    0.2492       332
     engaged     0.9009    0.9145    0.9077      2526

    accuracy                         0.8355      2858
   macro avg     0.5831    0.5747    0.5784      2858
weighted avg     0.8271    0.8355    0.8312      2858

Confusion matrix (rows: actual, columns: predicted):
[[  78  254]
 [ 216 2310]]
Epoch 1/50 | train loss: 0.5304 | validation loss: 0.5666 | validation accuracy: 0.8758 | validation AP: 0.2694
Epoch 2/50 | train loss: 0.5021 | validation loss: 0.5899 | validation accuracy: 0.846 | validation AP: 0.2337
Epoch 3/50 | train loss: 0.4858 | validation loss: 0.6125 | validation accuracy: 0.8359 | validation AP: 0.2132
Epoch 4/50 | train loss: 0.4978 | validation loss: 0.5773 | validation accuracy: 0.8279 | validation AP: 0.2338
Epoch 5/50 | train loss: 0.4806 | validation loss: 0.5856 | validation accuracy: 0.8369 | validation AP: 0.254
Stopping at epoch 5: validation AP has not improved for 4 epochs.
Best epoch: 1 | validation AP: 0.2694 | epochs run: 5

Validation classification report:
              precision    recall  f1-score   support

  disengaged     0.3982    0.1355    0.2022       332
     engaged     0.8954    0.9731    0.9327      2526

    accuracy                         0.8758      2858
   macro avg     0.6468    0.5543    0.5674      2858
weighted avg     0.8377    0.8758    0.8478      2858

Confusion matrix (rows: actual, columns: predicted):
[[  45  287]
 [  68 2458]]
Epoch 1/50 | train loss: 0.522 | validation loss: 0.6097 | validation accuracy: 0.8387 | validation AP: 0.2601
Epoch 2/50 | train loss: 0.5043 | validation loss: 0.5749 | validation accuracy: 0.8691 | validation AP: 0.2412
Epoch 3/50 | train loss: 0.4914 | validation loss: 0.5695 | validation accuracy: 0.8705 | validation AP: 0.2588
Epoch 4/50 | train loss: 0.4861 | validation loss: 0.5723 | validation accuracy: 0.7775 | validation AP: 0.2404
Epoch 5/50 | train loss: 0.4829 | validation loss: 0.5877 | validation accuracy: 0.8181 | validation AP: 0.2125
Stopping at epoch 5: validation AP has not improved for 4 epochs.
Best epoch: 1 | validation AP: 0.2601 | epochs run: 5

Validation classification report:
              precision    recall  f1-score   support

  disengaged     0.2965    0.2831    0.2897       332
     engaged     0.9063    0.9117    0.9090      2526

    accuracy                         0.8387      2858
   macro avg     0.6014    0.5974    0.5993      2858
weighted avg     0.8355    0.8387    0.8371      2858
[I 2026-10-09 05:01:54,684] Trial 13 finished with value: 0.28220633271482626 and parameters: {'hidden_size': 141, 'num_layers': 2, 'dropout': 0.25, 'learning_rate': 0.00039928893537489156, 'batch_size': 8}. Best is trial 12 with value: 0.2850100877807398.
[I 2026-10-09 05:02:47,920] Trial 14 finished with value: 0.27815273388058365 and parameters: {'hidden_size': 109, 'num_layers': 1, 'dropout': 0.05, 'learning_rate': 0.0006362064906918465, 'batch_size': 16}. Best is trial 12 with value: 0.2850100877807398.

Confusion matrix (rows: actual, columns: predicted):
[[  94  238]
 [ 223 2303]]
Epoch 1/50 | train loss: 0.5158 | validation loss: 0.6231 | validation accuracy: 0.8667 | validation AP: 0.2236
Epoch 2/50 | train loss: 0.4976 | validation loss: 0.6007 | validation accuracy: 0.8314 | validation AP: 0.2221
Epoch 3/50 | train loss: 0.5136 | validation loss: 0.621 | validation accuracy: 0.8593 | validation AP: 0.1757
Epoch 4/50 | train loss: 0.4997 | validation loss: 0.652 | validation accuracy: 0.8177 | validation AP: 0.1738
Epoch 5/50 | train loss: 0.4964 | validation loss: 0.5783 | validation accuracy: 0.8537 | validation AP: 0.2423
Epoch 6/50 | train loss: 0.4866 | validation loss: 0.6192 | validation accuracy: 0.81 | validation AP: 0.1961
Epoch 7/50 | train loss: 0.4761 | validation loss: 0.6085 | validation accuracy: 0.8415 | validation AP: 0.1981
Epoch 8/50 | train loss: 0.4709 | validation loss: 0.5746 | validation accuracy: 0.8537 | validation AP: 0.2295
Epoch 9/50 | train loss: 0.4686 | validation loss: 0.6074 | validation accuracy: 0.8499 | validation AP: 0.2119
Stopping at epoch 9: validation AP has not improved for 4 epochs.
Best epoch: 5 | validation AP: 0.2423 | epochs run: 9

Validation classification report:
              precision    recall  f1-score   support

  disengaged     0.3097    0.2108    0.2509       332
     engaged     0.9005    0.9382    0.9190      2526

    accuracy                         0.8537      2858
   macro avg     0.6051    0.5745    0.5849      2858
weighted avg     0.8318    0.8537    0.8414      2858

Confusion matrix (rows: actual, columns: predicted):
[[  70  262]
 [ 156 2370]]
Epoch 1/50 | train loss: 0.6039 | validation loss: 0.6237 | validation accuracy: 0.8436 | validation AP: 0.2617
Epoch 2/50 | train loss: 0.5728 | validation loss: 0.6399 | validation accuracy: 0.8104 | validation AP: 0.2271
Epoch 3/50 | train loss: 0.5622 | validation loss: 0.6375 | validation accuracy: 0.796 | validation AP: 0.2161
Epoch 4/50 | train loss: 0.5581 | validation loss: 0.6501 | validation accuracy: 0.7827 | validation AP: 0.2206
Epoch 5/50 | train loss: 0.5415 | validation loss: 0.6679 | validation accuracy: 0.8065 | validation AP: 0.2605
Stopping at epoch 5: validation AP has not improved for 4 epochs.
Best epoch: 1 | validation AP: 0.2617 | epochs run: 5

Validation classification report:
              precision    recall  f1-score   support

  disengaged     0.3102    0.2831    0.2961       332
     engaged     0.9068    0.9173    0.9120      2526

    accuracy                         0.8436      2858
   macro avg     0.6085    0.6002    0.6040      2858
weighted avg     0.8375    0.8436    0.8405      2858

Confusion matrix (rows: actual, columns: predicted):
[[  94  238]
 [ 209 2317]]
Epoch 1/50 | train loss: 0.5999 | validation loss: 0.6705 | validation accuracy: 0.8286 | validation AP: 0.2454
Epoch 2/50 | train loss: 0.5687 | validation loss: 0.6408 | validation accuracy: 0.8209 | validation AP: 0.237
Epoch 3/50 | train loss: 0.5558 | validation loss: 0.6363 | validation accuracy: 0.8338 | validation AP: 0.2516
Epoch 4/50 | train loss: 0.5461 | validation loss: 0.6458 | validation accuracy: 0.7015 | validation AP: 0.2215
Epoch 5/50 | train loss: 0.5419 | validation loss: 0.6532 | validation accuracy: 0.7705 | validation AP: 0.2005
Epoch 6/50 | train loss: 0.5292 | validation loss: 0.6773 | validation accuracy: 0.7939 | validation AP: 0.2239
Epoch 7/50 | train loss: 0.5277 | validation loss: 0.6573 | validation accuracy: 0.8023 | validation AP: 0.2114
Stopping at epoch 7: validation AP has not improved for 4 epochs.
Best epoch: 3 | validation AP: 0.2516 | epochs run: 7

Validation classification report:
              precision    recall  f1-score   support

  disengaged     0.2813    0.2771    0.2792       332
     engaged     0.9052    0.9070    0.9061      2526

    accuracy                         0.8338      2858
   macro avg     0.5933    0.5920    0.5926      2858
weighted avg     0.8327    0.8338    0.8333      2858

Confusion matrix (rows: actual, columns: predicted):
[[  92  240]
 [ 235 2291]]
Epoch 1/50 | train loss: 0.599 | validation loss: 0.6773 | validation accuracy: 0.8625 | validation AP: 0.2277
Epoch 2/50 | train loss: 0.5724 | validation loss: 0.6629 | validation accuracy: 0.8132 | validation AP: 0.2381
Epoch 3/50 | train loss: 0.5585 | validation loss: 0.6337 | validation accuracy: 0.7736 | validation AP: 0.225
Epoch 4/50 | train loss: 0.5523 | validation loss: 0.6484 | validation accuracy: 0.8135 | validation AP: 0.203
Epoch 5/50 | train loss: 0.5395 | validation loss: 0.6222 | validation accuracy: 0.7862 | validation AP: 0.2179
Epoch 6/50 | train loss: 0.5323 | validation loss: 0.6687 | validation accuracy: 0.7985 | validation AP: 0.2036
Stopping at epoch 6: validation AP has not improved for 4 epochs.
Best epoch: 2 | validation AP: 0.2381 | epochs run: 6

Validation classification report:
              precision    recall  f1-score   support

  disengaged     0.2651    0.3434    0.2992       332
     engaged     0.9102    0.8749    0.8922      2526

    accuracy                         0.8132      2858
   macro avg     0.5877    0.6091    0.5957      2858
weighted avg     0.8353    0.8132    0.8233      2858

Confusion matrix (rows: actual, columns: predicted):
[[ 114  218]
 [ 316 2210]]
Epoch 1/50 | train loss: 0.6667 | validation loss: 0.6583 | validation accuracy: 0.6809 | validation AP: 0.2036
Epoch 2/50 | train loss: 0.6233 | validation loss: 0.6663 | validation accuracy: 0.697 | validation AP: 0.2018
Epoch 3/50 | train loss: 0.6158 | validation loss: 0.6724 | validation accuracy: 0.7239 | validation AP: 0.2262
Epoch 4/50 | train loss: 0.6083 | validation loss: 0.66 | validation accuracy: 0.7299 | validation AP: 0.2524
Epoch 5/50 | train loss: 0.5992 | validation loss: 0.6746 | validation accuracy: 0.7355 | validation AP: 0.2585
Epoch 6/50 | train loss: 0.589 | validation loss: 0.6406 | validation accuracy: 0.6739 | validation AP: 0.2281
Epoch 7/50 | train loss: 0.5953 | validation loss: 0.6977 | validation accuracy: 0.7288 | validation AP: 0.2093
Epoch 8/50 | train loss: 0.5853 | validation loss: 0.6689 | validation accuracy: 0.7337 | validation AP: 0.2382
Epoch 9/50 | train loss: 0.5768 | validation loss: 0.6937 | validation accuracy: 0.7197 | validation AP: 0.2366
Stopping at epoch 9: validation AP has not improved for 4 epochs.
Best epoch: 5 | validation AP: 0.2585 | epochs run: 9

Validation classification report:
              precision    recall  f1-score   support

  disengaged     0.2203    0.5030    0.3064       332
     engaged     0.9214    0.7660    0.8366      2526

    accuracy                         0.7355      2858
   macro avg     0.5709    0.6345    0.5715      2858
weighted avg     0.8400    0.7355    0.7750      2858

Confusion matrix (rows: actual, columns: predicted):
[[ 167  165]
 [ 591 1935]]
Epoch 1/50 | train loss: 0.6681 | validation loss: 0.6749 | validation accuracy: 0.7152 | validation AP: 0.1823
Epoch 2/50 | train loss: 0.6237 | validation loss: 0.6554 | validation accuracy: 0.6847 | validation AP: 0.1975
Epoch 3/50 | train loss: 0.6136 | validation loss: 0.6761 | validation accuracy: 0.7743 | validation AP: 0.2518
Epoch 4/50 | train loss: 0.6048 | validation loss: 0.6325 | validation accuracy: 0.6914 | validation AP: 0.2727
Epoch 5/50 | train loss: 0.598 | validation loss: 0.658 | validation accuracy: 0.6879 | validation AP: 0.2359
Epoch 6/50 | train loss: 0.5956 | validation loss: 0.6598 | validation accuracy: 0.7092 | validation AP: 0.2456
Epoch 7/50 | train loss: 0.59 | validation loss: 0.665 | validation accuracy: 0.6991 | validation AP: 0.2216
Epoch 8/50 | train loss: 0.5811 | validation loss: 0.6999 | validation accuracy: 0.7358 | validation AP: 0.229
Stopping at epoch 8: validation AP has not improved for 4 epochs.
Best epoch: 4 | validation AP: 0.2727 | epochs run: 8

Validation classification report:
              precision    recall  f1-score   support

  disengaged     0.2056    0.5783    0.3033       332
     engaged     0.9272    0.7063    0.8018      2526

    accuracy                         0.6914      2858
   macro avg     0.5664    0.6423    0.5526      2858
weighted avg     0.8434    0.6914    0.7439      2858
[I 2026-10-09 05:04:18,648] Trial 15 finished with value: 0.2777688500685115 and parameters: {'hidden_size': 189, 'num_layers': 1, 'dropout': 0.1, 'learning_rate': 0.0001675903506319215, 'batch_size': 64}. Best is trial 12 with value: 0.2850100877807398.
[I 2026-10-09 05:08:42,612] Trial 16 finished with value: 0.2713607640989881 and parameters: {'hidden_size': 176, 'num_layers': 1, 'dropout': 0.25, 'learning_rate': 0.002344481162734423, 'batch_size': 8}. Best is trial 12 with value: 0.2850100877807398.

Confusion matrix (rows: actual, columns: predicted):
[[ 192  140]
 [ 742 1784]]
Epoch 1/50 | train loss: 0.671 | validation loss: 0.6618 | validation accuracy: 0.6921 | validation AP: 0.1972
Epoch 2/50 | train loss: 0.6227 | validation loss: 0.657 | validation accuracy: 0.7302 | validation AP: 0.237
Epoch 3/50 | train loss: 0.6094 | validation loss: 0.6515 | validation accuracy: 0.7225 | validation AP: 0.2332
Epoch 4/50 | train loss: 0.6029 | validation loss: 0.6625 | validation accuracy: 0.733 | validation AP: 0.222
Epoch 5/50 | train loss: 0.5999 | validation loss: 0.6342 | validation accuracy: 0.6421 | validation AP: 0.2253
Epoch 6/50 | train loss: 0.5953 | validation loss: 0.6439 | validation accuracy: 0.6973 | validation AP: 0.2339
Stopping at epoch 6: validation AP has not improved for 4 epochs.
Best epoch: 2 | validation AP: 0.237 | epochs run: 6

Validation classification report:
              precision    recall  f1-score   support

  disengaged     0.2160    0.5030    0.3023       332
     engaged     0.9209    0.7601    0.8328      2526

    accuracy                         0.7302      2858
   macro avg     0.5685    0.6316    0.5675      2858
weighted avg     0.8390    0.7302    0.7712      2858

Confusion matrix (rows: actual, columns: predicted):
[[ 167  165]
 [ 606 1920]]
Epoch 1/50 | train loss: 0.5574 | validation loss: 0.5923 | validation accuracy: 0.8628 | validation AP: 0.1942
Epoch 2/50 | train loss: 0.5173 | validation loss: 0.6136 | validation accuracy: 0.8184 | validation AP: 0.2103
Epoch 3/50 | train loss: 0.5204 | validation loss: 0.6456 | validation accuracy: 0.8488 | validation AP: 0.1596
Epoch 4/50 | train loss: 0.5073 | validation loss: 0.6004 | validation accuracy: 0.8153 | validation AP: 0.1875
Epoch 5/50 | train loss: 0.484 | validation loss: 0.5724 | validation accuracy: 0.8362 | validation AP: 0.2472
Epoch 6/50 | train loss: 0.4831 | validation loss: 0.5849 | validation accuracy: 0.8328 | validation AP: 0.1962
Epoch 7/50 | train loss: 0.4841 | validation loss: 0.6281 | validation accuracy: 0.8425 | validation AP: 0.1633
Epoch 8/50 | train loss: 0.4731 | validation loss: 0.6348 | validation accuracy: 0.8705 | validation AP: 0.1867
Epoch 9/50 | train loss: 0.4773 | validation loss: 0.5951 | validation accuracy: 0.8681 | validation AP: 0.2265
Stopping at epoch 9: validation AP has not improved for 4 epochs.
Best epoch: 5 | validation AP: 0.2472 | epochs run: 9

Validation classification report:
              precision    recall  f1-score   support

  disengaged     0.2988    0.3042    0.3015       332
     engaged     0.9083    0.9062    0.9073      2526

    accuracy                         0.8362      2858
   macro avg     0.6036    0.6052    0.6044      2858
weighted avg     0.8375    0.8362    0.8369      2858

Confusion matrix (rows: actual, columns: predicted):
[[ 101  231]
 [ 237 2289]]
Epoch 1/50 | train loss: 0.5405 | validation loss: 0.6033 | validation accuracy: 0.8593 | validation AP: 0.2329
Epoch 2/50 | train loss: 0.5139 | validation loss: 0.6095 | validation accuracy: 0.8782 | validation AP: 0.2616
Epoch 3/50 | train loss: 0.5049 | validation loss: 0.5655 | validation accuracy: 0.8649 | validation AP: 0.2554
Epoch 4/50 | train loss: 0.4969 | validation loss: 0.5885 | validation accuracy: 0.8341 | validation AP: 0.201
Epoch 5/50 | train loss: 0.4811 | validation loss: 0.6077 | validation accuracy: 0.8408 | validation AP: 0.2084
Epoch 6/50 | train loss: 0.4706 | validation loss: 0.6738 | validation accuracy: 0.8709 | validation AP: 0.2241
Stopping at epoch 6: validation AP has not improved for 4 epochs.
Best epoch: 2 | validation AP: 0.2616 | epochs run: 6

Validation classification report:
              precision    recall  f1-score   support

  disengaged     0.4149    0.1175    0.1831       332
     engaged     0.8940    0.9782    0.9342      2526

    accuracy                         0.8782      2858
   macro avg     0.6544    0.5478    0.5587      2858
weighted avg     0.8383    0.8782    0.8470      2858

Confusion matrix (rows: actual, columns: predicted):
[[  39  293]
 [  55 2471]]
Epoch 1/50 | train loss: 0.5379 | validation loss: 0.6026 | validation accuracy: 0.8611 | validation AP: 0.1963
Epoch 2/50 | train loss: 0.5098 | validation loss: 0.6052 | validation accuracy: 0.8551 | validation AP: 0.2176
Epoch 3/50 | train loss: 0.5017 | validation loss: 0.5849 | validation accuracy: 0.8321 | validation AP: 0.1949
Epoch 4/50 | train loss: 0.4905 | validation loss: 0.6131 | validation accuracy: 0.8359 | validation AP: 0.191
Epoch 5/50 | train loss: 0.4907 | validation loss: 0.5715 | validation accuracy: 0.8681 | validation AP: 0.2304
Epoch 6/50 | train loss: 0.499 | validation loss: 0.5956 | validation accuracy: 0.8481 | validation AP: 0.1994
Epoch 7/50 | train loss: 0.4829 | validation loss: 0.6134 | validation accuracy: 0.8628 | validation AP: 0.2088
Epoch 8/50 | train loss: 0.4684 | validation loss: 0.5754 | validation accuracy: 0.8446 | validation AP: 0.2128
Epoch 9/50 | train loss: 0.4742 | validation loss: 0.5863 | validation accuracy: 0.8614 | validation AP: 0.226
Stopping at epoch 9: validation AP has not improved for 4 epochs.
Best epoch: 5 | validation AP: 0.2304 | epochs run: 9

Validation classification report:
              precision    recall  f1-score   support

  disengaged     0.3228    0.1235    0.1786       332
     engaged     0.8934    0.9660    0.9283      2526

    accuracy                         0.8681      2858
   macro avg     0.6081    0.5447    0.5535      2858
weighted avg     0.8272    0.8681    0.8412      2858

Confusion matrix (rows: actual, columns: predicted):
[[  41  291]
 [  86 2440]]
Epoch 1/50 | train loss: 0.6457 | validation loss: 0.6614 | validation accuracy: 0.7519 | validation AP: 0.189
Epoch 2/50 | train loss: 0.6109 | validation loss: 0.6524 | validation accuracy: 0.7481 | validation AP: 0.2072
Epoch 3/50 | train loss: 0.6009 | validation loss: 0.6393 | validation accuracy: 0.7439 | validation AP: 0.2299
Epoch 4/50 | train loss: 0.5919 | validation loss: 0.664 | validation accuracy: 0.7456 | validation AP: 0.2361
Epoch 5/50 | train loss: 0.5736 | validation loss: 0.6797 | validation accuracy: 0.7617 | validation AP: 0.2474
Epoch 6/50 | train loss: 0.5703 | validation loss: 0.6362 | validation accuracy: 0.6886 | validation AP: 0.2319
Epoch 7/50 | train loss: 0.5697 | validation loss: 0.7293 | validation accuracy: 0.7841 | validation AP: 0.1992
Epoch 8/50 | train loss: 0.5575 | validation loss: 0.6927 | validation accuracy: 0.7551 | validation AP: 0.2126
Epoch 9/50 | train loss: 0.553 | validation loss: 0.6704 | validation accuracy: 0.6994 | validation AP: 0.239
Stopping at epoch 9: validation AP has not improved for 4 epochs.
Best epoch: 5 | validation AP: 0.2474 | epochs run: 9

Validation classification report:
              precision    recall  f1-score   support

  disengaged     0.2344    0.4639    0.3114       332
     engaged     0.9191    0.8009    0.8559      2526

    accuracy                         0.7617      2858
   macro avg     0.5768    0.6324    0.5837      2858
weighted avg     0.8396    0.7617    0.7927      2858

Confusion matrix (rows: actual, columns: predicted):
[[ 154  178]
 [ 503 2023]]
Epoch 1/50 | train loss: 0.6461 | validation loss: 0.7036 | validation accuracy: 0.7911 | validation AP: 0.1932
Epoch 2/50 | train loss: 0.6051 | validation loss: 0.6492 | validation accuracy: 0.7687 | validation AP: 0.2296
Epoch 3/50 | train loss: 0.5908 | validation loss: 0.6688 | validation accuracy: 0.7936 | validation AP: 0.2521
Epoch 4/50 | train loss: 0.5858 | validation loss: 0.6318 | validation accuracy: 0.6728 | validation AP: 0.2615
Epoch 5/50 | train loss: 0.5819 | validation loss: 0.679 | validation accuracy: 0.712 | validation AP: 0.2224
Epoch 6/50 | train loss: 0.5733 | validation loss: 0.6706 | validation accuracy: 0.7274 | validation AP: 0.2363
Epoch 7/50 | train loss: 0.5687 | validation loss: 0.6695 | validation accuracy: 0.7127 | validation AP: 0.2121
Epoch 8/50 | train loss: 0.5633 | validation loss: 0.6974 | validation accuracy: 0.7523 | validation AP: 0.2302
Stopping at epoch 8: validation AP has not improved for 4 epochs.[I 2026-10-09 05:09:24,956] Trial 17 finished with value: 0.26977667523423393 and parameters: {'hidden_size': 93, 'num_layers': 1, 'dropout': 0.25, 'learning_rate': 0.00032878875047017526, 'batch_size': 32}. Best is trial 12 with value: 0.2850100877807398.
[I 2026-10-09 05:11:20,223] Trial 18 finished with value: 0.26974143391118316 and parameters: {'hidden_size': 130, 'num_layers': 2, 'dropout': 0.05, 'learning_rate': 0.00026689469188587465, 'batch_size': 64}. Best is trial 12 with value: 0.2850100877807398.

Best epoch: 4 | validation AP: 0.2615 | epochs run: 8

Validation classification report:
              precision    recall  f1-score   support

  disengaged     0.1964    0.5873    0.2943       332
     engaged     0.9265    0.6841    0.7871      2526

    accuracy                         0.6728      2858
   macro avg     0.5615    0.6357    0.5407      2858
weighted avg     0.8417    0.6728    0.7298      2858

Confusion matrix (rows: actual, columns: predicted):
[[ 195  137]
 [ 798 1728]]
Epoch 1/50 | train loss: 0.6555 | validation loss: 0.6816 | validation accuracy: 0.817 | validation AP: 0.2089
Epoch 2/50 | train loss: 0.6147 | validation loss: 0.6796 | validation accuracy: 0.8072 | validation AP: 0.2332
Epoch 3/50 | train loss: 0.5952 | validation loss: 0.6616 | validation accuracy: 0.7684 | validation AP: 0.2207
Epoch 4/50 | train loss: 0.5861 | validation loss: 0.6571 | validation accuracy: 0.7607 | validation AP: 0.2184
Epoch 5/50 | train loss: 0.5809 | validation loss: 0.6497 | validation accuracy: 0.7246 | validation AP: 0.2253
Epoch 6/50 | train loss: 0.5698 | validation loss: 0.6821 | validation accuracy: 0.7547 | validation AP: 0.2154
Stopping at epoch 6: validation AP has not improved for 4 epochs.
Best epoch: 2 | validation AP: 0.2332 | epochs run: 6

Validation classification report:
              precision    recall  f1-score   support

  disengaged     0.2593    0.3554    0.2999       332
     engaged     0.9109    0.8666    0.8882      2526

    accuracy                         0.8072      2858
   macro avg     0.5851    0.6110    0.5940      2858
weighted avg     0.8353    0.8072    0.8199      2858

Confusion matrix (rows: actual, columns: predicted):
[[ 118  214]
 [ 337 2189]]
Epoch 1/50 | train loss: 0.663 | validation loss: 0.6553 | validation accuracy: 0.6683 | validation AP: 0.1866
Epoch 2/50 | train loss: 0.6218 | validation loss: 0.6528 | validation accuracy: 0.6617 | validation AP: 0.1927
Epoch 3/50 | train loss: 0.6087 | validation loss: 0.664 | validation accuracy: 0.7316 | validation AP: 0.221
Epoch 4/50 | train loss: 0.6042 | validation loss: 0.6595 | validation accuracy: 0.7442 | validation AP: 0.2513
Epoch 5/50 | train loss: 0.5917 | validation loss: 0.667 | validation accuracy: 0.7257 | validation AP: 0.2603
Epoch 6/50 | train loss: 0.5826 | validation loss: 0.6339 | validation accuracy: 0.6697 | validation AP: 0.2394
Epoch 7/50 | train loss: 0.5853 | validation loss: 0.7343 | validation accuracy: 0.7376 | validation AP: 0.1964
Epoch 8/50 | train loss: 0.5721 | validation loss: 0.6813 | validation accuracy: 0.7365 | validation AP: 0.218
Epoch 9/50 | train loss: 0.5667 | validation loss: 0.6795 | validation accuracy: 0.7022 | validation AP: 0.2527
Stopping at epoch 9: validation AP has not improved for 4 epochs.
Best epoch: 5 | validation AP: 0.2603 | epochs run: 9

Validation classification report:
              precision    recall  f1-score   support

  disengaged     0.2224    0.5452    0.3159       332
     engaged     0.9261    0.7494    0.8284      2526

    accuracy                         0.7257      2858
   macro avg     0.5742    0.6473    0.5722      2858
weighted avg     0.8444    0.7257    0.7689      2858

Confusion matrix (rows: actual, columns: predicted):
[[ 181  151]
 [ 633 1893]]
Epoch 1/50 | train loss: 0.6577 | validation loss: 0.6829 | validation accuracy: 0.7236 | validation AP: 0.187
Epoch 2/50 | train loss: 0.6184 | validation loss: 0.6301 | validation accuracy: 0.6501 | validation AP: 0.224
Epoch 3/50 | train loss: 0.6059 | validation loss: 0.6711 | validation accuracy: 0.7544 | validation AP: 0.2451
Epoch 4/50 | train loss: 0.5985 | validation loss: 0.6393 | validation accuracy: 0.6347 | validation AP: 0.2617
Epoch 5/50 | train loss: 0.5931 | validation loss: 0.668 | validation accuracy: 0.6847 | validation AP: 0.2291
Epoch 6/50 | train loss: 0.5888 | validation loss: 0.6702 | validation accuracy: 0.7106 | validation AP: 0.2397
Epoch 7/50 | train loss: 0.5837 | validation loss: 0.6787 | validation accuracy: 0.7141 | validation AP: 0.2145
Epoch 8/50 | train loss: 0.5746 | validation loss: 0.7259 | validation accuracy: 0.7617 | validation AP: 0.2364
Stopping at epoch 8: validation AP has not improved for 4 epochs.
Best epoch: 4 | validation AP: 0.2617 | epochs run: 8

Validation classification report:
              precision    recall  f1-score   support

  disengaged     0.1855    0.6325    0.2869       332
     engaged     0.9293    0.6350    0.7545      2526

    accuracy                         0.6347      2858
   macro avg     0.5574    0.6338    0.5207      2858
weighted avg     0.8429    0.6347    0.7002      2858

Confusion matrix (rows: actual, columns: predicted):
[[ 210  122]
 [ 922 1604]]
Epoch 1/50 | train loss: 0.6612 | validation loss: 0.6772 | validation accuracy: 0.781 | validation AP: 0.2222
Epoch 2/50 | train loss: 0.6172 | validation loss: 0.6604 | validation accuracy: 0.7351 | validation AP: 0.2324
Epoch 3/50 | train loss: 0.6075 | validation loss: 0.6484 | validation accuracy: 0.7099 | validation AP: 0.2347
Epoch 4/50 | train loss: 0.6004 | validation loss: 0.6686 | validation accuracy: 0.7302 | validation AP: 0.2179
Epoch 5/50 | train loss: 0.6023 | validation loss: 0.6401 | validation accuracy: 0.6291 | validation AP: 0.2238
Epoch 6/50 | train loss: 0.594 | validation loss: 0.6505 | validation accuracy: 0.7001 | validation AP: 0.2324
Epoch 7/50 | train loss: 0.591 | validation loss: 0.68 | validation accuracy: 0.7257 | validation AP: 0.2315
Stopping at epoch 7: validation AP has not improved for 4 epochs.
Best epoch: 3 | validation AP: 0.2347 | epochs run: 7

Validation classification report:
              precision    recall  f1-score   support

  disengaged     0.2059    0.5241    0.2957       332
     engaged     0.9215    0.7344    0.8174      2526

    accuracy                         0.7099      2858
   macro avg     0.5637    0.6292    0.5565      2858
weighted avg     0.8384    0.7099    0.7568      2858

Confusion matrix (rows: actual, columns: predicted):
[[ 174  158]
 [ 671 1855]]
Epoch 1/50 | train loss: 0.5378 | validation loss: 0.5816 | validation accuracy: 0.8663 | validation AP: 0.1972
Epoch 2/50 | train loss: 0.4967 | validation loss: 0.6123 | validation accuracy: 0.8607 | validation AP: 0.1905
Epoch 3/50 | train loss: 0.4844 | validation loss: 0.6095 | validation accuracy: 0.853 | validation AP: 0.2073
Epoch 4/50 | train loss: 0.4894 | validation loss: 0.5893 | validation accuracy: 0.845 | validation AP: 0.2258
Epoch 5/50 | train loss: 0.4789 | validation loss: 0.5698 | validation accuracy: 0.845 | validation AP: 0.2468
Epoch 6/50 | train loss: 0.4732 | validation loss: 0.5622 | validation accuracy: 0.8422 | validation AP: 0.2365
Epoch 7/50 | train loss: 0.4718 | validation loss: 0.6015 | validation accuracy: 0.8383 | validation AP: 0.1962
Epoch 8/50 | train loss: 0.4561 | validation loss: 0.6059 | validation accuracy: 0.8502 | validation AP: 0.2121
Epoch 9/50 | train loss: 0.4592 | validation loss: 0.5865 | validation accuracy: 0.8191 | validation AP: 0.2313
Stopping at epoch 9: validation AP has not improved for 4 epochs.
Best epoch: 5 | validation AP: 0.2468 | epochs run: 9

Validation classification report:
              precision    recall  f1-score   support

  disengaged     0.2906    0.2319    0.2580       332
     engaged     0.9017    0.9256    0.9135      2526

    accuracy                         0.8450      2858
   macro avg     0.5961    0.5788    0.5857      2858
weighted avg     0.8307    0.8450    0.8373      2858

Confusion matrix (rows: actual, columns: predicted):
[[  77  255]
 [ 188 2338]]
Epoch 1/50 | train loss: 0.5322 | validation loss: 0.615 | validation accuracy: 0.873 | validation AP: 0.197
Epoch 2/50 | train loss: 0.5014 | validation loss: 0.5823 | validation accuracy: 0.8712 | validation AP: 0.2184
Epoch 3/50 | train loss: 0.4863 | validation loss: 0.5766 | validation accuracy: 0.8712 | validation AP: 0.2448
Epoch 4/50 | train loss: 0.4875 | validation loss: 0.5672 | validation accuracy: 0.8118 | validation AP: 0.2442
Epoch 5/50 | train loss: 0.4795 | validation loss: 0.5878 | validation accuracy: 0.8279 | validation AP: 0.2139[I 2026-10-09 05:14:37,598] Trial 19 finished with value: 0.2653113262066918 and parameters: {'hidden_size': 71, 'num_layers': 1, 'dropout': 0.25, 'learning_rate': 0.00018926929354717606, 'batch_size': 8}. Best is trial 12 with value: 0.2850100877807398.

Epoch 6/50 | train loss: 0.4661 | validation loss: 0.6136 | validation accuracy: 0.8523 | validation AP: 0.2314
Epoch 7/50 | train loss: 0.4703 | validation loss: 0.5951 | validation accuracy: 0.8331 | validation AP: 0.2177
Stopping at epoch 7: validation AP has not improved for 4 epochs.
Best epoch: 3 | validation AP: 0.2448 | epochs run: 7

Validation classification report:
              precision    recall  f1-score   support

  disengaged     0.3500    0.1265    0.1858       332
     engaged     0.8941    0.9691    0.9301      2526

    accuracy                         0.8712      2858
   macro avg     0.6220    0.5478    0.5580      2858
weighted avg     0.8309    0.8712    0.8436      2858

Confusion matrix (rows: actual, columns: predicted):
[[  42  290]
 [  78 2448]]
Epoch 1/50 | train loss: 0.5369 | validation loss: 0.6127 | validation accuracy: 0.8793 | validation AP: 0.2014
Epoch 2/50 | train loss: 0.4983 | validation loss: 0.6134 | validation accuracy: 0.8765 | validation AP: 0.2032
Epoch 3/50 | train loss: 0.4903 | validation loss: 0.589 | validation accuracy: 0.8432 | validation AP: 0.1962
Epoch 4/50 | train loss: 0.4792 | validation loss: 0.6058 | validation accuracy: 0.8541 | validation AP: 0.2061
Epoch 5/50 | train loss: 0.474 | validation loss: 0.5856 | validation accuracy: 0.8464 | validation AP: 0.2289
Epoch 6/50 | train loss: 0.477 | validation loss: 0.5895 | validation accuracy: 0.8328 | validation AP: 0.2186
Epoch 7/50 | train loss: 0.4693 | validation loss: 0.5977 | validation accuracy: 0.8471 | validation AP: 0.2337
Epoch 8/50 | train loss: 0.4636 | validation loss: 0.5865 | validation accuracy: 0.8453 | validation AP: 0.2231
Epoch 9/50 | train loss: 0.4621 | validation loss: 0.5903 | validation accuracy: 0.8481 | validation AP: 0.2256
Epoch 10/50 | train loss: 0.4585 | validation loss: 0.6257 | validation accuracy: 0.8359 | validation AP: 0.2083
Epoch 11/50 | train loss: 0.4493 | validation loss: 0.6354 | validation accuracy: 0.8611 | validation AP: 0.232
Stopping at epoch 11: validation AP has not improved for 4 epochs.
Best epoch: 7 | validation AP: 0.2337 | epochs run: 11

Validation classification report:
              precision    recall  f1-score   support

  disengaged     0.2766    0.1958    0.2293       332
     engaged     0.8982    0.9327    0.9151      2526

    accuracy                         0.8471      2858
   macro avg     0.5874    0.5642    0.5722      2858
weighted avg     0.8260    0.8471    0.8355      2858

Confusion matrix (rows: actual, columns: predicted):
[[  65  267]
 [ 170 2356]]
Epoch 1/50 | train loss: 0.5242 | validation loss: 0.5954 | validation accuracy: 0.8642 | validation AP: 0.197
Epoch 2/50 | train loss: 0.4951 | validation loss: 0.5807 | validation accuracy: 0.867 | validation AP: 0.2377
Epoch 3/50 | train loss: 0.4869 | validation loss: 0.5852 | validation accuracy: 0.8328 | validation AP: 0.2494
Epoch 4/50 | train loss: 0.4918 | validation loss: 0.5691 | validation accuracy: 0.8191 | validation AP: 0.2308
Epoch 5/50 | train loss: 0.4848 | validation loss: 0.5912 | validation accuracy: 0.831 | validation AP: 0.2062
Epoch 6/50 | train loss: 0.4812 | validation loss: 0.5836 | validation accuracy: 0.8422 | validation AP: 0.2159
Epoch 7/50 | train loss: 0.4732 | validation loss: 0.5754 | validation accuracy: 0.8411 | validation AP: 0.242
Stopping at epoch 7: validation AP has not improved for 4 epochs.
Best epoch: 3 | validation AP: 0.2494 | epochs run: 7

Validation classification report:
              precision    recall  f1-score   support

  disengaged     0.2840    0.2892    0.2866       332
     engaged     0.9063    0.9042    0.9053      2526

    accuracy                         0.8328      2858
   macro avg     0.5952    0.5967    0.5959      2858
weighted avg     0.8341    0.8328    0.8334      2858

Confusion matrix (rows: actual, columns: predicted):
[[  96  236]
 [ 242 2284]]
Epoch 1/50 | train loss: 0.5319 | validation loss: 0.5844 | validation accuracy: 0.8625 | validation AP: 0.2092
Epoch 2/50 | train loss: 0.4963 | validation loss: 0.5765 | validation accuracy: 0.8436 | validation AP: 0.2558
Epoch 3/50 | train loss: 0.4917 | validation loss: 0.573 | validation accuracy: 0.8107 | validation AP: 0.2239
Epoch 4/50 | train loss: 0.49 | validation loss: 0.5684 | validation accuracy: 0.8275 | validation AP: 0.2387
Epoch 5/50 | train loss: 0.4769 | validation loss: 0.5967 | validation accuracy: 0.8607 | validation AP: 0.253
Epoch 6/50 | train loss: 0.4751 | validation loss: 0.5807 | validation accuracy: 0.8366 | validation AP: 0.226
Stopping at epoch 6: validation AP has not improved for 4 epochs.
Best epoch: 2 | validation AP: 0.2558 | epochs run: 6

Validation classification report:
              precision    recall  f1-score   support

  disengaged     0.3064    0.2741    0.2893       332
     engaged     0.9059    0.9184    0.9121      2526

    accuracy                         0.8436      2858
   macro avg     0.6061    0.5963    0.6007      2858
weighted avg     0.8363    0.8436    0.8398      2858

Confusion matrix (rows: actual, columns: predicted):
[[  91  241]
 [ 206 2320]]
Epoch 1/50 | train loss: 0.5304 | validation loss: 0.5818 | validation accuracy: 0.8565 | validation AP: 0.2133
Epoch 2/50 | train loss: 0.491 | validation loss: 0.6141 | validation accuracy: 0.8716 | validation AP: 0.2335
Epoch 3/50 | train loss: 0.4892 | validation loss: 0.587 | validation accuracy: 0.867 | validation AP: 0.2155
Epoch 4/50 | train loss: 0.4821 | validation loss: 0.6148 | validation accuracy: 0.8618 | validation AP: 0.2219
Epoch 5/50 | train loss: 0.4788 | validation loss: 0.6054 | validation accuracy: 0.8345 | validation AP: 0.2073
Epoch 6/50 | train loss: 0.4753 | validation loss: 0.5795 | validation accuracy: 0.8443 | validation AP: 0.2534
Epoch 7/50 | train loss: 0.4635 | validation loss: 0.5903 | validation accuracy: 0.86 | validation AP: 0.2496
Epoch 8/50 | train loss: 0.4653 | validation loss: 0.5944 | validation accuracy: 0.8125 | validation AP: 0.2045
Epoch 9/50 | train loss: 0.4647 | validation loss: 0.5984 | validation accuracy: 0.8516 | validation AP: 0.238
Epoch 10/50 | train loss: 0.4536 | validation loss: 0.6386 | validation accuracy: 0.8181 | validation AP: 0.1893
Stopping at epoch 10: validation AP has not improved for 4 epochs.
Best epoch: 6 | validation AP: 0.2534 | epochs run: 10

Validation classification report:
              precision    recall  f1-score   support

  disengaged     0.2852    0.2259    0.2521       332
     engaged     0.9010    0.9256    0.9131      2526

    accuracy                         0.8443      2858
   macro avg     0.5931    0.5757    0.5826      2858
weighted avg     0.8294    0.8443    0.8363      2858

Confusion matrix (rows: actual, columns: predicted):
[[  75  257]
 [ 188 2338]]
Epoch 1/50 | train loss: 0.538 | validation loss: 0.6001 | validation accuracy: 0.867 | validation AP: 0.179
Epoch 2/50 | train loss: 0.5027 | validation loss: 0.571 | validation accuracy: 0.8464 | validation AP: 0.2418
Epoch 3/50 | train loss: 0.4899 | validation loss: 0.5736 | validation accuracy: 0.8548 | validation AP: 0.2277
Epoch 4/50 | train loss: 0.4869 | validation loss: 0.5862 | validation accuracy: 0.8611 | validation AP: 0.2201
Epoch 5/50 | train loss: 0.4807 | validation loss: 0.599 | validation accuracy: 0.8366 | validation AP: 0.2127
Epoch 6/50 | train loss: 0.4723 | validation loss: 0.6035 | validation accuracy: 0.8628 | validation AP: 0.2212
Stopping at epoch 6: validation AP has not improved for 4 epochs.
Best epoch: 2 | validation AP: 0.2418 | epochs run: 6

Validation classification report:
              precision    recall  f1-score   support

  disengaged     0.2743    0.1958    0.2285       332
     engaged     0.8981    0.9319    0.9147      2526

    accuracy                         0.8464      2858
   macro avg     0.5862    0.5638    0.5716      2858
weighted avg     0.8257    0.8464    0.8350      2858

Confusion matrix (rows: actual, columns: predicted):
[[  65  267]
 [ 172 2354]]
Epoch 1/50 | train loss: 0.5276 | validation loss: 0.5981 | validation accuracy: 0.8642 | validation AP: 0.1847
Epoch 2/50 | train loss: 0.4983 | validation loss: 0.6018 | validation accuracy: 0.8705 | validation AP: 0.2263
Epoch 3/50 | train loss: 0.4878 | validation loss: 0.566 | validation accuracy: 0.8443 | validation AP: 0.227
Epoch 4/50 | train loss: 0.4847 | validation loss: 0.5655 | validation accuracy: 0.8369 | validation AP: 0.2415
Epoch 5/50 | train loss: 0.4811 | validation loss: 0.6043 | validation accuracy: 0.8376 | validation AP: 0.2083
Epoch 6/50 | train loss: 0.4721 | validation loss: 0.5724 | validation accuracy: 0.8541 | validation AP: 0.2278
Epoch 7/50 | train loss: 0.47 | validation loss: 0.5744 | validation accuracy: 0.8478 | validation AP: 0.2478
Epoch 8/50 | train loss: 0.4631 | validation loss: 0.5932 | validation accuracy: 0.859 | validation AP: 0.244
Epoch 9/50 | train loss: 0.4572 | validation loss: 0.6033 | validation accuracy: 0.8597 | validation AP: 0.2298
Epoch 10/50 | train loss: 0.4542 | validation loss: 0.5794 | validation accuracy: 0.8632 | validation AP: 0.2416
Epoch 11/50 | train loss: 0.449 | validation loss: 0.6141 | validation accuracy: 0.8324 | validation AP: 0.204
Stopping at epoch 11: validation AP has not improved for 4 epochs.
Best epoch: 7 | validation AP: 0.2478 | epochs run: 11

Validation classification report:
              precision    recall  f1-score   support

  disengaged     0.2964    0.2259    0.2564       332
     engaged     0.9013    0.9295    0.9152      2526

    accuracy                         0.8478      2858
   macro avg     0.5989    0.5777    0.5858      2858
weighted avg     0.8311    0.8478    0.8387      2858

Confusion matrix (rows: actual, columns: predicted):
[[  75  257]
 [ 178 2348]]
Epoch 1/50 | train loss: 0.5211 | validation loss: 0.5967 | validation accuracy: 0.8586 | validation AP: 0.192
Epoch 2/50 | train loss: 0.4944 | validation loss: 0.583 | validation accuracy: 0.8698 | validation AP: 0.2288
Epoch 3/50 | train loss: 0.4841 | validation loss: 0.588 | validation accuracy: 0.8296 | validation AP: 0.2527
Epoch 4/50 | train loss: 0.4889 | validation loss: 0.5655 | validation accuracy: 0.8334 | validation AP: 0.2203
Epoch 5/50 | train loss: 0.4776 | validation loss: 0.601 | validation accuracy: 0.8499 | validation AP: 0.2139
Epoch 6/50 | train loss: 0.4726 | validation loss: 0.6085 | validation accuracy: 0.8404 | validation AP: 0.2129
Epoch 7/50 | train loss: 0.4672 | validation loss: 0.5907 | validation accuracy: 0.8418 | validation AP: 0.2362
Stopping at epoch 7: validation AP has not improved for 4 epochs.
Best epoch: 3 | validation AP: 0.2527 | epochs run: 7

Validation classification report:
              precision    recall  f1-score   support

  disengaged     0.2727    0.2801    0.2764       332
     engaged     0.9050    0.9018    0.9034      2526

    accuracy                         0.8296      2858
   macro avg     0.5889    0.5910    0.5899      2858
weighted avg     0.8316    0.8296    0.8306      2858

Confusion matrix (rows: actual, columns: predicted):
[[  93  239]
 [ 248 2278]]
Epoch 1/50 | train loss: 0.5284 | validation loss: 0.5831 | validation accuracy: 0.8691 | validation AP: 0.2095
Epoch 2/50 | train loss: 0.4944 | validation loss: 0.5798 | validation accuracy: 0.8481 | validation AP: 0.2471
Epoch 3/50 | train loss: 0.4918 | validation loss: 0.5726 | validation accuracy: 0.8247 | validation AP: 0.2226
Epoch 4/50 | train loss: 0.4874 | validation loss: 0.5739 | validation accuracy: 0.8209 | validation AP: 0.2219
Epoch 5/50 | train loss: 0.4755 | validation loss: 0.5993 | validation accuracy: 0.8551 | validation AP: 0.2365
Epoch 6/50 | train loss: 0.474 | validation loss: 0.5834 | validation accuracy: 0.8439 | validation AP: 0.2145
Stopping at epoch 6: validation AP has not improved for 4 epochs.
Best epoch: 2 | validation AP: 0.2471 | epochs run: 6

Validation classification report:
              precision    recall  f1-score   support

  disengaged     0.2839    0.2018    0.2359       332
     engaged     0.8989    0.9331    0.9157      2526

    accuracy                         0.8481      2858
   macro avg     0.5914    0.5675    0.5758      2858
weighted avg     0.8275    0.8481    0.8367      2858

Confusion matrix (rows: actual, columns: predicted):
[[  67  265]
 [ 169 2357]]
Epoch 1/50 | train loss: 0.5276 | validation loss: 0.5682 | validation accuracy: 0.8513 | validation AP: 0.235
Epoch 2/50 | train loss: 0.4896 | validation loss: 0.605 | validation accuracy: 0.8695 | validation AP: 0.2462
Epoch 3/50 | train loss: 0.4868 | validation loss: 0.582 | validation accuracy: 0.8723 | validation AP: 0.2272
Epoch 4/50 | train loss: 0.4765 | validation loss: 0.6196 | validation accuracy: 0.8705 | validation AP: 0.2231
Epoch 5/50 | train loss: 0.4748 | validation loss: 0.5975 | validation accuracy: 0.8296 | validation AP: 0.204
Epoch 6/50 | train loss: 0.4727 | validation loss: 0.5733 | validation accuracy: 0.8188 | validation AP: 0.2438
Stopping at epoch 6: validation AP has not improved for 4 epochs.
Best epoch: 2 | validation AP: 0.2462 | epochs run: 6

Validation classification report:
              precision    recall  f1-score   support

  disengaged     0.3504    0.1446    0.2047       332
     engaged     0.8956    0.9648    0.9289      2526

    accuracy                         0.8695      2858
   macro avg     0.6230    0.5547    0.5668      2858
weighted avg     0.8323    0.8695    0.8448      2858

Confusion matrix (rows: actual, columns: predicted):
[[  48  284]
 [  89 2437]]
Epoch 1/50 | train loss: 0.5374 | validation loss: 0.6045 | validation accuracy: 0.8593 | validation AP: 0.1734
Epoch 2/50 | train loss: 0.5081 | validation loss: 0.5638 | validation accuracy: 0.8237 | validation AP: 0.2778
Epoch 3/50 | train loss: 0.4901 | validation loss: 0.576 | validation accuracy: 0.8443 | validation AP: 0.2178
Epoch 4/50 | train loss: 0.4967 | validation loss: 0.5767 | validation accuracy: 0.8282 | validation AP: 0.2107
Epoch 5/50 | train loss: 0.4851 | validation loss: 0.5853 | validation accuracy: 0.8275 | validation AP: 0.2242
Epoch 6/50 | train loss: 0.4805 | validation loss: 0.5952 | validation accuracy: 0.8453 | validation AP: 0.2325
Stopping at epoch 6: validation AP has not improved for 4 epochs.
Best epoch: 2 | validation AP: 0.2778 | epochs run: 6

Validation classification report:
              precision    recall  f1-score   support

  disengaged     0.2981    0.3825    0.3351       332
     engaged     0.9157    0.8816    0.8983      2526

    accuracy                         0.8237      2858
   macro avg     0.6069    0.6321    0.6167      2858
weighted avg     0.8440    0.8237    0.8329      2858

Confusion matrix (rows: actual, columns: predicted):
[[ 127  205]
 [ 299 2227]]
Epoch 1/50 | train loss: 0.5224 | validation loss: 0.5847 | validation accuracy: 0.8548 | validation AP: 0.2035
Epoch 2/50 | train loss: 0.4929 | validation loss: 0.6028 | validation accuracy: 0.8695 | validation AP: 0.232
Epoch 3/50 | train loss: 0.4845 | validation loss: 0.5922 | validation accuracy: 0.8034 | validation AP: 0.1967
Epoch 4/50 | train loss: 0.4807 | validation loss: 0.5822 | validation accuracy: 0.8198 | validation AP: 0.2278
Epoch 5/50 | train loss: 0.4746 | validation loss: 0.6149 | validation accuracy: 0.8265 | validation AP: 0.1967
Epoch 6/50 | train loss: 0.4644 | validation loss: 0.5915 | validation accuracy: 0.8534 | validation AP: 0.2176
Stopping at epoch 6: validation AP has not improved for 4 epochs.
Best epoch: 2 | validation AP: 0.232 | epochs run: 6

Validation classification report:
              precision    recall  f1-score   support

  disengaged     0.3306    0.1205    0.1766       332
     engaged     0.8933    0.9679    0.9291      2526

    accuracy                         0.8695      2858
   macro avg     0.6119    0.5442    0.5529      2858
weighted avg     0.8279    0.8695    0.8417      2858

Confusion matrix (rows: actual, columns: predicted):
[[  40  292]
 [  81 2445]]

 lstm_uni_attention | 30fps/5s (confirmed on seeds [52, 53, 54, 55, 56])
  0.2733 +/- 0.0031  (164035,) params  hidden_size=176, num_layers=1, dropout=0.25, learning_rate=0.0002039567861822619, batch_size=8
  0.2689 +/- 0.0048  (99555,) params  hidden_size=136, num_layers=1, dropout=0.25, learning_rate=0.0003823475224675188, batch_size=8
  Selected: hidden_size=176, num_layers=1, dropout=0.25, learning_rate=0.0002039567861822619, batch_size=8  (AP 0.2733, 164,035 parameters)

Add these settings to src/attention_lapse_detection/utils/hyperparameters.py:
    ("gru", 30, 5): Hyperparameters(hidden_size=66, num_layers=2, dropout=0.25, learning_rate=0.00104026, batch_size=8),  # clip-level val AP 0.2333
    ("lstm", 30, 5): Hyperparameters(hidden_size=63, num_layers=1, dropout=0.05, learning_rate=0.00149777, batch_size=8),  # clip-level val AP 0.2069
    ("gru_uni_attention", 30, 5): Hyperparameters(hidden_size=154, num_layers=1, dropout=0.0, learning_rate=0.000484163, batch_size=64),  # clip-level val AP 0.2918
    ("lstm_uni_attention", 30, 5): Hyperparameters(hidden_size=176, num_layers=1, dropout=0.25, learning_rate=0.000203957, batch_size=8),  # clip-level val AP 0.2733
