[I 2026-10-09 00:39:09,241] A new study created in memory with name: gru|10fps/5s
[I 2026-10-09 00:40:08,655] Trial 0 finished with value: 0.26457847158126574 and parameters: {'hidden_size': 47, 'num_layers': 3, 'dropout': 0.0, 'learning_rate': 0.005399484409787433, 'batch_size': 64}. Best is trial 0 with value: 0.26457847158126574.
4 studies to run (0 already in tuning/results/shard_10_5s.csv), 70 training runs each, 280 total.
Using device: cuda
Class weights: [10.84615421295166, 0.524163544178009]
Epoch 1/50 | train loss: 0.6815 | validation loss: 0.6795 | validation accuracy: 0.7299 | validation AP: 0.1727
Epoch 2/50 | train loss: 0.6537 | validation loss: 0.6466 | validation accuracy: 0.6582 | validation AP: 0.1915
Epoch 3/50 | train loss: 0.646 | validation loss: 0.6793 | validation accuracy: 0.7568 | validation AP: 0.2334
Epoch 4/50 | train loss: 0.6323 | validation loss: 0.6496 | validation accuracy: 0.7015 | validation AP: 0.2323
Epoch 5/50 | train loss: 0.6164 | validation loss: 0.6972 | validation accuracy: 0.7491 | validation AP: 0.2565
Epoch 6/50 | train loss: 0.6055 | validation loss: 0.6442 | validation accuracy: 0.6865 | validation AP: 0.2166
Epoch 7/50 | train loss: 0.6062 | validation loss: 0.757 | validation accuracy: 0.7855 | validation AP: 0.1781
Epoch 8/50 | train loss: 0.5873 | validation loss: 0.7142 | validation accuracy: 0.7666 | validation AP: 0.1832
Epoch 9/50 | train loss: 0.5797 | validation loss: 0.6634 | validation accuracy: 0.6994 | validation AP: 0.2115
Stopping at epoch 9: validation AP has not improved for 4 epochs.
Best epoch: 5 | validation AP: 0.2565 | epochs run: 9

Validation classification report:
              precision    recall  f1-score   support

  disengaged     0.2402    0.5361    0.3318       332
     engaged     0.9273    0.7771    0.8456      2526

    accuracy                         0.7491      2858
   macro avg     0.5837    0.6566    0.5887      2858
weighted avg     0.8474    0.7491    0.7859      2858

Confusion matrix (rows: actual, columns: predicted):
[[ 178  154]
 [ 563 1963]]
Epoch 1/50 | train loss: 0.6814 | validation loss: 0.6977 | validation accuracy: 0.7383 | validation AP: 0.2051
Epoch 2/50 | train loss: 0.6607 | validation loss: 0.7111 | validation accuracy: 0.7187 | validation AP: 0.1407
Epoch 3/50 | train loss: 0.6439 | validation loss: 0.6802 | validation accuracy: 0.7964 | validation AP: 0.238
Epoch 4/50 | train loss: 0.6343 | validation loss: 0.6585 | validation accuracy: 0.6204 | validation AP: 0.1743
Epoch 5/50 | train loss: 0.6125 | validation loss: 0.6896 | validation accuracy: 0.6652 | validation AP: 0.1786
Epoch 6/50 | train loss: 0.5919 | validation loss: 0.7329 | validation accuracy: 0.7547 | validation AP: 0.2117
Epoch 7/50 | train loss: 0.5863 | validation loss: 0.7008 | validation accuracy: 0.7341 | validation AP: 0.1937
Stopping at epoch 7: validation AP has not improved for 4 epochs.
Best epoch: 3 | validation AP: 0.238 | epochs run: 7

Validation classification report:
              precision    recall  f1-score   support

  disengaged     0.2210    0.2982    0.2538       332
     engaged     0.9033    0.8618    0.8821      2526

    accuracy                         0.7964      2858
   macro avg     0.5622    0.5800    0.5680      2858
weighted avg     0.8241    0.7964    0.8091      2858

Confusion matrix (rows: actual, columns: predicted):
[[  99  233]
 [ 349 2177]]
Epoch 1/50 | train loss: 0.6866 | validation loss: 0.7285 | validation accuracy: 0.8422 | validation AP: 0.2032
Epoch 2/50 | train loss: 0.6625 | validation loss: 0.6775 | validation accuracy: 0.7421 | validation AP: 0.2138
Epoch 3/50 | train loss: 0.6479 | validation loss: 0.6595 | validation accuracy: 0.5994 | validation AP: 0.1729
Epoch 4/50 | train loss: 0.6274 | validation loss: 0.6433 | validation accuracy: 0.648 | validation AP: 0.2181
Epoch 5/50 | train loss: 0.6198 | validation loss: 0.6786 | validation accuracy: 0.6666 | validation AP: 0.16
Epoch 6/50 | train loss: 0.5992 | validation loss: 0.6892 | validation accuracy: 0.7131 | validation AP: 0.2449
Epoch 7/50 | train loss: 0.5856 | validation loss: 0.7116 | validation accuracy: 0.7176 | validation AP: 0.2009
Epoch 8/50 | train loss: 0.5714 | validation loss: 0.6962 | validation accuracy: 0.6417 | validation AP: 0.1729
Epoch 9/50 | train loss: 0.5772 | validation loss: 0.6974 | validation accuracy: 0.6991 | validation AP: 0.1889
Epoch 10/50 | train loss: 0.5525 | validation loss: 0.7563 | validation accuracy: 0.7047 | validation AP: 0.2171
Stopping at epoch 10: validation AP has not improved for 4 epochs.
Best epoch: 6 | validation AP: 0.2449 | epochs run: 10

Validation classification report:
              precision    recall  f1-score   support

  disengaged     0.1980    0.4819    0.2807       332
     engaged     0.9161    0.7435    0.8208      2526

    accuracy                         0.7131      2858
   macro avg     0.5571    0.6127    0.5508      2858
weighted avg     0.8327    0.7131    0.7581      2858

Confusion matrix (rows: actual, columns: predicted):
[[ 160  172]
 [ 648 1878]]
Epoch 1/50 | train loss: 0.5498 | validation loss: 0.5915 | validation accuracy: 0.8807 | validation AP: 0.2062
Epoch 2/50 | train loss: 0.5257 | validation loss: 0.6364 | validation accuracy: 0.8523 | validation AP: 0.1563
Epoch 3/50 | train loss: 0.5168 | validation loss: 0.6313 | validation accuracy: 0.8667 | validation AP: 0.1783
Epoch 4/50 | train loss: 0.5194 | validation loss: 0.6096 | validation accuracy: 0.831 | validation AP: 0.1745
Epoch 5/50 | train loss: 0.5066 | validation loss: 0.5795 | validation accuracy: 0.8474 | validation AP: 0.2511
Epoch 6/50 | train loss: 0.5095 | validation loss: 0.5899 | validation accuracy: 0.8653 | validation AP: 0.2092
Epoch 7/50 | train loss: 0.4993 | validation loss: 0.6112 | validation accuracy: 0.8527 | validation AP: 0.1836
Epoch 8/50 | train loss: 0.4908 | validation loss: 0.6194 | validation accuracy: 0.8691 | validation AP: 0.207
Epoch 9/50 | train loss: 0.4916 | validation loss: 0.6187 | validation accuracy: 0.8195 | validation AP: 0.1899
Stopping at epoch 9: validation AP has not improved for 4 epochs.
Best epoch: 5 | validation AP: 0.2511 | epochs run: 9

Validation classification report:
              precision    recall  f1-score   support

  disengaged     0.3088    0.2530    0.2781       332
     engaged     0.9041    0.9256    0.9147      2526

    accuracy                         0.8474      2858
   macro avg     0.6065    0.5893    0.5964      2858
weighted avg     0.8349    0.8474    0.8408      2858

Confusion matrix (rows: actual, columns: predicted):
[[  84  248]
 [ 188 2338]]
Epoch 1/50 | train loss: 0.5372 | validation loss: 0.6475 | validation accuracy: 0.8387 | validation AP: 0.178
Epoch 2/50 | train loss: 0.5343 | validation loss: 0.6154 | validation accuracy: 0.8572 | validation AP: 0.1569
Epoch 3/50 | train loss: 0.5191 | validation loss: 0.5851 | validation accuracy: 0.8716 | validation AP: 0.2299
Epoch 4/50 | train loss: 0.5161 | validation loss: 0.5906 | validation accuracy: 0.8209 | validation AP: 0.2115
Epoch 5/50 | train loss: 0.5045 | validation loss: 0.6115 | validation accuracy: 0.8289 | validation AP: 0.1666
Epoch 6/50 | train loss: 0.4919 | validation loss: 0.6301 | validation accuracy: 0.8646 | validation AP: 0.21
Epoch 7/50 | train loss: 0.4954 | validation loss: 0.6158 | validation accuracy: 0.8632 | validation AP: 0.2046
Stopping at epoch 7: validation AP has not improved for 4 epochs.
Best epoch: 3 | validation AP: 0.2299 | epochs run: 7

Validation classification report:
              precision    recall  f1-score   support

  disengaged     0.3529    0.1265    0.1863       332
     engaged     0.8941    0.9695    0.9303      2526

    accuracy                         0.8716      2858
   macro avg     0.6235    0.5480    0.5583      2858
weighted avg     0.8313    0.8716    0.8439      2858

Confusion matrix (rows: actual, columns: predicted):
[[  42  290]
 [  77 2449]]
Epoch 1/50 | train loss: 0.5395 | validation loss: 0.6294 | validation accuracy: 0.8618 | validation AP: 0.1671
Epoch 2/50 | train loss: 0.5227 | validation loss: 0.6326 | validation accuracy: 0.8572 | validation AP: 0.1673
Epoch 3/50 | train loss: 0.5245 | validation loss: 0.6099 | validation accuracy: 0.8212 | validation AP: 0.1645
Epoch 4/50 | train loss: 0.5199 | validation loss: 0.6239 | validation accuracy: 0.8558 | validation AP: 0.1673
Epoch 5/50 | train loss: 0.519 | validation loss: 0.592 | validation accuracy: 0.8376 | validation AP: 0.1841[I 2026-10-09 00:49:31,841] Trial 1 finished with value: 0.26511464961740144 and parameters: {'hidden_size': 136, 'num_layers': 1, 'dropout': 0.25, 'learning_rate': 0.0003823475224675188, 'batch_size': 8}. Best is trial 1 with value: 0.26511464961740144.
[I 2026-10-09 00:50:31,680] Trial 2 finished with value: 0.19787665238269606 and parameters: {'hidden_size': 56, 'num_layers': 3, 'dropout': 0.5, 'learning_rate': 0.00021930485556643703, 'batch_size': 32}. Best is trial 1 with value: 0.26511464961740144.

Epoch 6/50 | train loss: 0.515 | validation loss: 0.5798 | validation accuracy: 0.8408 | validation AP: 0.205
Epoch 7/50 | train loss: 0.4988 | validation loss: 0.6147 | validation accuracy: 0.845 | validation AP: 0.1845
Epoch 8/50 | train loss: 0.4896 | validation loss: 0.5789 | validation accuracy: 0.8572 | validation AP: 0.2268
Epoch 9/50 | train loss: 0.4865 | validation loss: 0.5865 | validation accuracy: 0.8488 | validation AP: 0.2157
Epoch 10/50 | train loss: 0.4842 | validation loss: 0.5947 | validation accuracy: 0.8698 | validation AP: 0.2388
Epoch 11/50 | train loss: 0.4785 | validation loss: 0.6316 | validation accuracy: 0.8614 | validation AP: 0.2346
Epoch 12/50 | train loss: 0.4805 | validation loss: 0.6134 | validation accuracy: 0.8338 | validation AP: 0.2118
Epoch 13/50 | train loss: 0.481 | validation loss: 0.5985 | validation accuracy: 0.8607 | validation AP: 0.2398
Epoch 14/50 | train loss: 0.4681 | validation loss: 0.5829 | validation accuracy: 0.8268 | validation AP: 0.2352
Epoch 15/50 | train loss: 0.4801 | validation loss: 0.6055 | validation accuracy: 0.8744 | validation AP: 0.232
Epoch 16/50 | train loss: 0.4846 | validation loss: 0.5802 | validation accuracy: 0.8544 | validation AP: 0.2533
Epoch 17/50 | train loss: 0.4686 | validation loss: 0.5896 | validation accuracy: 0.8254 | validation AP: 0.2198
Epoch 18/50 | train loss: 0.4752 | validation loss: 0.6281 | validation accuracy: 0.8663 | validation AP: 0.2178
Epoch 19/50 | train loss: 0.4675 | validation loss: 0.5749 | validation accuracy: 0.7943 | validation AP: 0.2331
Epoch 20/50 | train loss: 0.461 | validation loss: 0.6428 | validation accuracy: 0.824 | validation AP: 0.1846
Stopping at epoch 20: validation AP has not improved for 4 epochs.
Best epoch: 16 | validation AP: 0.2533 | epochs run: 20

Validation classification report:
              precision    recall  f1-score   support

  disengaged     0.2981    0.1867    0.2296       332
     engaged     0.8981    0.9422    0.9196      2526

    accuracy                         0.8544      2858
   macro avg     0.5981    0.5645    0.5746      2858
weighted avg     0.8284    0.8544    0.8395      2858

Confusion matrix (rows: actual, columns: predicted):
[[  62  270]
 [ 146 2380]]
Epoch 1/50 | train loss: 0.6759 | validation loss: 0.6802 | validation accuracy: 0.7656 | validation AP: 0.1745
Epoch 2/50 | train loss: 0.6505 | validation loss: 0.6902 | validation accuracy: 0.7369 | validation AP: 0.1649
Epoch 3/50 | train loss: 0.65 | validation loss: 0.7065 | validation accuracy: 0.7232 | validation AP: 0.1641
Epoch 4/50 | train loss: 0.6464 | validation loss: 0.6914 | validation accuracy: 0.7551 | validation AP: 0.1823
Epoch 5/50 | train loss: 0.6307 | validation loss: 0.6866 | validation accuracy: 0.7747 | validation AP: 0.2014
Epoch 6/50 | train loss: 0.6266 | validation loss: 0.6721 | validation accuracy: 0.6917 | validation AP: 0.1767
Epoch 7/50 | train loss: 0.6307 | validation loss: 0.7273 | validation accuracy: 0.7561 | validation AP: 0.1633
Epoch 8/50 | train loss: 0.6213 | validation loss: 0.7212 | validation accuracy: 0.781 | validation AP: 0.175
Epoch 9/50 | train loss: 0.6257 | validation loss: 0.6714 | validation accuracy: 0.7386 | validation AP: 0.2168
Epoch 10/50 | train loss: 0.617 | validation loss: 0.6993 | validation accuracy: 0.7761 | validation AP: 0.209
Epoch 11/50 | train loss: 0.6072 | validation loss: 0.7157 | validation accuracy: 0.7715 | validation AP: 0.1813
Epoch 12/50 | train loss: 0.6107 | validation loss: 0.7116 | validation accuracy: 0.7936 | validation AP: 0.196
Epoch 13/50 | train loss: 0.6092 | validation loss: 0.7543 | validation accuracy: 0.774 | validation AP: 0.1599
Stopping at epoch 13: validation AP has not improved for 4 epochs.
Best epoch: 9 | validation AP: 0.2168 | epochs run: 13

Validation classification report:
              precision    recall  f1-score   support

  disengaged     0.2122    0.4608    0.2906       332
     engaged     0.9162    0.7751    0.8398      2526

    accuracy                         0.7386      2858
   macro avg     0.5642    0.6180    0.5652      2858
weighted avg     0.8345    0.7386    0.7760      2858

Confusion matrix (rows: actual, columns: predicted):
[[ 153  179]
 [ 568 1958]]
Epoch 1/50 | train loss: 0.6692 | validation loss: 0.6986 | validation accuracy: 0.8275 | validation AP: 0.1754
Epoch 2/50 | train loss: 0.6599 | validation loss: 0.6905 | validation accuracy: 0.7376 | validation AP: 0.1608
Epoch 3/50 | train loss: 0.6495 | validation loss: 0.7024 | validation accuracy: 0.7782 | validation AP: 0.1686
Epoch 4/50 | train loss: 0.6407 | validation loss: 0.6752 | validation accuracy: 0.6596 | validation AP: 0.173
Epoch 5/50 | train loss: 0.6425 | validation loss: 0.7007 | validation accuracy: 0.6928 | validation AP: 0.1532
Stopping at epoch 5: validation AP has not improved for 4 epochs.
Best epoch: 1 | validation AP: 0.1754 | epochs run: 5

Validation classification report:
              precision    recall  f1-score   support

  disengaged     0.2378    0.2199    0.2285       332
     engaged     0.8985    0.9074    0.9029      2526

    accuracy                         0.8275      2858
   macro avg     0.5681    0.5636    0.5657      2858
weighted avg     0.8217    0.8275    0.8246      2858

Confusion matrix (rows: actual, columns: predicted):
[[  73  259]
 [ 234 2292]]
Epoch 1/50 | train loss: 0.6792 | validation loss: 0.6872 | validation accuracy: 0.8265 | validation AP: 0.1966
Epoch 2/50 | train loss: 0.6618 | validation loss: 0.6856 | validation accuracy: 0.7355 | validation AP: 0.1643
Epoch 3/50 | train loss: 0.6548 | validation loss: 0.686 | validation accuracy: 0.7414 | validation AP: 0.166
Epoch 4/50 | train loss: 0.6488 | validation loss: 0.6959 | validation accuracy: 0.7883 | validation AP: 0.1725
Epoch 5/50 | train loss: 0.6432 | validation loss: 0.6955 | validation accuracy: 0.6756 | validation AP: 0.1504
Stopping at epoch 5: validation AP has not improved for 4 epochs.
Best epoch: 1 | validation AP: 0.1966 | epochs run: 5

Validation classification report:
              precision    recall  f1-score   support

  disengaged     0.2355    0.2199    0.2274       332
     engaged     0.8984    0.9062    0.9022      2526

    accuracy                         0.8265      2858
   macro avg     0.5669    0.5630    0.5648      2858
weighted avg     0.8213    0.8265    0.8239      2858

Confusion matrix (rows: actual, columns: predicted):
[[  73  259]
 [ 237 2289]]
Epoch 1/50 | train loss: 0.6293 | validation loss: 0.633 | validation accuracy: 0.8352 | validation AP: 0.2523
Epoch 2/50 | train loss: 0.5925 | validation loss: 0.654 | validation accuracy: 0.7642 | validation AP: 0.1858
Epoch 3/50 | train loss: 0.5737 | validation loss: 0.7187 | validation accuracy: 0.8293 | validation AP: 0.194
Epoch 4/50 | train loss: 0.5709 | validation loss: 0.6652 | validation accuracy: 0.7138 | validation AP: 0.1982
Epoch 5/50 | train loss: 0.596 | validation loss: 0.6846 | validation accuracy: 0.7383 | validation AP: 0.2129
Stopping at epoch 5: validation AP has not improved for 4 epochs.
Best epoch: 1 | validation AP: 0.2523 | epochs run: 5

Validation classification report:
              precision    recall  f1-score   support

  disengaged     0.2888    0.2861    0.2874       332
     engaged     0.9063    0.9074    0.9068      2526

    accuracy                         0.8352      2858
   macro avg     0.5975    0.5968    0.5971      2858
weighted avg     0.8346    0.8352    0.8349      2858

Confusion matrix (rows: actual, columns: predicted):
[[  95  237]
 [ 234 2292]]
Epoch 1/50 | train loss: 0.6266 | validation loss: 0.6812 | validation accuracy: 0.8286 | validation AP: 0.2175
Epoch 2/50 | train loss: 0.5915 | validation loss: 0.6893 | validation accuracy: 0.8328 | validation AP: 0.2062
Epoch 3/50 | train loss: 0.5668 | validation loss: 0.6367 | validation accuracy: 0.8369 | validation AP: 0.2513
Epoch 4/50 | train loss: 0.5549 | validation loss: 0.6305 | validation accuracy: 0.7327 | validation AP: 0.2256
Epoch 5/50 | train loss: 0.5473 | validation loss: 0.6848 | validation accuracy: 0.7645 | validation AP: 0.1783
Epoch 6/50 | train loss: 0.5433 | validation loss: 0.7911 | validation accuracy: 0.8016 | validation AP: 0.1962[I 2026-10-09 00:52:13,272] Trial 3 finished with value: 0.25672427577458423 and parameters: {'hidden_size': 40, 'num_layers': 1, 'dropout': 0.0, 'learning_rate': 0.006586289317583112, 'batch_size': 16}. Best is trial 1 with value: 0.26511464961740144.
[I 2026-10-09 00:52:33,053] Trial 4 finished with value: 0.24655000325103563 and parameters: {'hidden_size': 70, 'num_layers': 1, 'dropout': 0.0, 'learning_rate': 0.0069782812651260325, 'batch_size': 64}. Best is trial 1 with value: 0.26511464961740144.

Epoch 7/50 | train loss: 0.5342 | validation loss: 0.6995 | validation accuracy: 0.8177 | validation AP: 0.1946
Stopping at epoch 7: validation AP has not improved for 4 epochs.
Best epoch: 3 | validation AP: 0.2513 | epochs run: 7

Validation classification report:
              precision    recall  f1-score   support

  disengaged     0.2853    0.2681    0.2764       332
     engaged     0.9046    0.9117    0.9081      2526

    accuracy                         0.8369      2858
   macro avg     0.5949    0.5899    0.5923      2858
weighted avg     0.8326    0.8369    0.8347      2858

Confusion matrix (rows: actual, columns: predicted):
[[  89  243]
 [ 223 2303]]
Epoch 1/50 | train loss: 0.62 | validation loss: 0.7444 | validation accuracy: 0.8453 | validation AP: 0.1726
Epoch 2/50 | train loss: 0.5969 | validation loss: 0.72 | validation accuracy: 0.8279 | validation AP: 0.1797
Epoch 3/50 | train loss: 0.5797 | validation loss: 0.6606 | validation accuracy: 0.7876 | validation AP: 0.1889
Epoch 4/50 | train loss: 0.5584 | validation loss: 0.7079 | validation accuracy: 0.7939 | validation AP: 0.1743
Epoch 5/50 | train loss: 0.5574 | validation loss: 0.6558 | validation accuracy: 0.7631 | validation AP: 0.1813
Epoch 6/50 | train loss: 0.5466 | validation loss: 0.6547 | validation accuracy: 0.7834 | validation AP: 0.197
Epoch 7/50 | train loss: 0.5423 | validation loss: 0.7021 | validation accuracy: 0.8016 | validation AP: 0.1811
Epoch 8/50 | train loss: 0.5266 | validation loss: 0.6489 | validation accuracy: 0.7589 | validation AP: 0.2033
Epoch 9/50 | train loss: 0.522 | validation loss: 0.6575 | validation accuracy: 0.7607 | validation AP: 0.1973
Epoch 10/50 | train loss: 0.4914 | validation loss: 0.747 | validation accuracy: 0.7701 | validation AP: 0.188
Epoch 11/50 | train loss: 0.4983 | validation loss: 0.8189 | validation accuracy: 0.8432 | validation AP: 0.184
Epoch 12/50 | train loss: 0.4932 | validation loss: 0.6919 | validation accuracy: 0.7404 | validation AP: 0.1986
Stopping at epoch 12: validation AP has not improved for 4 epochs.
Best epoch: 8 | validation AP: 0.2033 | epochs run: 12

Validation classification report:
              precision    recall  f1-score   support

  disengaged     0.2180    0.4157    0.2860       332
     engaged     0.9128    0.8040    0.8550      2526

    accuracy                         0.7589      2858
   macro avg     0.5654    0.6099    0.5705      2858
weighted avg     0.8321    0.7589    0.7889      2858

Confusion matrix (rows: actual, columns: predicted):
[[ 138  194]
 [ 495 2031]]
Epoch 1/50 | train loss: 0.6801 | validation loss: 0.6696 | validation accuracy: 0.6246 | validation AP: 0.1947
Epoch 2/50 | train loss: 0.6505 | validation loss: 0.6743 | validation accuracy: 0.6389 | validation AP: 0.1789
Epoch 3/50 | train loss: 0.6321 | validation loss: 0.7015 | validation accuracy: 0.7362 | validation AP: 0.2188
Epoch 4/50 | train loss: 0.6953 | validation loss: 0.6153 | validation accuracy: 0.309 | validation AP: 0.2093
Epoch 5/50 | train loss: 0.6357 | validation loss: 0.6995 | validation accuracy: 0.7379 | validation AP: 0.2562
Epoch 6/50 | train loss: 0.6097 | validation loss: 0.6665 | validation accuracy: 0.6847 | validation AP: 0.2092
Epoch 7/50 | train loss: 0.59 | validation loss: 0.7548 | validation accuracy: 0.6924 | validation AP: 0.1977
Epoch 8/50 | train loss: 0.57 | validation loss: 0.7337 | validation accuracy: 0.5812 | validation AP: 0.1693
Epoch 9/50 | train loss: 0.5704 | validation loss: 0.7383 | validation accuracy: 0.6582 | validation AP: 0.2102
Stopping at epoch 9: validation AP has not improved for 4 epochs.
Best epoch: 5 | validation AP: 0.2562 | epochs run: 9

Validation classification report:
              precision    recall  f1-score   support

  disengaged     0.2238    0.5090    0.3109       332
     engaged     0.9225    0.7680    0.8382      2526

    accuracy                         0.7379      2858
   macro avg     0.5732    0.6385    0.5746      2858
weighted avg     0.8413    0.7379    0.7769      2858

Confusion matrix (rows: actual, columns: predicted):
[[ 169  163]
 [ 586 1940]]
Epoch 1/50 | train loss: 0.6737 | validation loss: 0.6802 | validation accuracy: 0.6945 | validation AP: 0.2216
Epoch 2/50 | train loss: 0.6443 | validation loss: 0.7247 | validation accuracy: 0.7579 | validation AP: 0.1861
Epoch 3/50 | train loss: 0.6272 | validation loss: 0.6662 | validation accuracy: 0.6652 | validation AP: 0.2314
Epoch 4/50 | train loss: 0.6108 | validation loss: 0.6558 | validation accuracy: 0.5532 | validation AP: 0.2361
Epoch 5/50 | train loss: 0.5937 | validation loss: 0.741 | validation accuracy: 0.7089 | validation AP: 0.1765
Epoch 6/50 | train loss: 0.5837 | validation loss: 0.7858 | validation accuracy: 0.7187 | validation AP: 0.2017
Epoch 7/50 | train loss: 0.5751 | validation loss: 0.6992 | validation accuracy: 0.6861 | validation AP: 0.2251
Epoch 8/50 | train loss: 0.5633 | validation loss: 0.802 | validation accuracy: 0.7659 | validation AP: 0.2102
Stopping at epoch 8: validation AP has not improved for 4 epochs.
Best epoch: 4 | validation AP: 0.2361 | epochs run: 8

Validation classification report:
              precision    recall  f1-score   support

  disengaged     0.1579    0.6566    0.2545       332
     engaged     0.9228    0.5396    0.6810      2526

    accuracy                         0.5532      2858
   macro avg     0.5403    0.5981    0.4678      2858
weighted avg     0.8340    0.5532    0.6314      2858

Confusion matrix (rows: actual, columns: predicted):
[[ 218  114]
 [1163 1363]]
Epoch 1/50 | train loss: 0.6805 | validation loss: 0.7199 | validation accuracy: 0.7981 | validation AP: 0.2046
Epoch 2/50 | train loss: 0.6534 | validation loss: 0.6784 | validation accuracy: 0.5994 | validation AP: 0.1899
Epoch 3/50 | train loss: 0.6287 | validation loss: 0.6455 | validation accuracy: 0.5724 | validation AP: 0.2004
Epoch 4/50 | train loss: 0.6102 | validation loss: 0.668 | validation accuracy: 0.605 | validation AP: 0.1832
Epoch 5/50 | train loss: 0.5919 | validation loss: 0.6714 | validation accuracy: 0.6707 | validation AP: 0.1793
Stopping at epoch 5: validation AP has not improved for 4 epochs.
Best epoch: 1 | validation AP: 0.2046 | epochs run: 5

Validation classification report:
              precision    recall  f1-score   support

  disengaged     0.2308    0.3163    0.2668       332
     engaged     0.9055    0.8614    0.8829      2526

    accuracy                         0.7981      2858
   macro avg     0.5682    0.5889    0.5749      2858
weighted avg     0.8272    0.7981    0.8114      2858

Confusion matrix (rows: actual, columns: predicted):
[[ 105  227]
 [ 350 2176]]
Epoch 1/50 | train loss: 0.6324 | validation loss: 0.6375 | validation accuracy: 0.8359 | validation AP: 0.243
Epoch 2/50 | train loss: 0.5974 | validation loss: 0.6617 | validation accuracy: 0.7957 | validation AP: 0.1844
Epoch 3/50 | train loss: 0.5826 | validation loss: 0.7021 | validation accuracy: 0.8268 | validation AP: 0.1949
Epoch 4/50 | train loss: 0.5768 | validation loss: 0.6468 | validation accuracy: 0.7477 | validation AP: 0.2027
Epoch 5/50 | train loss: 0.5567 | validation loss: 0.6748 | validation accuracy: 0.7876 | validation AP: 0.2501
Epoch 6/50 | train loss: 0.538 | validation loss: 0.6371 | validation accuracy: 0.76 | validation AP: 0.2
Epoch 7/50 | train loss: 0.5369 | validation loss: 0.7443 | validation accuracy: 0.6998 | validation AP: 0.153
Epoch 8/50 | train loss: 0.5245 | validation loss: 0.7094 | validation accuracy: 0.7743 | validation AP: 0.1765
Epoch 9/50 | train loss: 0.5168 | validation loss: 0.6797 | validation accuracy: 0.7883 | validation AP: 0.1903
Stopping at epoch 9: validation AP has not improved for 4 epochs.
Best epoch: 5 | validation AP: 0.2501 | epochs run: 9

Validation classification report:
              precision    recall  f1-score   support

  disengaged     0.2340    0.3645    0.2850       332
     engaged     0.9099    0.8432    0.8753      2526

    accuracy                         0.7876      2858
   macro avg     0.5720    0.6038    0.5802      2858
weighted avg     0.8314    0.7876    0.8067      2858
[I 2026-10-09 00:54:42,319] Trial 5 finished with value: 0.266237976687271 and parameters: {'hidden_size': 48, 'num_layers': 1, 'dropout': 0.0, 'learning_rate': 0.0040215545266902904, 'batch_size': 16}. Best is trial 5 with value: 0.266237976687271.

Confusion matrix (rows: actual, columns: predicted):
[[ 121  211]
 [ 396 2130]]
Epoch 1/50 | train loss: 0.6267 | validation loss: 0.7167 | validation accuracy: 0.7943 | validation AP: 0.1882
Epoch 2/50 | train loss: 0.5982 | validation loss: 0.6726 | validation accuracy: 0.8513 | validation AP: 0.1945
Epoch 3/50 | train loss: 0.5722 | validation loss: 0.6305 | validation accuracy: 0.8422 | validation AP: 0.2513
Epoch 4/50 | train loss: 0.5588 | validation loss: 0.6331 | validation accuracy: 0.7113 | validation AP: 0.2164
Epoch 5/50 | train loss: 0.5484 | validation loss: 0.6635 | validation accuracy: 0.7743 | validation AP: 0.1938
Epoch 6/50 | train loss: 0.5335 | validation loss: 0.71 | validation accuracy: 0.8079 | validation AP: 0.2077
Epoch 7/50 | train loss: 0.5298 | validation loss: 0.6733 | validation accuracy: 0.845 | validation AP: 0.2357
Stopping at epoch 7: validation AP has not improved for 4 epochs.
Best epoch: 3 | validation AP: 0.2513 | epochs run: 7

Validation classification report:
              precision    recall  f1-score   support

  disengaged     0.2720    0.2139    0.2395       332
     engaged     0.8995    0.9248    0.9120      2526

    accuracy                         0.8422      2858
   macro avg     0.5858    0.5693    0.5757      2858
weighted avg     0.8266    0.8422    0.8338      2858

Confusion matrix (rows: actual, columns: predicted):
[[  71  261]
 [ 190 2336]]
Epoch 1/50 | train loss: 0.6231 | validation loss: 0.7204 | validation accuracy: 0.8544 | validation AP: 0.1674
Epoch 2/50 | train loss: 0.6124 | validation loss: 0.6921 | validation accuracy: 0.8303 | validation AP: 0.1755
Epoch 3/50 | train loss: 0.5897 | validation loss: 0.6503 | validation accuracy: 0.7687 | validation AP: 0.2078
Epoch 4/50 | train loss: 0.5637 | validation loss: 0.6717 | validation accuracy: 0.7918 | validation AP: 0.1847
Epoch 5/50 | train loss: 0.5516 | validation loss: 0.652 | validation accuracy: 0.8016 | validation AP: 0.1997
Epoch 6/50 | train loss: 0.5379 | validation loss: 0.6609 | validation accuracy: 0.8037 | validation AP: 0.2226
Epoch 7/50 | train loss: 0.5285 | validation loss: 0.7197 | validation accuracy: 0.7964 | validation AP: 0.1846
Epoch 8/50 | train loss: 0.5167 | validation loss: 0.64 | validation accuracy: 0.7761 | validation AP: 0.2202
Epoch 9/50 | train loss: 0.5067 | validation loss: 0.6885 | validation accuracy: 0.788 | validation AP: 0.1962
Epoch 10/50 | train loss: 0.4807 | validation loss: 0.7528 | validation accuracy: 0.8097 | validation AP: 0.1951
Stopping at epoch 10: validation AP has not improved for 4 epochs.
Best epoch: 6 | validation AP: 0.2226 | epochs run: 10

Validation classification report:
              precision    recall  f1-score   support

  disengaged     0.2319    0.2982    0.2609       332
     engaged     0.9042    0.8702    0.8868      2526

    accuracy                         0.8037      2858
   macro avg     0.5680    0.5842    0.5738      2858
weighted avg     0.8261    0.8037    0.8141      2858

Confusion matrix (rows: actual, columns: predicted):
[[  99  233]
 [ 328 2198]]
Epoch 1/50 | train loss: 0.5648 | validation loss: 0.6092 | validation accuracy: 0.8838 | validation AP: 0.1883
Epoch 2/50 | train loss: 0.531 | validation loss: 0.6142 | validation accuracy: 0.8737 | validation AP: 0.1642
Epoch 3/50 | train loss: 0.5215 | validation loss: 0.6239 | validation accuracy: 0.859 | validation AP: 0.1669
Epoch 4/50 | train loss: 0.5301 | validation loss: 0.6035 | validation accuracy: 0.8607 | validation AP: 0.1799
Epoch 5/50 | train loss: 0.5173 | validation loss: 0.5988 | validation accuracy: 0.8604 | validation AP: 0.1898
Epoch 6/50 | train loss: 0.5171 | validation loss: 0.5956 | validation accuracy: 0.8457 | validation AP: 0.1801
Epoch 7/50 | train loss: 0.5107 | validation loss: 0.6115 | validation accuracy: 0.8317 | validation AP: 0.1674
Epoch 8/50 | train loss: 0.5002 | validation loss: 0.6049 | validation accuracy: 0.8632 | validation AP: 0.1961
Epoch 9/50 | train loss: 0.5008 | validation loss: 0.5972 | validation accuracy: 0.8265 | validation AP: 0.1938
Epoch 10/50 | train loss: 0.4893 | validation loss: 0.6032 | validation accuracy: 0.8656 | validation AP: 0.2172
Epoch 11/50 | train loss: 0.4945 | validation loss: 0.6059 | validation accuracy: 0.8562 | validation AP: 0.2003
Epoch 12/50 | train loss: 0.4882 | validation loss: 0.6098 | validation accuracy: 0.8642 | validation AP: 0.2098
Epoch 13/50 | train loss: 0.4863 | validation loss: 0.6214 | validation accuracy: 0.8492 | validation AP: 0.1895
Epoch 14/50 | train loss: 0.491 | validation loss: 0.599 | validation accuracy: 0.8348 | validation AP: 0.2
Stopping at epoch 14: validation AP has not improved for 4 epochs.
Best epoch: 10 | validation AP: 0.2172 | epochs run: 14

Validation classification report:
              precision    recall  f1-score   support

  disengaged     0.2797    0.0994    0.1467       332
     engaged     0.8909    0.9663    0.9271      2526

    accuracy                         0.8656      2858
   macro avg     0.5853    0.5329    0.5369      2858
weighted avg     0.8199    0.8656    0.8364      2858

Confusion matrix (rows: actual, columns: predicted):
[[  33  299]
 [  85 2441]]
Epoch 1/50 | train loss: 0.5642 | validation loss: 0.6286 | validation accuracy: 0.881 | validation AP: 0.15
Epoch 2/50 | train loss: 0.5293 | validation loss: 0.6086 | validation accuracy: 0.8632 | validation AP: 0.1608
Epoch 3/50 | train loss: 0.5198 | validation loss: 0.5998 | validation accuracy: 0.8744 | validation AP: 0.1894
Epoch 4/50 | train loss: 0.5172 | validation loss: 0.5943 | validation accuracy: 0.8153 | validation AP: 0.1747
Epoch 5/50 | train loss: 0.5105 | validation loss: 0.6061 | validation accuracy: 0.8338 | validation AP: 0.1656
Epoch 6/50 | train loss: 0.5034 | validation loss: 0.6028 | validation accuracy: 0.8488 | validation AP: 0.1926
Epoch 7/50 | train loss: 0.5063 | validation loss: 0.595 | validation accuracy: 0.8404 | validation AP: 0.1955
Epoch 8/50 | train loss: 0.4995 | validation loss: 0.6097 | validation accuracy: 0.8579 | validation AP: 0.1998
Epoch 9/50 | train loss: 0.5026 | validation loss: 0.613 | validation accuracy: 0.8418 | validation AP: 0.1815
Epoch 10/50 | train loss: 0.4873 | validation loss: 0.5867 | validation accuracy: 0.8142 | validation AP: 0.2094
Epoch 11/50 | train loss: 0.4947 | validation loss: 0.6055 | validation accuracy: 0.8569 | validation AP: 0.2126
Epoch 12/50 | train loss: 0.4969 | validation loss: 0.6104 | validation accuracy: 0.8314 | validation AP: 0.1933
Epoch 13/50 | train loss: 0.4818 | validation loss: 0.5987 | validation accuracy: 0.8268 | validation AP: 0.207
Epoch 14/50 | train loss: 0.4791 | validation loss: 0.5842 | validation accuracy: 0.8163 | validation AP: 0.2136
Epoch 15/50 | train loss: 0.4823 | validation loss: 0.6188 | validation accuracy: 0.8527 | validation AP: 0.2057
Epoch 16/50 | train loss: 0.4767 | validation loss: 0.6225 | validation accuracy: 0.8446 | validation AP: 0.2121
Epoch 17/50 | train loss: 0.4685 | validation loss: 0.5949 | validation accuracy: 0.8492 | validation AP: 0.2174
Epoch 18/50 | train loss: 0.4769 | validation loss: 0.6214 | validation accuracy: 0.8618 | validation AP: 0.2335
Epoch 19/50 | train loss: 0.4722 | validation loss: 0.607 | validation accuracy: 0.8474 | validation AP: 0.2205
Epoch 20/50 | train loss: 0.4644 | validation loss: 0.5937 | validation accuracy: 0.8097 | validation AP: 0.2103
Epoch 21/50 | train loss: 0.4647 | validation loss: 0.5918 | validation accuracy: 0.8397 | validation AP: 0.2241
Epoch 22/50 | train loss: 0.4608 | validation loss: 0.6245 | validation accuracy: 0.8293 | validation AP: 0.1924
Stopping at epoch 22: validation AP has not improved for 4 epochs.
Best epoch: 18 | validation AP: 0.2335 | epochs run: 22

Validation classification report:
              precision    recall  f1-score   support

  disengaged     0.2941    0.1355    0.1856       332
     engaged     0.8939    0.9572    0.9245      2526

    accuracy                         0.8618      2858
   macro avg     0.5940    0.5464    0.5550      2858
weighted avg     0.8242    0.8618    0.8387      2858

Confusion matrix (rows: actual, columns: predicted):[I 2026-10-09 01:04:09,918] Trial 6 finished with value: 0.22901639500011647 and parameters: {'hidden_size': 20, 'num_layers': 3, 'dropout': 0.1, 'learning_rate': 0.0001705053926026929, 'batch_size': 8}. Best is trial 5 with value: 0.266237976687271.
[I 2026-10-09 01:05:53,683] Trial 7 finished with value: 0.25965269803606067 and parameters: {'hidden_size': 40, 'num_layers': 1, 'dropout': 0.1, 'learning_rate': 0.0026698666742744613, 'batch_size': 32}. Best is trial 5 with value: 0.266237976687271.

[[  45  287]
 [ 108 2418]]
Epoch 1/50 | train loss: 0.552 | validation loss: 0.6173 | validation accuracy: 0.8842 | validation AP: 0.1645
Epoch 2/50 | train loss: 0.5277 | validation loss: 0.6176 | validation accuracy: 0.8702 | validation AP: 0.1631
Epoch 3/50 | train loss: 0.5238 | validation loss: 0.6096 | validation accuracy: 0.8572 | validation AP: 0.1579
Epoch 4/50 | train loss: 0.511 | validation loss: 0.6192 | validation accuracy: 0.8625 | validation AP: 0.1696
Epoch 5/50 | train loss: 0.5106 | validation loss: 0.6011 | validation accuracy: 0.839 | validation AP: 0.172
Epoch 6/50 | train loss: 0.5133 | validation loss: 0.5949 | validation accuracy: 0.8551 | validation AP: 0.1857
Epoch 7/50 | train loss: 0.5073 | validation loss: 0.6021 | validation accuracy: 0.8611 | validation AP: 0.1899
Epoch 8/50 | train loss: 0.5023 | validation loss: 0.5877 | validation accuracy: 0.8579 | validation AP: 0.1918
Epoch 9/50 | train loss: 0.4992 | validation loss: 0.5847 | validation accuracy: 0.8513 | validation AP: 0.1975
Epoch 10/50 | train loss: 0.4881 | validation loss: 0.6098 | validation accuracy: 0.8579 | validation AP: 0.1941
Epoch 11/50 | train loss: 0.4826 | validation loss: 0.6176 | validation accuracy: 0.8719 | validation AP: 0.2055
Epoch 12/50 | train loss: 0.487 | validation loss: 0.5935 | validation accuracy: 0.8509 | validation AP: 0.201
Epoch 13/50 | train loss: 0.4836 | validation loss: 0.6219 | validation accuracy: 0.8555 | validation AP: 0.1957
Epoch 14/50 | train loss: 0.4754 | validation loss: 0.6026 | validation accuracy: 0.8383 | validation AP: 0.1971
Epoch 15/50 | train loss: 0.4848 | validation loss: 0.6309 | validation accuracy: 0.8446 | validation AP: 0.1811
Stopping at epoch 15: validation AP has not improved for 4 epochs.
Best epoch: 11 | validation AP: 0.2055 | epochs run: 15

Validation classification report:
              precision    recall  f1-score   support

  disengaged     0.2976    0.0753    0.1202       332
     engaged     0.8893    0.9766    0.9309      2526

    accuracy                         0.8719      2858
   macro avg     0.5935    0.5260    0.5256      2858
weighted avg     0.8206    0.8719    0.8368      2858

Confusion matrix (rows: actual, columns: predicted):
[[  25  307]
 [  59 2467]]
Epoch 1/50 | train loss: 0.6629 | validation loss: 0.6645 | validation accuracy: 0.7677 | validation AP: 0.2313
Epoch 2/50 | train loss: 0.6394 | validation loss: 0.6805 | validation accuracy: 0.7026 | validation AP: 0.176
Epoch 3/50 | train loss: 0.63 | validation loss: 0.7006 | validation accuracy: 0.7484 | validation AP: 0.1884
Epoch 4/50 | train loss: 0.6128 | validation loss: 0.6899 | validation accuracy: 0.7554 | validation AP: 0.1999
Epoch 5/50 | train loss: 0.5916 | validation loss: 0.7192 | validation accuracy: 0.7831 | validation AP: 0.2536
Epoch 6/50 | train loss: 0.5747 | validation loss: 0.6481 | validation accuracy: 0.6816 | validation AP: 0.2016
Epoch 7/50 | train loss: 0.5725 | validation loss: 0.7299 | validation accuracy: 0.7687 | validation AP: 0.1749
Epoch 8/50 | train loss: 0.5588 | validation loss: 0.7186 | validation accuracy: 0.7257 | validation AP: 0.1861
Epoch 9/50 | train loss: 0.5409 | validation loss: 0.6936 | validation accuracy: 0.6669 | validation AP: 0.1907
Stopping at epoch 9: validation AP has not improved for 4 epochs.
Best epoch: 5 | validation AP: 0.2536 | epochs run: 9

Validation classification report:
              precision    recall  f1-score   support

  disengaged     0.2353    0.3855    0.2922       332
     engaged     0.9118    0.8353    0.8719      2526

    accuracy                         0.7831      2858
   macro avg     0.5736    0.6104    0.5821      2858
weighted avg     0.8332    0.7831    0.8046      2858

Confusion matrix (rows: actual, columns: predicted):
[[ 128  204]
 [ 416 2110]]
Epoch 1/50 | train loss: 0.6566 | validation loss: 0.6979 | validation accuracy: 0.7712 | validation AP: 0.214
Epoch 2/50 | train loss: 0.6385 | validation loss: 0.6906 | validation accuracy: 0.8125 | validation AP: 0.2116
Epoch 3/50 | train loss: 0.6108 | validation loss: 0.6663 | validation accuracy: 0.7603 | validation AP: 0.2444
Epoch 4/50 | train loss: 0.599 | validation loss: 0.6584 | validation accuracy: 0.6183 | validation AP: 0.209
Epoch 5/50 | train loss: 0.5894 | validation loss: 0.6897 | validation accuracy: 0.7197 | validation AP: 0.1765
Epoch 6/50 | train loss: 0.5729 | validation loss: 0.6962 | validation accuracy: 0.7414 | validation AP: 0.2014
Epoch 7/50 | train loss: 0.5658 | validation loss: 0.6813 | validation accuracy: 0.7218 | validation AP: 0.2059
Stopping at epoch 7: validation AP has not improved for 4 epochs.
Best epoch: 3 | validation AP: 0.2444 | epochs run: 7

Validation classification report:
              precision    recall  f1-score   support

  disengaged     0.2167    0.4066    0.2827       332
     engaged     0.9119    0.8068    0.8561      2526

    accuracy                         0.7603      2858
   macro avg     0.5643    0.6067    0.5694      2858
weighted avg     0.8311    0.7603    0.7895      2858

Confusion matrix (rows: actual, columns: predicted):
[[ 135  197]
 [ 488 2038]]
Epoch 1/50 | train loss: 0.6647 | validation loss: 0.7103 | validation accuracy: 0.7992 | validation AP: 0.1929
Epoch 2/50 | train loss: 0.6441 | validation loss: 0.6969 | validation accuracy: 0.7582 | validation AP: 0.1903
Epoch 3/50 | train loss: 0.6288 | validation loss: 0.6862 | validation accuracy: 0.6851 | validation AP: 0.1651
Epoch 4/50 | train loss: 0.6054 | validation loss: 0.6687 | validation accuracy: 0.7148 | validation AP: 0.2001
Epoch 5/50 | train loss: 0.592 | validation loss: 0.6924 | validation accuracy: 0.7404 | validation AP: 0.1856
Epoch 6/50 | train loss: 0.5736 | validation loss: 0.7289 | validation accuracy: 0.7698 | validation AP: 0.2118
Epoch 7/50 | train loss: 0.5685 | validation loss: 0.7391 | validation accuracy: 0.7638 | validation AP: 0.1904
Epoch 8/50 | train loss: 0.5428 | validation loss: 0.6992 | validation accuracy: 0.6991 | validation AP: 0.2055
Epoch 9/50 | train loss: 0.5339 | validation loss: 0.7354 | validation accuracy: 0.7131 | validation AP: 0.1817
Epoch 10/50 | train loss: 0.5171 | validation loss: 0.8032 | validation accuracy: 0.7596 | validation AP: 0.2056
Stopping at epoch 10: validation AP has not improved for 4 epochs.
Best epoch: 6 | validation AP: 0.2118 | epochs run: 10

Validation classification report:
              precision    recall  f1-score   support

  disengaged     0.2110    0.3584    0.2656       332
     engaged     0.9071    0.8238    0.8635      2526

    accuracy                         0.7698      2858
   macro avg     0.5591    0.5911    0.5646      2858
weighted avg     0.8263    0.7698    0.7940      2858

Confusion matrix (rows: actual, columns: predicted):
[[ 119  213]
 [ 445 2081]]
Epoch 1/50 | train loss: 0.5451 | validation loss: 0.5856 | validation accuracy: 0.88 | validation AP: 0.2155
Epoch 2/50 | train loss: 0.5243 | validation loss: 0.629 | validation accuracy: 0.8418 | validation AP: 0.1771
Epoch 3/50 | train loss: 0.5055 | validation loss: 0.6483 | validation accuracy: 0.8383 | validation AP: 0.1798
Epoch 4/50 | train loss: 0.5091 | validation loss: 0.5722 | validation accuracy: 0.846 | validation AP: 0.2261
Epoch 5/50 | train loss: 0.4928 | validation loss: 0.5855 | validation accuracy: 0.8425 | validation AP: 0.2518
Epoch 6/50 | train loss: 0.4836 | validation loss: 0.5618 | validation accuracy: 0.8436 | validation AP: 0.2396
Epoch 7/50 | train loss: 0.4717 | validation loss: 0.603 | validation accuracy: 0.8044 | validation AP: 0.1764
Epoch 8/50 | train loss: 0.4624 | validation loss: 0.6437 | validation accuracy: 0.8474 | validation AP: 0.1811
Epoch 9/50 | train loss: 0.4666 | validation loss: 0.6188 | validation accuracy: 0.8541 | validation AP: 0.2054
Stopping at epoch 9: validation AP has not improved for 4 epochs.
Best epoch: 5 | validation AP: 0.2518 | epochs run: 9

Validation classification report:
              precision    recall  f1-score   support

  disengaged     0.2966    0.2590    0.2765       332
     engaged     0.9042    0.9192    0.9117      2526

    accuracy                         0.8425      2858
   macro avg     0.6004    0.5891    0.5941      2858
weighted avg     0.8336    0.8425    0.8379      2858
[I 2026-10-09 01:10:58,269] Trial 8 finished with value: 0.28983407721412857 and parameters: {'hidden_size': 66, 'num_layers': 2, 'dropout': 0.25, 'learning_rate': 0.0010402587615883842, 'batch_size': 8}. Best is trial 8 with value: 0.28983407721412857.
[I 2026-10-09 01:12:09,543] Trial 9 finished with value: 0.2659097265730493 and parameters: {'hidden_size': 33, 'num_layers': 1, 'dropout': 0.1, 'learning_rate': 0.005532496914298506, 'batch_size': 32}. Best is trial 8 with value: 0.28983407721412857.

Confusion matrix (rows: actual, columns: predicted):
[[  86  246]
 [ 204 2322]]
Epoch 1/50 | train loss: 0.5429 | validation loss: 0.6135 | validation accuracy: 0.853 | validation AP: 0.2226
Epoch 2/50 | train loss: 0.5271 | validation loss: 0.6105 | validation accuracy: 0.8628 | validation AP: 0.1825
Epoch 3/50 | train loss: 0.5098 | validation loss: 0.5833 | validation accuracy: 0.8817 | validation AP: 0.2657
Epoch 4/50 | train loss: 0.5012 | validation loss: 0.5853 | validation accuracy: 0.8132 | validation AP: 0.2048
Epoch 5/50 | train loss: 0.4888 | validation loss: 0.6035 | validation accuracy: 0.8418 | validation AP: 0.1962
Epoch 6/50 | train loss: 0.4787 | validation loss: 0.6825 | validation accuracy: 0.8579 | validation AP: 0.1874
Epoch 7/50 | train loss: 0.4791 | validation loss: 0.6224 | validation accuracy: 0.874 | validation AP: 0.2155
Stopping at epoch 7: validation AP has not improved for 4 epochs.
Best epoch: 3 | validation AP: 0.2657 | epochs run: 7

Validation classification report:
              precision    recall  f1-score   support

  disengaged     0.4559    0.0934    0.1550       332
     engaged     0.8921    0.9854    0.9364      2526

    accuracy                         0.8817      2858
   macro avg     0.6740    0.5394    0.5457      2858
weighted avg     0.8414    0.8817    0.8456      2858

Confusion matrix (rows: actual, columns: predicted):
[[  31  301]
 [  37 2489]]
Epoch 1/50 | train loss: 0.5348 | validation loss: 0.6482 | validation accuracy: 0.866 | validation AP: 0.1549
Epoch 2/50 | train loss: 0.5255 | validation loss: 0.6413 | validation accuracy: 0.8478 | validation AP: 0.1632
Epoch 3/50 | train loss: 0.5197 | validation loss: 0.6135 | validation accuracy: 0.8261 | validation AP: 0.1559
Epoch 4/50 | train loss: 0.5005 | validation loss: 0.629 | validation accuracy: 0.8544 | validation AP: 0.1711
Epoch 5/50 | train loss: 0.4938 | validation loss: 0.5947 | validation accuracy: 0.8558 | validation AP: 0.2
Epoch 6/50 | train loss: 0.4959 | validation loss: 0.5964 | validation accuracy: 0.8418 | validation AP: 0.2151
Epoch 7/50 | train loss: 0.4813 | validation loss: 0.6078 | validation accuracy: 0.8282 | validation AP: 0.1903
Epoch 8/50 | train loss: 0.466 | validation loss: 0.5522 | validation accuracy: 0.8436 | validation AP: 0.2586
Epoch 9/50 | train loss: 0.465 | validation loss: 0.5948 | validation accuracy: 0.8443 | validation AP: 0.2072
Epoch 10/50 | train loss: 0.4506 | validation loss: 0.7496 | validation accuracy: 0.7502 | validation AP: 0.1685
Epoch 11/50 | train loss: 0.4441 | validation loss: 0.65 | validation accuracy: 0.8639 | validation AP: 0.2228
Epoch 12/50 | train loss: 0.4522 | validation loss: 0.5992 | validation accuracy: 0.8383 | validation AP: 0.2114
Stopping at epoch 12: validation AP has not improved for 4 epochs.
Best epoch: 8 | validation AP: 0.2586 | epochs run: 12

Validation classification report:
              precision    recall  f1-score   support

  disengaged     0.2954    0.2500    0.2708       332
     engaged     0.9034    0.9216    0.9124      2526

    accuracy                         0.8436      2858
   macro avg     0.5994    0.5858    0.5916      2858
weighted avg     0.8327    0.8436    0.8379      2858

Confusion matrix (rows: actual, columns: predicted):
[[  83  249]
 [ 198 2328]]
Epoch 1/50 | train loss: 0.6643 | validation loss: 0.6627 | validation accuracy: 0.7341 | validation AP: 0.2244
Epoch 2/50 | train loss: 0.6387 | validation loss: 0.6843 | validation accuracy: 0.6963 | validation AP: 0.1715
Epoch 3/50 | train loss: 0.6211 | validation loss: 0.6891 | validation accuracy: 0.7047 | validation AP: 0.2036
Epoch 4/50 | train loss: 0.61 | validation loss: 0.6777 | validation accuracy: 0.7393 | validation AP: 0.2317
Epoch 5/50 | train loss: 0.5811 | validation loss: 0.7754 | validation accuracy: 0.7873 | validation AP: 0.2494
Epoch 6/50 | train loss: 0.5711 | validation loss: 0.6785 | validation accuracy: 0.7225 | validation AP: 0.2102
Epoch 7/50 | train loss: 0.5694 | validation loss: 0.7517 | validation accuracy: 0.7096 | validation AP: 0.1644
Epoch 8/50 | train loss: 0.5545 | validation loss: 0.7505 | validation accuracy: 0.7316 | validation AP: 0.1884
Epoch 9/50 | train loss: 0.5375 | validation loss: 0.6929 | validation accuracy: 0.661 | validation AP: 0.2079
Stopping at epoch 9: validation AP has not improved for 4 epochs.
Best epoch: 5 | validation AP: 0.2494 | epochs run: 9

Validation classification report:
              precision    recall  f1-score   support

  disengaged     0.2536    0.4277    0.3184       332
     engaged     0.9173    0.8345    0.8740      2526

    accuracy                         0.7873      2858
   macro avg     0.5854    0.6311    0.5962      2858
weighted avg     0.8402    0.7873    0.8094      2858

Confusion matrix (rows: actual, columns: predicted):
[[ 142  190]
 [ 418 2108]]
Epoch 1/50 | train loss: 0.6582 | validation loss: 0.7223 | validation accuracy: 0.7852 | validation AP: 0.2014
Epoch 2/50 | train loss: 0.6352 | validation loss: 0.7101 | validation accuracy: 0.7908 | validation AP: 0.1844
Epoch 3/50 | train loss: 0.6045 | validation loss: 0.6673 | validation accuracy: 0.7652 | validation AP: 0.2457
Epoch 4/50 | train loss: 0.5866 | validation loss: 0.6555 | validation accuracy: 0.5798 | validation AP: 0.2216
Epoch 5/50 | train loss: 0.5778 | validation loss: 0.6996 | validation accuracy: 0.7082 | validation AP: 0.1759
Epoch 6/50 | train loss: 0.5711 | validation loss: 0.7144 | validation accuracy: 0.761 | validation AP: 0.2115
Epoch 7/50 | train loss: 0.5597 | validation loss: 0.6869 | validation accuracy: 0.7134 | validation AP: 0.1992
Stopping at epoch 7: validation AP has not improved for 4 epochs.
Best epoch: 3 | validation AP: 0.2457 | epochs run: 7

Validation classification report:
              precision    recall  f1-score   support

  disengaged     0.2253    0.4187    0.2929       332
     engaged     0.9139    0.8108    0.8592      2526

    accuracy                         0.7652      2858
   macro avg     0.5696    0.6147    0.5761      2858
weighted avg     0.8339    0.7652    0.7935      2858

Confusion matrix (rows: actual, columns: predicted):
[[ 139  193]
 [ 478 2048]]
Epoch 1/50 | train loss: 0.6709 | validation loss: 0.7014 | validation accuracy: 0.7939 | validation AP: 0.1917
Epoch 2/50 | train loss: 0.6463 | validation loss: 0.6916 | validation accuracy: 0.718 | validation AP: 0.1876
Epoch 3/50 | train loss: 0.6141 | validation loss: 0.6708 | validation accuracy: 0.7047 | validation AP: 0.2027
Epoch 4/50 | train loss: 0.5967 | validation loss: 0.6649 | validation accuracy: 0.7379 | validation AP: 0.2039
Epoch 5/50 | train loss: 0.5854 | validation loss: 0.6505 | validation accuracy: 0.725 | validation AP: 0.2092
Epoch 6/50 | train loss: 0.5688 | validation loss: 0.697 | validation accuracy: 0.7631 | validation AP: 0.2273
Epoch 7/50 | train loss: 0.5685 | validation loss: 0.7515 | validation accuracy: 0.7876 | validation AP: 0.1873
Epoch 8/50 | train loss: 0.5441 | validation loss: 0.6541 | validation accuracy: 0.6652 | validation AP: 0.2235
Epoch 9/50 | train loss: 0.5412 | validation loss: 0.7172 | validation accuracy: 0.7183 | validation AP: 0.1752
Epoch 10/50 | train loss: 0.5206 | validation loss: 0.7629 | validation accuracy: 0.7579 | validation AP: 0.2212
Stopping at epoch 10: validation AP has not improved for 4 epochs.
Best epoch: 6 | validation AP: 0.2273 | epochs run: 10

Validation classification report:
              precision    recall  f1-score   support

  disengaged     0.2158    0.3946    0.2790       332
     engaged     0.9107    0.8116    0.8583      2526

    accuracy                         0.7631      2858
   macro avg     0.5633    0.6031    0.5686      2858
weighted avg     0.8300    0.7631    0.7910      2858

Confusion matrix (rows: actual, columns: predicted):
[[ 131  201]
 [ 476 2050]]
Epoch 1/50 | train loss: 0.5496 | validation loss: 0.5959 | validation accuracy: 0.8814 | validation AP: 0.1881
Epoch 2/50 | train loss: 0.5265 | validation loss: 0.6194 | validation accuracy: 0.8422 | validation AP: 0.1779
Epoch 3/50 | train loss: 0.5126 | validation loss: 0.6287 | validation accuracy: 0.8695 | validation AP: 0.1901[I 2026-10-09 01:18:57,407] Trial 10 finished with value: 0.24675736847901078 and parameters: {'hidden_size': 20, 'num_layers': 3, 'dropout': 0.25, 'learning_rate': 0.0011108639120394781, 'batch_size': 8}. Best is trial 8 with value: 0.28983407721412857.

Epoch 4/50 | train loss: 0.5135 | validation loss: 0.5864 | validation accuracy: 0.8583 | validation AP: 0.2267
Epoch 5/50 | train loss: 0.4928 | validation loss: 0.5821 | validation accuracy: 0.8471 | validation AP: 0.2591
Epoch 6/50 | train loss: 0.4869 | validation loss: 0.5758 | validation accuracy: 0.8436 | validation AP: 0.2144
Epoch 7/50 | train loss: 0.4773 | validation loss: 0.6191 | validation accuracy: 0.8558 | validation AP: 0.1783
Epoch 8/50 | train loss: 0.4683 | validation loss: 0.6256 | validation accuracy: 0.8593 | validation AP: 0.1919
Epoch 9/50 | train loss: 0.4651 | validation loss: 0.6037 | validation accuracy: 0.817 | validation AP: 0.2005
Stopping at epoch 9: validation AP has not improved for 4 epochs.
Best epoch: 5 | validation AP: 0.2591 | epochs run: 9

Validation classification report:
              precision    recall  f1-score   support

  disengaged     0.2989    0.2349    0.2631       332
     engaged     0.9022    0.9276    0.9147      2526

    accuracy                         0.8471      2858
   macro avg     0.6005    0.5812    0.5889      2858
weighted avg     0.8321    0.8471    0.8390      2858

Confusion matrix (rows: actual, columns: predicted):
[[  78  254]
 [ 183 2343]]
Epoch 1/50 | train loss: 0.5439 | validation loss: 0.6111 | validation accuracy: 0.8418 | validation AP: 0.1988
Epoch 2/50 | train loss: 0.5289 | validation loss: 0.6189 | validation accuracy: 0.8604 | validation AP: 0.1829
Epoch 3/50 | train loss: 0.5128 | validation loss: 0.587 | validation accuracy: 0.8698 | validation AP: 0.2121
Epoch 4/50 | train loss: 0.5039 | validation loss: 0.5744 | validation accuracy: 0.8177 | validation AP: 0.2045
Epoch 5/50 | train loss: 0.4969 | validation loss: 0.5972 | validation accuracy: 0.7999 | validation AP: 0.1866
Epoch 6/50 | train loss: 0.4809 | validation loss: 0.6419 | validation accuracy: 0.8611 | validation AP: 0.2136
Epoch 7/50 | train loss: 0.4743 | validation loss: 0.6161 | validation accuracy: 0.8656 | validation AP: 0.2157
Epoch 8/50 | train loss: 0.4712 | validation loss: 0.6128 | validation accuracy: 0.8646 | validation AP: 0.2304
Epoch 9/50 | train loss: 0.4726 | validation loss: 0.6523 | validation accuracy: 0.8369 | validation AP: 0.1884
Epoch 10/50 | train loss: 0.4524 | validation loss: 0.5893 | validation accuracy: 0.8174 | validation AP: 0.2186
Epoch 11/50 | train loss: 0.4653 | validation loss: 0.6066 | validation accuracy: 0.8593 | validation AP: 0.221
Epoch 12/50 | train loss: 0.4617 | validation loss: 0.6366 | validation accuracy: 0.8348 | validation AP: 0.1954
Stopping at epoch 12: validation AP has not improved for 4 epochs.
Best epoch: 8 | validation AP: 0.2304 | epochs run: 12

Validation classification report:
              precision    recall  f1-score   support

  disengaged     0.3203    0.1476    0.2021       332
     engaged     0.8954    0.9588    0.9260      2526

    accuracy                         0.8646      2858
   macro avg     0.6078    0.5532    0.5640      2858
weighted avg     0.8286    0.8646    0.8419      2858

Confusion matrix (rows: actual, columns: predicted):
[[  49  283]
 [ 104 2422]]
Epoch 1/50 | train loss: 0.5381 | validation loss: 0.6502 | validation accuracy: 0.8635 | validation AP: 0.1619
Epoch 2/50 | train loss: 0.5255 | validation loss: 0.6349 | validation accuracy: 0.874 | validation AP: 0.1796
Epoch 3/50 | train loss: 0.519 | validation loss: 0.6065 | validation accuracy: 0.846 | validation AP: 0.1673
Epoch 4/50 | train loss: 0.5021 | validation loss: 0.63 | validation accuracy: 0.8485 | validation AP: 0.1745
Epoch 5/50 | train loss: 0.495 | validation loss: 0.5966 | validation accuracy: 0.8523 | validation AP: 0.1938
Epoch 6/50 | train loss: 0.4971 | validation loss: 0.6212 | validation accuracy: 0.8397 | validation AP: 0.1874
Epoch 7/50 | train loss: 0.4867 | validation loss: 0.6418 | validation accuracy: 0.8551 | validation AP: 0.1861
Epoch 8/50 | train loss: 0.4759 | validation loss: 0.5942 | validation accuracy: 0.8649 | validation AP: 0.2014
Epoch 9/50 | train loss: 0.4679 | validation loss: 0.616 | validation accuracy: 0.8279 | validation AP: 0.195
Epoch 10/50 | train loss: 0.4584 | validation loss: 0.6848 | validation accuracy: 0.8251 | validation AP: 0.1748
Epoch 11/50 | train loss: 0.449 | validation loss: 0.6917 | validation accuracy: 0.8695 | validation AP: 0.202
Epoch 12/50 | train loss: 0.453 | validation loss: 0.6345 | validation accuracy: 0.8418 | validation AP: 0.192
Epoch 13/50 | train loss: 0.4523 | validation loss: 0.7014 | validation accuracy: 0.8628 | validation AP: 0.1859
Epoch 14/50 | train loss: 0.4394 | validation loss: 0.6603 | validation accuracy: 0.8279 | validation AP: 0.1886
Epoch 15/50 | train loss: 0.4447 | validation loss: 0.699 | validation accuracy: 0.8583 | validation AP: 0.1845
Stopping at epoch 15: validation AP has not improved for 4 epochs.
Best epoch: 11 | validation AP: 0.202 | epochs run: 15

Validation classification report:
              precision    recall  f1-score   support

  disengaged     0.3119    0.1024    0.1542       332
     engaged     0.8916    0.9703    0.9293      2526

    accuracy                         0.8695      2858
   macro avg     0.6018    0.5364    0.5417      2858
weighted avg     0.8243    0.8695    0.8393      2858

Confusion matrix (rows: actual, columns: predicted):
[[  34  298]
 [  75 2451]]
Epoch 1/50 | train loss: 0.6292 | validation loss: 0.6426 | validation accuracy: 0.8341 | validation AP: 0.2397
Epoch 2/50 | train loss: 0.6079 | validation loss: 0.6686 | validation accuracy: 0.7789 | validation AP: 0.1685
Epoch 3/50 | train loss: 0.5995 | validation loss: 0.6829 | validation accuracy: 0.8016 | validation AP: 0.1735
Epoch 4/50 | train loss: 0.5949 | validation loss: 0.6501 | validation accuracy: 0.7323 | validation AP: 0.1774
Epoch 5/50 | train loss: 0.5733 | validation loss: 0.6573 | validation accuracy: 0.8023 | validation AP: 0.2559
Epoch 6/50 | train loss: 0.5574 | validation loss: 0.6318 | validation accuracy: 0.802 | validation AP: 0.2154
Epoch 7/50 | train loss: 0.5486 | validation loss: 0.6692 | validation accuracy: 0.7918 | validation AP: 0.1985
Epoch 8/50 | train loss: 0.5379 | validation loss: 0.7052 | validation accuracy: 0.8153 | validation AP: 0.1863
Epoch 9/50 | train loss: 0.5315 | validation loss: 0.6639 | validation accuracy: 0.7799 | validation AP: 0.1953
Stopping at epoch 9: validation AP has not improved for 4 epochs.
Best epoch: 5 | validation AP: 0.2559 | epochs run: 9

Validation classification report:
              precision    recall  f1-score   support

  disengaged     0.2537    0.3614    0.2981       332
     engaged     0.9111    0.8603    0.8850      2526

    accuracy                         0.8023      2858
   macro avg     0.5824    0.6108    0.5915      2858
weighted avg     0.8347    0.8023    0.8168      2858

Confusion matrix (rows: actual, columns: predicted):
[[ 120  212]
 [ 353 2173]]
Epoch 1/50 | train loss: 0.6228 | validation loss: 0.6899 | validation accuracy: 0.8174 | validation AP: 0.1941
Epoch 2/50 | train loss: 0.6058 | validation loss: 0.6976 | validation accuracy: 0.8537 | validation AP: 0.1758
Epoch 3/50 | train loss: 0.5843 | validation loss: 0.6399 | validation accuracy: 0.8632 | validation AP: 0.2584
Epoch 4/50 | train loss: 0.5738 | validation loss: 0.6289 | validation accuracy: 0.7246 | validation AP: 0.2001
Epoch 5/50 | train loss: 0.5605 | validation loss: 0.6494 | validation accuracy: 0.7638 | validation AP: 0.2036
Epoch 6/50 | train loss: 0.5454 | validation loss: 0.7012 | validation accuracy: 0.8219 | validation AP: 0.2252
Epoch 7/50 | train loss: 0.5445 | validation loss: 0.6769 | validation accuracy: 0.8471 | validation AP: 0.2276
Stopping at epoch 7: validation AP has not improved for 4 epochs.
Best epoch: 3 | validation AP: 0.2584 | epochs run: 7

Validation classification report:
              precision    recall  f1-score   support

  disengaged     0.3275    0.1687    0.2227       332
     engaged     0.8973    0.9545    0.9250      2526

    accuracy                         0.8632      2858
   macro avg     0.6124    0.5616    0.5738      2858
weighted avg     0.8311    0.8632    0.8434      2858
[I 2026-10-09 01:20:58,306] Trial 11 finished with value: 0.26124542701520537 and parameters: {'hidden_size': 65, 'num_layers': 2, 'dropout': 0.05, 'learning_rate': 0.0019279168895296708, 'batch_size': 16}. Best is trial 8 with value: 0.28983407721412857.
[I 2026-10-09 01:25:55,845] Trial 12 finished with value: 0.25643061941909767 and parameters: {'hidden_size': 56, 'num_layers': 2, 'dropout': 0.25, 'learning_rate': 0.002913683151672404, 'batch_size': 8}. Best is trial 8 with value: 0.28983407721412857.

Confusion matrix (rows: actual, columns: predicted):
[[  56  276]
 [ 115 2411]]
Epoch 1/50 | train loss: 0.6238 | validation loss: 0.7266 | validation accuracy: 0.8583 | validation AP: 0.1574
Epoch 2/50 | train loss: 0.6189 | validation loss: 0.6831 | validation accuracy: 0.8314 | validation AP: 0.1625
Epoch 3/50 | train loss: 0.6083 | validation loss: 0.6556 | validation accuracy: 0.7512 | validation AP: 0.173
Epoch 4/50 | train loss: 0.5744 | validation loss: 0.6709 | validation accuracy: 0.7953 | validation AP: 0.1814
Epoch 5/50 | train loss: 0.568 | validation loss: 0.6496 | validation accuracy: 0.7932 | validation AP: 0.1965
Epoch 6/50 | train loss: 0.559 | validation loss: 0.6526 | validation accuracy: 0.7939 | validation AP: 0.2078
Epoch 7/50 | train loss: 0.5465 | validation loss: 0.7046 | validation accuracy: 0.775 | validation AP: 0.1843
Epoch 8/50 | train loss: 0.5414 | validation loss: 0.641 | validation accuracy: 0.7761 | validation AP: 0.2073
Epoch 9/50 | train loss: 0.5293 | validation loss: 0.6682 | validation accuracy: 0.7789 | validation AP: 0.2005
Epoch 10/50 | train loss: 0.5071 | validation loss: 0.7302 | validation accuracy: 0.7614 | validation AP: 0.1774
Stopping at epoch 10: validation AP has not improved for 4 epochs.
Best epoch: 6 | validation AP: 0.2078 | epochs run: 10

Validation classification report:
              precision    recall  f1-score   support

  disengaged     0.2283    0.3253    0.2683       332
     engaged     0.9061    0.8555    0.8801      2526

    accuracy                         0.7939      2858
   macro avg     0.5672    0.5904    0.5742      2858
weighted avg     0.8273    0.7939    0.8090      2858

Confusion matrix (rows: actual, columns: predicted):
[[ 108  224]
 [ 365 2161]]
Epoch 1/50 | train loss: 0.5537 | validation loss: 0.6087 | validation accuracy: 0.8607 | validation AP: 0.1743
Epoch 2/50 | train loss: 0.5325 | validation loss: 0.6724 | validation accuracy: 0.8104 | validation AP: 0.1657
Epoch 3/50 | train loss: 0.5153 | validation loss: 0.6655 | validation accuracy: 0.8142 | validation AP: 0.1798
Epoch 4/50 | train loss: 0.5177 | validation loss: 0.59 | validation accuracy: 0.7922 | validation AP: 0.2028
Epoch 5/50 | train loss: 0.5074 | validation loss: 0.621 | validation accuracy: 0.7859 | validation AP: 0.2365
Epoch 6/50 | train loss: 0.493 | validation loss: 0.5737 | validation accuracy: 0.8093 | validation AP: 0.2227
Epoch 7/50 | train loss: 0.4851 | validation loss: 0.6666 | validation accuracy: 0.74 | validation AP: 0.1268
Epoch 8/50 | train loss: 0.475 | validation loss: 0.6661 | validation accuracy: 0.8695 | validation AP: 0.1799
Epoch 9/50 | train loss: 0.4868 | validation loss: 0.6279 | validation accuracy: 0.8321 | validation AP: 0.181
Stopping at epoch 9: validation AP has not improved for 4 epochs.
Best epoch: 5 | validation AP: 0.2365 | epochs run: 9

Validation classification report:
              precision    recall  f1-score   support

  disengaged     0.2318    0.3645    0.2834       332
     engaged     0.9097    0.8413    0.8741      2526

    accuracy                         0.7859      2858
   macro avg     0.5707    0.6029    0.5787      2858
weighted avg     0.8309    0.7859    0.8055      2858

Confusion matrix (rows: actual, columns: predicted):
[[ 121  211]
 [ 401 2125]]
Epoch 1/50 | train loss: 0.5526 | validation loss: 0.6175 | validation accuracy: 0.839 | validation AP: 0.1952
Epoch 2/50 | train loss: 0.5351 | validation loss: 0.634 | validation accuracy: 0.8677 | validation AP: 0.1787
Epoch 3/50 | train loss: 0.5259 | validation loss: 0.5743 | validation accuracy: 0.8772 | validation AP: 0.2713
Epoch 4/50 | train loss: 0.511 | validation loss: 0.5951 | validation accuracy: 0.831 | validation AP: 0.1805
Epoch 5/50 | train loss: 0.5022 | validation loss: 0.6039 | validation accuracy: 0.8167 | validation AP: 0.2142
Epoch 6/50 | train loss: 0.4868 | validation loss: 0.6646 | validation accuracy: 0.8635 | validation AP: 0.2028
Epoch 7/50 | train loss: 0.4885 | validation loss: 0.6172 | validation accuracy: 0.8789 | validation AP: 0.2407
Stopping at epoch 7: validation AP has not improved for 4 epochs.
Best epoch: 3 | validation AP: 0.2713 | epochs run: 7

Validation classification report:
              precision    recall  f1-score   support

  disengaged     0.3956    0.1084    0.1702       332
     engaged     0.8930    0.9782    0.9337      2526

    accuracy                         0.8772      2858
   macro avg     0.6443    0.5433    0.5519      2858
weighted avg     0.8352    0.8772    0.8450      2858

Confusion matrix (rows: actual, columns: predicted):
[[  36  296]
 [  55 2471]]
Epoch 1/50 | train loss: 0.5411 | validation loss: 0.6836 | validation accuracy: 0.8583 | validation AP: 0.145
Epoch 2/50 | train loss: 0.5328 | validation loss: 0.6818 | validation accuracy: 0.7904 | validation AP: 0.1581
Epoch 3/50 | train loss: 0.5226 | validation loss: 0.599 | validation accuracy: 0.8586 | validation AP: 0.1844
Epoch 4/50 | train loss: 0.505 | validation loss: 0.6468 | validation accuracy: 0.8401 | validation AP: 0.1721
Epoch 5/50 | train loss: 0.4974 | validation loss: 0.6019 | validation accuracy: 0.8607 | validation AP: 0.1971
Epoch 6/50 | train loss: 0.4953 | validation loss: 0.5942 | validation accuracy: 0.8401 | validation AP: 0.2028
Epoch 7/50 | train loss: 0.49 | validation loss: 0.6218 | validation accuracy: 0.8625 | validation AP: 0.2026
Epoch 8/50 | train loss: 0.4727 | validation loss: 0.6017 | validation accuracy: 0.8125 | validation AP: 0.1977
Epoch 9/50 | train loss: 0.4725 | validation loss: 0.6234 | validation accuracy: 0.8527 | validation AP: 0.1842
Epoch 10/50 | train loss: 0.4654 | validation loss: 0.6773 | validation accuracy: 0.7817 | validation AP: 0.1623
Stopping at epoch 10: validation AP has not improved for 4 epochs.
Best epoch: 6 | validation AP: 0.2028 | epochs run: 10

Validation classification report:
              precision    recall  f1-score   support

  disengaged     0.2340    0.1657    0.1940       332
     engaged     0.8944    0.9287    0.9112      2526

    accuracy                         0.8401      2858
   macro avg     0.5642    0.5472    0.5526      2858
weighted avg     0.8177    0.8401    0.8279      2858

Confusion matrix (rows: actual, columns: predicted):
[[  55  277]
 [ 180 2346]]
Epoch 1/50 | train loss: 0.5503 | validation loss: 0.5914 | validation accuracy: 0.8726 | validation AP: 0.1977
Epoch 2/50 | train loss: 0.523 | validation loss: 0.6614 | validation accuracy: 0.8125 | validation AP: 0.158
Epoch 3/50 | train loss: 0.5128 | validation loss: 0.6696 | validation accuracy: 0.8499 | validation AP: 0.178
Epoch 4/50 | train loss: 0.526 | validation loss: 0.5754 | validation accuracy: 0.8509 | validation AP: 0.2169
Epoch 5/50 | train loss: 0.4977 | validation loss: 0.573 | validation accuracy: 0.8341 | validation AP: 0.2589
Epoch 6/50 | train loss: 0.4927 | validation loss: 0.5698 | validation accuracy: 0.846 | validation AP: 0.2352
Epoch 7/50 | train loss: 0.4853 | validation loss: 0.6183 | validation accuracy: 0.7887 | validation AP: 0.1722
Epoch 8/50 | train loss: 0.4754 | validation loss: 0.6483 | validation accuracy: 0.866 | validation AP: 0.1878
Epoch 9/50 | train loss: 0.4822 | validation loss: 0.6204 | validation accuracy: 0.8415 | validation AP: 0.1905
Stopping at epoch 9: validation AP has not improved for 4 epochs.
Best epoch: 5 | validation AP: 0.2589 | epochs run: 9

Validation classification report:
              precision    recall  f1-score   support

  disengaged     0.2809    0.2741    0.2774       332
     engaged     0.9049    0.9078    0.9063      2526

    accuracy                         0.8341      2858
   macro avg     0.5929    0.5909    0.5919      2858
weighted avg     0.8324    0.8341    0.8333      2858

Confusion matrix (rows: actual, columns: predicted):
[[  91  241]
 [ 233 2293]]
Epoch 1/50 | train loss: 0.5482 | validation loss: 0.6183 | validation accuracy: 0.8436 | validation AP: 0.2103
Epoch 2/50 | train loss: 0.535 | validation loss: 0.6107 | validation accuracy: 0.8635 | validation AP: 0.1727
Epoch 3/50 | train loss: 0.5194 | validation loss: 0.5797 | validation accuracy: 0.8824 | validation AP: 0.2622[I 2026-10-09 01:34:37,013] Trial 13 finished with value: 0.27610678306830266 and parameters: {'hidden_size': 112, 'num_layers': 2, 'dropout': 0.25, 'learning_rate': 0.0010974019809368942, 'batch_size': 8}. Best is trial 8 with value: 0.28983407721412857.
[I 2026-10-09 01:43:03,790] Trial 14 finished with value: 0.2865200121590607 and parameters: {'hidden_size': 128, 'num_layers': 2, 'dropout': 0.25, 'learning_rate': 0.0014081087490383749, 'batch_size': 8}. Best is trial 8 with value: 0.28983407721412857.

Epoch 4/50 | train loss: 0.507 | validation loss: 0.6049 | validation accuracy: 0.8681 | validation AP: 0.1697
Epoch 5/50 | train loss: 0.4967 | validation loss: 0.6094 | validation accuracy: 0.8314 | validation AP: 0.1889
Epoch 6/50 | train loss: 0.4865 | validation loss: 0.6401 | validation accuracy: 0.8646 | validation AP: 0.2257
Epoch 7/50 | train loss: 0.4862 | validation loss: 0.5998 | validation accuracy: 0.867 | validation AP: 0.2249
Stopping at epoch 7: validation AP has not improved for 4 epochs.
Best epoch: 3 | validation AP: 0.2622 | epochs run: 7

Validation classification report:
              precision    recall  f1-score   support

  disengaged     0.4706    0.0964    0.1600       332
     engaged     0.8925    0.9857    0.9368      2526

    accuracy                         0.8824      2858
   macro avg     0.6815    0.5411    0.5484      2858
weighted avg     0.8435    0.8824    0.8466      2858

Confusion matrix (rows: actual, columns: predicted):
[[  32  300]
 [  36 2490]]
Epoch 1/50 | train loss: 0.5408 | validation loss: 0.6701 | validation accuracy: 0.8593 | validation AP: 0.1408
Epoch 2/50 | train loss: 0.5326 | validation loss: 0.622 | validation accuracy: 0.8404 | validation AP: 0.1657
Epoch 3/50 | train loss: 0.5203 | validation loss: 0.5791 | validation accuracy: 0.8527 | validation AP: 0.228
Epoch 4/50 | train loss: 0.4974 | validation loss: 0.6282 | validation accuracy: 0.8474 | validation AP: 0.1762
Epoch 5/50 | train loss: 0.4944 | validation loss: 0.5869 | validation accuracy: 0.8439 | validation AP: 0.2083
Epoch 6/50 | train loss: 0.4919 | validation loss: 0.6275 | validation accuracy: 0.8383 | validation AP: 0.1875
Epoch 7/50 | train loss: 0.4891 | validation loss: 0.6239 | validation accuracy: 0.8338 | validation AP: 0.1873
Stopping at epoch 7: validation AP has not improved for 4 epochs.
Best epoch: 3 | validation AP: 0.228 | epochs run: 7

Validation classification report:
              precision    recall  f1-score   support

  disengaged     0.2595    0.1446    0.1857       332
     engaged     0.8938    0.9458    0.9190      2526

    accuracy                         0.8527      2858
   macro avg     0.5766    0.5452    0.5524      2858
weighted avg     0.8201    0.8527    0.8338      2858

Confusion matrix (rows: actual, columns: predicted):
[[  48  284]
 [ 137 2389]]
Epoch 1/50 | train loss: 0.5553 | validation loss: 0.6011 | validation accuracy: 0.8761 | validation AP: 0.1861
Epoch 2/50 | train loss: 0.5314 | validation loss: 0.6577 | validation accuracy: 0.8104 | validation AP: 0.1555
Epoch 3/50 | train loss: 0.5214 | validation loss: 0.6518 | validation accuracy: 0.8467 | validation AP: 0.1741
Epoch 4/50 | train loss: 0.5228 | validation loss: 0.5798 | validation accuracy: 0.8506 | validation AP: 0.2073
Epoch 5/50 | train loss: 0.5117 | validation loss: 0.5831 | validation accuracy: 0.802 | validation AP: 0.2267
Epoch 6/50 | train loss: 0.4982 | validation loss: 0.5611 | validation accuracy: 0.839 | validation AP: 0.2433
Epoch 7/50 | train loss: 0.49 | validation loss: 0.6013 | validation accuracy: 0.8128 | validation AP: 0.1811
Epoch 8/50 | train loss: 0.4817 | validation loss: 0.6566 | validation accuracy: 0.8723 | validation AP: 0.2101
Epoch 9/50 | train loss: 0.4834 | validation loss: 0.6377 | validation accuracy: 0.845 | validation AP: 0.1759
Epoch 10/50 | train loss: 0.4621 | validation loss: 0.6898 | validation accuracy: 0.845 | validation AP: 0.1844
Stopping at epoch 10: validation AP has not improved for 4 epochs.
Best epoch: 6 | validation AP: 0.2433 | epochs run: 10

Validation classification report:
              precision    recall  f1-score   support

  disengaged     0.2808    0.2470    0.2628       332
     engaged     0.9026    0.9169    0.9097      2526

    accuracy                         0.8390      2858
   macro avg     0.5917    0.5819    0.5862      2858
weighted avg     0.8303    0.8390    0.8345      2858

Confusion matrix (rows: actual, columns: predicted):
[[  82  250]
 [ 210 2316]]
Epoch 1/50 | train loss: 0.5518 | validation loss: 0.6204 | validation accuracy: 0.838 | validation AP: 0.1939
Epoch 2/50 | train loss: 0.5386 | validation loss: 0.6115 | validation accuracy: 0.8712 | validation AP: 0.1751
Epoch 3/50 | train loss: 0.5292 | validation loss: 0.5801 | validation accuracy: 0.8849 | validation AP: 0.2707
Epoch 4/50 | train loss: 0.5193 | validation loss: 0.5899 | validation accuracy: 0.8443 | validation AP: 0.2003
Epoch 5/50 | train loss: 0.5086 | validation loss: 0.5933 | validation accuracy: 0.839 | validation AP: 0.1894
Epoch 6/50 | train loss: 0.4944 | validation loss: 0.7253 | validation accuracy: 0.8779 | validation AP: 0.2163
Epoch 7/50 | train loss: 0.4919 | validation loss: 0.6012 | validation accuracy: 0.8807 | validation AP: 0.2482
Stopping at epoch 7: validation AP has not improved for 4 epochs.
Best epoch: 3 | validation AP: 0.2707 | epochs run: 7

Validation classification report:
              precision    recall  f1-score   support

  disengaged     0.5263    0.0904    0.1542       332
     engaged     0.8922    0.9893    0.9382      2526

    accuracy                         0.8849      2858
   macro avg     0.7092    0.5398    0.5462      2858
weighted avg     0.8497    0.8849    0.8472      2858

Confusion matrix (rows: actual, columns: predicted):
[[  30  302]
 [  27 2499]]
Epoch 1/50 | train loss: 0.5439 | validation loss: 0.6739 | validation accuracy: 0.8593 | validation AP: 0.1353
Epoch 2/50 | train loss: 0.5287 | validation loss: 0.612 | validation accuracy: 0.8569 | validation AP: 0.2131
Epoch 3/50 | train loss: 0.5174 | validation loss: 0.5917 | validation accuracy: 0.867 | validation AP: 0.2024
Epoch 4/50 | train loss: 0.5022 | validation loss: 0.6452 | validation accuracy: 0.8485 | validation AP: 0.1825
Epoch 5/50 | train loss: 0.4978 | validation loss: 0.5829 | validation accuracy: 0.8684 | validation AP: 0.2378
Epoch 6/50 | train loss: 0.4997 | validation loss: 0.6076 | validation accuracy: 0.8415 | validation AP: 0.1951
Epoch 7/50 | train loss: 0.4905 | validation loss: 0.6188 | validation accuracy: 0.8471 | validation AP: 0.2026
Epoch 8/50 | train loss: 0.4856 | validation loss: 0.5588 | validation accuracy: 0.8265 | validation AP: 0.2538
Epoch 9/50 | train loss: 0.4833 | validation loss: 0.5953 | validation accuracy: 0.8551 | validation AP: 0.2201
Epoch 10/50 | train loss: 0.4724 | validation loss: 0.7065 | validation accuracy: 0.7589 | validation AP: 0.1691
Epoch 11/50 | train loss: 0.4689 | validation loss: 0.6887 | validation accuracy: 0.8775 | validation AP: 0.2184
Epoch 12/50 | train loss: 0.4708 | validation loss: 0.5916 | validation accuracy: 0.8534 | validation AP: 0.2156
Stopping at epoch 12: validation AP has not improved for 4 epochs.
Best epoch: 8 | validation AP: 0.2538 | epochs run: 12

Validation classification report:
              precision    recall  f1-score   support

  disengaged     0.2657    0.2801    0.2727       332
     engaged     0.9047    0.8983    0.9015      2526

    accuracy                         0.8265      2858
   macro avg     0.5852    0.5892    0.5871      2858
weighted avg     0.8305    0.8265    0.8284      2858

Confusion matrix (rows: actual, columns: predicted):
[[  93  239]
 [ 257 2269]]
Epoch 1/50 | train loss: 0.6777 | validation loss: 0.6646 | validation accuracy: 0.6312 | validation AP: 0.1707
Epoch 2/50 | train loss: 0.6562 | validation loss: 0.6766 | validation accuracy: 0.7222 | validation AP: 0.2219
Epoch 3/50 | train loss: 0.6496 | validation loss: 0.6919 | validation accuracy: 0.7173 | validation AP: 0.2187
Epoch 4/50 | train loss: 0.6432 | validation loss: 0.7158 | validation accuracy: 0.7138 | validation AP: 0.1942
Epoch 5/50 | train loss: 0.63 | validation loss: 0.6706 | validation accuracy: 0.7208 | validation AP: 0.2165
Epoch 6/50 | train loss: 0.6201 | validation loss: 0.6605 | validation accuracy: 0.5882 | validation AP: 0.1816
Stopping at epoch 6: validation AP has not improved for 4 epochs.
Best epoch: 2 | validation AP: 0.2219 | epochs run: 6

Validation classification report:
              precision    recall  f1-score   support

  disengaged     0.1984    0.4578    0.2769       332
     engaged     0.9140    0.7569    0.8281      2526

    accuracy                         0.7222      2858
   macro avg     0.5562    0.6074    0.5525      2858
weighted avg     0.8308    0.7222    0.7640      2858
[I 2026-10-09 01:43:49,986] Trial 15 finished with value: 0.2383798696875198 and parameters: {'hidden_size': 146, 'num_layers': 2, 'dropout': 0.0, 'learning_rate': 0.001428433837159138, 'batch_size': 64}. Best is trial 8 with value: 0.28983407721412857.
[I 2026-10-09 01:52:36,067] Trial 16 finished with value: 0.26262225024056524 and parameters: {'hidden_size': 26, 'num_layers': 2, 'dropout': 0.25, 'learning_rate': 0.0023174130440173175, 'batch_size': 8}. Best is trial 8 with value: 0.28983407721412857.

Confusion matrix (rows: actual, columns: predicted):
[[ 152  180]
 [ 614 1912]]
Epoch 1/50 | train loss: 0.67 | validation loss: 0.6961 | validation accuracy: 0.6872 | validation AP: 0.1874
Epoch 2/50 | train loss: 0.6495 | validation loss: 0.6922 | validation accuracy: 0.7064 | validation AP: 0.1478
Epoch 3/50 | train loss: 0.6466 | validation loss: 0.6706 | validation accuracy: 0.754 | validation AP: 0.2308
Epoch 4/50 | train loss: 0.6421 | validation loss: 0.6282 | validation accuracy: 0.5808 | validation AP: 0.2404
Epoch 5/50 | train loss: 0.6301 | validation loss: 0.7084 | validation accuracy: 0.711 | validation AP: 0.1766
Epoch 6/50 | train loss: 0.6245 | validation loss: 0.6834 | validation accuracy: 0.7054 | validation AP: 0.2229
Epoch 7/50 | train loss: 0.6198 | validation loss: 0.679 | validation accuracy: 0.6571 | validation AP: 0.2106
Epoch 8/50 | train loss: 0.6118 | validation loss: 0.7139 | validation accuracy: 0.7855 | validation AP: 0.2276
Stopping at epoch 8: validation AP has not improved for 4 epochs.
Best epoch: 4 | validation AP: 0.2404 | epochs run: 8

Validation classification report:
              precision    recall  f1-score   support

  disengaged     0.1601    0.6145    0.2540       332
     engaged     0.9192    0.5764    0.7085      2526

    accuracy                         0.5808      2858
   macro avg     0.5397    0.5954    0.4813      2858
weighted avg     0.8310    0.5808    0.6557      2858

Confusion matrix (rows: actual, columns: predicted):
[[ 204  128]
 [1070 1456]]
Epoch 1/50 | train loss: 0.6777 | validation loss: 0.7001 | validation accuracy: 0.7789 | validation AP: 0.1877
Epoch 2/50 | train loss: 0.6603 | validation loss: 0.676 | validation accuracy: 0.7162 | validation AP: 0.2229
Epoch 3/50 | train loss: 0.6534 | validation loss: 0.6727 | validation accuracy: 0.5892 | validation AP: 0.1553
Epoch 4/50 | train loss: 0.6343 | validation loss: 0.6827 | validation accuracy: 0.7096 | validation AP: 0.1881
Epoch 5/50 | train loss: 0.6241 | validation loss: 0.6476 | validation accuracy: 0.6543 | validation AP: 0.1977
Epoch 6/50 | train loss: 0.6116 | validation loss: 0.6879 | validation accuracy: 0.7113 | validation AP: 0.2176
Stopping at epoch 6: validation AP has not improved for 4 epochs.
Best epoch: 2 | validation AP: 0.2229 | epochs run: 6

Validation classification report:
              precision    recall  f1-score   support

  disengaged     0.1902    0.4428    0.2661       332
     engaged     0.9113    0.7522    0.8241      2526

    accuracy                         0.7162      2858
   macro avg     0.5507    0.5975    0.5451      2858
weighted avg     0.8275    0.7162    0.7593      2858

Confusion matrix (rows: actual, columns: predicted):
[[ 147  185]
 [ 626 1900]]
Epoch 1/50 | train loss: 0.5456 | validation loss: 0.5894 | validation accuracy: 0.887 | validation AP: 0.2441
Epoch 2/50 | train loss: 0.522 | validation loss: 0.6228 | validation accuracy: 0.8307 | validation AP: 0.1862
Epoch 3/50 | train loss: 0.5018 | validation loss: 0.6302 | validation accuracy: 0.8261 | validation AP: 0.1897
Epoch 4/50 | train loss: 0.4993 | validation loss: 0.5845 | validation accuracy: 0.8191 | validation AP: 0.2334
Epoch 5/50 | train loss: 0.4854 | validation loss: 0.5737 | validation accuracy: 0.823 | validation AP: 0.2532
Epoch 6/50 | train loss: 0.4779 | validation loss: 0.5742 | validation accuracy: 0.8373 | validation AP: 0.2308
Epoch 7/50 | train loss: 0.4697 | validation loss: 0.6218 | validation accuracy: 0.7964 | validation AP: 0.1645
Epoch 8/50 | train loss: 0.4627 | validation loss: 0.6335 | validation accuracy: 0.8558 | validation AP: 0.1891
Epoch 9/50 | train loss: 0.4652 | validation loss: 0.6257 | validation accuracy: 0.8195 | validation AP: 0.1871
Stopping at epoch 9: validation AP has not improved for 4 epochs.
Best epoch: 5 | validation AP: 0.2532 | epochs run: 9

Validation classification report:
              precision    recall  f1-score   support

  disengaged     0.2919    0.3675    0.3253       332
     engaged     0.9139    0.8828    0.8981      2526

    accuracy                         0.8230      2858
   macro avg     0.6029    0.6251    0.6117      2858
weighted avg     0.8417    0.8230    0.8316      2858

Confusion matrix (rows: actual, columns: predicted):
[[ 122  210]
 [ 296 2230]]
Epoch 1/50 | train loss: 0.5437 | validation loss: 0.6372 | validation accuracy: 0.824 | validation AP: 0.1876
Epoch 2/50 | train loss: 0.5287 | validation loss: 0.6242 | validation accuracy: 0.8702 | validation AP: 0.1968
Epoch 3/50 | train loss: 0.507 | validation loss: 0.5793 | validation accuracy: 0.8782 | validation AP: 0.2504
Epoch 4/50 | train loss: 0.4926 | validation loss: 0.5859 | validation accuracy: 0.8314 | validation AP: 0.1915
Epoch 5/50 | train loss: 0.4895 | validation loss: 0.6021 | validation accuracy: 0.8279 | validation AP: 0.1987
Epoch 6/50 | train loss: 0.4779 | validation loss: 0.6545 | validation accuracy: 0.8537 | validation AP: 0.2078
Epoch 7/50 | train loss: 0.4713 | validation loss: 0.6082 | validation accuracy: 0.8674 | validation AP: 0.2359
Stopping at epoch 7: validation AP has not improved for 4 epochs.
Best epoch: 3 | validation AP: 0.2504 | epochs run: 7

Validation classification report:
              precision    recall  f1-score   support

  disengaged     0.3974    0.0934    0.1512       332
     engaged     0.8917    0.9814    0.9344      2526

    accuracy                         0.8782      2858
   macro avg     0.6446    0.5374    0.5428      2858
weighted avg     0.8343    0.8782    0.8434      2858

Confusion matrix (rows: actual, columns: predicted):
[[  31  301]
 [  47 2479]]
Epoch 1/50 | train loss: 0.5372 | validation loss: 0.6555 | validation accuracy: 0.8726 | validation AP: 0.1558
Epoch 2/50 | train loss: 0.5288 | validation loss: 0.6313 | validation accuracy: 0.8705 | validation AP: 0.1738
Epoch 3/50 | train loss: 0.5116 | validation loss: 0.6023 | validation accuracy: 0.8296 | validation AP: 0.1665
Epoch 4/50 | train loss: 0.4874 | validation loss: 0.6492 | validation accuracy: 0.8534 | validation AP: 0.1718
Epoch 5/50 | train loss: 0.4805 | validation loss: 0.6011 | validation accuracy: 0.824 | validation AP: 0.1828
Epoch 6/50 | train loss: 0.4813 | validation loss: 0.6337 | validation accuracy: 0.8279 | validation AP: 0.1855
Epoch 7/50 | train loss: 0.4707 | validation loss: 0.6259 | validation accuracy: 0.8471 | validation AP: 0.193
Epoch 8/50 | train loss: 0.4595 | validation loss: 0.5908 | validation accuracy: 0.8499 | validation AP: 0.2175
Epoch 9/50 | train loss: 0.4602 | validation loss: 0.6061 | validation accuracy: 0.8411 | validation AP: 0.1972
Epoch 10/50 | train loss: 0.4455 | validation loss: 0.6779 | validation accuracy: 0.8348 | validation AP: 0.1804
Epoch 11/50 | train loss: 0.4361 | validation loss: 0.7008 | validation accuracy: 0.8691 | validation AP: 0.2143
Epoch 12/50 | train loss: 0.4414 | validation loss: 0.6099 | validation accuracy: 0.8383 | validation AP: 0.1961
Stopping at epoch 12: validation AP has not improved for 4 epochs.
Best epoch: 8 | validation AP: 0.2175 | epochs run: 12

Validation classification report:
              precision    recall  f1-score   support

  disengaged     0.2513    0.1476    0.1860       332
     engaged     0.8937    0.9422    0.9173      2526

    accuracy                         0.8499      2858
   macro avg     0.5725    0.5449    0.5516      2858
weighted avg     0.8191    0.8499    0.8324      2858

Confusion matrix (rows: actual, columns: predicted):
[[  49  283]
 [ 146 2380]]
Epoch 1/50 | train loss: 0.6798 | validation loss: 0.6624 | validation accuracy: 0.7148 | validation AP: 0.2212
Epoch 2/50 | train loss: 0.6737 | validation loss: 0.6697 | validation accuracy: 0.7327 | validation AP: 0.1909
Epoch 3/50 | train loss: 0.6502 | validation loss: 0.7356 | validation accuracy: 0.7446 | validation AP: 0.1748
Epoch 4/50 | train loss: 0.6588 | validation loss: 0.6347 | validation accuracy: 0.5889 | validation AP: 0.2158
Epoch 5/50 | train loss: 0.6294 | validation loss: 0.7636 | validation accuracy: 0.7726 | validation AP: 0.2569
Epoch 6/50 | train loss: 0.6151 | validation loss: 0.6591 | validation accuracy: 0.6788 | validation AP: 0.1897[I 2026-10-09 01:54:42,433] Trial 17 finished with value: 0.23953108334169093 and parameters: {'hidden_size': 149, 'num_layers': 2, 'dropout': 0.25, 'learning_rate': 0.003169050304117207, 'batch_size': 32}. Best is trial 8 with value: 0.28983407721412857.

Epoch 7/50 | train loss: 0.615 | validation loss: 0.736 | validation accuracy: 0.4748 | validation AP: 0.2217
Epoch 8/50 | train loss: 0.6102 | validation loss: 0.768 | validation accuracy: 0.8422 | validation AP: 0.2153
Epoch 9/50 | train loss: 0.6199 | validation loss: 0.7356 | validation accuracy: 0.676 | validation AP: 0.1664
Stopping at epoch 9: validation AP has not improved for 4 epochs.
Best epoch: 5 | validation AP: 0.2569 | epochs run: 9

Validation classification report:
              precision    recall  f1-score   support

  disengaged     0.2468    0.4669    0.3229       332
     engaged     0.9206    0.8127    0.8633      2526

    accuracy                         0.7726      2858
   macro avg     0.5837    0.6398    0.5931      2858
weighted avg     0.8424    0.7726    0.8006      2858

Confusion matrix (rows: actual, columns: predicted):
[[ 155  177]
 [ 473 2053]]
Epoch 1/50 | train loss: 0.6754 | validation loss: 0.7879 | validation accuracy: 0.8202 | validation AP: 0.217
Epoch 2/50 | train loss: 0.6603 | validation loss: 0.7172 | validation accuracy: 0.7817 | validation AP: 0.1831
Epoch 3/50 | train loss: 0.6445 | validation loss: 0.6872 | validation accuracy: 0.7904 | validation AP: 0.2197
Epoch 4/50 | train loss: 0.6404 | validation loss: 0.6763 | validation accuracy: 0.6421 | validation AP: 0.2108
Epoch 5/50 | train loss: 0.6341 | validation loss: 0.6606 | validation accuracy: 0.6379 | validation AP: 0.1791
Epoch 6/50 | train loss: 0.6751 | validation loss: 0.7609 | validation accuracy: 0.7806 | validation AP: 0.2013
Epoch 7/50 | train loss: 0.6406 | validation loss: 0.7212 | validation accuracy: 0.781 | validation AP: 0.188
Stopping at epoch 7: validation AP has not improved for 4 epochs.
Best epoch: 3 | validation AP: 0.2197 | epochs run: 7

Validation classification report:
              precision    recall  f1-score   support

  disengaged     0.1931    0.2530    0.2190       332
     engaged     0.8976    0.8610    0.8790      2526

    accuracy                         0.7904      2858
   macro avg     0.5454    0.5570    0.5490      2858
weighted avg     0.8158    0.7904    0.8023      2858

Confusion matrix (rows: actual, columns: predicted):
[[  84  248]
 [ 351 2175]]
Epoch 1/50 | train loss: 0.6783 | validation loss: 0.8417 | validation accuracy: 0.7274 | validation AP: 0.1408
Epoch 2/50 | train loss: 0.6716 | validation loss: 0.6978 | validation accuracy: 0.7789 | validation AP: 0.1905
Epoch 3/50 | train loss: 0.6881 | validation loss: 0.6827 | validation accuracy: 0.6578 | validation AP: 0.1458
Epoch 4/50 | train loss: 0.6596 | validation loss: 0.8055 | validation accuracy: 0.7789 | validation AP: 0.1629
Epoch 5/50 | train loss: 0.6405 | validation loss: 0.6716 | validation accuracy: 0.7138 | validation AP: 0.1863
Epoch 6/50 | train loss: 0.6248 | validation loss: 0.6676 | validation accuracy: 0.691 | validation AP: 0.1872
Stopping at epoch 6: validation AP has not improved for 4 epochs.
Best epoch: 2 | validation AP: 0.1905 | epochs run: 6

Validation classification report:
              precision    recall  f1-score   support

  disengaged     0.2222    0.3614    0.2752       332
     engaged     0.9085    0.8337    0.8695      2526

    accuracy                         0.7789      2858
   macro avg     0.5654    0.5976    0.5724      2858
weighted avg     0.8288    0.7789    0.8005      2858

Confusion matrix (rows: actual, columns: predicted):
[[ 120  212]
 [ 420 2106]]
Epoch 1/50 | train loss: 0.675 | validation loss: 0.6703 | validation accuracy: 0.6179 | validation AP: 0.174
Epoch 2/50 | train loss: 0.656 | validation loss: 0.6759 | validation accuracy: 0.6064 | validation AP: 0.1675
Epoch 3/50 | train loss: 0.6435 | validation loss: 0.7064 | validation accuracy: 0.6847 | validation AP: 0.1738
Epoch 4/50 | train loss: 0.6427 | validation loss: 0.7073 | validation accuracy: 0.7383 | validation AP: 0.1972
Epoch 5/50 | train loss: 0.6383 | validation loss: 0.689 | validation accuracy: 0.7145 | validation AP: 0.1914
Epoch 6/50 | train loss: 0.6243 | validation loss: 0.6671 | validation accuracy: 0.5763 | validation AP: 0.1647
Epoch 7/50 | train loss: 0.6281 | validation loss: 0.7237 | validation accuracy: 0.6949 | validation AP: 0.1561
Epoch 8/50 | train loss: 0.6184 | validation loss: 0.6936 | validation accuracy: 0.6526 | validation AP: 0.1633
Stopping at epoch 8: validation AP has not improved for 4 epochs.
Best epoch: 4 | validation AP: 0.1972 | epochs run: 8

Validation classification report:
              precision    recall  f1-score   support

  disengaged     0.2003    0.4187    0.2710       332
     engaged     0.9108    0.7803    0.8405      2526

    accuracy                         0.7383      2858
   macro avg     0.5556    0.5995    0.5557      2858
weighted avg     0.8283    0.7383    0.7743      2858

Confusion matrix (rows: actual, columns: predicted):
[[ 139  193]
 [ 555 1971]]
Epoch 1/50 | train loss: 0.6703 | validation loss: 0.6696 | validation accuracy: 0.6004 | validation AP: 0.1763
Epoch 2/50 | train loss: 0.6583 | validation loss: 0.6901 | validation accuracy: 0.5749 | validation AP: 0.1419
Epoch 3/50 | train loss: 0.6499 | validation loss: 0.7014 | validation accuracy: 0.7288 | validation AP: 0.1822
Epoch 4/50 | train loss: 0.6398 | validation loss: 0.6639 | validation accuracy: 0.5952 | validation AP: 0.1937
Epoch 5/50 | train loss: 0.6425 | validation loss: 0.6893 | validation accuracy: 0.6519 | validation AP: 0.1601
Epoch 6/50 | train loss: 0.6345 | validation loss: 0.6764 | validation accuracy: 0.6781 | validation AP: 0.1912
Epoch 7/50 | train loss: 0.6284 | validation loss: 0.6837 | validation accuracy: 0.698 | validation AP: 0.1787
Epoch 8/50 | train loss: 0.6218 | validation loss: 0.6783 | validation accuracy: 0.7463 | validation AP: 0.1978
Epoch 9/50 | train loss: 0.6153 | validation loss: 0.7033 | validation accuracy: 0.7736 | validation AP: 0.2068
Epoch 10/50 | train loss: 0.6 | validation loss: 0.6455 | validation accuracy: 0.6914 | validation AP: 0.198
Epoch 11/50 | train loss: 0.5818 | validation loss: 0.7599 | validation accuracy: 0.823 | validation AP: 0.2064
Epoch 12/50 | train loss: 0.587 | validation loss: 0.7417 | validation accuracy: 0.8044 | validation AP: 0.2222
Epoch 13/50 | train loss: 0.5795 | validation loss: 0.6818 | validation accuracy: 0.6648 | validation AP: 0.1834
Epoch 14/50 | train loss: 0.5712 | validation loss: 0.7047 | validation accuracy: 0.7554 | validation AP: 0.228
Epoch 15/50 | train loss: 0.5617 | validation loss: 0.7526 | validation accuracy: 0.7572 | validation AP: 0.1917
Epoch 16/50 | train loss: 0.5508 | validation loss: 0.8441 | validation accuracy: 0.8013 | validation AP: 0.1865
Epoch 17/50 | train loss: 0.5542 | validation loss: 0.7154 | validation accuracy: 0.7656 | validation AP: 0.2234
Epoch 18/50 | train loss: 0.5506 | validation loss: 0.7194 | validation accuracy: 0.7411 | validation AP: 0.2072
Stopping at epoch 18: validation AP has not improved for 4 epochs.
Best epoch: 14 | validation AP: 0.228 | epochs run: 18

Validation classification report:
              precision    recall  f1-score   support

  disengaged     0.2249    0.4518    0.3003       332
     engaged     0.9169    0.7953    0.8518      2526

    accuracy                         0.7554      2858
   macro avg     0.5709    0.6236    0.5761      2858
weighted avg     0.8365    0.7554    0.7877      2858

Confusion matrix (rows: actual, columns: predicted):
[[ 150  182]
 [ 517 2009]]
Epoch 1/50 | train loss: 0.6825 | validation loss: 0.6727 | validation accuracy: 0.633 | validation AP: 0.1705
Epoch 2/50 | train loss: 0.6635 | validation loss: 0.6871 | validation accuracy: 0.6732 | validation AP: 0.1664
Epoch 3/50 | train loss: 0.649 | validation loss: 0.6764 | validation accuracy: 0.6291 | validation AP: 0.1605
Epoch 4/50 | train loss: 0.6386 | validation loss: 0.7016 | validation accuracy: 0.7299 | validation AP: 0.1779
Epoch 5/50 | train loss: 0.6331 | validation loss: 0.6573 | validation accuracy: 0.542 | validation AP: 0.1688
Epoch 6/50 | train loss: 0.6239 | validation loss: 0.6755 | validation accuracy: 0.7099 | validation AP: 0.2062
Epoch 7/50 | train loss: 0.6185 | validation loss: 0.703 | validation accuracy: 0.7124 | validation AP: 0.1903[I 2026-10-09 01:56:01,268] Trial 18 finished with value: 0.22144062437611564 and parameters: {'hidden_size': 42, 'num_layers': 2, 'dropout': 0.25, 'learning_rate': 0.000853165525535785, 'batch_size': 64}. Best is trial 8 with value: 0.28983407721412857.

Epoch 8/50 | train loss: 0.6054 | validation loss: 0.7094 | validation accuracy: 0.6886 | validation AP: 0.1756
Epoch 9/50 | train loss: 0.5985 | validation loss: 0.682 | validation accuracy: 0.6679 | validation AP: 0.1833
Epoch 10/50 | train loss: 0.5901 | validation loss: 0.7087 | validation accuracy: 0.7656 | validation AP: 0.2188
Epoch 11/50 | train loss: 0.5809 | validation loss: 0.7549 | validation accuracy: 0.7953 | validation AP: 0.2167
Epoch 12/50 | train loss: 0.5793 | validation loss: 0.7179 | validation accuracy: 0.6966 | validation AP: 0.1927
Epoch 13/50 | train loss: 0.5773 | validation loss: 0.7586 | validation accuracy: 0.7628 | validation AP: 0.2029
Epoch 14/50 | train loss: 0.5664 | validation loss: 0.676 | validation accuracy: 0.6931 | validation AP: 0.2199
Epoch 15/50 | train loss: 0.5692 | validation loss: 0.771 | validation accuracy: 0.7355 | validation AP: 0.1968
Epoch 16/50 | train loss: 0.561 | validation loss: 0.7235 | validation accuracy: 0.7092 | validation AP: 0.2186
Epoch 17/50 | train loss: 0.559 | validation loss: 0.777 | validation accuracy: 0.7365 | validation AP: 0.1947
Epoch 18/50 | train loss: 0.5542 | validation loss: 0.732 | validation accuracy: 0.7187 | validation AP: 0.192
Stopping at epoch 18: validation AP has not improved for 4 epochs.
Best epoch: 14 | validation AP: 0.2199 | epochs run: 18

Validation classification report:
              precision    recall  f1-score   support

  disengaged     0.1982    0.5392    0.2899       332
     engaged     0.9217    0.7134    0.8043      2526

    accuracy                         0.6931      2858
   macro avg     0.5600    0.6263    0.5471      2858
weighted avg     0.8377    0.6931    0.7445      2858

Confusion matrix (rows: actual, columns: predicted):
[[ 179  153]
 [ 724 1802]]
Epoch 1/50 | train loss: 0.5465 | validation loss: 0.592 | validation accuracy: 0.8761 | validation AP: 0.1939
Epoch 2/50 | train loss: 0.5214 | validation loss: 0.6262 | validation accuracy: 0.8551 | validation AP: 0.1655
Epoch 3/50 | train loss: 0.5107 | validation loss: 0.6165 | validation accuracy: 0.8586 | validation AP: 0.1802
Epoch 4/50 | train loss: 0.5197 | validation loss: 0.6035 | validation accuracy: 0.8555 | validation AP: 0.1855
Epoch 5/50 | train loss: 0.5048 | validation loss: 0.5941 | validation accuracy: 0.8527 | validation AP: 0.1951
Epoch 6/50 | train loss: 0.4953 | validation loss: 0.585 | validation accuracy: 0.8684 | validation AP: 0.2082
Epoch 7/50 | train loss: 0.4923 | validation loss: 0.629 | validation accuracy: 0.8279 | validation AP: 0.1588
Epoch 8/50 | train loss: 0.4764 | validation loss: 0.6311 | validation accuracy: 0.866 | validation AP: 0.1952
Epoch 9/50 | train loss: 0.4894 | validation loss: 0.6103 | validation accuracy: 0.83 | validation AP: 0.1916
Epoch 10/50 | train loss: 0.4721 | validation loss: 0.6304 | validation accuracy: 0.8674 | validation AP: 0.2075
Stopping at epoch 10: validation AP has not improved for 4 epochs.
Best epoch: 6 | validation AP: 0.2082 | epochs run: 10

Validation classification report:
              precision    recall  f1-score   support

  disengaged     0.3281    0.1265    0.1826       332
     engaged     0.8938    0.9660    0.9285      2526

    accuracy                         0.8684      2858
   macro avg     0.6109    0.5462    0.5555      2858
weighted avg     0.8281    0.8684    0.8418      2858

Confusion matrix (rows: actual, columns: predicted):
[[  42  290]
 [  86 2440]]
Epoch 1/50 | train loss: 0.5449 | validation loss: 0.6169 | validation accuracy: 0.8611 | validation AP: 0.1848
Epoch 2/50 | train loss: 0.535 | validation loss: 0.6108 | validation accuracy: 0.8709 | validation AP: 0.1599
Epoch 3/50 | train loss: 0.5171 | validation loss: 0.5918 | validation accuracy: 0.8793 | validation AP: 0.2148
Epoch 4/50 | train loss: 0.5151 | validation loss: 0.5936 | validation accuracy: 0.8044 | validation AP: 0.183
Epoch 5/50 | train loss: 0.5067 | validation loss: 0.6138 | validation accuracy: 0.8289 | validation AP: 0.1625
Epoch 6/50 | train loss: 0.4951 | validation loss: 0.6198 | validation accuracy: 0.8632 | validation AP: 0.2154
Epoch 7/50 | train loss: 0.4959 | validation loss: 0.5988 | validation accuracy: 0.8569 | validation AP: 0.1988
Epoch 8/50 | train loss: 0.4811 | validation loss: 0.62 | validation accuracy: 0.8779 | validation AP: 0.2152
Epoch 9/50 | train loss: 0.4853 | validation loss: 0.6251 | validation accuracy: 0.8516 | validation AP: 0.1931
Epoch 10/50 | train loss: 0.4718 | validation loss: 0.586 | validation accuracy: 0.8509 | validation AP: 0.216
Epoch 11/50 | train loss: 0.4759 | validation loss: 0.5981 | validation accuracy: 0.867 | validation AP: 0.2181
Epoch 12/50 | train loss: 0.478 | validation loss: 0.6307 | validation accuracy: 0.8443 | validation AP: 0.1792
Epoch 13/50 | train loss: 0.4628 | validation loss: 0.613 | validation accuracy: 0.8373 | validation AP: 0.1904
Epoch 14/50 | train loss: 0.453 | validation loss: 0.5988 | validation accuracy: 0.8432 | validation AP: 0.2183
Epoch 15/50 | train loss: 0.4576 | validation loss: 0.6421 | validation accuracy: 0.866 | validation AP: 0.193
Epoch 16/50 | train loss: 0.4539 | validation loss: 0.6488 | validation accuracy: 0.8383 | validation AP: 0.1953
Epoch 17/50 | train loss: 0.4485 | validation loss: 0.6223 | validation accuracy: 0.8408 | validation AP: 0.2051
Epoch 18/50 | train loss: 0.4474 | validation loss: 0.6353 | validation accuracy: 0.8677 | validation AP: 0.219
Epoch 19/50 | train loss: 0.4424 | validation loss: 0.6467 | validation accuracy: 0.8352 | validation AP: 0.1915
Epoch 20/50 | train loss: 0.4409 | validation loss: 0.6134 | validation accuracy: 0.7908 | validation AP: 0.2015
Epoch 21/50 | train loss: 0.4405 | validation loss: 0.6231 | validation accuracy: 0.8209 | validation AP: 0.1942
Epoch 22/50 | train loss: 0.4277 | validation loss: 0.6434 | validation accuracy: 0.8314 | validation AP: 0.182
Stopping at epoch 22: validation AP has not improved for 4 epochs.
Best epoch: 18 | validation AP: 0.219 | epochs run: 22

Validation classification report:
              precision    recall  f1-score   support

  disengaged     0.3231    0.1265    0.1818       332
     engaged     0.8937    0.9652    0.9281      2526

    accuracy                         0.8677      2858
   macro avg     0.6084    0.5458    0.5549      2858
weighted avg     0.8274    0.8677    0.8414      2858

Confusion matrix (rows: actual, columns: predicted):
[[  42  290]
 [  88 2438]]
Epoch 1/50 | train loss: 0.5442 | validation loss: 0.6251 | validation accuracy: 0.8709 | validation AP: 0.1733
Epoch 2/50 | train loss: 0.5275 | validation loss: 0.6297 | validation accuracy: 0.8516 | validation AP: 0.1628
Epoch 3/50 | train loss: 0.5201 | validation loss: 0.6083 | validation accuracy: 0.8436 | validation AP: 0.1622
Epoch 4/50 | train loss: 0.5065 | validation loss: 0.624 | validation accuracy: 0.8467 | validation AP: 0.1672
Epoch 5/50 | train loss: 0.5045 | validation loss: 0.5954 | validation accuracy: 0.8383 | validation AP: 0.1821
Epoch 6/50 | train loss: 0.5064 | validation loss: 0.5994 | validation accuracy: 0.8338 | validation AP: 0.1822
Epoch 7/50 | train loss: 0.4921 | validation loss: 0.6095 | validation accuracy: 0.8642 | validation AP: 0.1957
Epoch 8/50 | train loss: 0.4923 | validation loss: 0.5832 | validation accuracy: 0.853 | validation AP: 0.2001
Epoch 9/50 | train loss: 0.4854 | validation loss: 0.5917 | validation accuracy: 0.8415 | validation AP: 0.1973
Epoch 10/50 | train loss: 0.4785 | validation loss: 0.6111 | validation accuracy: 0.8541 | validation AP: 0.2024
Epoch 11/50 | train loss: 0.4706 | validation loss: 0.6349 | validation accuracy: 0.873 | validation AP: 0.2145
Epoch 12/50 | train loss: 0.4755 | validation loss: 0.5922 | validation accuracy: 0.838 | validation AP: 0.2016
Epoch 13/50 | train loss: 0.4683 | validation loss: 0.6306 | validation accuracy: 0.867 | validation AP: 0.2005
Epoch 14/50 | train loss: 0.4591 | validation loss: 0.6113 | validation accuracy: 0.838 | validation AP: 0.192
Epoch 15/50 | train loss: 0.4686 | validation loss: 0.6503 | validation accuracy: 0.8408 | validation AP: 0.1794
Stopping at epoch 15: validation AP has not improved for 4 epochs.[I 2026-10-09 02:10:18,606] Trial 19 finished with value: 0.23341564496065378 and parameters: {'hidden_size': 55, 'num_layers': 1, 'dropout': 0.25, 'learning_rate': 0.0003568114191653486, 'batch_size': 8}. Best is trial 8 with value: 0.28983407721412857.

Best epoch: 11 | validation AP: 0.2145 | epochs run: 15

Validation classification report:
              precision    recall  f1-score   support

  disengaged     0.3524    0.1114    0.1693       332
     engaged     0.8928    0.9731    0.9312      2526

    accuracy                         0.8730      2858
   macro avg     0.6226    0.5423    0.5503      2858
weighted avg     0.8301    0.8730    0.8427      2858

Confusion matrix (rows: actual, columns: predicted):
[[  37  295]
 [  68 2458]]
Epoch 1/50 | train loss: 0.5408 | validation loss: 0.6172 | validation accuracy: 0.8471 | validation AP: 0.1635
Epoch 2/50 | train loss: 0.5199 | validation loss: 0.6295 | validation accuracy: 0.8341 | validation AP: 0.1634
Epoch 3/50 | train loss: 0.5105 | validation loss: 0.5872 | validation accuracy: 0.8275 | validation AP: 0.2002
Epoch 4/50 | train loss: 0.5067 | validation loss: 0.5904 | validation accuracy: 0.7922 | validation AP: 0.1917
Epoch 5/50 | train loss: 0.4951 | validation loss: 0.6439 | validation accuracy: 0.8604 | validation AP: 0.2003
Epoch 6/50 | train loss: 0.4821 | validation loss: 0.615 | validation accuracy: 0.8359 | validation AP: 0.2014
Epoch 7/50 | train loss: 0.4757 | validation loss: 0.6117 | validation accuracy: 0.8579 | validation AP: 0.2099
Epoch 8/50 | train loss: 0.4818 | validation loss: 0.6033 | validation accuracy: 0.8474 | validation AP: 0.2086
Epoch 9/50 | train loss: 0.4625 | validation loss: 0.6244 | validation accuracy: 0.8593 | validation AP: 0.2202
Epoch 10/50 | train loss: 0.4602 | validation loss: 0.6133 | validation accuracy: 0.8628 | validation AP: 0.211
Epoch 11/50 | train loss: 0.4537 | validation loss: 0.6258 | validation accuracy: 0.8272 | validation AP: 0.2115
Epoch 12/50 | train loss: 0.4379 | validation loss: 0.638 | validation accuracy: 0.8495 | validation AP: 0.2031
Epoch 13/50 | train loss: 0.4309 | validation loss: 0.685 | validation accuracy: 0.8492 | validation AP: 0.1605
Stopping at epoch 13: validation AP has not improved for 4 epochs.
Best epoch: 9 | validation AP: 0.2202 | epochs run: 13

Validation classification report:
              precision    recall  f1-score   support

  disengaged     0.2917    0.1476    0.1960       332
     engaged     0.8948    0.9529    0.9229      2526

    accuracy                         0.8593      2858
   macro avg     0.5932    0.5502    0.5595      2858
weighted avg     0.8247    0.8593    0.8385      2858

Confusion matrix (rows: actual, columns: predicted):
[[  49  283]
 [ 119 2407]]
Epoch 1/50 | train loss: 0.5436 | validation loss: 0.602 | validation accuracy: 0.859 | validation AP: 0.1724
Epoch 2/50 | train loss: 0.5254 | validation loss: 0.6034 | validation accuracy: 0.8296 | validation AP: 0.1671
Epoch 3/50 | train loss: 0.5121 | validation loss: 0.6101 | validation accuracy: 0.817 | validation AP: 0.1677
Epoch 4/50 | train loss: 0.508 | validation loss: 0.5857 | validation accuracy: 0.8254 | validation AP: 0.1908
Epoch 5/50 | train loss: 0.4893 | validation loss: 0.5931 | validation accuracy: 0.8597 | validation AP: 0.227
Epoch 6/50 | train loss: 0.4838 | validation loss: 0.5983 | validation accuracy: 0.8404 | validation AP: 0.2017
Epoch 7/50 | train loss: 0.475 | validation loss: 0.6285 | validation accuracy: 0.8534 | validation AP: 0.2041
Epoch 8/50 | train loss: 0.4717 | validation loss: 0.6029 | validation accuracy: 0.8132 | validation AP: 0.1915
Epoch 9/50 | train loss: 0.4719 | validation loss: 0.5959 | validation accuracy: 0.8282 | validation AP: 0.1943
Stopping at epoch 9: validation AP has not improved for 4 epochs.
Best epoch: 5 | validation AP: 0.227 | epochs run: 9

Validation classification report:
              precision    recall  f1-score   support

  disengaged     0.2959    0.1506    0.1996       332
     engaged     0.8951    0.9529    0.9231      2526

    accuracy                         0.8597      2858
   macro avg     0.5955    0.5517    0.5614      2858
weighted avg     0.8255    0.8597    0.8391      2858

Confusion matrix (rows: actual, columns: predicted):
[[  50  282]
 [ 119 2407]]
Epoch 1/50 | train loss: 0.5411 | validation loss: 0.6077 | validation accuracy: 0.8607 | validation AP: 0.1675
Epoch 2/50 | train loss: 0.524 | validation loss: 0.633 | validation accuracy: 0.8821 | validation AP: 0.1759
Epoch 3/50 | train loss: 0.5155 | validation loss: 0.6151 | validation accuracy: 0.874 | validation AP: 0.1679
Epoch 4/50 | train loss: 0.4996 | validation loss: 0.6246 | validation accuracy: 0.866 | validation AP: 0.1957
Epoch 5/50 | train loss: 0.4964 | validation loss: 0.6204 | validation accuracy: 0.8254 | validation AP: 0.2063
Epoch 6/50 | train loss: 0.4905 | validation loss: 0.5788 | validation accuracy: 0.8321 | validation AP: 0.2445
Epoch 7/50 | train loss: 0.4775 | validation loss: 0.6071 | validation accuracy: 0.8642 | validation AP: 0.2274
Epoch 8/50 | train loss: 0.4773 | validation loss: 0.6088 | validation accuracy: 0.8348 | validation AP: 0.1887
Epoch 9/50 | train loss: 0.4698 | validation loss: 0.627 | validation accuracy: 0.8733 | validation AP: 0.2243
Epoch 10/50 | train loss: 0.4643 | validation loss: 0.6309 | validation accuracy: 0.8202 | validation AP: 0.1929
Stopping at epoch 10: validation AP has not improved for 4 epochs.
Best epoch: 6 | validation AP: 0.2445 | epochs run: 10

Validation classification report:
              precision    recall  f1-score   support

  disengaged     0.2716    0.2651    0.2683       332
     engaged     0.9037    0.9066    0.9051      2526

    accuracy                         0.8321      2858
   macro avg     0.5877    0.5858    0.5867      2858
weighted avg     0.8303    0.8321    0.8312      2858

Confusion matrix (rows: actual, columns: predicted):
[[  88  244]
 [ 236 2290]]
Epoch 1/50 | train loss: 0.5458 | validation loss: 0.6408 | validation accuracy: 0.8331 | validation AP: 0.1352
Epoch 2/50 | train loss: 0.5268 | validation loss: 0.584 | validation accuracy: 0.8481 | validation AP: 0.2049
Epoch 3/50 | train loss: 0.5146 | validation loss: 0.5993 | validation accuracy: 0.8362 | validation AP: 0.1778
Epoch 4/50 | train loss: 0.5032 | validation loss: 0.605 | validation accuracy: 0.853 | validation AP: 0.1812
Epoch 5/50 | train loss: 0.4965 | validation loss: 0.6299 | validation accuracy: 0.8569 | validation AP: 0.1867
Epoch 6/50 | train loss: 0.4879 | validation loss: 0.6341 | validation accuracy: 0.8737 | validation AP: 0.2243
Epoch 7/50 | train loss: 0.4819 | validation loss: 0.6429 | validation accuracy: 0.8709 | validation AP: 0.2048
Epoch 8/50 | train loss: 0.4717 | validation loss: 0.6008 | validation accuracy: 0.8425 | validation AP: 0.1967
Epoch 9/50 | train loss: 0.4705 | validation loss: 0.6406 | validation accuracy: 0.8754 | validation AP: 0.2066
Epoch 10/50 | train loss: 0.4603 | validation loss: 0.603 | validation accuracy: 0.8209 | validation AP: 0.1988
Stopping at epoch 10: validation AP has not improved for 4 epochs.
Best epoch: 6 | validation AP: 0.2243 | epochs run: 10

Validation classification report:
              precision    recall  f1-score   support

  disengaged     0.3535    0.1054    0.1624       332
     engaged     0.8924    0.9747    0.9317      2526

    accuracy                         0.8737      2858
   macro avg     0.6229    0.5400    0.5471      2858
weighted avg     0.8298    0.8737    0.8423      2858

Confusion matrix (rows: actual, columns: predicted):
[[  35  297]
 [  64 2462]]
Epoch 1/50 | train loss: 0.546 | validation loss: 0.6113 | validation accuracy: 0.8422 | validation AP: 0.1509
Epoch 2/50 | train loss: 0.5218 | validation loss: 0.6692 | validation accuracy: 0.8751 | validation AP: 0.1605
Epoch 3/50 | train loss: 0.5141 | validation loss: 0.5869 | validation accuracy: 0.7831 | validation AP: 0.1984
Epoch 4/50 | train loss: 0.5013 | validation loss: 0.5721 | validation accuracy: 0.8383 | validation AP: 0.2259
Epoch 5/50 | train loss: 0.4959 | validation loss: 0.5965 | validation accuracy: 0.8551 | validation AP: 0.2115
Epoch 6/50 | train loss: 0.4863 | validation loss: 0.5892 | validation accuracy: 0.8597 | validation AP: 0.2272
Epoch 7/50 | train loss: 0.4837 | validation loss: 0.5786 | validation accuracy: 0.8593 | validation AP: 0.2301
Epoch 8/50 | train loss: 0.4793 | validation loss: 0.622 | validation accuracy: 0.86 | validation AP: 0.2151
Epoch 9/50 | train loss: 0.4696 | validation loss: 0.6596 | validation accuracy: 0.8681 | validation AP: 0.2077
Epoch 10/50 | train loss: 0.4642 | validation loss: 0.608 | validation accuracy: 0.8464 | validation AP: 0.2101
Epoch 11/50 | train loss: 0.4606 | validation loss: 0.6571 | validation accuracy: 0.8513 | validation AP: 0.1634
Stopping at epoch 11: validation AP has not improved for 4 epochs.
Best epoch: 7 | validation AP: 0.2301 | epochs run: 11

Validation classification report:
              precision    recall  f1-score   support

  disengaged     0.2989    0.1566    0.2055       332
     engaged     0.8957    0.9517    0.9228      2526

    accuracy                         0.8593      2858
   macro avg     0.5973    0.5542    0.5642      2858
weighted avg     0.8263    0.8593    0.8395      2858

Confusion matrix (rows: actual, columns: predicted):
[[  52  280]
 [ 122 2404]]
Epoch 1/50 | train loss: 0.5494 | validation loss: 0.6202 | validation accuracy: 0.8604 | validation AP: 0.1578
Epoch 2/50 | train loss: 0.5253 | validation loss: 0.7435 | validation accuracy: 0.8614 | validation AP: 0.1562
Epoch 3/50 | train loss: 0.5225 | validation loss: 0.5867 | validation accuracy: 0.8537 | validation AP: 0.2074
Epoch 4/50 | train loss: 0.5216 | validation loss: 0.5923 | validation accuracy: 0.7635 | validation AP: 0.1921
Epoch 5/50 | train loss: 0.5054 | validation loss: 0.665 | validation accuracy: 0.8537 | validation AP: 0.1826
Epoch 6/50 | train loss: 0.4984 | validation loss: 0.6113 | validation accuracy: 0.8593 | validation AP: 0.2103
Epoch 7/50 | train loss: 0.4932 | validation loss: 0.5868 | validation accuracy: 0.8586 | validation AP: 0.225
Epoch 8/50 | train loss: 0.497 | validation loss: 0.6395 | validation accuracy: 0.8789 | validation AP: 0.2027
Epoch 9/50 | train loss: 0.4852 | validation loss: 0.6171 | validation accuracy: 0.8712 | validation AP: 0.2249
Epoch 10/50 | train loss: 0.4762 | validation loss: 0.5953 | validation accuracy: 0.8537 | validation AP: 0.2054
Epoch 11/50 | train loss: 0.4736 | validation loss: 0.6422 | validation accuracy: 0.8139 | validation AP: 0.1924
Stopping at epoch 11: validation AP has not improved for 4 epochs.
Best epoch: 7 | validation AP: 0.225 | epochs run: 11

Validation classification report:
              precision    recall  f1-score   support

  disengaged     0.3163    0.1867    0.2348       332
     engaged     0.8986    0.9470    0.9221      2526

    accuracy                         0.8586      2858
   macro avg     0.6074    0.5668    0.5785      2858
weighted avg     0.8309    0.8586    0.8423      2858

Confusion matrix (rows: actual, columns: predicted):
[[  62  270]
 [ 134 2392]]
Epoch 1/50 | train loss: 0.5529 | validation loss: 0.6002 | validation accuracy: 0.8583 | validation AP: 0.1698
Epoch 2/50 | train loss: 0.5282 | validation loss: 0.6147 | validation accuracy: 0.8404 | validation AP: 0.149
Epoch 3/50 | train loss: 0.5159 | validation loss: 0.5874 | validation accuracy: 0.8558 | validation AP: 0.1995
Epoch 4/50 | train loss: 0.5089 | validation loss: 0.6064 | validation accuracy: 0.8653 | validation AP: 0.1828
Epoch 5/50 | train loss: 0.4987 | validation loss: 0.6152 | validation accuracy: 0.8723 | validation AP: 0.2462
Epoch 6/50 | train loss: 0.5001 | validation loss: 0.6031 | validation accuracy: 0.8663 | validation AP: 0.211
Epoch 7/50 | train loss: 0.4915 | validation loss: 0.6361 | validation accuracy: 0.8803 | validation AP: 0.2169
Epoch 8/50 | train loss: 0.4842 | validation loss: 0.5828 | validation accuracy: 0.8453 | validation AP: 0.208
Epoch 9/50 | train loss: 0.4849 | validation loss: 0.6096 | validation accuracy: 0.8422 | validation AP: 0.209
Stopping at epoch 9: validation AP has not improved for 4 epochs.
Best epoch: 5 | validation AP: 0.2462 | epochs run: 9

Validation classification report:
              precision    recall  f1-score   support

  disengaged     0.3565    0.1235    0.1834       332
     engaged     0.8939    0.9707    0.9307      2526

    accuracy                         0.8723      2858
   macro avg     0.6252    0.5471    0.5571      2858
weighted avg     0.8315    0.8723    0.8439      2858

Confusion matrix (rows: actual, columns: predicted):
[[  41  291]
 [  74 2452]]
Epoch 1/50 | train loss: 0.5504 | validation loss: 0.6099 | validation accuracy: 0.8425 | validation AP: 0.1639
Epoch 2/50 | train loss: 0.5232 | validation loss: 0.6914 | validation accuracy: 0.8845 | validation AP: 0.2046
Epoch 3/50 | train loss: 0.5145 | validation loss: 0.6314 | validation accuracy: 0.8747 | validation AP: 0.1617
Epoch 4/50 | train loss: 0.5077 | validation loss: 0.6587 | validation accuracy: 0.8807 | validation AP: 0.2026
Epoch 5/50 | train loss: 0.5012 | validation loss: 0.6135 | validation accuracy: 0.8583 | validation AP: 0.2004
Epoch 6/50 | train loss: 0.5036 | validation loss: 0.5809 | validation accuracy: 0.8139 | validation AP: 0.2137
Epoch 7/50 | train loss: 0.491 | validation loss: 0.6002 | validation accuracy: 0.8684 | validation AP: 0.228
Epoch 8/50 | train loss: 0.4839 | validation loss: 0.6074 | validation accuracy: 0.8097 | validation AP: 0.1746
Epoch 9/50 | train loss: 0.4858 | validation loss: 0.6366 | validation accuracy: 0.8782 | validation AP: 0.2136
Epoch 10/50 | train loss: 0.4785 | validation loss: 0.6205 | validation accuracy: 0.8104 | validation AP: 0.1947
Epoch 11/50 | train loss: 0.484 | validation loss: 0.609 | validation accuracy: 0.8485 | validation AP: 0.186
Stopping at epoch 11: validation AP has not improved for 4 epochs.
Best epoch: 7 | validation AP: 0.228 | epochs run: 11

Validation classification report:
              precision    recall  f1-score   support

  disengaged     0.3167    0.1145    0.1681       332
     engaged     0.8926    0.9675    0.9286      2526

    accuracy                         0.8684      2858
   macro avg     0.6046    0.5410    0.5484      2858
weighted avg     0.8257    0.8684    0.8402      2858

Confusion matrix (rows: actual, columns: predicted):
[[  38  294]
 [  82 2444]]
Epoch 1/50 | train loss: 0.5501 | validation loss: 0.6211 | validation accuracy: 0.7995 | validation AP: 0.1543
Epoch 2/50 | train loss: 0.5324 | validation loss: 0.6123 | validation accuracy: 0.7859 | validation AP: 0.1665
Epoch 3/50 | train loss: 0.5226 | validation loss: 0.5939 | validation accuracy: 0.7764 | validation AP: 0.2028
Epoch 4/50 | train loss: 0.5176 | validation loss: 0.6103 | validation accuracy: 0.8272 | validation AP: 0.1753
Epoch 5/50 | train loss: 0.5099 | validation loss: 0.6362 | validation accuracy: 0.8646 | validation AP: 0.1889
Epoch 6/50 | train loss: 0.5039 | validation loss: 0.6864 | validation accuracy: 0.8751 | validation AP: 0.234
Epoch 7/50 | train loss: 0.4993 | validation loss: 0.6892 | validation accuracy: 0.8653 | validation AP: 0.1818
Epoch 8/50 | train loss: 0.493 | validation loss: 0.6167 | validation accuracy: 0.8541 | validation AP: 0.2005
Epoch 9/50 | train loss: 0.4923 | validation loss: 0.6449 | validation accuracy: 0.8716 | validation AP: 0.2183
Epoch 10/50 | train loss: 0.4916 | validation loss: 0.5919 | validation accuracy: 0.7666 | validation AP: 0.1952
Stopping at epoch 10: validation AP has not improved for 4 epochs.
Best epoch: 6 | validation AP: 0.234 | epochs run: 10

Validation classification report:
              precision    recall  f1-score   support

  disengaged     0.3563    0.0934    0.1480       332
     engaged     0.8914    0.9778    0.9326      2526

    accuracy                         0.8751      2858
   macro avg     0.6238    0.5356    0.5403      2858
weighted avg     0.8292    0.8751    0.8415      2858

Confusion matrix (rows: actual, columns: predicted):
[[  31  301]
 [  56 2470]]
Epoch 1/50 | train loss: 0.5577 | validation loss: 0.618 | validation accuracy: 0.8237 | validation AP: 0.144
Epoch 2/50 | train loss: 0.5273 | validation loss: 0.669 | validation accuracy: 0.8723 | validation AP: 0.1573
Epoch 3/50 | train loss: 0.5246 | validation loss: 0.593 | validation accuracy: 0.8118 | validation AP: 0.184
Epoch 4/50 | train loss: 0.5117 | validation loss: 0.5763 | validation accuracy: 0.8216 | validation AP: 0.2201[I 2026-10-09 02:38:34,883] A new study created in memory with name: lstm|10fps/5s
[I 2026-10-09 02:39:19,319] Trial 0 finished with value: 0.20774414779157765 and parameters: {'hidden_size': 47, 'num_layers': 3, 'dropout': 0.0, 'learning_rate': 0.005399484409787433, 'batch_size': 64}. Best is trial 0 with value: 0.20774414779157765.

Epoch 5/50 | train loss: 0.5047 | validation loss: 0.6074 | validation accuracy: 0.8321 | validation AP: 0.1801
Epoch 6/50 | train loss: 0.4989 | validation loss: 0.6099 | validation accuracy: 0.8495 | validation AP: 0.2106
Epoch 7/50 | train loss: 0.4965 | validation loss: 0.5858 | validation accuracy: 0.8534 | validation AP: 0.2125
Epoch 8/50 | train loss: 0.4861 | validation loss: 0.6203 | validation accuracy: 0.8555 | validation AP: 0.1972
Stopping at epoch 8: validation AP has not improved for 4 epochs.
Best epoch: 4 | validation AP: 0.2201 | epochs run: 8

Validation classification report:
              precision    recall  f1-score   support

  disengaged     0.2236    0.2169    0.2202       332
     engaged     0.8975    0.9010    0.8992      2526

    accuracy                         0.8216      2858
   macro avg     0.5605    0.5589    0.5597      2858
weighted avg     0.8192    0.8216    0.8204      2858

Confusion matrix (rows: actual, columns: predicted):
[[  72  260]
 [ 250 2276]]

 gru | 10fps/5s (confirmed on seeds [52, 53, 54, 55, 56])
  0.2516 +/- 0.004  (153090,) params  hidden_size=128, num_layers=2, dropout=0.25, learning_rate=0.0014081087490383749, batch_size=8
  0.2461 +/- 0.0061  (42110,) params  hidden_size=66, num_layers=2, dropout=0.25, learning_rate=0.0010402587615883842, batch_size=8
  Selected: hidden_size=128, num_layers=2, dropout=0.25, learning_rate=0.0014081087490383749, batch_size=8  (AP 0.2516, 153,090 parameters)
Epoch 1/50 | train loss: 0.6795 | validation loss: 0.6822 | validation accuracy: 0.8037 | validation AP: 0.1904
Epoch 2/50 | train loss: 0.6544 | validation loss: 0.7409 | validation accuracy: 0.8153 | validation AP: 0.1703
Epoch 3/50 | train loss: 0.6522 | validation loss: 0.6977 | validation accuracy: 0.6361 | validation AP: 0.155
Epoch 4/50 | train loss: 0.6528 | validation loss: 0.7 | validation accuracy: 0.7348 | validation AP: 0.1588
Epoch 5/50 | train loss: 0.6374 | validation loss: 0.8428 | validation accuracy: 0.8394 | validation AP: 0.2053
Epoch 6/50 | train loss: 0.62 | validation loss: 0.6492 | validation accuracy: 0.6067 | validation AP: 0.1732
Epoch 7/50 | train loss: 0.6127 | validation loss: 0.7835 | validation accuracy: 0.7642 | validation AP: 0.1644
Epoch 8/50 | train loss: 0.5999 | validation loss: 0.7883 | validation accuracy: 0.7971 | validation AP: 0.1805
Epoch 9/50 | train loss: 0.613 | validation loss: 0.6576 | validation accuracy: 0.6896 | validation AP: 0.1879
Stopping at epoch 9: validation AP has not improved for 4 epochs.
Best epoch: 5 | validation AP: 0.2053 | epochs run: 9

Validation classification report:
              precision    recall  f1-score   support

  disengaged     0.2890    0.2620    0.2749       332
     engaged     0.9042    0.9153    0.9097      2526

    accuracy                         0.8394      2858
   macro avg     0.5966    0.5887    0.5923      2858
weighted avg     0.8327    0.8394    0.8360      2858

Confusion matrix (rows: actual, columns: predicted):
[[  87  245]
 [ 214 2312]]
Epoch 1/50 | train loss: 0.6794 | validation loss: 0.6538 | validation accuracy: 0.6676 | validation AP: 0.1667
Epoch 2/50 | train loss: 0.6547 | validation loss: 0.6814 | validation accuracy: 0.6816 | validation AP: 0.1541
Epoch 3/50 | train loss: 0.6456 | validation loss: 0.7525 | validation accuracy: 0.8436 | validation AP: 0.1905
Epoch 4/50 | train loss: 0.6298 | validation loss: 0.693 | validation accuracy: 0.7421 | validation AP: 0.1954
Epoch 5/50 | train loss: 0.6266 | validation loss: 0.7152 | validation accuracy: 0.7337 | validation AP: 0.1593
Epoch 6/50 | train loss: 0.6214 | validation loss: 0.7617 | validation accuracy: 0.7344 | validation AP: 0.1686
Epoch 7/50 | train loss: 0.6076 | validation loss: 0.6942 | validation accuracy: 0.7197 | validation AP: 0.1812
Epoch 8/50 | train loss: 0.5981 | validation loss: 0.7901 | validation accuracy: 0.7719 | validation AP: 0.1905
Stopping at epoch 8: validation AP has not improved for 4 epochs.
Best epoch: 4 | validation AP: 0.1954 | epochs run: 8

Validation classification report:
              precision    recall  f1-score   support

  disengaged     0.1973    0.3976    0.2637       332
     engaged     0.9086    0.7874    0.8437      2526

    accuracy                         0.7421      2858
   macro avg     0.5530    0.5925    0.5537      2858
weighted avg     0.8260    0.7421    0.7763      2858

Confusion matrix (rows: actual, columns: predicted):
[[ 132  200]
 [ 537 1989]]
Epoch 1/50 | train loss: 0.686 | validation loss: 0.7417 | validation accuracy: 0.8373 | validation AP: 0.1602
Epoch 2/50 | train loss: 0.6615 | validation loss: 0.698 | validation accuracy: 0.7754 | validation AP: 0.1706
Epoch 3/50 | train loss: 0.6472 | validation loss: 0.6734 | validation accuracy: 0.69 | validation AP: 0.1664
Epoch 4/50 | train loss: 0.6303 | validation loss: 0.6775 | validation accuracy: 0.7176 | validation AP: 0.1746
Epoch 5/50 | train loss: 0.6152 | validation loss: 0.6815 | validation accuracy: 0.6498 | validation AP: 0.1624
Epoch 6/50 | train loss: 0.6046 | validation loss: 0.6926 | validation accuracy: 0.7099 | validation AP: 0.2002
Epoch 7/50 | train loss: 0.6076 | validation loss: 0.7575 | validation accuracy: 0.7295 | validation AP: 0.1915
Epoch 8/50 | train loss: 0.597 | validation loss: 0.7409 | validation accuracy: 0.7547 | validation AP: 0.1712
Epoch 9/50 | train loss: 0.5908 | validation loss: 0.6822 | validation accuracy: 0.6683 | validation AP: 0.1893
Epoch 10/50 | train loss: 0.5903 | validation loss: 0.7494 | validation accuracy: 0.6725 | validation AP: 0.1992
Stopping at epoch 10: validation AP has not improved for 4 epochs.
Best epoch: 6 | validation AP: 0.2002 | epochs run: 10

Validation classification report:
              precision    recall  f1-score   support

  disengaged     0.1928    0.4699    0.2734       332
     engaged     0.9141    0.7415    0.8188      2526

    accuracy                         0.7099      2858
   macro avg     0.5535    0.6057    0.5461      2858
weighted avg     0.8303    0.7099    0.7554      2858

Confusion matrix (rows: actual, columns: predicted):
[[ 156  176]
 [ 653 1873]]
Epoch 1/50 | train loss: 0.5451 | validation loss: 0.593 | validation accuracy: 0.8814 | validation AP: 0.2002
Epoch 2/50 | train loss: 0.5205 | validation loss: 0.6363 | validation accuracy: 0.8429 | validation AP: 0.1643
Epoch 3/50 | train loss: 0.5111 | validation loss: 0.6147 | validation accuracy: 0.8209 | validation AP: 0.1654
Epoch 4/50 | train loss: 0.5185 | validation loss: 0.5966 | validation accuracy: 0.8321 | validation AP: 0.1777
Epoch 5/50 | train loss: 0.4992 | validation loss: 0.5964 | validation accuracy: 0.8244 | validation AP: 0.2098
Epoch 6/50 | train loss: 0.4915 | validation loss: 0.6125 | validation accuracy: 0.8314 | validation AP: 0.1641
Epoch 7/50 | train loss: 0.487 | validation loss: 0.6236 | validation accuracy: 0.8436 | validation AP: 0.1556
Epoch 8/50 | train loss: 0.4755 | validation loss: 0.6229 | validation accuracy: 0.8314 | validation AP: 0.1774
Epoch 9/50 | train loss: 0.4871 | validation loss: 0.624 | validation accuracy: 0.8156 | validation AP: 0.1654
Stopping at epoch 9: validation AP has not improved for 4 epochs.
Best epoch: 5 | validation AP: 0.2098 | epochs run: 9

Validation classification report:
              precision    recall  f1-score   support

  disengaged     0.2485    0.2530    0.2507       332
     engaged     0.9016    0.8994    0.9005      2526

    accuracy                         0.8244      2858
   macro avg     0.5751    0.5762    0.5756      2858
weighted avg     0.8257    0.8244    0.8250      2858

Confusion matrix (rows: actual, columns: predicted):
[[  84  248]
 [ 254 2272]]
Epoch 1/50 | train loss: 0.5335 | validation loss: 0.6214 | validation accuracy: 0.8604 | validation AP: 0.187
Epoch 2/50 | train loss: 0.5222 | validation loss: 0.6078 | validation accuracy: 0.881 | validation AP: 0.1954
Epoch 3/50 | train loss: 0.5109 | validation loss: 0.5888 | validation accuracy: 0.8765 | validation AP: 0.2293
Epoch 4/50 | train loss: 0.5135 | validation loss: 0.6026 | validation accuracy: 0.8104 | validation AP: 0.1831
Epoch 5/50 | train loss: 0.5049 | validation loss: 0.6314 | validation accuracy: 0.8188 | validation AP: 0.1634[I 2026-10-09 02:44:48,682] Trial 1 finished with value: 0.24060186540194195 and parameters: {'hidden_size': 136, 'num_layers': 1, 'dropout': 0.25, 'learning_rate': 0.0003823475224675188, 'batch_size': 8}. Best is trial 1 with value: 0.24060186540194195.
[I 2026-10-09 02:46:00,883] Trial 2 finished with value: 0.21135609663235622 and parameters: {'hidden_size': 56, 'num_layers': 3, 'dropout': 0.5, 'learning_rate': 0.00021930485556643703, 'batch_size': 32}. Best is trial 1 with value: 0.24060186540194195.

Epoch 6/50 | train loss: 0.4912 | validation loss: 0.62 | validation accuracy: 0.838 | validation AP: 0.2184
Epoch 7/50 | train loss: 0.4928 | validation loss: 0.6148 | validation accuracy: 0.8383 | validation AP: 0.1967
Stopping at epoch 7: validation AP has not improved for 4 epochs.
Best epoch: 3 | validation AP: 0.2293 | epochs run: 7

Validation classification report:
              precision    recall  f1-score   support

  disengaged     0.3735    0.0934    0.1494       332
     engaged     0.8915    0.9794    0.9334      2526

    accuracy                         0.8765      2858
   macro avg     0.6325    0.5364    0.5414      2858
weighted avg     0.8314    0.8765    0.8423      2858

Confusion matrix (rows: actual, columns: predicted):
[[  31  301]
 [  52 2474]]
Epoch 1/50 | train loss: 0.5347 | validation loss: 0.6639 | validation accuracy: 0.8551 | validation AP: 0.179
Epoch 2/50 | train loss: 0.5229 | validation loss: 0.6153 | validation accuracy: 0.8149 | validation AP: 0.1939
Epoch 3/50 | train loss: 0.5098 | validation loss: 0.6084 | validation accuracy: 0.8006 | validation AP: 0.1701
Epoch 4/50 | train loss: 0.5031 | validation loss: 0.607 | validation accuracy: 0.8523 | validation AP: 0.1787
Epoch 5/50 | train loss: 0.5073 | validation loss: 0.593 | validation accuracy: 0.873 | validation AP: 0.2082
Epoch 6/50 | train loss: 0.5051 | validation loss: 0.5929 | validation accuracy: 0.859 | validation AP: 0.2109
Epoch 7/50 | train loss: 0.4934 | validation loss: 0.5976 | validation accuracy: 0.8516 | validation AP: 0.2098
Epoch 8/50 | train loss: 0.4955 | validation loss: 0.5942 | validation accuracy: 0.8639 | validation AP: 0.1985
Epoch 9/50 | train loss: 0.4892 | validation loss: 0.6077 | validation accuracy: 0.8362 | validation AP: 0.1724
Epoch 10/50 | train loss: 0.498 | validation loss: 0.6439 | validation accuracy: 0.803 | validation AP: 0.1641
Stopping at epoch 10: validation AP has not improved for 4 epochs.
Best epoch: 6 | validation AP: 0.2109 | epochs run: 10

Validation classification report:
              precision    recall  f1-score   support

  disengaged     0.3268    0.2018    0.2495       332
     engaged     0.9001    0.9454    0.9222      2526

    accuracy                         0.8590      2858
   macro avg     0.6135    0.5736    0.5859      2858
weighted avg     0.8335    0.8590    0.8440      2858

Confusion matrix (rows: actual, columns: predicted):
[[  67  265]
 [ 138 2388]]
Epoch 1/50 | train loss: 0.6771 | validation loss: 0.697 | validation accuracy: 0.8705 | validation AP: 0.1783
Epoch 2/50 | train loss: 0.6448 | validation loss: 0.6854 | validation accuracy: 0.7362 | validation AP: 0.1648
Epoch 3/50 | train loss: 0.6279 | validation loss: 0.693 | validation accuracy: 0.7428 | validation AP: 0.1756
Epoch 4/50 | train loss: 0.6259 | validation loss: 0.6997 | validation accuracy: 0.7673 | validation AP: 0.1958
Epoch 5/50 | train loss: 0.6121 | validation loss: 0.709 | validation accuracy: 0.7635 | validation AP: 0.2055
Epoch 6/50 | train loss: 0.6056 | validation loss: 0.6731 | validation accuracy: 0.7071 | validation AP: 0.1831
Epoch 7/50 | train loss: 0.6036 | validation loss: 0.7524 | validation accuracy: 0.7589 | validation AP: 0.1685
Epoch 8/50 | train loss: 0.5934 | validation loss: 0.6945 | validation accuracy: 0.7229 | validation AP: 0.1949
Epoch 9/50 | train loss: 0.5907 | validation loss: 0.6677 | validation accuracy: 0.5847 | validation AP: 0.2114
Epoch 10/50 | train loss: 0.577 | validation loss: 0.722 | validation accuracy: 0.7747 | validation AP: 0.2003
Epoch 11/50 | train loss: 0.5712 | validation loss: 0.7308 | validation accuracy: 0.7554 | validation AP: 0.181
Epoch 12/50 | train loss: 0.5693 | validation loss: 0.7349 | validation accuracy: 0.7428 | validation AP: 0.196
Epoch 13/50 | train loss: 0.5709 | validation loss: 0.7349 | validation accuracy: 0.774 | validation AP: 0.1863
Stopping at epoch 13: validation AP has not improved for 4 epochs.
Best epoch: 9 | validation AP: 0.2114 | epochs run: 13

Validation classification report:
              precision    recall  f1-score   support

  disengaged     0.1652    0.6355    0.2623       332
     engaged     0.9235    0.5780    0.7110      2526

    accuracy                         0.5847      2858
   macro avg     0.5443    0.6068    0.4866      2858
weighted avg     0.8354    0.5847    0.6589      2858

Confusion matrix (rows: actual, columns: predicted):
[[ 211  121]
 [1066 1460]]
Epoch 1/50 | train loss: 0.6769 | validation loss: 0.7119 | validation accuracy: 0.8751 | validation AP: 0.177
Epoch 2/50 | train loss: 0.6464 | validation loss: 0.6886 | validation accuracy: 0.711 | validation AP: 0.1649
Epoch 3/50 | train loss: 0.6222 | validation loss: 0.7064 | validation accuracy: 0.7673 | validation AP: 0.1921
Epoch 4/50 | train loss: 0.6083 | validation loss: 0.6766 | validation accuracy: 0.6851 | validation AP: 0.2106
Epoch 5/50 | train loss: 0.6075 | validation loss: 0.7266 | validation accuracy: 0.7232 | validation AP: 0.1757
Epoch 6/50 | train loss: 0.5997 | validation loss: 0.7066 | validation accuracy: 0.7393 | validation AP: 0.203
Epoch 7/50 | train loss: 0.5989 | validation loss: 0.6943 | validation accuracy: 0.7127 | validation AP: 0.2044
Epoch 8/50 | train loss: 0.5979 | validation loss: 0.7288 | validation accuracy: 0.7421 | validation AP: 0.1863
Stopping at epoch 8: validation AP has not improved for 4 epochs.
Best epoch: 4 | validation AP: 0.2106 | epochs run: 8

Validation classification report:
              precision    recall  f1-score   support

  disengaged     0.1886    0.5181    0.2765       332
     engaged     0.9178    0.7070    0.7987      2526

    accuracy                         0.6851      2858
   macro avg     0.5532    0.6126    0.5376      2858
weighted avg     0.8331    0.6851    0.7381      2858

Confusion matrix (rows: actual, columns: predicted):
[[ 172  160]
 [ 740 1786]]
Epoch 1/50 | train loss: 0.6804 | validation loss: 0.7059 | validation accuracy: 0.8803 | validation AP: 0.2036
Epoch 2/50 | train loss: 0.6488 | validation loss: 0.6924 | validation accuracy: 0.7743 | validation AP: 0.1803
Epoch 3/50 | train loss: 0.6224 | validation loss: 0.6977 | validation accuracy: 0.7089 | validation AP: 0.1656
Epoch 4/50 | train loss: 0.6138 | validation loss: 0.6975 | validation accuracy: 0.7684 | validation AP: 0.1843
Epoch 5/50 | train loss: 0.6036 | validation loss: 0.689 | validation accuracy: 0.7477 | validation AP: 0.1823
Stopping at epoch 5: validation AP has not improved for 4 epochs.
Best epoch: 1 | validation AP: 0.2036 | epochs run: 5

Validation classification report:
              precision    recall  f1-score   support

  disengaged     0.3750    0.0452    0.0806       332
     engaged     0.8875    0.9901    0.9360      2526

    accuracy                         0.8803      2858
   macro avg     0.6313    0.5176    0.5083      2858
weighted avg     0.8280    0.8803    0.8366      2858

Confusion matrix (rows: actual, columns: predicted):
[[  15  317]
 [  25 2501]]
Epoch 1/50 | train loss: 0.6285 | validation loss: 0.6638 | validation accuracy: 0.8621 | validation AP: 0.2023
Epoch 2/50 | train loss: 0.6024 | validation loss: 0.6863 | validation accuracy: 0.8362 | validation AP: 0.1843
Epoch 3/50 | train loss: 0.5918 | validation loss: 0.7143 | validation accuracy: 0.8548 | validation AP: 0.1769
Epoch 4/50 | train loss: 0.5979 | validation loss: 0.6639 | validation accuracy: 0.8083 | validation AP: 0.2011
Epoch 5/50 | train loss: 0.5769 | validation loss: 0.7013 | validation accuracy: 0.7904 | validation AP: 0.2106
Epoch 6/50 | train loss: 0.568 | validation loss: 0.6505 | validation accuracy: 0.7915 | validation AP: 0.1896
Epoch 7/50 | train loss: 0.564 | validation loss: 0.7074 | validation accuracy: 0.7953 | validation AP: 0.1631
Epoch 8/50 | train loss: 0.5493 | validation loss: 0.7159 | validation accuracy: 0.8135 | validation AP: 0.1687
Epoch 9/50 | train loss: 0.5511 | validation loss: 0.7049 | validation accuracy: 0.7652 | validation AP: 0.1711
Stopping at epoch 9: validation AP has not improved for 4 epochs.
Best epoch: 5 | validation AP: 0.2106 | epochs run: 9

Validation classification report:[I 2026-10-09 02:48:49,513] Trial 3 finished with value: 0.21146591660348998 and parameters: {'hidden_size': 40, 'num_layers': 1, 'dropout': 0.0, 'learning_rate': 0.006586289317583112, 'batch_size': 16}. Best is trial 1 with value: 0.24060186540194195.
[I 2026-10-09 02:49:31,491] Trial 4 finished with value: 0.21791683468222978 and parameters: {'hidden_size': 70, 'num_layers': 1, 'dropout': 0.0, 'learning_rate': 0.0069782812651260325, 'batch_size': 64}. Best is trial 1 with value: 0.24060186540194195.

              precision    recall  f1-score   support

  disengaged     0.2281    0.3373    0.2722       332
     engaged     0.9071    0.8500    0.8776      2526

    accuracy                         0.7904      2858
   macro avg     0.5676    0.5937    0.5749      2858
weighted avg     0.8282    0.7904    0.8073      2858

Confusion matrix (rows: actual, columns: predicted):
[[ 112  220]
 [ 379 2147]]
Epoch 1/50 | train loss: 0.6182 | validation loss: 0.6783 | validation accuracy: 0.8348 | validation AP: 0.2158
Epoch 2/50 | train loss: 0.5959 | validation loss: 0.7055 | validation accuracy: 0.8401 | validation AP: 0.1789
Epoch 3/50 | train loss: 0.5913 | validation loss: 0.6762 | validation accuracy: 0.8488 | validation AP: 0.2001
Epoch 4/50 | train loss: 0.5724 | validation loss: 0.6929 | validation accuracy: 0.7071 | validation AP: 0.1608
Epoch 5/50 | train loss: 0.572 | validation loss: 0.7035 | validation accuracy: 0.7558 | validation AP: 0.1555
Stopping at epoch 5: validation AP has not improved for 4 epochs.
Best epoch: 1 | validation AP: 0.2158 | epochs run: 5

Validation classification report:
              precision    recall  f1-score   support

  disengaged     0.2866    0.2831    0.2848       332
     engaged     0.9059    0.9074    0.9066      2526

    accuracy                         0.8348      2858
   macro avg     0.5963    0.5952    0.5957      2858
weighted avg     0.8340    0.8348    0.8344      2858

Confusion matrix (rows: actual, columns: predicted):
[[  94  238]
 [ 234 2292]]
Epoch 1/50 | train loss: 0.6204 | validation loss: 0.7187 | validation accuracy: 0.8604 | validation AP: 0.1728
Epoch 2/50 | train loss: 0.6088 | validation loss: 0.7239 | validation accuracy: 0.8341 | validation AP: 0.1609
Epoch 3/50 | train loss: 0.6047 | validation loss: 0.6613 | validation accuracy: 0.7519 | validation AP: 0.1703
Epoch 4/50 | train loss: 0.5759 | validation loss: 0.6905 | validation accuracy: 0.7841 | validation AP: 0.1547
Epoch 5/50 | train loss: 0.5689 | validation loss: 0.7008 | validation accuracy: 0.7169 | validation AP: 0.1534
Stopping at epoch 5: validation AP has not improved for 4 epochs.
Best epoch: 1 | validation AP: 0.1728 | epochs run: 5

Validation classification report:
              precision    recall  f1-score   support

  disengaged     0.2403    0.0934    0.1345       332
     engaged     0.8897    0.9612    0.9241      2526

    accuracy                         0.8604      2858
   macro avg     0.5650    0.5273    0.5293      2858
weighted avg     0.8143    0.8604    0.8324      2858

Confusion matrix (rows: actual, columns: predicted):
[[  31  301]
 [  98 2428]]
Epoch 1/50 | train loss: 0.6682 | validation loss: 0.6868 | validation accuracy: 0.7635 | validation AP: 0.1913
Epoch 2/50 | train loss: 0.6462 | validation loss: 0.6902 | validation accuracy: 0.7677 | validation AP: 0.1901
Epoch 3/50 | train loss: 0.6332 | validation loss: 0.726 | validation accuracy: 0.7715 | validation AP: 0.1961
Epoch 4/50 | train loss: 0.629 | validation loss: 0.7511 | validation accuracy: 0.7568 | validation AP: 0.1816
Epoch 5/50 | train loss: 0.6177 | validation loss: 0.724 | validation accuracy: 0.7292 | validation AP: 0.1889
Epoch 6/50 | train loss: 0.6105 | validation loss: 0.673 | validation accuracy: 0.5819 | validation AP: 0.1612
Epoch 7/50 | train loss: 0.5979 | validation loss: 0.7694 | validation accuracy: 0.7407 | validation AP: 0.1602
Stopping at epoch 7: validation AP has not improved for 4 epochs.
Best epoch: 3 | validation AP: 0.1961 | epochs run: 7

Validation classification report:
              precision    recall  f1-score   support

  disengaged     0.2238    0.3916    0.2848       332
     engaged     0.9113    0.8215    0.8640      2526

    accuracy                         0.7715      2858
   macro avg     0.5675    0.6065    0.5744      2858
weighted avg     0.8314    0.7715    0.7968      2858

Confusion matrix (rows: actual, columns: predicted):
[[ 130  202]
 [ 451 2075]]
Epoch 1/50 | train loss: 0.6599 | validation loss: 0.6965 | validation accuracy: 0.7509 | validation AP: 0.2062
Epoch 2/50 | train loss: 0.639 | validation loss: 0.7057 | validation accuracy: 0.6879 | validation AP: 0.1613
Epoch 3/50 | train loss: 0.6244 | validation loss: 0.7441 | validation accuracy: 0.8009 | validation AP: 0.208
Epoch 4/50 | train loss: 0.6382 | validation loss: 0.68 | validation accuracy: 0.5759 | validation AP: 0.1811
Epoch 5/50 | train loss: 0.6156 | validation loss: 0.7584 | validation accuracy: 0.704 | validation AP: 0.1669
Epoch 6/50 | train loss: 0.6018 | validation loss: 0.7437 | validation accuracy: 0.6921 | validation AP: 0.1629
Epoch 7/50 | train loss: 0.5953 | validation loss: 0.7111 | validation accuracy: 0.6882 | validation AP: 0.1805
Stopping at epoch 7: validation AP has not improved for 4 epochs.
Best epoch: 3 | validation AP: 0.208 | epochs run: 7

Validation classification report:
              precision    recall  f1-score   support

  disengaged     0.2212    0.2831    0.2483       332
     engaged     0.9022    0.8690    0.8853      2526

    accuracy                         0.8009      2858
   macro avg     0.5617    0.5760    0.5668      2858
weighted avg     0.8231    0.8009    0.8113      2858

Confusion matrix (rows: actual, columns: predicted):
[[  94  238]
 [ 331 2195]]
Epoch 1/50 | train loss: 0.6721 | validation loss: 0.7208 | validation accuracy: 0.7803 | validation AP: 0.1951
Epoch 2/50 | train loss: 0.6461 | validation loss: 0.7102 | validation accuracy: 0.684 | validation AP: 0.1704
Epoch 3/50 | train loss: 0.6385 | validation loss: 0.677 | validation accuracy: 0.6169 | validation AP: 0.1752
Epoch 4/50 | train loss: 0.6187 | validation loss: 0.6979 | validation accuracy: 0.726 | validation AP: 0.2017
Epoch 5/50 | train loss: 0.5977 | validation loss: 0.6914 | validation accuracy: 0.6253 | validation AP: 0.1656
Epoch 6/50 | train loss: 0.5989 | validation loss: 0.7313 | validation accuracy: 0.6742 | validation AP: 0.1843
Epoch 7/50 | train loss: 0.5934 | validation loss: 0.7259 | validation accuracy: 0.6431 | validation AP: 0.1605
Epoch 8/50 | train loss: 0.5851 | validation loss: 0.7243 | validation accuracy: 0.6354 | validation AP: 0.1692
Stopping at epoch 8: validation AP has not improved for 4 epochs.
Best epoch: 4 | validation AP: 0.2017 | epochs run: 8

Validation classification report:
              precision    recall  f1-score   support

  disengaged     0.1915    0.4217    0.2634       332
     engaged     0.9097    0.7660    0.8317      2526

    accuracy                         0.7260      2858
   macro avg     0.5506    0.5939    0.5476      2858
weighted avg     0.8263    0.7260    0.7657      2858

Confusion matrix (rows: actual, columns: predicted):
[[ 140  192]
 [ 591 1935]]
Epoch 1/50 | train loss: 0.6375 | validation loss: 0.6703 | validation accuracy: 0.8621 | validation AP: 0.2071
Epoch 2/50 | train loss: 0.61 | validation loss: 0.6759 | validation accuracy: 0.7691 | validation AP: 0.1684
Epoch 3/50 | train loss: 0.5954 | validation loss: 0.7307 | validation accuracy: 0.8401 | validation AP: 0.1731
Epoch 4/50 | train loss: 0.5985 | validation loss: 0.6856 | validation accuracy: 0.8132 | validation AP: 0.1791
Epoch 5/50 | train loss: 0.5788 | validation loss: 0.6988 | validation accuracy: 0.7988 | validation AP: 0.2002
Stopping at epoch 5: validation AP has not improved for 4 epochs.
Best epoch: 1 | validation AP: 0.2071 | epochs run: 5

Validation classification report:
              precision    recall  f1-score   support

  disengaged     0.3155    0.1596    0.2120       332
     engaged     0.8963    0.9545    0.9245      2526

    accuracy                         0.8621      2858
   macro avg     0.6059    0.5571    0.5682      2858
weighted avg     0.8288    0.8621    0.8417      2858

Confusion matrix (rows: actual, columns: predicted):
[[  53  279]
 [ 115 2411]]
Epoch 1/50 | train loss: 0.6204 | validation loss: 0.7283 | validation accuracy: 0.8432 | validation AP: 0.198
Epoch 2/50 | train loss: 0.6027 | validation loss: 0.6928 | validation accuracy: 0.8128 | validation AP: 0.1766
Epoch 3/50 | train loss: 0.589 | validation loss: 0.6579 | validation accuracy: 0.8495 | validation AP: 0.2152[I 2026-10-09 02:53:19,974] Trial 5 finished with value: 0.21970325544901947 and parameters: {'hidden_size': 48, 'num_layers': 1, 'dropout': 0.0, 'learning_rate': 0.0040215545266902904, 'batch_size': 16}. Best is trial 1 with value: 0.24060186540194195.

Epoch 4/50 | train loss: 0.576 | validation loss: 0.6528 | validation accuracy: 0.8013 | validation AP: 0.1883
Epoch 5/50 | train loss: 0.5636 | validation loss: 0.6935 | validation accuracy: 0.7642 | validation AP: 0.1566
Epoch 6/50 | train loss: 0.5485 | validation loss: 0.7777 | validation accuracy: 0.8076 | validation AP: 0.1982
Epoch 7/50 | train loss: 0.5519 | validation loss: 0.6841 | validation accuracy: 0.8079 | validation AP: 0.1864
Stopping at epoch 7: validation AP has not improved for 4 epochs.
Best epoch: 3 | validation AP: 0.2152 | epochs run: 7

Validation classification report:
              precision    recall  f1-score   support

  disengaged     0.2851    0.1958    0.2321       332
     engaged     0.8985    0.9355    0.9166      2526

    accuracy                         0.8495      2858
   macro avg     0.5918    0.5656    0.5744      2858
weighted avg     0.8272    0.8495    0.8371      2858

Confusion matrix (rows: actual, columns: predicted):
[[  65  267]
 [ 163 2363]]
Epoch 1/50 | train loss: 0.6199 | validation loss: 0.7073 | validation accuracy: 0.8485 | validation AP: 0.1805
Epoch 2/50 | train loss: 0.6053 | validation loss: 0.6914 | validation accuracy: 0.8534 | validation AP: 0.1952
Epoch 3/50 | train loss: 0.5913 | validation loss: 0.659 | validation accuracy: 0.7771 | validation AP: 0.1811
Epoch 4/50 | train loss: 0.568 | validation loss: 0.68 | validation accuracy: 0.7904 | validation AP: 0.1621
Epoch 5/50 | train loss: 0.5719 | validation loss: 0.6824 | validation accuracy: 0.7673 | validation AP: 0.1634
Epoch 6/50 | train loss: 0.5572 | validation loss: 0.6802 | validation accuracy: 0.7918 | validation AP: 0.1829
Stopping at epoch 6: validation AP has not improved for 4 epochs.
Best epoch: 2 | validation AP: 0.1952 | epochs run: 6

Validation classification report:
              precision    recall  f1-score   support

  disengaged     0.2194    0.1024    0.1396       332
     engaged     0.8898    0.9521    0.9199      2526

    accuracy                         0.8534      2858
   macro avg     0.5546    0.5273    0.5298      2858
weighted avg     0.8119    0.8534    0.8292      2858

Confusion matrix (rows: actual, columns: predicted):
[[  34  298]
 [ 121 2405]]
Epoch 1/50 | train loss: 0.5627 | validation loss: 0.618 | validation accuracy: 0.8838 | validation AP: 0.1286
Epoch 2/50 | train loss: 0.5276 | validation loss: 0.6297 | validation accuracy: 0.8838 | validation AP: 0.1441
Epoch 3/50 | train loss: 0.5107 | validation loss: 0.6304 | validation accuracy: 0.8628 | validation AP: 0.1512
Epoch 4/50 | train loss: 0.5107 | validation loss: 0.6134 | validation accuracy: 0.8478 | validation AP: 0.1689
Epoch 5/50 | train loss: 0.4992 | validation loss: 0.6071 | validation accuracy: 0.8272 | validation AP: 0.1673
Epoch 6/50 | train loss: 0.4935 | validation loss: 0.5997 | validation accuracy: 0.8254 | validation AP: 0.1671
Epoch 7/50 | train loss: 0.4874 | validation loss: 0.6399 | validation accuracy: 0.8111 | validation AP: 0.1573
Epoch 8/50 | train loss: 0.4752 | validation loss: 0.6202 | validation accuracy: 0.8209 | validation AP: 0.1707
Epoch 9/50 | train loss: 0.4802 | validation loss: 0.6199 | validation accuracy: 0.8065 | validation AP: 0.1722
Epoch 10/50 | train loss: 0.4718 | validation loss: 0.6415 | validation accuracy: 0.8146 | validation AP: 0.1783
Epoch 11/50 | train loss: 0.4698 | validation loss: 0.644 | validation accuracy: 0.8279 | validation AP: 0.1727
Epoch 12/50 | train loss: 0.4716 | validation loss: 0.6495 | validation accuracy: 0.8202 | validation AP: 0.1805
Epoch 13/50 | train loss: 0.4651 | validation loss: 0.6281 | validation accuracy: 0.7939 | validation AP: 0.1704
Epoch 14/50 | train loss: 0.4712 | validation loss: 0.6365 | validation accuracy: 0.809 | validation AP: 0.1825
Epoch 15/50 | train loss: 0.4656 | validation loss: 0.6317 | validation accuracy: 0.8177 | validation AP: 0.1802
Epoch 16/50 | train loss: 0.4626 | validation loss: 0.6341 | validation accuracy: 0.81 | validation AP: 0.1809
Epoch 17/50 | train loss: 0.461 | validation loss: 0.614 | validation accuracy: 0.7953 | validation AP: 0.1866
Epoch 18/50 | train loss: 0.4543 | validation loss: 0.6412 | validation accuracy: 0.8272 | validation AP: 0.1916
Epoch 19/50 | train loss: 0.4554 | validation loss: 0.6527 | validation accuracy: 0.8432 | validation AP: 0.2054
Epoch 20/50 | train loss: 0.455 | validation loss: 0.6488 | validation accuracy: 0.8146 | validation AP: 0.1884
Epoch 21/50 | train loss: 0.4496 | validation loss: 0.686 | validation accuracy: 0.8212 | validation AP: 0.1934
Epoch 22/50 | train loss: 0.4502 | validation loss: 0.6218 | validation accuracy: 0.7519 | validation AP: 0.1917
Epoch 23/50 | train loss: 0.4359 | validation loss: 0.6212 | validation accuracy: 0.7908 | validation AP: 0.2033
Stopping at epoch 23: validation AP has not improved for 4 epochs.
Best epoch: 19 | validation AP: 0.2054 | epochs run: 23

Validation classification report:
              precision    recall  f1-score   support

  disengaged     0.2717    0.2078    0.2355       332
     engaged     0.8990    0.9268    0.9127      2526

    accuracy                         0.8432      2858
   macro avg     0.5853    0.5673    0.5741      2858
weighted avg     0.8261    0.8432    0.8340      2858

Confusion matrix (rows: actual, columns: predicted):
[[  69  263]
 [ 185 2341]]
Epoch 1/50 | train loss: 0.5594 | validation loss: 0.6204 | validation accuracy: 0.8835 | validation AP: 0.1581
Epoch 2/50 | train loss: 0.5276 | validation loss: 0.6027 | validation accuracy: 0.8691 | validation AP: 0.1664
Epoch 3/50 | train loss: 0.5123 | validation loss: 0.5946 | validation accuracy: 0.8509 | validation AP: 0.1831
Epoch 4/50 | train loss: 0.5073 | validation loss: 0.5878 | validation accuracy: 0.803 | validation AP: 0.1797
Epoch 5/50 | train loss: 0.4994 | validation loss: 0.5997 | validation accuracy: 0.8146 | validation AP: 0.179
Epoch 6/50 | train loss: 0.4898 | validation loss: 0.6147 | validation accuracy: 0.8261 | validation AP: 0.1873
Epoch 7/50 | train loss: 0.4926 | validation loss: 0.6092 | validation accuracy: 0.8272 | validation AP: 0.1869
Epoch 8/50 | train loss: 0.4822 | validation loss: 0.6255 | validation accuracy: 0.8293 | validation AP: 0.1835
Epoch 9/50 | train loss: 0.4834 | validation loss: 0.6318 | validation accuracy: 0.8254 | validation AP: 0.1834
Epoch 10/50 | train loss: 0.4708 | validation loss: 0.6036 | validation accuracy: 0.8111 | validation AP: 0.1845
Stopping at epoch 10: validation AP has not improved for 4 epochs.
Best epoch: 6 | validation AP: 0.1873 | epochs run: 10

Validation classification report:
              precision    recall  f1-score   support

  disengaged     0.2462    0.2410    0.2435       332
     engaged     0.9005    0.9030    0.9018      2526

    accuracy                         0.8261      2858
   macro avg     0.5733    0.5720    0.5726      2858
weighted avg     0.8245    0.8261    0.8253      2858

Confusion matrix (rows: actual, columns: predicted):
[[  80  252]
 [ 245 2281]]
Epoch 1/50 | train loss: 0.5604 | validation loss: 0.6323 | validation accuracy: 0.8838 | validation AP: 0.1494
Epoch 2/50 | train loss: 0.5304 | validation loss: 0.6197 | validation accuracy: 0.8838 | validation AP: 0.1589
Epoch 3/50 | train loss: 0.5194 | validation loss: 0.5981 | validation accuracy: 0.8607 | validation AP: 0.1598
Epoch 4/50 | train loss: 0.5008 | validation loss: 0.6258 | validation accuracy: 0.8481 | validation AP: 0.174
Epoch 5/50 | train loss: 0.4963 | validation loss: 0.5968 | validation accuracy: 0.8272 | validation AP: 0.1817
Epoch 6/50 | train loss: 0.4992 | validation loss: 0.5968 | validation accuracy: 0.8275 | validation AP: 0.192
Epoch 7/50 | train loss: 0.4927 | validation loss: 0.6049 | validation accuracy: 0.8362 | validation AP: 0.1951
Epoch 8/50 | train loss: 0.4882 | validation loss: 0.5862 | validation accuracy: 0.8331 | validation AP: 0.1951
Epoch 9/50 | train loss: 0.4851 | validation loss: 0.5855 | validation accuracy: 0.8139 | validation AP: 0.2022
Epoch 10/50 | train loss: 0.4778 | validation loss: 0.6094 | validation accuracy: 0.8223 | validation AP: 0.1924
Epoch 11/50 | train loss: 0.4733 | validation loss: 0.6255 | validation accuracy: 0.8502 | validation AP: 0.2001[I 2026-10-09 03:15:24,790] Trial 6 finished with value: 0.20454310450801003 and parameters: {'hidden_size': 20, 'num_layers': 3, 'dropout': 0.1, 'learning_rate': 0.0001705053926026929, 'batch_size': 8}. Best is trial 1 with value: 0.24060186540194195.
[I 2026-10-09 03:17:14,004] Trial 7 finished with value: 0.22664874162555582 and parameters: {'hidden_size': 40, 'num_layers': 1, 'dropout': 0.1, 'learning_rate': 0.0026698666742744613, 'batch_size': 32}. Best is trial 1 with value: 0.24060186540194195.

Epoch 12/50 | train loss: 0.4733 | validation loss: 0.5975 | validation accuracy: 0.8202 | validation AP: 0.1949
Epoch 13/50 | train loss: 0.4706 | validation loss: 0.603 | validation accuracy: 0.8268 | validation AP: 0.1976
Stopping at epoch 13: validation AP has not improved for 4 epochs.
Best epoch: 9 | validation AP: 0.2022 | epochs run: 13

Validation classification report:
              precision    recall  f1-score   support

  disengaged     0.2549    0.3133    0.2811       332
     engaged     0.9069    0.8797    0.8931      2526

    accuracy                         0.8139      2858
   macro avg     0.5809    0.5965    0.5871      2858
weighted avg     0.8312    0.8139    0.8220      2858

Confusion matrix (rows: actual, columns: predicted):
[[ 104  228]
 [ 304 2222]]
Epoch 1/50 | train loss: 0.652 | validation loss: 0.6546 | validation accuracy: 0.726 | validation AP: 0.1997
Epoch 2/50 | train loss: 0.6266 | validation loss: 0.6885 | validation accuracy: 0.7257 | validation AP: 0.1822
Epoch 3/50 | train loss: 0.6277 | validation loss: 0.7232 | validation accuracy: 0.7953 | validation AP: 0.2171
Epoch 4/50 | train loss: 0.6282 | validation loss: 0.7401 | validation accuracy: 0.7652 | validation AP: 0.1783
Epoch 5/50 | train loss: 0.6259 | validation loss: 0.7092 | validation accuracy: 0.767 | validation AP: 0.1893
Epoch 6/50 | train loss: 0.5989 | validation loss: 0.6965 | validation accuracy: 0.6669 | validation AP: 0.1749
Epoch 7/50 | train loss: 0.6109 | validation loss: 0.7433 | validation accuracy: 0.7012 | validation AP: 0.1535
Stopping at epoch 7: validation AP has not improved for 4 epochs.
Best epoch: 3 | validation AP: 0.2171 | epochs run: 7

Validation classification report:
              precision    recall  f1-score   support

  disengaged     0.2381    0.3464    0.2822       332
     engaged     0.9086    0.8543    0.8806      2526

    accuracy                         0.7953      2858
   macro avg     0.5734    0.6004    0.5814      2858
weighted avg     0.8307    0.7953    0.8111      2858

Confusion matrix (rows: actual, columns: predicted):
[[ 115  217]
 [ 368 2158]]
Epoch 1/50 | train loss: 0.6458 | validation loss: 0.7079 | validation accuracy: 0.8023 | validation AP: 0.1973
Epoch 2/50 | train loss: 0.6242 | validation loss: 0.7117 | validation accuracy: 0.7659 | validation AP: 0.183
Epoch 3/50 | train loss: 0.6039 | validation loss: 0.707 | validation accuracy: 0.7971 | validation AP: 0.1813
Epoch 4/50 | train loss: 0.6088 | validation loss: 0.6841 | validation accuracy: 0.7026 | validation AP: 0.2219
Epoch 5/50 | train loss: 0.6085 | validation loss: 0.7321 | validation accuracy: 0.7078 | validation AP: 0.1511
Epoch 6/50 | train loss: 0.5936 | validation loss: 0.7288 | validation accuracy: 0.6917 | validation AP: 0.1711
Epoch 7/50 | train loss: 0.5885 | validation loss: 0.7221 | validation accuracy: 0.6991 | validation AP: 0.1622
Epoch 8/50 | train loss: 0.5932 | validation loss: 0.7477 | validation accuracy: 0.7586 | validation AP: 0.1572
Stopping at epoch 8: validation AP has not improved for 4 epochs.
Best epoch: 4 | validation AP: 0.2219 | epochs run: 8

Validation classification report:
              precision    recall  f1-score   support

  disengaged     0.1872    0.4669    0.2672       332
     engaged     0.9128    0.7336    0.8134      2526

    accuracy                         0.7026      2858
   macro avg     0.5500    0.6002    0.5403      2858
weighted avg     0.8285    0.7026    0.7500      2858

Confusion matrix (rows: actual, columns: predicted):
[[ 155  177]
 [ 673 1853]]
Epoch 1/50 | train loss: 0.6566 | validation loss: 0.7069 | validation accuracy: 0.8027 | validation AP: 0.2034
Epoch 2/50 | train loss: 0.6277 | validation loss: 0.7343 | validation accuracy: 0.733 | validation AP: 0.1809
Epoch 3/50 | train loss: 0.615 | validation loss: 0.6979 | validation accuracy: 0.6991 | validation AP: 0.1724
Epoch 4/50 | train loss: 0.614 | validation loss: 0.7167 | validation accuracy: 0.7628 | validation AP: 0.1679
Epoch 5/50 | train loss: 0.5894 | validation loss: 0.704 | validation accuracy: 0.7085 | validation AP: 0.1692
Stopping at epoch 5: validation AP has not improved for 4 epochs.
Best epoch: 1 | validation AP: 0.2034 | epochs run: 5

Validation classification report:
              precision    recall  f1-score   support

  disengaged     0.2225    0.2801    0.2480       332
     engaged     0.9020    0.8713    0.8864      2526

    accuracy                         0.8027      2858
   macro avg     0.5623    0.5757    0.5672      2858
weighted avg     0.8231    0.8027    0.8123      2858

Confusion matrix (rows: actual, columns: predicted):
[[  93  239]
 [ 325 2201]]
Epoch 1/50 | train loss: 0.5408 | validation loss: 0.5878 | validation accuracy: 0.8747 | validation AP: 0.2237
Epoch 2/50 | train loss: 0.519 | validation loss: 0.6121 | validation accuracy: 0.817 | validation AP: 0.1755
Epoch 3/50 | train loss: 0.5084 | validation loss: 0.6452 | validation accuracy: 0.8506 | validation AP: 0.1664
Epoch 4/50 | train loss: 0.5065 | validation loss: 0.5986 | validation accuracy: 0.8142 | validation AP: 0.1901
Epoch 5/50 | train loss: 0.4968 | validation loss: 0.6455 | validation accuracy: 0.7397 | validation AP: 0.1846
Stopping at epoch 5: validation AP has not improved for 4 epochs.
Best epoch: 1 | validation AP: 0.2237 | epochs run: 5

Validation classification report:
              precision    recall  f1-score   support

  disengaged     0.3289    0.0753    0.1225       332
     engaged     0.8896    0.9798    0.9326      2526

    accuracy                         0.8747      2858
   macro avg     0.6093    0.5276    0.5276      2858
weighted avg     0.8245    0.8747    0.8385      2858

Confusion matrix (rows: actual, columns: predicted):
[[  25  307]
 [  51 2475]]
Epoch 1/50 | train loss: 0.5405 | validation loss: 0.6247 | validation accuracy: 0.8768 | validation AP: 0.1824
Epoch 2/50 | train loss: 0.5233 | validation loss: 0.6352 | validation accuracy: 0.8177 | validation AP: 0.1502
Epoch 3/50 | train loss: 0.514 | validation loss: 0.5996 | validation accuracy: 0.8849 | validation AP: 0.2321
Epoch 4/50 | train loss: 0.5233 | validation loss: 0.602 | validation accuracy: 0.8174 | validation AP: 0.18
Epoch 5/50 | train loss: 0.5015 | validation loss: 0.6305 | validation accuracy: 0.8205 | validation AP: 0.1557
Epoch 6/50 | train loss: 0.5021 | validation loss: 0.616 | validation accuracy: 0.8516 | validation AP: 0.1894
Epoch 7/50 | train loss: 0.5062 | validation loss: 0.6162 | validation accuracy: 0.8583 | validation AP: 0.1861
Stopping at epoch 7: validation AP has not improved for 4 epochs.
Best epoch: 3 | validation AP: 0.2321 | epochs run: 7

Validation classification report:
              precision    recall  f1-score   support

  disengaged     0.5273    0.0873    0.1499       332
     engaged     0.8919    0.9897    0.9383      2526

    accuracy                         0.8849      2858
   macro avg     0.7096    0.5385    0.5441      2858
weighted avg     0.8495    0.8849    0.8467      2858

Confusion matrix (rows: actual, columns: predicted):
[[  29  303]
 [  26 2500]]
Epoch 1/50 | train loss: 0.5362 | validation loss: 0.6196 | validation accuracy: 0.8737 | validation AP: 0.2007
Epoch 2/50 | train loss: 0.5185 | validation loss: 0.6166 | validation accuracy: 0.8737 | validation AP: 0.209
Epoch 3/50 | train loss: 0.5137 | validation loss: 0.603 | validation accuracy: 0.8453 | validation AP: 0.1667
Epoch 4/50 | train loss: 0.4972 | validation loss: 0.6349 | validation accuracy: 0.8366 | validation AP: 0.1638
Epoch 5/50 | train loss: 0.4921 | validation loss: 0.6215 | validation accuracy: 0.789 | validation AP: 0.1563
Epoch 6/50 | train loss: 0.4991 | validation loss: 0.6164 | validation accuracy: 0.831 | validation AP: 0.1905
Stopping at epoch 6: validation AP has not improved for 4 epochs.
Best epoch: 2 | validation AP: 0.209 | epochs run: 6

Validation classification report:
              precision    recall  f1-score   support

  disengaged     0.3441    0.0964    0.1506       332
     engaged     0.8915    0.9759    0.9318      2526

    accuracy                         0.8737      2858
   macro avg     0.6178    0.5361    0.5412      2858
weighted avg     0.8279    0.8737    0.8410      2858
[I 2026-10-09 03:21:53,638] Trial 8 finished with value: 0.2401232384164227 and parameters: {'hidden_size': 66, 'num_layers': 2, 'dropout': 0.25, 'learning_rate': 0.0010402587615883842, 'batch_size': 8}. Best is trial 1 with value: 0.24060186540194195.
[I 2026-10-09 03:22:35,273] Trial 9 finished with value: 0.20784388522602557 and parameters: {'hidden_size': 33, 'num_layers': 1, 'dropout': 0.1, 'learning_rate': 0.005532496914298506, 'batch_size': 32}. Best is trial 1 with value: 0.24060186540194195.
[I 2026-10-09 03:25:14,350] Trial 10 finished with value: 0.20611912122948553 and parameters: {'hidden_size': 20, 'num_layers': 3, 'dropout': 0.25, 'learning_rate': 0.0008916520859346161, 'batch_size': 8}. Best is trial 1 with value: 0.24060186540194195.

Confusion matrix (rows: actual, columns: predicted):
[[  32  300]
 [  61 2465]]
Epoch 1/50 | train loss: 0.658 | validation loss: 0.6566 | validation accuracy: 0.712 | validation AP: 0.1873
Epoch 2/50 | train loss: 0.6347 | validation loss: 0.6983 | validation accuracy: 0.774 | validation AP: 0.1746
Epoch 3/50 | train loss: 0.6223 | validation loss: 0.7256 | validation accuracy: 0.7355 | validation AP: 0.1753
Epoch 4/50 | train loss: 0.6343 | validation loss: 0.7132 | validation accuracy: 0.7579 | validation AP: 0.2022
Epoch 5/50 | train loss: 0.6062 | validation loss: 0.7577 | validation accuracy: 0.7971 | validation AP: 0.211
Epoch 6/50 | train loss: 0.5899 | validation loss: 0.6717 | validation accuracy: 0.6025 | validation AP: 0.1848
Epoch 7/50 | train loss: 0.5806 | validation loss: 0.7435 | validation accuracy: 0.7799 | validation AP: 0.1804
Epoch 8/50 | train loss: 0.569 | validation loss: 0.7238 | validation accuracy: 0.7537 | validation AP: 0.2008
Epoch 9/50 | train loss: 0.5682 | validation loss: 0.6924 | validation accuracy: 0.6683 | validation AP: 0.1983
Stopping at epoch 9: validation AP has not improved for 4 epochs.
Best epoch: 5 | validation AP: 0.211 | epochs run: 9

Validation classification report:
              precision    recall  f1-score   support

  disengaged     0.2316    0.3223    0.2695       332
     engaged     0.9061    0.8595    0.8822      2526

    accuracy                         0.7971      2858
   macro avg     0.5688    0.5909    0.5758      2858
weighted avg     0.8277    0.7971    0.8110      2858

Confusion matrix (rows: actual, columns: predicted):
[[ 107  225]
 [ 355 2171]]
Epoch 1/50 | train loss: 0.646 | validation loss: 0.6997 | validation accuracy: 0.7502 | validation AP: 0.1818
Epoch 2/50 | train loss: 0.6302 | validation loss: 0.7381 | validation accuracy: 0.7617 | validation AP: 0.1684
Epoch 3/50 | train loss: 0.6164 | validation loss: 0.7328 | validation accuracy: 0.8041 | validation AP: 0.1767
Epoch 4/50 | train loss: 0.6055 | validation loss: 0.7057 | validation accuracy: 0.6312 | validation AP: 0.1755
Epoch 5/50 | train loss: 0.6012 | validation loss: 0.765 | validation accuracy: 0.6686 | validation AP: 0.1453
Stopping at epoch 5: validation AP has not improved for 4 epochs.
Best epoch: 1 | validation AP: 0.1818 | epochs run: 5

Validation classification report:
              precision    recall  f1-score   support

  disengaged     0.2115    0.4217    0.2817       332
     engaged     0.9126    0.7933    0.8488      2526

    accuracy                         0.7502      2858
   macro avg     0.5620    0.6075    0.5652      2858
weighted avg     0.8311    0.7502    0.7829      2858

Confusion matrix (rows: actual, columns: predicted):
[[ 140  192]
 [ 522 2004]]
Epoch 1/50 | train loss: 0.6586 | validation loss: 0.7228 | validation accuracy: 0.8195 | validation AP: 0.2021
Epoch 2/50 | train loss: 0.6344 | validation loss: 0.7146 | validation accuracy: 0.7768 | validation AP: 0.1921
Epoch 3/50 | train loss: 0.6143 | validation loss: 0.714 | validation accuracy: 0.6669 | validation AP: 0.1567
Epoch 4/50 | train loss: 0.6069 | validation loss: 0.698 | validation accuracy: 0.7519 | validation AP: 0.1757
Epoch 5/50 | train loss: 0.5909 | validation loss: 0.6765 | validation accuracy: 0.6994 | validation AP: 0.187
Stopping at epoch 5: validation AP has not improved for 4 epochs.
Best epoch: 1 | validation AP: 0.2021 | epochs run: 5

Validation classification report:
              precision    recall  f1-score   support

  disengaged     0.2430    0.2620    0.2522       332
     engaged     0.9020    0.8927    0.8973      2526

    accuracy                         0.8195      2858
   macro avg     0.5725    0.5774    0.5748      2858
weighted avg     0.8254    0.8195    0.8224      2858

Confusion matrix (rows: actual, columns: predicted):
[[  87  245]
 [ 271 2255]]
Epoch 1/50 | train loss: 0.5517 | validation loss: 0.6051 | validation accuracy: 0.8565 | validation AP: 0.1671
Epoch 2/50 | train loss: 0.5211 | validation loss: 0.6295 | validation accuracy: 0.8436 | validation AP: 0.1634
Epoch 3/50 | train loss: 0.5066 | validation loss: 0.6421 | validation accuracy: 0.8453 | validation AP: 0.1603
Epoch 4/50 | train loss: 0.5126 | validation loss: 0.6011 | validation accuracy: 0.8261 | validation AP: 0.1966
Epoch 5/50 | train loss: 0.4989 | validation loss: 0.6087 | validation accuracy: 0.7635 | validation AP: 0.1875
Epoch 6/50 | train loss: 0.4937 | validation loss: 0.6092 | validation accuracy: 0.8436 | validation AP: 0.1701
Epoch 7/50 | train loss: 0.4905 | validation loss: 0.6282 | validation accuracy: 0.8387 | validation AP: 0.1585
Epoch 8/50 | train loss: 0.4728 | validation loss: 0.6477 | validation accuracy: 0.8415 | validation AP: 0.1568
Stopping at epoch 8: validation AP has not improved for 4 epochs.
Best epoch: 4 | validation AP: 0.1966 | epochs run: 8

Validation classification report:
              precision    recall  f1-score   support

  disengaged     0.2523    0.2530    0.2526       332
     engaged     0.9018    0.9014    0.9016      2526

    accuracy                         0.8261      2858
   macro avg     0.5770    0.5772    0.5771      2858
weighted avg     0.8263    0.8261    0.8262      2858

Confusion matrix (rows: actual, columns: predicted):
[[  84  248]
 [ 249 2277]]
Epoch 1/50 | train loss: 0.54 | validation loss: 0.5998 | validation accuracy: 0.8387 | validation AP: 0.1954
Epoch 2/50 | train loss: 0.5175 | validation loss: 0.633 | validation accuracy: 0.845 | validation AP: 0.1792
Epoch 3/50 | train loss: 0.5038 | validation loss: 0.6097 | validation accuracy: 0.8548 | validation AP: 0.1703
Epoch 4/50 | train loss: 0.4936 | validation loss: 0.6148 | validation accuracy: 0.8111 | validation AP: 0.1667
Epoch 5/50 | train loss: 0.4914 | validation loss: 0.6399 | validation accuracy: 0.8359 | validation AP: 0.1636
Stopping at epoch 5: validation AP has not improved for 4 epochs.
Best epoch: 1 | validation AP: 0.1954 | epochs run: 5

Validation classification report:
              precision    recall  f1-score   support

  disengaged     0.2705    0.2289    0.2480       332
     engaged     0.9007    0.9188    0.9097      2526

    accuracy                         0.8387      2858
   macro avg     0.5856    0.5739    0.5788      2858
weighted avg     0.8275    0.8387    0.8328      2858

Confusion matrix (rows: actual, columns: predicted):
[[  76  256]
 [ 205 2321]]
Epoch 1/50 | train loss: 0.5429 | validation loss: 0.6402 | validation accuracy: 0.8786 | validation AP: 0.2058
Epoch 2/50 | train loss: 0.5167 | validation loss: 0.6237 | validation accuracy: 0.8558 | validation AP: 0.1823
Epoch 3/50 | train loss: 0.5038 | validation loss: 0.6279 | validation accuracy: 0.8044 | validation AP: 0.1559
Epoch 4/50 | train loss: 0.4901 | validation loss: 0.6573 | validation accuracy: 0.823 | validation AP: 0.167
Epoch 5/50 | train loss: 0.4819 | validation loss: 0.6189 | validation accuracy: 0.8307 | validation AP: 0.1709
Stopping at epoch 5: validation AP has not improved for 4 epochs.
Best epoch: 1 | validation AP: 0.2058 | epochs run: 5

Validation classification report:
              precision    recall  f1-score   support

  disengaged     0.2973    0.0331    0.0596       332
     engaged     0.8862    0.9897    0.9351      2526

    accuracy                         0.8786      2858
   macro avg     0.5918    0.5114    0.4974      2858
weighted avg     0.8178    0.8786    0.8334      2858

Confusion matrix (rows: actual, columns: predicted):
[[  11  321]
 [  26 2500]]
Epoch 1/50 | train loss: 0.5426 | validation loss: 0.5903 | validation accuracy: 0.8772 | validation AP: 0.1961
Epoch 2/50 | train loss: 0.514 | validation loss: 0.6184 | validation accuracy: 0.8719 | validation AP: 0.1867
Epoch 3/50 | train loss: 0.5041 | validation loss: 0.6329 | validation accuracy: 0.8562 | validation AP: 0.1663
Epoch 4/50 | train loss: 0.5148 | validation loss: 0.6182 | validation accuracy: 0.8146 | validation AP: 0.1689
Epoch 5/50 | train loss: 0.501 | validation loss: 0.5895 | validation accuracy: 0.8439 | validation AP: 0.207
Epoch 6/50 | train loss: 0.4942 | validation loss: 0.5821 | validation accuracy: 0.7551 | validation AP: 0.1817[I 2026-10-09 03:27:18,453] Trial 11 finished with value: 0.19965536770965034 and parameters: {'hidden_size': 95, 'num_layers': 1, 'dropout': 0.25, 'learning_rate': 0.0002591853353195313, 'batch_size': 8}. Best is trial 1 with value: 0.24060186540194195.
[I 2026-10-09 03:29:39,473] Trial 12 finished with value: 0.21224235792505775 and parameters: {'hidden_size': 27, 'num_layers': 1, 'dropout': 0.25, 'learning_rate': 0.0021631222953159505, 'batch_size': 8}. Best is trial 1 with value: 0.24060186540194195.

Epoch 7/50 | train loss: 0.4842 | validation loss: 0.6155 | validation accuracy: 0.8383 | validation AP: 0.1752
Epoch 8/50 | train loss: 0.478 | validation loss: 0.6149 | validation accuracy: 0.824 | validation AP: 0.1679
Epoch 9/50 | train loss: 0.476 | validation loss: 0.6076 | validation accuracy: 0.7845 | validation AP: 0.1687
Stopping at epoch 9: validation AP has not improved for 4 epochs.
Best epoch: 5 | validation AP: 0.207 | epochs run: 9

Validation classification report:
              precision    recall  f1-score   support

  disengaged     0.2756    0.2108    0.2389       332
     engaged     0.8994    0.9272    0.9131      2526

    accuracy                         0.8439      2858
   macro avg     0.5875    0.5690    0.5760      2858
weighted avg     0.8269    0.8439    0.8347      2858

Confusion matrix (rows: actual, columns: predicted):
[[  70  262]
 [ 184 2342]]
Epoch 1/50 | train loss: 0.5452 | validation loss: 0.6177 | validation accuracy: 0.8576 | validation AP: 0.1939
Epoch 2/50 | train loss: 0.519 | validation loss: 0.6187 | validation accuracy: 0.8751 | validation AP: 0.1864
Epoch 3/50 | train loss: 0.5088 | validation loss: 0.5995 | validation accuracy: 0.8677 | validation AP: 0.1906
Epoch 4/50 | train loss: 0.502 | validation loss: 0.5952 | validation accuracy: 0.8237 | validation AP: 0.1878
Epoch 5/50 | train loss: 0.4967 | validation loss: 0.6143 | validation accuracy: 0.845 | validation AP: 0.1685
Stopping at epoch 5: validation AP has not improved for 4 epochs.
Best epoch: 1 | validation AP: 0.1939 | epochs run: 5

Validation classification report:
              precision    recall  f1-score   support

  disengaged     0.2611    0.1235    0.1677       332
     engaged     0.8923    0.9541    0.9221      2526

    accuracy                         0.8576      2858
   macro avg     0.5767    0.5388    0.5449      2858
weighted avg     0.8189    0.8576    0.8345      2858

Confusion matrix (rows: actual, columns: predicted):
[[  41  291]
 [ 116 2410]]
Epoch 1/50 | train loss: 0.5361 | validation loss: 0.6201 | validation accuracy: 0.8688 | validation AP: 0.183
Epoch 2/50 | train loss: 0.5141 | validation loss: 0.6579 | validation accuracy: 0.8366 | validation AP: 0.1596
Epoch 3/50 | train loss: 0.5061 | validation loss: 0.6214 | validation accuracy: 0.8013 | validation AP: 0.1595
Epoch 4/50 | train loss: 0.4925 | validation loss: 0.6251 | validation accuracy: 0.8443 | validation AP: 0.171
Epoch 5/50 | train loss: 0.4863 | validation loss: 0.6093 | validation accuracy: 0.8258 | validation AP: 0.1729
Stopping at epoch 5: validation AP has not improved for 4 epochs.
Best epoch: 1 | validation AP: 0.183 | epochs run: 5

Validation classification report:
              precision    recall  f1-score   support

  disengaged     0.2133    0.0482    0.0786       332
     engaged     0.8865    0.9766    0.9294      2526

    accuracy                         0.8688      2858
   macro avg     0.5499    0.5124    0.5040      2858
weighted avg     0.8083    0.8688    0.8305      2858

Confusion matrix (rows: actual, columns: predicted):
[[  16  316]
 [  59 2467]]
Epoch 1/50 | train loss: 0.5447 | validation loss: 0.5933 | validation accuracy: 0.8835 | validation AP: 0.2227
Epoch 2/50 | train loss: 0.52 | validation loss: 0.6022 | validation accuracy: 0.8604 | validation AP: 0.1787
Epoch 3/50 | train loss: 0.5086 | validation loss: 0.6286 | validation accuracy: 0.8639 | validation AP: 0.1739
Epoch 4/50 | train loss: 0.5151 | validation loss: 0.6107 | validation accuracy: 0.8569 | validation AP: 0.2103
Epoch 5/50 | train loss: 0.5028 | validation loss: 0.6211 | validation accuracy: 0.8254 | validation AP: 0.2127
Stopping at epoch 5: validation AP has not improved for 4 epochs.
Best epoch: 1 | validation AP: 0.2227 | epochs run: 5

Validation classification report:
              precision    recall  f1-score   support

  disengaged     0.4815    0.0392    0.0724       332
     engaged     0.8873    0.9945    0.9378      2526

    accuracy                         0.8835      2858
   macro avg     0.6844    0.5168    0.5051      2858
weighted avg     0.8402    0.8835    0.8373      2858

Confusion matrix (rows: actual, columns: predicted):
[[  13  319]
 [  14 2512]]
Epoch 1/50 | train loss: 0.5347 | validation loss: 0.6358 | validation accuracy: 0.8198 | validation AP: 0.1675
Epoch 2/50 | train loss: 0.522 | validation loss: 0.6009 | validation accuracy: 0.8534 | validation AP: 0.1889
Epoch 3/50 | train loss: 0.5213 | validation loss: 0.6096 | validation accuracy: 0.8618 | validation AP: 0.1556
Epoch 4/50 | train loss: 0.5066 | validation loss: 0.6205 | validation accuracy: 0.8716 | validation AP: 0.1942
Epoch 5/50 | train loss: 0.5103 | validation loss: 0.6387 | validation accuracy: 0.8632 | validation AP: 0.1536
Epoch 6/50 | train loss: 0.4892 | validation loss: 0.6494 | validation accuracy: 0.8516 | validation AP: 0.1722
Epoch 7/50 | train loss: 0.4935 | validation loss: 0.6333 | validation accuracy: 0.874 | validation AP: 0.1628
Epoch 8/50 | train loss: 0.4845 | validation loss: 0.6483 | validation accuracy: 0.8597 | validation AP: 0.1594
Stopping at epoch 8: validation AP has not improved for 4 epochs.
Best epoch: 4 | validation AP: 0.1942 | epochs run: 8

Validation classification report:
              precision    recall  f1-score   support

  disengaged     0.3554    0.1295    0.1898       332
     engaged     0.8944    0.9691    0.9303      2526

    accuracy                         0.8716      2858
   macro avg     0.6249    0.5493    0.5601      2858
weighted avg     0.8318    0.8716    0.8443      2858

Confusion matrix (rows: actual, columns: predicted):
[[  43  289]
 [  78 2448]]
Epoch 1/50 | train loss: 0.5352 | validation loss: 0.6298 | validation accuracy: 0.8628 | validation AP: 0.1764
Epoch 2/50 | train loss: 0.5158 | validation loss: 0.6317 | validation accuracy: 0.8726 | validation AP: 0.1772
Epoch 3/50 | train loss: 0.515 | validation loss: 0.61 | validation accuracy: 0.8418 | validation AP: 0.1625
Epoch 4/50 | train loss: 0.4938 | validation loss: 0.6224 | validation accuracy: 0.8457 | validation AP: 0.1667
Epoch 5/50 | train loss: 0.4916 | validation loss: 0.6172 | validation accuracy: 0.8118 | validation AP: 0.1639
Epoch 6/50 | train loss: 0.4978 | validation loss: 0.6289 | validation accuracy: 0.8352 | validation AP: 0.1713
Stopping at epoch 6: validation AP has not improved for 4 epochs.
Best epoch: 2 | validation AP: 0.1772 | epochs run: 6

Validation classification report:
              precision    recall  f1-score   support

  disengaged     0.2576    0.0512    0.0854       332
     engaged     0.8872    0.9806    0.9316      2526

    accuracy                         0.8726      2858
   macro avg     0.5724    0.5159    0.5085      2858
weighted avg     0.8140    0.8726    0.8333      2858

Confusion matrix (rows: actual, columns: predicted):
[[  17  315]
 [  49 2477]]
Epoch 1/50 | train loss: 0.5495 | validation loss: 0.6088 | validation accuracy: 0.8817 | validation AP: 0.1742
Epoch 2/50 | train loss: 0.5284 | validation loss: 0.6205 | validation accuracy: 0.8415 | validation AP: 0.1852
Epoch 3/50 | train loss: 0.5229 | validation loss: 0.6279 | validation accuracy: 0.8345 | validation AP: 0.1672
Epoch 4/50 | train loss: 0.5256 | validation loss: 0.5839 | validation accuracy: 0.8464 | validation AP: 0.1876
Epoch 5/50 | train loss: 0.5177 | validation loss: 0.6078 | validation accuracy: 0.761 | validation AP: 0.2009
Epoch 6/50 | train loss: 0.5028 | validation loss: 0.59 | validation accuracy: 0.8303 | validation AP: 0.1931
Epoch 7/50 | train loss: 0.4967 | validation loss: 0.6102 | validation accuracy: 0.8009 | validation AP: 0.1538
Epoch 8/50 | train loss: 0.4877 | validation loss: 0.6265 | validation accuracy: 0.8551 | validation AP: 0.1865
Epoch 9/50 | train loss: 0.483 | validation loss: 0.6414 | validation accuracy: 0.8027 | validation AP: 0.1582
Stopping at epoch 9: validation AP has not improved for 4 epochs.
Best epoch: 5 | validation AP: 0.2009 | epochs run: 9

Validation classification report:
              precision    recall  f1-score   support

  disengaged     0.2287    0.4458    0.3023       332
     engaged     0.9168    0.8025    0.8558      2526

    accuracy                         0.7610      2858
   macro avg     0.5728    0.6241    0.5791      2858
weighted avg     0.8369    0.7610    0.7915      2858
[I 2026-10-09 03:34:53,715] Trial 13 finished with value: 0.22878121910978066 and parameters: {'hidden_size': 177, 'num_layers': 2, 'dropout': 0.25, 'learning_rate': 0.0011674653460688061, 'batch_size': 8}. Best is trial 1 with value: 0.24060186540194195.
[I 2026-10-09 03:39:58,480] Trial 14 finished with value: 0.20523582887579403 and parameters: {'hidden_size': 75, 'num_layers': 2, 'dropout': 0.0, 'learning_rate': 0.00028114258619504017, 'batch_size': 8}. Best is trial 1 with value: 0.24060186540194195.

Confusion matrix (rows: actual, columns: predicted):
[[ 148  184]
 [ 499 2027]]
Epoch 1/50 | train loss: 0.5517 | validation loss: 0.5951 | validation accuracy: 0.859 | validation AP: 0.2217
Epoch 2/50 | train loss: 0.5472 | validation loss: 0.6717 | validation accuracy: 0.8821 | validation AP: 0.1804
Epoch 3/50 | train loss: 0.5339 | validation loss: 0.5968 | validation accuracy: 0.874 | validation AP: 0.2237
Epoch 4/50 | train loss: 0.5296 | validation loss: 0.5965 | validation accuracy: 0.845 | validation AP: 0.186
Epoch 5/50 | train loss: 0.5158 | validation loss: 0.6202 | validation accuracy: 0.8181 | validation AP: 0.1551
Epoch 6/50 | train loss: 0.5026 | validation loss: 0.6875 | validation accuracy: 0.866 | validation AP: 0.1811
Epoch 7/50 | train loss: 0.5094 | validation loss: 0.6335 | validation accuracy: 0.8642 | validation AP: 0.1694
Stopping at epoch 7: validation AP has not improved for 4 epochs.
Best epoch: 3 | validation AP: 0.2237 | epochs run: 7

Validation classification report:
              precision    recall  f1-score   support

  disengaged     0.3444    0.0934    0.1469       332
     engaged     0.8913    0.9766    0.9320      2526

    accuracy                         0.8740      2858
   macro avg     0.6179    0.5350    0.5395      2858
weighted avg     0.8277    0.8740    0.8408      2858

Confusion matrix (rows: actual, columns: predicted):
[[  31  301]
 [  59 2467]]
Epoch 1/50 | train loss: 0.5499 | validation loss: 0.6556 | validation accuracy: 0.8558 | validation AP: 0.1611
Epoch 2/50 | train loss: 0.557 | validation loss: 0.6479 | validation accuracy: 0.8838 | validation AP: 0.2186
Epoch 3/50 | train loss: 0.5419 | validation loss: 0.6173 | validation accuracy: 0.8516 | validation AP: 0.1423
Epoch 4/50 | train loss: 0.5195 | validation loss: 0.6401 | validation accuracy: 0.8055 | validation AP: 0.1498
Epoch 5/50 | train loss: 0.5196 | validation loss: 0.6363 | validation accuracy: 0.8744 | validation AP: 0.1592
Epoch 6/50 | train loss: 0.5637 | validation loss: 0.6227 | validation accuracy: 0.8838 | validation AP: 0.1551
Stopping at epoch 6: validation AP has not improved for 4 epochs.
Best epoch: 2 | validation AP: 0.2186 | epochs run: 6

Validation classification report:
              precision    recall  f1-score   support

  disengaged     0.0000    0.0000    0.0000       332
     engaged     0.8838    1.0000    0.9383      2526

    accuracy                         0.8838      2858
   macro avg     0.4419    0.5000    0.4692      2858
weighted avg     0.7812    0.8838    0.8293      2858

Confusion matrix (rows: actual, columns: predicted):
[[   0  332]
 [   0 2526]]
Epoch 1/50 | train loss: 0.5396 | validation loss: 0.594 | validation accuracy: 0.8674 | validation AP: 0.1798
Epoch 2/50 | train loss: 0.5121 | validation loss: 0.632 | validation accuracy: 0.8401 | validation AP: 0.1711
Epoch 3/50 | train loss: 0.499 | validation loss: 0.6377 | validation accuracy: 0.8254 | validation AP: 0.1602
Epoch 4/50 | train loss: 0.5045 | validation loss: 0.6022 | validation accuracy: 0.7967 | validation AP: 0.177
Epoch 5/50 | train loss: 0.4858 | validation loss: 0.6199 | validation accuracy: 0.7946 | validation AP: 0.1815
Epoch 6/50 | train loss: 0.4792 | validation loss: 0.6008 | validation accuracy: 0.8254 | validation AP: 0.1895
Epoch 7/50 | train loss: 0.4765 | validation loss: 0.6463 | validation accuracy: 0.8142 | validation AP: 0.1602
Epoch 8/50 | train loss: 0.4568 | validation loss: 0.6507 | validation accuracy: 0.7596 | validation AP: 0.1686
Epoch 9/50 | train loss: 0.4644 | validation loss: 0.6302 | validation accuracy: 0.7964 | validation AP: 0.1874
Epoch 10/50 | train loss: 0.4575 | validation loss: 0.6639 | validation accuracy: 0.8114 | validation AP: 0.1805
Stopping at epoch 10: validation AP has not improved for 4 epochs.
Best epoch: 6 | validation AP: 0.1895 | epochs run: 10

Validation classification report:
              precision    recall  f1-score   support

  disengaged     0.2349    0.2229    0.2287       332
     engaged     0.8985    0.9046    0.9016      2526

    accuracy                         0.8254      2858
   macro avg     0.5667    0.5637    0.5652      2858
weighted avg     0.8215    0.8254    0.8234      2858

Confusion matrix (rows: actual, columns: predicted):
[[  74  258]
 [ 241 2285]]
Epoch 1/50 | train loss: 0.5331 | validation loss: 0.6097 | validation accuracy: 0.8408 | validation AP: 0.1928
Epoch 2/50 | train loss: 0.5135 | validation loss: 0.6113 | validation accuracy: 0.8506 | validation AP: 0.1834
Epoch 3/50 | train loss: 0.5005 | validation loss: 0.5979 | validation accuracy: 0.8709 | validation AP: 0.2052
Epoch 4/50 | train loss: 0.4944 | validation loss: 0.6076 | validation accuracy: 0.7929 | validation AP: 0.1885
Epoch 5/50 | train loss: 0.4884 | validation loss: 0.6094 | validation accuracy: 0.8289 | validation AP: 0.1873
Epoch 6/50 | train loss: 0.4738 | validation loss: 0.6313 | validation accuracy: 0.8321 | validation AP: 0.1891
Epoch 7/50 | train loss: 0.4745 | validation loss: 0.6176 | validation accuracy: 0.8334 | validation AP: 0.1681
Stopping at epoch 7: validation AP has not improved for 4 epochs.
Best epoch: 3 | validation AP: 0.2052 | epochs run: 7

Validation classification report:
              precision    recall  f1-score   support

  disengaged     0.3093    0.0904    0.1399       332
     engaged     0.8906    0.9735    0.9302      2526

    accuracy                         0.8709      2858
   macro avg     0.5999    0.5319    0.5350      2858
weighted avg     0.8231    0.8709    0.8384      2858

Confusion matrix (rows: actual, columns: predicted):
[[  30  302]
 [  67 2459]]
Epoch 1/50 | train loss: 0.5356 | validation loss: 0.6287 | validation accuracy: 0.8593 | validation AP: 0.1823
Epoch 2/50 | train loss: 0.5103 | validation loss: 0.6204 | validation accuracy: 0.8436 | validation AP: 0.1777
Epoch 3/50 | train loss: 0.501 | validation loss: 0.6127 | validation accuracy: 0.824 | validation AP: 0.167
Epoch 4/50 | train loss: 0.4866 | validation loss: 0.62 | validation accuracy: 0.8275 | validation AP: 0.1863
Epoch 5/50 | train loss: 0.4893 | validation loss: 0.6075 | validation accuracy: 0.8069 | validation AP: 0.1725
Epoch 6/50 | train loss: 0.4919 | validation loss: 0.5912 | validation accuracy: 0.8334 | validation AP: 0.1951
Epoch 7/50 | train loss: 0.4822 | validation loss: 0.619 | validation accuracy: 0.8432 | validation AP: 0.1852
Epoch 8/50 | train loss: 0.4777 | validation loss: 0.6067 | validation accuracy: 0.8628 | validation AP: 0.1702
Epoch 9/50 | train loss: 0.4769 | validation loss: 0.6077 | validation accuracy: 0.8205 | validation AP: 0.181
Epoch 10/50 | train loss: 0.4723 | validation loss: 0.63 | validation accuracy: 0.8359 | validation AP: 0.1818
Stopping at epoch 10: validation AP has not improved for 4 epochs.
Best epoch: 6 | validation AP: 0.1951 | epochs run: 10

Validation classification report:
              precision    recall  f1-score   support

  disengaged     0.2465    0.2108    0.2273       332
     engaged     0.8982    0.9153    0.9067      2526

    accuracy                         0.8334      2858
   macro avg     0.5723    0.5631    0.5670      2858
weighted avg     0.8225    0.8334    0.8277      2858

Confusion matrix (rows: actual, columns: predicted):
[[  70  262]
 [ 214 2312]]
Epoch 1/50 | train loss: 0.6721 | validation loss: 0.6778 | validation accuracy: 0.6557 | validation AP: 0.1682
Epoch 2/50 | train loss: 0.6445 | validation loss: 0.6708 | validation accuracy: 0.6508 | validation AP: 0.1698
Epoch 3/50 | train loss: 0.6319 | validation loss: 0.6821 | validation accuracy: 0.7026 | validation AP: 0.1804
Epoch 4/50 | train loss: 0.6208 | validation loss: 0.6875 | validation accuracy: 0.7915 | validation AP: 0.2208
Epoch 5/50 | train loss: 0.6114 | validation loss: 0.7113 | validation accuracy: 0.7635 | validation AP: 0.226
Epoch 6/50 | train loss: 0.5968 | validation loss: 0.6783 | validation accuracy: 0.6819 | validation AP: 0.1738
Epoch 7/50 | train loss: 0.6072 | validation loss: 0.7639 | validation accuracy: 0.7092 | validation AP: 0.1513
Epoch 8/50 | train loss: 0.6069 | validation loss: 0.7334 | validation accuracy: 0.7348 | validation AP: 0.175[I 2026-10-09 03:40:17,592] Trial 15 finished with value: 0.2159740511869123 and parameters: {'hidden_size': 120, 'num_layers': 2, 'dropout': 0.25, 'learning_rate': 0.00035205921030151204, 'batch_size': 64}. Best is trial 1 with value: 0.24060186540194195.
[I 2026-10-09 03:41:57,996] Trial 16 finished with value: 0.21064299974714193 and parameters: {'hidden_size': 54, 'num_layers': 1, 'dropout': 0.5, 'learning_rate': 0.000706740202050954, 'batch_size': 8}. Best is trial 1 with value: 0.24060186540194195.

Epoch 9/50 | train loss: 0.592 | validation loss: 0.7546 | validation accuracy: 0.7313 | validation AP: 0.1954
Stopping at epoch 9: validation AP has not improved for 4 epochs.
Best epoch: 5 | validation AP: 0.226 | epochs run: 9

Validation classification report:
              precision    recall  f1-score   support

  disengaged     0.2199    0.4066    0.2854       332
     engaged     0.9122    0.8104    0.8583      2526

    accuracy                         0.7635      2858
   macro avg     0.5660    0.6085    0.5718      2858
weighted avg     0.8318    0.7635    0.7917      2858

Confusion matrix (rows: actual, columns: predicted):
[[ 135  197]
 [ 479 2047]]
Epoch 1/50 | train loss: 0.6658 | validation loss: 0.691 | validation accuracy: 0.7005 | validation AP: 0.1598
Epoch 2/50 | train loss: 0.6435 | validation loss: 0.6757 | validation accuracy: 0.6592 | validation AP: 0.1603
Epoch 3/50 | train loss: 0.6292 | validation loss: 0.7073 | validation accuracy: 0.7575 | validation AP: 0.2135
Epoch 4/50 | train loss: 0.6215 | validation loss: 0.6456 | validation accuracy: 0.6424 | validation AP: 0.2079
Epoch 5/50 | train loss: 0.6113 | validation loss: 0.6919 | validation accuracy: 0.7092 | validation AP: 0.1841
Epoch 6/50 | train loss: 0.612 | validation loss: 0.6796 | validation accuracy: 0.7533 | validation AP: 0.1791
Epoch 7/50 | train loss: 0.6023 | validation loss: 0.6888 | validation accuracy: 0.7208 | validation AP: 0.1766
Stopping at epoch 7: validation AP has not improved for 4 epochs.
Best epoch: 3 | validation AP: 0.2135 | epochs run: 7

Validation classification report:
              precision    recall  f1-score   support

  disengaged     0.2026    0.3705    0.2620       332
     engaged     0.9072    0.8084    0.8549      2526

    accuracy                         0.7575      2858
   macro avg     0.5549    0.5894    0.5585      2858
weighted avg     0.8253    0.7575    0.7860      2858

Confusion matrix (rows: actual, columns: predicted):
[[ 123  209]
 [ 484 2042]]
Epoch 1/50 | train loss: 0.6736 | validation loss: 0.6947 | validation accuracy: 0.7323 | validation AP: 0.1728
Epoch 2/50 | train loss: 0.646 | validation loss: 0.6903 | validation accuracy: 0.732 | validation AP: 0.1702
Epoch 3/50 | train loss: 0.6338 | validation loss: 0.6732 | validation accuracy: 0.6991 | validation AP: 0.1706
Epoch 4/50 | train loss: 0.6279 | validation loss: 0.6693 | validation accuracy: 0.7232 | validation AP: 0.1929
Epoch 5/50 | train loss: 0.6226 | validation loss: 0.6812 | validation accuracy: 0.6596 | validation AP: 0.1583
Epoch 6/50 | train loss: 0.6115 | validation loss: 0.6922 | validation accuracy: 0.7197 | validation AP: 0.1761
Epoch 7/50 | train loss: 0.6108 | validation loss: 0.7337 | validation accuracy: 0.7407 | validation AP: 0.1833
Epoch 8/50 | train loss: 0.6026 | validation loss: 0.7035 | validation accuracy: 0.7533 | validation AP: 0.1708
Stopping at epoch 8: validation AP has not improved for 4 epochs.
Best epoch: 4 | validation AP: 0.1929 | epochs run: 8

Validation classification report:
              precision    recall  f1-score   support

  disengaged     0.2046    0.4789    0.2867       332
     engaged     0.9169    0.7553    0.8283      2526

    accuracy                         0.7232      2858
   macro avg     0.5608    0.6171    0.5575      2858
weighted avg     0.8341    0.7232    0.7654      2858

Confusion matrix (rows: actual, columns: predicted):
[[ 159  173]
 [ 618 1908]]
Epoch 1/50 | train loss: 0.5502 | validation loss: 0.5888 | validation accuracy: 0.8747 | validation AP: 0.2074
Epoch 2/50 | train loss: 0.5155 | validation loss: 0.6292 | validation accuracy: 0.8793 | validation AP: 0.1986
Epoch 3/50 | train loss: 0.5027 | validation loss: 0.628 | validation accuracy: 0.8695 | validation AP: 0.1752
Epoch 4/50 | train loss: 0.5213 | validation loss: 0.6107 | validation accuracy: 0.8632 | validation AP: 0.1847
Epoch 5/50 | train loss: 0.5039 | validation loss: 0.6044 | validation accuracy: 0.8492 | validation AP: 0.1949
Stopping at epoch 5: validation AP has not improved for 4 epochs.
Best epoch: 1 | validation AP: 0.2074 | epochs run: 5

Validation classification report:
              precision    recall  f1-score   support

  disengaged     0.3375    0.0813    0.1311       332
     engaged     0.8902    0.9790    0.9325      2526

    accuracy                         0.8747      2858
   macro avg     0.6139    0.5302    0.5318      2858
weighted avg     0.8260    0.8747    0.8394      2858

Confusion matrix (rows: actual, columns: predicted):
[[  27  305]
 [  53 2473]]
Epoch 1/50 | train loss: 0.5427 | validation loss: 0.6059 | validation accuracy: 0.8478 | validation AP: 0.1911
Epoch 2/50 | train loss: 0.5253 | validation loss: 0.6054 | validation accuracy: 0.8373 | validation AP: 0.1785
Epoch 3/50 | train loss: 0.5105 | validation loss: 0.5914 | validation accuracy: 0.8453 | validation AP: 0.2136
Epoch 4/50 | train loss: 0.5089 | validation loss: 0.5969 | validation accuracy: 0.8065 | validation AP: 0.1919
Epoch 5/50 | train loss: 0.497 | validation loss: 0.6221 | validation accuracy: 0.8086 | validation AP: 0.1731
Epoch 6/50 | train loss: 0.4833 | validation loss: 0.6521 | validation accuracy: 0.8293 | validation AP: 0.1802
Epoch 7/50 | train loss: 0.4883 | validation loss: 0.6179 | validation accuracy: 0.8307 | validation AP: 0.166
Stopping at epoch 7: validation AP has not improved for 4 epochs.
Best epoch: 3 | validation AP: 0.2136 | epochs run: 7

Validation classification report:
              precision    recall  f1-score   support

  disengaged     0.2901    0.2289    0.2559       332
     engaged     0.9014    0.9264    0.9137      2526

    accuracy                         0.8453      2858
   macro avg     0.5957    0.5776    0.5848      2858
weighted avg     0.8304    0.8453    0.8373      2858

Confusion matrix (rows: actual, columns: predicted):
[[  76  256]
 [ 186 2340]]
Epoch 1/50 | train loss: 0.5332 | validation loss: 0.6357 | validation accuracy: 0.8726 | validation AP: 0.189
Epoch 2/50 | train loss: 0.5185 | validation loss: 0.6304 | validation accuracy: 0.8649 | validation AP: 0.1748
Epoch 3/50 | train loss: 0.5139 | validation loss: 0.6241 | validation accuracy: 0.8453 | validation AP: 0.1546
Epoch 4/50 | train loss: 0.5094 | validation loss: 0.6303 | validation accuracy: 0.8345 | validation AP: 0.1613
Epoch 5/50 | train loss: 0.4998 | validation loss: 0.6301 | validation accuracy: 0.7981 | validation AP: 0.1568
Stopping at epoch 5: validation AP has not improved for 4 epochs.
Best epoch: 1 | validation AP: 0.189 | epochs run: 5

Validation classification report:
              precision    recall  f1-score   support

  disengaged     0.2647    0.0542    0.0900       332
     engaged     0.8875    0.9802    0.9315      2526

    accuracy                         0.8726      2858
   macro avg     0.5761    0.5172    0.5108      2858
weighted avg     0.8151    0.8726    0.8338      2858

Confusion matrix (rows: actual, columns: predicted):
[[  18  314]
 [  50 2476]]
Epoch 1/50 | train loss: 0.6588 | validation loss: 0.6753 | validation accuracy: 0.7831 | validation AP: 0.1787
Epoch 2/50 | train loss: 0.6319 | validation loss: 0.6696 | validation accuracy: 0.7372 | validation AP: 0.1886
Epoch 3/50 | train loss: 0.6235 | validation loss: 0.7002 | validation accuracy: 0.7516 | validation AP: 0.1675
Epoch 4/50 | train loss: 0.6201 | validation loss: 0.6918 | validation accuracy: 0.7764 | validation AP: 0.1881
Epoch 5/50 | train loss: 0.599 | validation loss: 0.7329 | validation accuracy: 0.7288 | validation AP: 0.174
Epoch 6/50 | train loss: 0.5894 | validation loss: 0.6563 | validation accuracy: 0.6228 | validation AP: 0.1726
Stopping at epoch 6: validation AP has not improved for 4 epochs.
Best epoch: 2 | validation AP: 0.1886 | epochs run: 6

Validation classification report:
              precision    recall  f1-score   support

  disengaged     0.2028    0.4307    0.2758       332
     engaged     0.9122    0.7775    0.8395      2526

    accuracy                         0.7372      2858
   macro avg     0.5575    0.6041    0.5576      2858
weighted avg     0.8298    0.7372    0.7740      2858
[I 2026-10-09 03:42:43,370] Trial 17 finished with value: 0.20540325759976363 and parameters: {'hidden_size': 41, 'num_layers': 2, 'dropout': 0.25, 'learning_rate': 0.0011457649720982626, 'batch_size': 32}. Best is trial 1 with value: 0.24060186540194195.
[I 2026-10-09 03:45:04,962] Trial 18 finished with value: 0.21662247637338483 and parameters: {'hidden_size': 167, 'num_layers': 1, 'dropout': 0.0, 'learning_rate': 0.00010578833495985209, 'batch_size': 8}. Best is trial 1 with value: 0.24060186540194195.

Confusion matrix (rows: actual, columns: predicted):
[[ 143  189]
 [ 562 1964]]
Epoch 1/50 | train loss: 0.6535 | validation loss: 0.7114 | validation accuracy: 0.8037 | validation AP: 0.1845
Epoch 2/50 | train loss: 0.6243 | validation loss: 0.7032 | validation accuracy: 0.7642 | validation AP: 0.1735
Epoch 3/50 | train loss: 0.6089 | validation loss: 0.6722 | validation accuracy: 0.7463 | validation AP: 0.2149
Epoch 4/50 | train loss: 0.5977 | validation loss: 0.6985 | validation accuracy: 0.6515 | validation AP: 0.1699
Epoch 5/50 | train loss: 0.5921 | validation loss: 0.7333 | validation accuracy: 0.7246 | validation AP: 0.1609
Epoch 6/50 | train loss: 0.5826 | validation loss: 0.7115 | validation accuracy: 0.7365 | validation AP: 0.1847
Epoch 7/50 | train loss: 0.5778 | validation loss: 0.7124 | validation accuracy: 0.7698 | validation AP: 0.1604
Stopping at epoch 7: validation AP has not improved for 4 epochs.
Best epoch: 3 | validation AP: 0.2149 | epochs run: 7

Validation classification report:
              precision    recall  f1-score   support

  disengaged     0.2018    0.4006    0.2684       332
     engaged     0.9095    0.7918    0.8466      2526

    accuracy                         0.7463      2858
   macro avg     0.5557    0.5962    0.5575      2858
weighted avg     0.8273    0.7463    0.7794      2858

Confusion matrix (rows: actual, columns: predicted):
[[ 133  199]
 [ 526 2000]]
Epoch 1/50 | train loss: 0.6646 | validation loss: 0.7081 | validation accuracy: 0.8212 | validation AP: 0.1806
Epoch 2/50 | train loss: 0.6308 | validation loss: 0.7278 | validation accuracy: 0.8069 | validation AP: 0.1586
Epoch 3/50 | train loss: 0.6134 | validation loss: 0.7248 | validation accuracy: 0.7012 | validation AP: 0.1529
Epoch 4/50 | train loss: 0.6145 | validation loss: 0.7257 | validation accuracy: 0.8628 | validation AP: 0.1866
Epoch 5/50 | train loss: 0.5933 | validation loss: 0.6984 | validation accuracy: 0.7414 | validation AP: 0.1829
Epoch 6/50 | train loss: 0.5762 | validation loss: 0.7172 | validation accuracy: 0.7323 | validation AP: 0.1879
Epoch 7/50 | train loss: 0.5791 | validation loss: 0.7746 | validation accuracy: 0.7855 | validation AP: 0.1944
Epoch 8/50 | train loss: 0.5729 | validation loss: 0.6989 | validation accuracy: 0.7491 | validation AP: 0.1903
Epoch 9/50 | train loss: 0.5701 | validation loss: 0.7022 | validation accuracy: 0.7138 | validation AP: 0.1938
Epoch 10/50 | train loss: 0.5681 | validation loss: 0.7629 | validation accuracy: 0.7281 | validation AP: 0.1829
Epoch 11/50 | train loss: 0.5621 | validation loss: 0.7677 | validation accuracy: 0.8237 | validation AP: 0.1888
Stopping at epoch 11: validation AP has not improved for 4 epochs.
Best epoch: 7 | validation AP: 0.1944 | epochs run: 11

Validation classification report:
              precision    recall  f1-score   support

  disengaged     0.2127    0.3133    0.2533       332
     engaged     0.9038    0.8476    0.8748      2526

    accuracy                         0.7855      2858
   macro avg     0.5582    0.5804    0.5641      2858
weighted avg     0.8235    0.7855    0.8026      2858

Confusion matrix (rows: actual, columns: predicted):
[[ 104  228]
 [ 385 2141]]
Epoch 1/50 | train loss: 0.5531 | validation loss: 0.5909 | validation accuracy: 0.8828 | validation AP: 0.2035
Epoch 2/50 | train loss: 0.5171 | validation loss: 0.6271 | validation accuracy: 0.8516 | validation AP: 0.1674
Epoch 3/50 | train loss: 0.505 | validation loss: 0.6202 | validation accuracy: 0.8576 | validation AP: 0.1823
Epoch 4/50 | train loss: 0.5123 | validation loss: 0.5977 | validation accuracy: 0.845 | validation AP: 0.1808
Epoch 5/50 | train loss: 0.4988 | validation loss: 0.586 | validation accuracy: 0.8579 | validation AP: 0.2115
Epoch 6/50 | train loss: 0.4923 | validation loss: 0.5907 | validation accuracy: 0.8656 | validation AP: 0.1972
Epoch 7/50 | train loss: 0.4847 | validation loss: 0.6265 | validation accuracy: 0.8369 | validation AP: 0.1569
Epoch 8/50 | train loss: 0.4748 | validation loss: 0.6167 | validation accuracy: 0.8401 | validation AP: 0.178
Epoch 9/50 | train loss: 0.4782 | validation loss: 0.6187 | validation accuracy: 0.8114 | validation AP: 0.1856
Stopping at epoch 9: validation AP has not improved for 4 epochs.
Best epoch: 5 | validation AP: 0.2115 | epochs run: 9

Validation classification report:
              precision    recall  f1-score   support

  disengaged     0.2771    0.1386    0.1847       332
     engaged     0.8938    0.9525    0.9222      2526

    accuracy                         0.8579      2858
   macro avg     0.5854    0.5455    0.5535      2858
weighted avg     0.8221    0.8579    0.8365      2858

Confusion matrix (rows: actual, columns: predicted):
[[  46  286]
 [ 120 2406]]
Epoch 1/50 | train loss: 0.5451 | validation loss: 0.6282 | validation accuracy: 0.8754 | validation AP: 0.1829
Epoch 2/50 | train loss: 0.5278 | validation loss: 0.6135 | validation accuracy: 0.8642 | validation AP: 0.1626
Epoch 3/50 | train loss: 0.513 | validation loss: 0.5913 | validation accuracy: 0.8744 | validation AP: 0.2183
Epoch 4/50 | train loss: 0.5083 | validation loss: 0.5887 | validation accuracy: 0.824 | validation AP: 0.2073
Epoch 5/50 | train loss: 0.499 | validation loss: 0.6217 | validation accuracy: 0.8387 | validation AP: 0.1575
Epoch 6/50 | train loss: 0.4919 | validation loss: 0.6502 | validation accuracy: 0.8579 | validation AP: 0.2024
Epoch 7/50 | train loss: 0.4947 | validation loss: 0.6178 | validation accuracy: 0.8425 | validation AP: 0.1803
Stopping at epoch 7: validation AP has not improved for 4 epochs.
Best epoch: 3 | validation AP: 0.2183 | epochs run: 7

Validation classification report:
              precision    recall  f1-score   support

  disengaged     0.3412    0.0873    0.1391       332
     engaged     0.8907    0.9778    0.9323      2526

    accuracy                         0.8744      2858
   macro avg     0.6160    0.5326    0.5357      2858
weighted avg     0.8269    0.8744    0.8401      2858

Confusion matrix (rows: actual, columns: predicted):
[[  29  303]
 [  56 2470]]
Epoch 1/50 | train loss: 0.5404 | validation loss: 0.6141 | validation accuracy: 0.8807 | validation AP: 0.1924
Epoch 2/50 | train loss: 0.5151 | validation loss: 0.6286 | validation accuracy: 0.8681 | validation AP: 0.1771
Epoch 3/50 | train loss: 0.5075 | validation loss: 0.6077 | validation accuracy: 0.8376 | validation AP: 0.1717
Epoch 4/50 | train loss: 0.4942 | validation loss: 0.6333 | validation accuracy: 0.8093 | validation AP: 0.1691
Epoch 5/50 | train loss: 0.494 | validation loss: 0.6003 | validation accuracy: 0.8338 | validation AP: 0.1826
Stopping at epoch 5: validation AP has not improved for 4 epochs.
Best epoch: 1 | validation AP: 0.1924 | epochs run: 5

Validation classification report:
              precision    recall  f1-score   support

  disengaged     0.2632    0.0151    0.0285       332
     engaged     0.8848    0.9945    0.9364      2526

    accuracy                         0.8807      2858
   macro avg     0.5740    0.5048    0.4825      2858
weighted avg     0.8126    0.8807    0.8310      2858

Confusion matrix (rows: actual, columns: predicted):
[[   5  327]
 [  14 2512]]
Epoch 1/50 | train loss: 0.5471 | validation loss: 0.6142 | validation accuracy: 0.8786 | validation AP: 0.1624
Epoch 2/50 | train loss: 0.5319 | validation loss: 0.625 | validation accuracy: 0.8747 | validation AP: 0.194
Epoch 3/50 | train loss: 0.5247 | validation loss: 0.641 | validation accuracy: 0.8677 | validation AP: 0.1753
Epoch 4/50 | train loss: 0.5274 | validation loss: 0.6003 | validation accuracy: 0.8586 | validation AP: 0.1983
Epoch 5/50 | train loss: 0.5089 | validation loss: 0.5922 | validation accuracy: 0.7915 | validation AP: 0.2106
Epoch 6/50 | train loss: 0.5065 | validation loss: 0.611 | validation accuracy: 0.8513 | validation AP: 0.1648
Epoch 7/50 | train loss: 0.5078 | validation loss: 0.6117 | validation accuracy: 0.8583 | validation AP: 0.1644
Epoch 8/50 | train loss: 0.5015 | validation loss: 0.6571 | validation accuracy: 0.845 | validation AP: 0.1591
Epoch 9/50 | train loss: 0.5131 | validation loss: 0.6244 | validation accuracy: 0.7999 | validation AP: 0.1555[I 2026-10-09 03:47:30,793] Trial 19 finished with value: 0.23461025775069425 and parameters: {'hidden_size': 84, 'num_layers': 2, 'dropout': 0.5, 'learning_rate': 0.0013109512741346495, 'batch_size': 8}. Best is trial 1 with value: 0.24060186540194195.

Stopping at epoch 9: validation AP has not improved for 4 epochs.
Best epoch: 5 | validation AP: 0.2106 | epochs run: 9

Validation classification report:
              precision    recall  f1-score   support

  disengaged     0.2442    0.3795    0.2972       332
     engaged     0.9120    0.8456    0.8776      2526

    accuracy                         0.7915      2858
   macro avg     0.5781    0.6126    0.5874      2858
weighted avg     0.8345    0.7915    0.8101      2858

Confusion matrix (rows: actual, columns: predicted):
[[ 126  206]
 [ 390 2136]]
Epoch 1/50 | train loss: 0.5705 | validation loss: 0.6442 | validation accuracy: 0.8838 | validation AP: 0.1589
Epoch 2/50 | train loss: 0.5604 | validation loss: 0.6042 | validation accuracy: 0.8782 | validation AP: 0.1906
Epoch 3/50 | train loss: 0.5341 | validation loss: 0.5958 | validation accuracy: 0.8796 | validation AP: 0.1967
Epoch 4/50 | train loss: 0.5286 | validation loss: 0.602 | validation accuracy: 0.8016 | validation AP: 0.1738
Epoch 5/50 | train loss: 0.5227 | validation loss: 0.6263 | validation accuracy: 0.81 | validation AP: 0.1535
Epoch 6/50 | train loss: 0.516 | validation loss: 0.6432 | validation accuracy: 0.8702 | validation AP: 0.2116
Epoch 7/50 | train loss: 0.5194 | validation loss: 0.6032 | validation accuracy: 0.8856 | validation AP: 0.2233
Epoch 8/50 | train loss: 0.5203 | validation loss: 0.6108 | validation accuracy: 0.8838 | validation AP: 0.218
Epoch 9/50 | train loss: 0.5114 | validation loss: 0.6971 | validation accuracy: 0.8425 | validation AP: 0.1605
Epoch 10/50 | train loss: 0.5079 | validation loss: 0.6026 | validation accuracy: 0.8611 | validation AP: 0.2008
Epoch 11/50 | train loss: 0.5028 | validation loss: 0.6197 | validation accuracy: 0.874 | validation AP: 0.1951
Stopping at epoch 11: validation AP has not improved for 4 epochs.
Best epoch: 7 | validation AP: 0.2233 | epochs run: 11

Validation classification report:
              precision    recall  f1-score   support

  disengaged     0.5472    0.0873    0.1506       332
     engaged     0.8920    0.9905    0.9387      2526

    accuracy                         0.8856      2858
   macro avg     0.7196    0.5389    0.5447      2858
weighted avg     0.8519    0.8856    0.8471      2858

Confusion matrix (rows: actual, columns: predicted):
[[  29  303]
 [  24 2502]]
Epoch 1/50 | train loss: 0.5451 | validation loss: 0.6537 | validation accuracy: 0.866 | validation AP: 0.1492
Epoch 2/50 | train loss: 0.5236 | validation loss: 0.6101 | validation accuracy: 0.8646 | validation AP: 0.2306
Epoch 3/50 | train loss: 0.519 | validation loss: 0.5892 | validation accuracy: 0.8223 | validation AP: 0.1943
Epoch 4/50 | train loss: 0.5027 | validation loss: 0.637 | validation accuracy: 0.8555 | validation AP: 0.168
Epoch 5/50 | train loss: 0.5043 | validation loss: 0.6162 | validation accuracy: 0.8219 | validation AP: 0.17
Epoch 6/50 | train loss: 0.5151 | validation loss: 0.6164 | validation accuracy: 0.8492 | validation AP: 0.1829
Stopping at epoch 6: validation AP has not improved for 4 epochs.
Best epoch: 2 | validation AP: 0.2306 | epochs run: 6

Validation classification report:
              precision    recall  f1-score   support

  disengaged     0.3353    0.1687    0.2244       332
     engaged     0.8974    0.9561    0.9258      2526

    accuracy                         0.8646      2858
   macro avg     0.6164    0.5624    0.5751      2858
weighted avg     0.8321    0.8646    0.8443      2858

Confusion matrix (rows: actual, columns: predicted):
[[  56  276]
 [ 111 2415]]
Epoch 1/50 | train loss: 0.5335 | validation loss: 0.6217 | validation accuracy: 0.8646 | validation AP: 0.1604
Epoch 2/50 | train loss: 0.5191 | validation loss: 0.6121 | validation accuracy: 0.8677 | validation AP: 0.1503
Epoch 3/50 | train loss: 0.5158 | validation loss: 0.6276 | validation accuracy: 0.8751 | validation AP: 0.1655
Epoch 4/50 | train loss: 0.5156 | validation loss: 0.6189 | validation accuracy: 0.8446 | validation AP: 0.1478
Epoch 5/50 | train loss: 0.5074 | validation loss: 0.6196 | validation accuracy: 0.8712 | validation AP: 0.1989
Epoch 6/50 | train loss: 0.5009 | validation loss: 0.6053 | validation accuracy: 0.8705 | validation AP: 0.2403
Epoch 7/50 | train loss: 0.5016 | validation loss: 0.6067 | validation accuracy: 0.8471 | validation AP: 0.2127
Epoch 8/50 | train loss: 0.5117 | validation loss: 0.6076 | validation accuracy: 0.8418 | validation AP: 0.184
Epoch 9/50 | train loss: 0.4966 | validation loss: 0.6201 | validation accuracy: 0.8572 | validation AP: 0.1879
Epoch 10/50 | train loss: 0.4928 | validation loss: 0.62 | validation accuracy: 0.8593 | validation AP: 0.1769
Stopping at epoch 10: validation AP has not improved for 4 epochs.
Best epoch: 6 | validation AP: 0.2403 | epochs run: 10

Validation classification report:
              precision    recall  f1-score   support

  disengaged     0.3468    0.1295    0.1886       332
     engaged     0.8943    0.9679    0.9297      2526

    accuracy                         0.8705      2858
   macro avg     0.6205    0.5487    0.5591      2858
weighted avg     0.8307    0.8705    0.8436      2858

Confusion matrix (rows: actual, columns: predicted):
[[  43  289]
 [  81 2445]]
Epoch 1/50 | train loss: 0.5395 | validation loss: 0.6019 | validation accuracy: 0.8541 | validation AP: 0.1728
Epoch 2/50 | train loss: 0.5232 | validation loss: 0.6108 | validation accuracy: 0.8814 | validation AP: 0.1906
Epoch 3/50 | train loss: 0.5402 | validation loss: 0.6047 | validation accuracy: 0.8796 | validation AP: 0.1862
Epoch 4/50 | train loss: 0.5356 | validation loss: 0.5923 | validation accuracy: 0.8383 | validation AP: 0.2045
Epoch 5/50 | train loss: 0.5183 | validation loss: 0.6233 | validation accuracy: 0.86 | validation AP: 0.1646
Epoch 6/50 | train loss: 0.5223 | validation loss: 0.6078 | validation accuracy: 0.8579 | validation AP: 0.1783
Epoch 7/50 | train loss: 0.5139 | validation loss: 0.6301 | validation accuracy: 0.8646 | validation AP: 0.1769
Epoch 8/50 | train loss: 0.5064 | validation loss: 0.6452 | validation accuracy: 0.8216 | validation AP: 0.1508
Stopping at epoch 8: validation AP has not improved for 4 epochs.
Best epoch: 4 | validation AP: 0.2045 | epochs run: 8

Validation classification report:
              precision    recall  f1-score   support

  disengaged     0.2727    0.2349    0.2524       332
     engaged     0.9012    0.9177    0.9094      2526

    accuracy                         0.8383      2858
   macro avg     0.5870    0.5763    0.5809      2858
weighted avg     0.8282    0.8383    0.8331      2858

Confusion matrix (rows: actual, columns: predicted):
[[  78  254]
 [ 208 2318]]
Epoch 1/50 | train loss: 0.5419 | validation loss: 0.5989 | validation accuracy: 0.8824 | validation AP: 0.2045
Epoch 2/50 | train loss: 0.5176 | validation loss: 0.6201 | validation accuracy: 0.8807 | validation AP: 0.2228
Epoch 3/50 | train loss: 0.5116 | validation loss: 0.6094 | validation accuracy: 0.8782 | validation AP: 0.1861
Epoch 4/50 | train loss: 0.5034 | validation loss: 0.6269 | validation accuracy: 0.8698 | validation AP: 0.1672
Epoch 5/50 | train loss: 0.5017 | validation loss: 0.6329 | validation accuracy: 0.8279 | validation AP: 0.1756
Epoch 6/50 | train loss: 0.5033 | validation loss: 0.5914 | validation accuracy: 0.8562 | validation AP: 0.2125
Stopping at epoch 6: validation AP has not improved for 4 epochs.
Best epoch: 2 | validation AP: 0.2228 | epochs run: 6

Validation classification report:
              precision    recall  f1-score   support

  disengaged     0.4262    0.0783    0.1323       332
     engaged     0.8906    0.9861    0.9359      2526

    accuracy                         0.8807      2858
   macro avg     0.6584    0.5322    0.5341      2858
weighted avg     0.8367    0.8807    0.8426      2858

Confusion matrix (rows: actual, columns: predicted):
[[  26  306]
 [  35 2491]]
Epoch 1/50 | train loss: 0.547 | validation loss: 0.632 | validation accuracy: 0.8436 | validation AP: 0.1432
Epoch 2/50 | train loss: 0.522 | validation loss: 0.605 | validation accuracy: 0.8422 | validation AP: 0.1718
Epoch 3/50 | train loss: 0.5079 | validation loss: 0.6276 | validation accuracy: 0.7813 | validation AP: 0.1523
Epoch 4/50 | train loss: 0.5105 | validation loss: 0.6263 | validation accuracy: 0.8684 | validation AP: 0.1621
Epoch 5/50 | train loss: 0.504 | validation loss: 0.6226 | validation accuracy: 0.8261 | validation AP: 0.1876
Epoch 6/50 | train loss: 0.4989 | validation loss: 0.6032 | validation accuracy: 0.8376 | validation AP: 0.2009
Epoch 7/50 | train loss: 0.4893 | validation loss: 0.6468 | validation accuracy: 0.8628 | validation AP: 0.1739
Epoch 8/50 | train loss: 0.4831 | validation loss: 0.6195 | validation accuracy: 0.8432 | validation AP: 0.1719
Epoch 9/50 | train loss: 0.4947 | validation loss: 0.6154 | validation accuracy: 0.8698 | validation AP: 0.1905
Epoch 10/50 | train loss: 0.4936 | validation loss: 0.6193 | validation accuracy: 0.823 | validation AP: 0.1763
Stopping at epoch 10: validation AP has not improved for 4 epochs.
Best epoch: 6 | validation AP: 0.2009 | epochs run: 10

Validation classification report:
              precision    recall  f1-score   support

  disengaged     0.2800    0.2530    0.2658       332
     engaged     0.9030    0.9145    0.9087      2526

    accuracy                         0.8376      2858
   macro avg     0.5915    0.5838    0.5873      2858
weighted avg     0.8307    0.8376    0.8340      2858

Confusion matrix (rows: actual, columns: predicted):
[[  84  248]
 [ 216 2310]]
Epoch 1/50 | train loss: 0.5415 | validation loss: 0.6126 | validation accuracy: 0.8373 | validation AP: 0.1523
Epoch 2/50 | train loss: 0.5141 | validation loss: 0.6376 | validation accuracy: 0.8726 | validation AP: 0.1715
Epoch 3/50 | train loss: 0.5107 | validation loss: 0.6024 | validation accuracy: 0.8684 | validation AP: 0.1901
Epoch 4/50 | train loss: 0.5071 | validation loss: 0.5946 | validation accuracy: 0.8355 | validation AP: 0.1929
Epoch 5/50 | train loss: 0.5043 | validation loss: 0.6418 | validation accuracy: 0.8509 | validation AP: 0.1797
Epoch 6/50 | train loss: 0.4955 | validation loss: 0.6138 | validation accuracy: 0.8376 | validation AP: 0.1809
Epoch 7/50 | train loss: 0.4889 | validation loss: 0.6051 | validation accuracy: 0.8618 | validation AP: 0.1988
Epoch 8/50 | train loss: 0.4928 | validation loss: 0.6082 | validation accuracy: 0.8562 | validation AP: 0.1729
Epoch 9/50 | train loss: 0.4973 | validation loss: 0.662 | validation accuracy: 0.8464 | validation AP: 0.154
Epoch 10/50 | train loss: 0.4978 | validation loss: 0.6285 | validation accuracy: 0.8513 | validation AP: 0.1541
Epoch 11/50 | train loss: 0.495 | validation loss: 0.6558 | validation accuracy: 0.8404 | validation AP: 0.1503
Stopping at epoch 11: validation AP has not improved for 4 epochs.
Best epoch: 7 | validation AP: 0.1988 | epochs run: 11

Validation classification report:
              precision    recall  f1-score   support

  disengaged     0.2886    0.1295    0.1788       332
     engaged     0.8933    0.9580    0.9245      2526

    accuracy                         0.8618      2858
   macro avg     0.5910    0.5438    0.5517      2858
weighted avg     0.8231    0.8618    0.8379      2858

Confusion matrix (rows: actual, columns: predicted):
[[  43  289]
 [ 106 2420]]
Epoch 1/50 | train loss: 0.537 | validation loss: 0.6211 | validation accuracy: 0.8467 | validation AP: 0.1822
Epoch 2/50 | train loss: 0.5149 | validation loss: 0.6124 | validation accuracy: 0.8523 | validation AP: 0.1853
Epoch 3/50 | train loss: 0.51 | validation loss: 0.6152 | validation accuracy: 0.8555 | validation AP: 0.1717
Epoch 4/50 | train loss: 0.5085 | validation loss: 0.6064 | validation accuracy: 0.8314 | validation AP: 0.1729
Epoch 5/50 | train loss: 0.5003 | validation loss: 0.6251 | validation accuracy: 0.8478 | validation AP: 0.1752
Epoch 6/50 | train loss: 0.4885 | validation loss: 0.6234 | validation accuracy: 0.852 | validation AP: 0.1774
Stopping at epoch 6: validation AP has not improved for 4 epochs.
Best epoch: 2 | validation AP: 0.1853 | epochs run: 6

Validation classification report:
              precision    recall  f1-score   support

  disengaged     0.2188    0.1054    0.1423       332
     engaged     0.8899    0.9505    0.9192      2526

    accuracy                         0.8523      2858
   macro avg     0.5543    0.5280    0.5307      2858
weighted avg     0.8120    0.8523    0.8290      2858

Confusion matrix (rows: actual, columns: predicted):
[[  35  297]
 [ 125 2401]]
Epoch 1/50 | train loss: 0.545 | validation loss: 0.5933 | validation accuracy: 0.8569 | validation AP: 0.1892
Epoch 2/50 | train loss: 0.5204 | validation loss: 0.6007 | validation accuracy: 0.8163 | validation AP: 0.1887
Epoch 3/50 | train loss: 0.5171 | validation loss: 0.6021 | validation accuracy: 0.8404 | validation AP: 0.1727
Epoch 4/50 | train loss: 0.5108 | validation loss: 0.6177 | validation accuracy: 0.8051 | validation AP: 0.1655
Epoch 5/50 | train loss: 0.502 | validation loss: 0.6065 | validation accuracy: 0.8509 | validation AP: 0.199
Epoch 6/50 | train loss: 0.4923 | validation loss: 0.6166 | validation accuracy: 0.8314 | validation AP: 0.1937
Epoch 7/50 | train loss: 0.4825 | validation loss: 0.6368 | validation accuracy: 0.8471 | validation AP: 0.1849
Epoch 8/50 | train loss: 0.474 | validation loss: 0.6386 | validation accuracy: 0.8237 | validation AP: 0.1713
Epoch 9/50 | train loss: 0.4775 | validation loss: 0.6507 | validation accuracy: 0.7859 | validation AP: 0.1712
Stopping at epoch 9: validation AP has not improved for 4 epochs.
Best epoch: 5 | validation AP: 0.199 | epochs run: 9

Validation classification report:
              precision    recall  f1-score   support

  disengaged     0.2473    0.1386    0.1776       332
     engaged     0.8930    0.9446    0.9180      2526

    accuracy                         0.8509      2858
   macro avg     0.5701    0.5416    0.5478      2858
weighted avg     0.8180    0.8509    0.8320      2858

Confusion matrix (rows: actual, columns: predicted):
[[  46  286]
 [ 140 2386]]
Epoch 1/50 | train loss: 0.538 | validation loss: 0.603 | validation accuracy: 0.8695 | validation AP: 0.1896
Epoch 2/50 | train loss: 0.5164 | validation loss: 0.6198 | validation accuracy: 0.8723 | validation AP: 0.1855
Epoch 3/50 | train loss: 0.5119 | validation loss: 0.6005 | validation accuracy: 0.8733 | validation AP: 0.1907
Epoch 4/50 | train loss: 0.5066 | validation loss: 0.6477 | validation accuracy: 0.8768 | validation AP: 0.1676
Epoch 5/50 | train loss: 0.4988 | validation loss: 0.6617 | validation accuracy: 0.8286 | validation AP: 0.1724
Epoch 6/50 | train loss: 0.4981 | validation loss: 0.6035 | validation accuracy: 0.8488 | validation AP: 0.2026
Epoch 7/50 | train loss: 0.4861 | validation loss: 0.6374 | validation accuracy: 0.8328 | validation AP: 0.1722
Epoch 8/50 | train loss: 0.4815 | validation loss: 0.6346 | validation accuracy: 0.7957 | validation AP: 0.1584
Epoch 9/50 | train loss: 0.481 | validation loss: 0.637 | validation accuracy: 0.817 | validation AP: 0.1755
Epoch 10/50 | train loss: 0.4715 | validation loss: 0.66 | validation accuracy: 0.7992 | validation AP: 0.1617
Stopping at epoch 10: validation AP has not improved for 4 epochs.
Best epoch: 6 | validation AP: 0.2026 | epochs run: 10

Validation classification report:
              precision    recall  f1-score   support

  disengaged     0.2283    0.1265    0.1628       332
     engaged     0.8915    0.9438    0.9169      2526

    accuracy                         0.8488      2858
   macro avg     0.5599    0.5351    0.5399      2858
weighted avg     0.8145    0.8488    0.8293      2858

Confusion matrix (rows: actual, columns: predicted):
[[  42  290]
 [ 142 2384]]
Epoch 1/50 | train loss: 0.5423 | validation loss: 0.6333 | validation accuracy: 0.8272 | validation AP: 0.1534
Epoch 2/50 | train loss: 0.5235 | validation loss: 0.5978 | validation accuracy: 0.8537 | validation AP: 0.1861
Epoch 3/50 | train loss: 0.5067 | validation loss: 0.6141 | validation accuracy: 0.8321 | validation AP: 0.1775
Epoch 4/50 | train loss: 0.502 | validation loss: 0.6115 | validation accuracy: 0.8411 | validation AP: 0.1655
Epoch 5/50 | train loss: 0.5017 | validation loss: 0.6359 | validation accuracy: 0.8551 | validation AP: 0.1651
Epoch 6/50 | train loss: 0.5018 | validation loss: 0.6304 | validation accuracy: 0.8558 | validation AP: 0.1852[I 2026-10-09 03:56:41,929] A new study created in memory with name: gru_uni_attention|10fps/5s
[I 2026-10-09 03:57:02,800] Trial 0 finished with value: 0.26887597924293066 and parameters: {'hidden_size': 47, 'num_layers': 3, 'dropout': 0.0, 'learning_rate': 0.005399484409787433, 'batch_size': 64}. Best is trial 0 with value: 0.26887597924293066.

Stopping at epoch 6: validation AP has not improved for 4 epochs.
Best epoch: 2 | validation AP: 0.1861 | epochs run: 6

Validation classification report:
              precision    recall  f1-score   support

  disengaged     0.2278    0.1084    0.1469       332
     engaged     0.8904    0.9517    0.9200      2526

    accuracy                         0.8537      2858
   macro avg     0.5591    0.5301    0.5335      2858
weighted avg     0.8134    0.8537    0.8302      2858

Confusion matrix (rows: actual, columns: predicted):
[[  36  296]
 [ 122 2404]]
Epoch 1/50 | train loss: 0.5379 | validation loss: 0.6072 | validation accuracy: 0.8646 | validation AP: 0.161
Epoch 2/50 | train loss: 0.5113 | validation loss: 0.6539 | validation accuracy: 0.8691 | validation AP: 0.1551
Epoch 3/50 | train loss: 0.5052 | validation loss: 0.6051 | validation accuracy: 0.8506 | validation AP: 0.1718
Epoch 4/50 | train loss: 0.5045 | validation loss: 0.6051 | validation accuracy: 0.8555 | validation AP: 0.1792
Epoch 5/50 | train loss: 0.5056 | validation loss: 0.6145 | validation accuracy: 0.8555 | validation AP: 0.1792
Epoch 6/50 | train loss: 0.4926 | validation loss: 0.6141 | validation accuracy: 0.845 | validation AP: 0.1911
Epoch 7/50 | train loss: 0.4939 | validation loss: 0.6101 | validation accuracy: 0.8485 | validation AP: 0.1789
Epoch 8/50 | train loss: 0.4811 | validation loss: 0.6198 | validation accuracy: 0.8474 | validation AP: 0.1859
Epoch 9/50 | train loss: 0.4723 | validation loss: 0.68 | validation accuracy: 0.8097 | validation AP: 0.1675
Epoch 10/50 | train loss: 0.4784 | validation loss: 0.6317 | validation accuracy: 0.831 | validation AP: 0.176
Stopping at epoch 10: validation AP has not improved for 4 epochs.
Best epoch: 6 | validation AP: 0.1911 | epochs run: 10

Validation classification report:
              precision    recall  f1-score   support

  disengaged     0.2533    0.1717    0.2047       332
     engaged     0.8956    0.9335    0.9141      2526

    accuracy                         0.8450      2858
   macro avg     0.5744    0.5526    0.5594      2858
weighted avg     0.8210    0.8450    0.8317      2858

Confusion matrix (rows: actual, columns: predicted):
[[  57  275]
 [ 168 2358]]

 lstm | 10fps/5s (confirmed on seeds [52, 53, 54, 55, 56])
  0.2236 +/- 0.0099  (80786,) params  hidden_size=136, num_layers=1, dropout=0.25, learning_rate=0.0003823475224675188, batch_size=8
  0.1967 +/- 0.0041  (56102,) params  hidden_size=66, num_layers=2, dropout=0.25, learning_rate=0.0010402587615883842, batch_size=8
  Selected: hidden_size=136, num_layers=1, dropout=0.25, learning_rate=0.0003823475224675188, batch_size=8  (AP 0.2236, 80,786 parameters)
Epoch 1/50 | train loss: 0.6671 | validation loss: 0.6626 | validation accuracy: 0.6484 | validation AP: 0.1933
Epoch 2/50 | train loss: 0.6358 | validation loss: 0.6324 | validation accuracy: 0.6582 | validation AP: 0.2525
Epoch 3/50 | train loss: 0.6279 | validation loss: 0.687 | validation accuracy: 0.711 | validation AP: 0.2216
Epoch 4/50 | train loss: 0.6231 | validation loss: 0.6571 | validation accuracy: 0.6774 | validation AP: 0.2552
Epoch 5/50 | train loss: 0.604 | validation loss: 0.8467 | validation accuracy: 0.7442 | validation AP: 0.2782
Epoch 6/50 | train loss: 0.6018 | validation loss: 0.6444 | validation accuracy: 0.654 | validation AP: 0.2166
Epoch 7/50 | train loss: 0.5956 | validation loss: 0.7689 | validation accuracy: 0.7624 | validation AP: 0.1844
Epoch 8/50 | train loss: 0.5863 | validation loss: 0.69 | validation accuracy: 0.6959 | validation AP: 0.2118
Epoch 9/50 | train loss: 0.5753 | validation loss: 0.6783 | validation accuracy: 0.6641 | validation AP: 0.2125
Stopping at epoch 9: validation AP has not improved for 4 epochs.
Best epoch: 5 | validation AP: 0.2782 | epochs run: 9

Validation classification report:
              precision    recall  f1-score   support

  disengaged     0.2293    0.5090    0.3162       332
     engaged     0.9231    0.7751    0.8427      2526

    accuracy                         0.7442      2858
   macro avg     0.5762    0.6421    0.5794      2858
weighted avg     0.8425    0.7442    0.7815      2858

Confusion matrix (rows: actual, columns: predicted):
[[ 169  163]
 [ 568 1958]]
Epoch 1/50 | train loss: 0.6626 | validation loss: 0.7876 | validation accuracy: 0.8055 | validation AP: 0.2561
Epoch 2/50 | train loss: 0.6284 | validation loss: 0.6909 | validation accuracy: 0.7761 | validation AP: 0.2451
Epoch 3/50 | train loss: 0.6192 | validation loss: 0.6548 | validation accuracy: 0.7435 | validation AP: 0.276
Epoch 4/50 | train loss: 0.613 | validation loss: 0.6661 | validation accuracy: 0.6305 | validation AP: 0.2327
Epoch 5/50 | train loss: 0.6045 | validation loss: 0.6633 | validation accuracy: 0.6791 | validation AP: 0.2406
Epoch 6/50 | train loss: 0.5982 | validation loss: 0.7038 | validation accuracy: 0.7211 | validation AP: 0.2581
Epoch 7/50 | train loss: 0.5936 | validation loss: 0.6734 | validation accuracy: 0.7176 | validation AP: 0.2433
Stopping at epoch 7: validation AP has not improved for 4 epochs.
Best epoch: 3 | validation AP: 0.276 | epochs run: 7

Validation classification report:
              precision    recall  f1-score   support

  disengaged     0.2257    0.4970    0.3104       332
     engaged     0.9215    0.7759    0.8425      2526

    accuracy                         0.7435      2858
   macro avg     0.5736    0.6365    0.5765      2858
weighted avg     0.8407    0.7435    0.7807      2858

Confusion matrix (rows: actual, columns: predicted):
[[ 165  167]
 [ 566 1960]]
Epoch 1/50 | train loss: 0.6765 | validation loss: 0.6889 | validation accuracy: 0.8055 | validation AP: 0.2259
Epoch 2/50 | train loss: 0.6409 | validation loss: 0.6548 | validation accuracy: 0.6438 | validation AP: 0.2039
Epoch 3/50 | train loss: 0.6219 | validation loss: 0.6454 | validation accuracy: 0.6886 | validation AP: 0.1977
Epoch 4/50 | train loss: 0.6107 | validation loss: 0.6395 | validation accuracy: 0.6473 | validation AP: 0.2145
Epoch 5/50 | train loss: 0.6039 | validation loss: 0.6661 | validation accuracy: 0.6735 | validation AP: 0.1706
Stopping at epoch 5: validation AP has not improved for 4 epochs.
Best epoch: 1 | validation AP: 0.2259 | epochs run: 5

Validation classification report:
              precision    recall  f1-score   support

  disengaged     0.2455    0.3253    0.2798       332
     engaged     0.9074    0.8686    0.8875      2526

    accuracy                         0.8055      2858
   macro avg     0.5764    0.5969    0.5837      2858
weighted avg     0.8305    0.8055    0.8169      2858

Confusion matrix (rows: actual, columns: predicted):
[[ 108  224]
 [ 332 2194]]
Epoch 1/50 | train loss: 0.5352 | validation loss: 0.5837 | validation accuracy: 0.8674 | validation AP: 0.2071
Epoch 2/50 | train loss: 0.5071 | validation loss: 0.6162 | validation accuracy: 0.846 | validation AP: 0.1811
Epoch 3/50 | train loss: 0.4958 | validation loss: 0.6114 | validation accuracy: 0.8443 | validation AP: 0.2044
Epoch 4/50 | train loss: 0.502 | validation loss: 0.5759 | validation accuracy: 0.8502 | validation AP: 0.2456
Epoch 5/50 | train loss: 0.4909 | validation loss: 0.5695 | validation accuracy: 0.8373 | validation AP: 0.2686
Epoch 6/50 | train loss: 0.4809 | validation loss: 0.5684 | validation accuracy: 0.8516 | validation AP: 0.2491
Epoch 7/50 | train loss: 0.4774 | validation loss: 0.6075 | validation accuracy: 0.8436 | validation AP: 0.199
Epoch 8/50 | train loss: 0.4662 | validation loss: 0.6088 | validation accuracy: 0.86 | validation AP: 0.2118
Epoch 9/50 | train loss: 0.4694 | validation loss: 0.5989 | validation accuracy: 0.8369 | validation AP: 0.2222
Stopping at epoch 9: validation AP has not improved for 4 epochs.
Best epoch: 5 | validation AP: 0.2686 | epochs run: 9

Validation classification report:
              precision    recall  f1-score   support

  disengaged     0.2966    0.2922    0.2944       332
     engaged     0.9072    0.9089    0.9080      2526

    accuracy                         0.8373      2858
   macro avg     0.6019    0.6006    0.6012      2858
weighted avg     0.8362    0.8373    0.8368      2858
[I 2026-10-09 04:01:07,220] Trial 1 finished with value: 0.28741097627686046 and parameters: {'hidden_size': 136, 'num_layers': 1, 'dropout': 0.25, 'learning_rate': 0.0003823475224675188, 'batch_size': 8}. Best is trial 1 with value: 0.28741097627686046.

Confusion matrix (rows: actual, columns: predicted):
[[  97  235]
 [ 230 2296]]
Epoch 1/50 | train loss: 0.5278 | validation loss: 0.624 | validation accuracy: 0.8495 | validation AP: 0.1955
Epoch 2/50 | train loss: 0.5176 | validation loss: 0.6024 | validation accuracy: 0.8667 | validation AP: 0.1832
Epoch 3/50 | train loss: 0.5048 | validation loss: 0.5809 | validation accuracy: 0.8726 | validation AP: 0.244
Epoch 4/50 | train loss: 0.4957 | validation loss: 0.572 | validation accuracy: 0.8191 | validation AP: 0.2419
Epoch 5/50 | train loss: 0.489 | validation loss: 0.6031 | validation accuracy: 0.8153 | validation AP: 0.1943
Epoch 6/50 | train loss: 0.4761 | validation loss: 0.607 | validation accuracy: 0.8485 | validation AP: 0.2365
Epoch 7/50 | train loss: 0.4776 | validation loss: 0.5899 | validation accuracy: 0.8583 | validation AP: 0.2483
Epoch 8/50 | train loss: 0.4692 | validation loss: 0.6108 | validation accuracy: 0.8733 | validation AP: 0.2558
Epoch 9/50 | train loss: 0.4721 | validation loss: 0.6035 | validation accuracy: 0.8607 | validation AP: 0.2209
Epoch 10/50 | train loss: 0.4531 | validation loss: 0.5725 | validation accuracy: 0.8244 | validation AP: 0.2406
Epoch 11/50 | train loss: 0.4621 | validation loss: 0.5838 | validation accuracy: 0.8576 | validation AP: 0.2435
Epoch 12/50 | train loss: 0.4558 | validation loss: 0.6087 | validation accuracy: 0.8174 | validation AP: 0.2017
Stopping at epoch 12: validation AP has not improved for 4 epochs.
Best epoch: 8 | validation AP: 0.2558 | epochs run: 12

Validation classification report:
              precision    recall  f1-score   support

  disengaged     0.3729    0.1325    0.1956       332
     engaged     0.8949    0.9707    0.9313      2526

    accuracy                         0.8733      2858
   macro avg     0.6339    0.5516    0.5634      2858
weighted avg     0.8343    0.8733    0.8458      2858

Confusion matrix (rows: actual, columns: predicted):
[[  44  288]
 [  74 2452]]
Epoch 1/50 | train loss: 0.5251 | validation loss: 0.6233 | validation accuracy: 0.8628 | validation AP: 0.1876
Epoch 2/50 | train loss: 0.5059 | validation loss: 0.6332 | validation accuracy: 0.8576 | validation AP: 0.1838
Epoch 3/50 | train loss: 0.5016 | validation loss: 0.6043 | validation accuracy: 0.7957 | validation AP: 0.1844
Epoch 4/50 | train loss: 0.4913 | validation loss: 0.6033 | validation accuracy: 0.8541 | validation AP: 0.2076
Epoch 5/50 | train loss: 0.4864 | validation loss: 0.5675 | validation accuracy: 0.8537 | validation AP: 0.2523
Epoch 6/50 | train loss: 0.4882 | validation loss: 0.5786 | validation accuracy: 0.8495 | validation AP: 0.2257
Epoch 7/50 | train loss: 0.4825 | validation loss: 0.5941 | validation accuracy: 0.838 | validation AP: 0.2259
Epoch 8/50 | train loss: 0.4772 | validation loss: 0.559 | validation accuracy: 0.8506 | validation AP: 0.2536
Epoch 9/50 | train loss: 0.4725 | validation loss: 0.5809 | validation accuracy: 0.8457 | validation AP: 0.2294
Epoch 10/50 | train loss: 0.4605 | validation loss: 0.6125 | validation accuracy: 0.8177 | validation AP: 0.2037
Epoch 11/50 | train loss: 0.4519 | validation loss: 0.6258 | validation accuracy: 0.8709 | validation AP: 0.243
Epoch 12/50 | train loss: 0.4568 | validation loss: 0.5791 | validation accuracy: 0.8397 | validation AP: 0.237
Stopping at epoch 12: validation AP has not improved for 4 epochs.
Best epoch: 8 | validation AP: 0.2536 | epochs run: 12

Validation classification report:
              precision    recall  f1-score   support

  disengaged     0.2996    0.2139    0.2496       332
     engaged     0.9004    0.9343    0.9170      2526

    accuracy                         0.8506      2858
   macro avg     0.6000    0.5741    0.5833      2858
weighted avg     0.8306    0.8506    0.8395      2858

Confusion matrix (rows: actual, columns: predicted):
[[  71  261]
 [ 166 2360]]
Epoch 1/50 | train loss: 0.6707 | validation loss: 0.6628 | validation accuracy: 0.7495 | validation AP: 0.1941
Epoch 2/50 | train loss: 0.6347 | validation loss: 0.6684 | validation accuracy: 0.7005 | validation AP: 0.18
Epoch 3/50 | train loss: 0.6297 | validation loss: 0.6941 | validation accuracy: 0.7645 | validation AP: 0.1919
Epoch 4/50 | train loss: 0.6286 | validation loss: 0.6653 | validation accuracy: 0.7789 | validation AP: 0.2191
Epoch 5/50 | train loss: 0.6115 | validation loss: 0.6596 | validation accuracy: 0.7778 | validation AP: 0.2361
Epoch 6/50 | train loss: 0.5979 | validation loss: 0.6381 | validation accuracy: 0.7201 | validation AP: 0.2379
Epoch 7/50 | train loss: 0.5981 | validation loss: 0.7356 | validation accuracy: 0.7568 | validation AP: 0.1854
Epoch 8/50 | train loss: 0.5898 | validation loss: 0.6999 | validation accuracy: 0.7663 | validation AP: 0.2317
Epoch 9/50 | train loss: 0.5909 | validation loss: 0.6784 | validation accuracy: 0.7505 | validation AP: 0.2528
Epoch 10/50 | train loss: 0.5845 | validation loss: 0.6843 | validation accuracy: 0.7824 | validation AP: 0.2594
Epoch 11/50 | train loss: 0.5819 | validation loss: 0.6858 | validation accuracy: 0.7782 | validation AP: 0.2449
Epoch 12/50 | train loss: 0.5836 | validation loss: 0.6977 | validation accuracy: 0.7908 | validation AP: 0.243
Epoch 13/50 | train loss: 0.5864 | validation loss: 0.6953 | validation accuracy: 0.7488 | validation AP: 0.2145
Epoch 14/50 | train loss: 0.5826 | validation loss: 0.6657 | validation accuracy: 0.7334 | validation AP: 0.2207
Stopping at epoch 14: validation AP has not improved for 4 epochs.
Best epoch: 10 | validation AP: 0.2594 | epochs run: 14

Validation classification report:
              precision    recall  f1-score   support

  disengaged     0.2429    0.4127    0.3058       332
     engaged     0.9150    0.8310    0.8710      2526

    accuracy                         0.7824      2858
   macro avg     0.5790    0.6218    0.5884      2858
weighted avg     0.8369    0.7824    0.8053      2858

Confusion matrix (rows: actual, columns: predicted):
[[ 137  195]
 [ 427 2099]]
Epoch 1/50 | train loss: 0.6614 | validation loss: 0.6848 | validation accuracy: 0.7974 | validation AP: 0.1849
Epoch 2/50 | train loss: 0.6326 | validation loss: 0.6668 | validation accuracy: 0.7554 | validation AP: 0.1988
Epoch 3/50 | train loss: 0.6244 | validation loss: 0.6836 | validation accuracy: 0.8104 | validation AP: 0.2212
Epoch 4/50 | train loss: 0.6142 | validation loss: 0.6365 | validation accuracy: 0.6767 | validation AP: 0.2316
Epoch 5/50 | train loss: 0.607 | validation loss: 0.6809 | validation accuracy: 0.7019 | validation AP: 0.207
Epoch 6/50 | train loss: 0.6006 | validation loss: 0.6685 | validation accuracy: 0.7495 | validation AP: 0.2487
Epoch 7/50 | train loss: 0.5972 | validation loss: 0.6809 | validation accuracy: 0.7393 | validation AP: 0.2514
Epoch 8/50 | train loss: 0.5954 | validation loss: 0.677 | validation accuracy: 0.7936 | validation AP: 0.2724
Epoch 9/50 | train loss: 0.5961 | validation loss: 0.6945 | validation accuracy: 0.7652 | validation AP: 0.2244
Epoch 10/50 | train loss: 0.5859 | validation loss: 0.6551 | validation accuracy: 0.7631 | validation AP: 0.2664
Epoch 11/50 | train loss: 0.5788 | validation loss: 0.698 | validation accuracy: 0.7803 | validation AP: 0.2354
Epoch 12/50 | train loss: 0.5809 | validation loss: 0.7189 | validation accuracy: 0.782 | validation AP: 0.2271
Stopping at epoch 12: validation AP has not improved for 4 epochs.
Best epoch: 8 | validation AP: 0.2724 | epochs run: 12

Validation classification report:
              precision    recall  f1-score   support

  disengaged     0.2593    0.4187    0.3203       332
     engaged     0.9169    0.8428    0.8783      2526

    accuracy                         0.7936      2858
   macro avg     0.5881    0.6308    0.5993      2858
weighted avg     0.8405    0.7936    0.8135      2858

Confusion matrix (rows: actual, columns: predicted):
[[ 139  193]
 [ 397 2129]]
Epoch 1/50 | train loss: 0.6688 | validation loss: 0.6634 | validation accuracy: 0.7873 | validation AP: 0.2146
Epoch 2/50 | train loss: 0.6382 | validation loss: 0.6717 | validation accuracy: 0.7642 | validation AP: 0.1958
Epoch 3/50 | train loss: 0.6221 | validation loss: 0.6727 | validation accuracy: 0.7425 | validation AP: 0.1861[I 2026-10-09 04:02:05,814] Trial 2 finished with value: 0.25596051288464067 and parameters: {'hidden_size': 56, 'num_layers': 3, 'dropout': 0.5, 'learning_rate': 0.00021930485556643703, 'batch_size': 32}. Best is trial 1 with value: 0.28741097627686046.
[I 2026-10-09 04:03:00,035] Trial 3 finished with value: 0.2687072362937071 and parameters: {'hidden_size': 40, 'num_layers': 1, 'dropout': 0.0, 'learning_rate': 0.006586289317583112, 'batch_size': 16}. Best is trial 1 with value: 0.28741097627686046.

Epoch 4/50 | train loss: 0.6225 | validation loss: 0.6773 | validation accuracy: 0.7733 | validation AP: 0.1928
Epoch 5/50 | train loss: 0.6147 | validation loss: 0.6551 | validation accuracy: 0.7054 | validation AP: 0.2046
Stopping at epoch 5: validation AP has not improved for 4 epochs.
Best epoch: 1 | validation AP: 0.2146 | epochs run: 5

Validation classification report:
              precision    recall  f1-score   support

  disengaged     0.2416    0.3886    0.2979       332
     engaged     0.9127    0.8397    0.8746      2526

    accuracy                         0.7873      2858
   macro avg     0.5771    0.6141    0.5863      2858
weighted avg     0.8347    0.7873    0.8076      2858

Confusion matrix (rows: actual, columns: predicted):
[[ 129  203]
 [ 405 2121]]
Epoch 1/50 | train loss: 0.6215 | validation loss: 0.6216 | validation accuracy: 0.8254 | validation AP: 0.279
Epoch 2/50 | train loss: 0.5793 | validation loss: 0.6522 | validation accuracy: 0.746 | validation AP: 0.2029
Epoch 3/50 | train loss: 0.5658 | validation loss: 0.694 | validation accuracy: 0.7862 | validation AP: 0.1817
Epoch 4/50 | train loss: 0.5617 | validation loss: 0.651 | validation accuracy: 0.7428 | validation AP: 0.2196
Epoch 5/50 | train loss: 0.5448 | validation loss: 0.6783 | validation accuracy: 0.803 | validation AP: 0.2619
Stopping at epoch 5: validation AP has not improved for 4 epochs.
Best epoch: 1 | validation AP: 0.279 | epochs run: 5

Validation classification report:
              precision    recall  f1-score   support

  disengaged     0.2853    0.3343    0.3079       332
     engaged     0.9105    0.8899    0.9001      2526

    accuracy                         0.8254      2858
   macro avg     0.5979    0.6121    0.6040      2858
weighted avg     0.8379    0.8254    0.8313      2858

Confusion matrix (rows: actual, columns: predicted):
[[ 111  221]
 [ 278 2248]]
Epoch 1/50 | train loss: 0.6121 | validation loss: 0.6713 | validation accuracy: 0.8401 | validation AP: 0.2568
Epoch 2/50 | train loss: 0.5786 | validation loss: 0.7 | validation accuracy: 0.8639 | validation AP: 0.2465
Epoch 3/50 | train loss: 0.5638 | validation loss: 0.6368 | validation accuracy: 0.8443 | validation AP: 0.2601
Epoch 4/50 | train loss: 0.5509 | validation loss: 0.6202 | validation accuracy: 0.7005 | validation AP: 0.22
Epoch 5/50 | train loss: 0.5434 | validation loss: 0.6713 | validation accuracy: 0.7341 | validation AP: 0.2039
Epoch 6/50 | train loss: 0.529 | validation loss: 0.7064 | validation accuracy: 0.8097 | validation AP: 0.2261
Epoch 7/50 | train loss: 0.5199 | validation loss: 0.693 | validation accuracy: 0.8289 | validation AP: 0.2176
Stopping at epoch 7: validation AP has not improved for 4 epochs.
Best epoch: 3 | validation AP: 0.2601 | epochs run: 7

Validation classification report:
              precision    recall  f1-score   support

  disengaged     0.3058    0.2681    0.2857       332
     engaged     0.9053    0.9200    0.9126      2526

    accuracy                         0.8443      2858
   macro avg     0.6056    0.5941    0.5992      2858
weighted avg     0.8357    0.8443    0.8398      2858

Confusion matrix (rows: actual, columns: predicted):
[[  89  243]
 [ 202 2324]]
Epoch 1/50 | train loss: 0.6064 | validation loss: 0.7287 | validation accuracy: 0.8632 | validation AP: 0.2077
Epoch 2/50 | train loss: 0.5802 | validation loss: 0.7209 | validation accuracy: 0.8443 | validation AP: 0.2158
Epoch 3/50 | train loss: 0.5687 | validation loss: 0.6547 | validation accuracy: 0.7313 | validation AP: 0.1821
Epoch 4/50 | train loss: 0.5522 | validation loss: 0.7119 | validation accuracy: 0.8086 | validation AP: 0.1914
Epoch 5/50 | train loss: 0.5425 | validation loss: 0.6546 | validation accuracy: 0.8002 | validation AP: 0.1994
Epoch 6/50 | train loss: 0.5336 | validation loss: 0.6558 | validation accuracy: 0.7932 | validation AP: 0.1996
Stopping at epoch 6: validation AP has not improved for 4 epochs.
Best epoch: 2 | validation AP: 0.2158 | epochs run: 6

Validation classification report:
              precision    recall  f1-score   support

  disengaged     0.2852    0.2259    0.2521       332
     engaged     0.9010    0.9256    0.9131      2526

    accuracy                         0.8443      2858
   macro avg     0.5931    0.5757    0.5826      2858
weighted avg     0.8294    0.8443    0.8363      2858

Confusion matrix (rows: actual, columns: predicted):
[[  75  257]
 [ 188 2338]]
Epoch 1/50 | train loss: 0.6609 | validation loss: 0.6525 | validation accuracy: 0.6784 | validation AP: 0.2159
Epoch 2/50 | train loss: 0.625 | validation loss: 0.6355 | validation accuracy: 0.662 | validation AP: 0.2594
Epoch 3/50 | train loss: 0.6151 | validation loss: 0.6681 | validation accuracy: 0.6914 | validation AP: 0.2405
Epoch 4/50 | train loss: 0.6067 | validation loss: 0.6823 | validation accuracy: 0.7061 | validation AP: 0.2546
Epoch 5/50 | train loss: 0.59 | validation loss: 0.7952 | validation accuracy: 0.7484 | validation AP: 0.2603
Epoch 6/50 | train loss: 0.582 | validation loss: 0.6319 | validation accuracy: 0.5049 | validation AP: 0.2274
Epoch 7/50 | train loss: 0.5815 | validation loss: 0.7379 | validation accuracy: 0.6847 | validation AP: 0.1741
Epoch 8/50 | train loss: 0.56 | validation loss: 0.735 | validation accuracy: 0.6917 | validation AP: 0.1858
Epoch 9/50 | train loss: 0.549 | validation loss: 0.7307 | validation accuracy: 0.6697 | validation AP: 0.1901
Stopping at epoch 9: validation AP has not improved for 4 epochs.
Best epoch: 5 | validation AP: 0.2603 | epochs run: 9

Validation classification report:
              precision    recall  f1-score   support

  disengaged     0.2133    0.4337    0.2860       332
     engaged     0.9139    0.7898    0.8473      2526

    accuracy                         0.7484      2858
   macro avg     0.5636    0.6118    0.5667      2858
weighted avg     0.8325    0.7484    0.7821      2858

Confusion matrix (rows: actual, columns: predicted):
[[ 144  188]
 [ 531 1995]]
Epoch 1/50 | train loss: 0.6546 | validation loss: 0.6552 | validation accuracy: 0.6977 | validation AP: 0.261
Epoch 2/50 | train loss: 0.6157 | validation loss: 0.6968 | validation accuracy: 0.7792 | validation AP: 0.2542
Epoch 3/50 | train loss: 0.6079 | validation loss: 0.6483 | validation accuracy: 0.733 | validation AP: 0.2751
Epoch 4/50 | train loss: 0.6003 | validation loss: 0.6307 | validation accuracy: 0.6151 | validation AP: 0.2666
Epoch 5/50 | train loss: 0.5894 | validation loss: 0.726 | validation accuracy: 0.7057 | validation AP: 0.1877
Epoch 6/50 | train loss: 0.5793 | validation loss: 0.7135 | validation accuracy: 0.704 | validation AP: 0.2519
Epoch 7/50 | train loss: 0.5832 | validation loss: 0.6755 | validation accuracy: 0.6861 | validation AP: 0.2304
Stopping at epoch 7: validation AP has not improved for 4 epochs.
Best epoch: 3 | validation AP: 0.2751 | epochs run: 7

Validation classification report:
              precision    recall  f1-score   support

  disengaged     0.2146    0.4880    0.2981       332
     engaged     0.9192    0.7652    0.8352      2526

    accuracy                         0.7330      2858
   macro avg     0.5669    0.6266    0.5666      2858
weighted avg     0.8373    0.7330    0.7728      2858

Confusion matrix (rows: actual, columns: predicted):
[[ 162  170]
 [ 593 1933]]
Epoch 1/50 | train loss: 0.6701 | validation loss: 0.6601 | validation accuracy: 0.7687 | validation AP: 0.2463
Epoch 2/50 | train loss: 0.6311 | validation loss: 0.6689 | validation accuracy: 0.6725 | validation AP: 0.2217
Epoch 3/50 | train loss: 0.6108 | validation loss: 0.6261 | validation accuracy: 0.6078 | validation AP: 0.2211
Epoch 4/50 | train loss: 0.6 | validation loss: 0.6397 | validation accuracy: 0.6459 | validation AP: 0.2317
Epoch 5/50 | train loss: 0.5872 | validation loss: 0.6657 | validation accuracy: 0.6763 | validation AP: 0.2278
Stopping at epoch 5: validation AP has not improved for 4 epochs.
Best epoch: 1 | validation AP: 0.2463 | epochs run: 5

Validation classification report:
              precision    recall  f1-score   support

  disengaged     0.2376    0.4488    0.3107       332
     engaged     0.9180    0.8108    0.8610      2526

    accuracy                         0.7687      2858
   macro avg     0.5778    0.6298    0.5859      2858
weighted avg     0.8389    0.7687    0.7971      2858
[I 2026-10-09 04:03:16,503] Trial 4 finished with value: 0.27391767782194837 and parameters: {'hidden_size': 70, 'num_layers': 1, 'dropout': 0.0, 'learning_rate': 0.0069782812651260325, 'batch_size': 64}. Best is trial 1 with value: 0.28741097627686046.
[I 2026-10-09 04:04:07,995] Trial 5 finished with value: 0.26956893567496376 and parameters: {'hidden_size': 48, 'num_layers': 1, 'dropout': 0.0, 'learning_rate': 0.0040215545266902904, 'batch_size': 16}. Best is trial 1 with value: 0.28741097627686046.

Confusion matrix (rows: actual, columns: predicted):
[[ 149  183]
 [ 478 2048]]
Epoch 1/50 | train loss: 0.6119 | validation loss: 0.6245 | validation accuracy: 0.8139 | validation AP: 0.256
Epoch 2/50 | train loss: 0.576 | validation loss: 0.6433 | validation accuracy: 0.7687 | validation AP: 0.2382
Epoch 3/50 | train loss: 0.5701 | validation loss: 0.6633 | validation accuracy: 0.8002 | validation AP: 0.2132
Epoch 4/50 | train loss: 0.5705 | validation loss: 0.6107 | validation accuracy: 0.7551 | validation AP: 0.255
Epoch 5/50 | train loss: 0.5487 | validation loss: 0.6741 | validation accuracy: 0.809 | validation AP: 0.256
Stopping at epoch 5: validation AP has not improved for 4 epochs.
Best epoch: 1 | validation AP: 0.256 | epochs run: 5

Validation classification report:
              precision    recall  f1-score   support

  disengaged     0.2619    0.3313    0.2926       332
     engaged     0.9089    0.8773    0.8928      2526

    accuracy                         0.8139      2858
   macro avg     0.5854    0.6043    0.5927      2858
weighted avg     0.8338    0.8139    0.8231      2858

Confusion matrix (rows: actual, columns: predicted):
[[ 110  222]
 [ 310 2216]]
Epoch 1/50 | train loss: 0.6095 | validation loss: 0.6805 | validation accuracy: 0.8383 | validation AP: 0.2503
Epoch 2/50 | train loss: 0.5824 | validation loss: 0.6652 | validation accuracy: 0.839 | validation AP: 0.245
Epoch 3/50 | train loss: 0.5633 | validation loss: 0.629 | validation accuracy: 0.8366 | validation AP: 0.2684
Epoch 4/50 | train loss: 0.5543 | validation loss: 0.6198 | validation accuracy: 0.6917 | validation AP: 0.2299
Epoch 5/50 | train loss: 0.542 | validation loss: 0.6737 | validation accuracy: 0.7551 | validation AP: 0.192
Epoch 6/50 | train loss: 0.5306 | validation loss: 0.7228 | validation accuracy: 0.8118 | validation AP: 0.224
Epoch 7/50 | train loss: 0.5258 | validation loss: 0.6874 | validation accuracy: 0.8541 | validation AP: 0.2338
Stopping at epoch 7: validation AP has not improved for 4 epochs.
Best epoch: 3 | validation AP: 0.2684 | epochs run: 7

Validation classification report:
              precision    recall  f1-score   support

  disengaged     0.2923    0.2861    0.2892       332
     engaged     0.9064    0.9089    0.9077      2526

    accuracy                         0.8366      2858
   macro avg     0.5994    0.5975    0.5984      2858
weighted avg     0.8351    0.8366    0.8358      2858

Confusion matrix (rows: actual, columns: predicted):
[[  95  237]
 [ 230 2296]]
Epoch 1/50 | train loss: 0.6072 | validation loss: 0.6788 | validation accuracy: 0.8691 | validation AP: 0.2269
Epoch 2/50 | train loss: 0.5797 | validation loss: 0.6865 | validation accuracy: 0.8268 | validation AP: 0.2258
Epoch 3/50 | train loss: 0.5689 | validation loss: 0.6358 | validation accuracy: 0.7484 | validation AP: 0.2001
Epoch 4/50 | train loss: 0.5501 | validation loss: 0.6854 | validation accuracy: 0.8118 | validation AP: 0.1968
Epoch 5/50 | train loss: 0.5375 | validation loss: 0.6573 | validation accuracy: 0.8254 | validation AP: 0.1993
Stopping at epoch 5: validation AP has not improved for 4 epochs.
Best epoch: 1 | validation AP: 0.2269 | epochs run: 5

Validation classification report:
              precision    recall  f1-score   support

  disengaged     0.3433    0.1386    0.1974       332
     engaged     0.8950    0.9652    0.9288      2526

    accuracy                         0.8691      2858
   macro avg     0.6191    0.5519    0.5631      2858
weighted avg     0.8309    0.8691    0.8438      2858

Confusion matrix (rows: actual, columns: predicted):
[[  46  286]
 [  88 2438]]
Epoch 1/50 | train loss: 0.5588 | validation loss: 0.6068 | validation accuracy: 0.8838 | validation AP: 0.1811
Epoch 2/50 | train loss: 0.5223 | validation loss: 0.6116 | validation accuracy: 0.8586 | validation AP: 0.1681
Epoch 3/50 | train loss: 0.5054 | validation loss: 0.6224 | validation accuracy: 0.8457 | validation AP: 0.1775
Epoch 4/50 | train loss: 0.5144 | validation loss: 0.6009 | validation accuracy: 0.8464 | validation AP: 0.187
Epoch 5/50 | train loss: 0.5027 | validation loss: 0.5961 | validation accuracy: 0.8534 | validation AP: 0.1985
Epoch 6/50 | train loss: 0.4969 | validation loss: 0.5851 | validation accuracy: 0.8443 | validation AP: 0.2047
Epoch 7/50 | train loss: 0.4919 | validation loss: 0.5991 | validation accuracy: 0.8506 | validation AP: 0.1972
Epoch 8/50 | train loss: 0.4779 | validation loss: 0.6082 | validation accuracy: 0.859 | validation AP: 0.2149
Epoch 9/50 | train loss: 0.4848 | validation loss: 0.5883 | validation accuracy: 0.8314 | validation AP: 0.2207
Epoch 10/50 | train loss: 0.4738 | validation loss: 0.5968 | validation accuracy: 0.8555 | validation AP: 0.2457
Epoch 11/50 | train loss: 0.4777 | validation loss: 0.5983 | validation accuracy: 0.8408 | validation AP: 0.2279
Epoch 12/50 | train loss: 0.4743 | validation loss: 0.6102 | validation accuracy: 0.8565 | validation AP: 0.2368
Epoch 13/50 | train loss: 0.4705 | validation loss: 0.6096 | validation accuracy: 0.8328 | validation AP: 0.2151
Epoch 14/50 | train loss: 0.4799 | validation loss: 0.5902 | validation accuracy: 0.8191 | validation AP: 0.2215
Stopping at epoch 14: validation AP has not improved for 4 epochs.
Best epoch: 10 | validation AP: 0.2457 | epochs run: 14

Validation classification report:
              precision    recall  f1-score   support

  disengaged     0.2902    0.1687    0.2133       332
     engaged     0.8964    0.9458    0.9204      2526

    accuracy                         0.8555      2858
   macro avg     0.5933    0.5572    0.5669      2858
weighted avg     0.8260    0.8555    0.8383      2858

Confusion matrix (rows: actual, columns: predicted):
[[  56  276]
 [ 137 2389]]
Epoch 1/50 | train loss: 0.5594 | validation loss: 0.615 | validation accuracy: 0.881 | validation AP: 0.1553
Epoch 2/50 | train loss: 0.5249 | validation loss: 0.6038 | validation accuracy: 0.8604 | validation AP: 0.1671
Epoch 3/50 | train loss: 0.5079 | validation loss: 0.5996 | validation accuracy: 0.8751 | validation AP: 0.1969
Epoch 4/50 | train loss: 0.5063 | validation loss: 0.5917 | validation accuracy: 0.8121 | validation AP: 0.1854
Epoch 5/50 | train loss: 0.5012 | validation loss: 0.604 | validation accuracy: 0.8177 | validation AP: 0.1765
Epoch 6/50 | train loss: 0.4895 | validation loss: 0.6022 | validation accuracy: 0.8555 | validation AP: 0.2015
Epoch 7/50 | train loss: 0.4917 | validation loss: 0.5902 | validation accuracy: 0.8373 | validation AP: 0.2053
Epoch 8/50 | train loss: 0.4871 | validation loss: 0.6095 | validation accuracy: 0.8726 | validation AP: 0.2144
Epoch 9/50 | train loss: 0.4884 | validation loss: 0.6105 | validation accuracy: 0.8562 | validation AP: 0.1937
Epoch 10/50 | train loss: 0.4763 | validation loss: 0.5797 | validation accuracy: 0.8209 | validation AP: 0.2157
Epoch 11/50 | train loss: 0.4858 | validation loss: 0.591 | validation accuracy: 0.8537 | validation AP: 0.2219
Epoch 12/50 | train loss: 0.4853 | validation loss: 0.6028 | validation accuracy: 0.8425 | validation AP: 0.203
Epoch 13/50 | train loss: 0.4726 | validation loss: 0.588 | validation accuracy: 0.8321 | validation AP: 0.2195
Epoch 14/50 | train loss: 0.4681 | validation loss: 0.5828 | validation accuracy: 0.8338 | validation AP: 0.2413
Epoch 15/50 | train loss: 0.4759 | validation loss: 0.6022 | validation accuracy: 0.8625 | validation AP: 0.2315
Epoch 16/50 | train loss: 0.469 | validation loss: 0.6173 | validation accuracy: 0.8488 | validation AP: 0.2283
Epoch 17/50 | train loss: 0.4642 | validation loss: 0.5833 | validation accuracy: 0.8523 | validation AP: 0.2353
Epoch 18/50 | train loss: 0.4727 | validation loss: 0.6034 | validation accuracy: 0.8656 | validation AP: 0.2512
Epoch 19/50 | train loss: 0.468 | validation loss: 0.5919 | validation accuracy: 0.8541 | validation AP: 0.2476
Epoch 20/50 | train loss: 0.4667 | validation loss: 0.5854 | validation accuracy: 0.8149 | validation AP: 0.2323
Epoch 21/50 | train loss: 0.4635 | validation loss: 0.5824 | validation accuracy: 0.8376 | validation AP: 0.2362
Epoch 22/50 | train loss: 0.4601 | validation loss: 0.6063 | validation accuracy: 0.8408 | validation AP: 0.2209[I 2026-10-09 04:10:13,539] Trial 6 finished with value: 0.2620247038456288 and parameters: {'hidden_size': 20, 'num_layers': 3, 'dropout': 0.1, 'learning_rate': 0.0001705053926026929, 'batch_size': 8}. Best is trial 1 with value: 0.28741097627686046.
[I 2026-10-09 04:10:52,903] Trial 7 finished with value: 0.28082474100657023 and parameters: {'hidden_size': 40, 'num_layers': 1, 'dropout': 0.1, 'learning_rate': 0.0026698666742744613, 'batch_size': 32}. Best is trial 1 with value: 0.28741097627686046.

Stopping at epoch 22: validation AP has not improved for 4 epochs.
Best epoch: 18 | validation AP: 0.2512 | epochs run: 22

Validation classification report:
              precision    recall  f1-score   support

  disengaged     0.3354    0.1596    0.2163       332
     engaged     0.8967    0.9584    0.9265      2526

    accuracy                         0.8656      2858
   macro avg     0.6161    0.5590    0.5714      2858
weighted avg     0.8315    0.8656    0.8440      2858

Confusion matrix (rows: actual, columns: predicted):
[[  53  279]
 [ 105 2421]]
Epoch 1/50 | train loss: 0.5551 | validation loss: 0.6153 | validation accuracy: 0.8698 | validation AP: 0.1697
Epoch 2/50 | train loss: 0.5187 | validation loss: 0.6136 | validation accuracy: 0.8625 | validation AP: 0.1699
Epoch 3/50 | train loss: 0.5123 | validation loss: 0.6056 | validation accuracy: 0.8408 | validation AP: 0.1688
Epoch 4/50 | train loss: 0.497 | validation loss: 0.6116 | validation accuracy: 0.852 | validation AP: 0.181
Epoch 5/50 | train loss: 0.4904 | validation loss: 0.5926 | validation accuracy: 0.8429 | validation AP: 0.1989
Epoch 6/50 | train loss: 0.494 | validation loss: 0.5896 | validation accuracy: 0.8492 | validation AP: 0.209
Epoch 7/50 | train loss: 0.4848 | validation loss: 0.5922 | validation accuracy: 0.8614 | validation AP: 0.2282
Epoch 8/50 | train loss: 0.4816 | validation loss: 0.582 | validation accuracy: 0.8579 | validation AP: 0.2206
Epoch 9/50 | train loss: 0.479 | validation loss: 0.5842 | validation accuracy: 0.8586 | validation AP: 0.2393
Epoch 10/50 | train loss: 0.4702 | validation loss: 0.5949 | validation accuracy: 0.8632 | validation AP: 0.2446
Epoch 11/50 | train loss: 0.4668 | validation loss: 0.6159 | validation accuracy: 0.8726 | validation AP: 0.2467
Epoch 12/50 | train loss: 0.4736 | validation loss: 0.5872 | validation accuracy: 0.8604 | validation AP: 0.2444
Epoch 13/50 | train loss: 0.4697 | validation loss: 0.6091 | validation accuracy: 0.8632 | validation AP: 0.2264
Epoch 14/50 | train loss: 0.4638 | validation loss: 0.5953 | validation accuracy: 0.846 | validation AP: 0.2347
Epoch 15/50 | train loss: 0.4742 | validation loss: 0.6124 | validation accuracy: 0.8621 | validation AP: 0.2221
Stopping at epoch 15: validation AP has not improved for 4 epochs.
Best epoch: 11 | validation AP: 0.2467 | epochs run: 15

Validation classification report:
              precision    recall  f1-score   support

  disengaged     0.3571    0.1205    0.1802       332
     engaged     0.8937    0.9715    0.9310      2526

    accuracy                         0.8726      2858
   macro avg     0.6254    0.5460    0.5556      2858
weighted avg     0.8313    0.8726    0.8437      2858

Confusion matrix (rows: actual, columns: predicted):
[[  40  292]
 [  72 2454]]
Epoch 1/50 | train loss: 0.6438 | validation loss: 0.6385 | validation accuracy: 0.7379 | validation AP: 0.2376
Epoch 2/50 | train loss: 0.6132 | validation loss: 0.6466 | validation accuracy: 0.7295 | validation AP: 0.231
Epoch 3/50 | train loss: 0.6029 | validation loss: 0.668 | validation accuracy: 0.7519 | validation AP: 0.2243
Epoch 4/50 | train loss: 0.5952 | validation loss: 0.665 | validation accuracy: 0.7502 | validation AP: 0.2429
Epoch 5/50 | train loss: 0.5731 | validation loss: 0.7294 | validation accuracy: 0.7831 | validation AP: 0.2663
Epoch 6/50 | train loss: 0.5682 | validation loss: 0.6391 | validation accuracy: 0.6893 | validation AP: 0.219
Epoch 7/50 | train loss: 0.5631 | validation loss: 0.7585 | validation accuracy: 0.7845 | validation AP: 0.194
Epoch 8/50 | train loss: 0.5488 | validation loss: 0.7091 | validation accuracy: 0.7355 | validation AP: 0.1838
Epoch 9/50 | train loss: 0.5394 | validation loss: 0.6828 | validation accuracy: 0.7008 | validation AP: 0.2156
Stopping at epoch 9: validation AP has not improved for 4 epochs.
Best epoch: 5 | validation AP: 0.2663 | epochs run: 9

Validation classification report:
              precision    recall  f1-score   support

  disengaged     0.2559    0.4548    0.3275       332
     engaged     0.9202    0.8262    0.8707      2526

    accuracy                         0.7831      2858
   macro avg     0.5881    0.6405    0.5991      2858
weighted avg     0.8430    0.7831    0.8076      2858

Confusion matrix (rows: actual, columns: predicted):
[[ 151  181]
 [ 439 2087]]
Epoch 1/50 | train loss: 0.6374 | validation loss: 0.6984 | validation accuracy: 0.7918 | validation AP: 0.2065
Epoch 2/50 | train loss: 0.6136 | validation loss: 0.6726 | validation accuracy: 0.7936 | validation AP: 0.2221
Epoch 3/50 | train loss: 0.5944 | validation loss: 0.6564 | validation accuracy: 0.7733 | validation AP: 0.2608
Epoch 4/50 | train loss: 0.5882 | validation loss: 0.6363 | validation accuracy: 0.6015 | validation AP: 0.2474
Epoch 5/50 | train loss: 0.5843 | validation loss: 0.6998 | validation accuracy: 0.7225 | validation AP: 0.1944
Epoch 6/50 | train loss: 0.5713 | validation loss: 0.6799 | validation accuracy: 0.7316 | validation AP: 0.242
Epoch 7/50 | train loss: 0.5596 | validation loss: 0.685 | validation accuracy: 0.739 | validation AP: 0.2416
Stopping at epoch 7: validation AP has not improved for 4 epochs.
Best epoch: 3 | validation AP: 0.2608 | epochs run: 7

Validation classification report:
              precision    recall  f1-score   support

  disengaged     0.2313    0.4096    0.2957       332
     engaged     0.9137    0.8211    0.8649      2526

    accuracy                         0.7733      2858
   macro avg     0.5725    0.6153    0.5803      2858
weighted avg     0.8344    0.7733    0.7988      2858

Confusion matrix (rows: actual, columns: predicted):
[[ 136  196]
 [ 452 2074]]
Epoch 1/50 | train loss: 0.6515 | validation loss: 0.6609 | validation accuracy: 0.7985 | validation AP: 0.2514
Epoch 2/50 | train loss: 0.6155 | validation loss: 0.6723 | validation accuracy: 0.754 | validation AP: 0.2393
Epoch 3/50 | train loss: 0.5944 | validation loss: 0.6612 | validation accuracy: 0.6998 | validation AP: 0.2125
Epoch 4/50 | train loss: 0.5845 | validation loss: 0.6541 | validation accuracy: 0.7166 | validation AP: 0.2254
Epoch 5/50 | train loss: 0.5776 | validation loss: 0.6502 | validation accuracy: 0.6928 | validation AP: 0.2297
Stopping at epoch 5: validation AP has not improved for 4 epochs.
Best epoch: 1 | validation AP: 0.2514 | epochs run: 5

Validation classification report:
              precision    recall  f1-score   support

  disengaged     0.2636    0.4096    0.3208       332
     engaged     0.9163    0.8496    0.8817      2526

    accuracy                         0.7985      2858
   macro avg     0.5899    0.6296    0.6012      2858
weighted avg     0.8405    0.7985    0.8165      2858

Confusion matrix (rows: actual, columns: predicted):
[[ 136  196]
 [ 380 2146]]
Epoch 1/50 | train loss: 0.5337 | validation loss: 0.5635 | validation accuracy: 0.8681 | validation AP: 0.2725
Epoch 2/50 | train loss: 0.5033 | validation loss: 0.6042 | validation accuracy: 0.8429 | validation AP: 0.2144
Epoch 3/50 | train loss: 0.4922 | validation loss: 0.6257 | validation accuracy: 0.8397 | validation AP: 0.2029
Epoch 4/50 | train loss: 0.501 | validation loss: 0.5746 | validation accuracy: 0.8425 | validation AP: 0.2414
Epoch 5/50 | train loss: 0.4856 | validation loss: 0.5844 | validation accuracy: 0.8397 | validation AP: 0.2723
Stopping at epoch 5: validation AP has not improved for 4 epochs.
Best epoch: 1 | validation AP: 0.2725 | epochs run: 5

Validation classification report:
              precision    recall  f1-score   support

  disengaged     0.3548    0.1657    0.2259       332
     engaged     0.8975    0.9604    0.9279      2526

    accuracy                         0.8681      2858
   macro avg     0.6262    0.5630    0.5769      2858
weighted avg     0.8345    0.8681    0.8464      2858

Confusion matrix (rows: actual, columns: predicted):
[[  55  277]
 [ 100 2426]]
Epoch 1/50 | train loss: 0.5308 | validation loss: 0.6222 | validation accuracy: 0.8663 | validation AP: 0.2388
Epoch 2/50 | train loss: 0.5106 | validation loss: 0.6006 | validation accuracy: 0.8726 | validation AP: 0.2378
Epoch 3/50 | train loss: 0.4981 | validation loss: 0.5685 | validation accuracy: 0.8768 | validation AP: 0.2759[I 2026-10-09 04:14:14,473] Trial 8 finished with value: 0.2917840044816958 and parameters: {'hidden_size': 66, 'num_layers': 2, 'dropout': 0.25, 'learning_rate': 0.0010402587615883842, 'batch_size': 8}. Best is trial 8 with value: 0.2917840044816958.
[I 2026-10-09 04:14:51,113] Trial 9 finished with value: 0.2735392974059078 and parameters: {'hidden_size': 33, 'num_layers': 1, 'dropout': 0.1, 'learning_rate': 0.005532496914298506, 'batch_size': 32}. Best is trial 8 with value: 0.2917840044816958.

Epoch 4/50 | train loss: 0.4956 | validation loss: 0.5827 | validation accuracy: 0.7922 | validation AP: 0.2038
Epoch 5/50 | train loss: 0.4881 | validation loss: 0.596 | validation accuracy: 0.8233 | validation AP: 0.2075
Epoch 6/50 | train loss: 0.4803 | validation loss: 0.6341 | validation accuracy: 0.8569 | validation AP: 0.231
Epoch 7/50 | train loss: 0.4797 | validation loss: 0.6006 | validation accuracy: 0.8488 | validation AP: 0.2272
Stopping at epoch 7: validation AP has not improved for 4 epochs.
Best epoch: 3 | validation AP: 0.2759 | epochs run: 7

Validation classification report:
              precision    recall  f1-score   support

  disengaged     0.4091    0.1355    0.2036       332
     engaged     0.8956    0.9743    0.9333      2526

    accuracy                         0.8768      2858
   macro avg     0.6523    0.5549    0.5684      2858
weighted avg     0.8390    0.8768    0.8485      2858

Confusion matrix (rows: actual, columns: predicted):
[[  45  287]
 [  65 2461]]
Epoch 1/50 | train loss: 0.5253 | validation loss: 0.6352 | validation accuracy: 0.8429 | validation AP: 0.1838
Epoch 2/50 | train loss: 0.5111 | validation loss: 0.6281 | validation accuracy: 0.8352 | validation AP: 0.1761
Epoch 3/50 | train loss: 0.4992 | validation loss: 0.5918 | validation accuracy: 0.8104 | validation AP: 0.1946
Epoch 4/50 | train loss: 0.4888 | validation loss: 0.6252 | validation accuracy: 0.8265 | validation AP: 0.1893
Epoch 5/50 | train loss: 0.4839 | validation loss: 0.5833 | validation accuracy: 0.8565 | validation AP: 0.2292
Epoch 6/50 | train loss: 0.4856 | validation loss: 0.5984 | validation accuracy: 0.8415 | validation AP: 0.2125
Epoch 7/50 | train loss: 0.4767 | validation loss: 0.5984 | validation accuracy: 0.8397 | validation AP: 0.2088
Epoch 8/50 | train loss: 0.4666 | validation loss: 0.5575 | validation accuracy: 0.8471 | validation AP: 0.2645
Epoch 9/50 | train loss: 0.4636 | validation loss: 0.5891 | validation accuracy: 0.8674 | validation AP: 0.2359
Epoch 10/50 | train loss: 0.4538 | validation loss: 0.6705 | validation accuracy: 0.789 | validation AP: 0.1767
Epoch 11/50 | train loss: 0.4469 | validation loss: 0.6276 | validation accuracy: 0.8723 | validation AP: 0.2349
Epoch 12/50 | train loss: 0.4536 | validation loss: 0.5912 | validation accuracy: 0.8534 | validation AP: 0.2338
Stopping at epoch 12: validation AP has not improved for 4 epochs.
Best epoch: 8 | validation AP: 0.2645 | epochs run: 12

Validation classification report:
              precision    recall  f1-score   support

  disengaged     0.3004    0.2380    0.2655       332
     engaged     0.9025    0.9272    0.9147      2526

    accuracy                         0.8471      2858
   macro avg     0.6014    0.5826    0.5901      2858
weighted avg     0.8326    0.8471    0.8393      2858

Confusion matrix (rows: actual, columns: predicted):
[[  79  253]
 [ 184 2342]]
Epoch 1/50 | train loss: 0.6423 | validation loss: 0.6393 | validation accuracy: 0.7705 | validation AP: 0.2606
Epoch 2/50 | train loss: 0.6152 | validation loss: 0.6462 | validation accuracy: 0.7295 | validation AP: 0.2515
Epoch 3/50 | train loss: 0.6056 | validation loss: 0.6592 | validation accuracy: 0.7428 | validation AP: 0.2312
Epoch 4/50 | train loss: 0.5982 | validation loss: 0.6765 | validation accuracy: 0.7407 | validation AP: 0.2376
Epoch 5/50 | train loss: 0.5749 | validation loss: 0.7131 | validation accuracy: 0.7733 | validation AP: 0.2615
Epoch 6/50 | train loss: 0.5718 | validation loss: 0.6354 | validation accuracy: 0.6477 | validation AP: 0.2219
Epoch 7/50 | train loss: 0.5656 | validation loss: 0.7346 | validation accuracy: 0.7712 | validation AP: 0.2008
Epoch 8/50 | train loss: 0.5446 | validation loss: 0.7346 | validation accuracy: 0.7012 | validation AP: 0.1672
Epoch 9/50 | train loss: 0.5443 | validation loss: 0.6785 | validation accuracy: 0.6498 | validation AP: 0.1883
Stopping at epoch 9: validation AP has not improved for 4 epochs.
Best epoch: 5 | validation AP: 0.2615 | epochs run: 9

Validation classification report:
              precision    recall  f1-score   support

  disengaged     0.2500    0.4759    0.3278       332
     engaged     0.9218    0.8124    0.8636      2526

    accuracy                         0.7733      2858
   macro avg     0.5859    0.6441    0.5957      2858
weighted avg     0.8438    0.7733    0.8014      2858

Confusion matrix (rows: actual, columns: predicted):
[[ 158  174]
 [ 474 2052]]
Epoch 1/50 | train loss: 0.6366 | validation loss: 0.7146 | validation accuracy: 0.8023 | validation AP: 0.2485
Epoch 2/50 | train loss: 0.6077 | validation loss: 0.7197 | validation accuracy: 0.8023 | validation AP: 0.236
Epoch 3/50 | train loss: 0.5909 | validation loss: 0.6845 | validation accuracy: 0.7862 | validation AP: 0.2545
Epoch 4/50 | train loss: 0.5868 | validation loss: 0.65 | validation accuracy: 0.5577 | validation AP: 0.2532
Epoch 5/50 | train loss: 0.5752 | validation loss: 0.6951 | validation accuracy: 0.7215 | validation AP: 0.2213
Epoch 6/50 | train loss: 0.5652 | validation loss: 0.7151 | validation accuracy: 0.7712 | validation AP: 0.2493
Epoch 7/50 | train loss: 0.5586 | validation loss: 0.6797 | validation accuracy: 0.774 | validation AP: 0.2525
Stopping at epoch 7: validation AP has not improved for 4 epochs.
Best epoch: 3 | validation AP: 0.2545 | epochs run: 7

Validation classification report:
              precision    recall  f1-score   support

  disengaged     0.2373    0.3795    0.2920       332
     engaged     0.9115    0.8397    0.8741      2526

    accuracy                         0.7862      2858
   macro avg     0.5744    0.6096    0.5831      2858
weighted avg     0.8332    0.7862    0.8065      2858

Confusion matrix (rows: actual, columns: predicted):
[[ 126  206]
 [ 405 2121]]
Epoch 1/50 | train loss: 0.6483 | validation loss: 0.6647 | validation accuracy: 0.8065 | validation AP: 0.2492
Epoch 2/50 | train loss: 0.6128 | validation loss: 0.6839 | validation accuracy: 0.7446 | validation AP: 0.2324
Epoch 3/50 | train loss: 0.5925 | validation loss: 0.6666 | validation accuracy: 0.7316 | validation AP: 0.2088
Epoch 4/50 | train loss: 0.586 | validation loss: 0.6645 | validation accuracy: 0.718 | validation AP: 0.2236
Epoch 5/50 | train loss: 0.5716 | validation loss: 0.6504 | validation accuracy: 0.7246 | validation AP: 0.2365
Stopping at epoch 5: validation AP has not improved for 4 epochs.
Best epoch: 1 | validation AP: 0.2492 | epochs run: 5

Validation classification report:
              precision    recall  f1-score   support

  disengaged     0.2517    0.3373    0.2883       332
     engaged     0.9088    0.8682    0.8880      2526

    accuracy                         0.8065      2858
   macro avg     0.5803    0.6028    0.5882      2858
weighted avg     0.8325    0.8065    0.8184      2858

Confusion matrix (rows: actual, columns: predicted):
[[ 112  220]
 [ 333 2193]]
Epoch 1/50 | train loss: 0.5375 | validation loss: 0.594 | validation accuracy: 0.8677 | validation AP: 0.206
Epoch 2/50 | train loss: 0.5077 | validation loss: 0.6075 | validation accuracy: 0.8338 | validation AP: 0.2046
Epoch 3/50 | train loss: 0.4937 | validation loss: 0.6149 | validation accuracy: 0.8474 | validation AP: 0.2271
Epoch 4/50 | train loss: 0.4997 | validation loss: 0.5804 | validation accuracy: 0.8401 | validation AP: 0.2594
Epoch 5/50 | train loss: 0.484 | validation loss: 0.5781 | validation accuracy: 0.8174 | validation AP: 0.2692
Epoch 6/50 | train loss: 0.4796 | validation loss: 0.5702 | validation accuracy: 0.8453 | validation AP: 0.2607
Epoch 7/50 | train loss: 0.4728 | validation loss: 0.6173 | validation accuracy: 0.8618 | validation AP: 0.1907
Epoch 8/50 | train loss: 0.4601 | validation loss: 0.6232 | validation accuracy: 0.8621 | validation AP: 0.2116
Epoch 9/50 | train loss: 0.4621 | validation loss: 0.6014 | validation accuracy: 0.8258 | validation AP: 0.2247
Stopping at epoch 9: validation AP has not improved for 4 epochs.
Best epoch: 5 | validation AP: 0.2692 | epochs run: 9

Validation classification report:
              precision    recall  f1-score   support

  disengaged     0.2716    0.3404    0.3021       332
     engaged     0.9103    0.8800    0.8949      2526

    accuracy                         0.8174      2858
   macro avg     0.5910    0.6102    0.5985      2858
weighted avg     0.8361    0.8174    0.8261      2858
[I 2026-10-09 04:18:41,812] Trial 10 finished with value: 0.2763969288605172 and parameters: {'hidden_size': 20, 'num_layers': 3, 'dropout': 0.25, 'learning_rate': 0.0011108639120394781, 'batch_size': 8}. Best is trial 8 with value: 0.2917840044816958.
[I 2026-10-09 04:22:42,074] Trial 11 finished with value: 0.28492940331184874 and parameters: {'hidden_size': 95, 'num_layers': 1, 'dropout': 0.25, 'learning_rate': 0.0002591853353195313, 'batch_size': 8}. Best is trial 8 with value: 0.2917840044816958.

Confusion matrix (rows: actual, columns: predicted):
[[ 113  219]
 [ 303 2223]]
Epoch 1/50 | train loss: 0.5324 | validation loss: 0.6186 | validation accuracy: 0.8548 | validation AP: 0.2173
Epoch 2/50 | train loss: 0.5185 | validation loss: 0.5999 | validation accuracy: 0.8719 | validation AP: 0.2538
Epoch 3/50 | train loss: 0.4956 | validation loss: 0.5735 | validation accuracy: 0.8712 | validation AP: 0.2632
Epoch 4/50 | train loss: 0.4944 | validation loss: 0.575 | validation accuracy: 0.7876 | validation AP: 0.2086
Epoch 5/50 | train loss: 0.4901 | validation loss: 0.6068 | validation accuracy: 0.8072 | validation AP: 0.1924
Epoch 6/50 | train loss: 0.4766 | validation loss: 0.6477 | validation accuracy: 0.8607 | validation AP: 0.235
Epoch 7/50 | train loss: 0.4776 | validation loss: 0.6052 | validation accuracy: 0.8488 | validation AP: 0.2291
Stopping at epoch 7: validation AP has not improved for 4 epochs.
Best epoch: 3 | validation AP: 0.2632 | epochs run: 7

Validation classification report:
              precision    recall  f1-score   support

  disengaged     0.3615    0.1416    0.2035       332
     engaged     0.8955    0.9671    0.9300      2526

    accuracy                         0.8712      2858
   macro avg     0.6285    0.5544    0.5667      2858
weighted avg     0.8335    0.8712    0.8456      2858

Confusion matrix (rows: actual, columns: predicted):
[[  47  285]
 [  83 2443]]
Epoch 1/50 | train loss: 0.5316 | validation loss: 0.638 | validation accuracy: 0.8579 | validation AP: 0.1941
Epoch 2/50 | train loss: 0.5106 | validation loss: 0.6182 | validation accuracy: 0.8698 | validation AP: 0.2087
Epoch 3/50 | train loss: 0.4962 | validation loss: 0.5917 | validation accuracy: 0.8195 | validation AP: 0.1946
Epoch 4/50 | train loss: 0.4808 | validation loss: 0.6213 | validation accuracy: 0.8523 | validation AP: 0.2056
Epoch 5/50 | train loss: 0.4786 | validation loss: 0.5842 | validation accuracy: 0.8667 | validation AP: 0.2389
Epoch 6/50 | train loss: 0.4791 | validation loss: 0.6195 | validation accuracy: 0.845 | validation AP: 0.2106
Epoch 7/50 | train loss: 0.4782 | validation loss: 0.6289 | validation accuracy: 0.852 | validation AP: 0.1975
Epoch 8/50 | train loss: 0.4706 | validation loss: 0.5765 | validation accuracy: 0.859 | validation AP: 0.2376
Epoch 9/50 | train loss: 0.4633 | validation loss: 0.627 | validation accuracy: 0.8576 | validation AP: 0.214
Stopping at epoch 9: validation AP has not improved for 4 epochs.
Best epoch: 5 | validation AP: 0.2389 | epochs run: 9

Validation classification report:
              precision    recall  f1-score   support

  disengaged     0.3333    0.1476    0.2046       332
     engaged     0.8956    0.9612    0.9272      2526

    accuracy                         0.8667      2858
   macro avg     0.6145    0.5544    0.5659      2858
weighted avg     0.8303    0.8667    0.8433      2858

Confusion matrix (rows: actual, columns: predicted):
[[  49  283]
 [  98 2428]]
Epoch 1/50 | train loss: 0.5345 | validation loss: 0.5839 | validation accuracy: 0.8604 | validation AP: 0.2095
Epoch 2/50 | train loss: 0.5048 | validation loss: 0.6113 | validation accuracy: 0.8555 | validation AP: 0.1917
Epoch 3/50 | train loss: 0.4944 | validation loss: 0.6134 | validation accuracy: 0.852 | validation AP: 0.2079
Epoch 4/50 | train loss: 0.4985 | validation loss: 0.5828 | validation accuracy: 0.8586 | validation AP: 0.2445
Epoch 5/50 | train loss: 0.4874 | validation loss: 0.57 | validation accuracy: 0.8611 | validation AP: 0.2726
Epoch 6/50 | train loss: 0.4811 | validation loss: 0.5662 | validation accuracy: 0.8604 | validation AP: 0.2562
Epoch 7/50 | train loss: 0.4792 | validation loss: 0.605 | validation accuracy: 0.838 | validation AP: 0.1905
Epoch 8/50 | train loss: 0.4677 | validation loss: 0.6178 | validation accuracy: 0.8681 | validation AP: 0.217
Epoch 9/50 | train loss: 0.4717 | validation loss: 0.5947 | validation accuracy: 0.8446 | validation AP: 0.2295
Stopping at epoch 9: validation AP has not improved for 4 epochs.
Best epoch: 5 | validation AP: 0.2726 | epochs run: 9

Validation classification report:
              precision    recall  f1-score   support

  disengaged     0.3399    0.2078    0.2579       332
     engaged     0.9009    0.9470    0.9234      2526

    accuracy                         0.8611      2858
   macro avg     0.6204    0.5774    0.5907      2858
weighted avg     0.8358    0.8611    0.8461      2858

Confusion matrix (rows: actual, columns: predicted):
[[  69  263]
 [ 134 2392]]
Epoch 1/50 | train loss: 0.5333 | validation loss: 0.6227 | validation accuracy: 0.8481 | validation AP: 0.1936
Epoch 2/50 | train loss: 0.5157 | validation loss: 0.6008 | validation accuracy: 0.8712 | validation AP: 0.1835
Epoch 3/50 | train loss: 0.5052 | validation loss: 0.5813 | validation accuracy: 0.8684 | validation AP: 0.2374
Epoch 4/50 | train loss: 0.498 | validation loss: 0.5698 | validation accuracy: 0.8307 | validation AP: 0.2558
Epoch 5/50 | train loss: 0.492 | validation loss: 0.5928 | validation accuracy: 0.8425 | validation AP: 0.2073
Epoch 6/50 | train loss: 0.4805 | validation loss: 0.5965 | validation accuracy: 0.8625 | validation AP: 0.2536
Epoch 7/50 | train loss: 0.4833 | validation loss: 0.5893 | validation accuracy: 0.8569 | validation AP: 0.2474
Epoch 8/50 | train loss: 0.475 | validation loss: 0.5951 | validation accuracy: 0.8758 | validation AP: 0.2583
Epoch 9/50 | train loss: 0.4785 | validation loss: 0.6049 | validation accuracy: 0.8632 | validation AP: 0.2192
Epoch 10/50 | train loss: 0.4649 | validation loss: 0.5699 | validation accuracy: 0.853 | validation AP: 0.2545
Epoch 11/50 | train loss: 0.4737 | validation loss: 0.5792 | validation accuracy: 0.8716 | validation AP: 0.2493
Epoch 12/50 | train loss: 0.473 | validation loss: 0.6003 | validation accuracy: 0.8555 | validation AP: 0.2114
Stopping at epoch 12: validation AP has not improved for 4 epochs.
Best epoch: 8 | validation AP: 0.2583 | epochs run: 12

Validation classification report:
              precision    recall  f1-score   support

  disengaged     0.3925    0.1265    0.1913       332
     engaged     0.8946    0.9743    0.9327      2526

    accuracy                         0.8758      2858
   macro avg     0.6436    0.5504    0.5620      2858
weighted avg     0.8363    0.8758    0.8466      2858

Confusion matrix (rows: actual, columns: predicted):
[[  42  290]
 [  65 2461]]
Epoch 1/50 | train loss: 0.5254 | validation loss: 0.6175 | validation accuracy: 0.8646 | validation AP: 0.1926
Epoch 2/50 | train loss: 0.5086 | validation loss: 0.6252 | validation accuracy: 0.8646 | validation AP: 0.1768
Epoch 3/50 | train loss: 0.504 | validation loss: 0.6008 | validation accuracy: 0.8254 | validation AP: 0.1789
Epoch 4/50 | train loss: 0.4961 | validation loss: 0.6109 | validation accuracy: 0.8621 | validation AP: 0.1969
Epoch 5/50 | train loss: 0.4883 | validation loss: 0.5718 | validation accuracy: 0.8579 | validation AP: 0.2485
Epoch 6/50 | train loss: 0.488 | validation loss: 0.5799 | validation accuracy: 0.8555 | validation AP: 0.2314
Epoch 7/50 | train loss: 0.4856 | validation loss: 0.5884 | validation accuracy: 0.8569 | validation AP: 0.241
Epoch 8/50 | train loss: 0.4778 | validation loss: 0.5697 | validation accuracy: 0.8516 | validation AP: 0.2396
Epoch 9/50 | train loss: 0.4777 | validation loss: 0.5784 | validation accuracy: 0.8537 | validation AP: 0.2426
Stopping at epoch 9: validation AP has not improved for 4 epochs.
Best epoch: 5 | validation AP: 0.2485 | epochs run: 9

Validation classification report:
              precision    recall  f1-score   support

  disengaged     0.3073    0.1777    0.2252       332
     engaged     0.8976    0.9473    0.9218      2526

    accuracy                         0.8579      2858
   macro avg     0.6024    0.5625    0.5735      2858
weighted avg     0.8290    0.8579    0.8409      2858

Confusion matrix (rows: actual, columns: predicted):
[[  59  273]
 [ 133 2393]]
Epoch 1/50 | train loss: 0.5292 | validation loss: 0.5793 | validation accuracy: 0.8796 | validation AP: 0.2405
Epoch 2/50 | train loss: 0.4968 | validation loss: 0.6071 | validation accuracy: 0.8471 | validation AP: 0.202[I 2026-10-09 04:27:33,355] Trial 12 finished with value: 0.26336342028764115 and parameters: {'hidden_size': 27, 'num_layers': 1, 'dropout': 0.25, 'learning_rate': 0.0021631222953159505, 'batch_size': 8}. Best is trial 8 with value: 0.2917840044816958.

Epoch 3/50 | train loss: 0.4849 | validation loss: 0.6239 | validation accuracy: 0.8467 | validation AP: 0.2012
Epoch 4/50 | train loss: 0.4951 | validation loss: 0.5924 | validation accuracy: 0.8436 | validation AP: 0.2183
Epoch 5/50 | train loss: 0.4795 | validation loss: 0.5915 | validation accuracy: 0.7929 | validation AP: 0.2468
Epoch 6/50 | train loss: 0.472 | validation loss: 0.5737 | validation accuracy: 0.8303 | validation AP: 0.2068
Epoch 7/50 | train loss: 0.4693 | validation loss: 0.6142 | validation accuracy: 0.8355 | validation AP: 0.1705
Epoch 8/50 | train loss: 0.4547 | validation loss: 0.6211 | validation accuracy: 0.8628 | validation AP: 0.2046
Epoch 9/50 | train loss: 0.4545 | validation loss: 0.6172 | validation accuracy: 0.8121 | validation AP: 0.1748
Stopping at epoch 9: validation AP has not improved for 4 epochs.
Best epoch: 5 | validation AP: 0.2468 | epochs run: 9

Validation classification report:
              precision    recall  f1-score   support

  disengaged     0.2481    0.3855    0.3019       332
     engaged     0.9129    0.8464    0.8784      2526

    accuracy                         0.7929      2858
   macro avg     0.5805    0.6160    0.5901      2858
weighted avg     0.8357    0.7929    0.8114      2858

Confusion matrix (rows: actual, columns: predicted):
[[ 128  204]
 [ 388 2138]]
Epoch 1/50 | train loss: 0.5234 | validation loss: 0.6044 | validation accuracy: 0.8457 | validation AP: 0.2199
Epoch 2/50 | train loss: 0.5055 | validation loss: 0.6007 | validation accuracy: 0.8719 | validation AP: 0.234
Epoch 3/50 | train loss: 0.4901 | validation loss: 0.5757 | validation accuracy: 0.8786 | validation AP: 0.2586
Epoch 4/50 | train loss: 0.486 | validation loss: 0.578 | validation accuracy: 0.7957 | validation AP: 0.2195
Epoch 5/50 | train loss: 0.4813 | validation loss: 0.6019 | validation accuracy: 0.8408 | validation AP: 0.2039
Epoch 6/50 | train loss: 0.4704 | validation loss: 0.6201 | validation accuracy: 0.867 | validation AP: 0.2376
Epoch 7/50 | train loss: 0.4688 | validation loss: 0.6035 | validation accuracy: 0.8681 | validation AP: 0.2229
Stopping at epoch 7: validation AP has not improved for 4 epochs.
Best epoch: 3 | validation AP: 0.2586 | epochs run: 7

Validation classification report:
              precision    recall  f1-score   support

  disengaged     0.4118    0.1054    0.1679       332
     engaged     0.8929    0.9802    0.9345      2526

    accuracy                         0.8786      2858
   macro avg     0.6523    0.5428    0.5512      2858
weighted avg     0.8370    0.8786    0.8455      2858

Confusion matrix (rows: actual, columns: predicted):
[[  35  297]
 [  50 2476]]
Epoch 1/50 | train loss: 0.5192 | validation loss: 0.6298 | validation accuracy: 0.8639 | validation AP: 0.2087
Epoch 2/50 | train loss: 0.5013 | validation loss: 0.6263 | validation accuracy: 0.8562 | validation AP: 0.1958
Epoch 3/50 | train loss: 0.4913 | validation loss: 0.5945 | validation accuracy: 0.8289 | validation AP: 0.1913
Epoch 4/50 | train loss: 0.4803 | validation loss: 0.6121 | validation accuracy: 0.8611 | validation AP: 0.2064
Epoch 5/50 | train loss: 0.4752 | validation loss: 0.575 | validation accuracy: 0.8527 | validation AP: 0.229
Epoch 6/50 | train loss: 0.4771 | validation loss: 0.5939 | validation accuracy: 0.86 | validation AP: 0.2203
Epoch 7/50 | train loss: 0.4686 | validation loss: 0.6144 | validation accuracy: 0.8583 | validation AP: 0.1981
Epoch 8/50 | train loss: 0.4633 | validation loss: 0.5694 | validation accuracy: 0.8314 | validation AP: 0.2209
Epoch 9/50 | train loss: 0.4578 | validation loss: 0.5949 | validation accuracy: 0.8621 | validation AP: 0.2174
Stopping at epoch 9: validation AP has not improved for 4 epochs.
Best epoch: 5 | validation AP: 0.229 | epochs run: 9

Validation classification report:
              precision    recall  f1-score   support

  disengaged     0.2568    0.1416    0.1825       332
     engaged     0.8935    0.9462    0.9191      2526

    accuracy                         0.8527      2858
   macro avg     0.5751    0.5439    0.5508      2858
weighted avg     0.8195    0.8527    0.8335      2858

Confusion matrix (rows: actual, columns: predicted):
[[  47  285]
 [ 136 2390]]
Epoch 1/50 | train loss: 0.5381 | validation loss: 0.5856 | validation accuracy: 0.8789 | validation AP: 0.2283
Epoch 2/50 | train loss: 0.5156 | validation loss: 0.6237 | validation accuracy: 0.8195 | validation AP: 0.1856
Epoch 3/50 | train loss: 0.4991 | validation loss: 0.6366 | validation accuracy: 0.8153 | validation AP: 0.1746
Epoch 4/50 | train loss: 0.5096 | validation loss: 0.582 | validation accuracy: 0.8485 | validation AP: 0.216
Epoch 5/50 | train loss: 0.496 | validation loss: 0.5692 | validation accuracy: 0.8212 | validation AP: 0.2522
Epoch 6/50 | train loss: 0.4895 | validation loss: 0.574 | validation accuracy: 0.838 | validation AP: 0.249
Epoch 7/50 | train loss: 0.4877 | validation loss: 0.6093 | validation accuracy: 0.8411 | validation AP: 0.1724
Epoch 8/50 | train loss: 0.4764 | validation loss: 0.6549 | validation accuracy: 0.8814 | validation AP: 0.1969
Epoch 9/50 | train loss: 0.4777 | validation loss: 0.6316 | validation accuracy: 0.867 | validation AP: 0.1765
Stopping at epoch 9: validation AP has not improved for 4 epochs.
Best epoch: 5 | validation AP: 0.2522 | epochs run: 9

Validation classification report:
              precision    recall  f1-score   support

  disengaged     0.2746    0.3283    0.2990       332
     engaged     0.9094    0.8860    0.8975      2526

    accuracy                         0.8212      2858
   macro avg     0.5920    0.6071    0.5983      2858
weighted avg     0.8356    0.8212    0.8280      2858

Confusion matrix (rows: actual, columns: predicted):
[[ 109  223]
 [ 288 2238]]
Epoch 1/50 | train loss: 0.5458 | validation loss: 0.6036 | validation accuracy: 0.8555 | validation AP: 0.2179
Epoch 2/50 | train loss: 0.5292 | validation loss: 0.6124 | validation accuracy: 0.881 | validation AP: 0.2284
Epoch 3/50 | train loss: 0.5046 | validation loss: 0.5703 | validation accuracy: 0.8814 | validation AP: 0.2877
Epoch 4/50 | train loss: 0.5009 | validation loss: 0.5976 | validation accuracy: 0.8586 | validation AP: 0.1842
Epoch 5/50 | train loss: 0.4972 | validation loss: 0.5911 | validation accuracy: 0.8415 | validation AP: 0.1937
Epoch 6/50 | train loss: 0.4869 | validation loss: 0.64 | validation accuracy: 0.8723 | validation AP: 0.2333
Epoch 7/50 | train loss: 0.4924 | validation loss: 0.5978 | validation accuracy: 0.8625 | validation AP: 0.2538
Stopping at epoch 7: validation AP has not improved for 4 epochs.
Best epoch: 3 | validation AP: 0.2877 | epochs run: 7

Validation classification report:
              precision    recall  f1-score   support

  disengaged     0.4545    0.1054    0.1711       332
     engaged     0.8932    0.9834    0.9361      2526

    accuracy                         0.8814      2858
   macro avg     0.6739    0.5444    0.5536      2858
weighted avg     0.8422    0.8814    0.8473      2858

Confusion matrix (rows: actual, columns: predicted):
[[  35  297]
 [  42 2484]]
Epoch 1/50 | train loss: 0.5351 | validation loss: 0.6403 | validation accuracy: 0.8565 | validation AP: 0.1695
Epoch 2/50 | train loss: 0.5245 | validation loss: 0.6398 | validation accuracy: 0.81 | validation AP: 0.1633
Epoch 3/50 | train loss: 0.5163 | validation loss: 0.5997 | validation accuracy: 0.8579 | validation AP: 0.1762
Epoch 4/50 | train loss: 0.5037 | validation loss: 0.6352 | validation accuracy: 0.8303 | validation AP: 0.1778
Epoch 5/50 | train loss: 0.4997 | validation loss: 0.5909 | validation accuracy: 0.8684 | validation AP: 0.2262
Epoch 6/50 | train loss: 0.4991 | validation loss: 0.5853 | validation accuracy: 0.8471 | validation AP: 0.2138
Epoch 7/50 | train loss: 0.4954 | validation loss: 0.5999 | validation accuracy: 0.8506 | validation AP: 0.2198
Epoch 8/50 | train loss: 0.5072 | validation loss: 0.5997 | validation accuracy: 0.8537 | validation AP: 0.1996
Epoch 9/50 | train loss: 0.5046 | validation loss: 0.606 | validation accuracy: 0.8275 | validation AP: 0.2219
Stopping at epoch 9: validation AP has not improved for 4 epochs.[I 2026-10-09 04:32:01,982] Trial 13 finished with value: 0.26992158433097163 and parameters: {'hidden_size': 177, 'num_layers': 2, 'dropout': 0.25, 'learning_rate': 0.0011674653460688061, 'batch_size': 8}. Best is trial 8 with value: 0.2917840044816958.
[I 2026-10-09 04:35:00,714] Trial 14 finished with value: 0.28173279434930465 and parameters: {'hidden_size': 75, 'num_layers': 2, 'dropout': 0.0, 'learning_rate': 0.00028114258619504017, 'batch_size': 8}. Best is trial 8 with value: 0.2917840044816958.

Best epoch: 5 | validation AP: 0.2262 | epochs run: 9

Validation classification report:
              precision    recall  f1-score   support

  disengaged     0.2800    0.0843    0.1296       332
     engaged     0.8898    0.9715    0.9288      2526

    accuracy                         0.8684      2858
   macro avg     0.5849    0.5279    0.5292      2858
weighted avg     0.8189    0.8684    0.8360      2858

Confusion matrix (rows: actual, columns: predicted):
[[  28  304]
 [  72 2454]]
Epoch 1/50 | train loss: 0.5294 | validation loss: 0.5864 | validation accuracy: 0.8621 | validation AP: 0.206
Epoch 2/50 | train loss: 0.5029 | validation loss: 0.6138 | validation accuracy: 0.8471 | validation AP: 0.1921
Epoch 3/50 | train loss: 0.4923 | validation loss: 0.6116 | validation accuracy: 0.8488 | validation AP: 0.2107
Epoch 4/50 | train loss: 0.4967 | validation loss: 0.58 | validation accuracy: 0.8439 | validation AP: 0.2524
Epoch 5/50 | train loss: 0.4859 | validation loss: 0.574 | validation accuracy: 0.8331 | validation AP: 0.2798
Epoch 6/50 | train loss: 0.4791 | validation loss: 0.5582 | validation accuracy: 0.8397 | validation AP: 0.2647
Epoch 7/50 | train loss: 0.4776 | validation loss: 0.6059 | validation accuracy: 0.8394 | validation AP: 0.1962
Epoch 8/50 | train loss: 0.464 | validation loss: 0.6168 | validation accuracy: 0.8628 | validation AP: 0.2143
Epoch 9/50 | train loss: 0.472 | validation loss: 0.6016 | validation accuracy: 0.8086 | validation AP: 0.2132
Stopping at epoch 9: validation AP has not improved for 4 epochs.
Best epoch: 5 | validation AP: 0.2798 | epochs run: 9

Validation classification report:
              precision    recall  f1-score   support

  disengaged     0.3025    0.3343    0.3176       332
     engaged     0.9113    0.8987    0.9049      2526

    accuracy                         0.8331      2858
   macro avg     0.6069    0.6165    0.6113      2858
weighted avg     0.8406    0.8331    0.8367      2858

Confusion matrix (rows: actual, columns: predicted):
[[ 111  221]
 [ 256 2270]]
Epoch 1/50 | train loss: 0.5254 | validation loss: 0.6151 | validation accuracy: 0.8509 | validation AP: 0.2048
Epoch 2/50 | train loss: 0.5108 | validation loss: 0.5912 | validation accuracy: 0.8656 | validation AP: 0.209
Epoch 3/50 | train loss: 0.494 | validation loss: 0.5731 | validation accuracy: 0.8698 | validation AP: 0.2735
Epoch 4/50 | train loss: 0.4918 | validation loss: 0.5768 | validation accuracy: 0.7922 | validation AP: 0.2527
Epoch 5/50 | train loss: 0.4855 | validation loss: 0.6006 | validation accuracy: 0.8247 | validation AP: 0.207
Epoch 6/50 | train loss: 0.474 | validation loss: 0.6093 | validation accuracy: 0.8583 | validation AP: 0.258
Epoch 7/50 | train loss: 0.4761 | validation loss: 0.5887 | validation accuracy: 0.8576 | validation AP: 0.2514
Stopping at epoch 7: validation AP has not improved for 4 epochs.
Best epoch: 3 | validation AP: 0.2735 | epochs run: 7

Validation classification report:
              precision    recall  f1-score   support

  disengaged     0.3485    0.1386    0.1983       332
     engaged     0.8951    0.9660    0.9292      2526

    accuracy                         0.8698      2858
   macro avg     0.6218    0.5523    0.5637      2858
weighted avg     0.8316    0.8698    0.8443      2858

Confusion matrix (rows: actual, columns: predicted):
[[  46  286]
 [  86 2440]]
Epoch 1/50 | train loss: 0.5256 | validation loss: 0.6232 | validation accuracy: 0.8579 | validation AP: 0.1893
Epoch 2/50 | train loss: 0.5073 | validation loss: 0.6283 | validation accuracy: 0.8583 | validation AP: 0.1793
Epoch 3/50 | train loss: 0.501 | validation loss: 0.5977 | validation accuracy: 0.8079 | validation AP: 0.1831
Epoch 4/50 | train loss: 0.4881 | validation loss: 0.6065 | validation accuracy: 0.8509 | validation AP: 0.1977
Epoch 5/50 | train loss: 0.4806 | validation loss: 0.572 | validation accuracy: 0.8537 | validation AP: 0.2396
Epoch 6/50 | train loss: 0.4837 | validation loss: 0.5811 | validation accuracy: 0.8495 | validation AP: 0.2258
Epoch 7/50 | train loss: 0.4768 | validation loss: 0.5938 | validation accuracy: 0.8373 | validation AP: 0.2306
Epoch 8/50 | train loss: 0.4688 | validation loss: 0.5645 | validation accuracy: 0.8474 | validation AP: 0.242
Epoch 9/50 | train loss: 0.4666 | validation loss: 0.5785 | validation accuracy: 0.8513 | validation AP: 0.2372
Epoch 10/50 | train loss: 0.4552 | validation loss: 0.6286 | validation accuracy: 0.8132 | validation AP: 0.201
Epoch 11/50 | train loss: 0.4463 | validation loss: 0.637 | validation accuracy: 0.873 | validation AP: 0.2388
Epoch 12/50 | train loss: 0.453 | validation loss: 0.5856 | validation accuracy: 0.8408 | validation AP: 0.2306
Stopping at epoch 12: validation AP has not improved for 4 epochs.
Best epoch: 8 | validation AP: 0.242 | epochs run: 12

Validation classification report:
              precision    recall  f1-score   support

  disengaged     0.2719    0.1867    0.2214       332
     engaged     0.8973    0.9343    0.9154      2526

    accuracy                         0.8474      2858
   macro avg     0.5846    0.5605    0.5684      2858
weighted avg     0.8247    0.8474    0.8348      2858

Confusion matrix (rows: actual, columns: predicted):
[[  62  270]
 [ 166 2360]]
Epoch 1/50 | train loss: 0.6631 | validation loss: 0.6555 | validation accuracy: 0.6211 | validation AP: 0.1875
Epoch 2/50 | train loss: 0.6347 | validation loss: 0.6677 | validation accuracy: 0.6344 | validation AP: 0.1766
Epoch 3/50 | train loss: 0.6298 | validation loss: 0.7129 | validation accuracy: 0.7288 | validation AP: 0.1944
Epoch 4/50 | train loss: 0.6303 | validation loss: 0.6879 | validation accuracy: 0.733 | validation AP: 0.2062
Epoch 5/50 | train loss: 0.6225 | validation loss: 0.6575 | validation accuracy: 0.7173 | validation AP: 0.2331
Epoch 6/50 | train loss: 0.6096 | validation loss: 0.6327 | validation accuracy: 0.6123 | validation AP: 0.2128
Epoch 7/50 | train loss: 0.61 | validation loss: 0.7089 | validation accuracy: 0.7208 | validation AP: 0.1814
Epoch 8/50 | train loss: 0.5981 | validation loss: 0.6858 | validation accuracy: 0.7176 | validation AP: 0.1948
Epoch 9/50 | train loss: 0.5915 | validation loss: 0.6932 | validation accuracy: 0.6561 | validation AP: 0.201
Stopping at epoch 9: validation AP has not improved for 4 epochs.
Best epoch: 5 | validation AP: 0.2331 | epochs run: 9

Validation classification report:
              precision    recall  f1-score   support

  disengaged     0.2062    0.5030    0.2925       332
     engaged     0.9194    0.7454    0.8233      2526

    accuracy                         0.7173      2858
   macro avg     0.5628    0.6242    0.5579      2858
weighted avg     0.8366    0.7173    0.7617      2858

Confusion matrix (rows: actual, columns: predicted):
[[ 167  165]
 [ 643 1883]]
Epoch 1/50 | train loss: 0.6565 | validation loss: 0.6627 | validation accuracy: 0.634 | validation AP: 0.1859
Epoch 2/50 | train loss: 0.6334 | validation loss: 0.6616 | validation accuracy: 0.6165 | validation AP: 0.176
Epoch 3/50 | train loss: 0.6269 | validation loss: 0.6799 | validation accuracy: 0.7491 | validation AP: 0.2067
Epoch 4/50 | train loss: 0.6155 | validation loss: 0.6091 | validation accuracy: 0.6498 | validation AP: 0.2729
Epoch 5/50 | train loss: 0.61 | validation loss: 0.6573 | validation accuracy: 0.6767 | validation AP: 0.2141
Epoch 6/50 | train loss: 0.6076 | validation loss: 0.6637 | validation accuracy: 0.6938 | validation AP: 0.2311
Epoch 7/50 | train loss: 0.6046 | validation loss: 0.6706 | validation accuracy: 0.6921 | validation AP: 0.2487
Epoch 8/50 | train loss: 0.5989 | validation loss: 0.6751 | validation accuracy: 0.7638 | validation AP: 0.2772
Epoch 9/50 | train loss: 0.6003 | validation loss: 0.6808 | validation accuracy: 0.7607 | validation AP: 0.2441
Epoch 10/50 | train loss: 0.5904 | validation loss: 0.6417 | validation accuracy: 0.7155 | validation AP: 0.2505
Epoch 11/50 | train loss: 0.5832 | validation loss: 0.6476 | validation accuracy: 0.7106 | validation AP: 0.2522
Epoch 12/50 | train loss: 0.5811 | validation loss: 0.7049 | validation accuracy: 0.7512 | validation AP: 0.2453[I 2026-10-09 04:35:31,619] Trial 15 finished with value: 0.27705113550081245 and parameters: {'hidden_size': 120, 'num_layers': 2, 'dropout': 0.25, 'learning_rate': 0.00035205921030151204, 'batch_size': 64}. Best is trial 8 with value: 0.2917840044816958.
[I 2026-10-09 04:37:59,449] Trial 16 finished with value: 0.2770623291652681 and parameters: {'hidden_size': 54, 'num_layers': 1, 'dropout': 0.5, 'learning_rate': 0.000706740202050954, 'batch_size': 8}. Best is trial 8 with value: 0.2917840044816958.

Stopping at epoch 12: validation AP has not improved for 4 epochs.
Best epoch: 8 | validation AP: 0.2772 | epochs run: 12

Validation classification report:
              precision    recall  f1-score   support

  disengaged     0.2459    0.5000    0.3297       332
     engaged     0.9240    0.7985    0.8567      2526

    accuracy                         0.7638      2858
   macro avg     0.5849    0.6492    0.5932      2858
weighted avg     0.8452    0.7638    0.7954      2858

Confusion matrix (rows: actual, columns: predicted):
[[ 166  166]
 [ 509 2017]]
Epoch 1/50 | train loss: 0.6619 | validation loss: 0.6704 | validation accuracy: 0.6917 | validation AP: 0.1937
Epoch 2/50 | train loss: 0.6373 | validation loss: 0.678 | validation accuracy: 0.7155 | validation AP: 0.1933
Epoch 3/50 | train loss: 0.6288 | validation loss: 0.6545 | validation accuracy: 0.6316 | validation AP: 0.1949
Epoch 4/50 | train loss: 0.6184 | validation loss: 0.6522 | validation accuracy: 0.7344 | validation AP: 0.2268
Epoch 5/50 | train loss: 0.613 | validation loss: 0.6227 | validation accuracy: 0.6018 | validation AP: 0.2255
Epoch 6/50 | train loss: 0.6057 | validation loss: 0.6359 | validation accuracy: 0.7061 | validation AP: 0.2486
Epoch 7/50 | train loss: 0.6033 | validation loss: 0.6772 | validation accuracy: 0.7089 | validation AP: 0.2266
Epoch 8/50 | train loss: 0.5991 | validation loss: 0.6734 | validation accuracy: 0.67 | validation AP: 0.1901
Epoch 9/50 | train loss: 0.5969 | validation loss: 0.6731 | validation accuracy: 0.6666 | validation AP: 0.2026
Epoch 10/50 | train loss: 0.5939 | validation loss: 0.6805 | validation accuracy: 0.7568 | validation AP: 0.2643
Epoch 11/50 | train loss: 0.5864 | validation loss: 0.7196 | validation accuracy: 0.781 | validation AP: 0.2507
Epoch 12/50 | train loss: 0.5935 | validation loss: 0.6595 | validation accuracy: 0.7075 | validation AP: 0.2549
Epoch 13/50 | train loss: 0.5899 | validation loss: 0.6811 | validation accuracy: 0.718 | validation AP: 0.217
Epoch 14/50 | train loss: 0.5839 | validation loss: 0.6386 | validation accuracy: 0.6977 | validation AP: 0.2564
Stopping at epoch 14: validation AP has not improved for 4 epochs.
Best epoch: 10 | validation AP: 0.2643 | epochs run: 14

Validation classification report:
              precision    recall  f1-score   support

  disengaged     0.2350    0.4849    0.3166       332
     engaged     0.9213    0.7926    0.8521      2526

    accuracy                         0.7568      2858
   macro avg     0.5782    0.6387    0.5844      2858
weighted avg     0.8416    0.7568    0.7899      2858

Confusion matrix (rows: actual, columns: predicted):
[[ 161  171]
 [ 524 2002]]
Epoch 1/50 | train loss: 0.5431 | validation loss: 0.5747 | validation accuracy: 0.8681 | validation AP: 0.2323
Epoch 2/50 | train loss: 0.5021 | validation loss: 0.5939 | validation accuracy: 0.8569 | validation AP: 0.2218
Epoch 3/50 | train loss: 0.4922 | validation loss: 0.6057 | validation accuracy: 0.8523 | validation AP: 0.22
Epoch 4/50 | train loss: 0.5021 | validation loss: 0.5763 | validation accuracy: 0.852 | validation AP: 0.2543
Epoch 5/50 | train loss: 0.4933 | validation loss: 0.5727 | validation accuracy: 0.846 | validation AP: 0.264
Epoch 6/50 | train loss: 0.4895 | validation loss: 0.5667 | validation accuracy: 0.8628 | validation AP: 0.2605
Epoch 7/50 | train loss: 0.4884 | validation loss: 0.5947 | validation accuracy: 0.8548 | validation AP: 0.1959
Epoch 8/50 | train loss: 0.4739 | validation loss: 0.6119 | validation accuracy: 0.8751 | validation AP: 0.2249
Epoch 9/50 | train loss: 0.475 | validation loss: 0.5936 | validation accuracy: 0.8446 | validation AP: 0.2295
Stopping at epoch 9: validation AP has not improved for 4 epochs.
Best epoch: 5 | validation AP: 0.264 | epochs run: 9

Validation classification report:
              precision    recall  f1-score   support

  disengaged     0.3015    0.2470    0.2715       332
     engaged     0.9033    0.9248    0.9139      2526

    accuracy                         0.8460      2858
   macro avg     0.6024    0.5859    0.5927      2858
weighted avg     0.8334    0.8460    0.8393      2858

Confusion matrix (rows: actual, columns: predicted):
[[  82  250]
 [ 190 2336]]
Epoch 1/50 | train loss: 0.5315 | validation loss: 0.6122 | validation accuracy: 0.8565 | validation AP: 0.2143
Epoch 2/50 | train loss: 0.514 | validation loss: 0.5917 | validation accuracy: 0.8747 | validation AP: 0.2252
Epoch 3/50 | train loss: 0.499 | validation loss: 0.574 | validation accuracy: 0.8712 | validation AP: 0.2575
Epoch 4/50 | train loss: 0.4958 | validation loss: 0.5772 | validation accuracy: 0.7911 | validation AP: 0.2354
Epoch 5/50 | train loss: 0.4845 | validation loss: 0.6004 | validation accuracy: 0.8429 | validation AP: 0.2131
Epoch 6/50 | train loss: 0.4738 | validation loss: 0.6182 | validation accuracy: 0.8583 | validation AP: 0.244
Epoch 7/50 | train loss: 0.4772 | validation loss: 0.5895 | validation accuracy: 0.8495 | validation AP: 0.2428
Stopping at epoch 7: validation AP has not improved for 4 epochs.
Best epoch: 3 | validation AP: 0.2575 | epochs run: 7

Validation classification report:
              precision    recall  f1-score   support

  disengaged     0.3364    0.1114    0.1674       332
     engaged     0.8926    0.9711    0.9302      2526

    accuracy                         0.8712      2858
   macro avg     0.6145    0.5413    0.5488      2858
weighted avg     0.8280    0.8712    0.8416      2858

Confusion matrix (rows: actual, columns: predicted):
[[  37  295]
 [  73 2453]]
Epoch 1/50 | train loss: 0.5265 | validation loss: 0.6184 | validation accuracy: 0.8688 | validation AP: 0.2013
Epoch 2/50 | train loss: 0.5103 | validation loss: 0.604 | validation accuracy: 0.8565 | validation AP: 0.2062
Epoch 3/50 | train loss: 0.5021 | validation loss: 0.5986 | validation accuracy: 0.8037 | validation AP: 0.1861
Epoch 4/50 | train loss: 0.4955 | validation loss: 0.5984 | validation accuracy: 0.8492 | validation AP: 0.2047
Epoch 5/50 | train loss: 0.4879 | validation loss: 0.5695 | validation accuracy: 0.8523 | validation AP: 0.2428
Epoch 6/50 | train loss: 0.4919 | validation loss: 0.5781 | validation accuracy: 0.8223 | validation AP: 0.2181
Epoch 7/50 | train loss: 0.4803 | validation loss: 0.5916 | validation accuracy: 0.8359 | validation AP: 0.2302
Epoch 8/50 | train loss: 0.4755 | validation loss: 0.5715 | validation accuracy: 0.8551 | validation AP: 0.2266
Epoch 9/50 | train loss: 0.478 | validation loss: 0.5814 | validation accuracy: 0.8464 | validation AP: 0.2332
Stopping at epoch 9: validation AP has not improved for 4 epochs.
Best epoch: 5 | validation AP: 0.2428 | epochs run: 9

Validation classification report:
              precision    recall  f1-score   support

  disengaged     0.2991    0.2018    0.2410       332
     engaged     0.8994    0.9378    0.9182      2526

    accuracy                         0.8523      2858
   macro avg     0.5992    0.5698    0.5796      2858
weighted avg     0.8297    0.8523    0.8395      2858

Confusion matrix (rows: actual, columns: predicted):
[[  67  265]
 [ 157 2369]]
Epoch 1/50 | train loss: 0.6501 | validation loss: 0.6428 | validation accuracy: 0.725 | validation AP: 0.2128
Epoch 2/50 | train loss: 0.62 | validation loss: 0.6371 | validation accuracy: 0.7183 | validation AP: 0.2375
Epoch 3/50 | train loss: 0.6046 | validation loss: 0.6583 | validation accuracy: 0.7659 | validation AP: 0.2486
Epoch 4/50 | train loss: 0.6068 | validation loss: 0.6593 | validation accuracy: 0.7547 | validation AP: 0.2653
Epoch 5/50 | train loss: 0.5862 | validation loss: 0.7175 | validation accuracy: 0.7813 | validation AP: 0.2779
Epoch 6/50 | train loss: 0.5836 | validation loss: 0.6258 | validation accuracy: 0.648 | validation AP: 0.2366
Epoch 7/50 | train loss: 0.5886 | validation loss: 0.7396 | validation accuracy: 0.7813 | validation AP: 0.2081
Epoch 8/50 | train loss: 0.5637 | validation loss: 0.6871 | validation accuracy: 0.7327 | validation AP: 0.2195
Epoch 9/50 | train loss: 0.5611 | validation loss: 0.6589 | validation accuracy: 0.6781 | validation AP: 0.2316
Stopping at epoch 9: validation AP has not improved for 4 epochs.[I 2026-10-09 04:38:40,701] Trial 17 finished with value: 0.2732048288067366 and parameters: {'hidden_size': 41, 'num_layers': 2, 'dropout': 0.25, 'learning_rate': 0.0011457649720982626, 'batch_size': 32}. Best is trial 8 with value: 0.2917840044816958.

Best epoch: 5 | validation AP: 0.2779 | epochs run: 9

Validation classification report:
              precision    recall  f1-score   support

  disengaged     0.2546    0.4578    0.3272       332
     engaged     0.9204    0.8238    0.8694      2526

    accuracy                         0.7813      2858
   macro avg     0.5875    0.6408    0.5983      2858
weighted avg     0.8430    0.7813    0.8065      2858

Confusion matrix (rows: actual, columns: predicted):
[[ 152  180]
 [ 445 2081]]
Epoch 1/50 | train loss: 0.641 | validation loss: 0.6837 | validation accuracy: 0.7964 | validation AP: 0.2119
Epoch 2/50 | train loss: 0.6168 | validation loss: 0.6639 | validation accuracy: 0.7694 | validation AP: 0.2297
Epoch 3/50 | train loss: 0.5989 | validation loss: 0.6496 | validation accuracy: 0.803 | validation AP: 0.2798
Epoch 4/50 | train loss: 0.5961 | validation loss: 0.6375 | validation accuracy: 0.5896 | validation AP: 0.2324
Epoch 5/50 | train loss: 0.59 | validation loss: 0.6887 | validation accuracy: 0.7404 | validation AP: 0.2239
Epoch 6/50 | train loss: 0.5837 | validation loss: 0.6882 | validation accuracy: 0.7666 | validation AP: 0.2425
Epoch 7/50 | train loss: 0.57 | validation loss: 0.676 | validation accuracy: 0.7414 | validation AP: 0.2352
Stopping at epoch 7: validation AP has not improved for 4 epochs.
Best epoch: 3 | validation AP: 0.2798 | epochs run: 7

Validation classification report:
              precision    recall  f1-score   support

  disengaged     0.2783    0.4367    0.3400       332
     engaged     0.9200    0.8511    0.8842      2526

    accuracy                         0.8030      2858
   macro avg     0.5991    0.6439    0.6121      2858
weighted avg     0.8454    0.8030    0.8210      2858

Confusion matrix (rows: actual, columns: predicted):
[[ 145  187]
 [ 376 2150]]
Epoch 1/50 | train loss: 0.658 | validation loss: 0.6734 | validation accuracy: 0.7932 | validation AP: 0.225
Epoch 2/50 | train loss: 0.6228 | validation loss: 0.6706 | validation accuracy: 0.7516 | validation AP: 0.2117
Epoch 3/50 | train loss: 0.6005 | validation loss: 0.6954 | validation accuracy: 0.7288 | validation AP: 0.1807
Epoch 4/50 | train loss: 0.5961 | validation loss: 0.6674 | validation accuracy: 0.7281 | validation AP: 0.2135
Epoch 5/50 | train loss: 0.5842 | validation loss: 0.6745 | validation accuracy: 0.7407 | validation AP: 0.2252
Epoch 6/50 | train loss: 0.5754 | validation loss: 0.6805 | validation accuracy: 0.7554 | validation AP: 0.2236
Epoch 7/50 | train loss: 0.5761 | validation loss: 0.7412 | validation accuracy: 0.7992 | validation AP: 0.2122
Epoch 8/50 | train loss: 0.5681 | validation loss: 0.681 | validation accuracy: 0.7099 | validation AP: 0.2065
Epoch 9/50 | train loss: 0.5646 | validation loss: 0.7003 | validation accuracy: 0.7096 | validation AP: 0.1917
Stopping at epoch 9: validation AP has not improved for 4 epochs.
Best epoch: 5 | validation AP: 0.2252 | epochs run: 9

Validation classification report:
              precision    recall  f1-score   support

  disengaged     0.2116    0.4518    0.2882       332
     engaged     0.9153    0.7787    0.8415      2526

    accuracy                         0.7407      2858
   macro avg     0.5634    0.6153    0.5648      2858
weighted avg     0.8336    0.7407    0.7772      2858

Confusion matrix (rows: actual, columns: predicted):
[[ 150  182]
 [ 559 1967]]
Epoch 1/50 | train loss: 0.5394 | validation loss: 0.5878 | validation accuracy: 0.8572 | validation AP: 0.2003
Epoch 2/50 | train loss: 0.5079 | validation loss: 0.618 | validation accuracy: 0.8506 | validation AP: 0.1749
Epoch 3/50 | train loss: 0.4998 | validation loss: 0.6249 | validation accuracy: 0.8527 | validation AP: 0.1873
Epoch 4/50 | train loss: 0.5069 | validation loss: 0.5945 | validation accuracy: 0.8555 | validation AP: 0.2101
Epoch 5/50 | train loss: 0.4941 | validation loss: 0.5701 | validation accuracy: 0.8583 | validation AP: 0.2578
Epoch 6/50 | train loss: 0.4856 | validation loss: 0.5652 | validation accuracy: 0.8649 | validation AP: 0.2556
Epoch 7/50 | train loss: 0.4832 | validation loss: 0.5964 | validation accuracy: 0.853 | validation AP: 0.2036
Epoch 8/50 | train loss: 0.4719 | validation loss: 0.6171 | validation accuracy: 0.8716 | validation AP: 0.2145
Epoch 9/50 | train loss: 0.4801 | validation loss: 0.593 | validation accuracy: 0.8506 | validation AP: 0.2284
Stopping at epoch 9: validation AP has not improved for 4 epochs.
Best epoch: 5 | validation AP: 0.2578 | epochs run: 9

Validation classification report:
              precision    recall  f1-score   support

  disengaged     0.3237    0.2018    0.2486       332
     engaged     0.9000    0.9446    0.9218      2526

    accuracy                         0.8583      2858
   macro avg     0.6119    0.5732    0.5852      2858
weighted avg     0.8331    0.8583    0.8436      2858

Confusion matrix (rows: actual, columns: predicted):
[[  67  265]
 [ 140 2386]]
Epoch 1/50 | train loss: 0.5362 | validation loss: 0.6217 | validation accuracy: 0.8495 | validation AP: 0.1806
Epoch 2/50 | train loss: 0.5177 | validation loss: 0.6021 | validation accuracy: 0.859 | validation AP: 0.1731
Epoch 3/50 | train loss: 0.5072 | validation loss: 0.5994 | validation accuracy: 0.8726 | validation AP: 0.1947
Epoch 4/50 | train loss: 0.5068 | validation loss: 0.594 | validation accuracy: 0.8202 | validation AP: 0.1896
Epoch 5/50 | train loss: 0.5011 | validation loss: 0.6054 | validation accuracy: 0.8404 | validation AP: 0.1762
Epoch 6/50 | train loss: 0.4892 | validation loss: 0.6079 | validation accuracy: 0.853 | validation AP: 0.2121
Epoch 7/50 | train loss: 0.491 | validation loss: 0.5955 | validation accuracy: 0.8474 | validation AP: 0.2093
Epoch 8/50 | train loss: 0.483 | validation loss: 0.5957 | validation accuracy: 0.8695 | validation AP: 0.2426
Epoch 9/50 | train loss: 0.4835 | validation loss: 0.6051 | validation accuracy: 0.8537 | validation AP: 0.2032
Epoch 10/50 | train loss: 0.4687 | validation loss: 0.5683 | validation accuracy: 0.838 | validation AP: 0.245
Epoch 11/50 | train loss: 0.4758 | validation loss: 0.5788 | validation accuracy: 0.8688 | validation AP: 0.2496
Epoch 12/50 | train loss: 0.4748 | validation loss: 0.5948 | validation accuracy: 0.8429 | validation AP: 0.209
Epoch 13/50 | train loss: 0.4597 | validation loss: 0.5874 | validation accuracy: 0.8369 | validation AP: 0.2227
Epoch 14/50 | train loss: 0.4524 | validation loss: 0.5857 | validation accuracy: 0.8369 | validation AP: 0.2429
Epoch 15/50 | train loss: 0.4558 | validation loss: 0.6113 | validation accuracy: 0.8719 | validation AP: 0.2226
Stopping at epoch 15: validation AP has not improved for 4 epochs.
Best epoch: 11 | validation AP: 0.2496 | epochs run: 15

Validation classification report:
              precision    recall  f1-score   support

  disengaged     0.3497    0.1506    0.2105       332
     engaged     0.8961    0.9632    0.9284      2526

    accuracy                         0.8688      2858
   macro avg     0.6229    0.5569    0.5695      2858
weighted avg     0.8327    0.8688    0.8451      2858

Confusion matrix (rows: actual, columns: predicted):
[[  50  282]
 [  93 2433]]
Epoch 1/50 | train loss: 0.5362 | validation loss: 0.6158 | validation accuracy: 0.866 | validation AP: 0.1924
Epoch 2/50 | train loss: 0.5102 | validation loss: 0.618 | validation accuracy: 0.8607 | validation AP: 0.1803
Epoch 3/50 | train loss: 0.5073 | validation loss: 0.5985 | validation accuracy: 0.8467 | validation AP: 0.1789
Epoch 4/50 | train loss: 0.4962 | validation loss: 0.6126 | validation accuracy: 0.8604 | validation AP: 0.1899
Epoch 5/50 | train loss: 0.4901 | validation loss: 0.572 | validation accuracy: 0.8576 | validation AP: 0.2452
Epoch 6/50 | train loss: 0.4908 | validation loss: 0.5769 | validation accuracy: 0.8618 | validation AP: 0.239
Epoch 7/50 | train loss: 0.485 | validation loss: 0.5866 | validation accuracy: 0.8558 | validation AP: 0.2386
Epoch 8/50 | train loss: 0.4809 | validation loss: 0.5716 | validation accuracy: 0.8579 | validation AP: 0.2387
Epoch 9/50 | train loss: 0.4805 | validation loss: 0.5782 | validation accuracy: 0.8593 | validation AP: 0.2423[I 2026-10-09 04:42:34,024] Trial 18 finished with value: 0.2751832072034663 and parameters: {'hidden_size': 167, 'num_layers': 1, 'dropout': 0.0, 'learning_rate': 0.00010578833495985209, 'batch_size': 8}. Best is trial 8 with value: 0.2917840044816958.
[I 2026-10-09 04:45:57,485] Trial 19 finished with value: 0.2987225818825517 and parameters: {'hidden_size': 84, 'num_layers': 2, 'dropout': 0.5, 'learning_rate': 0.0013109512741346495, 'batch_size': 8}. Best is trial 19 with value: 0.2987225818825517.

Stopping at epoch 9: validation AP has not improved for 4 epochs.
Best epoch: 5 | validation AP: 0.2452 | epochs run: 9

Validation classification report:
              precision    recall  f1-score   support

  disengaged     0.3171    0.1958    0.2421       332
     engaged     0.8994    0.9446    0.9214      2526

    accuracy                         0.8576      2858
   macro avg     0.6082    0.5702    0.5817      2858
weighted avg     0.8317    0.8576    0.8425      2858

Confusion matrix (rows: actual, columns: predicted):
[[  65  267]
 [ 140 2386]]
Epoch 1/50 | train loss: 0.5385 | validation loss: 0.5762 | validation accuracy: 0.8775 | validation AP: 0.251
Epoch 2/50 | train loss: 0.5128 | validation loss: 0.6083 | validation accuracy: 0.8404 | validation AP: 0.2166
Epoch 3/50 | train loss: 0.5009 | validation loss: 0.6397 | validation accuracy: 0.8443 | validation AP: 0.1878
Epoch 4/50 | train loss: 0.5055 | validation loss: 0.5792 | validation accuracy: 0.8446 | validation AP: 0.253
Epoch 5/50 | train loss: 0.4918 | validation loss: 0.6009 | validation accuracy: 0.8195 | validation AP: 0.268
Epoch 6/50 | train loss: 0.4829 | validation loss: 0.5629 | validation accuracy: 0.8205 | validation AP: 0.2402
Epoch 7/50 | train loss: 0.4817 | validation loss: 0.5948 | validation accuracy: 0.8453 | validation AP: 0.1823
Epoch 8/50 | train loss: 0.4676 | validation loss: 0.674 | validation accuracy: 0.8572 | validation AP: 0.1823
Epoch 9/50 | train loss: 0.4708 | validation loss: 0.6295 | validation accuracy: 0.8551 | validation AP: 0.1765
Stopping at epoch 9: validation AP has not improved for 4 epochs.
Best epoch: 5 | validation AP: 0.268 | epochs run: 9

Validation classification report:
              precision    recall  f1-score   support

  disengaged     0.2956    0.4006    0.3402       332
     engaged     0.9174    0.8745    0.8954      2526

    accuracy                         0.8195      2858
   macro avg     0.6065    0.6376    0.6178      2858
weighted avg     0.8451    0.8195    0.8309      2858

Confusion matrix (rows: actual, columns: predicted):
[[ 133  199]
 [ 317 2209]]
Epoch 1/50 | train loss: 0.5427 | validation loss: 0.6114 | validation accuracy: 0.8642 | validation AP: 0.2247
Epoch 2/50 | train loss: 0.5212 | validation loss: 0.6198 | validation accuracy: 0.8831 | validation AP: 0.2276
Epoch 3/50 | train loss: 0.5055 | validation loss: 0.5653 | validation accuracy: 0.8737 | validation AP: 0.2873
Epoch 4/50 | train loss: 0.5021 | validation loss: 0.6085 | validation accuracy: 0.8705 | validation AP: 0.161
Epoch 5/50 | train loss: 0.503 | validation loss: 0.6058 | validation accuracy: 0.8055 | validation AP: 0.1974
Epoch 6/50 | train loss: 0.4881 | validation loss: 0.6675 | validation accuracy: 0.8716 | validation AP: 0.2265
Epoch 7/50 | train loss: 0.4856 | validation loss: 0.617 | validation accuracy: 0.866 | validation AP: 0.2393
Stopping at epoch 7: validation AP has not improved for 4 epochs.
Best epoch: 3 | validation AP: 0.2873 | epochs run: 7

Validation classification report:
              precision    recall  f1-score   support

  disengaged     0.3821    0.1416    0.2066       332
     engaged     0.8958    0.9699    0.9314      2526

    accuracy                         0.8737      2858
   macro avg     0.6390    0.5557    0.5690      2858
weighted avg     0.8361    0.8737    0.8472      2858

Confusion matrix (rows: actual, columns: predicted):
[[  47  285]
 [  76 2450]]
Epoch 1/50 | train loss: 0.5353 | validation loss: 0.6261 | validation accuracy: 0.8646 | validation AP: 0.1882
Epoch 2/50 | train loss: 0.5171 | validation loss: 0.6252 | validation accuracy: 0.8457 | validation AP: 0.1743
Epoch 3/50 | train loss: 0.5103 | validation loss: 0.5826 | validation accuracy: 0.8586 | validation AP: 0.2035
Epoch 4/50 | train loss: 0.4963 | validation loss: 0.6288 | validation accuracy: 0.8586 | validation AP: 0.2034
Epoch 5/50 | train loss: 0.4915 | validation loss: 0.5806 | validation accuracy: 0.8593 | validation AP: 0.229
Epoch 6/50 | train loss: 0.4924 | validation loss: 0.601 | validation accuracy: 0.8558 | validation AP: 0.2107
Epoch 7/50 | train loss: 0.4861 | validation loss: 0.6208 | validation accuracy: 0.8534 | validation AP: 0.2185
Epoch 8/50 | train loss: 0.4831 | validation loss: 0.5746 | validation accuracy: 0.8604 | validation AP: 0.2363
Epoch 9/50 | train loss: 0.4789 | validation loss: 0.6219 | validation accuracy: 0.8555 | validation AP: 0.2137
Epoch 10/50 | train loss: 0.4625 | validation loss: 0.6595 | validation accuracy: 0.8023 | validation AP: 0.1803
Epoch 11/50 | train loss: 0.4615 | validation loss: 0.6693 | validation accuracy: 0.8775 | validation AP: 0.2531
Epoch 12/50 | train loss: 0.4659 | validation loss: 0.5937 | validation accuracy: 0.8464 | validation AP: 0.2162
Epoch 13/50 | train loss: 0.4588 | validation loss: 0.658 | validation accuracy: 0.8516 | validation AP: 0.1927
Epoch 14/50 | train loss: 0.4467 | validation loss: 0.6357 | validation accuracy: 0.8495 | validation AP: 0.2284
Epoch 15/50 | train loss: 0.4472 | validation loss: 0.7342 | validation accuracy: 0.8506 | validation AP: 0.1836
Stopping at epoch 15: validation AP has not improved for 4 epochs.
Best epoch: 11 | validation AP: 0.2531 | epochs run: 15

Validation classification report:
              precision    recall  f1-score   support

  disengaged     0.4082    0.1205    0.1860       332
     engaged     0.8942    0.9770    0.9338      2526

    accuracy                         0.8775      2858
   macro avg     0.6512    0.5488    0.5599      2858
weighted avg     0.8377    0.8775    0.8469      2858

Confusion matrix (rows: actual, columns: predicted):
[[  40  292]
 [  58 2468]]
Epoch 1/50 | train loss: 0.5385 | validation loss: 0.5964 | validation accuracy: 0.8481 | validation AP: 0.1862
Epoch 2/50 | train loss: 0.5119 | validation loss: 0.7466 | validation accuracy: 0.881 | validation AP: 0.2008
Epoch 3/50 | train loss: 0.5091 | validation loss: 0.5942 | validation accuracy: 0.8502 | validation AP: 0.2441
Epoch 4/50 | train loss: 0.5045 | validation loss: 0.5791 | validation accuracy: 0.8212 | validation AP: 0.2254
Epoch 5/50 | train loss: 0.4967 | validation loss: 0.6131 | validation accuracy: 0.8621 | validation AP: 0.219
Epoch 6/50 | train loss: 0.492 | validation loss: 0.6212 | validation accuracy: 0.8625 | validation AP: 0.2158
Epoch 7/50 | train loss: 0.4837 | validation loss: 0.5954 | validation accuracy: 0.8579 | validation AP: 0.245
Epoch 8/50 | train loss: 0.492 | validation loss: 0.5919 | validation accuracy: 0.8562 | validation AP: 0.2384
Epoch 9/50 | train loss: 0.4763 | validation loss: 0.6382 | validation accuracy: 0.8719 | validation AP: 0.2371
Epoch 10/50 | train loss: 0.4779 | validation loss: 0.6032 | validation accuracy: 0.8562 | validation AP: 0.2188
Epoch 11/50 | train loss: 0.4797 | validation loss: 0.6171 | validation accuracy: 0.8359 | validation AP: 0.2279
Stopping at epoch 11: validation AP has not improved for 4 epochs.
Best epoch: 7 | validation AP: 0.245 | epochs run: 11

Validation classification report:
              precision    recall  f1-score   support

  disengaged     0.2967    0.1627    0.2101       332
     engaged     0.8961    0.9493    0.9220      2526

    accuracy                         0.8579      2858
   macro avg     0.5964    0.5560    0.5660      2858
weighted avg     0.8265    0.8579    0.8393      2858

Confusion matrix (rows: actual, columns: predicted):
[[  54  278]
 [ 128 2398]]
Epoch 1/50 | train loss: 0.5403 | validation loss: 0.5996 | validation accuracy: 0.8502 | validation AP: 0.1771
Epoch 2/50 | train loss: 0.5152 | validation loss: 0.5899 | validation accuracy: 0.8366 | validation AP: 0.2058
Epoch 3/50 | train loss: 0.5088 | validation loss: 0.5916 | validation accuracy: 0.839 | validation AP: 0.1931
Epoch 4/50 | train loss: 0.5059 | validation loss: 0.5941 | validation accuracy: 0.8254 | validation AP: 0.1927
Epoch 5/50 | train loss: 0.4963 | validation loss: 0.6045 | validation accuracy: 0.8565 | validation AP: 0.2681
Epoch 6/50 | train loss: 0.495 | validation loss: 0.5976 | validation accuracy: 0.8656 | validation AP: 0.2245
Epoch 7/50 | train loss: 0.4907 | validation loss: 0.6404 | validation accuracy: 0.8828 | validation AP: 0.221
Epoch 8/50 | train loss: 0.4868 | validation loss: 0.5914 | validation accuracy: 0.8401 | validation AP: 0.2281
Epoch 9/50 | train loss: 0.4867 | validation loss: 0.6066 | validation accuracy: 0.8565 | validation AP: 0.2117
Stopping at epoch 9: validation AP has not improved for 4 epochs.
Best epoch: 5 | validation AP: 0.2681 | epochs run: 9

Validation classification report:
              precision    recall  f1-score   support

  disengaged     0.3227    0.2139    0.2572       332
     engaged     0.9011    0.9410    0.9206      2526

    accuracy                         0.8565      2858
   macro avg     0.6119    0.5774    0.5889      2858
weighted avg     0.8339    0.8565    0.8435      2858

Confusion matrix (rows: actual, columns: predicted):
[[  71  261]
 [ 149 2377]]
Epoch 1/50 | train loss: 0.5359 | validation loss: 0.5802 | validation accuracy: 0.8583 | validation AP: 0.2285
Epoch 2/50 | train loss: 0.5093 | validation loss: 0.6447 | validation accuracy: 0.88 | validation AP: 0.2353
Epoch 3/50 | train loss: 0.5022 | validation loss: 0.5971 | validation accuracy: 0.8814 | validation AP: 0.2228
Epoch 4/50 | train loss: 0.4983 | validation loss: 0.6497 | validation accuracy: 0.8793 | validation AP: 0.219
Epoch 5/50 | train loss: 0.4981 | validation loss: 0.6284 | validation accuracy: 0.8188 | validation AP: 0.2099
Epoch 6/50 | train loss: 0.4955 | validation loss: 0.5901 | validation accuracy: 0.8436 | validation AP: 0.2521
Epoch 7/50 | train loss: 0.4816 | validation loss: 0.6122 | validation accuracy: 0.8733 | validation AP: 0.2538
Epoch 8/50 | train loss: 0.4773 | validation loss: 0.6082 | validation accuracy: 0.8258 | validation AP: 0.1926
Epoch 9/50 | train loss: 0.4774 | validation loss: 0.6307 | validation accuracy: 0.86 | validation AP: 0.2174
Epoch 10/50 | train loss: 0.4669 | validation loss: 0.7198 | validation accuracy: 0.7911 | validation AP: 0.1791
Epoch 11/50 | train loss: 0.4825 | validation loss: 0.6233 | validation accuracy: 0.8523 | validation AP: 0.1921
Stopping at epoch 11: validation AP has not improved for 4 epochs.
Best epoch: 7 | validation AP: 0.2538 | epochs run: 11

Validation classification report:
              precision    recall  f1-score   support

  disengaged     0.3770    0.1386    0.2026       332
     engaged     0.8955    0.9699    0.9312      2526

    accuracy                         0.8733      2858
   macro avg     0.6363    0.5542    0.5669      2858
weighted avg     0.8352    0.8733    0.8466      2858

Confusion matrix (rows: actual, columns: predicted):
[[  46  286]
 [  76 2450]]
Epoch 1/50 | train loss: 0.545 | validation loss: 0.6021 | validation accuracy: 0.8719 | validation AP: 0.1633
Epoch 2/50 | train loss: 0.5129 | validation loss: 0.5669 | validation accuracy: 0.7859 | validation AP: 0.231
Epoch 3/50 | train loss: 0.5083 | validation loss: 0.5939 | validation accuracy: 0.8359 | validation AP: 0.1878
Epoch 4/50 | train loss: 0.4987 | validation loss: 0.6034 | validation accuracy: 0.874 | validation AP: 0.2037
Epoch 5/50 | train loss: 0.4974 | validation loss: 0.6176 | validation accuracy: 0.8639 | validation AP: 0.2075
Epoch 6/50 | train loss: 0.4877 | validation loss: 0.6018 | validation accuracy: 0.8474 | validation AP: 0.2154
Stopping at epoch 6: validation AP has not improved for 4 epochs.
Best epoch: 2 | validation AP: 0.231 | epochs run: 6

Validation classification report:
              precision    recall  f1-score   support

  disengaged     0.2378    0.3825    0.2933       332
     engaged     0.9118    0.8389    0.8738      2526

    accuracy                         0.7859      2858
   macro avg     0.5748    0.6107    0.5836      2858
weighted avg     0.8335    0.7859    0.8064      2858

Confusion matrix (rows: actual, columns: predicted):
[[ 127  205]
 [ 407 2119]]
Epoch 1/50 | train loss: 0.5371 | validation loss: 0.6108 | validation accuracy: 0.838 | validation AP: 0.1743
Epoch 2/50 | train loss: 0.5175 | validation loss: 0.6483 | validation accuracy: 0.8775 | validation AP: 0.1976
Epoch 3/50 | train loss: 0.5053 | validation loss: 0.5686 | validation accuracy: 0.8048 | validation AP: 0.2276
Epoch 4/50 | train loss: 0.5008 | validation loss: 0.5743 | validation accuracy: 0.8415 | validation AP: 0.2645
Epoch 5/50 | train loss: 0.4951 | validation loss: 0.6255 | validation accuracy: 0.8348 | validation AP: 0.2217
Epoch 6/50 | train loss: 0.4871 | validation loss: 0.5801 | validation accuracy: 0.8761 | validation AP: 0.2428
Epoch 7/50 | train loss: 0.4792 | validation loss: 0.5769 | validation accuracy: 0.8572 | validation AP: 0.2162
Epoch 8/50 | train loss: 0.4725 | validation loss: 0.626 | validation accuracy: 0.8611 | validation AP: 0.2229
Stopping at epoch 8: validation AP has not improved for 4 epochs.
Best epoch: 4 | validation AP: 0.2645 | epochs run: 8

Validation classification report:
              precision    recall  f1-score   support

  disengaged     0.2816    0.2349    0.2562       332
     engaged     0.9016    0.9212    0.9113      2526

    accuracy                         0.8415      2858
   macro avg     0.5916    0.5781    0.5837      2858
weighted avg     0.8296    0.8415    0.8352      2858

Confusion matrix (rows: actual, columns: predicted):
[[  78  254]
 [ 199 2327]]
Epoch 1/50 | train loss: 0.5254 | validation loss: 0.5987 | validation accuracy: 0.8551 | validation AP: 0.1913
Epoch 2/50 | train loss: 0.5028 | validation loss: 0.5974 | validation accuracy: 0.8751 | validation AP: 0.2233
Epoch 3/50 | train loss: 0.4933 | validation loss: 0.5904 | validation accuracy: 0.8303 | validation AP: 0.2277
Epoch 4/50 | train loss: 0.4974 | validation loss: 0.5658 | validation accuracy: 0.8156 | validation AP: 0.2296
Epoch 5/50 | train loss: 0.4876 | validation loss: 0.6127 | validation accuracy: 0.8359 | validation AP: 0.2105
Epoch 6/50 | train loss: 0.4791 | validation loss: 0.6085 | validation accuracy: 0.8453 | validation AP: 0.2133
Epoch 7/50 | train loss: 0.4738 | validation loss: 0.5924 | validation accuracy: 0.8485 | validation AP: 0.2478
Epoch 8/50 | train loss: 0.4801 | validation loss: 0.5855 | validation accuracy: 0.8684 | validation AP: 0.2315
Epoch 9/50 | train loss: 0.4644 | validation loss: 0.6059 | validation accuracy: 0.866 | validation AP: 0.2389
Epoch 10/50 | train loss: 0.4669 | validation loss: 0.5978 | validation accuracy: 0.8604 | validation AP: 0.2289
Epoch 11/50 | train loss: 0.4651 | validation loss: 0.5991 | validation accuracy: 0.8397 | validation AP: 0.2194
Stopping at epoch 11: validation AP has not improved for 4 epochs.
Best epoch: 7 | validation AP: 0.2478 | epochs run: 11

Validation classification report:
              precision    recall  f1-score   support

  disengaged     0.3065    0.2410    0.2698       332
     engaged     0.9030    0.9283    0.9155      2526

    accuracy                         0.8485      2858
   macro avg     0.6047    0.5847    0.5926      2858
weighted avg     0.8337    0.8485    0.8405      2858

Confusion matrix (rows: actual, columns: predicted):
[[  80  252]
 [ 181 2345]]
Epoch 1/50 | train loss: 0.5315 | validation loss: 0.5969 | validation accuracy: 0.8593 | validation AP: 0.1845
Epoch 2/50 | train loss: 0.5072 | validation loss: 0.6013 | validation accuracy: 0.831 | validation AP: 0.1936
Epoch 3/50 | train loss: 0.4982 | validation loss: 0.5773 | validation accuracy: 0.8488 | validation AP: 0.2156
Epoch 4/50 | train loss: 0.4992 | validation loss: 0.5819 | validation accuracy: 0.8275 | validation AP: 0.2205
Epoch 5/50 | train loss: 0.4842 | validation loss: 0.5898 | validation accuracy: 0.8499 | validation AP: 0.2701
Epoch 6/50 | train loss: 0.4839 | validation loss: 0.5973 | validation accuracy: 0.8516 | validation AP: 0.2287
Epoch 7/50 | train loss: 0.4761 | validation loss: 0.6137 | validation accuracy: 0.873 | validation AP: 0.2532
Epoch 8/50 | train loss: 0.4685 | validation loss: 0.5793 | validation accuracy: 0.8345 | validation AP: 0.2286
Epoch 9/50 | train loss: 0.4713 | validation loss: 0.5896 | validation accuracy: 0.8317 | validation AP: 0.2305
Stopping at epoch 9: validation AP has not improved for 4 epochs.
Best epoch: 5 | validation AP: 0.2701 | epochs run: 9

Validation classification report:[I 2026-10-09 05:02:29,329] A new study created in memory with name: lstm_uni_attention|10fps/5s

              precision    recall  f1-score   support

  disengaged     0.3156    0.2500    0.2790       332
     engaged     0.9040    0.9287    0.9162      2526

    accuracy                         0.8499      2858
   macro avg     0.6098    0.5894    0.5976      2858
weighted avg     0.8357    0.8499    0.8422      2858

Confusion matrix (rows: actual, columns: predicted):
[[  83  249]
 [ 180 2346]]
Epoch 1/50 | train loss: 0.5257 | validation loss: 0.5968 | validation accuracy: 0.852 | validation AP: 0.2018
Epoch 2/50 | train loss: 0.4991 | validation loss: 0.6067 | validation accuracy: 0.8663 | validation AP: 0.2418
Epoch 3/50 | train loss: 0.4962 | validation loss: 0.5815 | validation accuracy: 0.8744 | validation AP: 0.2313
Epoch 4/50 | train loss: 0.4899 | validation loss: 0.6214 | validation accuracy: 0.8744 | validation AP: 0.2189
Epoch 5/50 | train loss: 0.4886 | validation loss: 0.6109 | validation accuracy: 0.8296 | validation AP: 0.1928
Epoch 6/50 | train loss: 0.4843 | validation loss: 0.5803 | validation accuracy: 0.8422 | validation AP: 0.244
Epoch 7/50 | train loss: 0.4712 | validation loss: 0.6053 | validation accuracy: 0.8719 | validation AP: 0.2511
Epoch 8/50 | train loss: 0.4728 | validation loss: 0.6165 | validation accuracy: 0.8345 | validation AP: 0.1922
Epoch 9/50 | train loss: 0.4682 | validation loss: 0.6278 | validation accuracy: 0.8677 | validation AP: 0.2321
Epoch 10/50 | train loss: 0.4613 | validation loss: 0.6537 | validation accuracy: 0.8076 | validation AP: 0.18
Epoch 11/50 | train loss: 0.4679 | validation loss: 0.5867 | validation accuracy: 0.852 | validation AP: 0.2198
Stopping at epoch 11: validation AP has not improved for 4 epochs.
Best epoch: 7 | validation AP: 0.2511 | epochs run: 11

Validation classification report:
              precision    recall  f1-score   support

  disengaged     0.3672    0.1416    0.2043       332
     engaged     0.8956    0.9679    0.9304      2526

    accuracy                         0.8719      2858
   macro avg     0.6314    0.5547    0.5674      2858
weighted avg     0.8342    0.8719    0.8460      2858

Confusion matrix (rows: actual, columns: predicted):
[[  47  285]
 [  81 2445]]
Epoch 1/50 | train loss: 0.536 | validation loss: 0.6061 | validation accuracy: 0.866 | validation AP: 0.1718
Epoch 2/50 | train loss: 0.5087 | validation loss: 0.5718 | validation accuracy: 0.8107 | validation AP: 0.249
Epoch 3/50 | train loss: 0.4973 | validation loss: 0.5742 | validation accuracy: 0.8555 | validation AP: 0.2334
Epoch 4/50 | train loss: 0.4929 | validation loss: 0.5962 | validation accuracy: 0.86 | validation AP: 0.1983
Epoch 5/50 | train loss: 0.4918 | validation loss: 0.5996 | validation accuracy: 0.8534 | validation AP: 0.2144
Epoch 6/50 | train loss: 0.4812 | validation loss: 0.6283 | validation accuracy: 0.8649 | validation AP: 0.2194
Stopping at epoch 6: validation AP has not improved for 4 epochs.
Best epoch: 2 | validation AP: 0.249 | epochs run: 6

Validation classification report:
              precision    recall  f1-score   support

  disengaged     0.2587    0.3373    0.2928       332
     engaged     0.9093    0.8729    0.8907      2526

    accuracy                         0.8107      2858
   macro avg     0.5840    0.6051    0.5918      2858
weighted avg     0.8337    0.8107    0.8213      2858

Confusion matrix (rows: actual, columns: predicted):
[[ 112  220]
 [ 321 2205]]
Epoch 1/50 | train loss: 0.5302 | validation loss: 0.6047 | validation accuracy: 0.8537 | validation AP: 0.1749
Epoch 2/50 | train loss: 0.5056 | validation loss: 0.6215 | validation accuracy: 0.8782 | validation AP: 0.2226
Epoch 3/50 | train loss: 0.494 | validation loss: 0.5716 | validation accuracy: 0.803 | validation AP: 0.2269
Epoch 4/50 | train loss: 0.4905 | validation loss: 0.5676 | validation accuracy: 0.8429 | validation AP: 0.2736
Epoch 5/50 | train loss: 0.4861 | validation loss: 0.6159 | validation accuracy: 0.8422 | validation AP: 0.2321
Epoch 6/50 | train loss: 0.4789 | validation loss: 0.595 | validation accuracy: 0.874 | validation AP: 0.2412
Epoch 7/50 | train loss: 0.4777 | validation loss: 0.5767 | validation accuracy: 0.8555 | validation AP: 0.2329
Epoch 8/50 | train loss: 0.4683 | validation loss: 0.6075 | validation accuracy: 0.8691 | validation AP: 0.2306
Stopping at epoch 8: validation AP has not improved for 4 epochs.
Best epoch: 4 | validation AP: 0.2736 | epochs run: 8

Validation classification report:
              precision    recall  f1-score   support

  disengaged     0.2976    0.2590    0.2770       332
     engaged     0.9042    0.9196    0.9119      2526

    accuracy                         0.8429      2858
   macro avg     0.6009    0.5893    0.5944      2858
weighted avg     0.8338    0.8429    0.8381      2858

Confusion matrix (rows: actual, columns: predicted):
[[  86  246]
 [ 203 2323]]

 gru_uni_attention | 10fps/5s (confirmed on seeds [52, 53, 54, 55, 56])
  0.2793 +/- 0.0057  (46599,) params  hidden_size=66, num_layers=2, dropout=0.25, learning_rate=0.0010402587615883842, batch_size=8
  0.2706 +/- 0.007  (74427,) params  hidden_size=84, num_layers=2, dropout=0.5, learning_rate=0.0013109512741346495, batch_size=8
  Selected: hidden_size=66, num_layers=2, dropout=0.25, learning_rate=0.0010402587615883842, batch_size=8  (AP 0.2793, 46,599 parameters)
Epoch 1/50 | train loss: 0.6687 | validation loss: 0.6785 | validation accuracy: 0.8076 | validation AP: 0.2167
Epoch 2/50 | train loss: 0.6261 | validation loss: 0.6428 | validation accuracy: 0.6781 | validation AP: 0.2611
Epoch 3/50 | train loss: 0.6082 | validation loss: 0.733 | validation accuracy: 0.802 | validation AP: 0.2155
Epoch 4/50 | train loss: 0.6048 | validation loss: 0.6848 | validation accuracy: 0.6735 | validation AP: 0.2292
Epoch 5/50 | train loss: 0.5901 | validation loss: 0.9593 | validation accuracy: 0.7561 | validation AP: 0.2587
Epoch 6/50 | train loss: 0.59 | validation loss: 0.6479 | validation accuracy: 0.6372 | validation AP: 0.231
Stopping at epoch 6: validation AP has not improved for 4 epochs.
Best epoch: 2 | validation AP: 0.2611 | epochs run: 6

Validation classification report:
              precision    recall  f1-score   support

  disengaged     0.1963    0.5723    0.2923       332
     engaged     0.9249    0.6920    0.7917      2526

    accuracy                         0.6781      2858
   macro avg     0.5606    0.6321    0.5420      2858
weighted avg     0.8402    0.6781    0.7337      2858

Confusion matrix (rows: actual, columns: predicted):
[[ 190  142]
 [ 778 1748]]
Epoch 1/50 | train loss: 0.6895 | validation loss: 0.7031 | validation accuracy: 0.8838 | validation AP: 0.1851
Epoch 2/50 | train loss: 0.6911 | validation loss: 0.7044 | validation accuracy: 0.8838 | validation AP: 0.1908
Epoch 3/50 | train loss: 0.6893 | validation loss: 0.7411 | validation accuracy: 0.8838 | validation AP: 0.178
Epoch 4/50 | train loss: 0.683 | validation loss: 0.6802 | validation accuracy: 0.6428 | validation AP: 0.2014
Epoch 5/50 | train loss: 0.6544 | validation loss: 0.6357 | validation accuracy: 0.5738 | validation AP: 0.221
Epoch 6/50 | train loss: 0.619 | validation loss: 0.7059 | validation accuracy: 0.7502 | validation AP: 0.2138
Epoch 7/50 | train loss: 0.607 | validation loss: 0.6731 | validation accuracy: 0.7393 | validation AP: 0.208
Epoch 8/50 | train loss: 0.5958 | validation loss: 0.7266 | validation accuracy: 0.7575 | validation AP: 0.2424
Epoch 9/50 | train loss: 0.5911 | validation loss: 0.7338 | validation accuracy: 0.7978 | validation AP: 0.2234
Epoch 10/50 | train loss: 0.5856 | validation loss: 0.6456 | validation accuracy: 0.661 | validation AP: 0.2145
Epoch 11/50 | train loss: 0.5781 | validation loss: 0.7243 | validation accuracy: 0.7967 | validation AP: 0.2218
Epoch 12/50 | train loss: 0.5796 | validation loss: 0.7537 | validation accuracy: 0.8006 | validation AP: 0.217
Stopping at epoch 12: validation AP has not improved for 4 epochs.
Best epoch: 8 | validation AP: 0.2424 | epochs run: 12

Validation classification report:
              precision    recall  f1-score   support

  disengaged     0.2269    0.4518    0.3021       332
     engaged     0.9172    0.7977    0.8533      2526

    accuracy                         0.7575      2858
   macro avg     0.5720    0.6248    0.5777      2858
weighted avg     0.8370    0.7575    0.7892      2858
[I 2026-10-09 05:02:58,643] Trial 0 finished with value: 0.26315131135215436 and parameters: {'hidden_size': 47, 'num_layers': 3, 'dropout': 0.0, 'learning_rate': 0.005399484409787433, 'batch_size': 64}. Best is trial 0 with value: 0.26315131135215436.
[I 2026-10-09 05:09:03,346] Trial 1 finished with value: 0.2821888205782807 and parameters: {'hidden_size': 136, 'num_layers': 1, 'dropout': 0.25, 'learning_rate': 0.0003823475224675188, 'batch_size': 8}. Best is trial 1 with value: 0.2821888205782807.

Confusion matrix (rows: actual, columns: predicted):
[[ 150  182]
 [ 511 2015]]
Epoch 1/50 | train loss: 0.6721 | validation loss: 0.7593 | validation accuracy: 0.8541 | validation AP: 0.225
Epoch 2/50 | train loss: 0.6293 | validation loss: 0.6782 | validation accuracy: 0.7743 | validation AP: 0.2131
Epoch 3/50 | train loss: 0.6119 | validation loss: 0.6453 | validation accuracy: 0.7407 | validation AP: 0.2301
Epoch 4/50 | train loss: 0.6051 | validation loss: 0.6465 | validation accuracy: 0.7159 | validation AP: 0.2461
Epoch 5/50 | train loss: 0.5961 | validation loss: 0.6422 | validation accuracy: 0.6847 | validation AP: 0.2136
Epoch 6/50 | train loss: 0.5985 | validation loss: 0.7464 | validation accuracy: 0.7439 | validation AP: 0.1707
Epoch 7/50 | train loss: 0.5993 | validation loss: 0.6965 | validation accuracy: 0.7694 | validation AP: 0.2189
Epoch 8/50 | train loss: 0.5906 | validation loss: 0.6981 | validation accuracy: 0.6186 | validation AP: 0.2004
Stopping at epoch 8: validation AP has not improved for 4 epochs.
Best epoch: 4 | validation AP: 0.2461 | epochs run: 8

Validation classification report:
              precision    recall  f1-score   support

  disengaged     0.2101    0.5241    0.3000       332
     engaged     0.9222    0.7411    0.8218      2526

    accuracy                         0.7159      2858
   macro avg     0.5662    0.6326    0.5609      2858
weighted avg     0.8395    0.7159    0.7612      2858

Confusion matrix (rows: actual, columns: predicted):
[[ 174  158]
 [ 654 1872]]
Epoch 1/50 | train loss: 0.535 | validation loss: 0.5822 | validation accuracy: 0.8712 | validation AP: 0.2084
Epoch 2/50 | train loss: 0.5 | validation loss: 0.6045 | validation accuracy: 0.8369 | validation AP: 0.2116
Epoch 3/50 | train loss: 0.4849 | validation loss: 0.5981 | validation accuracy: 0.8471 | validation AP: 0.2229
Epoch 4/50 | train loss: 0.4862 | validation loss: 0.5845 | validation accuracy: 0.8324 | validation AP: 0.2349
Epoch 5/50 | train loss: 0.4759 | validation loss: 0.5814 | validation accuracy: 0.8303 | validation AP: 0.2583
Epoch 6/50 | train loss: 0.4644 | validation loss: 0.5682 | validation accuracy: 0.8415 | validation AP: 0.2436
Epoch 7/50 | train loss: 0.4605 | validation loss: 0.6278 | validation accuracy: 0.8443 | validation AP: 0.1854
Epoch 8/50 | train loss: 0.4501 | validation loss: 0.611 | validation accuracy: 0.8415 | validation AP: 0.2036
Epoch 9/50 | train loss: 0.4597 | validation loss: 0.6066 | validation accuracy: 0.8247 | validation AP: 0.2138
Stopping at epoch 9: validation AP has not improved for 4 epochs.
Best epoch: 5 | validation AP: 0.2583 | epochs run: 9

Validation classification report:
              precision    recall  f1-score   support

  disengaged     0.2845    0.3042    0.2940       332
     engaged     0.9077    0.8994    0.9036      2526

    accuracy                         0.8303      2858
   macro avg     0.5961    0.6018    0.5988      2858
weighted avg     0.8353    0.8303    0.8328      2858

Confusion matrix (rows: actual, columns: predicted):
[[ 101  231]
 [ 254 2272]]
Epoch 1/50 | train loss: 0.5274 | validation loss: 0.6172 | validation accuracy: 0.8446 | validation AP: 0.2102
Epoch 2/50 | train loss: 0.5082 | validation loss: 0.5866 | validation accuracy: 0.8611 | validation AP: 0.225
Epoch 3/50 | train loss: 0.4911 | validation loss: 0.5699 | validation accuracy: 0.8709 | validation AP: 0.2645
Epoch 4/50 | train loss: 0.4877 | validation loss: 0.5768 | validation accuracy: 0.7768 | validation AP: 0.239
Epoch 5/50 | train loss: 0.4785 | validation loss: 0.6002 | validation accuracy: 0.823 | validation AP: 0.1924
Epoch 6/50 | train loss: 0.4621 | validation loss: 0.6267 | validation accuracy: 0.845 | validation AP: 0.2205
Epoch 7/50 | train loss: 0.4643 | validation loss: 0.5998 | validation accuracy: 0.8502 | validation AP: 0.2275
Stopping at epoch 7: validation AP has not improved for 4 epochs.
Best epoch: 3 | validation AP: 0.2645 | epochs run: 7

Validation classification report:
              precision    recall  f1-score   support

  disengaged     0.3609    0.1446    0.2065       332
     engaged     0.8958    0.9663    0.9297      2526

    accuracy                         0.8709      2858
   macro avg     0.6283    0.5555    0.5681      2858
weighted avg     0.8336    0.8709    0.8457      2858

Confusion matrix (rows: actual, columns: predicted):
[[  48  284]
 [  85 2441]]
Epoch 1/50 | train loss: 0.5225 | validation loss: 0.6028 | validation accuracy: 0.8737 | validation AP: 0.2222
Epoch 2/50 | train loss: 0.4958 | validation loss: 0.5987 | validation accuracy: 0.8523 | validation AP: 0.2277
Epoch 3/50 | train loss: 0.4887 | validation loss: 0.5793 | validation accuracy: 0.8251 | validation AP: 0.216
Epoch 4/50 | train loss: 0.4783 | validation loss: 0.6106 | validation accuracy: 0.8324 | validation AP: 0.2002
Epoch 5/50 | train loss: 0.4723 | validation loss: 0.5727 | validation accuracy: 0.8422 | validation AP: 0.2334
Epoch 6/50 | train loss: 0.4717 | validation loss: 0.5908 | validation accuracy: 0.8314 | validation AP: 0.2221
Epoch 7/50 | train loss: 0.4651 | validation loss: 0.5869 | validation accuracy: 0.8422 | validation AP: 0.2373
Epoch 8/50 | train loss: 0.4534 | validation loss: 0.5639 | validation accuracy: 0.8464 | validation AP: 0.2403
Epoch 9/50 | train loss: 0.448 | validation loss: 0.597 | validation accuracy: 0.8516 | validation AP: 0.2306
Epoch 10/50 | train loss: 0.4396 | validation loss: 0.6079 | validation accuracy: 0.8251 | validation AP: 0.2279
Epoch 11/50 | train loss: 0.4313 | validation loss: 0.6458 | validation accuracy: 0.8709 | validation AP: 0.2281
Epoch 12/50 | train loss: 0.4426 | validation loss: 0.5889 | validation accuracy: 0.8488 | validation AP: 0.2455
Epoch 13/50 | train loss: 0.4312 | validation loss: 0.6214 | validation accuracy: 0.8527 | validation AP: 0.2167
Epoch 14/50 | train loss: 0.4206 | validation loss: 0.6574 | validation accuracy: 0.8523 | validation AP: 0.2243
Epoch 15/50 | train loss: 0.4264 | validation loss: 0.6591 | validation accuracy: 0.8492 | validation AP: 0.2085
Epoch 16/50 | train loss: 0.4224 | validation loss: 0.6278 | validation accuracy: 0.8516 | validation AP: 0.2237
Stopping at epoch 16: validation AP has not improved for 4 epochs.
Best epoch: 12 | validation AP: 0.2455 | epochs run: 16

Validation classification report:
              precision    recall  f1-score   support

  disengaged     0.3047    0.2349    0.2653       332
     engaged     0.9024    0.9295    0.9158      2526

    accuracy                         0.8488      2858
   macro avg     0.6035    0.5822    0.5905      2858
weighted avg     0.8330    0.8488    0.8402      2858

Confusion matrix (rows: actual, columns: predicted):
[[  78  254]
 [ 178 2348]]
Epoch 1/50 | train loss: 0.6755 | validation loss: 0.6919 | validation accuracy: 0.8408 | validation AP: 0.1882
Epoch 2/50 | train loss: 0.6344 | validation loss: 0.6752 | validation accuracy: 0.7092 | validation AP: 0.1698
Epoch 3/50 | train loss: 0.6135 | validation loss: 0.6938 | validation accuracy: 0.767 | validation AP: 0.1964
Epoch 4/50 | train loss: 0.6114 | validation loss: 0.6859 | validation accuracy: 0.7558 | validation AP: 0.2173
Epoch 5/50 | train loss: 0.5939 | validation loss: 0.6931 | validation accuracy: 0.7551 | validation AP: 0.2199
Epoch 6/50 | train loss: 0.586 | validation loss: 0.658 | validation accuracy: 0.6942 | validation AP: 0.2078
Epoch 7/50 | train loss: 0.591 | validation loss: 0.7246 | validation accuracy: 0.7519 | validation AP: 0.1858
Epoch 8/50 | train loss: 0.5774 | validation loss: 0.6941 | validation accuracy: 0.7565 | validation AP: 0.2125
Epoch 9/50 | train loss: 0.5765 | validation loss: 0.6839 | validation accuracy: 0.7099 | validation AP: 0.2233
Epoch 10/50 | train loss: 0.5725 | validation loss: 0.7122 | validation accuracy: 0.7519 | validation AP: 0.2176
Epoch 11/50 | train loss: 0.5661 | validation loss: 0.6992 | validation accuracy: 0.7547 | validation AP: 0.2148
Epoch 12/50 | train loss: 0.5637 | validation loss: 0.735 | validation accuracy: 0.7666 | validation AP: 0.2005
Epoch 13/50 | train loss: 0.5634 | validation loss: 0.7112 | validation accuracy: 0.7404 | validation AP: 0.1872[I 2026-10-09 05:11:20,363] Trial 2 finished with value: 0.22916278446106997 and parameters: {'hidden_size': 56, 'num_layers': 3, 'dropout': 0.5, 'learning_rate': 0.00021930485556643703, 'batch_size': 32}. Best is trial 1 with value: 0.2821888205782807.
[I 2026-10-09 05:12:16,055] Trial 3 finished with value: 0.27631770138074435 and parameters: {'hidden_size': 40, 'num_layers': 1, 'dropout': 0.0, 'learning_rate': 0.006586289317583112, 'batch_size': 16}. Best is trial 1 with value: 0.2821888205782807.

Stopping at epoch 13: validation AP has not improved for 4 epochs.
Best epoch: 9 | validation AP: 0.2233 | epochs run: 13

Validation classification report:
              precision    recall  f1-score   support

  disengaged     0.2038    0.5151    0.2921       332
     engaged     0.9203    0.7356    0.8176      2526

    accuracy                         0.7099      2858
   macro avg     0.5620    0.6253    0.5548      2858
weighted avg     0.8370    0.7099    0.7566      2858

Confusion matrix (rows: actual, columns: predicted):
[[ 171  161]
 [ 668 1858]]
Epoch 1/50 | train loss: 0.6748 | validation loss: 0.7136 | validation accuracy: 0.8824 | validation AP: 0.1735
Epoch 2/50 | train loss: 0.6369 | validation loss: 0.6717 | validation accuracy: 0.7159 | validation AP: 0.193
Epoch 3/50 | train loss: 0.6083 | validation loss: 0.6854 | validation accuracy: 0.7754 | validation AP: 0.2402
Epoch 4/50 | train loss: 0.5939 | validation loss: 0.6622 | validation accuracy: 0.6491 | validation AP: 0.2302
Epoch 5/50 | train loss: 0.5886 | validation loss: 0.7068 | validation accuracy: 0.7047 | validation AP: 0.2077
Epoch 6/50 | train loss: 0.5868 | validation loss: 0.6871 | validation accuracy: 0.7239 | validation AP: 0.2305
Epoch 7/50 | train loss: 0.5795 | validation loss: 0.6906 | validation accuracy: 0.7064 | validation AP: 0.2306
Stopping at epoch 7: validation AP has not improved for 4 epochs.
Best epoch: 3 | validation AP: 0.2402 | epochs run: 7

Validation classification report:
              precision    recall  f1-score   support

  disengaged     0.2271    0.3886    0.2867       332
     engaged     0.9114    0.8262    0.8667      2526

    accuracy                         0.7754      2858
   macro avg     0.5692    0.6074    0.5767      2858
weighted avg     0.8319    0.7754    0.7993      2858

Confusion matrix (rows: actual, columns: predicted):
[[ 129  203]
 [ 439 2087]]
Epoch 1/50 | train loss: 0.6802 | validation loss: 0.7029 | validation accuracy: 0.8642 | validation AP: 0.2018
Epoch 2/50 | train loss: 0.632 | validation loss: 0.6847 | validation accuracy: 0.7638 | validation AP: 0.1875
Epoch 3/50 | train loss: 0.6022 | validation loss: 0.6762 | validation accuracy: 0.7344 | validation AP: 0.1901
Epoch 4/50 | train loss: 0.5962 | validation loss: 0.6848 | validation accuracy: 0.7568 | validation AP: 0.2023
Epoch 5/50 | train loss: 0.5891 | validation loss: 0.6658 | validation accuracy: 0.7068 | validation AP: 0.211
Epoch 6/50 | train loss: 0.5752 | validation loss: 0.6847 | validation accuracy: 0.7239 | validation AP: 0.2163
Epoch 7/50 | train loss: 0.5801 | validation loss: 0.7075 | validation accuracy: 0.761 | validation AP: 0.2261
Epoch 8/50 | train loss: 0.5764 | validation loss: 0.6807 | validation accuracy: 0.7162 | validation AP: 0.2086
Epoch 9/50 | train loss: 0.5714 | validation loss: 0.6775 | validation accuracy: 0.7246 | validation AP: 0.2195
Epoch 10/50 | train loss: 0.5657 | validation loss: 0.7151 | validation accuracy: 0.7365 | validation AP: 0.2236
Epoch 11/50 | train loss: 0.5605 | validation loss: 0.7275 | validation accuracy: 0.7712 | validation AP: 0.2356
Epoch 12/50 | train loss: 0.5626 | validation loss: 0.7255 | validation accuracy: 0.7344 | validation AP: 0.2268
Epoch 13/50 | train loss: 0.5616 | validation loss: 0.7391 | validation accuracy: 0.7533 | validation AP: 0.2148
Epoch 14/50 | train loss: 0.559 | validation loss: 0.692 | validation accuracy: 0.7019 | validation AP: 0.2183
Epoch 15/50 | train loss: 0.5617 | validation loss: 0.7255 | validation accuracy: 0.7442 | validation AP: 0.2157
Stopping at epoch 15: validation AP has not improved for 4 epochs.
Best epoch: 11 | validation AP: 0.2356 | epochs run: 15

Validation classification report:
              precision    recall  f1-score   support

  disengaged     0.2185    0.3765    0.2765       332
     engaged     0.9094    0.8230    0.8641      2526

    accuracy                         0.7712      2858
   macro avg     0.5640    0.5998    0.5703      2858
weighted avg     0.8292    0.7712    0.7958      2858

Confusion matrix (rows: actual, columns: predicted):
[[ 125  207]
 [ 447 2079]]
Epoch 1/50 | train loss: 0.6089 | validation loss: 0.6311 | validation accuracy: 0.8635 | validation AP: 0.2664
Epoch 2/50 | train loss: 0.5752 | validation loss: 0.6457 | validation accuracy: 0.7974 | validation AP: 0.2297
Epoch 3/50 | train loss: 0.5653 | validation loss: 0.6455 | validation accuracy: 0.795 | validation AP: 0.2125
Epoch 4/50 | train loss: 0.5634 | validation loss: 0.6355 | validation accuracy: 0.795 | validation AP: 0.2435
Epoch 5/50 | train loss: 0.5429 | validation loss: 0.6948 | validation accuracy: 0.8167 | validation AP: 0.2377
Stopping at epoch 5: validation AP has not improved for 4 epochs.
Best epoch: 1 | validation AP: 0.2664 | epochs run: 5

Validation classification report:
              precision    recall  f1-score   support

  disengaged     0.3505    0.2048    0.2586       332
     engaged     0.9009    0.9501    0.9249      2526

    accuracy                         0.8635      2858
   macro avg     0.6257    0.5775    0.5917      2858
weighted avg     0.8370    0.8635    0.8475      2858

Confusion matrix (rows: actual, columns: predicted):
[[  68  264]
 [ 126 2400]]
Epoch 1/50 | train loss: 0.6038 | validation loss: 0.7092 | validation accuracy: 0.8429 | validation AP: 0.2672
Epoch 2/50 | train loss: 0.5682 | validation loss: 0.672 | validation accuracy: 0.8362 | validation AP: 0.2356
Epoch 3/50 | train loss: 0.5529 | validation loss: 0.652 | validation accuracy: 0.8579 | validation AP: 0.2432
Epoch 4/50 | train loss: 0.5444 | validation loss: 0.633 | validation accuracy: 0.6872 | validation AP: 0.2101
Epoch 5/50 | train loss: 0.5345 | validation loss: 0.6885 | validation accuracy: 0.7453 | validation AP: 0.1874
Stopping at epoch 5: validation AP has not improved for 4 epochs.
Best epoch: 1 | validation AP: 0.2672 | epochs run: 5

Validation classification report:
              precision    recall  f1-score   support

  disengaged     0.2873    0.2380    0.2603       332
     engaged     0.9021    0.9224    0.9121      2526

    accuracy                         0.8429      2858
   macro avg     0.5947    0.5802    0.5862      2858
weighted avg     0.8306    0.8429    0.8364      2858

Confusion matrix (rows: actual, columns: predicted):
[[  79  253]
 [ 196 2330]]
Epoch 1/50 | train loss: 0.5979 | validation loss: 0.7266 | validation accuracy: 0.8555 | validation AP: 0.2149
Epoch 2/50 | train loss: 0.5708 | validation loss: 0.6665 | validation accuracy: 0.8359 | validation AP: 0.2325
Epoch 3/50 | train loss: 0.5514 | validation loss: 0.6523 | validation accuracy: 0.7523 | validation AP: 0.1861
Epoch 4/50 | train loss: 0.5327 | validation loss: 0.6839 | validation accuracy: 0.8254 | validation AP: 0.2
Epoch 5/50 | train loss: 0.531 | validation loss: 0.647 | validation accuracy: 0.7642 | validation AP: 0.1862
Epoch 6/50 | train loss: 0.5233 | validation loss: 0.6621 | validation accuracy: 0.7831 | validation AP: 0.1994
Stopping at epoch 6: validation AP has not improved for 4 epochs.
Best epoch: 2 | validation AP: 0.2325 | epochs run: 6

Validation classification report:
              precision    recall  f1-score   support

  disengaged     0.2678    0.2380    0.2520       332
     engaged     0.9013    0.9145    0.9078      2526

    accuracy                         0.8359      2858
   macro avg     0.5845    0.5762    0.5799      2858
weighted avg     0.8277    0.8359    0.8317      2858

Confusion matrix (rows: actual, columns: predicted):
[[  79  253]
 [ 216 2310]]
Epoch 1/50 | train loss: 0.6487 | validation loss: 0.675 | validation accuracy: 0.7834 | validation AP: 0.2195
Epoch 2/50 | train loss: 0.6149 | validation loss: 0.6353 | validation accuracy: 0.7222 | validation AP: 0.2257
Epoch 3/50 | train loss: 0.5953 | validation loss: 0.6739 | validation accuracy: 0.7572 | validation AP: 0.2488
Epoch 4/50 | train loss: 0.593 | validation loss: 0.7247 | validation accuracy: 0.7481 | validation AP: 0.2398
Epoch 5/50 | train loss: 0.5742 | validation loss: 0.7886 | validation accuracy: 0.7813 | validation AP: 0.2593
Epoch 6/50 | train loss: 0.5674 | validation loss: 0.6326 | validation accuracy: 0.6505 | validation AP: 0.2383[I 2026-10-09 05:12:33,339] Trial 4 finished with value: 0.27853949485880186 and parameters: {'hidden_size': 70, 'num_layers': 1, 'dropout': 0.0, 'learning_rate': 0.0069782812651260325, 'batch_size': 64}. Best is trial 1 with value: 0.2821888205782807.
[I 2026-10-09 05:13:29,567] Trial 5 finished with value: 0.2652059305717563 and parameters: {'hidden_size': 48, 'num_layers': 1, 'dropout': 0.0, 'learning_rate': 0.0040215545266902904, 'batch_size': 16}. Best is trial 1 with value: 0.2821888205782807.

Epoch 7/50 | train loss: 0.5621 | validation loss: 0.7461 | validation accuracy: 0.7257 | validation AP: 0.2085
Epoch 8/50 | train loss: 0.5525 | validation loss: 0.7192 | validation accuracy: 0.7141 | validation AP: 0.2167
Epoch 9/50 | train loss: 0.5425 | validation loss: 0.7183 | validation accuracy: 0.7068 | validation AP: 0.2222
Stopping at epoch 9: validation AP has not improved for 4 epochs.
Best epoch: 5 | validation AP: 0.2593 | epochs run: 9

Validation classification report:
              precision    recall  f1-score   support

  disengaged     0.2487    0.4367    0.3169       332
     engaged     0.9178    0.8266    0.8698      2526

    accuracy                         0.7813      2858
   macro avg     0.5833    0.6317    0.5934      2858
weighted avg     0.8401    0.7813    0.8056      2858

Confusion matrix (rows: actual, columns: predicted):
[[ 145  187]
 [ 438 2088]]
Epoch 1/50 | train loss: 0.6406 | validation loss: 0.6852 | validation accuracy: 0.7054 | validation AP: 0.273
Epoch 2/50 | train loss: 0.6035 | validation loss: 0.6657 | validation accuracy: 0.74 | validation AP: 0.2429
Epoch 3/50 | train loss: 0.5992 | validation loss: 0.6928 | validation accuracy: 0.7372 | validation AP: 0.2292
Epoch 4/50 | train loss: 0.5913 | validation loss: 0.6506 | validation accuracy: 0.6221 | validation AP: 0.2282
Epoch 5/50 | train loss: 0.581 | validation loss: 0.7364 | validation accuracy: 0.705 | validation AP: 0.2052
Stopping at epoch 5: validation AP has not improved for 4 epochs.
Best epoch: 1 | validation AP: 0.273 | epochs run: 5

Validation classification report:
              precision    recall  f1-score   support

  disengaged     0.2128    0.5693    0.3098       332
     engaged     0.9274    0.7233    0.8127      2526

    accuracy                         0.7054      2858
   macro avg     0.5701    0.6463    0.5613      2858
weighted avg     0.8444    0.7054    0.7543      2858

Confusion matrix (rows: actual, columns: predicted):
[[ 189  143]
 [ 699 1827]]
Epoch 1/50 | train loss: 0.6495 | validation loss: 0.6794 | validation accuracy: 0.7687 | validation AP: 0.2315
Epoch 2/50 | train loss: 0.6165 | validation loss: 0.6986 | validation accuracy: 0.7169 | validation AP: 0.1894
Epoch 3/50 | train loss: 0.6155 | validation loss: 0.6451 | validation accuracy: 0.6718 | validation AP: 0.1956
Epoch 4/50 | train loss: 0.591 | validation loss: 0.6651 | validation accuracy: 0.6963 | validation AP: 0.2268
Epoch 5/50 | train loss: 0.5822 | validation loss: 0.6376 | validation accuracy: 0.6337 | validation AP: 0.2089
Stopping at epoch 5: validation AP has not improved for 4 epochs.
Best epoch: 1 | validation AP: 0.2315 | epochs run: 5

Validation classification report:
              precision    recall  f1-score   support

  disengaged     0.2434    0.4699    0.3207       332
     engaged     0.9206    0.8080    0.8606      2526

    accuracy                         0.7687      2858
   macro avg     0.5820    0.6389    0.5906      2858
weighted avg     0.8419    0.7687    0.7979      2858

Confusion matrix (rows: actual, columns: predicted):
[[ 156  176]
 [ 485 2041]]
Epoch 1/50 | train loss: 0.6064 | validation loss: 0.6361 | validation accuracy: 0.853 | validation AP: 0.2676
Epoch 2/50 | train loss: 0.5753 | validation loss: 0.6407 | validation accuracy: 0.7834 | validation AP: 0.2119
Epoch 3/50 | train loss: 0.5678 | validation loss: 0.6635 | validation accuracy: 0.8153 | validation AP: 0.22
Epoch 4/50 | train loss: 0.556 | validation loss: 0.6554 | validation accuracy: 0.8104 | validation AP: 0.2257
Epoch 5/50 | train loss: 0.537 | validation loss: 0.7001 | validation accuracy: 0.8216 | validation AP: 0.2598
Stopping at epoch 5: validation AP has not improved for 4 epochs.
Best epoch: 1 | validation AP: 0.2676 | epochs run: 5

Validation classification report:
              precision    recall  f1-score   support

  disengaged     0.3281    0.2530    0.2857       332
     engaged     0.9047    0.9319    0.9181      2526

    accuracy                         0.8530      2858
   macro avg     0.6164    0.5925    0.6019      2858
weighted avg     0.8377    0.8530    0.8446      2858

Confusion matrix (rows: actual, columns: predicted):
[[  84  248]
 [ 172 2354]]
Epoch 1/50 | train loss: 0.6013 | validation loss: 0.6821 | validation accuracy: 0.8191 | validation AP: 0.2473
Epoch 2/50 | train loss: 0.5674 | validation loss: 0.6465 | validation accuracy: 0.8408 | validation AP: 0.2383
Epoch 3/50 | train loss: 0.5482 | validation loss: 0.634 | validation accuracy: 0.8425 | validation AP: 0.2358
Epoch 4/50 | train loss: 0.537 | validation loss: 0.6206 | validation accuracy: 0.7456 | validation AP: 0.224
Epoch 5/50 | train loss: 0.5291 | validation loss: 0.6772 | validation accuracy: 0.7925 | validation AP: 0.2005
Stopping at epoch 5: validation AP has not improved for 4 epochs.
Best epoch: 1 | validation AP: 0.2473 | epochs run: 5

Validation classification report:
              precision    recall  f1-score   support

  disengaged     0.2597    0.3012    0.2789       332
     engaged     0.9062    0.8872    0.8966      2526

    accuracy                         0.8191      2858
   macro avg     0.5830    0.5942    0.5878      2858
weighted avg     0.8311    0.8191    0.8248      2858

Confusion matrix (rows: actual, columns: predicted):
[[ 100  232]
 [ 285 2241]]
Epoch 1/50 | train loss: 0.5976 | validation loss: 0.6498 | validation accuracy: 0.8324 | validation AP: 0.2217
Epoch 2/50 | train loss: 0.5711 | validation loss: 0.6814 | validation accuracy: 0.8464 | validation AP: 0.2335
Epoch 3/50 | train loss: 0.5604 | validation loss: 0.6274 | validation accuracy: 0.7659 | validation AP: 0.2159
Epoch 4/50 | train loss: 0.542 | validation loss: 0.6784 | validation accuracy: 0.8135 | validation AP: 0.216
Epoch 5/50 | train loss: 0.5334 | validation loss: 0.6187 | validation accuracy: 0.7876 | validation AP: 0.2172
Epoch 6/50 | train loss: 0.5321 | validation loss: 0.6511 | validation accuracy: 0.796 | validation AP: 0.2211
Stopping at epoch 6: validation AP has not improved for 4 epochs.
Best epoch: 2 | validation AP: 0.2335 | epochs run: 6

Validation classification report:
              precision    recall  f1-score   support

  disengaged     0.2643    0.1807    0.2147       332
     engaged     0.8966    0.9339    0.9149      2526

    accuracy                         0.8464      2858
   macro avg     0.5805    0.5573    0.5648      2858
weighted avg     0.8232    0.8464    0.8335      2858

Confusion matrix (rows: actual, columns: predicted):
[[  60  272]
 [ 167 2359]]
Epoch 1/50 | train loss: 0.5688 | validation loss: 0.6159 | validation accuracy: 0.8838 | validation AP: 0.1385
Epoch 2/50 | train loss: 0.5226 | validation loss: 0.628 | validation accuracy: 0.8586 | validation AP: 0.1422
Epoch 3/50 | train loss: 0.5087 | validation loss: 0.636 | validation accuracy: 0.8408 | validation AP: 0.148
Epoch 4/50 | train loss: 0.5089 | validation loss: 0.6169 | validation accuracy: 0.8387 | validation AP: 0.1606
Epoch 5/50 | train loss: 0.4992 | validation loss: 0.6072 | validation accuracy: 0.8408 | validation AP: 0.1647
Epoch 6/50 | train loss: 0.4915 | validation loss: 0.6021 | validation accuracy: 0.839 | validation AP: 0.1667
Epoch 7/50 | train loss: 0.4829 | validation loss: 0.6303 | validation accuracy: 0.8051 | validation AP: 0.1516
Epoch 8/50 | train loss: 0.4705 | validation loss: 0.6257 | validation accuracy: 0.838 | validation AP: 0.1689
Epoch 9/50 | train loss: 0.4761 | validation loss: 0.621 | validation accuracy: 0.8317 | validation AP: 0.1702
Epoch 10/50 | train loss: 0.4701 | validation loss: 0.6398 | validation accuracy: 0.8621 | validation AP: 0.1906
Epoch 11/50 | train loss: 0.4684 | validation loss: 0.6315 | validation accuracy: 0.853 | validation AP: 0.1863
Epoch 12/50 | train loss: 0.4656 | validation loss: 0.6519 | validation accuracy: 0.8621 | validation AP: 0.1915
Epoch 13/50 | train loss: 0.4642 | validation loss: 0.6249 | validation accuracy: 0.8453 | validation AP: 0.1763
Epoch 14/50 | train loss: 0.4652 | validation loss: 0.6319 | validation accuracy: 0.8555 | validation AP: 0.1919
Epoch 15/50 | train loss: 0.4613 | validation loss: 0.6237 | validation accuracy: 0.8576 | validation AP: 0.1899
Epoch 16/50 | train loss: 0.4581 | validation loss: 0.6219 | validation accuracy: 0.8597 | validation AP: 0.1936
Epoch 17/50 | train loss: 0.4548 | validation loss: 0.6068 | validation accuracy: 0.8394 | validation AP: 0.202
Epoch 18/50 | train loss: 0.4467 | validation loss: 0.6428 | validation accuracy: 0.8635 | validation AP: 0.2029
Epoch 19/50 | train loss: 0.4511 | validation loss: 0.6737 | validation accuracy: 0.8716 | validation AP: 0.2117
Epoch 20/50 | train loss: 0.4511 | validation loss: 0.6297 | validation accuracy: 0.8495 | validation AP: 0.2103
Epoch 21/50 | train loss: 0.4436 | validation loss: 0.671 | validation accuracy: 0.8495 | validation AP: 0.1994
Epoch 22/50 | train loss: 0.4456 | validation loss: 0.6232 | validation accuracy: 0.8125 | validation AP: 0.2
Epoch 23/50 | train loss: 0.4325 | validation loss: 0.6154 | validation accuracy: 0.8328 | validation AP: 0.2131
Epoch 24/50 | train loss: 0.4385 | validation loss: 0.6374 | validation accuracy: 0.8499 | validation AP: 0.2068
Epoch 25/50 | train loss: 0.4391 | validation loss: 0.6453 | validation accuracy: 0.8586 | validation AP: 0.2195
Epoch 26/50 | train loss: 0.4371 | validation loss: 0.6388 | validation accuracy: 0.8527 | validation AP: 0.2085
Epoch 27/50 | train loss: 0.4326 | validation loss: 0.6266 | validation accuracy: 0.8544 | validation AP: 0.2186
Epoch 28/50 | train loss: 0.429 | validation loss: 0.6366 | validation accuracy: 0.8555 | validation AP: 0.2185
Epoch 29/50 | train loss: 0.4258 | validation loss: 0.6103 | validation accuracy: 0.8467 | validation AP: 0.2201
Epoch 30/50 | train loss: 0.4257 | validation loss: 0.6196 | validation accuracy: 0.8328 | validation AP: 0.2203
Epoch 31/50 | train loss: 0.4271 | validation loss: 0.6273 | validation accuracy: 0.8387 | validation AP: 0.209
Epoch 32/50 | train loss: 0.4207 | validation loss: 0.6403 | validation accuracy: 0.8265 | validation AP: 0.1968
Epoch 33/50 | train loss: 0.4218 | validation loss: 0.6424 | validation accuracy: 0.8488 | validation AP: 0.2164
Epoch 34/50 | train loss: 0.4119 | validation loss: 0.716 | validation accuracy: 0.8684 | validation AP: 0.2311
Epoch 35/50 | train loss: 0.4255 | validation loss: 0.6607 | validation accuracy: 0.8481 | validation AP: 0.2099
Epoch 36/50 | train loss: 0.4117 | validation loss: 0.6452 | validation accuracy: 0.823 | validation AP: 0.2114
Epoch 37/50 | train loss: 0.4152 | validation loss: 0.6405 | validation accuracy: 0.8422 | validation AP: 0.2162
Epoch 38/50 | train loss: 0.4205 | validation loss: 0.6518 | validation accuracy: 0.853 | validation AP: 0.2217
Stopping at epoch 38: validation AP has not improved for 4 epochs.
Best epoch: 34 | validation AP: 0.2311 | epochs run: 38

Validation classification report:
              precision    recall  f1-score   support

  disengaged     0.3036    0.1024    0.1532       332
     engaged     0.8915    0.9691    0.9287      2526

    accuracy                         0.8684      2858
   macro avg     0.5975    0.5358    0.5409      2858
weighted avg     0.8232    0.8684    0.8386      2858

Confusion matrix (rows: actual, columns: predicted):
[[  34  298]
 [  78 2448]]
Epoch 1/50 | train loss: 0.5581 | validation loss: 0.6132 | validation accuracy: 0.8831 | validation AP: 0.1686
Epoch 2/50 | train loss: 0.5247 | validation loss: 0.6013 | validation accuracy: 0.8593 | validation AP: 0.171
Epoch 3/50 | train loss: 0.5063 | validation loss: 0.5978 | validation accuracy: 0.8436 | validation AP: 0.1807
Epoch 4/50 | train loss: 0.5002 | validation loss: 0.5971 | validation accuracy: 0.788 | validation AP: 0.1764
Epoch 5/50 | train loss: 0.4912 | validation loss: 0.6094 | validation accuracy: 0.7992 | validation AP: 0.172
Epoch 6/50 | train loss: 0.4801 | validation loss: 0.6193 | validation accuracy: 0.8188 | validation AP: 0.1837
Epoch 7/50 | train loss: 0.4828 | validation loss: 0.6137 | validation accuracy: 0.8146 | validation AP: 0.182
Epoch 8/50 | train loss: 0.4737 | validation loss: 0.6396 | validation accuracy: 0.831 | validation AP: 0.1846
Epoch 9/50 | train loss: 0.475 | validation loss: 0.6369 | validation accuracy: 0.83 | validation AP: 0.1829
Epoch 10/50 | train loss: 0.4638 | validation loss: 0.6043 | validation accuracy: 0.8062 | validation AP: 0.1923
Epoch 11/50 | train loss: 0.473 | validation loss: 0.6176 | validation accuracy: 0.8317 | validation AP: 0.194
Epoch 12/50 | train loss: 0.4719 | validation loss: 0.6322 | validation accuracy: 0.8254 | validation AP: 0.1847
Epoch 13/50 | train loss: 0.4602 | validation loss: 0.6153 | validation accuracy: 0.8149 | validation AP: 0.1911
Epoch 14/50 | train loss: 0.4539 | validation loss: 0.6113 | validation accuracy: 0.8114 | validation AP: 0.1981
Epoch 15/50 | train loss: 0.462 | validation loss: 0.6414 | validation accuracy: 0.853 | validation AP: 0.2041
Epoch 16/50 | train loss: 0.4549 | validation loss: 0.6545 | validation accuracy: 0.8362 | validation AP: 0.1946
Epoch 17/50 | train loss: 0.4515 | validation loss: 0.6172 | validation accuracy: 0.8422 | validation AP: 0.2121
Epoch 18/50 | train loss: 0.4559 | validation loss: 0.6335 | validation accuracy: 0.8527 | validation AP: 0.2146
Epoch 19/50 | train loss: 0.4536 | validation loss: 0.6232 | validation accuracy: 0.8362 | validation AP: 0.2069
Epoch 20/50 | train loss: 0.4464 | validation loss: 0.6155 | validation accuracy: 0.8216 | validation AP: 0.2059
Epoch 21/50 | train loss: 0.4469 | validation loss: 0.6111 | validation accuracy: 0.8195 | validation AP: 0.2081
Epoch 22/50 | train loss: 0.4408 | validation loss: 0.6273 | validation accuracy: 0.8334 | validation AP: 0.2048
Stopping at epoch 22: validation AP has not improved for 4 epochs.
Best epoch: 18 | validation AP: 0.2146 | epochs run: 22

Validation classification report:
              precision    recall  f1-score   support

  disengaged     0.3004    0.2018    0.2414       332
     engaged     0.8994    0.9382    0.9184      2526

    accuracy                         0.8527      2858
   macro avg     0.5999    0.5700    0.5799      2858
weighted avg     0.8298    0.8527    0.8398      2858

Confusion matrix (rows: actual, columns: predicted):
[[  67  265]
 [ 156 2370]]
Epoch 1/50 | train loss: 0.563 | validation loss: 0.6282 | validation accuracy: 0.8838 | validation AP: 0.1624
Epoch 2/50 | train loss: 0.5214 | validation loss: 0.6218 | validation accuracy: 0.8768 | validation AP: 0.1709
Epoch 3/50 | train loss: 0.5083 | validation loss: 0.5969 | validation accuracy: 0.8348 | validation AP: 0.1698
Epoch 4/50 | train loss: 0.4874 | validation loss: 0.6269 | validation accuracy: 0.8422 | validation AP: 0.174
Epoch 5/50 | train loss: 0.4844 | validation loss: 0.5972 | validation accuracy: 0.824 | validation AP: 0.1906
Epoch 6/50 | train loss: 0.487 | validation loss: 0.5987 | validation accuracy: 0.8128 | validation AP: 0.1966
Epoch 7/50 | train loss: 0.4781 | validation loss: 0.6093 | validation accuracy: 0.8432 | validation AP: 0.2015
Epoch 8/50 | train loss: 0.4743 | validation loss: 0.5903 | validation accuracy: 0.8233 | validation AP: 0.2001
Epoch 9/50 | train loss: 0.4714 | validation loss: 0.607 | validation accuracy: 0.8355 | validation AP: 0.1996
Epoch 10/50 | train loss: 0.4628 | validation loss: 0.631 | validation accuracy: 0.838 | validation AP: 0.1957
Epoch 11/50 | train loss: 0.4568 | validation loss: 0.6473 | validation accuracy: 0.8572 | validation AP: 0.2046
Epoch 12/50 | train loss: 0.4605 | validation loss: 0.6169 | validation accuracy: 0.8219 | validation AP: 0.1978
Epoch 13/50 | train loss: 0.4587 | validation loss: 0.6422 | validation accuracy: 0.8453 | validation AP: 0.1973
Epoch 14/50 | train loss: 0.4502 | validation loss: 0.626 | validation accuracy: 0.83 | validation AP: 0.1982
Epoch 15/50 | train loss: 0.4584 | validation loss: 0.6542 | validation accuracy: 0.8436 | validation AP: 0.1943
Stopping at epoch 15: validation AP has not improved for 4 epochs.
Best epoch: 11 | validation AP: 0.2046 | epochs run: 15

Validation classification report:
              precision    recall  f1-score   support

  disengaged     0.2683    0.1325    0.1774       332
     engaged     0.8931    0.9525    0.9218      2526

    accuracy                         0.8572      2858
   macro avg     0.5807    0.5425    0.5496      2858
weighted avg     0.8205    0.8572    0.8354      2858
[I 2026-10-09 05:24:38,115] Trial 6 finished with value: 0.22524061506476203 and parameters: {'hidden_size': 20, 'num_layers': 3, 'dropout': 0.1, 'learning_rate': 0.0001705053926026929, 'batch_size': 8}. Best is trial 1 with value: 0.2821888205782807.
[I 2026-10-09 05:25:12,319] Trial 7 finished with value: 0.2662549192398822 and parameters: {'hidden_size': 40, 'num_layers': 1, 'dropout': 0.1, 'learning_rate': 0.0026698666742744613, 'batch_size': 32}. Best is trial 1 with value: 0.2821888205782807.
[I 2026-10-09 05:27:27,140] Trial 8 finished with value: 0.26987326542697093 and parameters: {'hidden_size': 66, 'num_layers': 2, 'dropout': 0.25, 'learning_rate': 0.0010402587615883842, 'batch_size': 8}. Best is trial 1 with value: 0.2821888205782807.

Confusion matrix (rows: actual, columns: predicted):
[[  44  288]
 [ 120 2406]]
Epoch 1/50 | train loss: 0.6339 | validation loss: 0.6539 | validation accuracy: 0.7911 | validation AP: 0.2445
Epoch 2/50 | train loss: 0.6006 | validation loss: 0.6652 | validation accuracy: 0.7589 | validation AP: 0.2073
Epoch 3/50 | train loss: 0.5893 | validation loss: 0.676 | validation accuracy: 0.7537 | validation AP: 0.2238
Epoch 4/50 | train loss: 0.5813 | validation loss: 0.6847 | validation accuracy: 0.7344 | validation AP: 0.234
Epoch 5/50 | train loss: 0.5586 | validation loss: 0.7224 | validation accuracy: 0.7642 | validation AP: 0.2463
Epoch 6/50 | train loss: 0.5606 | validation loss: 0.6363 | validation accuracy: 0.6994 | validation AP: 0.2272
Epoch 7/50 | train loss: 0.5592 | validation loss: 0.7585 | validation accuracy: 0.7799 | validation AP: 0.1976
Epoch 8/50 | train loss: 0.5382 | validation loss: 0.704 | validation accuracy: 0.7362 | validation AP: 0.1958
Epoch 9/50 | train loss: 0.5281 | validation loss: 0.7092 | validation accuracy: 0.7215 | validation AP: 0.2169
Stopping at epoch 9: validation AP has not improved for 4 epochs.
Best epoch: 5 | validation AP: 0.2463 | epochs run: 9

Validation classification report:
              precision    recall  f1-score   support

  disengaged     0.2294    0.4367    0.3008       332
     engaged     0.9160    0.8072    0.8582      2526

    accuracy                         0.7642      2858
   macro avg     0.5727    0.6220    0.5795      2858
weighted avg     0.8362    0.7642    0.7934      2858

Confusion matrix (rows: actual, columns: predicted):
[[ 145  187]
 [ 487 2039]]
Epoch 1/50 | train loss: 0.6309 | validation loss: 0.7223 | validation accuracy: 0.7974 | validation AP: 0.2531
Epoch 2/50 | train loss: 0.5894 | validation loss: 0.6657 | validation accuracy: 0.7691 | validation AP: 0.2545
Epoch 3/50 | train loss: 0.5779 | validation loss: 0.6808 | validation accuracy: 0.7932 | validation AP: 0.2511
Epoch 4/50 | train loss: 0.5708 | validation loss: 0.6479 | validation accuracy: 0.6571 | validation AP: 0.2533
Epoch 5/50 | train loss: 0.5633 | validation loss: 0.7333 | validation accuracy: 0.7404 | validation AP: 0.2041
Epoch 6/50 | train loss: 0.558 | validation loss: 0.7039 | validation accuracy: 0.7638 | validation AP: 0.2209
Stopping at epoch 6: validation AP has not improved for 4 epochs.
Best epoch: 2 | validation AP: 0.2545 | epochs run: 6

Validation classification report:
              precision    recall  f1-score   support

  disengaged     0.2201    0.3886    0.2810       332
     engaged     0.9107    0.8191    0.8624      2526

    accuracy                         0.7691      2858
   macro avg     0.5654    0.6038    0.5717      2858
weighted avg     0.8304    0.7691    0.7949      2858

Confusion matrix (rows: actual, columns: predicted):
[[ 129  203]
 [ 457 2069]]
Epoch 1/50 | train loss: 0.6362 | validation loss: 0.6768 | validation accuracy: 0.8051 | validation AP: 0.2342
Epoch 2/50 | train loss: 0.5962 | validation loss: 0.6578 | validation accuracy: 0.7505 | validation AP: 0.2333
Epoch 3/50 | train loss: 0.5763 | validation loss: 0.6539 | validation accuracy: 0.7411 | validation AP: 0.2115
Epoch 4/50 | train loss: 0.5726 | validation loss: 0.6664 | validation accuracy: 0.7719 | validation AP: 0.2192
Epoch 5/50 | train loss: 0.5644 | validation loss: 0.666 | validation accuracy: 0.7092 | validation AP: 0.1969
Stopping at epoch 5: validation AP has not improved for 4 epochs.
Best epoch: 1 | validation AP: 0.2342 | epochs run: 5

Validation classification report:
              precision    recall  f1-score   support

  disengaged     0.2632    0.3765    0.3098       332
     engaged     0.9131    0.8614    0.8865      2526

    accuracy                         0.8051      2858
   macro avg     0.5881    0.6190    0.5982      2858
weighted avg     0.8376    0.8051    0.8195      2858

Confusion matrix (rows: actual, columns: predicted):
[[ 125  207]
 [ 350 2176]]
Epoch 1/50 | train loss: 0.5298 | validation loss: 0.5761 | validation accuracy: 0.8677 | validation AP: 0.2418
Epoch 2/50 | train loss: 0.4982 | validation loss: 0.6135 | validation accuracy: 0.8544 | validation AP: 0.2103
Epoch 3/50 | train loss: 0.4817 | validation loss: 0.6097 | validation accuracy: 0.8286 | validation AP: 0.1873
Epoch 4/50 | train loss: 0.4871 | validation loss: 0.5881 | validation accuracy: 0.8537 | validation AP: 0.2247
Epoch 5/50 | train loss: 0.4703 | validation loss: 0.6186 | validation accuracy: 0.8034 | validation AP: 0.2552
Epoch 6/50 | train loss: 0.4651 | validation loss: 0.5765 | validation accuracy: 0.8474 | validation AP: 0.2406
Epoch 7/50 | train loss: 0.4591 | validation loss: 0.6018 | validation accuracy: 0.8607 | validation AP: 0.2071
Epoch 8/50 | train loss: 0.4473 | validation loss: 0.6434 | validation accuracy: 0.8586 | validation AP: 0.2019
Epoch 9/50 | train loss: 0.446 | validation loss: 0.6002 | validation accuracy: 0.8544 | validation AP: 0.2276
Stopping at epoch 9: validation AP has not improved for 4 epochs.
Best epoch: 5 | validation AP: 0.2552 | epochs run: 9

Validation classification report:
              precision    recall  f1-score   support

  disengaged     0.2478    0.3404    0.2868       332
     engaged     0.9088    0.8642    0.8860      2526

    accuracy                         0.8034      2858
   macro avg     0.5783    0.6023    0.5864      2858
weighted avg     0.8320    0.8034    0.8164      2858

Confusion matrix (rows: actual, columns: predicted):
[[ 113  219]
 [ 343 2183]]
Epoch 1/50 | train loss: 0.5248 | validation loss: 0.6033 | validation accuracy: 0.8492 | validation AP: 0.2383
Epoch 2/50 | train loss: 0.4974 | validation loss: 0.5848 | validation accuracy: 0.8555 | validation AP: 0.2354
Epoch 3/50 | train loss: 0.4862 | validation loss: 0.5771 | validation accuracy: 0.8789 | validation AP: 0.2626
Epoch 4/50 | train loss: 0.4868 | validation loss: 0.5769 | validation accuracy: 0.7796 | validation AP: 0.2381
Epoch 5/50 | train loss: 0.4752 | validation loss: 0.6221 | validation accuracy: 0.838 | validation AP: 0.1913
Epoch 6/50 | train loss: 0.4607 | validation loss: 0.6239 | validation accuracy: 0.8614 | validation AP: 0.2209
Epoch 7/50 | train loss: 0.4647 | validation loss: 0.6025 | validation accuracy: 0.8674 | validation AP: 0.2264
Stopping at epoch 7: validation AP has not improved for 4 epochs.
Best epoch: 3 | validation AP: 0.2626 | epochs run: 7

Validation classification report:
              precision    recall  f1-score   support

  disengaged     0.4271    0.1235    0.1916       332
     engaged     0.8946    0.9782    0.9346      2526

    accuracy                         0.8789      2858
   macro avg     0.6609    0.5509    0.5631      2858
weighted avg     0.8403    0.8789    0.8483      2858

Confusion matrix (rows: actual, columns: predicted):
[[  41  291]
 [  55 2471]]
Epoch 1/50 | train loss: 0.523 | validation loss: 0.6129 | validation accuracy: 0.8677 | validation AP: 0.2118
Epoch 2/50 | train loss: 0.5011 | validation loss: 0.5909 | validation accuracy: 0.8632 | validation AP: 0.2305
Epoch 3/50 | train loss: 0.4842 | validation loss: 0.5967 | validation accuracy: 0.8425 | validation AP: 0.2007
Epoch 4/50 | train loss: 0.4828 | validation loss: 0.6375 | validation accuracy: 0.8443 | validation AP: 0.1884
Epoch 5/50 | train loss: 0.4739 | validation loss: 0.5809 | validation accuracy: 0.8502 | validation AP: 0.2282
Epoch 6/50 | train loss: 0.4712 | validation loss: 0.6151 | validation accuracy: 0.846 | validation AP: 0.2135
Stopping at epoch 6: validation AP has not improved for 4 epochs.
Best epoch: 2 | validation AP: 0.2305 | epochs run: 6

Validation classification report:
              precision    recall  f1-score   support

  disengaged     0.3145    0.1506    0.2037       332
     engaged     0.8955    0.9568    0.9252      2526

    accuracy                         0.8632      2858
   macro avg     0.6050    0.5537    0.5644      2858
weighted avg     0.8280    0.8632    0.8414      2858

Confusion matrix (rows: actual, columns: predicted):
[[  50  282]
 [ 109 2417]]
Epoch 1/50 | train loss: 0.63 | validation loss: 0.6613 | validation accuracy: 0.7708 | validation AP: 0.2444[I 2026-10-09 05:27:51,636] Trial 9 finished with value: 0.27059499492573613 and parameters: {'hidden_size': 33, 'num_layers': 1, 'dropout': 0.1, 'learning_rate': 0.005532496914298506, 'batch_size': 32}. Best is trial 1 with value: 0.2821888205782807.

Epoch 2/50 | train loss: 0.6037 | validation loss: 0.658 | validation accuracy: 0.7575 | validation AP: 0.2348
Epoch 3/50 | train loss: 0.5919 | validation loss: 0.6707 | validation accuracy: 0.7572 | validation AP: 0.2131
Epoch 4/50 | train loss: 0.5891 | validation loss: 0.7045 | validation accuracy: 0.7925 | validation AP: 0.2323
Epoch 5/50 | train loss: 0.5618 | validation loss: 0.7435 | validation accuracy: 0.7845 | validation AP: 0.2457
Epoch 6/50 | train loss: 0.5602 | validation loss: 0.6457 | validation accuracy: 0.7264 | validation AP: 0.2307
Epoch 7/50 | train loss: 0.5574 | validation loss: 0.7515 | validation accuracy: 0.8188 | validation AP: 0.2102
Epoch 8/50 | train loss: 0.5419 | validation loss: 0.6958 | validation accuracy: 0.753 | validation AP: 0.2049
Epoch 9/50 | train loss: 0.5388 | validation loss: 0.6727 | validation accuracy: 0.7488 | validation AP: 0.2265
Stopping at epoch 9: validation AP has not improved for 4 epochs.
Best epoch: 5 | validation AP: 0.2457 | epochs run: 9

Validation classification report:
              precision    recall  f1-score   support

  disengaged     0.2509    0.4307    0.3171       332
     engaged     0.9174    0.8310    0.8720      2526

    accuracy                         0.7845      2858
   macro avg     0.5841    0.6308    0.5946      2858
weighted avg     0.8400    0.7845    0.8076      2858

Confusion matrix (rows: actual, columns: predicted):
[[ 143  189]
 [ 427 2099]]
Epoch 1/50 | train loss: 0.6271 | validation loss: 0.7517 | validation accuracy: 0.7957 | validation AP: 0.2681
Epoch 2/50 | train loss: 0.5904 | validation loss: 0.7005 | validation accuracy: 0.7775 | validation AP: 0.2244
Epoch 3/50 | train loss: 0.5725 | validation loss: 0.6972 | validation accuracy: 0.7869 | validation AP: 0.216
Epoch 4/50 | train loss: 0.5643 | validation loss: 0.6692 | validation accuracy: 0.6624 | validation AP: 0.2096
Epoch 5/50 | train loss: 0.5555 | validation loss: 0.7573 | validation accuracy: 0.7323 | validation AP: 0.1844
Stopping at epoch 5: validation AP has not improved for 4 epochs.
Best epoch: 1 | validation AP: 0.2681 | epochs run: 5

Validation classification report:
              precision    recall  f1-score   support

  disengaged     0.2675    0.4367    0.3318       332
     engaged     0.9193    0.8428    0.8794      2526

    accuracy                         0.7957      2858
   macro avg     0.5934    0.6398    0.6056      2858
weighted avg     0.8435    0.7957    0.8158      2858

Confusion matrix (rows: actual, columns: predicted):
[[ 145  187]
 [ 397 2129]]
Epoch 1/50 | train loss: 0.6376 | validation loss: 0.6733 | validation accuracy: 0.7946 | validation AP: 0.2204
Epoch 2/50 | train loss: 0.5988 | validation loss: 0.6698 | validation accuracy: 0.7232 | validation AP: 0.2159
Epoch 3/50 | train loss: 0.5781 | validation loss: 0.6728 | validation accuracy: 0.7159 | validation AP: 0.1942
Epoch 4/50 | train loss: 0.5747 | validation loss: 0.6712 | validation accuracy: 0.7082 | validation AP: 0.2136
Epoch 5/50 | train loss: 0.5695 | validation loss: 0.6741 | validation accuracy: 0.6896 | validation AP: 0.1951
Stopping at epoch 5: validation AP has not improved for 4 epochs.
Best epoch: 1 | validation AP: 0.2204 | epochs run: 5

Validation classification report:
              precision    recall  f1-score   support

  disengaged     0.2455    0.3705    0.2953       332
     engaged     0.9113    0.8504    0.8798      2526

    accuracy                         0.7946      2858
   macro avg     0.5784    0.6104    0.5876      2858
weighted avg     0.8340    0.7946    0.8119      2858

Confusion matrix (rows: actual, columns: predicted):
[[ 123  209]
 [ 378 2148]]
Epoch 1/50 | train loss: 0.5476 | validation loss: 0.6087 | validation accuracy: 0.8544 | validation AP: 0.1695
Epoch 2/50 | train loss: 0.5058 | validation loss: 0.6359 | validation accuracy: 0.8499 | validation AP: 0.1602
Epoch 3/50 | train loss: 0.4868 | validation loss: 0.6468 | validation accuracy: 0.8376 | validation AP: 0.185
Epoch 4/50 | train loss: 0.4873 | validation loss: 0.5966 | validation accuracy: 0.823 | validation AP: 0.2181
Epoch 5/50 | train loss: 0.4745 | validation loss: 0.6065 | validation accuracy: 0.7922 | validation AP: 0.2366
Epoch 6/50 | train loss: 0.4615 | validation loss: 0.5878 | validation accuracy: 0.8471 | validation AP: 0.233
Epoch 7/50 | train loss: 0.4623 | validation loss: 0.6255 | validation accuracy: 0.8597 | validation AP: 0.2011
Epoch 8/50 | train loss: 0.4478 | validation loss: 0.6718 | validation accuracy: 0.8401 | validation AP: 0.1857
Epoch 9/50 | train loss: 0.4534 | validation loss: 0.6252 | validation accuracy: 0.8107 | validation AP: 0.2177
Stopping at epoch 9: validation AP has not improved for 4 epochs.
Best epoch: 5 | validation AP: 0.2366 | epochs run: 9

Validation classification report:
              precision    recall  f1-score   support

  disengaged     0.2259    0.3253    0.2667       332
     engaged     0.9059    0.8535    0.8789      2526

    accuracy                         0.7922      2858
   macro avg     0.5659    0.5894    0.5728      2858
weighted avg     0.8269    0.7922    0.8078      2858

Confusion matrix (rows: actual, columns: predicted):
[[ 108  224]
 [ 370 2156]]
Epoch 1/50 | train loss: 0.5358 | validation loss: 0.6154 | validation accuracy: 0.845 | validation AP: 0.2013
Epoch 2/50 | train loss: 0.5037 | validation loss: 0.6259 | validation accuracy: 0.8485 | validation AP: 0.1983
Epoch 3/50 | train loss: 0.4837 | validation loss: 0.591 | validation accuracy: 0.86 | validation AP: 0.2373
Epoch 4/50 | train loss: 0.4792 | validation loss: 0.5941 | validation accuracy: 0.7918 | validation AP: 0.2161
Epoch 5/50 | train loss: 0.4732 | validation loss: 0.6319 | validation accuracy: 0.8216 | validation AP: 0.2077
Epoch 6/50 | train loss: 0.4602 | validation loss: 0.6283 | validation accuracy: 0.8579 | validation AP: 0.2302
Epoch 7/50 | train loss: 0.4584 | validation loss: 0.6141 | validation accuracy: 0.8628 | validation AP: 0.2251
Stopping at epoch 7: validation AP has not improved for 4 epochs.
Best epoch: 3 | validation AP: 0.2373 | epochs run: 7

Validation classification report:
              precision    recall  f1-score   support

  disengaged     0.3172    0.1777    0.2278       332
     engaged     0.8978    0.9497    0.9230      2526

    accuracy                         0.8600      2858
   macro avg     0.6075    0.5637    0.5754      2858
weighted avg     0.8304    0.8600    0.8423      2858

Confusion matrix (rows: actual, columns: predicted):
[[  59  273]
 [ 127 2399]]
Epoch 1/50 | train loss: 0.5357 | validation loss: 0.6365 | validation accuracy: 0.8653 | validation AP: 0.1979
Epoch 2/50 | train loss: 0.4976 | validation loss: 0.6189 | validation accuracy: 0.8562 | validation AP: 0.2078
Epoch 3/50 | train loss: 0.4832 | validation loss: 0.5957 | validation accuracy: 0.8128 | validation AP: 0.1994
Epoch 4/50 | train loss: 0.4663 | validation loss: 0.6286 | validation accuracy: 0.8551 | validation AP: 0.2096
Epoch 5/50 | train loss: 0.4683 | validation loss: 0.5856 | validation accuracy: 0.8611 | validation AP: 0.2302
Epoch 6/50 | train loss: 0.465 | validation loss: 0.6099 | validation accuracy: 0.8317 | validation AP: 0.239
Epoch 7/50 | train loss: 0.4618 | validation loss: 0.6017 | validation accuracy: 0.8548 | validation AP: 0.2303
Epoch 8/50 | train loss: 0.4543 | validation loss: 0.5878 | validation accuracy: 0.8562 | validation AP: 0.231
Epoch 9/50 | train loss: 0.4503 | validation loss: 0.5925 | validation accuracy: 0.8467 | validation AP: 0.2299
Epoch 10/50 | train loss: 0.4408 | validation loss: 0.651 | validation accuracy: 0.8093 | validation AP: 0.2253
Stopping at epoch 10: validation AP has not improved for 4 epochs.
Best epoch: 6 | validation AP: 0.239 | epochs run: 10

Validation classification report:
              precision    recall  f1-score   support

  disengaged     0.2620    0.2470    0.2543       332
     engaged     0.9018    0.9086    0.9051      2526

    accuracy                         0.8317      2858
   macro avg     0.5819    0.5778    0.5797      2858
weighted avg     0.8274    0.8317    0.8295      2858
[I 2026-10-09 05:30:33,085] Trial 10 finished with value: 0.24053841273362453 and parameters: {'hidden_size': 20, 'num_layers': 3, 'dropout': 0.25, 'learning_rate': 0.0008916520859346161, 'batch_size': 8}. Best is trial 1 with value: 0.2821888205782807.
[I 2026-10-09 05:34:00,153] Trial 11 finished with value: 0.2644080916727312 and parameters: {'hidden_size': 130, 'num_layers': 1, 'dropout': 0.25, 'learning_rate': 0.00010705309697335535, 'batch_size': 8}. Best is trial 1 with value: 0.2821888205782807.

Confusion matrix (rows: actual, columns: predicted):
[[  82  250]
 [ 231 2295]]
Epoch 1/50 | train loss: 0.5499 | validation loss: 0.5877 | validation accuracy: 0.8814 | validation AP: 0.2095
Epoch 2/50 | train loss: 0.508 | validation loss: 0.6137 | validation accuracy: 0.8618 | validation AP: 0.1796
Epoch 3/50 | train loss: 0.4957 | validation loss: 0.6278 | validation accuracy: 0.8653 | validation AP: 0.1985
Epoch 4/50 | train loss: 0.4974 | validation loss: 0.5918 | validation accuracy: 0.8625 | validation AP: 0.2261
Epoch 5/50 | train loss: 0.4863 | validation loss: 0.5731 | validation accuracy: 0.8534 | validation AP: 0.2489
Epoch 6/50 | train loss: 0.4753 | validation loss: 0.5699 | validation accuracy: 0.853 | validation AP: 0.2397
Epoch 7/50 | train loss: 0.4745 | validation loss: 0.6017 | validation accuracy: 0.8321 | validation AP: 0.1959
Epoch 8/50 | train loss: 0.4637 | validation loss: 0.6081 | validation accuracy: 0.8646 | validation AP: 0.2116
Epoch 9/50 | train loss: 0.4676 | validation loss: 0.5909 | validation accuracy: 0.8251 | validation AP: 0.2233
Stopping at epoch 9: validation AP has not improved for 4 epochs.
Best epoch: 5 | validation AP: 0.2489 | epochs run: 9

Validation classification report:
              precision    recall  f1-score   support

  disengaged     0.2995    0.1958    0.2368       332
     engaged     0.8989    0.9398    0.9189      2526

    accuracy                         0.8534      2858
   macro avg     0.5992    0.5678    0.5779      2858
weighted avg     0.8293    0.8534    0.8397      2858

Confusion matrix (rows: actual, columns: predicted):
[[  65  267]
 [ 152 2374]]
Epoch 1/50 | train loss: 0.5405 | validation loss: 0.6287 | validation accuracy: 0.8758 | validation AP: 0.1856
Epoch 2/50 | train loss: 0.5113 | validation loss: 0.6031 | validation accuracy: 0.8719 | validation AP: 0.1896
Epoch 3/50 | train loss: 0.4991 | validation loss: 0.5875 | validation accuracy: 0.8775 | validation AP: 0.227
Epoch 4/50 | train loss: 0.4941 | validation loss: 0.5771 | validation accuracy: 0.8184 | validation AP: 0.2414
Epoch 5/50 | train loss: 0.4872 | validation loss: 0.598 | validation accuracy: 0.8513 | validation AP: 0.215
Epoch 6/50 | train loss: 0.4745 | validation loss: 0.6021 | validation accuracy: 0.8618 | validation AP: 0.2426
Epoch 7/50 | train loss: 0.4772 | validation loss: 0.5992 | validation accuracy: 0.8579 | validation AP: 0.2325
Epoch 8/50 | train loss: 0.4728 | validation loss: 0.6109 | validation accuracy: 0.8656 | validation AP: 0.242
Epoch 9/50 | train loss: 0.4714 | validation loss: 0.6279 | validation accuracy: 0.8565 | validation AP: 0.2124
Epoch 10/50 | train loss: 0.4588 | validation loss: 0.5869 | validation accuracy: 0.8436 | validation AP: 0.2449
Epoch 11/50 | train loss: 0.4666 | validation loss: 0.5939 | validation accuracy: 0.8516 | validation AP: 0.2294
Epoch 12/50 | train loss: 0.463 | validation loss: 0.6119 | validation accuracy: 0.8453 | validation AP: 0.2135
Epoch 13/50 | train loss: 0.4525 | validation loss: 0.6063 | validation accuracy: 0.8474 | validation AP: 0.2278
Epoch 14/50 | train loss: 0.4463 | validation loss: 0.6028 | validation accuracy: 0.8401 | validation AP: 0.2317
Stopping at epoch 14: validation AP has not improved for 4 epochs.
Best epoch: 10 | validation AP: 0.2449 | epochs run: 14

Validation classification report:
              precision    recall  f1-score   support

  disengaged     0.2763    0.2139    0.2411       332
     engaged     0.8997    0.9264    0.9128      2526

    accuracy                         0.8436      2858
   macro avg     0.5880    0.5701    0.5770      2858
weighted avg     0.8272    0.8436    0.8348      2858

Confusion matrix (rows: actual, columns: predicted):
[[  71  261]
 [ 186 2340]]
Epoch 1/50 | train loss: 0.5451 | validation loss: 0.6155 | validation accuracy: 0.8828 | validation AP: 0.1994
Epoch 2/50 | train loss: 0.5076 | validation loss: 0.6253 | validation accuracy: 0.8681 | validation AP: 0.193
Epoch 3/50 | train loss: 0.4966 | validation loss: 0.5914 | validation accuracy: 0.8527 | validation AP: 0.2016
Epoch 4/50 | train loss: 0.4828 | validation loss: 0.6067 | validation accuracy: 0.8562 | validation AP: 0.2079
Epoch 5/50 | train loss: 0.4813 | validation loss: 0.5813 | validation accuracy: 0.8502 | validation AP: 0.2372
Epoch 6/50 | train loss: 0.4844 | validation loss: 0.5884 | validation accuracy: 0.8551 | validation AP: 0.2308
Epoch 7/50 | train loss: 0.4767 | validation loss: 0.5916 | validation accuracy: 0.8583 | validation AP: 0.2439
Epoch 8/50 | train loss: 0.4719 | validation loss: 0.5779 | validation accuracy: 0.8492 | validation AP: 0.2329
Epoch 9/50 | train loss: 0.4705 | validation loss: 0.5851 | validation accuracy: 0.8523 | validation AP: 0.2359
Epoch 10/50 | train loss: 0.4626 | validation loss: 0.6082 | validation accuracy: 0.8443 | validation AP: 0.2349
Epoch 11/50 | train loss: 0.4572 | validation loss: 0.6194 | validation accuracy: 0.8656 | validation AP: 0.2357
Stopping at epoch 11: validation AP has not improved for 4 epochs.
Best epoch: 7 | validation AP: 0.2439 | epochs run: 11

Validation classification report:
              precision    recall  f1-score   support

  disengaged     0.2983    0.1627    0.2105       332
     engaged     0.8962    0.9497    0.9222      2526

    accuracy                         0.8583      2858
   macro avg     0.5972    0.5562    0.5663      2858
weighted avg     0.8267    0.8583    0.8395      2858

Confusion matrix (rows: actual, columns: predicted):
[[  54  278]
 [ 127 2399]]
Epoch 1/50 | train loss: 0.6348 | validation loss: 0.6391 | validation accuracy: 0.7929 | validation AP: 0.2618
Epoch 2/50 | train loss: 0.6066 | validation loss: 0.6495 | validation accuracy: 0.7848 | validation AP: 0.2436
Epoch 3/50 | train loss: 0.5918 | validation loss: 0.6451 | validation accuracy: 0.7537 | validation AP: 0.2327
Epoch 4/50 | train loss: 0.587 | validation loss: 0.6663 | validation accuracy: 0.7603 | validation AP: 0.2457
Epoch 5/50 | train loss: 0.5599 | validation loss: 0.7303 | validation accuracy: 0.7722 | validation AP: 0.2579
Stopping at epoch 5: validation AP has not improved for 4 epochs.
Best epoch: 1 | validation AP: 0.2618 | epochs run: 5

Validation classification report:
              precision    recall  f1-score   support

  disengaged     0.2679    0.4518    0.3363       332
     engaged     0.9208    0.8377    0.8773      2526

    accuracy                         0.7929      2858
   macro avg     0.5943    0.6447    0.6068      2858
weighted avg     0.8450    0.7929    0.8144      2858

Confusion matrix (rows: actual, columns: predicted):
[[ 150  182]
 [ 410 2116]]
Epoch 1/50 | train loss: 0.6311 | validation loss: 0.7743 | validation accuracy: 0.8153 | validation AP: 0.2661
Epoch 2/50 | train loss: 0.5956 | validation loss: 0.6632 | validation accuracy: 0.768 | validation AP: 0.2443
Epoch 3/50 | train loss: 0.5837 | validation loss: 0.6707 | validation accuracy: 0.7866 | validation AP: 0.2515
Epoch 4/50 | train loss: 0.5749 | validation loss: 0.6502 | validation accuracy: 0.6456 | validation AP: 0.2406
Epoch 5/50 | train loss: 0.5702 | validation loss: 0.7223 | validation accuracy: 0.7365 | validation AP: 0.1941
Stopping at epoch 5: validation AP has not improved for 4 epochs.
Best epoch: 1 | validation AP: 0.2661 | epochs run: 5

Validation classification report:
              precision    recall  f1-score   support

  disengaged     0.2832    0.3855    0.3265       332
     engaged     0.9152    0.8717    0.8929      2526

    accuracy                         0.8153      2858
   macro avg     0.5992    0.6286    0.6097      2858
weighted avg     0.8418    0.8153    0.8271      2858

Confusion matrix (rows: actual, columns: predicted):
[[ 128  204]
 [ 324 2202]]
Epoch 1/50 | train loss: 0.6389 | validation loss: 0.643 | validation accuracy: 0.7754 | validation AP: 0.2355
Epoch 2/50 | train loss: 0.6063 | validation loss: 0.6713 | validation accuracy: 0.7687 | validation AP: 0.2398
Epoch 3/50 | train loss: 0.5892 | validation loss: 0.6482 | validation accuracy: 0.7386 | validation AP: 0.2286
Epoch 4/50 | train loss: 0.5797 | validation loss: 0.6583 | validation accuracy: 0.7495 | validation AP: 0.2278[I 2026-10-09 05:34:21,266] Trial 12 finished with value: 0.2785306180689231 and parameters: {'hidden_size': 115, 'num_layers': 1, 'dropout': 0.0, 'learning_rate': 0.0016959494597742362, 'batch_size': 32}. Best is trial 1 with value: 0.2821888205782807.
[I 2026-10-09 05:37:01,124] Trial 13 finished with value: 0.21334027083292897 and parameters: {'hidden_size': 187, 'num_layers': 1, 'dropout': 0.25, 'learning_rate': 0.009752326127090299, 'batch_size': 8}. Best is trial 1 with value: 0.2821888205782807.

Epoch 5/50 | train loss: 0.5696 | validation loss: 0.6559 | validation accuracy: 0.7005 | validation AP: 0.2039
Epoch 6/50 | train loss: 0.5663 | validation loss: 0.6682 | validation accuracy: 0.7645 | validation AP: 0.2272
Stopping at epoch 6: validation AP has not improved for 4 epochs.
Best epoch: 2 | validation AP: 0.2398 | epochs run: 6

Validation classification report:
              precision    recall  f1-score   support

  disengaged     0.2351    0.4398    0.3064       332
     engaged     0.9169    0.8120    0.8612      2526

    accuracy                         0.7687      2858
   macro avg     0.5760    0.6259    0.5838      2858
weighted avg     0.8377    0.7687    0.7968      2858

Confusion matrix (rows: actual, columns: predicted):
[[ 146  186]
 [ 475 2051]]
Epoch 1/50 | train loss: 0.5969 | validation loss: 0.6445 | validation accuracy: 0.8464 | validation AP: 0.2026
Epoch 2/50 | train loss: 0.6014 | validation loss: 0.8145 | validation accuracy: 0.8758 | validation AP: 0.1772
Epoch 3/50 | train loss: 0.5445 | validation loss: 0.6635 | validation accuracy: 0.8628 | validation AP: 0.152
Epoch 4/50 | train loss: 0.5739 | validation loss: 0.6464 | validation accuracy: 0.8502 | validation AP: 0.159
Epoch 5/50 | train loss: 0.5454 | validation loss: 0.6294 | validation accuracy: 0.8544 | validation AP: 0.1816
Stopping at epoch 5: validation AP has not improved for 4 epochs.
Best epoch: 1 | validation AP: 0.2026 | epochs run: 5

Validation classification report:
              precision    recall  f1-score   support

  disengaged     0.1977    0.1054    0.1375       332
     engaged     0.8892    0.9438    0.9157      2526

    accuracy                         0.8464      2858
   macro avg     0.5435    0.5246    0.5266      2858
weighted avg     0.8089    0.8464    0.8253      2858

Confusion matrix (rows: actual, columns: predicted):
[[  35  297]
 [ 142 2384]]
Epoch 1/50 | train loss: 0.5938 | validation loss: 0.6395 | validation accuracy: 0.8513 | validation AP: 0.2176
Epoch 2/50 | train loss: 0.5981 | validation loss: 0.7241 | validation accuracy: 0.8849 | validation AP: 0.2097
Epoch 3/50 | train loss: 0.5683 | validation loss: 0.579 | validation accuracy: 0.8579 | validation AP: 0.2257
Epoch 4/50 | train loss: 0.5596 | validation loss: 0.7306 | validation accuracy: 0.852 | validation AP: 0.1383
Epoch 5/50 | train loss: 0.55 | validation loss: 0.6878 | validation accuracy: 0.8747 | validation AP: 0.1473
Epoch 6/50 | train loss: 0.5646 | validation loss: 0.8394 | validation accuracy: 0.8835 | validation AP: 0.1379
Epoch 7/50 | train loss: 0.5512 | validation loss: 0.6364 | validation accuracy: 0.8765 | validation AP: 0.1575
Stopping at epoch 7: validation AP has not improved for 4 epochs.
Best epoch: 3 | validation AP: 0.2257 | epochs run: 7

Validation classification report:
              precision    recall  f1-score   support

  disengaged     0.2874    0.1506    0.1976       332
     engaged     0.8949    0.9509    0.9221      2526

    accuracy                         0.8579      2858
   macro avg     0.5911    0.5508    0.5599      2858
weighted avg     0.8244    0.8579    0.8379      2858

Confusion matrix (rows: actual, columns: predicted):
[[  50  282]
 [ 124 2402]]
Epoch 1/50 | train loss: 0.5946 | validation loss: 0.6328 | validation accuracy: 0.8702 | validation AP: 0.1555
Epoch 2/50 | train loss: 0.5692 | validation loss: 0.7444 | validation accuracy: 0.7932 | validation AP: 0.1508
Epoch 3/50 | train loss: 0.546 | validation loss: 0.6502 | validation accuracy: 0.8132 | validation AP: 0.1358
Epoch 4/50 | train loss: 0.5548 | validation loss: 0.72 | validation accuracy: 0.8779 | validation AP: 0.1388
Epoch 5/50 | train loss: 0.5708 | validation loss: 0.6464 | validation accuracy: 0.8814 | validation AP: 0.1613
Epoch 6/50 | train loss: 0.5629 | validation loss: 0.6877 | validation accuracy: 0.8272 | validation AP: 0.1273
Epoch 7/50 | train loss: 0.5458 | validation loss: 0.6255 | validation accuracy: 0.8646 | validation AP: 0.1827
Epoch 8/50 | train loss: 0.5526 | validation loss: 0.6366 | validation accuracy: 0.8348 | validation AP: 0.1416
Epoch 9/50 | train loss: 0.5587 | validation loss: 0.6218 | validation accuracy: 0.8726 | validation AP: 0.1852
Epoch 10/50 | train loss: 0.5712 | validation loss: 0.6139 | validation accuracy: 0.8163 | validation AP: 0.1899
Epoch 11/50 | train loss: 0.5657 | validation loss: 0.6527 | validation accuracy: 0.8814 | validation AP: 0.1725
Epoch 12/50 | train loss: 0.5426 | validation loss: 0.5883 | validation accuracy: 0.845 | validation AP: 0.183
Epoch 13/50 | train loss: 0.5554 | validation loss: 0.7131 | validation accuracy: 0.8761 | validation AP: 0.129
Epoch 14/50 | train loss: 0.5217 | validation loss: 0.6654 | validation accuracy: 0.8495 | validation AP: 0.1786
Stopping at epoch 14: validation AP has not improved for 4 epochs.
Best epoch: 10 | validation AP: 0.1899 | epochs run: 14

Validation classification report:
              precision    recall  f1-score   support

  disengaged     0.2297    0.2470    0.2380       332
     engaged     0.9000    0.8911    0.8956      2526

    accuracy                         0.8163      2858
   macro avg     0.5649    0.5691    0.5668      2858
weighted avg     0.8222    0.8163    0.8192      2858

Confusion matrix (rows: actual, columns: predicted):
[[  82  250]
 [ 275 2251]]
Epoch 1/50 | train loss: 0.6678 | validation loss: 0.6631 | validation accuracy: 0.6162 | validation AP: 0.1929
Epoch 2/50 | train loss: 0.6193 | validation loss: 0.6675 | validation accuracy: 0.6735 | validation AP: 0.1965
Epoch 3/50 | train loss: 0.6021 | validation loss: 0.6883 | validation accuracy: 0.7148 | validation AP: 0.2142
Epoch 4/50 | train loss: 0.5983 | validation loss: 0.6915 | validation accuracy: 0.7355 | validation AP: 0.2369
Epoch 5/50 | train loss: 0.5902 | validation loss: 0.6828 | validation accuracy: 0.7313 | validation AP: 0.2333
Epoch 6/50 | train loss: 0.5784 | validation loss: 0.6499 | validation accuracy: 0.6505 | validation AP: 0.2131
Epoch 7/50 | train loss: 0.5805 | validation loss: 0.7071 | validation accuracy: 0.7071 | validation AP: 0.1855
Epoch 8/50 | train loss: 0.5673 | validation loss: 0.6731 | validation accuracy: 0.6725 | validation AP: 0.2142
Stopping at epoch 8: validation AP has not improved for 4 epochs.
Best epoch: 4 | validation AP: 0.2369 | epochs run: 8

Validation classification report:
              precision    recall  f1-score   support

  disengaged     0.2112    0.4669    0.2908       332
     engaged     0.9167    0.7708    0.8374      2526

    accuracy                         0.7355      2858
   macro avg     0.5639    0.6188    0.5641      2858
weighted avg     0.8347    0.7355    0.7739      2858

Confusion matrix (rows: actual, columns: predicted):
[[ 155  177]
 [ 579 1947]]
Epoch 1/50 | train loss: 0.6658 | validation loss: 0.6887 | validation accuracy: 0.6627 | validation AP: 0.1615
Epoch 2/50 | train loss: 0.6148 | validation loss: 0.6578 | validation accuracy: 0.6452 | validation AP: 0.188
Epoch 3/50 | train loss: 0.603 | validation loss: 0.6888 | validation accuracy: 0.7362 | validation AP: 0.2213
Epoch 4/50 | train loss: 0.5917 | validation loss: 0.6638 | validation accuracy: 0.6298 | validation AP: 0.2149
Epoch 5/50 | train loss: 0.5823 | validation loss: 0.6905 | validation accuracy: 0.6714 | validation AP: 0.1988
Epoch 6/50 | train loss: 0.5765 | validation loss: 0.7036 | validation accuracy: 0.6893 | validation AP: 0.2216
Epoch 7/50 | train loss: 0.5695 | validation loss: 0.6856 | validation accuracy: 0.6634 | validation AP: 0.2241
Epoch 8/50 | train loss: 0.5573 | validation loss: 0.702 | validation accuracy: 0.7012 | validation AP: 0.2264
Epoch 9/50 | train loss: 0.5541 | validation loss: 0.7169 | validation accuracy: 0.711 | validation AP: 0.2231
Epoch 10/50 | train loss: 0.548 | validation loss: 0.6744 | validation accuracy: 0.6686 | validation AP: 0.2272
Epoch 11/50 | train loss: 0.5352 | validation loss: 0.7129 | validation accuracy: 0.7138 | validation AP: 0.2274
Epoch 12/50 | train loss: 0.5454 | validation loss: 0.7267 | validation accuracy: 0.7327 | validation AP: 0.2121
Epoch 13/50 | train loss: 0.5363 | validation loss: 0.7343 | validation accuracy: 0.6966 | validation AP: 0.2156[I 2026-10-09 05:37:27,192] Trial 14 finished with value: 0.24900986171198702 and parameters: {'hidden_size': 44, 'num_layers': 1, 'dropout': 0.0, 'learning_rate': 0.0006413021907452079, 'batch_size': 64}. Best is trial 1 with value: 0.2821888205782807.
[I 2026-10-09 05:37:47,727] Trial 15 finished with value: 0.2676479777588401 and parameters: {'hidden_size': 154, 'num_layers': 1, 'dropout': 0.0, 'learning_rate': 0.0004841632530916229, 'batch_size': 64}. Best is trial 1 with value: 0.2821888205782807.

Epoch 14/50 | train loss: 0.5236 | validation loss: 0.7838 | validation accuracy: 0.7369 | validation AP: 0.2287
Epoch 15/50 | train loss: 0.5252 | validation loss: 0.751 | validation accuracy: 0.7288 | validation AP: 0.2283
Epoch 16/50 | train loss: 0.5155 | validation loss: 0.8272 | validation accuracy: 0.7306 | validation AP: 0.237
Epoch 17/50 | train loss: 0.512 | validation loss: 0.6989 | validation accuracy: 0.7138 | validation AP: 0.2329
Epoch 18/50 | train loss: 0.5098 | validation loss: 0.746 | validation accuracy: 0.6826 | validation AP: 0.2189
Epoch 19/50 | train loss: 0.5013 | validation loss: 0.7801 | validation accuracy: 0.6994 | validation AP: 0.2168
Epoch 20/50 | train loss: 0.4966 | validation loss: 0.7806 | validation accuracy: 0.7057 | validation AP: 0.2264
Stopping at epoch 20: validation AP has not improved for 4 epochs.
Best epoch: 16 | validation AP: 0.237 | epochs run: 20

Validation classification report:
              precision    recall  f1-score   support

  disengaged     0.1950    0.4217    0.2667       332
     engaged     0.9103    0.7712    0.8350      2526

    accuracy                         0.7306      2858
   macro avg     0.5526    0.5964    0.5508      2858
weighted avg     0.8272    0.7306    0.7690      2858

Confusion matrix (rows: actual, columns: predicted):
[[ 140  192]
 [ 578 1948]]
Epoch 1/50 | train loss: 0.6732 | validation loss: 0.669 | validation accuracy: 0.7215 | validation AP: 0.1834
Epoch 2/50 | train loss: 0.6258 | validation loss: 0.6792 | validation accuracy: 0.7253 | validation AP: 0.1957
Epoch 3/50 | train loss: 0.6034 | validation loss: 0.6601 | validation accuracy: 0.6851 | validation AP: 0.2056
Epoch 4/50 | train loss: 0.5925 | validation loss: 0.6767 | validation accuracy: 0.7299 | validation AP: 0.2205
Epoch 5/50 | train loss: 0.586 | validation loss: 0.6564 | validation accuracy: 0.6582 | validation AP: 0.2091
Epoch 6/50 | train loss: 0.5746 | validation loss: 0.6743 | validation accuracy: 0.7211 | validation AP: 0.2335
Epoch 7/50 | train loss: 0.5661 | validation loss: 0.7179 | validation accuracy: 0.7145 | validation AP: 0.2123
Epoch 8/50 | train loss: 0.558 | validation loss: 0.6949 | validation accuracy: 0.6966 | validation AP: 0.2061
Epoch 9/50 | train loss: 0.5476 | validation loss: 0.6869 | validation accuracy: 0.6917 | validation AP: 0.2152
Epoch 10/50 | train loss: 0.5433 | validation loss: 0.7209 | validation accuracy: 0.7383 | validation AP: 0.2217
Stopping at epoch 10: validation AP has not improved for 4 epochs.
Best epoch: 6 | validation AP: 0.2335 | epochs run: 10

Validation classification report:
              precision    recall  f1-score   support

  disengaged     0.2023    0.4759    0.2839       332
     engaged     0.9162    0.7534    0.8269      2526

    accuracy                         0.7211      2858
   macro avg     0.5593    0.6146    0.5554      2858
weighted avg     0.8333    0.7211    0.7638      2858

Confusion matrix (rows: actual, columns: predicted):
[[ 158  174]
 [ 623 1903]]
Epoch 1/50 | train loss: 0.657 | validation loss: 0.6442 | validation accuracy: 0.6414 | validation AP: 0.2007
Epoch 2/50 | train loss: 0.617 | validation loss: 0.6397 | validation accuracy: 0.6627 | validation AP: 0.2434
Epoch 3/50 | train loss: 0.6019 | validation loss: 0.6864 | validation accuracy: 0.7404 | validation AP: 0.2345
Epoch 4/50 | train loss: 0.5982 | validation loss: 0.6678 | validation accuracy: 0.7183 | validation AP: 0.2525
Epoch 5/50 | train loss: 0.5857 | validation loss: 0.6781 | validation accuracy: 0.719 | validation AP: 0.2606
Epoch 6/50 | train loss: 0.571 | validation loss: 0.64 | validation accuracy: 0.6746 | validation AP: 0.2421
Epoch 7/50 | train loss: 0.5721 | validation loss: 0.7383 | validation accuracy: 0.7176 | validation AP: 0.1969
Epoch 8/50 | train loss: 0.5614 | validation loss: 0.6833 | validation accuracy: 0.6865 | validation AP: 0.2072
Epoch 9/50 | train loss: 0.5573 | validation loss: 0.7163 | validation accuracy: 0.7138 | validation AP: 0.2358
Stopping at epoch 9: validation AP has not improved for 4 epochs.
Best epoch: 5 | validation AP: 0.2606 | epochs run: 9

Validation classification report:
              precision    recall  f1-score   support

  disengaged     0.2125    0.5241    0.3023       332
     engaged     0.9225    0.7447    0.8241      2526

    accuracy                         0.7190      2858
   macro avg     0.5675    0.6344    0.5632      2858
weighted avg     0.8400    0.7190    0.7635      2858

Confusion matrix (rows: actual, columns: predicted):
[[ 174  158]
 [ 645 1881]]
Epoch 1/50 | train loss: 0.6521 | validation loss: 0.6768 | validation accuracy: 0.7012 | validation AP: 0.1857
Epoch 2/50 | train loss: 0.6149 | validation loss: 0.6315 | validation accuracy: 0.6484 | validation AP: 0.2231
Epoch 3/50 | train loss: 0.6032 | validation loss: 0.6736 | validation accuracy: 0.7421 | validation AP: 0.2468
Epoch 4/50 | train loss: 0.5939 | validation loss: 0.6485 | validation accuracy: 0.6183 | validation AP: 0.2234
Epoch 5/50 | train loss: 0.5847 | validation loss: 0.6899 | validation accuracy: 0.6924 | validation AP: 0.2098
Epoch 6/50 | train loss: 0.5798 | validation loss: 0.6857 | validation accuracy: 0.7127 | validation AP: 0.2156
Epoch 7/50 | train loss: 0.5784 | validation loss: 0.6676 | validation accuracy: 0.7327 | validation AP: 0.2119
Stopping at epoch 7: validation AP has not improved for 4 epochs.
Best epoch: 3 | validation AP: 0.2468 | epochs run: 7

Validation classification report:
              precision    recall  f1-score   support

  disengaged     0.2168    0.4669    0.2961       332
     engaged     0.9174    0.7783    0.8422      2526

    accuracy                         0.7421      2858
   macro avg     0.5671    0.6226    0.5691      2858
weighted avg     0.8360    0.7421    0.7787      2858

Confusion matrix (rows: actual, columns: predicted):
[[ 155  177]
 [ 560 1966]]
Epoch 1/50 | train loss: 0.6544 | validation loss: 0.6593 | validation accuracy: 0.7519 | validation AP: 0.2453
Epoch 2/50 | train loss: 0.6176 | validation loss: 0.6495 | validation accuracy: 0.6938 | validation AP: 0.225
Epoch 3/50 | train loss: 0.6052 | validation loss: 0.6381 | validation accuracy: 0.6802 | validation AP: 0.2229
Epoch 4/50 | train loss: 0.5986 | validation loss: 0.659 | validation accuracy: 0.7327 | validation AP: 0.2324
Epoch 5/50 | train loss: 0.5911 | validation loss: 0.637 | validation accuracy: 0.6575 | validation AP: 0.221
Stopping at epoch 5: validation AP has not improved for 4 epochs.
Best epoch: 1 | validation AP: 0.2453 | epochs run: 5

Validation classification report:
              precision    recall  f1-score   support

  disengaged     0.2256    0.4669    0.3042       332
     engaged     0.9185    0.7894    0.8491      2526

    accuracy                         0.7519      2858
   macro avg     0.5720    0.6281    0.5766      2858
weighted avg     0.8380    0.7519    0.7858      2858

Confusion matrix (rows: actual, columns: predicted):
[[ 155  177]
 [ 532 1994]]
Epoch 1/50 | train loss: 0.6651 | validation loss: 0.6566 | validation accuracy: 0.6585 | validation AP: 0.189
Epoch 2/50 | train loss: 0.6148 | validation loss: 0.6401 | validation accuracy: 0.6246 | validation AP: 0.2011
Epoch 3/50 | train loss: 0.5959 | validation loss: 0.6537 | validation accuracy: 0.6805 | validation AP: 0.2128
Epoch 4/50 | train loss: 0.5911 | validation loss: 0.6734 | validation accuracy: 0.6837 | validation AP: 0.2355
Epoch 5/50 | train loss: 0.5813 | validation loss: 0.6729 | validation accuracy: 0.7075 | validation AP: 0.2318
Epoch 6/50 | train loss: 0.5666 | validation loss: 0.6423 | validation accuracy: 0.6242 | validation AP: 0.2186
Epoch 7/50 | train loss: 0.5637 | validation loss: 0.7195 | validation accuracy: 0.7099 | validation AP: 0.1987
Epoch 8/50 | train loss: 0.5519 | validation loss: 0.6749 | validation accuracy: 0.6679 | validation AP: 0.2277
Stopping at epoch 8: validation AP has not improved for 4 epochs.
Best epoch: 4 | validation AP: 0.2355 | epochs run: 8

Validation classification report:
              precision    recall  f1-score   support

  disengaged     0.1944    0.5482    0.2871       332
     engaged     0.9220    0.7015    0.7968      2526

    accuracy                         0.6837      2858
   macro avg     0.5582    0.6248    0.5419      2858
weighted avg     0.8374    0.6837    0.7376      2858
[I 2026-10-09 05:38:09,622] Trial 16 finished with value: 0.2411991872725303 and parameters: {'hidden_size': 21, 'num_layers': 1, 'dropout': 0.0, 'learning_rate': 0.0015110945490681685, 'batch_size': 64}. Best is trial 1 with value: 0.2821888205782807.

Confusion matrix (rows: actual, columns: predicted):
[[ 182  150]
 [ 754 1772]]
Epoch 1/50 | train loss: 0.6541 | validation loss: 0.6787 | validation accuracy: 0.6435 | validation AP: 0.1627
Epoch 2/50 | train loss: 0.6104 | validation loss: 0.6489 | validation accuracy: 0.6547 | validation AP: 0.1908
Epoch 3/50 | train loss: 0.5958 | validation loss: 0.705 | validation accuracy: 0.7271 | validation AP: 0.2115
Epoch 4/50 | train loss: 0.5814 | validation loss: 0.6882 | validation accuracy: 0.6435 | validation AP: 0.2136
Epoch 5/50 | train loss: 0.5743 | validation loss: 0.7192 | validation accuracy: 0.6879 | validation AP: 0.189
Epoch 6/50 | train loss: 0.5694 | validation loss: 0.6954 | validation accuracy: 0.6672 | validation AP: 0.2075
Epoch 7/50 | train loss: 0.5642 | validation loss: 0.6739 | validation accuracy: 0.676 | validation AP: 0.2098
Epoch 8/50 | train loss: 0.5554 | validation loss: 0.7192 | validation accuracy: 0.7341 | validation AP: 0.2147
Epoch 9/50 | train loss: 0.5483 | validation loss: 0.7289 | validation accuracy: 0.7337 | validation AP: 0.2052
Epoch 10/50 | train loss: 0.5391 | validation loss: 0.6777 | validation accuracy: 0.704 | validation AP: 0.221
Epoch 11/50 | train loss: 0.5287 | validation loss: 0.7468 | validation accuracy: 0.7313 | validation AP: 0.206
Epoch 12/50 | train loss: 0.5274 | validation loss: 0.7782 | validation accuracy: 0.7393 | validation AP: 0.2047
Epoch 13/50 | train loss: 0.5178 | validation loss: 0.7587 | validation accuracy: 0.7036 | validation AP: 0.2013
Epoch 14/50 | train loss: 0.5074 | validation loss: 0.7878 | validation accuracy: 0.747 | validation AP: 0.2158
Stopping at epoch 14: validation AP has not improved for 4 epochs.
Best epoch: 10 | validation AP: 0.221 | epochs run: 14

Validation classification report:
              precision    recall  f1-score   support

  disengaged     0.2093    0.5572    0.3043       332
     engaged     0.9255    0.7233    0.8120      2526

    accuracy                         0.7040      2858
   macro avg     0.5674    0.6403    0.5581      2858
weighted avg     0.8423    0.7040    0.7530      2858

Confusion matrix (rows: actual, columns: predicted):
[[ 185  147]
 [ 699 1827]]
Epoch 1/50 | train loss: 0.6572 | validation loss: 0.6852 | validation accuracy: 0.7505 | validation AP: 0.2109
Epoch 2/50 | train loss: 0.608 | validation loss: 0.6813 | validation accuracy: 0.7295 | validation AP: 0.2225
Epoch 3/50 | train loss: 0.5967 | validation loss: 0.6573 | validation accuracy: 0.7015 | validation AP: 0.2235
Epoch 4/50 | train loss: 0.5874 | validation loss: 0.6777 | validation accuracy: 0.7299 | validation AP: 0.224
Epoch 5/50 | train loss: 0.5769 | validation loss: 0.641 | validation accuracy: 0.6043 | validation AP: 0.2192
Epoch 6/50 | train loss: 0.5666 | validation loss: 0.6844 | validation accuracy: 0.7061 | validation AP: 0.2218
Epoch 7/50 | train loss: 0.5598 | validation loss: 0.7025 | validation accuracy: 0.6774 | validation AP: 0.2172
Epoch 8/50 | train loss: 0.5538 | validation loss: 0.7048 | validation accuracy: 0.6756 | validation AP: 0.2057
Stopping at epoch 8: validation AP has not improved for 4 epochs.
Best epoch: 4 | validation AP: 0.224 | epochs run: 8

Validation classification report:
              precision    recall  f1-score   support

  disengaged     0.2135    0.4940    0.2982       332
     engaged     0.9196    0.7609    0.8328      2526

    accuracy                         0.7299      2858
   macro avg     0.5666    0.6274    0.5655      2858
weighted avg     0.8376    0.7299    0.7707      2858

Confusion matrix (rows: actual, columns: predicted):
[[ 164  168]
 [ 604 1922]]
Epoch 1/50 | train loss: 0.5352 | validation loss: 0.577 | validation accuracy: 0.8747 | validation AP: 0.2368
Epoch 2/50 | train loss: 0.5014 | validation loss: 0.6074 | validation accuracy: 0.8272 | validation AP: 0.2148
Epoch 3/50 | train loss: 0.4873 | validation loss: 0.6114 | validation accuracy: 0.8425 | validation AP: 0.213
Epoch 4/50 | train loss: 0.4903 | validation loss: 0.5834 | validation accuracy: 0.8303 | validation AP: 0.2338
Epoch 5/50 | train loss: 0.4776 | validation loss: 0.5881 | validation accuracy: 0.8097 | validation AP: 0.255
Epoch 6/50 | train loss: 0.4705 | validation loss: 0.5749 | validation accuracy: 0.8296 | validation AP: 0.2385
Epoch 7/50 | train loss: 0.4659 | validation loss: 0.6067 | validation accuracy: 0.8446 | validation AP: 0.1898
Epoch 8/50 | train loss: 0.4532 | validation loss: 0.6104 | validation accuracy: 0.8614 | validation AP: 0.2179
Epoch 9/50 | train loss: 0.4518 | validation loss: 0.5913 | validation accuracy: 0.8205 | validation AP: 0.2404
Stopping at epoch 9: validation AP has not improved for 4 epochs.
Best epoch: 5 | validation AP: 0.255 | epochs run: 9

Validation classification report:
              precision    recall  f1-score   support

  disengaged     0.2591    0.3434    0.2953       332
     engaged     0.9098    0.8709    0.8900      2526

    accuracy                         0.8097      2858
   macro avg     0.5845    0.6072    0.5927      2858
weighted avg     0.8342    0.8097    0.8209      2858

Confusion matrix (rows: actual, columns: predicted):
[[ 114  218]
 [ 326 2200]]
Epoch 1/50 | train loss: 0.5317 | validation loss: 0.6033 | validation accuracy: 0.8457 | validation AP: 0.2309
Epoch 2/50 | train loss: 0.5081 | validation loss: 0.5764 | validation accuracy: 0.8583 | validation AP: 0.2325
Epoch 3/50 | train loss: 0.4933 | validation loss: 0.5693 | validation accuracy: 0.8723 | validation AP: 0.2672
Epoch 4/50 | train loss: 0.4878 | validation loss: 0.5868 | validation accuracy: 0.7614 | validation AP: 0.2345
Epoch 5/50 | train loss: 0.4771 | validation loss: 0.6042 | validation accuracy: 0.8184 | validation AP: 0.2079
Epoch 6/50 | train loss: 0.4677 | validation loss: 0.6193 | validation accuracy: 0.8481 | validation AP: 0.2273
Epoch 7/50 | train loss: 0.4684 | validation loss: 0.586 | validation accuracy: 0.8558 | validation AP: 0.2327
Stopping at epoch 7: validation AP has not improved for 4 epochs.
Best epoch: 3 | validation AP: 0.2672 | epochs run: 7

Validation classification report:
              precision    recall  f1-score   support

  disengaged     0.3659    0.1355    0.1978       332
     engaged     0.8951    0.9691    0.9306      2526

    accuracy                         0.8723      2858
   macro avg     0.6305    0.5523    0.5642      2858
weighted avg     0.8336    0.8723    0.8455      2858

Confusion matrix (rows: actual, columns: predicted):
[[  45  287]
 [  78 2448]]
Epoch 1/50 | train loss: 0.5224 | validation loss: 0.6231 | validation accuracy: 0.8723 | validation AP: 0.2077
Epoch 2/50 | train loss: 0.5011 | validation loss: 0.6007 | validation accuracy: 0.8422 | validation AP: 0.2172
Epoch 3/50 | train loss: 0.4926 | validation loss: 0.5859 | validation accuracy: 0.8303 | validation AP: 0.2025
Epoch 4/50 | train loss: 0.4791 | validation loss: 0.6184 | validation accuracy: 0.8223 | validation AP: 0.1904
Epoch 5/50 | train loss: 0.4745 | validation loss: 0.5803 | validation accuracy: 0.8341 | validation AP: 0.2191
Epoch 6/50 | train loss: 0.4758 | validation loss: 0.5946 | validation accuracy: 0.8184 | validation AP: 0.2159
Epoch 7/50 | train loss: 0.4718 | validation loss: 0.5868 | validation accuracy: 0.8275 | validation AP: 0.2222
Epoch 8/50 | train loss: 0.4684 | validation loss: 0.58 | validation accuracy: 0.8509 | validation AP: 0.234
Epoch 9/50 | train loss: 0.4631 | validation loss: 0.5917 | validation accuracy: 0.8411 | validation AP: 0.2233
Epoch 10/50 | train loss: 0.4538 | validation loss: 0.6195 | validation accuracy: 0.8072 | validation AP: 0.2044
Epoch 11/50 | train loss: 0.4481 | validation loss: 0.6112 | validation accuracy: 0.8649 | validation AP: 0.2359
Epoch 12/50 | train loss: 0.4532 | validation loss: 0.5946 | validation accuracy: 0.8467 | validation AP: 0.2362
Epoch 13/50 | train loss: 0.4525 | validation loss: 0.6158 | validation accuracy: 0.8579 | validation AP: 0.2292
Epoch 14/50 | train loss: 0.4423 | validation loss: 0.611 | validation accuracy: 0.8439 | validation AP: 0.2237
Epoch 15/50 | train loss: 0.4453 | validation loss: 0.6987 | validation accuracy: 0.8506 | validation AP: 0.1912[I 2026-10-09 05:43:56,121] Trial 17 finished with value: 0.27592755413139075 and parameters: {'hidden_size': 198, 'num_layers': 2, 'dropout': 0.25, 'learning_rate': 0.000255157556363513, 'batch_size': 8}. Best is trial 1 with value: 0.2821888205782807.
[I 2026-10-09 05:44:12,957] Trial 18 finished with value: 0.2779569023248933 and parameters: {'hidden_size': 35, 'num_layers': 2, 'dropout': 0.0, 'learning_rate': 0.003437219376293896, 'batch_size': 64}. Best is trial 1 with value: 0.2821888205782807.

Epoch 16/50 | train loss: 0.4432 | validation loss: 0.5942 | validation accuracy: 0.8467 | validation AP: 0.2406
Epoch 17/50 | train loss: 0.4335 | validation loss: 0.6172 | validation accuracy: 0.8408 | validation AP: 0.2148
Epoch 18/50 | train loss: 0.4339 | validation loss: 0.6347 | validation accuracy: 0.8502 | validation AP: 0.2041
Epoch 19/50 | train loss: 0.4257 | validation loss: 0.6182 | validation accuracy: 0.803 | validation AP: 0.221
Epoch 20/50 | train loss: 0.4235 | validation loss: 0.6715 | validation accuracy: 0.8471 | validation AP: 0.2025
Stopping at epoch 20: validation AP has not improved for 4 epochs.
Best epoch: 16 | validation AP: 0.2406 | epochs run: 20

Validation classification report:
              precision    recall  f1-score   support

  disengaged     0.2773    0.1988    0.2316       332
     engaged     0.8985    0.9319    0.9149      2526

    accuracy                         0.8467      2858
   macro avg     0.5879    0.5654    0.5732      2858
weighted avg     0.8263    0.8467    0.8355      2858

Confusion matrix (rows: actual, columns: predicted):
[[  66  266]
 [ 172 2354]]
Epoch 1/50 | train loss: 0.6531 | validation loss: 0.6499 | validation accuracy: 0.7348 | validation AP: 0.2245
Epoch 2/50 | train loss: 0.6095 | validation loss: 0.6621 | validation accuracy: 0.7218 | validation AP: 0.2358
Epoch 3/50 | train loss: 0.5925 | validation loss: 0.6396 | validation accuracy: 0.6512 | validation AP: 0.2212
Epoch 4/50 | train loss: 0.5886 | validation loss: 0.7249 | validation accuracy: 0.7701 | validation AP: 0.249
Epoch 5/50 | train loss: 0.5781 | validation loss: 0.7177 | validation accuracy: 0.7645 | validation AP: 0.2684
Epoch 6/50 | train loss: 0.5687 | validation loss: 0.6329 | validation accuracy: 0.6337 | validation AP: 0.2312
Epoch 7/50 | train loss: 0.559 | validation loss: 0.7283 | validation accuracy: 0.7719 | validation AP: 0.2477
Epoch 8/50 | train loss: 0.5492 | validation loss: 0.7269 | validation accuracy: 0.7194 | validation AP: 0.2225
Epoch 9/50 | train loss: 0.5395 | validation loss: 0.7574 | validation accuracy: 0.7281 | validation AP: 0.236
Stopping at epoch 9: validation AP has not improved for 4 epochs.
Best epoch: 5 | validation AP: 0.2684 | epochs run: 9

Validation classification report:
              precision    recall  f1-score   support

  disengaged     0.2444    0.4910    0.3263       332
     engaged     0.9229    0.8005    0.8573      2526

    accuracy                         0.7645      2858
   macro avg     0.5836    0.6457    0.5918      2858
weighted avg     0.8440    0.7645    0.7956      2858

Confusion matrix (rows: actual, columns: predicted):
[[ 163  169]
 [ 504 2022]]
Epoch 1/50 | train loss: 0.6469 | validation loss: 0.652 | validation accuracy: 0.7008 | validation AP: 0.2363
Epoch 2/50 | train loss: 0.6023 | validation loss: 0.6514 | validation accuracy: 0.712 | validation AP: 0.2342
Epoch 3/50 | train loss: 0.5915 | validation loss: 0.678 | validation accuracy: 0.7313 | validation AP: 0.2473
Epoch 4/50 | train loss: 0.5816 | validation loss: 0.6751 | validation accuracy: 0.6491 | validation AP: 0.2271
Epoch 5/50 | train loss: 0.5745 | validation loss: 0.6954 | validation accuracy: 0.6966 | validation AP: 0.2185
Epoch 6/50 | train loss: 0.5728 | validation loss: 0.7177 | validation accuracy: 0.711 | validation AP: 0.2247
Epoch 7/50 | train loss: 0.5607 | validation loss: 0.6987 | validation accuracy: 0.7159 | validation AP: 0.2266
Stopping at epoch 7: validation AP has not improved for 4 epochs.
Best epoch: 3 | validation AP: 0.2473 | epochs run: 7

Validation classification report:
              precision    recall  f1-score   support

  disengaged     0.2062    0.4608    0.2849       332
     engaged     0.9154    0.7668    0.8346      2526

    accuracy                         0.7313      2858
   macro avg     0.5608    0.6138    0.5597      2858
weighted avg     0.8330    0.7313    0.7707      2858

Confusion matrix (rows: actual, columns: predicted):
[[ 153  179]
 [ 589 1937]]
Epoch 1/50 | train loss: 0.6544 | validation loss: 0.7215 | validation accuracy: 0.8432 | validation AP: 0.242
Epoch 2/50 | train loss: 0.6133 | validation loss: 0.6691 | validation accuracy: 0.7505 | validation AP: 0.2426
Epoch 3/50 | train loss: 0.5928 | validation loss: 0.6553 | validation accuracy: 0.6686 | validation AP: 0.2148
Epoch 4/50 | train loss: 0.586 | validation loss: 0.6828 | validation accuracy: 0.7365 | validation AP: 0.2211
Epoch 5/50 | train loss: 0.5762 | validation loss: 0.6325 | validation accuracy: 0.6547 | validation AP: 0.2226
Epoch 6/50 | train loss: 0.5652 | validation loss: 0.7307 | validation accuracy: 0.7351 | validation AP: 0.2275
Stopping at epoch 6: validation AP has not improved for 4 epochs.
Best epoch: 2 | validation AP: 0.2426 | epochs run: 6

Validation classification report:
              precision    recall  f1-score   support

  disengaged     0.2336    0.5030    0.3190       332
     engaged     0.9230    0.7831    0.8473      2526

    accuracy                         0.7505      2858
   macro avg     0.5783    0.6430    0.5831      2858
weighted avg     0.8429    0.7505    0.7859      2858

Confusion matrix (rows: actual, columns: predicted):
[[ 167  165]
 [ 548 1978]]
Epoch 1/50 | train loss: 0.5462 | validation loss: 0.5811 | validation accuracy: 0.8719 | validation AP: 0.2112
Epoch 2/50 | train loss: 0.4978 | validation loss: 0.6082 | validation accuracy: 0.8663 | validation AP: 0.1892
Epoch 3/50 | train loss: 0.4862 | validation loss: 0.6209 | validation accuracy: 0.8614 | validation AP: 0.2012
Epoch 4/50 | train loss: 0.4896 | validation loss: 0.6008 | validation accuracy: 0.8565 | validation AP: 0.2208
Epoch 5/50 | train loss: 0.4791 | validation loss: 0.5866 | validation accuracy: 0.8558 | validation AP: 0.242
Epoch 6/50 | train loss: 0.4747 | validation loss: 0.5715 | validation accuracy: 0.8492 | validation AP: 0.238
Epoch 7/50 | train loss: 0.4724 | validation loss: 0.6004 | validation accuracy: 0.8251 | validation AP: 0.195
Epoch 8/50 | train loss: 0.4568 | validation loss: 0.6044 | validation accuracy: 0.8415 | validation AP: 0.212
Epoch 9/50 | train loss: 0.4596 | validation loss: 0.5989 | validation accuracy: 0.8149 | validation AP: 0.222
Stopping at epoch 9: validation AP has not improved for 4 epochs.
Best epoch: 5 | validation AP: 0.242 | epochs run: 9

Validation classification report:
              precision    recall  f1-score   support

  disengaged     0.3058    0.1898    0.2342       332
     engaged     0.8986    0.9434    0.9204      2526

    accuracy                         0.8558      2858
   macro avg     0.6022    0.5666    0.5773      2858
weighted avg     0.8297    0.8558    0.8407      2858

Confusion matrix (rows: actual, columns: predicted):
[[  63  269]
 [ 143 2383]]
Epoch 1/50 | train loss: 0.537 | validation loss: 0.6166 | validation accuracy: 0.8775 | validation AP: 0.182
Epoch 2/50 | train loss: 0.5059 | validation loss: 0.5927 | validation accuracy: 0.8705 | validation AP: 0.1953
Epoch 3/50 | train loss: 0.4903 | validation loss: 0.5862 | validation accuracy: 0.8789 | validation AP: 0.2337
Epoch 4/50 | train loss: 0.4883 | validation loss: 0.5785 | validation accuracy: 0.8142 | validation AP: 0.2226
Epoch 5/50 | train loss: 0.4786 | validation loss: 0.6055 | validation accuracy: 0.8334 | validation AP: 0.199
Epoch 6/50 | train loss: 0.4654 | validation loss: 0.6077 | validation accuracy: 0.8593 | validation AP: 0.241
Epoch 7/50 | train loss: 0.4667 | validation loss: 0.6014 | validation accuracy: 0.8411 | validation AP: 0.2287
Epoch 8/50 | train loss: 0.4597 | validation loss: 0.6154 | validation accuracy: 0.8495 | validation AP: 0.2311
Epoch 9/50 | train loss: 0.4622 | validation loss: 0.6393 | validation accuracy: 0.853 | validation AP: 0.2083
Epoch 10/50 | train loss: 0.4456 | validation loss: 0.5915 | validation accuracy: 0.8376 | validation AP: 0.2425
Epoch 11/50 | train loss: 0.456 | validation loss: 0.6031 | validation accuracy: 0.859 | validation AP: 0.2378
Epoch 12/50 | train loss: 0.4503 | validation loss: 0.6226 | validation accuracy: 0.8376 | validation AP: 0.2065
Epoch 13/50 | train loss: 0.4416 | validation loss: 0.6172 | validation accuracy: 0.8275 | validation AP: 0.2114[I 2026-10-09 05:47:17,979] Trial 19 finished with value: 0.2595227534341007 and parameters: {'hidden_size': 65, 'num_layers': 1, 'dropout': 0.25, 'learning_rate': 0.00020500285007990745, 'batch_size': 8}. Best is trial 1 with value: 0.2821888205782807.

Epoch 14/50 | train loss: 0.4327 | validation loss: 0.6184 | validation accuracy: 0.8181 | validation AP: 0.2103
Stopping at epoch 14: validation AP has not improved for 4 epochs.
Best epoch: 10 | validation AP: 0.2425 | epochs run: 14

Validation classification report:
              precision    recall  f1-score   support

  disengaged     0.2626    0.2199    0.2393       332
     engaged     0.8996    0.9188    0.9091      2526

    accuracy                         0.8376      2858
   macro avg     0.5811    0.5694    0.5742      2858
weighted avg     0.8256    0.8376    0.8313      2858

Confusion matrix (rows: actual, columns: predicted):
[[  73  259]
 [ 205 2321]]
Epoch 1/50 | train loss: 0.5444 | validation loss: 0.6152 | validation accuracy: 0.8747 | validation AP: 0.1929
Epoch 2/50 | train loss: 0.5053 | validation loss: 0.6189 | validation accuracy: 0.8628 | validation AP: 0.1886
Epoch 3/50 | train loss: 0.4962 | validation loss: 0.595 | validation accuracy: 0.8331 | validation AP: 0.1814
Epoch 4/50 | train loss: 0.4817 | validation loss: 0.6122 | validation accuracy: 0.8495 | validation AP: 0.1885
Epoch 5/50 | train loss: 0.4751 | validation loss: 0.5899 | validation accuracy: 0.8506 | validation AP: 0.2101
Epoch 6/50 | train loss: 0.4788 | validation loss: 0.5903 | validation accuracy: 0.8488 | validation AP: 0.2158
Epoch 7/50 | train loss: 0.472 | validation loss: 0.5984 | validation accuracy: 0.8537 | validation AP: 0.2268
Epoch 8/50 | train loss: 0.4676 | validation loss: 0.5821 | validation accuracy: 0.8338 | validation AP: 0.2185
Epoch 9/50 | train loss: 0.4657 | validation loss: 0.5921 | validation accuracy: 0.8534 | validation AP: 0.2309
Epoch 10/50 | train loss: 0.4592 | validation loss: 0.6194 | validation accuracy: 0.8488 | validation AP: 0.2297
Epoch 11/50 | train loss: 0.4507 | validation loss: 0.6302 | validation accuracy: 0.8691 | validation AP: 0.2383
Epoch 12/50 | train loss: 0.4536 | validation loss: 0.6015 | validation accuracy: 0.8282 | validation AP: 0.2273
Epoch 13/50 | train loss: 0.4497 | validation loss: 0.6217 | validation accuracy: 0.8576 | validation AP: 0.2288
Epoch 14/50 | train loss: 0.4398 | validation loss: 0.6181 | validation accuracy: 0.8296 | validation AP: 0.2317
Epoch 15/50 | train loss: 0.4459 | validation loss: 0.6425 | validation accuracy: 0.8432 | validation AP: 0.2138
Stopping at epoch 15: validation AP has not improved for 4 epochs.
Best epoch: 11 | validation AP: 0.2383 | epochs run: 15

Validation classification report:
              precision    recall  f1-score   support

  disengaged     0.3433    0.1386    0.1974       332
     engaged     0.8950    0.9652    0.9288      2526

    accuracy                         0.8691      2858
   macro avg     0.6191    0.5519    0.5631      2858
weighted avg     0.8309    0.8691    0.8438      2858

Confusion matrix (rows: actual, columns: predicted):
[[  46  286]
 [  88 2438]]
Epoch 1/50 | train loss: 0.5249 | validation loss: 0.6 | validation accuracy: 0.8653 | validation AP: 0.1958
Epoch 2/50 | train loss: 0.4961 | validation loss: 0.5832 | validation accuracy: 0.8681 | validation AP: 0.2278
Epoch 3/50 | train loss: 0.4852 | validation loss: 0.585 | validation accuracy: 0.8457 | validation AP: 0.2496
Epoch 4/50 | train loss: 0.488 | validation loss: 0.5702 | validation accuracy: 0.8212 | validation AP: 0.2211
Epoch 5/50 | train loss: 0.4749 | validation loss: 0.6133 | validation accuracy: 0.8481 | validation AP: 0.212
Epoch 6/50 | train loss: 0.4698 | validation loss: 0.5969 | validation accuracy: 0.8338 | validation AP: 0.2194
Epoch 7/50 | train loss: 0.4644 | validation loss: 0.5953 | validation accuracy: 0.8362 | validation AP: 0.2396
Stopping at epoch 7: validation AP has not improved for 4 epochs.
Best epoch: 3 | validation AP: 0.2496 | epochs run: 7

Validation classification report:
              precision    recall  f1-score   support

  disengaged     0.2959    0.2380    0.2638       332
     engaged     0.9024    0.9256    0.9138      2526

    accuracy                         0.8457      2858
   macro avg     0.5991    0.5818    0.5888      2858
weighted avg     0.8319    0.8457    0.8383      2858

Confusion matrix (rows: actual, columns: predicted):
[[  79  253]
 [ 188 2338]]
Epoch 1/50 | train loss: 0.5299 | validation loss: 0.5931 | validation accuracy: 0.8618 | validation AP: 0.2023
Epoch 2/50 | train loss: 0.4973 | validation loss: 0.5926 | validation accuracy: 0.831 | validation AP: 0.2266
Epoch 3/50 | train loss: 0.4905 | validation loss: 0.5906 | validation accuracy: 0.7992 | validation AP: 0.2018
Epoch 4/50 | train loss: 0.4855 | validation loss: 0.576 | validation accuracy: 0.8191 | validation AP: 0.2223
Epoch 5/50 | train loss: 0.4734 | validation loss: 0.5839 | validation accuracy: 0.8597 | validation AP: 0.2484
Epoch 6/50 | train loss: 0.4708 | validation loss: 0.59 | validation accuracy: 0.8397 | validation AP: 0.2223
Epoch 7/50 | train loss: 0.4688 | validation loss: 0.5917 | validation accuracy: 0.8548 | validation AP: 0.2398
Epoch 8/50 | train loss: 0.4589 | validation loss: 0.5988 | validation accuracy: 0.8415 | validation AP: 0.2135
Epoch 9/50 | train loss: 0.4606 | validation loss: 0.6023 | validation accuracy: 0.83 | validation AP: 0.2073
Stopping at epoch 9: validation AP has not improved for 4 epochs.
Best epoch: 5 | validation AP: 0.2484 | epochs run: 9

Validation classification report:
              precision    recall  f1-score   support

  disengaged     0.3333    0.2078    0.2560       332
     engaged     0.9008    0.9454    0.9225      2526

    accuracy                         0.8597      2858
   macro avg     0.6171    0.5766    0.5893      2858
weighted avg     0.8349    0.8597    0.8451      2858

Confusion matrix (rows: actual, columns: predicted):
[[  69  263]
 [ 138 2388]]
Epoch 1/50 | train loss: 0.532 | validation loss: 0.5875 | validation accuracy: 0.8513 | validation AP: 0.1999
Epoch 2/50 | train loss: 0.4931 | validation loss: 0.617 | validation accuracy: 0.8712 | validation AP: 0.2384
Epoch 3/50 | train loss: 0.4886 | validation loss: 0.5829 | validation accuracy: 0.8677 | validation AP: 0.2301
Epoch 4/50 | train loss: 0.4796 | validation loss: 0.5883 | validation accuracy: 0.8747 | validation AP: 0.2357
Epoch 5/50 | train loss: 0.475 | validation loss: 0.6149 | validation accuracy: 0.8453 | validation AP: 0.2023
Epoch 6/50 | train loss: 0.4752 | validation loss: 0.5816 | validation accuracy: 0.8506 | validation AP: 0.2428
Epoch 7/50 | train loss: 0.4607 | validation loss: 0.5908 | validation accuracy: 0.8667 | validation AP: 0.2376
Epoch 8/50 | train loss: 0.4592 | validation loss: 0.5909 | validation accuracy: 0.83 | validation AP: 0.2073
Epoch 9/50 | train loss: 0.4519 | validation loss: 0.6061 | validation accuracy: 0.8488 | validation AP: 0.2291
Epoch 10/50 | train loss: 0.4439 | validation loss: 0.618 | validation accuracy: 0.809 | validation AP: 0.2008
Stopping at epoch 10: validation AP has not improved for 4 epochs.
Best epoch: 6 | validation AP: 0.2428 | epochs run: 10

Validation classification report:
              precision    recall  f1-score   support

  disengaged     0.3029    0.2199    0.2548       332
     engaged     0.9010    0.9335    0.9170      2526

    accuracy                         0.8506      2858
   macro avg     0.6020    0.5767    0.5859      2858
weighted avg     0.8316    0.8506    0.8401      2858

Confusion matrix (rows: actual, columns: predicted):
[[  73  259]
 [ 168 2358]]
Epoch 1/50 | train loss: 0.5399 | validation loss: 0.6055 | validation accuracy: 0.8747 | validation AP: 0.1846
Epoch 2/50 | train loss: 0.5051 | validation loss: 0.573 | validation accuracy: 0.8286 | validation AP: 0.2545
Epoch 3/50 | train loss: 0.4909 | validation loss: 0.5779 | validation accuracy: 0.8502 | validation AP: 0.2297
Epoch 4/50 | train loss: 0.4883 | validation loss: 0.5928 | validation accuracy: 0.8642 | validation AP: 0.2148
Epoch 5/50 | train loss: 0.479 | validation loss: 0.5989 | validation accuracy: 0.8492 | validation AP: 0.2255
Epoch 6/50 | train loss: 0.4739 | validation loss: 0.5975 | validation accuracy: 0.866 | validation AP: 0.2362
Stopping at epoch 6: validation AP has not improved for 4 epochs.
Best epoch: 2 | validation AP: 0.2545 | epochs run: 6

Validation classification report:
              precision    recall  f1-score   support

  disengaged     0.2768    0.2952    0.2857       332
     engaged     0.9065    0.8987    0.9026      2526

    accuracy                         0.8286      2858
   macro avg     0.5917    0.5969    0.5941      2858
weighted avg     0.8334    0.8286    0.8309      2858

Confusion matrix (rows: actual, columns: predicted):
[[  98  234]
 [ 256 2270]]
Epoch 1/50 | train loss: 0.526 | validation loss: 0.5967 | validation accuracy: 0.8328 | validation AP: 0.1818
Epoch 2/50 | train loss: 0.496 | validation loss: 0.6022 | validation accuracy: 0.8667 | validation AP: 0.2286
Epoch 3/50 | train loss: 0.4848 | validation loss: 0.587 | validation accuracy: 0.8076 | validation AP: 0.208
Epoch 4/50 | train loss: 0.4816 | validation loss: 0.5784 | validation accuracy: 0.8188 | validation AP: 0.2287
Epoch 5/50 | train loss: 0.4787 | validation loss: 0.5894 | validation accuracy: 0.8296 | validation AP: 0.206
Epoch 6/50 | train loss: 0.464 | validation loss: 0.5812 | validation accuracy: 0.8481 | validation AP: 0.2226
Epoch 7/50 | train loss: 0.4655 | validation loss: 0.5815 | validation accuracy: 0.8495 | validation AP: 0.2408
Epoch 8/50 | train loss: 0.4609 | validation loss: 0.6013 | validation accuracy: 0.8509 | validation AP: 0.2154
Epoch 9/50 | train loss: 0.4515 | validation loss: 0.6252 | validation accuracy: 0.8359 | validation AP: 0.2023
Epoch 10/50 | train loss: 0.4539 | validation loss: 0.5889 | validation accuracy: 0.8541 | validation AP: 0.2338
Epoch 11/50 | train loss: 0.4457 | validation loss: 0.6228 | validation accuracy: 0.8415 | validation AP: 0.2077
Stopping at epoch 11: validation AP has not improved for 4 epochs.
Best epoch: 7 | validation AP: 0.2408 | epochs run: 11

Validation classification report:
              precision    recall  f1-score   support

  disengaged     0.2870    0.1988    0.2349       332
     engaged     0.8988    0.9351    0.9166      2526

    accuracy                         0.8495      2858
   macro avg     0.5929    0.5669    0.5757      2858
weighted avg     0.8277    0.8495    0.8374      2858

Confusion matrix (rows: actual, columns: predicted):
[[  66  266]
 [ 164 2362]]
Epoch 1/50 | train loss: 0.64 | validation loss: 0.6761 | validation accuracy: 0.8016 | validation AP: 0.2625
Epoch 2/50 | train loss: 0.6035 | validation loss: 0.65 | validation accuracy: 0.6543 | validation AP: 0.2127
Epoch 3/50 | train loss: 0.589 | validation loss: 0.7492 | validation accuracy: 0.7719 | validation AP: 0.2361
Epoch 4/50 | train loss: 0.5816 | validation loss: 0.6539 | validation accuracy: 0.6575 | validation AP: 0.2176
Epoch 5/50 | train loss: 0.5957 | validation loss: 0.6995 | validation accuracy: 0.7505 | validation AP: 0.2303
Stopping at epoch 5: validation AP has not improved for 4 epochs.
Best epoch: 1 | validation AP: 0.2625 | epochs run: 5

Validation classification report:
              precision    recall  f1-score   support

  disengaged     0.2692    0.4127    0.3258       332
     engaged     0.9170    0.8527    0.8837      2526

    accuracy                         0.8016      2858
   macro avg     0.5931    0.6327    0.6047      2858
weighted avg     0.8417    0.8016    0.8189      2858

Confusion matrix (rows: actual, columns: predicted):
[[ 137  195]
 [ 372 2154]]
Epoch 1/50 | train loss: 0.6626 | validation loss: 0.7074 | validation accuracy: 0.6928 | validation AP: 0.1608
Epoch 2/50 | train loss: 0.6549 | validation loss: 0.667 | validation accuracy: 0.4454 | validation AP: 0.1782
Epoch 3/50 | train loss: 0.6419 | validation loss: 0.7746 | validation accuracy: 0.7456 | validation AP: 0.1585
Epoch 4/50 | train loss: 0.6435 | validation loss: 0.7654 | validation accuracy: 0.6753 | validation AP: 0.1349
Epoch 5/50 | train loss: 0.6444 | validation loss: 0.7257 | validation accuracy: 0.6564 | validation AP: 0.1854
Epoch 6/50 | train loss: 0.6302 | validation loss: 0.7492 | validation accuracy: 0.7229 | validation AP: 0.1784
Epoch 7/50 | train loss: 0.6262 | validation loss: 0.73 | validation accuracy: 0.6662 | validation AP: 0.1755
Epoch 8/50 | train loss: 0.6193 | validation loss: 0.7447 | validation accuracy: 0.6519 | validation AP: 0.1601
Epoch 9/50 | train loss: 0.6158 | validation loss: 0.7504 | validation accuracy: 0.684 | validation AP: 0.1837
Stopping at epoch 9: validation AP has not improved for 4 epochs.
Best epoch: 5 | validation AP: 0.1854 | epochs run: 9

Validation classification report:
              precision    recall  f1-score   support

  disengaged     0.1550    0.4398    0.2292       332
     engaged     0.9029    0.6849    0.7789      2526

    accuracy                         0.6564      2858
   macro avg     0.5290    0.5623    0.5041      2858
weighted avg     0.8160    0.6564    0.7151      2858

Confusion matrix (rows: actual, columns: predicted):
[[ 146  186]
 [ 796 1730]]
Epoch 1/50 | train loss: 0.6474 | validation loss: 0.642 | validation accuracy: 0.7197 | validation AP: 0.2289
Epoch 2/50 | train loss: 0.6146 | validation loss: 0.6942 | validation accuracy: 0.7684 | validation AP: 0.2104
Epoch 3/50 | train loss: 0.5971 | validation loss: 0.6639 | validation accuracy: 0.7271 | validation AP: 0.2249
Epoch 4/50 | train loss: 0.5807 | validation loss: 0.7105 | validation accuracy: 0.7467 | validation AP: 0.2231
Epoch 5/50 | train loss: 0.5732 | validation loss: 0.7064 | validation accuracy: 0.7148 | validation AP: 0.1985
Stopping at epoch 5: validation AP has not improved for 4 epochs.
Best epoch: 1 | validation AP: 0.2289 | epochs run: 5

Validation classification report:
              precision    recall  f1-score   support

  disengaged     0.2058    0.4940    0.2905       332
     engaged     0.9185    0.7494    0.8254      2526

    accuracy                         0.7197      2858
   macro avg     0.5621    0.6217    0.5579      2858
weighted avg     0.8357    0.7197    0.7632      2858

Confusion matrix (rows: actual, columns: predicted):
[[ 164  168]
 [ 633 1893]]
Epoch 1/50 | train loss: 0.6553 | validation loss: 0.6931 | validation accuracy: 0.7547 | validation AP: 0.1912
Epoch 2/50 | train loss: 0.6184 | validation loss: 0.6633 | validation accuracy: 0.7463 | validation AP: 0.2474
Epoch 3/50 | train loss: 0.5999 | validation loss: 0.6669 | validation accuracy: 0.7096 | validation AP: 0.2287
Epoch 4/50 | train loss: 0.5824 | validation loss: 0.7056 | validation accuracy: 0.7621 | validation AP: 0.2053
Epoch 5/50 | train loss: 0.583 | validation loss: 0.6929 | validation accuracy: 0.7624 | validation AP: 0.237
Epoch 6/50 | train loss: 0.5714 | validation loss: 0.6727 | validation accuracy: 0.7096 | validation AP: 0.2282
Stopping at epoch 6: validation AP has not improved for 4 epochs.
Best epoch: 2 | validation AP: 0.2474 | epochs run: 6

Validation classification report:
              precision    recall  f1-score   support

  disengaged     0.2205    0.4669    0.2995       332
     engaged     0.9179    0.7831    0.8451      2526

    accuracy                         0.7463      2858
   macro avg     0.5692    0.6250    0.5723      2858
weighted avg     0.8369    0.7463    0.7817      2858

Confusion matrix (rows: actual, columns: predicted):
[[ 155  177]
 [ 548 1978]]
Epoch 1/50 | train loss: 0.6447 | validation loss: 0.645 | validation accuracy: 0.6162 | validation AP: 0.1944
Epoch 2/50 | train loss: 0.6121 | validation loss: 0.6709 | validation accuracy: 0.7554 | validation AP: 0.214
Epoch 3/50 | train loss: 0.5875 | validation loss: 0.7552 | validation accuracy: 0.7768 | validation AP: 0.2103
Epoch 4/50 | train loss: 0.5803 | validation loss: 0.6998 | validation accuracy: 0.7243 | validation AP: 0.218
Epoch 5/50 | train loss: 0.5796 | validation loss: 0.7173 | validation accuracy: 0.6973 | validation AP: 0.1885
Epoch 6/50 | train loss: 0.5673 | validation loss: 0.6836 | validation accuracy: 0.6522 | validation AP: 0.1983
Epoch 7/50 | train loss: 0.5671 | validation loss: 0.6933 | validation accuracy: 0.6938 | validation AP: 0.23
Epoch 8/50 | train loss: 0.5592 | validation loss: 0.7793 | validation accuracy: 0.754 | validation AP: 0.2161
Epoch 9/50 | train loss: 0.5348 | validation loss: 0.8388 | validation accuracy: 0.7642 | validation AP: 0.2133
Epoch 10/50 | train loss: 0.5412 | validation loss: 0.7254 | validation accuracy: 0.747 | validation AP: 0.2361
Epoch 11/50 | train loss: 0.5475 | validation loss: 0.7946 | validation accuracy: 0.747 | validation AP: 0.2117
Epoch 12/50 | train loss: 0.5192 | validation loss: 0.8616 | validation accuracy: 0.7621 | validation AP: 0.2098
Epoch 13/50 | train loss: 0.5198 | validation loss: 0.8223 | validation accuracy: 0.7509 | validation AP: 0.1889
Epoch 14/50 | train loss: 0.5088 | validation loss: 0.8006 | validation accuracy: 0.7211 | validation AP: 0.2112
Stopping at epoch 14: validation AP has not improved for 4 epochs.
Best epoch: 10 | validation AP: 0.2361 | epochs run: 14

Validation classification report:
              precision    recall  f1-score   support

  disengaged     0.2086    0.4217    0.2792       332
     engaged     0.9122    0.7898    0.8466      2526

    accuracy                         0.7470      2858
   macro avg     0.5604    0.6057    0.5629      2858
weighted avg     0.8305    0.7470    0.7807      2858

Confusion matrix (rows: actual, columns: predicted):
[[ 140  192]
 [ 531 1995]]

 lstm_uni_attention | 10fps/5s (confirmed on seeds [52, 53, 54, 55, 56])
  0.2688 +/- 0.0011  (99555,) params  hidden_size=136, num_layers=1, dropout=0.25, learning_rate=0.0003823475224675188, batch_size=8
  0.2543 +/- 0.0152  (28143,) params  hidden_size=70, num_layers=1, dropout=0.0, learning_rate=0.0069782812651260325, batch_size=64
  Selected: hidden_size=136, num_layers=1, dropout=0.25, learning_rate=0.0003823475224675188, batch_size=8  (AP 0.2688, 99,555 parameters)

Add these settings to src/attention_lapse_detection/utils/hyperparameters.py:
    ("gru", 10, 5): Hyperparameters(hidden_size=128, num_layers=2, dropout=0.25, learning_rate=0.00140811, batch_size=8),  # clip-level val AP 0.2516
    ("lstm", 10, 5): Hyperparameters(hidden_size=136, num_layers=1, dropout=0.25, learning_rate=0.000382348, batch_size=8),  # clip-level val AP 0.2236
    ("gru_uni_attention", 10, 5): Hyperparameters(hidden_size=66, num_layers=2, dropout=0.25, learning_rate=0.00104026, batch_size=8),  # clip-level val AP 0.2793
    ("lstm_uni_attention", 10, 5): Hyperparameters(hidden_size=136, num_layers=1, dropout=0.25, learning_rate=0.000382348, batch_size=8),  # clip-level val AP 0.2688
