[I 2026-10-09 00:39:09,237] A new study created in memory with name: gru|10fps/10s
[I 2026-10-09 00:39:54,807] Trial 0 finished with value: 0.24803004677891716 and parameters: {'hidden_size': 47, 'num_layers': 3, 'dropout': 0.0, 'learning_rate': 0.005399484409787433, 'batch_size': 64}. Best is trial 0 with value: 0.24803004677891716.
4 studies to run (0 already in tuning/results/shard_10_10s.csv), 70 training runs each, 280 total.
Using device: cuda
Class weights: [10.84615421295166, 0.524163544178009]
Epoch 1/50 | train loss: 0.6898 | validation loss: 0.6831 | validation accuracy: 0.5801 | validation AP: 0.1663
Epoch 2/50 | train loss: 0.6702 | validation loss: 0.6875 | validation accuracy: 0.7677 | validation AP: 0.2034
Epoch 3/50 | train loss: 0.6548 | validation loss: 0.7193 | validation accuracy: 0.7698 | validation AP: 0.1999
Epoch 4/50 | train loss: 0.6535 | validation loss: 0.6778 | validation accuracy: 0.7943 | validation AP: 0.2321
Epoch 5/50 | train loss: 0.6541 | validation loss: 0.671 | validation accuracy: 0.6676 | validation AP: 0.1947
Epoch 6/50 | train loss: 0.6237 | validation loss: 0.8133 | validation accuracy: 0.8523 | validation AP: 0.2655
Epoch 7/50 | train loss: 0.6484 | validation loss: 0.7344 | validation accuracy: 0.7516 | validation AP: 0.1795
Epoch 8/50 | train loss: 0.6406 | validation loss: 0.8666 | validation accuracy: 0.7187 | validation AP: 0.1642
Epoch 9/50 | train loss: 0.641 | validation loss: 0.6786 | validation accuracy: 0.5192 | validation AP: 0.1984
Epoch 10/50 | train loss: 0.6227 | validation loss: 0.6095 | validation accuracy: 0.5234 | validation AP: 0.222
Stopping at epoch 10: validation AP has not improved for 4 epochs.
Best epoch: 6 | validation AP: 0.2655 | epochs run: 10

Validation classification report:
              precision    recall  f1-score   support

  disengaged     0.2897    0.1867    0.2271       166
     engaged     0.8979    0.9398    0.9184      1263

    accuracy                         0.8523      1429
   macro avg     0.5938    0.5633    0.5727      1429
weighted avg     0.8272    0.8523    0.8381      1429

Confusion matrix (rows: actual, columns: predicted):
[[  31  135]
 [  76 1187]]
Epoch 1/50 | train loss: 0.6903 | validation loss: 0.7041 | validation accuracy: 0.6151 | validation AP: 0.153
Epoch 2/50 | train loss: 0.677 | validation loss: 0.6973 | validation accuracy: 0.7005 | validation AP: 0.1602
Epoch 3/50 | train loss: 0.6655 | validation loss: 0.7151 | validation accuracy: 0.7453 | validation AP: 0.1503
Epoch 4/50 | train loss: 0.6513 | validation loss: 0.7034 | validation accuracy: 0.6494 | validation AP: 0.1441
Epoch 5/50 | train loss: 0.6444 | validation loss: 0.6755 | validation accuracy: 0.6746 | validation AP: 0.193
Epoch 6/50 | train loss: 0.6383 | validation loss: 0.7247 | validation accuracy: 0.6816 | validation AP: 0.1627
Epoch 7/50 | train loss: 0.6193 | validation loss: 0.7415 | validation accuracy: 0.7873 | validation AP: 0.1793
Epoch 8/50 | train loss: 0.6086 | validation loss: 0.6578 | validation accuracy: 0.6627 | validation AP: 0.2257
Epoch 9/50 | train loss: 0.6067 | validation loss: 0.7367 | validation accuracy: 0.6781 | validation AP: 0.1982
Epoch 10/50 | train loss: 0.6035 | validation loss: 0.6782 | validation accuracy: 0.6046 | validation AP: 0.2083
Epoch 11/50 | train loss: 0.5819 | validation loss: 0.705 | validation accuracy: 0.7313 | validation AP: 0.2346
Epoch 12/50 | train loss: 0.5959 | validation loss: 0.7146 | validation accuracy: 0.5829 | validation AP: 0.1725
Epoch 13/50 | train loss: 0.5626 | validation loss: 0.7337 | validation accuracy: 0.7292 | validation AP: 0.2049
Epoch 14/50 | train loss: 0.5627 | validation loss: 0.7321 | validation accuracy: 0.7278 | validation AP: 0.1808
Epoch 15/50 | train loss: 0.5481 | validation loss: 0.7421 | validation accuracy: 0.7103 | validation AP: 0.2155
Stopping at epoch 15: validation AP has not improved for 4 epochs.
Best epoch: 11 | validation AP: 0.2346 | epochs run: 15

Validation classification report:
              precision    recall  f1-score   support

  disengaged     0.2261    0.5422    0.3191       166
     engaged     0.9263    0.7561    0.8326      1263

    accuracy                         0.7313      1429
   macro avg     0.5762    0.6492    0.5759      1429
weighted avg     0.8450    0.7313    0.7730      1429

Confusion matrix (rows: actual, columns: predicted):
[[ 90  76]
 [308 955]]
Epoch 1/50 | train loss: 0.6929 | validation loss: 0.7269 | validation accuracy: 0.8118 | validation AP: 0.1601
Epoch 2/50 | train loss: 0.674 | validation loss: 0.6523 | validation accuracy: 0.55 | validation AP: 0.1711
Epoch 3/50 | train loss: 0.6673 | validation loss: 0.7688 | validation accuracy: 0.7817 | validation AP: 0.1732
Epoch 4/50 | train loss: 0.6628 | validation loss: 0.7069 | validation accuracy: 0.7691 | validation AP: 0.1726
Epoch 5/50 | train loss: 0.6578 | validation loss: 0.6268 | validation accuracy: 0.3905 | validation AP: 0.1774
Epoch 6/50 | train loss: 0.6318 | validation loss: 0.6294 | validation accuracy: 0.6683 | validation AP: 0.2146
Epoch 7/50 | train loss: 0.6124 | validation loss: 0.6361 | validation accuracy: 0.6704 | validation AP: 0.204
Epoch 8/50 | train loss: 0.6042 | validation loss: 0.6587 | validation accuracy: 0.7152 | validation AP: 0.2104
Epoch 9/50 | train loss: 0.5867 | validation loss: 0.7079 | validation accuracy: 0.7607 | validation AP: 0.2276
Epoch 10/50 | train loss: 0.5892 | validation loss: 0.6575 | validation accuracy: 0.8195 | validation AP: 0.244
Epoch 11/50 | train loss: 0.5875 | validation loss: 0.6906 | validation accuracy: 0.7831 | validation AP: 0.2358
Epoch 12/50 | train loss: 0.5595 | validation loss: 0.7737 | validation accuracy: 0.7929 | validation AP: 0.2036
Epoch 13/50 | train loss: 0.5386 | validation loss: 0.8532 | validation accuracy: 0.7915 | validation AP: 0.205
Epoch 14/50 | train loss: 0.5251 | validation loss: 0.705 | validation accuracy: 0.7061 | validation AP: 0.2087
Stopping at epoch 14: validation AP has not improved for 4 epochs.
Best epoch: 10 | validation AP: 0.244 | epochs run: 14

Validation classification report:
              precision    recall  f1-score   support

  disengaged     0.2788    0.3494    0.3102       166
     engaged     0.9115    0.8812    0.8961      1263

    accuracy                         0.8195      1429
   macro avg     0.5952    0.6153    0.6031      1429
weighted avg     0.8381    0.8195    0.8281      1429

Confusion matrix (rows: actual, columns: predicted):
[[  58  108]
 [ 150 1113]]
Epoch 1/50 | train loss: 0.5602 | validation loss: 0.7442 | validation accuracy: 0.8586 | validation AP: 0.1548
Epoch 2/50 | train loss: 0.5287 | validation loss: 0.7321 | validation accuracy: 0.8726 | validation AP: 0.1815
Epoch 3/50 | train loss: 0.5292 | validation loss: 0.7494 | validation accuracy: 0.8775 | validation AP: 0.1899
Epoch 4/50 | train loss: 0.5263 | validation loss: 0.6795 | validation accuracy: 0.8474 | validation AP: 0.2147
Epoch 5/50 | train loss: 0.5135 | validation loss: 0.7282 | validation accuracy: 0.8453 | validation AP: 0.1497
Epoch 6/50 | train loss: 0.5118 | validation loss: 0.7393 | validation accuracy: 0.8628 | validation AP: 0.1906
Epoch 7/50 | train loss: 0.5141 | validation loss: 0.7235 | validation accuracy: 0.8404 | validation AP: 0.1654
Epoch 8/50 | train loss: 0.5036 | validation loss: 0.8243 | validation accuracy: 0.8761 | validation AP: 0.1771
Stopping at epoch 8: validation AP has not improved for 4 epochs.
Best epoch: 4 | validation AP: 0.2147 | epochs run: 8

Validation classification report:
              precision    recall  f1-score   support

  disengaged     0.2593    0.1687    0.2044       166
     engaged     0.8955    0.9367    0.9156      1263

    accuracy                         0.8474      1429
   macro avg     0.5774    0.5527    0.5600      1429
weighted avg     0.8216    0.8474    0.8330      1429

Confusion matrix (rows: actual, columns: predicted):
[[  28  138]
 [  80 1183]]
Epoch 1/50 | train loss: 0.5591 | validation loss: 0.7391 | validation accuracy: 0.8593 | validation AP: 0.1417
Epoch 2/50 | train loss: 0.5368 | validation loss: 0.7331 | validation accuracy: 0.867 | validation AP: 0.1564
Epoch 3/50 | train loss: 0.5305 | validation loss: 0.7059 | validation accuracy: 0.8348 | validation AP: 0.1516
Epoch 4/50 | train loss: 0.5224 | validation loss: 0.7562 | validation accuracy: 0.8355 | validation AP: 0.1447
Epoch 5/50 | train loss: 0.5181 | validation loss: 0.7008 | validation accuracy: 0.867 | validation AP: 0.1933[I 2026-10-09 00:44:35,709] Trial 1 finished with value: 0.20214474525994583 and parameters: {'hidden_size': 136, 'num_layers': 1, 'dropout': 0.25, 'learning_rate': 0.0003823475224675188, 'batch_size': 8}. Best is trial 0 with value: 0.24803004677891716.
[I 2026-10-09 00:45:10,109] Trial 2 finished with value: 0.1826648027853416 and parameters: {'hidden_size': 56, 'num_layers': 3, 'dropout': 0.5, 'learning_rate': 0.00021930485556643703, 'batch_size': 32}. Best is trial 0 with value: 0.24803004677891716.

Epoch 6/50 | train loss: 0.513 | validation loss: 0.7307 | validation accuracy: 0.8425 | validation AP: 0.1611
Epoch 7/50 | train loss: 0.5116 | validation loss: 0.7287 | validation accuracy: 0.8621 | validation AP: 0.1811
Epoch 8/50 | train loss: 0.5051 | validation loss: 0.7372 | validation accuracy: 0.8719 | validation AP: 0.1858
Epoch 9/50 | train loss: 0.5003 | validation loss: 0.7473 | validation accuracy: 0.8244 | validation AP: 0.1579
Stopping at epoch 9: validation AP has not improved for 4 epochs.
Best epoch: 5 | validation AP: 0.1933 | epochs run: 9

Validation classification report:
              precision    recall  f1-score   support

  disengaged     0.2273    0.0602    0.0952       166
     engaged     0.8874    0.9731    0.9282      1263

    accuracy                         0.8670      1429
   macro avg     0.5573    0.5167    0.5117      1429
weighted avg     0.8107    0.8670    0.8315      1429

Confusion matrix (rows: actual, columns: predicted):
[[  10  156]
 [  34 1229]]
Epoch 1/50 | train loss: 0.5505 | validation loss: 0.7013 | validation accuracy: 0.8586 | validation AP: 0.1568
Epoch 2/50 | train loss: 0.5381 | validation loss: 0.677 | validation accuracy: 0.83 | validation AP: 0.1771
Epoch 3/50 | train loss: 0.5278 | validation loss: 0.7455 | validation accuracy: 0.8523 | validation AP: 0.1572
Epoch 4/50 | train loss: 0.5242 | validation loss: 0.701 | validation accuracy: 0.867 | validation AP: 0.1714
Epoch 5/50 | train loss: 0.505 | validation loss: 0.6792 | validation accuracy: 0.853 | validation AP: 0.1984
Epoch 6/50 | train loss: 0.5073 | validation loss: 0.7447 | validation accuracy: 0.8293 | validation AP: 0.157
Epoch 7/50 | train loss: 0.5157 | validation loss: 0.7233 | validation accuracy: 0.8502 | validation AP: 0.1656
Epoch 8/50 | train loss: 0.4999 | validation loss: 0.7235 | validation accuracy: 0.86 | validation AP: 0.1823
Epoch 9/50 | train loss: 0.4974 | validation loss: 0.7861 | validation accuracy: 0.8516 | validation AP: 0.1675
Stopping at epoch 9: validation AP has not improved for 4 epochs.
Best epoch: 5 | validation AP: 0.1984 | epochs run: 9

Validation classification report:
              precision    recall  f1-score   support

  disengaged     0.1944    0.0843    0.1176       166
     engaged     0.8880    0.9541    0.9198      1263

    accuracy                         0.8530      1429
   macro avg     0.5412    0.5192    0.5187      1429
weighted avg     0.8074    0.8530    0.8267      1429

Confusion matrix (rows: actual, columns: predicted):
[[  14  152]
 [  58 1205]]
Epoch 1/50 | train loss: 0.6896 | validation loss: 0.7149 | validation accuracy: 0.8565 | validation AP: 0.1775
Epoch 2/50 | train loss: 0.6665 | validation loss: 0.7065 | validation accuracy: 0.7789 | validation AP: 0.1685
Epoch 3/50 | train loss: 0.6579 | validation loss: 0.7078 | validation accuracy: 0.7397 | validation AP: 0.1651
Epoch 4/50 | train loss: 0.6519 | validation loss: 0.7223 | validation accuracy: 0.7852 | validation AP: 0.1782
Epoch 5/50 | train loss: 0.6457 | validation loss: 0.7472 | validation accuracy: 0.7509 | validation AP: 0.1554
Epoch 6/50 | train loss: 0.6488 | validation loss: 0.7201 | validation accuracy: 0.7572 | validation AP: 0.1697
Epoch 7/50 | train loss: 0.6484 | validation loss: 0.714 | validation accuracy: 0.732 | validation AP: 0.1657
Epoch 8/50 | train loss: 0.6388 | validation loss: 0.7409 | validation accuracy: 0.7873 | validation AP: 0.187
Epoch 9/50 | train loss: 0.6307 | validation loss: 0.7363 | validation accuracy: 0.7425 | validation AP: 0.1672
Epoch 10/50 | train loss: 0.6459 | validation loss: 0.6963 | validation accuracy: 0.7187 | validation AP: 0.1782
Epoch 11/50 | train loss: 0.6332 | validation loss: 0.7489 | validation accuracy: 0.7621 | validation AP: 0.1682
Epoch 12/50 | train loss: 0.6324 | validation loss: 0.7527 | validation accuracy: 0.7537 | validation AP: 0.1677
Stopping at epoch 12: validation AP has not improved for 4 epochs.
Best epoch: 8 | validation AP: 0.187 | epochs run: 12

Validation classification report:
              precision    recall  f1-score   support

  disengaged     0.2262    0.3434    0.2727       166
     engaged     0.9074    0.8456    0.8754      1263

    accuracy                         0.7873      1429
   macro avg     0.5668    0.5945    0.5741      1429
weighted avg     0.8283    0.7873    0.8054      1429

Confusion matrix (rows: actual, columns: predicted):
[[  57  109]
 [ 195 1068]]
Epoch 1/50 | train loss: 0.6892 | validation loss: 0.7144 | validation accuracy: 0.8516 | validation AP: 0.1808
Epoch 2/50 | train loss: 0.6706 | validation loss: 0.7147 | validation accuracy: 0.8244 | validation AP: 0.1724
Epoch 3/50 | train loss: 0.6622 | validation loss: 0.7189 | validation accuracy: 0.7915 | validation AP: 0.1571
Epoch 4/50 | train loss: 0.6572 | validation loss: 0.731 | validation accuracy: 0.7397 | validation AP: 0.1486
Epoch 5/50 | train loss: 0.6542 | validation loss: 0.7109 | validation accuracy: 0.739 | validation AP: 0.1637
Stopping at epoch 5: validation AP has not improved for 4 epochs.
Best epoch: 1 | validation AP: 0.1808 | epochs run: 5

Validation classification report:
              precision    recall  f1-score   support

  disengaged     0.1892    0.0843    0.1167       166
     engaged     0.8878    0.9525    0.9190      1263

    accuracy                         0.8516      1429
   macro avg     0.5385    0.5184    0.5178      1429
weighted avg     0.8067    0.8516    0.8258      1429

Confusion matrix (rows: actual, columns: predicted):
[[  14  152]
 [  60 1203]]
Epoch 1/50 | train loss: 0.6872 | validation loss: 0.7281 | validation accuracy: 0.8831 | validation AP: 0.1803
Epoch 2/50 | train loss: 0.6722 | validation loss: 0.7187 | validation accuracy: 0.8146 | validation AP: 0.1618
Epoch 3/50 | train loss: 0.6582 | validation loss: 0.7211 | validation accuracy: 0.7866 | validation AP: 0.1702
Epoch 4/50 | train loss: 0.6538 | validation loss: 0.7248 | validation accuracy: 0.7831 | validation AP: 0.1615
Epoch 5/50 | train loss: 0.6593 | validation loss: 0.7129 | validation accuracy: 0.7705 | validation AP: 0.1779
Stopping at epoch 5: validation AP has not improved for 4 epochs.
Best epoch: 1 | validation AP: 0.1803 | epochs run: 5

Validation classification report:
              precision    recall  f1-score   support

  disengaged     0.4000    0.0120    0.0234       166
     engaged     0.8848    0.9976    0.9378      1263

    accuracy                         0.8831      1429
   macro avg     0.6424    0.5048    0.4806      1429
weighted avg     0.8285    0.8831    0.8316      1429

Confusion matrix (rows: actual, columns: predicted):
[[   2  164]
 [   3 1260]]
Epoch 1/50 | train loss: 0.6518 | validation loss: 0.7554 | validation accuracy: 0.7705 | validation AP: 0.143
Epoch 2/50 | train loss: 0.609 | validation loss: 0.8135 | validation accuracy: 0.8796 | validation AP: 0.2378
Epoch 3/50 | train loss: 0.6008 | validation loss: 0.7765 | validation accuracy: 0.8265 | validation AP: 0.1849
Epoch 4/50 | train loss: 0.6271 | validation loss: 0.7246 | validation accuracy: 0.7033 | validation AP: 0.1668
Epoch 5/50 | train loss: 0.566 | validation loss: 0.6858 | validation accuracy: 0.7831 | validation AP: 0.1931
Epoch 6/50 | train loss: 0.5443 | validation loss: 0.9516 | validation accuracy: 0.8768 | validation AP: 0.2372
Stopping at epoch 6: validation AP has not improved for 4 epochs.
Best epoch: 2 | validation AP: 0.2378 | epochs run: 6

Validation classification report:
              precision    recall  f1-score   support

  disengaged     0.4167    0.0904    0.1485       166
     engaged     0.8916    0.9834    0.9352      1263

    accuracy                         0.8796      1429
   macro avg     0.6541    0.5369    0.5419      1429
weighted avg     0.8364    0.8796    0.8439      1429

Confusion matrix (rows: actual, columns: predicted):
[[  15  151]
 [  21 1242]]
Epoch 1/50 | train loss: 0.659 | validation loss: 0.75 | validation accuracy: 0.8369 | validation AP: 0.1489
Epoch 2/50 | train loss: 0.6276 | validation loss: 0.7589 | validation accuracy: 0.7929 | validation AP: 0.1423
Epoch 3/50 | train loss: 0.6222 | validation loss: 0.6873 | validation accuracy: 0.6879 | validation AP: 0.166[I 2026-10-09 00:46:15,555] Trial 3 finished with value: 0.24704459664752396 and parameters: {'hidden_size': 40, 'num_layers': 1, 'dropout': 0.0, 'learning_rate': 0.006586289317583112, 'batch_size': 16}. Best is trial 0 with value: 0.24803004677891716.
[I 2026-10-09 00:46:34,589] Trial 4 finished with value: 0.22350292653340542 and parameters: {'hidden_size': 70, 'num_layers': 1, 'dropout': 0.0, 'learning_rate': 0.0069782812651260325, 'batch_size': 64}. Best is trial 0 with value: 0.24803004677891716.

Epoch 4/50 | train loss: 0.5971 | validation loss: 0.7451 | validation accuracy: 0.7768 | validation AP: 0.1636
Epoch 5/50 | train loss: 0.5846 | validation loss: 0.6359 | validation accuracy: 0.7908 | validation AP: 0.2828
Epoch 6/50 | train loss: 0.5592 | validation loss: 0.6661 | validation accuracy: 0.7593 | validation AP: 0.2417
Epoch 7/50 | train loss: 0.5486 | validation loss: 0.6707 | validation accuracy: 0.7782 | validation AP: 0.2464
Epoch 8/50 | train loss: 0.5152 | validation loss: 0.6854 | validation accuracy: 0.7796 | validation AP: 0.2316
Epoch 9/50 | train loss: 0.5012 | validation loss: 0.8282 | validation accuracy: 0.8048 | validation AP: 0.2327
Stopping at epoch 9: validation AP has not improved for 4 epochs.
Best epoch: 5 | validation AP: 0.2828 | epochs run: 9

Validation classification report:
              precision    recall  f1-score   support

  disengaged     0.2599    0.4337    0.3251       166
     engaged     0.9184    0.8377    0.8762      1263

    accuracy                         0.7908      1429
   macro avg     0.5892    0.6357    0.6006      1429
weighted avg     0.8419    0.7908    0.8122      1429

Confusion matrix (rows: actual, columns: predicted):
[[  72   94]
 [ 205 1058]]
Epoch 1/50 | train loss: 0.645 | validation loss: 0.7326 | validation accuracy: 0.7278 | validation AP: 0.1565
Epoch 2/50 | train loss: 0.6165 | validation loss: 0.6678 | validation accuracy: 0.7019 | validation AP: 0.2205
Epoch 3/50 | train loss: 0.5914 | validation loss: 0.7324 | validation accuracy: 0.8376 | validation AP: 0.1892
Epoch 4/50 | train loss: 0.5843 | validation loss: 0.7124 | validation accuracy: 0.7558 | validation AP: 0.1711
Epoch 5/50 | train loss: 0.5553 | validation loss: 0.7039 | validation accuracy: 0.7768 | validation AP: 0.2035
Epoch 6/50 | train loss: 0.5345 | validation loss: 0.7309 | validation accuracy: 0.7481 | validation AP: 0.183
Stopping at epoch 6: validation AP has not improved for 4 epochs.
Best epoch: 2 | validation AP: 0.2205 | epochs run: 6

Validation classification report:
              precision    recall  f1-score   support

  disengaged     0.2018    0.5301    0.2924       166
     engaged     0.9215    0.7245    0.8112      1263

    accuracy                         0.7019      1429
   macro avg     0.5616    0.6273    0.5518      1429
weighted avg     0.8379    0.7019    0.7509      1429

Confusion matrix (rows: actual, columns: predicted):
[[ 88  78]
 [348 915]]
Epoch 1/50 | train loss: 0.686 | validation loss: 0.6911 | validation accuracy: 0.5738 | validation AP: 0.155
Epoch 2/50 | train loss: 0.6749 | validation loss: 0.6989 | validation accuracy: 0.7166 | validation AP: 0.1901
Epoch 3/50 | train loss: 0.6589 | validation loss: 0.7212 | validation accuracy: 0.7523 | validation AP: 0.1769
Epoch 4/50 | train loss: 0.6517 | validation loss: 0.6553 | validation accuracy: 0.387 | validation AP: 0.1857
Epoch 5/50 | train loss: 0.6876 | validation loss: 0.6233 | validation accuracy: 0.4703 | validation AP: 0.1858
Epoch 6/50 | train loss: 0.6749 | validation loss: 0.9214 | validation accuracy: 0.8663 | validation AP: 0.2064
Epoch 7/50 | train loss: 0.659 | validation loss: 0.6022 | validation accuracy: 0.4703 | validation AP: 0.2366
Epoch 8/50 | train loss: 0.61 | validation loss: 0.7327 | validation accuracy: 0.7929 | validation AP: 0.2344
Epoch 9/50 | train loss: 0.5792 | validation loss: 0.6643 | validation accuracy: 0.571 | validation AP: 0.1992
Epoch 10/50 | train loss: 0.5793 | validation loss: 0.6391 | validation accuracy: 0.5269 | validation AP: 0.1776
Epoch 11/50 | train loss: 0.5962 | validation loss: 0.701 | validation accuracy: 0.6942 | validation AP: 0.2085
Stopping at epoch 11: validation AP has not improved for 4 epochs.
Best epoch: 7 | validation AP: 0.2366 | epochs run: 11

Validation classification report:
              precision    recall  f1-score   support

  disengaged     0.1528    0.7831    0.2557       166
     engaged     0.9377    0.4291    0.5888      1263

    accuracy                         0.4703      1429
   macro avg     0.5452    0.6061    0.4222      1429
weighted avg     0.8465    0.4703    0.5501      1429

Confusion matrix (rows: actual, columns: predicted):
[[130  36]
 [721 542]]
Epoch 1/50 | train loss: 0.6886 | validation loss: 0.7057 | validation accuracy: 0.6263 | validation AP: 0.1511
Epoch 2/50 | train loss: 0.6708 | validation loss: 0.676 | validation accuracy: 0.6564 | validation AP: 0.1733
Epoch 3/50 | train loss: 0.6751 | validation loss: 0.7216 | validation accuracy: 0.6928 | validation AP: 0.1775
Epoch 4/50 | train loss: 0.6638 | validation loss: 0.8399 | validation accuracy: 0.7957 | validation AP: 0.1677
Epoch 5/50 | train loss: 0.6618 | validation loss: 0.7362 | validation accuracy: 0.7166 | validation AP: 0.1919
Epoch 6/50 | train loss: 0.6174 | validation loss: 0.658 | validation accuracy: 0.6844 | validation AP: 0.2042
Epoch 7/50 | train loss: 0.63 | validation loss: 0.6639 | validation accuracy: 0.7586 | validation AP: 0.2378
Epoch 8/50 | train loss: 0.6284 | validation loss: 0.5785 | validation accuracy: 0.5871 | validation AP: 0.2454
Epoch 9/50 | train loss: 0.5887 | validation loss: 0.7052 | validation accuracy: 0.781 | validation AP: 0.2296
Epoch 10/50 | train loss: 0.5656 | validation loss: 0.6817 | validation accuracy: 0.648 | validation AP: 0.2324
Epoch 11/50 | train loss: 0.6205 | validation loss: 0.7199 | validation accuracy: 0.7586 | validation AP: 0.2092
Epoch 12/50 | train loss: 0.6426 | validation loss: 0.6474 | validation accuracy: 0.6501 | validation AP: 0.2165
Stopping at epoch 12: validation AP has not improved for 4 epochs.
Best epoch: 8 | validation AP: 0.2454 | epochs run: 12

Validation classification report:
              precision    recall  f1-score   support

  disengaged     0.1928    0.8012    0.3107       166
     engaged     0.9553    0.5590    0.7053      1263

    accuracy                         0.5871      1429
   macro avg     0.5740    0.6801    0.5080      1429
weighted avg     0.8668    0.5871    0.6595      1429

Confusion matrix (rows: actual, columns: predicted):
[[133  33]
 [557 706]]
Epoch 1/50 | train loss: 0.6902 | validation loss: 0.7221 | validation accuracy: 0.7117 | validation AP: 0.1554
Epoch 2/50 | train loss: 0.6639 | validation loss: 0.6663 | validation accuracy: 0.5451 | validation AP: 0.1885
Epoch 3/50 | train loss: 0.6595 | validation loss: 0.6803 | validation accuracy: 0.6326 | validation AP: 0.1852
Epoch 4/50 | train loss: 0.6554 | validation loss: 0.7088 | validation accuracy: 0.6333 | validation AP: 0.139
Epoch 5/50 | train loss: 0.6502 | validation loss: 0.6638 | validation accuracy: 0.4087 | validation AP: 0.175
Epoch 6/50 | train loss: 0.6478 | validation loss: 0.6559 | validation accuracy: 0.5227 | validation AP: 0.1818
Stopping at epoch 6: validation AP has not improved for 4 epochs.
Best epoch: 2 | validation AP: 0.1885 | epochs run: 6

Validation classification report:
              precision    recall  f1-score   support

  disengaged     0.1493    0.6205    0.2407       166
     engaged     0.9147    0.5352    0.6753      1263

    accuracy                         0.5451      1429
   macro avg     0.5320    0.5779    0.4580      1429
weighted avg     0.8258    0.5451    0.6248      1429

Confusion matrix (rows: actual, columns: predicted):
[[103  63]
 [587 676]]
Epoch 1/50 | train loss: 0.648 | validation loss: 0.7316 | validation accuracy: 0.7866 | validation AP: 0.1515
Epoch 2/50 | train loss: 0.6082 | validation loss: 0.7888 | validation accuracy: 0.8544 | validation AP: 0.2161
Epoch 3/50 | train loss: 0.6031 | validation loss: 0.7897 | validation accuracy: 0.8348 | validation AP: 0.1813
Epoch 4/50 | train loss: 0.6018 | validation loss: 0.7106 | validation accuracy: 0.7677 | validation AP: 0.193
Epoch 5/50 | train loss: 0.5717 | validation loss: 0.7142 | validation accuracy: 0.7684 | validation AP: 0.1718
Epoch 6/50 | train loss: 0.5428 | validation loss: 0.8492 | validation accuracy: 0.8488 | validation AP: 0.1971
Stopping at epoch 6: validation AP has not improved for 4 epochs.
Best epoch: 2 | validation AP: 0.2161 | epochs run: 6

Validation classification report:[I 2026-10-09 00:47:50,656] Trial 5 finished with value: 0.2154040090743472 and parameters: {'hidden_size': 48, 'num_layers': 1, 'dropout': 0.0, 'learning_rate': 0.0040215545266902904, 'batch_size': 16}. Best is trial 0 with value: 0.24803004677891716.

              precision    recall  f1-score   support

  disengaged     0.2717    0.1506    0.1938       166
     engaged     0.8945    0.9470    0.9200      1263

    accuracy                         0.8544      1429
   macro avg     0.5831    0.5488    0.5569      1429
weighted avg     0.8222    0.8544    0.8356      1429

Confusion matrix (rows: actual, columns: predicted):
[[  25  141]
 [  67 1196]]
Epoch 1/50 | train loss: 0.6473 | validation loss: 0.746 | validation accuracy: 0.7999 | validation AP: 0.1422
Epoch 2/50 | train loss: 0.6186 | validation loss: 0.7613 | validation accuracy: 0.8041 | validation AP: 0.1506
Epoch 3/50 | train loss: 0.6173 | validation loss: 0.7158 | validation accuracy: 0.753 | validation AP: 0.1563
Epoch 4/50 | train loss: 0.5972 | validation loss: 0.7458 | validation accuracy: 0.7425 | validation AP: 0.1433
Epoch 5/50 | train loss: 0.5865 | validation loss: 0.6662 | validation accuracy: 0.7957 | validation AP: 0.2178
Epoch 6/50 | train loss: 0.5691 | validation loss: 0.6877 | validation accuracy: 0.7488 | validation AP: 0.2064
Epoch 7/50 | train loss: 0.5702 | validation loss: 0.6388 | validation accuracy: 0.7019 | validation AP: 0.2195
Epoch 8/50 | train loss: 0.5472 | validation loss: 0.6831 | validation accuracy: 0.7593 | validation AP: 0.2296
Epoch 9/50 | train loss: 0.5274 | validation loss: 0.7674 | validation accuracy: 0.7845 | validation AP: 0.1972
Epoch 10/50 | train loss: 0.5171 | validation loss: 0.7255 | validation accuracy: 0.7453 | validation AP: 0.2103
Epoch 11/50 | train loss: 0.508 | validation loss: 0.745 | validation accuracy: 0.7565 | validation AP: 0.1983
Epoch 12/50 | train loss: 0.5153 | validation loss: 0.7197 | validation accuracy: 0.6592 | validation AP: 0.1797
Stopping at epoch 12: validation AP has not improved for 4 epochs.
Best epoch: 8 | validation AP: 0.2296 | epochs run: 12

Validation classification report:
              precision    recall  f1-score   support

  disengaged     0.2367    0.4819    0.3175       166
     engaged     0.9212    0.7957    0.8539      1263

    accuracy                         0.7593      1429
   macro avg     0.5789    0.6388    0.5857      1429
weighted avg     0.8417    0.7593    0.7916      1429

Confusion matrix (rows: actual, columns: predicted):
[[  80   86]
 [ 258 1005]]
Epoch 1/50 | train loss: 0.6425 | validation loss: 0.7451 | validation accuracy: 0.7334 | validation AP: 0.1451
Epoch 2/50 | train loss: 0.6246 | validation loss: 0.6681 | validation accuracy: 0.6823 | validation AP: 0.2005
Epoch 3/50 | train loss: 0.6134 | validation loss: 0.7832 | validation accuracy: 0.802 | validation AP: 0.1323
Epoch 4/50 | train loss: 0.6164 | validation loss: 0.6937 | validation accuracy: 0.6998 | validation AP: 0.1512
Epoch 5/50 | train loss: 0.5798 | validation loss: 0.6817 | validation accuracy: 0.746 | validation AP: 0.2003
Epoch 6/50 | train loss: 0.5656 | validation loss: 0.7115 | validation accuracy: 0.7726 | validation AP: 0.1734
Stopping at epoch 6: validation AP has not improved for 4 epochs.
Best epoch: 2 | validation AP: 0.2005 | epochs run: 6

Validation classification report:
              precision    recall  f1-score   support

  disengaged     0.1828    0.5000    0.2677       166
     engaged     0.9149    0.7063    0.7971      1263

    accuracy                         0.6823      1429
   macro avg     0.5488    0.6031    0.5324      1429
weighted avg     0.8298    0.6823    0.7356      1429

Confusion matrix (rows: actual, columns: predicted):
[[ 83  83]
 [371 892]]
Epoch 1/50 | train loss: 0.583 | validation loss: 0.7491 | validation accuracy: 0.8838 | validation AP: 0.1736
Epoch 2/50 | train loss: 0.5328 | validation loss: 0.7612 | validation accuracy: 0.8838 | validation AP: 0.1694
Epoch 3/50 | train loss: 0.537 | validation loss: 0.7505 | validation accuracy: 0.8838 | validation AP: 0.1636
Epoch 4/50 | train loss: 0.5376 | validation loss: 0.723 | validation accuracy: 0.8698 | validation AP: 0.163
Epoch 5/50 | train loss: 0.5267 | validation loss: 0.7226 | validation accuracy: 0.8628 | validation AP: 0.1561
Stopping at epoch 5: validation AP has not improved for 4 epochs.
Best epoch: 1 | validation AP: 0.1736 | epochs run: 5

Validation classification report:
              precision    recall  f1-score   support

  disengaged     0.0000    0.0000    0.0000       166
     engaged     0.8838    1.0000    0.9383      1263

    accuracy                         0.8838      1429
   macro avg     0.4419    0.5000    0.4692      1429
weighted avg     0.7812    0.8838    0.8293      1429

Confusion matrix (rows: actual, columns: predicted):
[[   0  166]
 [   0 1263]]
Epoch 1/50 | train loss: 0.6104 | validation loss: 0.7658 | validation accuracy: 0.8838 | validation AP: 0.1264
Epoch 2/50 | train loss: 0.5383 | validation loss: 0.7546 | validation accuracy: 0.8824 | validation AP: 0.1438
Epoch 3/50 | train loss: 0.5345 | validation loss: 0.7207 | validation accuracy: 0.8705 | validation AP: 0.1487
Epoch 4/50 | train loss: 0.525 | validation loss: 0.7363 | validation accuracy: 0.86 | validation AP: 0.1534
Epoch 5/50 | train loss: 0.5262 | validation loss: 0.7183 | validation accuracy: 0.8572 | validation AP: 0.1646
Epoch 6/50 | train loss: 0.5158 | validation loss: 0.7121 | validation accuracy: 0.8488 | validation AP: 0.1669
Epoch 7/50 | train loss: 0.521 | validation loss: 0.7211 | validation accuracy: 0.8523 | validation AP: 0.1724
Epoch 8/50 | train loss: 0.507 | validation loss: 0.7258 | validation accuracy: 0.8523 | validation AP: 0.1731
Epoch 9/50 | train loss: 0.5075 | validation loss: 0.7045 | validation accuracy: 0.8467 | validation AP: 0.1754
Epoch 10/50 | train loss: 0.5159 | validation loss: 0.6852 | validation accuracy: 0.8293 | validation AP: 0.1756
Epoch 11/50 | train loss: 0.511 | validation loss: 0.7045 | validation accuracy: 0.8397 | validation AP: 0.1782
Epoch 12/50 | train loss: 0.5058 | validation loss: 0.6793 | validation accuracy: 0.8167 | validation AP: 0.1777
Epoch 13/50 | train loss: 0.5014 | validation loss: 0.7352 | validation accuracy: 0.839 | validation AP: 0.1782
Epoch 14/50 | train loss: 0.5113 | validation loss: 0.7137 | validation accuracy: 0.8488 | validation AP: 0.1923
Epoch 15/50 | train loss: 0.4993 | validation loss: 0.7199 | validation accuracy: 0.83 | validation AP: 0.186
Epoch 16/50 | train loss: 0.4845 | validation loss: 0.7064 | validation accuracy: 0.823 | validation AP: 0.1921
Epoch 17/50 | train loss: 0.4905 | validation loss: 0.7087 | validation accuracy: 0.8293 | validation AP: 0.1972
Epoch 18/50 | train loss: 0.4987 | validation loss: 0.7166 | validation accuracy: 0.8453 | validation AP: 0.214
Epoch 19/50 | train loss: 0.4919 | validation loss: 0.6777 | validation accuracy: 0.8167 | validation AP: 0.2006
Epoch 20/50 | train loss: 0.4804 | validation loss: 0.6851 | validation accuracy: 0.823 | validation AP: 0.2132
Epoch 21/50 | train loss: 0.4822 | validation loss: 0.7093 | validation accuracy: 0.8258 | validation AP: 0.1982
Epoch 22/50 | train loss: 0.4817 | validation loss: 0.7243 | validation accuracy: 0.8558 | validation AP: 0.2366
Epoch 23/50 | train loss: 0.4673 | validation loss: 0.6818 | validation accuracy: 0.823 | validation AP: 0.2113
Epoch 24/50 | train loss: 0.472 | validation loss: 0.6592 | validation accuracy: 0.8097 | validation AP: 0.2173
Epoch 25/50 | train loss: 0.4693 | validation loss: 0.7126 | validation accuracy: 0.8404 | validation AP: 0.2221
Epoch 26/50 | train loss: 0.4638 | validation loss: 0.6172 | validation accuracy: 0.7887 | validation AP: 0.2221
Stopping at epoch 26: validation AP has not improved for 4 epochs.
Best epoch: 22 | validation AP: 0.2366 | epochs run: 26

Validation classification report:
              precision    recall  f1-score   support

  disengaged     0.3000    0.1807    0.2256       166
     engaged     0.8977    0.9446    0.9205      1263

    accuracy                         0.8558      1429
   macro avg     0.5988    0.5626    0.5730      1429
weighted avg     0.8282    0.8558    0.8398      1429

Confusion matrix (rows: actual, columns: predicted):
[[  30  136]
 [  70 1193]]
Epoch 1/50 | train loss: 0.5652 | validation loss: 0.7325 | validation accuracy: 0.8838 | validation AP: 0.1846[I 2026-10-09 00:51:06,577] Trial 6 finished with value: 0.19824088265886172 and parameters: {'hidden_size': 20, 'num_layers': 3, 'dropout': 0.1, 'learning_rate': 0.0001705053926026929, 'batch_size': 8}. Best is trial 0 with value: 0.24803004677891716.
[I 2026-10-09 00:51:37,869] Trial 7 finished with value: 0.21614664806500797 and parameters: {'hidden_size': 40, 'num_layers': 1, 'dropout': 0.1, 'learning_rate': 0.0026698666742744613, 'batch_size': 32}. Best is trial 0 with value: 0.24803004677891716.

Epoch 2/50 | train loss: 0.5432 | validation loss: 0.7133 | validation accuracy: 0.8803 | validation AP: 0.1621
Epoch 3/50 | train loss: 0.5362 | validation loss: 0.7346 | validation accuracy: 0.8705 | validation AP: 0.1657
Epoch 4/50 | train loss: 0.5323 | validation loss: 0.7178 | validation accuracy: 0.8677 | validation AP: 0.1648
Epoch 5/50 | train loss: 0.519 | validation loss: 0.7117 | validation accuracy: 0.86 | validation AP: 0.1667
Stopping at epoch 5: validation AP has not improved for 4 epochs.
Best epoch: 1 | validation AP: 0.1846 | epochs run: 5

Validation classification report:
              precision    recall  f1-score   support

  disengaged     0.0000    0.0000    0.0000       166
     engaged     0.8838    1.0000    0.9383      1263

    accuracy                         0.8838      1429
   macro avg     0.4419    0.5000    0.4692      1429
weighted avg     0.7812    0.8838    0.8293      1429

Confusion matrix (rows: actual, columns: predicted):
[[   0  166]
 [   0 1263]]
Epoch 1/50 | train loss: 0.6742 | validation loss: 0.7043 | validation accuracy: 0.6851 | validation AP: 0.1567
Epoch 2/50 | train loss: 0.6622 | validation loss: 0.7108 | validation accuracy: 0.7614 | validation AP: 0.1679
Epoch 3/50 | train loss: 0.6444 | validation loss: 0.718 | validation accuracy: 0.753 | validation AP: 0.1837
Epoch 4/50 | train loss: 0.6393 | validation loss: 0.7002 | validation accuracy: 0.7229 | validation AP: 0.1991
Epoch 5/50 | train loss: 0.6251 | validation loss: 0.6992 | validation accuracy: 0.6459 | validation AP: 0.1629
Epoch 6/50 | train loss: 0.6034 | validation loss: 0.8085 | validation accuracy: 0.8495 | validation AP: 0.213
Epoch 7/50 | train loss: 0.5931 | validation loss: 0.7265 | validation accuracy: 0.7698 | validation AP: 0.2087
Epoch 8/50 | train loss: 0.5696 | validation loss: 0.7284 | validation accuracy: 0.7572 | validation AP: 0.2148
Epoch 9/50 | train loss: 0.5556 | validation loss: 0.7601 | validation accuracy: 0.7453 | validation AP: 0.1972
Epoch 10/50 | train loss: 0.549 | validation loss: 0.6846 | validation accuracy: 0.6893 | validation AP: 0.192
Epoch 11/50 | train loss: 0.5276 | validation loss: 0.8172 | validation accuracy: 0.7873 | validation AP: 0.2128
Epoch 12/50 | train loss: 0.5127 | validation loss: 0.7979 | validation accuracy: 0.7446 | validation AP: 0.1903
Stopping at epoch 12: validation AP has not improved for 4 epochs.
Best epoch: 8 | validation AP: 0.2148 | epochs run: 12

Validation classification report:
              precision    recall  f1-score   support

  disengaged     0.2266    0.4518    0.3018       166
     engaged     0.9171    0.7973    0.8530      1263

    accuracy                         0.7572      1429
   macro avg     0.5719    0.6246    0.5774      1429
weighted avg     0.8369    0.7572    0.7890      1429

Confusion matrix (rows: actual, columns: predicted):
[[  75   91]
 [ 256 1007]]
Epoch 1/50 | train loss: 0.6778 | validation loss: 0.7053 | validation accuracy: 0.7131 | validation AP: 0.163
Epoch 2/50 | train loss: 0.6597 | validation loss: 0.6794 | validation accuracy: 0.6781 | validation AP: 0.1775
Epoch 3/50 | train loss: 0.6464 | validation loss: 0.7243 | validation accuracy: 0.7257 | validation AP: 0.1494
Epoch 4/50 | train loss: 0.6336 | validation loss: 0.7411 | validation accuracy: 0.7187 | validation AP: 0.1549
Epoch 5/50 | train loss: 0.6273 | validation loss: 0.706 | validation accuracy: 0.7761 | validation AP: 0.2194
Epoch 6/50 | train loss: 0.6171 | validation loss: 0.7215 | validation accuracy: 0.7313 | validation AP: 0.1712
Epoch 7/50 | train loss: 0.5994 | validation loss: 0.7459 | validation accuracy: 0.788 | validation AP: 0.2101
Epoch 8/50 | train loss: 0.5905 | validation loss: 0.7564 | validation accuracy: 0.7901 | validation AP: 0.2232
Epoch 9/50 | train loss: 0.5723 | validation loss: 0.7067 | validation accuracy: 0.7117 | validation AP: 0.1837
Epoch 10/50 | train loss: 0.5641 | validation loss: 0.7137 | validation accuracy: 0.7516 | validation AP: 0.2248
Epoch 11/50 | train loss: 0.5466 | validation loss: 0.6881 | validation accuracy: 0.7369 | validation AP: 0.2182
Epoch 12/50 | train loss: 0.5456 | validation loss: 0.648 | validation accuracy: 0.6648 | validation AP: 0.2175
Epoch 13/50 | train loss: 0.5245 | validation loss: 0.7965 | validation accuracy: 0.7488 | validation AP: 0.1995
Epoch 14/50 | train loss: 0.5157 | validation loss: 0.7564 | validation accuracy: 0.7222 | validation AP: 0.2062
Stopping at epoch 14: validation AP has not improved for 4 epochs.
Best epoch: 10 | validation AP: 0.2248 | epochs run: 14

Validation classification report:
              precision    recall  f1-score   support

  disengaged     0.2245    0.4639    0.3026       166
     engaged     0.9180    0.7894    0.8489      1263

    accuracy                         0.7516      1429
   macro avg     0.5713    0.6266    0.5757      1429
weighted avg     0.8375    0.7516    0.7854      1429

Confusion matrix (rows: actual, columns: predicted):
[[ 77  89]
 [266 997]]
Epoch 1/50 | train loss: 0.6778 | validation loss: 0.7329 | validation accuracy: 0.7831 | validation AP: 0.1541
Epoch 2/50 | train loss: 0.6502 | validation loss: 0.6911 | validation accuracy: 0.6641 | validation AP: 0.1794
Epoch 3/50 | train loss: 0.64 | validation loss: 0.7394 | validation accuracy: 0.7908 | validation AP: 0.2015
Epoch 4/50 | train loss: 0.6257 | validation loss: 0.745 | validation accuracy: 0.7894 | validation AP: 0.1575
Epoch 5/50 | train loss: 0.6266 | validation loss: 0.6783 | validation accuracy: 0.7082 | validation AP: 0.2089
Epoch 6/50 | train loss: 0.6182 | validation loss: 0.6914 | validation accuracy: 0.6823 | validation AP: 0.1834
Epoch 7/50 | train loss: 0.605 | validation loss: 0.7307 | validation accuracy: 0.7334 | validation AP: 0.1892
Epoch 8/50 | train loss: 0.5786 | validation loss: 0.7137 | validation accuracy: 0.7145 | validation AP: 0.1874
Epoch 9/50 | train loss: 0.5839 | validation loss: 0.7933 | validation accuracy: 0.7957 | validation AP: 0.1993
Stopping at epoch 9: validation AP has not improved for 4 epochs.
Best epoch: 5 | validation AP: 0.2089 | epochs run: 9

Validation classification report:
              precision    recall  f1-score   support

  disengaged     0.2019    0.5120    0.2896       166
     engaged     0.9196    0.7340    0.8164      1263

    accuracy                         0.7082      1429
   macro avg     0.5608    0.6230    0.5530      1429
weighted avg     0.8363    0.7082    0.7552      1429

Confusion matrix (rows: actual, columns: predicted):
[[ 85  81]
 [336 927]]
Epoch 1/50 | train loss: 0.5587 | validation loss: 0.7616 | validation accuracy: 0.8614 | validation AP: 0.1571
Epoch 2/50 | train loss: 0.5253 | validation loss: 0.7544 | validation accuracy: 0.8817 | validation AP: 0.2027
Epoch 3/50 | train loss: 0.5249 | validation loss: 0.7507 | validation accuracy: 0.867 | validation AP: 0.2082
Epoch 4/50 | train loss: 0.5259 | validation loss: 0.6655 | validation accuracy: 0.8279 | validation AP: 0.2124
Epoch 5/50 | train loss: 0.5153 | validation loss: 0.7168 | validation accuracy: 0.8314 | validation AP: 0.1506
Epoch 6/50 | train loss: 0.5031 | validation loss: 0.7596 | validation accuracy: 0.8775 | validation AP: 0.2417
Epoch 7/50 | train loss: 0.4922 | validation loss: 0.6702 | validation accuracy: 0.8006 | validation AP: 0.1953
Epoch 8/50 | train loss: 0.4769 | validation loss: 0.8064 | validation accuracy: 0.874 | validation AP: 0.2071
Epoch 9/50 | train loss: 0.4684 | validation loss: 0.7037 | validation accuracy: 0.8537 | validation AP: 0.1966
Epoch 10/50 | train loss: 0.4568 | validation loss: 0.7023 | validation accuracy: 0.8425 | validation AP: 0.2238
Stopping at epoch 10: validation AP has not improved for 4 epochs.
Best epoch: 6 | validation AP: 0.2417 | epochs run: 10

Validation classification report:
              precision    recall  f1-score   support

  disengaged     0.3333    0.0542    0.0933       166
     engaged     0.8880    0.9857    0.9343      1263

    accuracy                         0.8775      1429
   macro avg     0.6107    0.5200    0.5138      1429
weighted avg     0.8236    0.8775    0.8366      1429
[I 2026-10-09 00:53:35,998] Trial 8 finished with value: 0.2316621480332811 and parameters: {'hidden_size': 66, 'num_layers': 2, 'dropout': 0.25, 'learning_rate': 0.0010402587615883842, 'batch_size': 8}. Best is trial 0 with value: 0.24803004677891716.
[I 2026-10-09 00:54:04,738] Trial 9 finished with value: 0.23127249189392618 and parameters: {'hidden_size': 33, 'num_layers': 1, 'dropout': 0.1, 'learning_rate': 0.005532496914298506, 'batch_size': 32}. Best is trial 0 with value: 0.24803004677891716.

Confusion matrix (rows: actual, columns: predicted):
[[   9  157]
 [  18 1245]]
Epoch 1/50 | train loss: 0.5612 | validation loss: 0.7691 | validation accuracy: 0.8579 | validation AP: 0.1331
Epoch 2/50 | train loss: 0.5408 | validation loss: 0.7898 | validation accuracy: 0.8544 | validation AP: 0.1475
Epoch 3/50 | train loss: 0.5323 | validation loss: 0.7074 | validation accuracy: 0.8209 | validation AP: 0.1482
Epoch 4/50 | train loss: 0.5137 | validation loss: 0.7798 | validation accuracy: 0.853 | validation AP: 0.1507
Epoch 5/50 | train loss: 0.5046 | validation loss: 0.6994 | validation accuracy: 0.8705 | validation AP: 0.2492
Epoch 6/50 | train loss: 0.4975 | validation loss: 0.6861 | validation accuracy: 0.7831 | validation AP: 0.1668
Epoch 7/50 | train loss: 0.4893 | validation loss: 0.674 | validation accuracy: 0.8642 | validation AP: 0.2291
Epoch 8/50 | train loss: 0.4733 | validation loss: 0.7103 | validation accuracy: 0.8509 | validation AP: 0.2068
Epoch 9/50 | train loss: 0.4645 | validation loss: 0.738 | validation accuracy: 0.8293 | validation AP: 0.1819
Stopping at epoch 9: validation AP has not improved for 4 epochs.
Best epoch: 5 | validation AP: 0.2492 | epochs run: 9

Validation classification report:
              precision    recall  f1-score   support

  disengaged     0.3333    0.1145    0.1704       166
     engaged     0.8929    0.9699    0.9298      1263

    accuracy                         0.8705      1429
   macro avg     0.6131    0.5422    0.5501      1429
weighted avg     0.8279    0.8705    0.8416      1429

Confusion matrix (rows: actual, columns: predicted):
[[  19  147]
 [  38 1225]]
Epoch 1/50 | train loss: 0.5487 | validation loss: 0.691 | validation accuracy: 0.8041 | validation AP: 0.1581
Epoch 2/50 | train loss: 0.5452 | validation loss: 0.6767 | validation accuracy: 0.8376 | validation AP: 0.2041
Epoch 3/50 | train loss: 0.5339 | validation loss: 0.7384 | validation accuracy: 0.8362 | validation AP: 0.1593
Epoch 4/50 | train loss: 0.5301 | validation loss: 0.6902 | validation accuracy: 0.8635 | validation AP: 0.173
Epoch 5/50 | train loss: 0.4987 | validation loss: 0.6756 | validation accuracy: 0.8307 | validation AP: 0.1999
Epoch 6/50 | train loss: 0.4979 | validation loss: 0.7159 | validation accuracy: 0.839 | validation AP: 0.1771
Stopping at epoch 6: validation AP has not improved for 4 epochs.
Best epoch: 2 | validation AP: 0.2041 | epochs run: 6

Validation classification report:
              precision    recall  f1-score   support

  disengaged     0.2770    0.2470    0.2611       166
     engaged     0.9024    0.9153    0.9088      1263

    accuracy                         0.8376      1429
   macro avg     0.5897    0.5811    0.5850      1429
weighted avg     0.8298    0.8376    0.8336      1429

Confusion matrix (rows: actual, columns: predicted):
[[  41  125]
 [ 107 1156]]
Epoch 1/50 | train loss: 0.6767 | validation loss: 0.7041 | validation accuracy: 0.6592 | validation AP: 0.1561
Epoch 2/50 | train loss: 0.6655 | validation loss: 0.7191 | validation accuracy: 0.7901 | validation AP: 0.191
Epoch 3/50 | train loss: 0.6484 | validation loss: 0.747 | validation accuracy: 0.7628 | validation AP: 0.1748
Epoch 4/50 | train loss: 0.6448 | validation loss: 0.7062 | validation accuracy: 0.718 | validation AP: 0.1786
Epoch 5/50 | train loss: 0.6163 | validation loss: 0.7201 | validation accuracy: 0.7061 | validation AP: 0.1609
Epoch 6/50 | train loss: 0.5982 | validation loss: 0.8381 | validation accuracy: 0.8551 | validation AP: 0.2066
Epoch 7/50 | train loss: 0.5775 | validation loss: 0.7679 | validation accuracy: 0.7523 | validation AP: 0.1829
Epoch 8/50 | train loss: 0.5748 | validation loss: 0.7566 | validation accuracy: 0.8076 | validation AP: 0.2169
Epoch 9/50 | train loss: 0.5594 | validation loss: 0.7093 | validation accuracy: 0.6907 | validation AP: 0.1961
Epoch 10/50 | train loss: 0.5541 | validation loss: 0.7201 | validation accuracy: 0.6802 | validation AP: 0.1755
Epoch 11/50 | train loss: 0.5306 | validation loss: 0.7633 | validation accuracy: 0.7355 | validation AP: 0.1984
Epoch 12/50 | train loss: 0.5269 | validation loss: 0.7635 | validation accuracy: 0.7306 | validation AP: 0.1936
Stopping at epoch 12: validation AP has not improved for 4 epochs.
Best epoch: 8 | validation AP: 0.2169 | epochs run: 12

Validation classification report:
              precision    recall  f1-score   support

  disengaged     0.2441    0.3133    0.2744       166
     engaged     0.9062    0.8725    0.8891      1263

    accuracy                         0.8076      1429
   macro avg     0.5752    0.5929    0.5817      1429
weighted avg     0.8293    0.8076    0.8177      1429

Confusion matrix (rows: actual, columns: predicted):
[[  52  114]
 [ 161 1102]]
Epoch 1/50 | train loss: 0.6762 | validation loss: 0.7156 | validation accuracy: 0.7082 | validation AP: 0.1642
Epoch 2/50 | train loss: 0.6621 | validation loss: 0.6983 | validation accuracy: 0.697 | validation AP: 0.1727
Epoch 3/50 | train loss: 0.6524 | validation loss: 0.7401 | validation accuracy: 0.7411 | validation AP: 0.1343
Epoch 4/50 | train loss: 0.6318 | validation loss: 0.7695 | validation accuracy: 0.7278 | validation AP: 0.1518
Epoch 5/50 | train loss: 0.6177 | validation loss: 0.6628 | validation accuracy: 0.7586 | validation AP: 0.2512
Epoch 6/50 | train loss: 0.592 | validation loss: 0.6601 | validation accuracy: 0.7236 | validation AP: 0.1989
Epoch 7/50 | train loss: 0.5761 | validation loss: 0.7539 | validation accuracy: 0.8062 | validation AP: 0.2195
Epoch 8/50 | train loss: 0.5547 | validation loss: 0.688 | validation accuracy: 0.7509 | validation AP: 0.2468
Epoch 9/50 | train loss: 0.541 | validation loss: 0.793 | validation accuracy: 0.7572 | validation AP: 0.2183
Stopping at epoch 9: validation AP has not improved for 4 epochs.
Best epoch: 5 | validation AP: 0.2512 | epochs run: 9

Validation classification report:
              precision    recall  f1-score   support

  disengaged     0.2328    0.4699    0.3114       166
     engaged     0.9196    0.7965    0.8536      1263

    accuracy                         0.7586      1429
   macro avg     0.5762    0.6332    0.5825      1429
weighted avg     0.8398    0.7586    0.7906      1429

Confusion matrix (rows: actual, columns: predicted):
[[  78   88]
 [ 257 1006]]
Epoch 1/50 | train loss: 0.6789 | validation loss: 0.7442 | validation accuracy: 0.7369 | validation AP: 0.1429
Epoch 2/50 | train loss: 0.6546 | validation loss: 0.7003 | validation accuracy: 0.6613 | validation AP: 0.1801
Epoch 3/50 | train loss: 0.6454 | validation loss: 0.7412 | validation accuracy: 0.7894 | validation AP: 0.1734
Epoch 4/50 | train loss: 0.6217 | validation loss: 0.7239 | validation accuracy: 0.6998 | validation AP: 0.142
Epoch 5/50 | train loss: 0.6189 | validation loss: 0.6543 | validation accuracy: 0.6858 | validation AP: 0.2257
Epoch 6/50 | train loss: 0.5889 | validation loss: 0.6615 | validation accuracy: 0.6382 | validation AP: 0.1907
Epoch 7/50 | train loss: 0.5653 | validation loss: 0.7257 | validation accuracy: 0.7397 | validation AP: 0.2214
Epoch 8/50 | train loss: 0.5506 | validation loss: 0.7421 | validation accuracy: 0.7523 | validation AP: 0.2042
Epoch 9/50 | train loss: 0.5293 | validation loss: 0.7778 | validation accuracy: 0.7684 | validation AP: 0.2115
Stopping at epoch 9: validation AP has not improved for 4 epochs.
Best epoch: 5 | validation AP: 0.2257 | epochs run: 9

Validation classification report:
              precision    recall  f1-score   support

  disengaged     0.1944    0.5422    0.2862       166
     engaged     0.9213    0.7047    0.7986      1263

    accuracy                         0.6858      1429
   macro avg     0.5579    0.6234    0.5424      1429
weighted avg     0.8369    0.6858    0.7390      1429

Confusion matrix (rows: actual, columns: predicted):
[[ 90  76]
 [373 890]]
Epoch 1/50 | train loss: 0.682 | validation loss: 0.6914 | validation accuracy: 0.5906 | validation AP: 0.1579
Epoch 2/50 | train loss: 0.6729 | validation loss: 0.6925 | validation accuracy: 0.6172 | validation AP: 0.1503
Epoch 3/50 | train loss: 0.6554 | validation loss: 0.6917 | validation accuracy: 0.7271 | validation AP: 0.1769[I 2026-10-09 00:54:29,037] Trial 10 finished with value: 0.22169063161863092 and parameters: {'hidden_size': 128, 'num_layers': 3, 'dropout': 0.0, 'learning_rate': 0.0007257517601450171, 'batch_size': 64}. Best is trial 0 with value: 0.24803004677891716.

Epoch 4/50 | train loss: 0.6519 | validation loss: 0.6825 | validation accuracy: 0.718 | validation AP: 0.1936
Epoch 5/50 | train loss: 0.6487 | validation loss: 0.7179 | validation accuracy: 0.6963 | validation AP: 0.1522
Epoch 6/50 | train loss: 0.6456 | validation loss: 0.6839 | validation accuracy: 0.6858 | validation AP: 0.1697
Epoch 7/50 | train loss: 0.6439 | validation loss: 0.689 | validation accuracy: 0.69 | validation AP: 0.1704
Epoch 8/50 | train loss: 0.6273 | validation loss: 0.7373 | validation accuracy: 0.8293 | validation AP: 0.1969
Epoch 9/50 | train loss: 0.6217 | validation loss: 0.6864 | validation accuracy: 0.6928 | validation AP: 0.2001
Epoch 10/50 | train loss: 0.6143 | validation loss: 0.663 | validation accuracy: 0.6305 | validation AP: 0.1795
Epoch 11/50 | train loss: 0.6096 | validation loss: 0.7328 | validation accuracy: 0.7257 | validation AP: 0.1825
Epoch 12/50 | train loss: 0.6079 | validation loss: 0.7219 | validation accuracy: 0.7187 | validation AP: 0.175
Epoch 13/50 | train loss: 0.5917 | validation loss: 0.6842 | validation accuracy: 0.7201 | validation AP: 0.2387
Epoch 14/50 | train loss: 0.5878 | validation loss: 0.6771 | validation accuracy: 0.6788 | validation AP: 0.2137
Epoch 15/50 | train loss: 0.572 | validation loss: 0.7612 | validation accuracy: 0.6606 | validation AP: 0.1842
Epoch 16/50 | train loss: 0.5701 | validation loss: 0.7177 | validation accuracy: 0.7229 | validation AP: 0.2184
Epoch 17/50 | train loss: 0.5616 | validation loss: 0.7472 | validation accuracy: 0.6921 | validation AP: 0.1871
Stopping at epoch 17: validation AP has not improved for 4 epochs.
Best epoch: 13 | validation AP: 0.2387 | epochs run: 17

Validation classification report:
              precision    recall  f1-score   support

  disengaged     0.2188    0.5482    0.3127       166
     engaged     0.9260    0.7427    0.8243      1263

    accuracy                         0.7201      1429
   macro avg     0.5724    0.6454    0.5685      1429
weighted avg     0.8438    0.7201    0.7648      1429

Confusion matrix (rows: actual, columns: predicted):
[[ 91  75]
 [325 938]]
Epoch 1/50 | train loss: 0.683 | validation loss: 0.714 | validation accuracy: 0.6417 | validation AP: 0.1532
Epoch 2/50 | train loss: 0.6743 | validation loss: 0.666 | validation accuracy: 0.6634 | validation AP: 0.1631
Epoch 3/50 | train loss: 0.6591 | validation loss: 0.6975 | validation accuracy: 0.6781 | validation AP: 0.1506
Epoch 4/50 | train loss: 0.6531 | validation loss: 0.7124 | validation accuracy: 0.6683 | validation AP: 0.1502
Epoch 5/50 | train loss: 0.6471 | validation loss: 0.6728 | validation accuracy: 0.6865 | validation AP: 0.1804
Epoch 6/50 | train loss: 0.641 | validation loss: 0.7157 | validation accuracy: 0.7509 | validation AP: 0.1668
Epoch 7/50 | train loss: 0.6382 | validation loss: 0.7084 | validation accuracy: 0.7348 | validation AP: 0.1835
Epoch 8/50 | train loss: 0.636 | validation loss: 0.6805 | validation accuracy: 0.7166 | validation AP: 0.2181
Epoch 9/50 | train loss: 0.6336 | validation loss: 0.6608 | validation accuracy: 0.648 | validation AP: 0.1823
Epoch 10/50 | train loss: 0.611 | validation loss: 0.6605 | validation accuracy: 0.6032 | validation AP: 0.1784
Epoch 11/50 | train loss: 0.607 | validation loss: 0.6927 | validation accuracy: 0.7565 | validation AP: 0.2169
Epoch 12/50 | train loss: 0.5965 | validation loss: 0.6812 | validation accuracy: 0.6487 | validation AP: 0.1717
Stopping at epoch 12: validation AP has not improved for 4 epochs.
Best epoch: 8 | validation AP: 0.2181 | epochs run: 12

Validation classification report:
              precision    recall  f1-score   support

  disengaged     0.2064    0.5060    0.2932       166
     engaged     0.9198    0.7443    0.8228      1263

    accuracy                         0.7166      1429
   macro avg     0.5631    0.6251    0.5580      1429
weighted avg     0.8369    0.7166    0.7612      1429

Confusion matrix (rows: actual, columns: predicted):
[[ 84  82]
 [323 940]]
Epoch 1/50 | train loss: 0.6832 | validation loss: 0.7436 | validation accuracy: 0.7327 | validation AP: 0.1526
Epoch 2/50 | train loss: 0.6642 | validation loss: 0.6486 | validation accuracy: 0.5542 | validation AP: 0.1745
Epoch 3/50 | train loss: 0.6593 | validation loss: 0.6965 | validation accuracy: 0.7306 | validation AP: 0.1754
Epoch 4/50 | train loss: 0.6562 | validation loss: 0.7078 | validation accuracy: 0.7362 | validation AP: 0.1568
Epoch 5/50 | train loss: 0.6493 | validation loss: 0.6445 | validation accuracy: 0.6606 | validation AP: 0.2082
Epoch 6/50 | train loss: 0.6396 | validation loss: 0.682 | validation accuracy: 0.6053 | validation AP: 0.1619
Epoch 7/50 | train loss: 0.6363 | validation loss: 0.6871 | validation accuracy: 0.6977 | validation AP: 0.1899
Epoch 8/50 | train loss: 0.6269 | validation loss: 0.6627 | validation accuracy: 0.641 | validation AP: 0.1842
Epoch 9/50 | train loss: 0.6265 | validation loss: 0.7912 | validation accuracy: 0.7607 | validation AP: 0.1842
Stopping at epoch 9: validation AP has not improved for 4 epochs.
Best epoch: 5 | validation AP: 0.2082 | epochs run: 9

Validation classification report:
              precision    recall  f1-score   support

  disengaged     0.1903    0.5904    0.2878       166
     engaged     0.9256    0.6698    0.7772      1263

    accuracy                         0.6606      1429
   macro avg     0.5579    0.6301    0.5325      1429
weighted avg     0.8402    0.6606    0.7204      1429

Confusion matrix (rows: actual, columns: predicted):
[[ 98  68]
 [417 846]]
Epoch 1/50 | train loss: 0.6625 | validation loss: 0.7749 | validation accuracy: 0.8635 | validation AP: 0.1225
Epoch 2/50 | train loss: 0.6605 | validation loss: 0.8599 | validation accuracy: 0.8824 | validation AP: 0.1514
Epoch 3/50 | train loss: 0.6766 | validation loss: 0.7422 | validation accuracy: 0.746 | validation AP: 0.1605
Epoch 4/50 | train loss: 0.706 | validation loss: 0.6808 | validation accuracy: 0.6501 | validation AP: 0.1521
Epoch 5/50 | train loss: 0.6825 | validation loss: 0.6907 | validation accuracy: 0.6389 | validation AP: 0.1525
Epoch 6/50 | train loss: 0.6772 | validation loss: 0.7974 | validation accuracy: 0.839 | validation AP: 0.1435
Epoch 7/50 | train loss: 0.6641 | validation loss: 0.7499 | validation accuracy: 0.8258 | validation AP: 0.157
Stopping at epoch 7: validation AP has not improved for 4 epochs.
Best epoch: 3 | validation AP: 0.1605 | epochs run: 7

Validation classification report:
              precision    recall  f1-score   support

  disengaged     0.1544    0.2651    0.1951       166
     engaged     0.8934    0.8092    0.8492      1263

    accuracy                         0.7460      1429
   macro avg     0.5239    0.5371    0.5222      1429
weighted avg     0.8075    0.7460    0.7732      1429

Confusion matrix (rows: actual, columns: predicted):
[[  44  122]
 [ 241 1022]]
Epoch 1/50 | train loss: 0.7158 | validation loss: 0.8584 | validation accuracy: 0.8789 | validation AP: 0.1025
Epoch 2/50 | train loss: 0.6899 | validation loss: 1.2268 | validation accuracy: 0.83 | validation AP: 0.1313
Epoch 3/50 | train loss: 0.6781 | validation loss: 0.8556 | validation accuracy: 0.8726 | validation AP: 0.1603
Epoch 4/50 | train loss: 0.6772 | validation loss: 0.7972 | validation accuracy: 0.8796 | validation AP: 0.1538
Epoch 5/50 | train loss: 0.6706 | validation loss: 0.7474 | validation accuracy: 0.6725 | validation AP: 0.1404
Epoch 6/50 | train loss: 0.6562 | validation loss: 0.6993 | validation accuracy: 0.7705 | validation AP: 0.1689
Epoch 7/50 | train loss: 0.6435 | validation loss: 0.8363 | validation accuracy: 0.7467 | validation AP: 0.1291
Epoch 8/50 | train loss: 0.6497 | validation loss: 0.7081 | validation accuracy: 0.6662 | validation AP: 0.1449
Epoch 9/50 | train loss: 0.6538 | validation loss: 1.1272 | validation accuracy: 0.8439 | validation AP: 0.1318
Epoch 10/50 | train loss: 0.6422 | validation loss: 0.6797 | validation accuracy: 0.7285 | validation AP: 0.1563
Stopping at epoch 10: validation AP has not improved for 4 epochs.
Best epoch: 6 | validation AP: 0.1689 | epochs run: 10

Validation classification report:[I 2026-10-09 00:55:33,439] Trial 11 finished with value: 0.18092031290700572 and parameters: {'hidden_size': 48, 'num_layers': 3, 'dropout': 0.0, 'learning_rate': 0.008833665318167124, 'batch_size': 16}. Best is trial 0 with value: 0.24803004677891716.
[I 2026-10-09 00:56:59,417] Trial 12 finished with value: 0.24414374576150719 and parameters: {'hidden_size': 21, 'num_layers': 3, 'dropout': 0.0, 'learning_rate': 0.00854804703891904, 'batch_size': 16}. Best is trial 0 with value: 0.24803004677891716.

              precision    recall  f1-score   support

  disengaged     0.1811    0.2771    0.2190       166
     engaged     0.8979    0.8353    0.8655      1263

    accuracy                         0.7705      1429
   macro avg     0.5395    0.5562    0.5423      1429
weighted avg     0.8146    0.7705    0.7904      1429

Confusion matrix (rows: actual, columns: predicted):
[[  46  120]
 [ 208 1055]]
Epoch 1/50 | train loss: 0.6732 | validation loss: 0.7127 | validation accuracy: 0.8488 | validation AP: 0.1648
Epoch 2/50 | train loss: 0.67 | validation loss: 0.7625 | validation accuracy: 0.816 | validation AP: 0.2134
Epoch 3/50 | train loss: 0.6517 | validation loss: 0.725 | validation accuracy: 0.86 | validation AP: 0.1764
Epoch 4/50 | train loss: 0.6829 | validation loss: 1.0432 | validation accuracy: 0.802 | validation AP: 0.1584
Epoch 5/50 | train loss: 0.6449 | validation loss: 0.6903 | validation accuracy: 0.8362 | validation AP: 0.1789
Epoch 6/50 | train loss: 0.6504 | validation loss: 0.8141 | validation accuracy: 0.7544 | validation AP: 0.1717
Stopping at epoch 6: validation AP has not improved for 4 epochs.
Best epoch: 2 | validation AP: 0.2134 | epochs run: 6

Validation classification report:
              precision    recall  f1-score   support

  disengaged     0.2320    0.2530    0.2421       166
     engaged     0.9006    0.8899    0.8953      1263

    accuracy                         0.8160      1429
   macro avg     0.5663    0.5715    0.5687      1429
weighted avg     0.8230    0.8160    0.8194      1429

Confusion matrix (rows: actual, columns: predicted):
[[  42  124]
 [ 139 1124]]
Epoch 1/50 | train loss: 0.6479 | validation loss: 0.8099 | validation accuracy: 0.8202 | validation AP: 0.1357
Epoch 2/50 | train loss: 0.6222 | validation loss: 0.9062 | validation accuracy: 0.8719 | validation AP: 0.1684
Epoch 3/50 | train loss: 0.6297 | validation loss: 0.761 | validation accuracy: 0.8279 | validation AP: 0.136
Epoch 4/50 | train loss: 0.6292 | validation loss: 0.7241 | validation accuracy: 0.8523 | validation AP: 0.1671
Epoch 5/50 | train loss: 0.6089 | validation loss: 0.6729 | validation accuracy: 0.8174 | validation AP: 0.2068
Epoch 6/50 | train loss: 0.592 | validation loss: 0.8714 | validation accuracy: 0.8481 | validation AP: 0.1994
Epoch 7/50 | train loss: 0.5894 | validation loss: 0.7283 | validation accuracy: 0.7593 | validation AP: 0.2059
Epoch 8/50 | train loss: 0.5797 | validation loss: 0.8286 | validation accuracy: 0.8579 | validation AP: 0.2227
Epoch 9/50 | train loss: 0.5778 | validation loss: 0.6332 | validation accuracy: 0.7292 | validation AP: 0.239
Epoch 10/50 | train loss: 0.5671 | validation loss: 0.6195 | validation accuracy: 0.7593 | validation AP: 0.2238
Epoch 11/50 | train loss: 0.5747 | validation loss: 0.639 | validation accuracy: 0.6956 | validation AP: 0.2317
Epoch 12/50 | train loss: 0.5458 | validation loss: 0.7196 | validation accuracy: 0.8223 | validation AP: 0.2375
Epoch 13/50 | train loss: 0.5899 | validation loss: 0.7742 | validation accuracy: 0.8188 | validation AP: 0.2752
Epoch 14/50 | train loss: 0.5849 | validation loss: 0.6384 | validation accuracy: 0.7719 | validation AP: 0.247
Epoch 15/50 | train loss: 0.5459 | validation loss: 0.7155 | validation accuracy: 0.7929 | validation AP: 0.2071
Epoch 16/50 | train loss: 0.5498 | validation loss: 0.6404 | validation accuracy: 0.7047 | validation AP: 0.2581
Epoch 17/50 | train loss: 0.519 | validation loss: 0.7175 | validation accuracy: 0.8474 | validation AP: 0.2235
Stopping at epoch 17: validation AP has not improved for 4 epochs.
Best epoch: 13 | validation AP: 0.2752 | epochs run: 17

Validation classification report:
              precision    recall  f1-score   support

  disengaged     0.2615    0.3072    0.2825       166
     engaged     0.9068    0.8860    0.8963      1263

    accuracy                         0.8188      1429
   macro avg     0.5842    0.5966    0.5894      1429
weighted avg     0.8318    0.8188    0.8250      1429

Confusion matrix (rows: actual, columns: predicted):
[[  51  115]
 [ 144 1119]]
Epoch 1/50 | train loss: 0.6722 | validation loss: 0.837 | validation accuracy: 0.8223 | validation AP: 0.1201
Epoch 2/50 | train loss: 0.6368 | validation loss: 0.7989 | validation accuracy: 0.8111 | validation AP: 0.181
Epoch 3/50 | train loss: 0.6396 | validation loss: 0.6908 | validation accuracy: 0.8418 | validation AP: 0.2137
Epoch 4/50 | train loss: 0.6099 | validation loss: 0.7948 | validation accuracy: 0.86 | validation AP: 0.1958
Epoch 5/50 | train loss: 0.6023 | validation loss: 0.679 | validation accuracy: 0.7495 | validation AP: 0.2233
Epoch 6/50 | train loss: 0.5785 | validation loss: 0.689 | validation accuracy: 0.7243 | validation AP: 0.1835
Epoch 7/50 | train loss: 0.5645 | validation loss: 0.649 | validation accuracy: 0.6466 | validation AP: 0.2045
Epoch 8/50 | train loss: 0.5743 | validation loss: 0.6825 | validation accuracy: 0.8216 | validation AP: 0.2572
Epoch 9/50 | train loss: 0.561 | validation loss: 0.684 | validation accuracy: 0.7502 | validation AP: 0.2216
Epoch 10/50 | train loss: 0.55 | validation loss: 0.6755 | validation accuracy: 0.7481 | validation AP: 0.2285
Epoch 11/50 | train loss: 0.5468 | validation loss: 0.7643 | validation accuracy: 0.7621 | validation AP: 0.1933
Epoch 12/50 | train loss: 0.5587 | validation loss: 0.7073 | validation accuracy: 0.6039 | validation AP: 0.1712
Stopping at epoch 12: validation AP has not improved for 4 epochs.
Best epoch: 8 | validation AP: 0.2572 | epochs run: 12

Validation classification report:
              precision    recall  f1-score   support

  disengaged     0.2891    0.3675    0.3236       166
     engaged     0.9138    0.8812    0.8972      1263

    accuracy                         0.8216      1429
   macro avg     0.6014    0.6244    0.6104      1429
weighted avg     0.8412    0.8216    0.8306      1429

Confusion matrix (rows: actual, columns: predicted):
[[  61  105]
 [ 150 1113]]
Epoch 1/50 | train loss: 0.6454 | validation loss: 0.6902 | validation accuracy: 0.7096 | validation AP: 0.1604
Epoch 2/50 | train loss: 0.6286 | validation loss: 0.7203 | validation accuracy: 0.7467 | validation AP: 0.1401
Epoch 3/50 | train loss: 0.607 | validation loss: 0.7322 | validation accuracy: 0.8355 | validation AP: 0.1971
Epoch 4/50 | train loss: 0.5963 | validation loss: 0.6446 | validation accuracy: 0.6844 | validation AP: 0.2
Epoch 5/50 | train loss: 0.5888 | validation loss: 0.6995 | validation accuracy: 0.8125 | validation AP: 0.1749
Epoch 6/50 | train loss: 0.574 | validation loss: 0.7517 | validation accuracy: 0.6802 | validation AP: 0.1505
Epoch 7/50 | train loss: 0.576 | validation loss: 0.6974 | validation accuracy: 0.7369 | validation AP: 0.1731
Epoch 8/50 | train loss: 0.5531 | validation loss: 0.801 | validation accuracy: 0.8244 | validation AP: 0.1645
Stopping at epoch 8: validation AP has not improved for 4 epochs.
Best epoch: 4 | validation AP: 0.2 | epochs run: 8

Validation classification report:
              precision    recall  f1-score   support

  disengaged     0.1882    0.5181    0.2761       166
     engaged     0.9177    0.7063    0.7982      1263

    accuracy                         0.6844      1429
   macro avg     0.5529    0.6122    0.5371      1429
weighted avg     0.8330    0.6844    0.7376      1429

Confusion matrix (rows: actual, columns: predicted):
[[ 86  80]
 [371 892]]
Epoch 1/50 | train loss: 0.6788 | validation loss: 0.6946 | validation accuracy: 0.6004 | validation AP: 0.155
Epoch 2/50 | train loss: 0.6672 | validation loss: 0.6997 | validation accuracy: 0.6669 | validation AP: 0.153
Epoch 3/50 | train loss: 0.6472 | validation loss: 0.709 | validation accuracy: 0.7257 | validation AP: 0.1825
Epoch 4/50 | train loss: 0.644 | validation loss: 0.7086 | validation accuracy: 0.7124 | validation AP: 0.1827
Epoch 5/50 | train loss: 0.637 | validation loss: 0.7119 | validation accuracy: 0.6956 | validation AP: 0.1642
Epoch 6/50 | train loss: 0.6296 | validation loss: 0.6878 | validation accuracy: 0.6963 | validation AP: 0.1777
Epoch 7/50 | train loss: 0.6197 | validation loss: 0.6955 | validation accuracy: 0.697 | validation AP: 0.1853[I 2026-10-09 00:57:23,046] Trial 13 finished with value: 0.22113680788697807 and parameters: {'hidden_size': 42, 'num_layers': 2, 'dropout': 0.0, 'learning_rate': 0.002503911915445939, 'batch_size': 64}. Best is trial 0 with value: 0.24803004677891716.

Epoch 8/50 | train loss: 0.5956 | validation loss: 0.7603 | validation accuracy: 0.788 | validation AP: 0.1965
Epoch 9/50 | train loss: 0.5886 | validation loss: 0.7364 | validation accuracy: 0.704 | validation AP: 0.1873
Epoch 10/50 | train loss: 0.5723 | validation loss: 0.7229 | validation accuracy: 0.6536 | validation AP: 0.1831
Epoch 11/50 | train loss: 0.5552 | validation loss: 0.7497 | validation accuracy: 0.7775 | validation AP: 0.2274
Epoch 12/50 | train loss: 0.5548 | validation loss: 0.801 | validation accuracy: 0.7376 | validation AP: 0.1798
Epoch 13/50 | train loss: 0.5417 | validation loss: 0.7334 | validation accuracy: 0.6739 | validation AP: 0.2032
Epoch 14/50 | train loss: 0.5064 | validation loss: 0.7351 | validation accuracy: 0.6704 | validation AP: 0.2051
Epoch 15/50 | train loss: 0.4891 | validation loss: 0.7784 | validation accuracy: 0.6907 | validation AP: 0.2091
Stopping at epoch 15: validation AP has not improved for 4 epochs.
Best epoch: 11 | validation AP: 0.2274 | epochs run: 15

Validation classification report:
              precision    recall  f1-score   support

  disengaged     0.2286    0.3855    0.2870       166
     engaged     0.9112    0.8290    0.8682      1263

    accuracy                         0.7775      1429
   macro avg     0.5699    0.6073    0.5776      1429
weighted avg     0.8319    0.7775    0.8006      1429

Confusion matrix (rows: actual, columns: predicted):
[[  64  102]
 [ 216 1047]]
Epoch 1/50 | train loss: 0.681 | validation loss: 0.712 | validation accuracy: 0.7082 | validation AP: 0.1589
Epoch 2/50 | train loss: 0.6722 | validation loss: 0.6519 | validation accuracy: 0.6326 | validation AP: 0.1938
Epoch 3/50 | train loss: 0.6533 | validation loss: 0.7363 | validation accuracy: 0.6837 | validation AP: 0.1334
Epoch 4/50 | train loss: 0.6462 | validation loss: 0.7229 | validation accuracy: 0.6599 | validation AP: 0.1507
Epoch 5/50 | train loss: 0.6377 | validation loss: 0.6829 | validation accuracy: 0.6578 | validation AP: 0.1597
Epoch 6/50 | train loss: 0.6267 | validation loss: 0.6912 | validation accuracy: 0.7453 | validation AP: 0.1862
Stopping at epoch 6: validation AP has not improved for 4 epochs.
Best epoch: 2 | validation AP: 0.1938 | epochs run: 6

Validation classification report:
              precision    recall  f1-score   support

  disengaged     0.1670    0.5422    0.2553       166
     engaged     0.9146    0.6445    0.7562      1263

    accuracy                         0.6326      1429
   macro avg     0.5408    0.5933    0.5057      1429
weighted avg     0.8278    0.6326    0.6980      1429

Confusion matrix (rows: actual, columns: predicted):
[[ 90  76]
 [449 814]]
Epoch 1/50 | train loss: 0.685 | validation loss: 0.7432 | validation accuracy: 0.7523 | validation AP: 0.1479
Epoch 2/50 | train loss: 0.6643 | validation loss: 0.6583 | validation accuracy: 0.5416 | validation AP: 0.1675
Epoch 3/50 | train loss: 0.654 | validation loss: 0.7097 | validation accuracy: 0.7257 | validation AP: 0.1781
Epoch 4/50 | train loss: 0.6446 | validation loss: 0.726 | validation accuracy: 0.7348 | validation AP: 0.1547
Epoch 5/50 | train loss: 0.6371 | validation loss: 0.6485 | validation accuracy: 0.6291 | validation AP: 0.205
Epoch 6/50 | train loss: 0.6205 | validation loss: 0.6643 | validation accuracy: 0.6025 | validation AP: 0.1879
Epoch 7/50 | train loss: 0.6096 | validation loss: 0.6895 | validation accuracy: 0.6704 | validation AP: 0.1951
Epoch 8/50 | train loss: 0.5919 | validation loss: 0.6889 | validation accuracy: 0.7047 | validation AP: 0.19
Epoch 9/50 | train loss: 0.5785 | validation loss: 0.757 | validation accuracy: 0.7544 | validation AP: 0.2175
Epoch 10/50 | train loss: 0.5673 | validation loss: 0.7234 | validation accuracy: 0.7474 | validation AP: 0.2111
Epoch 11/50 | train loss: 0.5925 | validation loss: 0.7773 | validation accuracy: 0.7936 | validation AP: 0.2027
Epoch 12/50 | train loss: 0.55 | validation loss: 0.7632 | validation accuracy: 0.7684 | validation AP: 0.2353
Epoch 13/50 | train loss: 0.5499 | validation loss: 0.8858 | validation accuracy: 0.7656 | validation AP: 0.1845
Epoch 14/50 | train loss: 0.5207 | validation loss: 0.806 | validation accuracy: 0.7145 | validation AP: 0.1783
Epoch 15/50 | train loss: 0.496 | validation loss: 0.8465 | validation accuracy: 0.7411 | validation AP: 0.2423
Epoch 16/50 | train loss: 0.4943 | validation loss: 0.86 | validation accuracy: 0.7551 | validation AP: 0.2103
Epoch 17/50 | train loss: 0.4734 | validation loss: 1.2685 | validation accuracy: 0.8307 | validation AP: 0.2094
Epoch 18/50 | train loss: 0.4834 | validation loss: 0.9245 | validation accuracy: 0.7376 | validation AP: 0.1854
Epoch 19/50 | train loss: 0.4323 | validation loss: 1.2356 | validation accuracy: 0.7971 | validation AP: 0.1926
Stopping at epoch 19: validation AP has not improved for 4 epochs.
Best epoch: 15 | validation AP: 0.2423 | epochs run: 19

Validation classification report:
              precision    recall  f1-score   support

  disengaged     0.2182    0.4759    0.2992       166
     engaged     0.9185    0.7759    0.8412      1263

    accuracy                         0.7411      1429
   macro avg     0.5683    0.6259    0.5702      1429
weighted avg     0.8371    0.7411    0.7782      1429

Confusion matrix (rows: actual, columns: predicted):
[[ 79  87]
 [283 980]]
Epoch 1/50 | train loss: 0.6374 | validation loss: 0.731 | validation accuracy: 0.8167 | validation AP: 0.1567
Epoch 2/50 | train loss: 0.6055 | validation loss: 0.7475 | validation accuracy: 0.853 | validation AP: 0.2052
Epoch 3/50 | train loss: 0.5964 | validation loss: 0.7452 | validation accuracy: 0.7971 | validation AP: 0.1743
Epoch 4/50 | train loss: 0.5961 | validation loss: 0.707 | validation accuracy: 0.7719 | validation AP: 0.1835
Epoch 5/50 | train loss: 0.5709 | validation loss: 0.7379 | validation accuracy: 0.8146 | validation AP: 0.1766
Epoch 6/50 | train loss: 0.5544 | validation loss: 0.7974 | validation accuracy: 0.8684 | validation AP: 0.2069
Epoch 7/50 | train loss: 0.5474 | validation loss: 0.7363 | validation accuracy: 0.6529 | validation AP: 0.1491
Epoch 8/50 | train loss: 0.5345 | validation loss: 0.8102 | validation accuracy: 0.7957 | validation AP: 0.1775
Epoch 9/50 | train loss: 0.5238 | validation loss: 0.7013 | validation accuracy: 0.7117 | validation AP: 0.1917
Epoch 10/50 | train loss: 0.5137 | validation loss: 0.7232 | validation accuracy: 0.7628 | validation AP: 0.1861
Stopping at epoch 10: validation AP has not improved for 4 epochs.
Best epoch: 6 | validation AP: 0.2069 | epochs run: 10

Validation classification report:
              precision    recall  f1-score   support

  disengaged     0.3167    0.1145    0.1681       166
     engaged     0.8926    0.9675    0.9286      1263

    accuracy                         0.8684      1429
   macro avg     0.6046    0.5410    0.5484      1429
weighted avg     0.8257    0.8684    0.8402      1429

Confusion matrix (rows: actual, columns: predicted):
[[  19  147]
 [  41 1222]]
Epoch 1/50 | train loss: 0.6397 | validation loss: 0.7565 | validation accuracy: 0.8272 | validation AP: 0.1547
Epoch 2/50 | train loss: 0.6165 | validation loss: 0.7297 | validation accuracy: 0.7992 | validation AP: 0.16
Epoch 3/50 | train loss: 0.6137 | validation loss: 0.7154 | validation accuracy: 0.8027 | validation AP: 0.1703
Epoch 4/50 | train loss: 0.595 | validation loss: 0.7636 | validation accuracy: 0.7817 | validation AP: 0.1508
Epoch 5/50 | train loss: 0.5879 | validation loss: 0.7161 | validation accuracy: 0.8258 | validation AP: 0.213
Epoch 6/50 | train loss: 0.5686 | validation loss: 0.7174 | validation accuracy: 0.7684 | validation AP: 0.1837
Epoch 7/50 | train loss: 0.5648 | validation loss: 0.6897 | validation accuracy: 0.7663 | validation AP: 0.2167
Epoch 8/50 | train loss: 0.5424 | validation loss: 0.6938 | validation accuracy: 0.7859 | validation AP: 0.2321
Epoch 9/50 | train loss: 0.5159 | validation loss: 0.7519 | validation accuracy: 0.7782 | validation AP: 0.2056
Epoch 10/50 | train loss: 0.5127 | validation loss: 0.7217 | validation accuracy: 0.7789 | validation AP: 0.2194
Epoch 11/50 | train loss: 0.498 | validation loss: 0.7277 | validation accuracy: 0.7635 | validation AP: 0.1949[I 2026-10-09 00:59:19,339] Trial 14 finished with value: 0.21776669288296382 and parameters: {'hidden_size': 24, 'num_layers': 1, 'dropout': 0.0, 'learning_rate': 0.0031781493818318087, 'batch_size': 16}. Best is trial 0 with value: 0.24803004677891716.
[I 2026-10-09 00:59:36,514] Trial 15 finished with value: 0.2004377491734141 and parameters: {'hidden_size': 98, 'num_layers': 1, 'dropout': 0.0, 'learning_rate': 0.0019402031420210865, 'batch_size': 64}. Best is trial 0 with value: 0.24803004677891716.

Epoch 12/50 | train loss: 0.4959 | validation loss: 0.691 | validation accuracy: 0.6767 | validation AP: 0.1998
Stopping at epoch 12: validation AP has not improved for 4 epochs.
Best epoch: 8 | validation AP: 0.2321 | epochs run: 12

Validation classification report:
              precision    recall  f1-score   support

  disengaged     0.2445    0.4036    0.3045       166
     engaged     0.9143    0.8361    0.8734      1263

    accuracy                         0.7859      1429
   macro avg     0.5794    0.6199    0.5890      1429
weighted avg     0.8365    0.7859    0.8074      1429

Confusion matrix (rows: actual, columns: predicted):
[[  67   99]
 [ 207 1056]]
Epoch 1/50 | train loss: 0.6358 | validation loss: 0.7579 | validation accuracy: 0.802 | validation AP: 0.1443
Epoch 2/50 | train loss: 0.6176 | validation loss: 0.6803 | validation accuracy: 0.7222 | validation AP: 0.1954
Epoch 3/50 | train loss: 0.6049 | validation loss: 0.7468 | validation accuracy: 0.7712 | validation AP: 0.1616
Epoch 4/50 | train loss: 0.597 | validation loss: 0.7036 | validation accuracy: 0.7572 | validation AP: 0.1556
Epoch 5/50 | train loss: 0.5816 | validation loss: 0.6837 | validation accuracy: 0.7726 | validation AP: 0.2001
Epoch 6/50 | train loss: 0.56 | validation loss: 0.7113 | validation accuracy: 0.7649 | validation AP: 0.1752
Epoch 7/50 | train loss: 0.5428 | validation loss: 0.7622 | validation accuracy: 0.7817 | validation AP: 0.1798
Epoch 8/50 | train loss: 0.5237 | validation loss: 0.7757 | validation accuracy: 0.8027 | validation AP: 0.1862
Epoch 9/50 | train loss: 0.5123 | validation loss: 0.7921 | validation accuracy: 0.7964 | validation AP: 0.2006
Epoch 10/50 | train loss: 0.5143 | validation loss: 0.7393 | validation accuracy: 0.7992 | validation AP: 0.2143
Epoch 11/50 | train loss: 0.5109 | validation loss: 0.8297 | validation accuracy: 0.8272 | validation AP: 0.2006
Epoch 12/50 | train loss: 0.4809 | validation loss: 0.9062 | validation accuracy: 0.8293 | validation AP: 0.1938
Epoch 13/50 | train loss: 0.4766 | validation loss: 0.9628 | validation accuracy: 0.8341 | validation AP: 0.1848
Epoch 14/50 | train loss: 0.4526 | validation loss: 0.7796 | validation accuracy: 0.7208 | validation AP: 0.1719
Stopping at epoch 14: validation AP has not improved for 4 epochs.
Best epoch: 10 | validation AP: 0.2143 | epochs run: 14

Validation classification report:
              precision    recall  f1-score   support

  disengaged     0.2627    0.4036    0.3183       166
     engaged     0.9157    0.8511    0.8822      1263

    accuracy                         0.7992      1429
   macro avg     0.5892    0.6274    0.6003      1429
weighted avg     0.8398    0.7992    0.8167      1429

Confusion matrix (rows: actual, columns: predicted):
[[  67   99]
 [ 188 1075]]
Epoch 1/50 | train loss: 0.6779 | validation loss: 0.6912 | validation accuracy: 0.5969 | validation AP: 0.1547
Epoch 2/50 | train loss: 0.6688 | validation loss: 0.6837 | validation accuracy: 0.6102 | validation AP: 0.1589
Epoch 3/50 | train loss: 0.6482 | validation loss: 0.7123 | validation accuracy: 0.7215 | validation AP: 0.1761
Epoch 4/50 | train loss: 0.6461 | validation loss: 0.6946 | validation accuracy: 0.711 | validation AP: 0.1912
Epoch 5/50 | train loss: 0.6407 | validation loss: 0.7148 | validation accuracy: 0.6536 | validation AP: 0.1491
Epoch 6/50 | train loss: 0.6403 | validation loss: 0.6652 | validation accuracy: 0.6851 | validation AP: 0.2038
Epoch 7/50 | train loss: 0.6267 | validation loss: 0.6928 | validation accuracy: 0.7082 | validation AP: 0.1858
Epoch 8/50 | train loss: 0.6052 | validation loss: 0.7289 | validation accuracy: 0.7537 | validation AP: 0.2009
Epoch 9/50 | train loss: 0.5918 | validation loss: 0.7059 | validation accuracy: 0.7138 | validation AP: 0.1958
Epoch 10/50 | train loss: 0.5872 | validation loss: 0.6983 | validation accuracy: 0.6928 | validation AP: 0.1936
Stopping at epoch 10: validation AP has not improved for 4 epochs.
Best epoch: 6 | validation AP: 0.2038 | epochs run: 10

Validation classification report:
              precision    recall  f1-score   support

  disengaged     0.1844    0.5000    0.2695       166
     engaged     0.9152    0.7094    0.7993      1263

    accuracy                         0.6851      1429
   macro avg     0.5498    0.6047    0.5344      1429
weighted avg     0.8303    0.6851    0.7377      1429

Confusion matrix (rows: actual, columns: predicted):
[[ 83  83]
 [367 896]]
Epoch 1/50 | train loss: 0.6855 | validation loss: 0.693 | validation accuracy: 0.5906 | validation AP: 0.1552
Epoch 2/50 | train loss: 0.6696 | validation loss: 0.653 | validation accuracy: 0.6291 | validation AP: 0.1974
Epoch 3/50 | train loss: 0.6651 | validation loss: 0.7844 | validation accuracy: 0.5535 | validation AP: 0.1115
Epoch 4/50 | train loss: 0.6618 | validation loss: 0.71 | validation accuracy: 0.6459 | validation AP: 0.1409
Epoch 5/50 | train loss: 0.6384 | validation loss: 0.689 | validation accuracy: 0.7222 | validation AP: 0.1966
Epoch 6/50 | train loss: 0.6235 | validation loss: 0.7019 | validation accuracy: 0.7446 | validation AP: 0.1797
Stopping at epoch 6: validation AP has not improved for 4 epochs.
Best epoch: 2 | validation AP: 0.1974 | epochs run: 6

Validation classification report:
              precision    recall  f1-score   support

  disengaged     0.1654    0.5422    0.2535       166
     engaged     0.9141    0.6405    0.7533      1263

    accuracy                         0.6291      1429
   macro avg     0.5398    0.5914    0.5034      1429
weighted avg     0.8272    0.6291    0.6952      1429

Confusion matrix (rows: actual, columns: predicted):
[[ 90  76]
 [454 809]]
Epoch 1/50 | train loss: 0.6809 | validation loss: 0.7335 | validation accuracy: 0.7075 | validation AP: 0.1438
Epoch 2/50 | train loss: 0.6638 | validation loss: 0.654 | validation accuracy: 0.536 | validation AP: 0.1877
Epoch 3/50 | train loss: 0.6555 | validation loss: 0.6875 | validation accuracy: 0.6935 | validation AP: 0.1882
Epoch 4/50 | train loss: 0.6476 | validation loss: 0.7223 | validation accuracy: 0.7145 | validation AP: 0.1518
Epoch 5/50 | train loss: 0.6409 | validation loss: 0.6645 | validation accuracy: 0.6592 | validation AP: 0.2001
Epoch 6/50 | train loss: 0.631 | validation loss: 0.6931 | validation accuracy: 0.6333 | validation AP: 0.168
Epoch 7/50 | train loss: 0.6248 | validation loss: 0.7086 | validation accuracy: 0.7103 | validation AP: 0.1851
Epoch 8/50 | train loss: 0.6136 | validation loss: 0.7013 | validation accuracy: 0.6893 | validation AP: 0.18
Epoch 9/50 | train loss: 0.6058 | validation loss: 0.7199 | validation accuracy: 0.7348 | validation AP: 0.1843
Stopping at epoch 9: validation AP has not improved for 4 epochs.
Best epoch: 5 | validation AP: 0.2001 | epochs run: 9

Validation classification report:
              precision    recall  f1-score   support

  disengaged     0.1822    0.5542    0.2742       166
     engaged     0.9199    0.6730    0.7773      1263

    accuracy                         0.6592      1429
   macro avg     0.5510    0.6136    0.5258      1429
weighted avg     0.8342    0.6592    0.7189      1429

Confusion matrix (rows: actual, columns: predicted):
[[ 92  74]
 [413 850]]
Epoch 1/50 | train loss: 0.6489 | validation loss: 0.7416 | validation accuracy: 0.7936 | validation AP: 0.1476
Epoch 2/50 | train loss: 0.6189 | validation loss: 0.8238 | validation accuracy: 0.8502 | validation AP: 0.2141
Epoch 3/50 | train loss: 0.6316 | validation loss: 0.7242 | validation accuracy: 0.7775 | validation AP: 0.1933
Epoch 4/50 | train loss: 0.629 | validation loss: 0.6645 | validation accuracy: 0.655 | validation AP: 0.1879
Epoch 5/50 | train loss: 0.6117 | validation loss: 0.6606 | validation accuracy: 0.7747 | validation AP: 0.2046
Epoch 6/50 | train loss: 0.6549 | validation loss: 0.6827 | validation accuracy: 0.2652 | validation AP: 0.1506
Stopping at epoch 6: validation AP has not improved for 4 epochs.
Best epoch: 2 | validation AP: 0.2141 | epochs run: 6

Validation classification report:
              precision    recall  f1-score   support

  disengaged     0.2647    0.1627    0.2015       166
     engaged     0.8953    0.9406    0.9174      1263

    accuracy                         0.8502      1429
   macro avg     0.5800    0.5516    0.5594      1429
weighted avg     0.8220    0.8502    0.8342      1429
[I 2026-10-09 01:01:02,849] Trial 16 finished with value: 0.2275362228147626 and parameters: {'hidden_size': 91, 'num_layers': 2, 'dropout': 0.0, 'learning_rate': 0.0047327095878815775, 'batch_size': 16}. Best is trial 0 with value: 0.24803004677891716.

Confusion matrix (rows: actual, columns: predicted):
[[  27  139]
 [  75 1188]]
Epoch 1/50 | train loss: 0.7345 | validation loss: 0.7149 | validation accuracy: 0.8824 | validation AP: 0.165
Epoch 2/50 | train loss: 0.6944 | validation loss: 1.339 | validation accuracy: 0.8838 | validation AP: 0.1365
Epoch 3/50 | train loss: 0.6716 | validation loss: 0.8005 | validation accuracy: 0.8481 | validation AP: 0.1307
Epoch 4/50 | train loss: 0.6753 | validation loss: 0.7525 | validation accuracy: 0.853 | validation AP: 0.1319
Epoch 5/50 | train loss: 0.6654 | validation loss: 0.6481 | validation accuracy: 0.5808 | validation AP: 0.1744
Epoch 6/50 | train loss: 0.6538 | validation loss: 0.7183 | validation accuracy: 0.7628 | validation AP: 0.141
Epoch 7/50 | train loss: 0.6552 | validation loss: 0.8452 | validation accuracy: 0.8649 | validation AP: 0.1769
Epoch 8/50 | train loss: 0.6545 | validation loss: 0.6574 | validation accuracy: 0.5409 | validation AP: 0.1598
Epoch 9/50 | train loss: 0.6174 | validation loss: 0.8188 | validation accuracy: 0.8404 | validation AP: 0.1861
Epoch 10/50 | train loss: 0.6159 | validation loss: 0.6438 | validation accuracy: 0.704 | validation AP: 0.2058
Epoch 11/50 | train loss: 0.6147 | validation loss: 0.6468 | validation accuracy: 0.6991 | validation AP: 0.2116
Epoch 12/50 | train loss: 0.6057 | validation loss: 0.6954 | validation accuracy: 0.7551 | validation AP: 0.1691
Epoch 13/50 | train loss: 0.5904 | validation loss: 0.6259 | validation accuracy: 0.6347 | validation AP: 0.2399
Epoch 14/50 | train loss: 0.5919 | validation loss: 0.839 | validation accuracy: 0.8069 | validation AP: 0.1936
Epoch 15/50 | train loss: 0.5645 | validation loss: 0.6771 | validation accuracy: 0.6704 | validation AP: 0.188
Epoch 16/50 | train loss: 0.5539 | validation loss: 0.6758 | validation accuracy: 0.7229 | validation AP: 0.1986
Epoch 17/50 | train loss: 0.5735 | validation loss: 0.7371 | validation accuracy: 0.6809 | validation AP: 0.1702
Stopping at epoch 17: validation AP has not improved for 4 epochs.
Best epoch: 13 | validation AP: 0.2399 | epochs run: 17

Validation classification report:
              precision    recall  f1-score   support

  disengaged     0.1931    0.6747    0.3003       166
     engaged     0.9364    0.6295    0.7528      1263

    accuracy                         0.6347      1429
   macro avg     0.5647    0.6521    0.5266      1429
weighted avg     0.8501    0.6347    0.7003      1429

Confusion matrix (rows: actual, columns: predicted):
[[112  54]
 [468 795]]
Epoch 1/50 | train loss: 0.6653 | validation loss: 0.9224 | validation accuracy: 0.7677 | validation AP: 0.1077
Epoch 2/50 | train loss: 0.6997 | validation loss: 0.8196 | validation accuracy: 0.5248 | validation AP: 0.1298
Epoch 3/50 | train loss: 0.6522 | validation loss: 0.7411 | validation accuracy: 0.8097 | validation AP: 0.1577
Epoch 4/50 | train loss: 0.6759 | validation loss: 0.7731 | validation accuracy: 0.8293 | validation AP: 0.1772
Epoch 5/50 | train loss: 0.6553 | validation loss: 0.7181 | validation accuracy: 0.5794 | validation AP: 0.1564
Epoch 6/50 | train loss: 0.6262 | validation loss: 0.67 | validation accuracy: 0.7691 | validation AP: 0.1835
Epoch 7/50 | train loss: 0.6348 | validation loss: 0.6561 | validation accuracy: 0.781 | validation AP: 0.192
Epoch 8/50 | train loss: 0.6305 | validation loss: 0.7794 | validation accuracy: 0.8272 | validation AP: 0.2287
Epoch 9/50 | train loss: 0.5957 | validation loss: 0.7346 | validation accuracy: 0.8076 | validation AP: 0.1867
Epoch 10/50 | train loss: 0.6141 | validation loss: 0.7285 | validation accuracy: 0.8635 | validation AP: 0.2261
Epoch 11/50 | train loss: 0.6254 | validation loss: 0.7015 | validation accuracy: 0.7075 | validation AP: 0.1888
Epoch 12/50 | train loss: 0.6026 | validation loss: 0.7983 | validation accuracy: 0.7019 | validation AP: 0.2183
Stopping at epoch 12: validation AP has not improved for 4 epochs.
Best epoch: 8 | validation AP: 0.2287 | epochs run: 12

Validation classification report:
              precision    recall  f1-score   support

  disengaged     0.2686    0.2831    0.2757       166
     engaged     0.9051    0.8987    0.9019      1263

    accuracy                         0.8272      1429
   macro avg     0.5868    0.5909    0.5888      1429
weighted avg     0.8312    0.8272    0.8291      1429

Confusion matrix (rows: actual, columns: predicted):
[[  47  119]
 [ 128 1135]]
Epoch 1/50 | train loss: 0.6891 | validation loss: 0.6731 | validation accuracy: 0.5605 | validation AP: 0.1702
Epoch 2/50 | train loss: 0.6678 | validation loss: 0.7123 | validation accuracy: 0.8062 | validation AP: 0.1921
Epoch 3/50 | train loss: 0.6766 | validation loss: 0.6614 | validation accuracy: 0.5563 | validation AP: 0.1982
Epoch 4/50 | train loss: 0.6762 | validation loss: 0.6556 | validation accuracy: 0.45 | validation AP: 0.1856
Epoch 5/50 | train loss: 0.67 | validation loss: 0.6453 | validation accuracy: 0.6067 | validation AP: 0.1912
Epoch 6/50 | train loss: 0.6497 | validation loss: 0.9057 | validation accuracy: 0.8544 | validation AP: 0.1903
Epoch 7/50 | train loss: 0.648 | validation loss: 0.6455 | validation accuracy: 0.5409 | validation AP: 0.2061
Epoch 8/50 | train loss: 0.6063 | validation loss: 0.7854 | validation accuracy: 0.8041 | validation AP: 0.2108
Epoch 9/50 | train loss: 0.5925 | validation loss: 0.6397 | validation accuracy: 0.7187 | validation AP: 0.2521
Epoch 10/50 | train loss: 0.5721 | validation loss: 0.7126 | validation accuracy: 0.6963 | validation AP: 0.1896
Epoch 11/50 | train loss: 0.5566 | validation loss: 0.7637 | validation accuracy: 0.7537 | validation AP: 0.2058
Epoch 12/50 | train loss: 0.5516 | validation loss: 0.7241 | validation accuracy: 0.7278 | validation AP: 0.223
Epoch 13/50 | train loss: 0.5408 | validation loss: 0.6697 | validation accuracy: 0.7138 | validation AP: 0.2318
Stopping at epoch 13: validation AP has not improved for 4 epochs.
Best epoch: 9 | validation AP: 0.2521 | epochs run: 13

Validation classification report:
              precision    recall  f1-score   support

  disengaged     0.2256    0.5843    0.3255       166
     engaged     0.9309    0.7363    0.8223      1263

    accuracy                         0.7187      1429
   macro avg     0.5783    0.6603    0.5739      1429
weighted avg     0.8490    0.7187    0.7646      1429

Confusion matrix (rows: actual, columns: predicted):
[[ 97  69]
 [333 930]]
Epoch 1/50 | train loss: 0.6899 | validation loss: 0.7005 | validation accuracy: 0.6123 | validation AP: 0.1461
Epoch 2/50 | train loss: 0.6785 | validation loss: 0.7374 | validation accuracy: 0.7607 | validation AP: 0.151
Epoch 3/50 | train loss: 0.6683 | validation loss: 0.7073 | validation accuracy: 0.8097 | validation AP: 0.1569
Epoch 4/50 | train loss: 0.6505 | validation loss: 0.767 | validation accuracy: 0.7026 | validation AP: 0.1534
Epoch 5/50 | train loss: 0.6176 | validation loss: 0.7313 | validation accuracy: 0.7397 | validation AP: 0.1842
Epoch 6/50 | train loss: 0.6173 | validation loss: 0.6425 | validation accuracy: 0.6781 | validation AP: 0.2057
Epoch 7/50 | train loss: 0.6493 | validation loss: 0.7102 | validation accuracy: 0.5815 | validation AP: 0.1348
Epoch 8/50 | train loss: 0.6353 | validation loss: 0.6653 | validation accuracy: 0.4577 | validation AP: 0.1904
Epoch 9/50 | train loss: 0.5966 | validation loss: 0.7277 | validation accuracy: 0.6494 | validation AP: 0.1922
Epoch 10/50 | train loss: 0.579 | validation loss: 0.7237 | validation accuracy: 0.704 | validation AP: 0.1728
Stopping at epoch 10: validation AP has not improved for 4 epochs.
Best epoch: 6 | validation AP: 0.2057 | epochs run: 10

Validation classification report:
              precision    recall  f1-score   support

  disengaged     0.1899    0.5422    0.2812       166
     engaged     0.9204    0.6960    0.7926      1263

    accuracy                         0.6781      1429
   macro avg     0.5551    0.6191    0.5369      1429
weighted avg     0.8356    0.6781    0.7332      1429

Confusion matrix (rows: actual, columns: predicted):
[[ 90  76]
 [384 879]]
Epoch 1/50 | train loss: 0.6937 | validation loss: 0.7044 | validation accuracy: 0.7523 | validation AP: 0.1678[I 2026-10-09 01:01:18,492] Trial 17 finished with value: 0.2205734652280625 and parameters: {'hidden_size': 50, 'num_layers': 2, 'dropout': 0.0, 'learning_rate': 0.007619106726640555, 'batch_size': 64}. Best is trial 0 with value: 0.24803004677891716.
[I 2026-10-09 01:02:16,067] Trial 18 finished with value: 0.20115329563823495 and parameters: {'hidden_size': 53, 'num_layers': 2, 'dropout': 0.0, 'learning_rate': 0.0008930662986295256, 'batch_size': 16}. Best is trial 0 with value: 0.24803004677891716.

Epoch 2/50 | train loss: 0.6685 | validation loss: 0.6629 | validation accuracy: 0.5353 | validation AP: 0.2039
Epoch 3/50 | train loss: 0.6705 | validation loss: 0.8565 | validation accuracy: 0.7572 | validation AP: 0.1341
Epoch 4/50 | train loss: 0.704 | validation loss: 0.9135 | validation accuracy: 0.4325 | validation AP: 0.1131
Epoch 5/50 | train loss: 0.7229 | validation loss: 0.6309 | validation accuracy: 0.4059 | validation AP: 0.1731
Epoch 6/50 | train loss: 0.6308 | validation loss: 0.6701 | validation accuracy: 0.5626 | validation AP: 0.1538
Stopping at epoch 6: validation AP has not improved for 4 epochs.
Best epoch: 2 | validation AP: 0.2039 | epochs run: 6

Validation classification report:
              precision    recall  f1-score   support

  disengaged     0.1513    0.6506    0.2455       166
     engaged     0.9189    0.5202    0.6643      1263

    accuracy                         0.5353      1429
   macro avg     0.5351    0.5854    0.4549      1429
weighted avg     0.8297    0.5353    0.6157      1429

Confusion matrix (rows: actual, columns: predicted):
[[108  58]
 [606 657]]
Epoch 1/50 | train loss: 0.636 | validation loss: 0.729 | validation accuracy: 0.8321 | validation AP: 0.1566
Epoch 2/50 | train loss: 0.6119 | validation loss: 0.753 | validation accuracy: 0.8446 | validation AP: 0.1708
Epoch 3/50 | train loss: 0.6039 | validation loss: 0.7719 | validation accuracy: 0.8348 | validation AP: 0.1861
Epoch 4/50 | train loss: 0.6086 | validation loss: 0.7161 | validation accuracy: 0.788 | validation AP: 0.19
Epoch 5/50 | train loss: 0.5968 | validation loss: 0.753 | validation accuracy: 0.7873 | validation AP: 0.1499
Epoch 6/50 | train loss: 0.5852 | validation loss: 0.7704 | validation accuracy: 0.83 | validation AP: 0.1881
Epoch 7/50 | train loss: 0.5847 | validation loss: 0.7356 | validation accuracy: 0.7572 | validation AP: 0.169
Epoch 8/50 | train loss: 0.5664 | validation loss: 0.8032 | validation accuracy: 0.8334 | validation AP: 0.1778
Stopping at epoch 8: validation AP has not improved for 4 epochs.
Best epoch: 4 | validation AP: 0.19 | epochs run: 8

Validation classification report:
              precision    recall  f1-score   support

  disengaged     0.2181    0.3193    0.2592       166
     engaged     0.9047    0.8496    0.8763      1263

    accuracy                         0.7880      1429
   macro avg     0.5614    0.5844    0.5677      1429
weighted avg     0.8250    0.7880    0.8046      1429

Confusion matrix (rows: actual, columns: predicted):
[[  53  113]
 [ 190 1073]]
Epoch 1/50 | train loss: 0.6416 | validation loss: 0.7454 | validation accuracy: 0.8244 | validation AP: 0.1504
Epoch 2/50 | train loss: 0.6156 | validation loss: 0.7365 | validation accuracy: 0.8153 | validation AP: 0.1572
Epoch 3/50 | train loss: 0.6127 | validation loss: 0.7257 | validation accuracy: 0.7957 | validation AP: 0.1514
Epoch 4/50 | train loss: 0.5986 | validation loss: 0.7668 | validation accuracy: 0.7698 | validation AP: 0.143
Epoch 5/50 | train loss: 0.5932 | validation loss: 0.7037 | validation accuracy: 0.8118 | validation AP: 0.1942
Epoch 6/50 | train loss: 0.5824 | validation loss: 0.7513 | validation accuracy: 0.7775 | validation AP: 0.1558
Epoch 7/50 | train loss: 0.5813 | validation loss: 0.7212 | validation accuracy: 0.7957 | validation AP: 0.1839
Epoch 8/50 | train loss: 0.5662 | validation loss: 0.7201 | validation accuracy: 0.816 | validation AP: 0.2039
Epoch 9/50 | train loss: 0.5529 | validation loss: 0.7381 | validation accuracy: 0.7985 | validation AP: 0.1885
Epoch 10/50 | train loss: 0.537 | validation loss: 0.7264 | validation accuracy: 0.7873 | validation AP: 0.1984
Epoch 11/50 | train loss: 0.518 | validation loss: 0.7727 | validation accuracy: 0.823 | validation AP: 0.2009
Epoch 12/50 | train loss: 0.5278 | validation loss: 0.7183 | validation accuracy: 0.7432 | validation AP: 0.1872
Stopping at epoch 12: validation AP has not improved for 4 epochs.
Best epoch: 8 | validation AP: 0.2039 | epochs run: 12

Validation classification report:
              precision    recall  f1-score   support

  disengaged     0.2434    0.2771    0.2592       166
     engaged     0.9032    0.8868    0.8949      1263

    accuracy                         0.8160      1429
   macro avg     0.5733    0.5819    0.5770      1429
weighted avg     0.8266    0.8160    0.8211      1429

Confusion matrix (rows: actual, columns: predicted):
[[  46  120]
 [ 143 1120]]
Epoch 1/50 | train loss: 0.6355 | validation loss: 0.7469 | validation accuracy: 0.7957 | validation AP: 0.1533
Epoch 2/50 | train loss: 0.6178 | validation loss: 0.6757 | validation accuracy: 0.7376 | validation AP: 0.2095
Epoch 3/50 | train loss: 0.6052 | validation loss: 0.759 | validation accuracy: 0.7803 | validation AP: 0.1517
Epoch 4/50 | train loss: 0.5986 | validation loss: 0.7227 | validation accuracy: 0.8069 | validation AP: 0.1536
Epoch 5/50 | train loss: 0.589 | validation loss: 0.685 | validation accuracy: 0.7712 | validation AP: 0.2048
Epoch 6/50 | train loss: 0.5829 | validation loss: 0.7361 | validation accuracy: 0.7663 | validation AP: 0.1691
Stopping at epoch 6: validation AP has not improved for 4 epochs.
Best epoch: 2 | validation AP: 0.2095 | epochs run: 6

Validation classification report:
              precision    recall  f1-score   support

  disengaged     0.2023    0.4277    0.2747       166
     engaged     0.9119    0.7783    0.8398      1263

    accuracy                         0.7376      1429
   macro avg     0.5571    0.6030    0.5572      1429
weighted avg     0.8294    0.7376    0.7742      1429

Confusion matrix (rows: actual, columns: predicted):
[[ 71  95]
 [280 983]]
Epoch 1/50 | train loss: 0.5618 | validation loss: 0.796 | validation accuracy: 0.8565 | validation AP: 0.1499
Epoch 2/50 | train loss: 0.5327 | validation loss: 0.7594 | validation accuracy: 0.874 | validation AP: 0.1681
Epoch 3/50 | train loss: 0.5301 | validation loss: 0.8018 | validation accuracy: 0.8761 | validation AP: 0.1604
Epoch 4/50 | train loss: 0.5358 | validation loss: 0.6639 | validation accuracy: 0.8516 | validation AP: 0.2065
Epoch 5/50 | train loss: 0.5226 | validation loss: 0.6663 | validation accuracy: 0.8034 | validation AP: 0.1956
Epoch 6/50 | train loss: 0.5149 | validation loss: 0.7493 | validation accuracy: 0.8705 | validation AP: 0.2292
Epoch 7/50 | train loss: 0.5065 | validation loss: 0.8382 | validation accuracy: 0.8677 | validation AP: 0.2477
Epoch 8/50 | train loss: 0.4961 | validation loss: 0.9004 | validation accuracy: 0.8789 | validation AP: 0.2277
Epoch 9/50 | train loss: 0.4881 | validation loss: 0.7018 | validation accuracy: 0.823 | validation AP: 0.227
Epoch 10/50 | train loss: 0.4755 | validation loss: 0.6615 | validation accuracy: 0.8083 | validation AP: 0.2368
Epoch 11/50 | train loss: 0.4652 | validation loss: 0.6255 | validation accuracy: 0.7663 | validation AP: 0.2156
Stopping at epoch 11: validation AP has not improved for 4 epochs.
Best epoch: 7 | validation AP: 0.2477 | epochs run: 11

Validation classification report:
              precision    recall  f1-score   support

  disengaged     0.3175    0.1205    0.1747       166
     engaged     0.8931    0.9660    0.9281      1263

    accuracy                         0.8677      1429
   macro avg     0.6053    0.5432    0.5514      1429
weighted avg     0.8262    0.8677    0.8406      1429

Confusion matrix (rows: actual, columns: predicted):
[[  20  146]
 [  43 1220]]
Epoch 1/50 | train loss: 0.5726 | validation loss: 0.8723 | validation accuracy: 0.8355 | validation AP: 0.1334
Epoch 2/50 | train loss: 0.5496 | validation loss: 0.8345 | validation accuracy: 0.8586 | validation AP: 0.1622
Epoch 3/50 | train loss: 0.5422 | validation loss: 0.7287 | validation accuracy: 0.8803 | validation AP: 0.1498
Epoch 4/50 | train loss: 0.5494 | validation loss: 0.8309 | validation accuracy: 0.8565 | validation AP: 0.1668
Epoch 5/50 | train loss: 0.5256 | validation loss: 0.7064 | validation accuracy: 0.8656 | validation AP: 0.2143
Epoch 6/50 | train loss: 0.5316 | validation loss: 0.7071 | validation accuracy: 0.8782 | validation AP: 0.2076
Epoch 7/50 | train loss: 0.5168 | validation loss: 0.7484 | validation accuracy: 0.8803 | validation AP: 0.2049[I 2026-10-09 01:06:03,714] Trial 19 finished with value: 0.23673707583014258 and parameters: {'hidden_size': 30, 'num_layers': 3, 'dropout': 0.05, 'learning_rate': 0.004387590518108311, 'batch_size': 8}. Best is trial 0 with value: 0.24803004677891716.

Epoch 8/50 | train loss: 0.5029 | validation loss: 0.6892 | validation accuracy: 0.8565 | validation AP: 0.2103
Epoch 9/50 | train loss: 0.5026 | validation loss: 0.8205 | validation accuracy: 0.8558 | validation AP: 0.1992
Stopping at epoch 9: validation AP has not improved for 4 epochs.
Best epoch: 5 | validation AP: 0.2143 | epochs run: 9

Validation classification report:
              precision    recall  f1-score   support

  disengaged     0.2833    0.1024    0.1504       166
     engaged     0.8912    0.9660    0.9271      1263

    accuracy                         0.8656      1429
   macro avg     0.5872    0.5342    0.5387      1429
weighted avg     0.8206    0.8656    0.8368      1429

Confusion matrix (rows: actual, columns: predicted):
[[  17  149]
 [  43 1220]]
Epoch 1/50 | train loss: 0.5486 | validation loss: 0.6654 | validation accuracy: 0.7887 | validation AP: 0.1665
Epoch 2/50 | train loss: 0.5422 | validation loss: 0.7089 | validation accuracy: 0.839 | validation AP: 0.1811
Epoch 3/50 | train loss: 0.5387 | validation loss: 0.7438 | validation accuracy: 0.823 | validation AP: 0.1836
Epoch 4/50 | train loss: 0.5414 | validation loss: 0.8013 | validation accuracy: 0.8768 | validation AP: 0.1706
Epoch 5/50 | train loss: 0.4996 | validation loss: 0.7049 | validation accuracy: 0.8341 | validation AP: 0.1738
Epoch 6/50 | train loss: 0.5013 | validation loss: 0.7392 | validation accuracy: 0.8439 | validation AP: 0.2118
Epoch 7/50 | train loss: 0.5024 | validation loss: 0.7106 | validation accuracy: 0.8453 | validation AP: 0.2286
Epoch 8/50 | train loss: 0.5026 | validation loss: 0.7783 | validation accuracy: 0.8831 | validation AP: 0.2482
Epoch 9/50 | train loss: 0.4826 | validation loss: 0.8344 | validation accuracy: 0.8831 | validation AP: 0.2307
Epoch 10/50 | train loss: 0.4996 | validation loss: 0.7014 | validation accuracy: 0.8467 | validation AP: 0.2326
Epoch 11/50 | train loss: 0.4806 | validation loss: 0.6755 | validation accuracy: 0.816 | validation AP: 0.2032
Epoch 12/50 | train loss: 0.465 | validation loss: 0.7384 | validation accuracy: 0.8453 | validation AP: 0.2145
Stopping at epoch 12: validation AP has not improved for 4 epochs.
Best epoch: 8 | validation AP: 0.2482 | epochs run: 12

Validation classification report:
              precision    recall  f1-score   support

  disengaged     0.4444    0.0241    0.0457       166
     engaged     0.8859    0.9960    0.9378      1263

    accuracy                         0.8831      1429
   macro avg     0.6652    0.5101    0.4917      1429
weighted avg     0.8346    0.8831    0.8341      1429

Confusion matrix (rows: actual, columns: predicted):
[[   4  162]
 [   5 1258]]
Epoch 1/50 | train loss: 0.697 | validation loss: 0.6673 | validation accuracy: 0.5801 | validation AP: 0.1792
Epoch 2/50 | train loss: 0.6755 | validation loss: 0.7041 | validation accuracy: 0.753 | validation AP: 0.1409
Epoch 3/50 | train loss: 0.6712 | validation loss: 0.7374 | validation accuracy: 0.7075 | validation AP: 0.1336
Epoch 4/50 | train loss: 0.6529 | validation loss: 0.7652 | validation accuracy: 0.7439 | validation AP: 0.1641
Epoch 5/50 | train loss: 0.6335 | validation loss: 0.7935 | validation accuracy: 0.7229 | validation AP: 0.1553
Stopping at epoch 5: validation AP has not improved for 4 epochs.
Best epoch: 1 | validation AP: 0.1792 | epochs run: 5

Validation classification report:
              precision    recall  f1-score   support

  disengaged     0.1489    0.5542    0.2347       166
     engaged     0.9088    0.5835    0.7107      1263

    accuracy                         0.5801      1429
   macro avg     0.5288    0.5689    0.4727      1429
weighted avg     0.8205    0.5801    0.6554      1429

Confusion matrix (rows: actual, columns: predicted):
[[ 92  74]
 [526 737]]
Epoch 1/50 | train loss: 0.6902 | validation loss: 0.7233 | validation accuracy: 0.578 | validation AP: 0.1397
Epoch 2/50 | train loss: 0.6784 | validation loss: 0.6995 | validation accuracy: 0.5262 | validation AP: 0.1295
Epoch 3/50 | train loss: 0.6656 | validation loss: 0.7752 | validation accuracy: 0.7194 | validation AP: 0.1581
Epoch 4/50 | train loss: 0.6501 | validation loss: 0.7319 | validation accuracy: 0.7096 | validation AP: 0.1474
Epoch 5/50 | train loss: 0.6449 | validation loss: 0.6771 | validation accuracy: 0.5962 | validation AP: 0.1603
Epoch 6/50 | train loss: 0.6411 | validation loss: 0.8151 | validation accuracy: 0.669 | validation AP: 0.1432
Epoch 7/50 | train loss: 0.6837 | validation loss: 0.7261 | validation accuracy: 0.4934 | validation AP: 0.1237
Epoch 8/50 | train loss: 0.6521 | validation loss: 0.7765 | validation accuracy: 0.8202 | validation AP: 0.1747
Epoch 9/50 | train loss: 0.6383 | validation loss: 0.7653 | validation accuracy: 0.8495 | validation AP: 0.2207
Epoch 10/50 | train loss: 0.6226 | validation loss: 0.6792 | validation accuracy: 0.6193 | validation AP: 0.2178
Epoch 11/50 | train loss: 0.6035 | validation loss: 0.7111 | validation accuracy: 0.7257 | validation AP: 0.2211
Epoch 12/50 | train loss: 0.5727 | validation loss: 0.6825 | validation accuracy: 0.7516 | validation AP: 0.2516
Epoch 13/50 | train loss: 0.5964 | validation loss: 0.5922 | validation accuracy: 0.508 | validation AP: 0.2443
Epoch 14/50 | train loss: 0.5687 | validation loss: 0.8333 | validation accuracy: 0.8474 | validation AP: 0.2439
Epoch 15/50 | train loss: 0.5795 | validation loss: 0.758 | validation accuracy: 0.8083 | validation AP: 0.2432
Epoch 16/50 | train loss: 0.56 | validation loss: 0.7147 | validation accuracy: 0.7026 | validation AP: 0.2231
Stopping at epoch 16: validation AP has not improved for 4 epochs.
Best epoch: 12 | validation AP: 0.2516 | epochs run: 16

Validation classification report:
              precision    recall  f1-score   support

  disengaged     0.2261    0.4699    0.3053       166
     engaged     0.9188    0.7886    0.8487      1263

    accuracy                         0.7516      1429
   macro avg     0.5725    0.6292    0.5770      1429
weighted avg     0.8383    0.7516    0.7856      1429

Confusion matrix (rows: actual, columns: predicted):
[[ 78  88]
 [267 996]]
Epoch 1/50 | train loss: 0.6864 | validation loss: 0.711 | validation accuracy: 0.6879 | validation AP: 0.1517
Epoch 2/50 | train loss: 0.6795 | validation loss: 0.7162 | validation accuracy: 0.6543 | validation AP: 0.1659
Epoch 3/50 | train loss: 0.6632 | validation loss: 0.6783 | validation accuracy: 0.6921 | validation AP: 0.2012
Epoch 4/50 | train loss: 0.6465 | validation loss: 0.6759 | validation accuracy: 0.6704 | validation AP: 0.1809
Epoch 5/50 | train loss: 0.6432 | validation loss: 0.7819 | validation accuracy: 0.7467 | validation AP: 0.1549
Epoch 6/50 | train loss: 0.6399 | validation loss: 0.6805 | validation accuracy: 0.6949 | validation AP: 0.2079
Epoch 7/50 | train loss: 0.6211 | validation loss: 0.7051 | validation accuracy: 0.7425 | validation AP: 0.2019
Epoch 8/50 | train loss: 0.6035 | validation loss: 0.7608 | validation accuracy: 0.7341 | validation AP: 0.1751
Epoch 9/50 | train loss: 0.6148 | validation loss: 0.6978 | validation accuracy: 0.6606 | validation AP: 0.1875
Epoch 10/50 | train loss: 0.624 | validation loss: 0.635 | validation accuracy: 0.6067 | validation AP: 0.202
Stopping at epoch 10: validation AP has not improved for 4 epochs.
Best epoch: 6 | validation AP: 0.2079 | epochs run: 10

Validation classification report:
              precision    recall  f1-score   support

  disengaged     0.1918    0.5060    0.2781       166
     engaged     0.9173    0.7197    0.8066      1263

    accuracy                         0.6949      1429
   macro avg     0.5545    0.6129    0.5424      1429
weighted avg     0.8330    0.6949    0.7452      1429

Confusion matrix (rows: actual, columns: predicted):
[[ 84  82]
 [354 909]]
Epoch 1/50 | train loss: 0.6841 | validation loss: 0.7376 | validation accuracy: 0.732 | validation AP: 0.1094
Epoch 2/50 | train loss: 0.6721 | validation loss: 0.7035 | validation accuracy: 0.7425 | validation AP: 0.1585
Epoch 3/50 | train loss: 0.668 | validation loss: 0.6682 | validation accuracy: 0.732 | validation AP: 0.2405
Epoch 4/50 | train loss: 0.6641 | validation loss: 0.713 | validation accuracy: 0.676 | validation AP: 0.1608
Epoch 5/50 | train loss: 0.6535 | validation loss: 0.8385 | validation accuracy: 0.7551 | validation AP: 0.1672
Epoch 6/50 | train loss: 0.6383 | validation loss: 0.6658 | validation accuracy: 0.6221 | validation AP: 0.1777
Epoch 7/50 | train loss: 0.6267 | validation loss: 0.6333 | validation accuracy: 0.5857 | validation AP: 0.2132
Stopping at epoch 7: validation AP has not improved for 4 epochs.
Best epoch: 3 | validation AP: 0.2405 | epochs run: 7

Validation classification report:
              precision    recall  f1-score   support

  disengaged     0.2137    0.4880    0.2972       166
     engaged     0.9190    0.7641    0.8344      1263

    accuracy                         0.7320      1429
   macro avg     0.5664    0.6260    0.5658      1429
weighted avg     0.8371    0.7320    0.7720      1429

Confusion matrix (rows: actual, columns: predicted):
[[ 81  85]
 [298 965]]
Epoch 1/50 | train loss: 0.6948 | validation loss: 0.7408 | validation accuracy: 0.7901 | validation AP: 0.1625
Epoch 2/50 | train loss: 0.6717 | validation loss: 0.7196 | validation accuracy: 0.6844 | validation AP: 0.1505
Epoch 3/50 | train loss: 0.6531 | validation loss: 0.6774 | validation accuracy: 0.6641 | validation AP: 0.1956
Epoch 4/50 | train loss: 0.6649 | validation loss: 0.6544 | validation accuracy: 0.6067 | validation AP: 0.1632
Epoch 5/50 | train loss: 0.6305 | validation loss: 0.697 | validation accuracy: 0.6172 | validation AP: 0.1608
Epoch 6/50 | train loss: 0.6369 | validation loss: 0.6942 | validation accuracy: 0.7222 | validation AP: 0.1718
Epoch 7/50 | train loss: 0.6344 | validation loss: 0.6853 | validation accuracy: 0.7131 | validation AP: 0.1928
Stopping at epoch 7: validation AP has not improved for 4 epochs.
Best epoch: 3 | validation AP: 0.1956 | epochs run: 7

Validation classification report:
              precision    recall  f1-score   support

  disengaged     0.1756    0.5120    0.2615       166
     engaged     0.9143    0.6841    0.7826      1263

    accuracy                         0.6641      1429
   macro avg     0.5450    0.5981    0.5221      1429
weighted avg     0.8285    0.6641    0.7221      1429

Confusion matrix (rows: actual, columns: predicted):
[[ 85  81]
 [399 864]]
Epoch 1/50 | train loss: 0.6506 | validation loss: 0.6681 | validation accuracy: 0.7124 | validation AP: 0.1791
Epoch 2/50 | train loss: 0.6312 | validation loss: 0.7301 | validation accuracy: 0.8523 | validation AP: 0.2171
Epoch 3/50 | train loss: 0.6036 | validation loss: 0.723 | validation accuracy: 0.7334 | validation AP: 0.1514
Epoch 4/50 | train loss: 0.5861 | validation loss: 0.8246 | validation accuracy: 0.8558 | validation AP: 0.2088
Epoch 5/50 | train loss: 0.5856 | validation loss: 0.7505 | validation accuracy: 0.7789 | validation AP: 0.1669
Epoch 6/50 | train loss: 0.6301 | validation loss: 0.861 | validation accuracy: 0.809 | validation AP: 0.1677
Stopping at epoch 6: validation AP has not improved for 4 epochs.
Best epoch: 2 | validation AP: 0.2171 | epochs run: 6

Validation classification report:
              precision    recall  f1-score   support

  disengaged     0.2472    0.1325    0.1725       166
     engaged     0.8925    0.9470    0.9189      1263

    accuracy                         0.8523      1429
   macro avg     0.5699    0.5397    0.5457      1429
weighted avg     0.8176    0.8523    0.8322      1429

Confusion matrix (rows: actual, columns: predicted):
[[  22  144]
 [  67 1196]]
Epoch 1/50 | train loss: 0.6423 | validation loss: 0.6713 | validation accuracy: 0.5822 | validation AP: 0.1967
Epoch 2/50 | train loss: 0.6085 | validation loss: 0.6867 | validation accuracy: 0.6942 | validation AP: 0.1524
Epoch 3/50 | train loss: 0.587 | validation loss: 0.6967 | validation accuracy: 0.7838 | validation AP: 0.1926
Epoch 4/50 | train loss: 0.5673 | validation loss: 0.7807 | validation accuracy: 0.8265 | validation AP: 0.1752
Epoch 5/50 | train loss: 0.5534 | validation loss: 1.0287 | validation accuracy: 0.8439 | validation AP: 0.1754
Stopping at epoch 5: validation AP has not improved for 4 epochs.
Best epoch: 1 | validation AP: 0.1967 | epochs run: 5

Validation classification report:
              precision    recall  f1-score   support

  disengaged     0.1507    0.5602    0.2375       166
     engaged     0.9101    0.5851    0.7123      1263

    accuracy                         0.5822      1429
   macro avg     0.5304    0.5727    0.4749      1429
weighted avg     0.8219    0.5822    0.6571      1429

Confusion matrix (rows: actual, columns: predicted):
[[ 93  73]
 [524 739]]
Epoch 1/50 | train loss: 0.6407 | validation loss: 0.7741 | validation accuracy: 0.8397 | validation AP: 0.1687
Epoch 2/50 | train loss: 0.6359 | validation loss: 0.7205 | validation accuracy: 0.8097 | validation AP: 0.1732
Epoch 3/50 | train loss: 0.6154 | validation loss: 0.6202 | validation accuracy: 0.6004 | validation AP: 0.2041
Epoch 4/50 | train loss: 0.5704 | validation loss: 0.7592 | validation accuracy: 0.8251 | validation AP: 0.1906
Epoch 5/50 | train loss: 0.57 | validation loss: 0.7121 | validation accuracy: 0.7719 | validation AP: 0.1995
Epoch 6/50 | train loss: 0.5422 | validation loss: 0.6586 | validation accuracy: 0.6984 | validation AP: 0.2286
Epoch 7/50 | train loss: 0.5232 | validation loss: 0.7091 | validation accuracy: 0.7257 | validation AP: 0.2039
Epoch 8/50 | train loss: 0.5174 | validation loss: 0.8245 | validation accuracy: 0.7985 | validation AP: 0.1838
Epoch 9/50 | train loss: 0.4871 | validation loss: 0.8843 | validation accuracy: 0.7978 | validation AP: 0.2136
Epoch 10/50 | train loss: 0.4816 | validation loss: 0.8747 | validation accuracy: 0.8265 | validation AP: 0.1931
Stopping at epoch 10: validation AP has not improved for 4 epochs.
Best epoch: 6 | validation AP: 0.2286 | epochs run: 10

Validation classification report:
              precision    recall  f1-score   support

  disengaged     0.2113    0.5843    0.3104       166
     engaged     0.9289    0.7134    0.8070      1263

    accuracy                         0.6984      1429
   macro avg     0.5701    0.6489    0.5587      1429
weighted avg     0.8455    0.6984    0.7493      1429

Confusion matrix (rows: actual, columns: predicted):
[[ 97  69]
 [362 901]]
Epoch 1/50 | train loss: 0.6402 | validation loss: 0.7509 | validation accuracy: 0.8628 | validation AP: 0.1605
Epoch 2/50 | train loss: 0.6276 | validation loss: 0.7294 | validation accuracy: 0.8635 | validation AP: 0.1872
Epoch 3/50 | train loss: 0.6054 | validation loss: 0.8824 | validation accuracy: 0.8712 | validation AP: 0.2233
Epoch 4/50 | train loss: 0.6058 | validation loss: 0.8221 | validation accuracy: 0.7754 | validation AP: 0.1581
Epoch 5/50 | train loss: 0.5906 | validation loss: 0.8165 | validation accuracy: 0.7705 | validation AP: 0.1526
Epoch 6/50 | train loss: 0.5594 | validation loss: 0.711 | validation accuracy: 0.7138 | validation AP: 0.1757
Epoch 7/50 | train loss: 0.5426 | validation loss: 0.784 | validation accuracy: 0.7516 | validation AP: 0.1852
Stopping at epoch 7: validation AP has not improved for 4 epochs.
Best epoch: 3 | validation AP: 0.2233 | epochs run: 7

Validation classification report:
              precision    recall  f1-score   support

  disengaged     0.3043    0.0843    0.1321       166
     engaged     0.8901    0.9747    0.9305      1263

    accuracy                         0.8712      1429
   macro avg     0.5972    0.5295    0.5313      1429
weighted avg     0.8221    0.8712    0.8377      1429

Confusion matrix (rows: actual, columns: predicted):
[[  14  152]
 [  32 1231]]
Epoch 1/50 | train loss: 0.6458 | validation loss: 0.7269 | validation accuracy: 0.7936 | validation AP: 0.1657
Epoch 2/50 | train loss: 0.6151 | validation loss: 0.7514 | validation accuracy: 0.7306 | validation AP: 0.1382
Epoch 3/50 | train loss: 0.5912 | validation loss: 0.7371 | validation accuracy: 0.7593 | validation AP: 0.2024
Epoch 4/50 | train loss: 0.589 | validation loss: 0.754 | validation accuracy: 0.6984 | validation AP: 0.1435
Epoch 5/50 | train loss: 0.5526 | validation loss: 0.8142 | validation accuracy: 0.7831 | validation AP: 0.1641
Epoch 6/50 | train loss: 0.5571 | validation loss: 0.7508 | validation accuracy: 0.7383 | validation AP: 0.1616[I 2026-10-09 01:07:58,871] A new study created in memory with name: lstm|10fps/10s
[I 2026-10-09 01:08:10,229] Trial 0 finished with value: 0.1984969723853248 and parameters: {'hidden_size': 47, 'num_layers': 3, 'dropout': 0.0, 'learning_rate': 0.005399484409787433, 'batch_size': 64}. Best is trial 0 with value: 0.1984969723853248.

Epoch 7/50 | train loss: 0.5603 | validation loss: 0.7907 | validation accuracy: 0.7047 | validation AP: 0.1851
Stopping at epoch 7: validation AP has not improved for 4 epochs.
Best epoch: 3 | validation AP: 0.2024 | epochs run: 7

Validation classification report:
              precision    recall  f1-score   support

  disengaged     0.2053    0.3735    0.2650       166
     engaged     0.9077    0.8100    0.8561      1263

    accuracy                         0.7593      1429
   macro avg     0.5565    0.5917    0.5605      1429
weighted avg     0.8261    0.7593    0.7874      1429

Confusion matrix (rows: actual, columns: predicted):
[[  62  104]
 [ 240 1023]]

 gru | 10fps/10s (confirmed on seeds [52, 53, 54, 55, 56])
  0.215 +/- 0.0121  (35487,) params  hidden_size=47, num_layers=3, dropout=0.0, learning_rate=0.005399484409787433, batch_size=64
  0.2136 +/- 0.0055  (6322,) params  hidden_size=40, num_layers=1, dropout=0.0, learning_rate=0.006586289317583112, batch_size=16
  Selected: hidden_size=47, num_layers=3, dropout=0.0, learning_rate=0.005399484409787433, batch_size=64  (AP 0.215, 35,487 parameters)
Epoch 1/50 | train loss: 0.6879 | validation loss: 0.6765 | validation accuracy: 0.6634 | validation AP: 0.1679
Epoch 2/50 | train loss: 0.6648 | validation loss: 0.7145 | validation accuracy: 0.8174 | validation AP: 0.1604
Epoch 3/50 | train loss: 0.6435 | validation loss: 0.7636 | validation accuracy: 0.795 | validation AP: 0.1874
Epoch 4/50 | train loss: 0.6398 | validation loss: 0.707 | validation accuracy: 0.7362 | validation AP: 0.1721
Epoch 5/50 | train loss: 0.6357 | validation loss: 0.7211 | validation accuracy: 0.739 | validation AP: 0.1562
Epoch 6/50 | train loss: 0.6307 | validation loss: 0.7117 | validation accuracy: 0.7355 | validation AP: 0.153
Epoch 7/50 | train loss: 0.6275 | validation loss: 0.7226 | validation accuracy: 0.7481 | validation AP: 0.1632
Stopping at epoch 7: validation AP has not improved for 4 epochs.
Best epoch: 3 | validation AP: 0.1874 | epochs run: 7

Validation classification report:
              precision    recall  f1-score   support

  disengaged     0.1809    0.2169    0.1973       166
     engaged     0.8943    0.8709    0.8825      1263

    accuracy                         0.7950      1429
   macro avg     0.5376    0.5439    0.5399      1429
weighted avg     0.8114    0.7950    0.8029      1429

Confusion matrix (rows: actual, columns: predicted):
[[  36  130]
 [ 163 1100]]
Epoch 1/50 | train loss: 0.6834 | validation loss: 0.7337 | validation accuracy: 0.7572 | validation AP: 0.1425
Epoch 2/50 | train loss: 0.6631 | validation loss: 0.6975 | validation accuracy: 0.8188 | validation AP: 0.1969
Epoch 3/50 | train loss: 0.6522 | validation loss: 0.7056 | validation accuracy: 0.7208 | validation AP: 0.1473
Epoch 4/50 | train loss: 0.6485 | validation loss: 0.7347 | validation accuracy: 0.7201 | validation AP: 0.1334
Epoch 5/50 | train loss: 0.6428 | validation loss: 0.6792 | validation accuracy: 0.6235 | validation AP: 0.1766
Epoch 6/50 | train loss: 0.6382 | validation loss: 0.7209 | validation accuracy: 0.8768 | validation AP: 0.1646
Stopping at epoch 6: validation AP has not improved for 4 epochs.
Best epoch: 2 | validation AP: 0.1969 | epochs run: 6

Validation classification report:
              precision    recall  f1-score   support

  disengaged     0.2402    0.2590    0.2493       166
     engaged     0.9016    0.8923    0.8969      1263

    accuracy                         0.8188      1429
   macro avg     0.5709    0.5757    0.5731      1429
weighted avg     0.8248    0.8188    0.8217      1429

Confusion matrix (rows: actual, columns: predicted):
[[  43  123]
 [ 136 1127]]
Epoch 1/50 | train loss: 0.6883 | validation loss: 0.745 | validation accuracy: 0.8314 | validation AP: 0.1632
Epoch 2/50 | train loss: 0.6707 | validation loss: 0.686 | validation accuracy: 0.6823 | validation AP: 0.1445
Epoch 3/50 | train loss: 0.6664 | validation loss: 0.6995 | validation accuracy: 0.8425 | validation AP: 0.2112
Epoch 4/50 | train loss: 0.6679 | validation loss: 0.7319 | validation accuracy: 0.8656 | validation AP: 0.1658
Epoch 5/50 | train loss: 0.6571 | validation loss: 0.6675 | validation accuracy: 0.7124 | validation AP: 0.1654
Epoch 6/50 | train loss: 0.6411 | validation loss: 0.6957 | validation accuracy: 0.6704 | validation AP: 0.1462
Epoch 7/50 | train loss: 0.6409 | validation loss: 0.6806 | validation accuracy: 0.6984 | validation AP: 0.1628
Stopping at epoch 7: validation AP has not improved for 4 epochs.
Best epoch: 3 | validation AP: 0.2112 | epochs run: 7

Validation classification report:
              precision    recall  f1-score   support

  disengaged     0.2342    0.1566    0.1877       166
     engaged     0.8938    0.9327    0.9128      1263

    accuracy                         0.8425      1429
   macro avg     0.5640    0.5447    0.5503      1429
weighted avg     0.8172    0.8425    0.8286      1429

Confusion matrix (rows: actual, columns: predicted):
[[  26  140]
 [  85 1178]]
Epoch 1/50 | train loss: 0.5649 | validation loss: 0.7484 | validation accuracy: 0.8719 | validation AP: 0.1585
Epoch 2/50 | train loss: 0.5192 | validation loss: 0.7516 | validation accuracy: 0.8803 | validation AP: 0.1923
Epoch 3/50 | train loss: 0.5195 | validation loss: 0.7899 | validation accuracy: 0.8677 | validation AP: 0.1879
Epoch 4/50 | train loss: 0.5218 | validation loss: 0.6889 | validation accuracy: 0.86 | validation AP: 0.2065
Epoch 5/50 | train loss: 0.5115 | validation loss: 0.7041 | validation accuracy: 0.8411 | validation AP: 0.1692
Epoch 6/50 | train loss: 0.5097 | validation loss: 0.7818 | validation accuracy: 0.8754 | validation AP: 0.199
Epoch 7/50 | train loss: 0.5099 | validation loss: 0.7382 | validation accuracy: 0.8446 | validation AP: 0.1792
Epoch 8/50 | train loss: 0.4984 | validation loss: 0.8034 | validation accuracy: 0.8691 | validation AP: 0.1892
Stopping at epoch 8: validation AP has not improved for 4 epochs.
Best epoch: 4 | validation AP: 0.2065 | epochs run: 8

Validation classification report:
              precision    recall  f1-score   support

  disengaged     0.2571    0.1084    0.1525       166
     engaged     0.8911    0.9588    0.9237      1263

    accuracy                         0.8600      1429
   macro avg     0.5741    0.5336    0.5381      1429
weighted avg     0.8175    0.8600    0.8341      1429

Confusion matrix (rows: actual, columns: predicted):
[[  18  148]
 [  52 1211]]
Epoch 1/50 | train loss: 0.5562 | validation loss: 0.7261 | validation accuracy: 0.8586 | validation AP: 0.1432
Epoch 2/50 | train loss: 0.5292 | validation loss: 0.7321 | validation accuracy: 0.8719 | validation AP: 0.1785
Epoch 3/50 | train loss: 0.5225 | validation loss: 0.7089 | validation accuracy: 0.8418 | validation AP: 0.1605
Epoch 4/50 | train loss: 0.5185 | validation loss: 0.7467 | validation accuracy: 0.8376 | validation AP: 0.154
Epoch 5/50 | train loss: 0.5154 | validation loss: 0.683 | validation accuracy: 0.8663 | validation AP: 0.221
Epoch 6/50 | train loss: 0.5147 | validation loss: 0.7181 | validation accuracy: 0.8188 | validation AP: 0.1628
Epoch 7/50 | train loss: 0.5104 | validation loss: 0.7142 | validation accuracy: 0.8383 | validation AP: 0.1708
Epoch 8/50 | train loss: 0.4974 | validation loss: 0.7577 | validation accuracy: 0.8558 | validation AP: 0.1878
Epoch 9/50 | train loss: 0.4946 | validation loss: 0.7834 | validation accuracy: 0.8439 | validation AP: 0.1688
Stopping at epoch 9: validation AP has not improved for 4 epochs.
Best epoch: 5 | validation AP: 0.221 | epochs run: 9

Validation classification report:
              precision    recall  f1-score   support

  disengaged     0.2807    0.0964    0.1435       166
     engaged     0.8907    0.9675    0.9275      1263

    accuracy                         0.8663      1429
   macro avg     0.5857    0.5320    0.5355      1429
weighted avg     0.8198    0.8663    0.8364      1429

Confusion matrix (rows: actual, columns: predicted):
[[  16  150]
 [  41 1222]]
Epoch 1/50 | train loss: 0.5489 | validation loss: 0.7023 | validation accuracy: 0.8621 | validation AP: 0.1634
Epoch 2/50 | train loss: 0.5268 | validation loss: 0.6785 | validation accuracy: 0.8293 | validation AP: 0.206[I 2026-10-09 01:10:20,288] Trial 1 finished with value: 0.21113079718979066 and parameters: {'hidden_size': 136, 'num_layers': 1, 'dropout': 0.25, 'learning_rate': 0.0003823475224675188, 'batch_size': 8}. Best is trial 1 with value: 0.21113079718979066.
[I 2026-10-09 01:10:56,650] Trial 2 finished with value: 0.1986526943820517 and parameters: {'hidden_size': 56, 'num_layers': 3, 'dropout': 0.5, 'learning_rate': 0.00021930485556643703, 'batch_size': 32}. Best is trial 1 with value: 0.21113079718979066.

Epoch 3/50 | train loss: 0.5209 | validation loss: 0.7545 | validation accuracy: 0.8789 | validation AP: 0.1944
Epoch 4/50 | train loss: 0.5235 | validation loss: 0.7044 | validation accuracy: 0.8712 | validation AP: 0.1788
Epoch 5/50 | train loss: 0.5033 | validation loss: 0.6786 | validation accuracy: 0.8607 | validation AP: 0.2003
Epoch 6/50 | train loss: 0.5041 | validation loss: 0.765 | validation accuracy: 0.8432 | validation AP: 0.1542
Stopping at epoch 6: validation AP has not improved for 4 epochs.
Best epoch: 2 | validation AP: 0.206 | epochs run: 6

Validation classification report:
              precision    recall  f1-score   support

  disengaged     0.2434    0.2229    0.2327       166
     engaged     0.8990    0.9089    0.9039      1263

    accuracy                         0.8293      1429
   macro avg     0.5712    0.5659    0.5683      1429
weighted avg     0.8228    0.8293    0.8260      1429

Confusion matrix (rows: actual, columns: predicted):
[[  37  129]
 [ 115 1148]]
Epoch 1/50 | train loss: 0.6825 | validation loss: 0.7255 | validation accuracy: 0.8838 | validation AP: 0.1872
Epoch 2/50 | train loss: 0.6769 | validation loss: 0.728 | validation accuracy: 0.8845 | validation AP: 0.1767
Epoch 3/50 | train loss: 0.653 | validation loss: 0.712 | validation accuracy: 0.7369 | validation AP: 0.1699
Epoch 4/50 | train loss: 0.6325 | validation loss: 0.7226 | validation accuracy: 0.7845 | validation AP: 0.1861
Epoch 5/50 | train loss: 0.6297 | validation loss: 0.7095 | validation accuracy: 0.7327 | validation AP: 0.1716
Stopping at epoch 5: validation AP has not improved for 4 epochs.
Best epoch: 1 | validation AP: 0.1872 | epochs run: 5

Validation classification report:
              precision    recall  f1-score   support

  disengaged     0.0000    0.0000    0.0000       166
     engaged     0.8838    1.0000    0.9383      1263

    accuracy                         0.8838      1429
   macro avg     0.4419    0.5000    0.4692      1429
weighted avg     0.7812    0.8838    0.8293      1429

Confusion matrix (rows: actual, columns: predicted):
[[   0  166]
 [   0 1263]]
Epoch 1/50 | train loss: 0.6969 | validation loss: 0.7136 | validation accuracy: 0.8838 | validation AP: 0.1742
Epoch 2/50 | train loss: 0.6759 | validation loss: 0.7233 | validation accuracy: 0.8593 | validation AP: 0.1716
Epoch 3/50 | train loss: 0.6527 | validation loss: 0.7349 | validation accuracy: 0.7824 | validation AP: 0.1536
Epoch 4/50 | train loss: 0.6414 | validation loss: 0.7298 | validation accuracy: 0.7383 | validation AP: 0.154
Epoch 5/50 | train loss: 0.6306 | validation loss: 0.7145 | validation accuracy: 0.7446 | validation AP: 0.1811
Epoch 6/50 | train loss: 0.6128 | validation loss: 0.7257 | validation accuracy: 0.7565 | validation AP: 0.1866
Epoch 7/50 | train loss: 0.6094 | validation loss: 0.7344 | validation accuracy: 0.76 | validation AP: 0.1926
Epoch 8/50 | train loss: 0.6056 | validation loss: 0.7853 | validation accuracy: 0.7824 | validation AP: 0.195
Epoch 9/50 | train loss: 0.601 | validation loss: 0.6929 | validation accuracy: 0.7264 | validation AP: 0.2058
Epoch 10/50 | train loss: 0.6007 | validation loss: 0.714 | validation accuracy: 0.7404 | validation AP: 0.1931
Epoch 11/50 | train loss: 0.5975 | validation loss: 0.7244 | validation accuracy: 0.7306 | validation AP: 0.1932
Epoch 12/50 | train loss: 0.5947 | validation loss: 0.7285 | validation accuracy: 0.7579 | validation AP: 0.1984
Epoch 13/50 | train loss: 0.5743 | validation loss: 0.8029 | validation accuracy: 0.746 | validation AP: 0.1978
Stopping at epoch 13: validation AP has not improved for 4 epochs.
Best epoch: 9 | validation AP: 0.2058 | epochs run: 13

Validation classification report:
              precision    recall  f1-score   support

  disengaged     0.2063    0.4759    0.2878       166
     engaged     0.9168    0.7593    0.8307      1263

    accuracy                         0.7264      1429
   macro avg     0.5615    0.6176    0.5592      1429
weighted avg     0.8343    0.7264    0.7676      1429

Confusion matrix (rows: actual, columns: predicted):
[[ 79  87]
 [304 959]]
Epoch 1/50 | train loss: 0.6841 | validation loss: 0.7335 | validation accuracy: 0.8838 | validation AP: 0.1789
Epoch 2/50 | train loss: 0.6731 | validation loss: 0.7342 | validation accuracy: 0.8649 | validation AP: 0.172
Epoch 3/50 | train loss: 0.656 | validation loss: 0.7436 | validation accuracy: 0.8034 | validation AP: 0.1728
Epoch 4/50 | train loss: 0.6315 | validation loss: 0.7354 | validation accuracy: 0.7579 | validation AP: 0.167
Epoch 5/50 | train loss: 0.6285 | validation loss: 0.6896 | validation accuracy: 0.7229 | validation AP: 0.1848
Epoch 6/50 | train loss: 0.6223 | validation loss: 0.7022 | validation accuracy: 0.7383 | validation AP: 0.1817
Epoch 7/50 | train loss: 0.614 | validation loss: 0.7239 | validation accuracy: 0.7635 | validation AP: 0.1882
Epoch 8/50 | train loss: 0.6011 | validation loss: 0.7239 | validation accuracy: 0.7257 | validation AP: 0.1709
Epoch 9/50 | train loss: 0.6041 | validation loss: 0.7293 | validation accuracy: 0.7775 | validation AP: 0.2011
Epoch 10/50 | train loss: 0.6121 | validation loss: 0.706 | validation accuracy: 0.7656 | validation AP: 0.2029
Epoch 11/50 | train loss: 0.6087 | validation loss: 0.7084 | validation accuracy: 0.7628 | validation AP: 0.2006
Epoch 12/50 | train loss: 0.5898 | validation loss: 0.7452 | validation accuracy: 0.7649 | validation AP: 0.1954
Epoch 13/50 | train loss: 0.5931 | validation loss: 0.7612 | validation accuracy: 0.7726 | validation AP: 0.19
Epoch 14/50 | train loss: 0.598 | validation loss: 0.6935 | validation accuracy: 0.7138 | validation AP: 0.1776
Stopping at epoch 14: validation AP has not improved for 4 epochs.
Best epoch: 10 | validation AP: 0.2029 | epochs run: 14

Validation classification report:
              precision    recall  f1-score   support

  disengaged     0.2014    0.3434    0.2539       166
     engaged     0.9049    0.8211    0.8609      1263

    accuracy                         0.7656      1429
   macro avg     0.5531    0.5822    0.5574      1429
weighted avg     0.8232    0.7656    0.7904      1429

Confusion matrix (rows: actual, columns: predicted):
[[  57  109]
 [ 226 1037]]
Epoch 1/50 | train loss: 0.6441 | validation loss: 0.7887 | validation accuracy: 0.8796 | validation AP: 0.1717
Epoch 2/50 | train loss: 0.6145 | validation loss: 0.8366 | validation accuracy: 0.8733 | validation AP: 0.1968
Epoch 3/50 | train loss: 0.6097 | validation loss: 0.7952 | validation accuracy: 0.8334 | validation AP: 0.1974
Epoch 4/50 | train loss: 0.6085 | validation loss: 0.738 | validation accuracy: 0.795 | validation AP: 0.1805
Epoch 5/50 | train loss: 0.5943 | validation loss: 0.7571 | validation accuracy: 0.8013 | validation AP: 0.1441
Epoch 6/50 | train loss: 0.5833 | validation loss: 0.8585 | validation accuracy: 0.8195 | validation AP: 0.1771
Epoch 7/50 | train loss: 0.5853 | validation loss: 0.7588 | validation accuracy: 0.7432 | validation AP: 0.1493
Stopping at epoch 7: validation AP has not improved for 4 epochs.
Best epoch: 3 | validation AP: 0.1974 | epochs run: 7

Validation classification report:
              precision    recall  f1-score   support

  disengaged     0.2188    0.1687    0.1905       166
     engaged     0.8939    0.9208    0.9072      1263

    accuracy                         0.8334      1429
   macro avg     0.5563    0.5447    0.5488      1429
weighted avg     0.8155    0.8334    0.8239      1429

Confusion matrix (rows: actual, columns: predicted):
[[  28  138]
 [ 100 1163]]
Epoch 1/50 | train loss: 0.6462 | validation loss: 0.7632 | validation accuracy: 0.8516 | validation AP: 0.1488
Epoch 2/50 | train loss: 0.6159 | validation loss: 0.7604 | validation accuracy: 0.809 | validation AP: 0.1484
Epoch 3/50 | train loss: 0.6179 | validation loss: 0.7213 | validation accuracy: 0.7985 | validation AP: 0.1771
Epoch 4/50 | train loss: 0.5997 | validation loss: 0.7822 | validation accuracy: 0.7726 | validation AP: 0.1389
Epoch 5/50 | train loss: 0.6012 | validation loss: 0.7334 | validation accuracy: 0.8111 | validation AP: 0.1899
Epoch 6/50 | train loss: 0.5938 | validation loss: 0.757 | validation accuracy: 0.7698 | validation AP: 0.1667[I 2026-10-09 01:11:54,523] Trial 3 finished with value: 0.19604523636948823 and parameters: {'hidden_size': 40, 'num_layers': 1, 'dropout': 0.0, 'learning_rate': 0.006586289317583112, 'batch_size': 16}. Best is trial 1 with value: 0.21113079718979066.
[I 2026-10-09 01:12:07,706] Trial 4 finished with value: 0.18630432513728676 and parameters: {'hidden_size': 70, 'num_layers': 1, 'dropout': 0.0, 'learning_rate': 0.0069782812651260325, 'batch_size': 64}. Best is trial 1 with value: 0.21113079718979066.

Epoch 7/50 | train loss: 0.5893 | validation loss: 0.7306 | validation accuracy: 0.7719 | validation AP: 0.1739
Epoch 8/50 | train loss: 0.5763 | validation loss: 0.7687 | validation accuracy: 0.8055 | validation AP: 0.1551
Epoch 9/50 | train loss: 0.5593 | validation loss: 0.7623 | validation accuracy: 0.7901 | validation AP: 0.1675
Stopping at epoch 9: validation AP has not improved for 4 epochs.
Best epoch: 5 | validation AP: 0.1899 | epochs run: 9

Validation classification report:
              precision    recall  f1-score   support

  disengaged     0.1867    0.1867    0.1867       166
     engaged     0.8931    0.8931    0.8931      1263

    accuracy                         0.8111      1429
   macro avg     0.5399    0.5399    0.5399      1429
weighted avg     0.8111    0.8111    0.8111      1429

Confusion matrix (rows: actual, columns: predicted):
[[  31  135]
 [ 135 1128]]
Epoch 1/50 | train loss: 0.6405 | validation loss: 0.7658 | validation accuracy: 0.8258 | validation AP: 0.1432
Epoch 2/50 | train loss: 0.622 | validation loss: 0.6892 | validation accuracy: 0.7803 | validation AP: 0.2008
Epoch 3/50 | train loss: 0.605 | validation loss: 0.7709 | validation accuracy: 0.83 | validation AP: 0.1613
Epoch 4/50 | train loss: 0.5979 | validation loss: 0.7182 | validation accuracy: 0.8125 | validation AP: 0.145
Epoch 5/50 | train loss: 0.5874 | validation loss: 0.7069 | validation accuracy: 0.7698 | validation AP: 0.1745
Epoch 6/50 | train loss: 0.576 | validation loss: 0.7809 | validation accuracy: 0.8223 | validation AP: 0.148
Stopping at epoch 6: validation AP has not improved for 4 epochs.
Best epoch: 2 | validation AP: 0.2008 | epochs run: 6

Validation classification report:
              precision    recall  f1-score   support

  disengaged     0.2176    0.3434    0.2664       166
     engaged     0.9066    0.8377    0.8708      1263

    accuracy                         0.7803      1429
   macro avg     0.5621    0.5905    0.5686      1429
weighted avg     0.8266    0.7803    0.8006      1429

Confusion matrix (rows: actual, columns: predicted):
[[  57  109]
 [ 205 1058]]
Epoch 1/50 | train loss: 0.6721 | validation loss: 0.7323 | validation accuracy: 0.7222 | validation AP: 0.1496
Epoch 2/50 | train loss: 0.6592 | validation loss: 0.711 | validation accuracy: 0.7439 | validation AP: 0.1508
Epoch 3/50 | train loss: 0.6419 | validation loss: 0.7159 | validation accuracy: 0.7642 | validation AP: 0.1839
Epoch 4/50 | train loss: 0.636 | validation loss: 0.7255 | validation accuracy: 0.7243 | validation AP: 0.1711
Epoch 5/50 | train loss: 0.6379 | validation loss: 0.7293 | validation accuracy: 0.746 | validation AP: 0.1589
Epoch 6/50 | train loss: 0.6244 | validation loss: 0.7059 | validation accuracy: 0.7173 | validation AP: 0.1609
Epoch 7/50 | train loss: 0.6181 | validation loss: 0.7263 | validation accuracy: 0.7173 | validation AP: 0.157
Stopping at epoch 7: validation AP has not improved for 4 epochs.
Best epoch: 3 | validation AP: 0.1839 | epochs run: 7

Validation classification report:
              precision    recall  f1-score   support

  disengaged     0.2082    0.3675    0.2658       166
     engaged     0.9076    0.8163    0.8595      1263

    accuracy                         0.7642      1429
   macro avg     0.5579    0.5919    0.5627      1429
weighted avg     0.8263    0.7642    0.7906      1429

Confusion matrix (rows: actual, columns: predicted):
[[  61  105]
 [ 232 1031]]
Epoch 1/50 | train loss: 0.6758 | validation loss: 0.7023 | validation accuracy: 0.6739 | validation AP: 0.1409
Epoch 2/50 | train loss: 0.6566 | validation loss: 0.6708 | validation accuracy: 0.711 | validation AP: 0.1948
Epoch 3/50 | train loss: 0.642 | validation loss: 0.726 | validation accuracy: 0.6998 | validation AP: 0.145
Epoch 4/50 | train loss: 0.6405 | validation loss: 0.7241 | validation accuracy: 0.7061 | validation AP: 0.1648
Epoch 5/50 | train loss: 0.6369 | validation loss: 0.7051 | validation accuracy: 0.7299 | validation AP: 0.1785
Epoch 6/50 | train loss: 0.6339 | validation loss: 0.749 | validation accuracy: 0.7159 | validation AP: 0.1473
Stopping at epoch 6: validation AP has not improved for 4 epochs.
Best epoch: 2 | validation AP: 0.1948 | epochs run: 6

Validation classification report:
              precision    recall  f1-score   support

  disengaged     0.1905    0.4578    0.2690       166
     engaged     0.9126    0.7443    0.8199      1263

    accuracy                         0.7110      1429
   macro avg     0.5515    0.6010    0.5445      1429
weighted avg     0.8287    0.7110    0.7559      1429

Confusion matrix (rows: actual, columns: predicted):
[[ 76  90]
 [323 940]]
Epoch 1/50 | train loss: 0.6784 | validation loss: 0.7281 | validation accuracy: 0.7691 | validation AP: 0.1598
Epoch 2/50 | train loss: 0.6498 | validation loss: 0.6724 | validation accuracy: 0.648 | validation AP: 0.1802
Epoch 3/50 | train loss: 0.6464 | validation loss: 0.7127 | validation accuracy: 0.7432 | validation AP: 0.1762
Epoch 4/50 | train loss: 0.6372 | validation loss: 0.7294 | validation accuracy: 0.8293 | validation AP: 0.159
Epoch 5/50 | train loss: 0.6377 | validation loss: 0.6869 | validation accuracy: 0.6851 | validation AP: 0.168
Epoch 6/50 | train loss: 0.6212 | validation loss: 0.7318 | validation accuracy: 0.7033 | validation AP: 0.1523
Stopping at epoch 6: validation AP has not improved for 4 epochs.
Best epoch: 2 | validation AP: 0.1802 | epochs run: 6

Validation classification report:
              precision    recall  f1-score   support

  disengaged     0.1728    0.5361    0.2614       166
     engaged     0.9158    0.6627    0.7689      1263

    accuracy                         0.6480      1429
   macro avg     0.5443    0.5994    0.5152      1429
weighted avg     0.8295    0.6480    0.7100      1429

Confusion matrix (rows: actual, columns: predicted):
[[ 89  77]
 [426 837]]
Epoch 1/50 | train loss: 0.6363 | validation loss: 0.7509 | validation accuracy: 0.8272 | validation AP: 0.1478
Epoch 2/50 | train loss: 0.6041 | validation loss: 0.772 | validation accuracy: 0.8684 | validation AP: 0.1979
Epoch 3/50 | train loss: 0.5987 | validation loss: 0.7916 | validation accuracy: 0.8132 | validation AP: 0.1778
Epoch 4/50 | train loss: 0.6037 | validation loss: 0.7393 | validation accuracy: 0.8048 | validation AP: 0.1858
Epoch 5/50 | train loss: 0.5937 | validation loss: 0.7737 | validation accuracy: 0.8362 | validation AP: 0.1568
Epoch 6/50 | train loss: 0.5914 | validation loss: 0.8112 | validation accuracy: 0.8348 | validation AP: 0.1493
Stopping at epoch 6: validation AP has not improved for 4 epochs.
Best epoch: 2 | validation AP: 0.1979 | epochs run: 6

Validation classification report:
              precision    recall  f1-score   support

  disengaged     0.2381    0.0602    0.0962       166
     engaged     0.8875    0.9747    0.9291      1263

    accuracy                         0.8684      1429
   macro avg     0.5628    0.5175    0.5126      1429
weighted avg     0.8121    0.8684    0.8323      1429

Confusion matrix (rows: actual, columns: predicted):
[[  10  156]
 [  32 1231]]
Epoch 1/50 | train loss: 0.6421 | validation loss: 0.7557 | validation accuracy: 0.8334 | validation AP: 0.1415
Epoch 2/50 | train loss: 0.6094 | validation loss: 0.7289 | validation accuracy: 0.8167 | validation AP: 0.1769
Epoch 3/50 | train loss: 0.6183 | validation loss: 0.7302 | validation accuracy: 0.8272 | validation AP: 0.1258
Epoch 4/50 | train loss: 0.6286 | validation loss: 0.763 | validation accuracy: 0.7964 | validation AP: 0.1286
Epoch 5/50 | train loss: 0.619 | validation loss: 0.7161 | validation accuracy: 0.8097 | validation AP: 0.1791
Epoch 6/50 | train loss: 0.6075 | validation loss: 0.7395 | validation accuracy: 0.7439 | validation AP: 0.1324
Epoch 7/50 | train loss: 0.6094 | validation loss: 0.7251 | validation accuracy: 0.7754 | validation AP: 0.1856
Epoch 8/50 | train loss: 0.5957 | validation loss: 0.7715 | validation accuracy: 0.8013 | validation AP: 0.1693
Epoch 9/50 | train loss: 0.5781 | validation loss: 0.7789 | validation accuracy: 0.7789 | validation AP: 0.1581
Epoch 10/50 | train loss: 0.5712 | validation loss: 0.7592 | validation accuracy: 0.7971 | validation AP: 0.1774[I 2026-10-09 01:13:20,921] Trial 5 finished with value: 0.194769159898041 and parameters: {'hidden_size': 48, 'num_layers': 1, 'dropout': 0.0, 'learning_rate': 0.0040215545266902904, 'batch_size': 16}. Best is trial 1 with value: 0.21113079718979066.
[I 2026-10-09 01:17:32,043] Trial 6 finished with value: 0.183571891842188 and parameters: {'hidden_size': 20, 'num_layers': 3, 'dropout': 0.1, 'learning_rate': 0.0001705053926026929, 'batch_size': 8}. Best is trial 1 with value: 0.21113079718979066.

Epoch 11/50 | train loss: 0.5617 | validation loss: 0.7471 | validation accuracy: 0.7677 | validation AP: 0.1708
Stopping at epoch 11: validation AP has not improved for 4 epochs.
Best epoch: 7 | validation AP: 0.1856 | epochs run: 11

Validation classification report:
              precision    recall  f1-score   support

  disengaged     0.2097    0.3373    0.2587       166
     engaged     0.9053    0.8329    0.8676      1263

    accuracy                         0.7754      1429
   macro avg     0.5575    0.5851    0.5631      1429
weighted avg     0.8245    0.7754    0.7969      1429

Confusion matrix (rows: actual, columns: predicted):
[[  56  110]
 [ 211 1052]]
Epoch 1/50 | train loss: 0.6353 | validation loss: 0.7715 | validation accuracy: 0.8362 | validation AP: 0.1489
Epoch 2/50 | train loss: 0.6129 | validation loss: 0.6962 | validation accuracy: 0.7397 | validation AP: 0.2008
Epoch 3/50 | train loss: 0.6033 | validation loss: 0.7674 | validation accuracy: 0.8328 | validation AP: 0.1708
Epoch 4/50 | train loss: 0.5934 | validation loss: 0.7304 | validation accuracy: 0.7838 | validation AP: 0.1397
Epoch 5/50 | train loss: 0.5904 | validation loss: 0.6946 | validation accuracy: 0.774 | validation AP: 0.1832
Epoch 6/50 | train loss: 0.5801 | validation loss: 0.7457 | validation accuracy: 0.7887 | validation AP: 0.1498
Stopping at epoch 6: validation AP has not improved for 4 epochs.
Best epoch: 2 | validation AP: 0.2008 | epochs run: 6

Validation classification report:
              precision    recall  f1-score   support

  disengaged     0.1953    0.3976    0.2619       166
     engaged     0.9083    0.7846    0.8420      1263

    accuracy                         0.7397      1429
   macro avg     0.5518    0.5911    0.5519      1429
weighted avg     0.8255    0.7397    0.7746      1429

Confusion matrix (rows: actual, columns: predicted):
[[ 66 100]
 [272 991]]
Epoch 1/50 | train loss: 0.5838 | validation loss: 0.7704 | validation accuracy: 0.8838 | validation AP: 0.122
Epoch 2/50 | train loss: 0.529 | validation loss: 0.7765 | validation accuracy: 0.8838 | validation AP: 0.1308
Epoch 3/50 | train loss: 0.5304 | validation loss: 0.7751 | validation accuracy: 0.8838 | validation AP: 0.1402
Epoch 4/50 | train loss: 0.5321 | validation loss: 0.7391 | validation accuracy: 0.8838 | validation AP: 0.1476
Epoch 5/50 | train loss: 0.5142 | validation loss: 0.7285 | validation accuracy: 0.8705 | validation AP: 0.1493
Epoch 6/50 | train loss: 0.5131 | validation loss: 0.7632 | validation accuracy: 0.8712 | validation AP: 0.1603
Epoch 7/50 | train loss: 0.5103 | validation loss: 0.7325 | validation accuracy: 0.8321 | validation AP: 0.1569
Epoch 8/50 | train loss: 0.4992 | validation loss: 0.788 | validation accuracy: 0.8628 | validation AP: 0.1702
Epoch 9/50 | train loss: 0.4966 | validation loss: 0.7222 | validation accuracy: 0.8202 | validation AP: 0.1642
Epoch 10/50 | train loss: 0.4921 | validation loss: 0.7061 | validation accuracy: 0.7978 | validation AP: 0.1623
Epoch 11/50 | train loss: 0.4799 | validation loss: 0.7286 | validation accuracy: 0.8293 | validation AP: 0.1737
Epoch 12/50 | train loss: 0.4924 | validation loss: 0.7598 | validation accuracy: 0.8328 | validation AP: 0.1773
Epoch 13/50 | train loss: 0.4884 | validation loss: 0.7343 | validation accuracy: 0.8013 | validation AP: 0.1748
Epoch 14/50 | train loss: 0.4875 | validation loss: 0.7026 | validation accuracy: 0.7943 | validation AP: 0.171
Epoch 15/50 | train loss: 0.4857 | validation loss: 0.7142 | validation accuracy: 0.7866 | validation AP: 0.1685
Epoch 16/50 | train loss: 0.4748 | validation loss: 0.6994 | validation accuracy: 0.7754 | validation AP: 0.1728
Stopping at epoch 16: validation AP has not improved for 4 epochs.
Best epoch: 12 | validation AP: 0.1773 | epochs run: 16

Validation classification report:
              precision    recall  f1-score   support

  disengaged     0.2171    0.1687    0.1898       166
     engaged     0.8938    0.9200    0.9067      1263

    accuracy                         0.8328      1429
   macro avg     0.5555    0.5444    0.5483      1429
weighted avg     0.8152    0.8328    0.8235      1429

Confusion matrix (rows: actual, columns: predicted):
[[  28  138]
 [ 101 1162]]
Epoch 1/50 | train loss: 0.6001 | validation loss: 0.7471 | validation accuracy: 0.8838 | validation AP: 0.158
Epoch 2/50 | train loss: 0.5361 | validation loss: 0.7419 | validation accuracy: 0.8838 | validation AP: 0.1617
Epoch 3/50 | train loss: 0.5308 | validation loss: 0.7145 | validation accuracy: 0.8747 | validation AP: 0.1572
Epoch 4/50 | train loss: 0.518 | validation loss: 0.7336 | validation accuracy: 0.853 | validation AP: 0.1599
Epoch 5/50 | train loss: 0.5187 | validation loss: 0.718 | validation accuracy: 0.8439 | validation AP: 0.1713
Epoch 6/50 | train loss: 0.507 | validation loss: 0.7162 | validation accuracy: 0.8286 | validation AP: 0.1731
Epoch 7/50 | train loss: 0.5052 | validation loss: 0.72 | validation accuracy: 0.8286 | validation AP: 0.1799
Epoch 8/50 | train loss: 0.4939 | validation loss: 0.7258 | validation accuracy: 0.8174 | validation AP: 0.1784
Epoch 9/50 | train loss: 0.491 | validation loss: 0.7181 | validation accuracy: 0.8125 | validation AP: 0.1743
Epoch 10/50 | train loss: 0.4989 | validation loss: 0.6997 | validation accuracy: 0.8069 | validation AP: 0.1743
Epoch 11/50 | train loss: 0.4955 | validation loss: 0.7208 | validation accuracy: 0.8167 | validation AP: 0.178
Stopping at epoch 11: validation AP has not improved for 4 epochs.
Best epoch: 7 | validation AP: 0.1799 | epochs run: 11

Validation classification report:
              precision    recall  f1-score   support

  disengaged     0.2238    0.1928    0.2071       166
     engaged     0.8958    0.9121    0.9039      1263

    accuracy                         0.8286      1429
   macro avg     0.5598    0.5524    0.5555      1429
weighted avg     0.8177    0.8286    0.8229      1429

Confusion matrix (rows: actual, columns: predicted):
[[  32  134]
 [ 111 1152]]
Epoch 1/50 | train loss: 0.5755 | validation loss: 0.7593 | validation accuracy: 0.8838 | validation AP: 0.1334
Epoch 2/50 | train loss: 0.5466 | validation loss: 0.7392 | validation accuracy: 0.8838 | validation AP: 0.1451
Epoch 3/50 | train loss: 0.5402 | validation loss: 0.759 | validation accuracy: 0.8838 | validation AP: 0.158
Epoch 4/50 | train loss: 0.5318 | validation loss: 0.7272 | validation accuracy: 0.8838 | validation AP: 0.1677
Epoch 5/50 | train loss: 0.5152 | validation loss: 0.709 | validation accuracy: 0.8831 | validation AP: 0.1743
Epoch 6/50 | train loss: 0.507 | validation loss: 0.748 | validation accuracy: 0.8656 | validation AP: 0.1696
Epoch 7/50 | train loss: 0.5039 | validation loss: 0.7152 | validation accuracy: 0.8404 | validation AP: 0.1731
Epoch 8/50 | train loss: 0.4935 | validation loss: 0.712 | validation accuracy: 0.8446 | validation AP: 0.1843
Epoch 9/50 | train loss: 0.4935 | validation loss: 0.7398 | validation accuracy: 0.8453 | validation AP: 0.1906
Epoch 10/50 | train loss: 0.4999 | validation loss: 0.7065 | validation accuracy: 0.8446 | validation AP: 0.1936
Epoch 11/50 | train loss: 0.4925 | validation loss: 0.7491 | validation accuracy: 0.846 | validation AP: 0.1866
Epoch 12/50 | train loss: 0.4814 | validation loss: 0.7628 | validation accuracy: 0.8509 | validation AP: 0.1903
Epoch 13/50 | train loss: 0.4874 | validation loss: 0.7597 | validation accuracy: 0.8425 | validation AP: 0.1904
Epoch 14/50 | train loss: 0.4895 | validation loss: 0.6825 | validation accuracy: 0.8104 | validation AP: 0.1825
Stopping at epoch 14: validation AP has not improved for 4 epochs.
Best epoch: 10 | validation AP: 0.1936 | epochs run: 14

Validation classification report:
              precision    recall  f1-score   support

  disengaged     0.2200    0.1325    0.1654       166
     engaged     0.8916    0.9382    0.9144      1263

    accuracy                         0.8446      1429
   macro avg     0.5558    0.5354    0.5399      1429
weighted avg     0.8136    0.8446    0.8274      1429

Confusion matrix (rows: actual, columns: predicted):
[[  22  144]
 [  78 1185]]
Epoch 1/50 | train loss: 0.6669 | validation loss: 0.7104 | validation accuracy: 0.7474 | validation AP: 0.1588[I 2026-10-09 01:18:00,482] Trial 7 finished with value: 0.18717955749225212 and parameters: {'hidden_size': 40, 'num_layers': 1, 'dropout': 0.1, 'learning_rate': 0.0026698666742744613, 'batch_size': 32}. Best is trial 1 with value: 0.21113079718979066.

Epoch 2/50 | train loss: 0.641 | validation loss: 0.7408 | validation accuracy: 0.816 | validation AP: 0.1634
Epoch 3/50 | train loss: 0.6259 | validation loss: 0.7622 | validation accuracy: 0.8097 | validation AP: 0.1875
Epoch 4/50 | train loss: 0.6197 | validation loss: 0.7384 | validation accuracy: 0.7733 | validation AP: 0.1743
Epoch 5/50 | train loss: 0.6187 | validation loss: 0.7648 | validation accuracy: 0.7754 | validation AP: 0.154
Epoch 6/50 | train loss: 0.6119 | validation loss: 0.7743 | validation accuracy: 0.8104 | validation AP: 0.1775
Epoch 7/50 | train loss: 0.5991 | validation loss: 0.7616 | validation accuracy: 0.7705 | validation AP: 0.1676
Stopping at epoch 7: validation AP has not improved for 4 epochs.
Best epoch: 3 | validation AP: 0.1875 | epochs run: 7

Validation classification report:
              precision    recall  f1-score   support

  disengaged     0.2452    0.3072    0.2727       166
     engaged     0.9058    0.8757    0.8905      1263

    accuracy                         0.8097      1429
   macro avg     0.5755    0.5915    0.5816      1429
weighted avg     0.8291    0.8097    0.8187      1429

Confusion matrix (rows: actual, columns: predicted):
[[  51  115]
 [ 157 1106]]
Epoch 1/50 | train loss: 0.666 | validation loss: 0.7132 | validation accuracy: 0.7117 | validation AP: 0.1549
Epoch 2/50 | train loss: 0.6449 | validation loss: 0.6761 | validation accuracy: 0.7383 | validation AP: 0.1837
Epoch 3/50 | train loss: 0.632 | validation loss: 0.7619 | validation accuracy: 0.802 | validation AP: 0.1599
Epoch 4/50 | train loss: 0.626 | validation loss: 0.7723 | validation accuracy: 0.7369 | validation AP: 0.1391
Epoch 5/50 | train loss: 0.6137 | validation loss: 0.7244 | validation accuracy: 0.7831 | validation AP: 0.1886
Epoch 6/50 | train loss: 0.6119 | validation loss: 0.7407 | validation accuracy: 0.7803 | validation AP: 0.1751
Epoch 7/50 | train loss: 0.6031 | validation loss: 0.7664 | validation accuracy: 0.816 | validation AP: 0.1792
Epoch 8/50 | train loss: 0.5946 | validation loss: 0.7756 | validation accuracy: 0.7964 | validation AP: 0.1751
Epoch 9/50 | train loss: 0.5873 | validation loss: 0.7355 | validation accuracy: 0.7292 | validation AP: 0.1565
Stopping at epoch 9: validation AP has not improved for 4 epochs.
Best epoch: 5 | validation AP: 0.1886 | epochs run: 9

Validation classification report:
              precision    recall  f1-score   support

  disengaged     0.2209    0.3434    0.2689       166
     engaged     0.9069    0.8409    0.8726      1263

    accuracy                         0.7831      1429
   macro avg     0.5639    0.5921    0.5708      1429
weighted avg     0.8272    0.7831    0.8025      1429

Confusion matrix (rows: actual, columns: predicted):
[[  57  109]
 [ 201 1062]]
Epoch 1/50 | train loss: 0.6693 | validation loss: 0.7514 | validation accuracy: 0.8069 | validation AP: 0.1486
Epoch 2/50 | train loss: 0.6401 | validation loss: 0.6978 | validation accuracy: 0.6942 | validation AP: 0.1746
Epoch 3/50 | train loss: 0.6281 | validation loss: 0.7254 | validation accuracy: 0.7824 | validation AP: 0.1788
Epoch 4/50 | train loss: 0.6221 | validation loss: 0.7522 | validation accuracy: 0.7789 | validation AP: 0.1544
Epoch 5/50 | train loss: 0.6164 | validation loss: 0.7005 | validation accuracy: 0.7299 | validation AP: 0.1799
Epoch 6/50 | train loss: 0.6151 | validation loss: 0.7322 | validation accuracy: 0.7369 | validation AP: 0.1586
Epoch 7/50 | train loss: 0.6046 | validation loss: 0.7306 | validation accuracy: 0.7306 | validation AP: 0.1702
Epoch 8/50 | train loss: 0.587 | validation loss: 0.7447 | validation accuracy: 0.7523 | validation AP: 0.1637
Epoch 9/50 | train loss: 0.5983 | validation loss: 0.7498 | validation accuracy: 0.7656 | validation AP: 0.1854
Epoch 10/50 | train loss: 0.5893 | validation loss: 0.7293 | validation accuracy: 0.7362 | validation AP: 0.1689
Epoch 11/50 | train loss: 0.6039 | validation loss: 0.747 | validation accuracy: 0.7537 | validation AP: 0.1685
Epoch 12/50 | train loss: 0.5833 | validation loss: 0.7438 | validation accuracy: 0.7649 | validation AP: 0.1825
Epoch 13/50 | train loss: 0.5755 | validation loss: 0.7921 | validation accuracy: 0.7551 | validation AP: 0.1562
Stopping at epoch 13: validation AP has not improved for 4 epochs.
Best epoch: 9 | validation AP: 0.1854 | epochs run: 13

Validation classification report:
              precision    recall  f1-score   support

  disengaged     0.2014    0.3434    0.2539       166
     engaged     0.9049    0.8211    0.8609      1263

    accuracy                         0.7656      1429
   macro avg     0.5531    0.5822    0.5574      1429
weighted avg     0.8232    0.7656    0.7904      1429

Confusion matrix (rows: actual, columns: predicted):
[[  57  109]
 [ 226 1037]]
Epoch 1/50 | train loss: 0.5525 | validation loss: 0.7584 | validation accuracy: 0.8586 | validation AP: 0.15
Epoch 2/50 | train loss: 0.5187 | validation loss: 0.7673 | validation accuracy: 0.8712 | validation AP: 0.1768
Epoch 3/50 | train loss: 0.5187 | validation loss: 0.7751 | validation accuracy: 0.8579 | validation AP: 0.195
Epoch 4/50 | train loss: 0.5195 | validation loss: 0.7096 | validation accuracy: 0.8432 | validation AP: 0.1717
Epoch 5/50 | train loss: 0.5057 | validation loss: 0.7408 | validation accuracy: 0.8314 | validation AP: 0.1511
Epoch 6/50 | train loss: 0.5077 | validation loss: 0.7484 | validation accuracy: 0.8775 | validation AP: 0.1817
Epoch 7/50 | train loss: 0.5238 | validation loss: 0.7411 | validation accuracy: 0.8334 | validation AP: 0.1713
Stopping at epoch 7: validation AP has not improved for 4 epochs.
Best epoch: 3 | validation AP: 0.195 | epochs run: 7

Validation classification report:
              precision    recall  f1-score   support

  disengaged     0.1967    0.0723    0.1057       166
     engaged     0.8874    0.9612    0.9228      1263

    accuracy                         0.8579      1429
   macro avg     0.5421    0.5167    0.5143      1429
weighted avg     0.8072    0.8579    0.8279      1429

Confusion matrix (rows: actual, columns: predicted):
[[  12  154]
 [  49 1214]]
Epoch 1/50 | train loss: 0.5557 | validation loss: 0.7692 | validation accuracy: 0.8635 | validation AP: 0.1467
Epoch 2/50 | train loss: 0.5309 | validation loss: 0.7605 | validation accuracy: 0.867 | validation AP: 0.1596
Epoch 3/50 | train loss: 0.5297 | validation loss: 0.7166 | validation accuracy: 0.8425 | validation AP: 0.157
Epoch 4/50 | train loss: 0.5169 | validation loss: 0.8003 | validation accuracy: 0.8369 | validation AP: 0.1426
Epoch 5/50 | train loss: 0.5156 | validation loss: 0.7198 | validation accuracy: 0.8502 | validation AP: 0.197
Epoch 6/50 | train loss: 0.5088 | validation loss: 0.7344 | validation accuracy: 0.8146 | validation AP: 0.1573
Epoch 7/50 | train loss: 0.5094 | validation loss: 0.7362 | validation accuracy: 0.8544 | validation AP: 0.1657
Epoch 8/50 | train loss: 0.4954 | validation loss: 0.7148 | validation accuracy: 0.8509 | validation AP: 0.1831
Epoch 9/50 | train loss: 0.4946 | validation loss: 0.7464 | validation accuracy: 0.8167 | validation AP: 0.1703
Stopping at epoch 9: validation AP has not improved for 4 epochs.
Best epoch: 5 | validation AP: 0.197 | epochs run: 9

Validation classification report:
              precision    recall  f1-score   support

  disengaged     0.2692    0.1687    0.2074       166
     engaged     0.8958    0.9398    0.9173      1263

    accuracy                         0.8502      1429
   macro avg     0.5825    0.5543    0.5624      1429
weighted avg     0.8231    0.8502    0.8348      1429

Confusion matrix (rows: actual, columns: predicted):
[[  28  138]
 [  76 1187]]
Epoch 1/50 | train loss: 0.5458 | validation loss: 0.7121 | validation accuracy: 0.8348 | validation AP: 0.1673
Epoch 2/50 | train loss: 0.5396 | validation loss: 0.6656 | validation accuracy: 0.853 | validation AP: 0.1686
Epoch 3/50 | train loss: 0.5271 | validation loss: 0.7611 | validation accuracy: 0.8733 | validation AP: 0.1705
Epoch 4/50 | train loss: 0.5233 | validation loss: 0.7117 | validation accuracy: 0.8642 | validation AP: 0.1551
Epoch 5/50 | train loss: 0.5011 | validation loss: 0.6811 | validation accuracy: 0.8397 | validation AP: 0.1869[I 2026-10-09 01:19:53,449] Trial 8 finished with value: 0.19296817680362058 and parameters: {'hidden_size': 66, 'num_layers': 2, 'dropout': 0.25, 'learning_rate': 0.0010402587615883842, 'batch_size': 8}. Best is trial 1 with value: 0.21113079718979066.
[I 2026-10-09 01:20:16,470] Trial 9 finished with value: 0.18280218084685215 and parameters: {'hidden_size': 33, 'num_layers': 1, 'dropout': 0.1, 'learning_rate': 0.005532496914298506, 'batch_size': 32}. Best is trial 1 with value: 0.21113079718979066.

Epoch 6/50 | train loss: 0.5015 | validation loss: 0.7738 | validation accuracy: 0.8474 | validation AP: 0.1514
Epoch 7/50 | train loss: 0.5032 | validation loss: 0.7261 | validation accuracy: 0.8376 | validation AP: 0.1618
Epoch 8/50 | train loss: 0.4854 | validation loss: 0.7341 | validation accuracy: 0.8502 | validation AP: 0.1786
Epoch 9/50 | train loss: 0.4939 | validation loss: 0.7839 | validation accuracy: 0.8628 | validation AP: 0.1813
Stopping at epoch 9: validation AP has not improved for 4 epochs.
Best epoch: 5 | validation AP: 0.1869 | epochs run: 9

Validation classification report:
              precision    recall  f1-score   support

  disengaged     0.2558    0.1988    0.2237       166
     engaged     0.8977    0.9240    0.9107      1263

    accuracy                         0.8397      1429
   macro avg     0.5768    0.5614    0.5672      1429
weighted avg     0.8231    0.8397    0.8309      1429

Confusion matrix (rows: actual, columns: predicted):
[[  33  133]
 [  96 1167]]
Epoch 1/50 | train loss: 0.6706 | validation loss: 0.7135 | validation accuracy: 0.7768 | validation AP: 0.1644
Epoch 2/50 | train loss: 0.6574 | validation loss: 0.7239 | validation accuracy: 0.8069 | validation AP: 0.1775
Epoch 3/50 | train loss: 0.6337 | validation loss: 0.768 | validation accuracy: 0.8202 | validation AP: 0.194
Epoch 4/50 | train loss: 0.6311 | validation loss: 0.7142 | validation accuracy: 0.746 | validation AP: 0.1736
Epoch 5/50 | train loss: 0.6288 | validation loss: 0.7132 | validation accuracy: 0.7152 | validation AP: 0.1587
Epoch 6/50 | train loss: 0.6255 | validation loss: 0.7695 | validation accuracy: 0.7943 | validation AP: 0.1751
Epoch 7/50 | train loss: 0.6093 | validation loss: 0.7834 | validation accuracy: 0.7474 | validation AP: 0.154
Stopping at epoch 7: validation AP has not improved for 4 epochs.
Best epoch: 3 | validation AP: 0.194 | epochs run: 7

Validation classification report:
              precision    recall  f1-score   support

  disengaged     0.2486    0.2711    0.2594       166
     engaged     0.9030    0.8923    0.8977      1263

    accuracy                         0.8202      1429
   macro avg     0.5758    0.5817    0.5785      1429
weighted avg     0.8270    0.8202    0.8235      1429

Confusion matrix (rows: actual, columns: predicted):
[[  45  121]
 [ 136 1127]]
Epoch 1/50 | train loss: 0.6661 | validation loss: 0.7209 | validation accuracy: 0.7194 | validation AP: 0.1448
Epoch 2/50 | train loss: 0.6436 | validation loss: 0.6892 | validation accuracy: 0.7418 | validation AP: 0.1694
Epoch 3/50 | train loss: 0.6397 | validation loss: 0.7379 | validation accuracy: 0.7698 | validation AP: 0.1492
Epoch 4/50 | train loss: 0.6386 | validation loss: 0.7476 | validation accuracy: 0.7271 | validation AP: 0.1456
Epoch 5/50 | train loss: 0.6289 | validation loss: 0.7481 | validation accuracy: 0.767 | validation AP: 0.1713
Epoch 6/50 | train loss: 0.6253 | validation loss: 0.7543 | validation accuracy: 0.7607 | validation AP: 0.1587
Epoch 7/50 | train loss: 0.6133 | validation loss: 0.7608 | validation accuracy: 0.7908 | validation AP: 0.1682
Epoch 8/50 | train loss: 0.6026 | validation loss: 0.7749 | validation accuracy: 0.7999 | validation AP: 0.1675
Epoch 9/50 | train loss: 0.6031 | validation loss: 0.759 | validation accuracy: 0.7397 | validation AP: 0.1544
Stopping at epoch 9: validation AP has not improved for 4 epochs.
Best epoch: 5 | validation AP: 0.1713 | epochs run: 9

Validation classification report:
              precision    recall  f1-score   support

  disengaged     0.1919    0.3133    0.2380       166
     engaged     0.9016    0.8266    0.8625      1263

    accuracy                         0.7670      1429
   macro avg     0.5467    0.5699    0.5502      1429
weighted avg     0.8191    0.7670    0.7899      1429

Confusion matrix (rows: actual, columns: predicted):
[[  52  114]
 [ 219 1044]]
Epoch 1/50 | train loss: 0.6675 | validation loss: 0.753 | validation accuracy: 0.8041 | validation AP: 0.1423
Epoch 2/50 | train loss: 0.6424 | validation loss: 0.6898 | validation accuracy: 0.6235 | validation AP: 0.1831
Epoch 3/50 | train loss: 0.6362 | validation loss: 0.7713 | validation accuracy: 0.8209 | validation AP: 0.1556
Epoch 4/50 | train loss: 0.6176 | validation loss: 0.7525 | validation accuracy: 0.8041 | validation AP: 0.1277
Epoch 5/50 | train loss: 0.6271 | validation loss: 0.7015 | validation accuracy: 0.7047 | validation AP: 0.158
Epoch 6/50 | train loss: 0.6172 | validation loss: 0.6993 | validation accuracy: 0.7047 | validation AP: 0.1613
Stopping at epoch 6: validation AP has not improved for 4 epochs.
Best epoch: 2 | validation AP: 0.1831 | epochs run: 6

Validation classification report:
              precision    recall  f1-score   support

  disengaged     0.1630    0.5422    0.2507       166
     engaged     0.9133    0.6342    0.7486      1263

    accuracy                         0.6235      1429
   macro avg     0.5382    0.5882    0.4996      1429
weighted avg     0.8262    0.6235    0.6908      1429

Confusion matrix (rows: actual, columns: predicted):
[[ 90  76]
 [462 801]]
Epoch 1/50 | train loss: 0.5646 | validation loss: 0.8017 | validation accuracy: 0.8824 | validation AP: 0.1368
Epoch 2/50 | train loss: 0.5241 | validation loss: 0.7941 | validation accuracy: 0.867 | validation AP: 0.1601
Epoch 3/50 | train loss: 0.5256 | validation loss: 0.8072 | validation accuracy: 0.8544 | validation AP: 0.1659
Epoch 4/50 | train loss: 0.5234 | validation loss: 0.7611 | validation accuracy: 0.8446 | validation AP: 0.159
Epoch 5/50 | train loss: 0.5089 | validation loss: 0.7222 | validation accuracy: 0.8369 | validation AP: 0.164
Epoch 6/50 | train loss: 0.5 | validation loss: 0.7988 | validation accuracy: 0.853 | validation AP: 0.1702
Epoch 7/50 | train loss: 0.5079 | validation loss: 0.7234 | validation accuracy: 0.8041 | validation AP: 0.1594
Epoch 8/50 | train loss: 0.4936 | validation loss: 0.7953 | validation accuracy: 0.8551 | validation AP: 0.1778
Epoch 9/50 | train loss: 0.494 | validation loss: 0.7673 | validation accuracy: 0.8328 | validation AP: 0.1685
Epoch 10/50 | train loss: 0.4858 | validation loss: 0.7431 | validation accuracy: 0.8027 | validation AP: 0.1629
Epoch 11/50 | train loss: 0.4784 | validation loss: 0.7807 | validation accuracy: 0.8649 | validation AP: 0.1686
Epoch 12/50 | train loss: 0.4848 | validation loss: 0.7509 | validation accuracy: 0.8272 | validation AP: 0.1667
Stopping at epoch 12: validation AP has not improved for 4 epochs.
Best epoch: 8 | validation AP: 0.1778 | epochs run: 12

Validation classification report:
              precision    recall  f1-score   support

  disengaged     0.2747    0.1506    0.1946       166
     engaged     0.8946    0.9477    0.9204      1263

    accuracy                         0.8551      1429
   macro avg     0.5847    0.5492    0.5575      1429
weighted avg     0.8226    0.8551    0.8361      1429

Confusion matrix (rows: actual, columns: predicted):
[[  25  141]
 [  66 1197]]
Epoch 1/50 | train loss: 0.5576 | validation loss: 0.7395 | validation accuracy: 0.8481 | validation AP: 0.1583
Epoch 2/50 | train loss: 0.5308 | validation loss: 0.703 | validation accuracy: 0.8006 | validation AP: 0.1689
Epoch 3/50 | train loss: 0.5202 | validation loss: 0.734 | validation accuracy: 0.8293 | validation AP: 0.164
Epoch 4/50 | train loss: 0.5071 | validation loss: 0.7256 | validation accuracy: 0.8048 | validation AP: 0.1637
Epoch 5/50 | train loss: 0.4957 | validation loss: 0.7344 | validation accuracy: 0.8383 | validation AP: 0.1709
Epoch 6/50 | train loss: 0.4941 | validation loss: 0.7074 | validation accuracy: 0.7817 | validation AP: 0.1666
Epoch 7/50 | train loss: 0.4897 | validation loss: 0.737 | validation accuracy: 0.8244 | validation AP: 0.1704
Epoch 8/50 | train loss: 0.4776 | validation loss: 0.7383 | validation accuracy: 0.7915 | validation AP: 0.1774
Epoch 9/50 | train loss: 0.4786 | validation loss: 0.7345 | validation accuracy: 0.7859 | validation AP: 0.1713
Epoch 10/50 | train loss: 0.4826 | validation loss: 0.7206 | validation accuracy: 0.8076 | validation AP: 0.1671
Epoch 11/50 | train loss: 0.4801 | validation loss: 0.7181 | validation accuracy: 0.816 | validation AP: 0.1674[I 2026-10-09 01:23:11,105] Trial 10 finished with value: 0.18132747055926424 and parameters: {'hidden_size': 20, 'num_layers': 3, 'dropout': 0.25, 'learning_rate': 0.0008916520859346161, 'batch_size': 8}. Best is trial 1 with value: 0.21113079718979066.
[I 2026-10-09 01:23:42,868] Trial 11 finished with value: 0.18670626846389446 and parameters: {'hidden_size': 33, 'num_layers': 2, 'dropout': 0.5, 'learning_rate': 0.0003712515805705024, 'batch_size': 32}. Best is trial 1 with value: 0.21113079718979066.

Epoch 12/50 | train loss: 0.4794 | validation loss: 0.6762 | validation accuracy: 0.7698 | validation AP: 0.1733
Stopping at epoch 12: validation AP has not improved for 4 epochs.
Best epoch: 8 | validation AP: 0.1774 | epochs run: 12

Validation classification report:
              precision    recall  f1-score   support

  disengaged     0.2402    0.3675    0.2905       166
     engaged     0.9106    0.8472    0.8778      1263

    accuracy                         0.7915      1429
   macro avg     0.5754    0.6073    0.5841      1429
weighted avg     0.8328    0.7915    0.8095      1429

Confusion matrix (rows: actual, columns: predicted):
[[  61  105]
 [ 193 1070]]
Epoch 1/50 | train loss: 0.5484 | validation loss: 0.7164 | validation accuracy: 0.8838 | validation AP: 0.1602
Epoch 2/50 | train loss: 0.5307 | validation loss: 0.689 | validation accuracy: 0.8314 | validation AP: 0.1701
Epoch 3/50 | train loss: 0.5187 | validation loss: 0.7868 | validation accuracy: 0.8768 | validation AP: 0.1813
Epoch 4/50 | train loss: 0.5185 | validation loss: 0.7235 | validation accuracy: 0.8621 | validation AP: 0.174
Epoch 5/50 | train loss: 0.4997 | validation loss: 0.6868 | validation accuracy: 0.8362 | validation AP: 0.1805
Epoch 6/50 | train loss: 0.5 | validation loss: 0.7388 | validation accuracy: 0.8551 | validation AP: 0.1794
Epoch 7/50 | train loss: 0.4944 | validation loss: 0.7587 | validation accuracy: 0.8376 | validation AP: 0.1869
Epoch 8/50 | train loss: 0.4865 | validation loss: 0.7414 | validation accuracy: 0.8509 | validation AP: 0.1819
Epoch 9/50 | train loss: 0.482 | validation loss: 0.795 | validation accuracy: 0.8593 | validation AP: 0.1888
Epoch 10/50 | train loss: 0.4934 | validation loss: 0.7521 | validation accuracy: 0.8705 | validation AP: 0.1824
Epoch 11/50 | train loss: 0.4924 | validation loss: 0.8009 | validation accuracy: 0.8579 | validation AP: 0.1682
Epoch 12/50 | train loss: 0.4636 | validation loss: 0.8003 | validation accuracy: 0.8314 | validation AP: 0.1844
Epoch 13/50 | train loss: 0.4695 | validation loss: 0.8333 | validation accuracy: 0.8425 | validation AP: 0.1714
Stopping at epoch 13: validation AP has not improved for 4 epochs.
Best epoch: 9 | validation AP: 0.1888 | epochs run: 13

Validation classification report:
              precision    recall  f1-score   support

  disengaged     0.2222    0.0843    0.1223       166
     engaged     0.8887    0.9612    0.9235      1263

    accuracy                         0.8593      1429
   macro avg     0.5555    0.5228    0.5229      1429
weighted avg     0.8113    0.8593    0.8305      1429

Confusion matrix (rows: actual, columns: predicted):
[[  14  152]
 [  49 1214]]
Epoch 1/50 | train loss: 0.685 | validation loss: 0.7148 | validation accuracy: 0.8803 | validation AP: 0.1331
Epoch 2/50 | train loss: 0.6677 | validation loss: 0.7344 | validation accuracy: 0.8307 | validation AP: 0.1395
Epoch 3/50 | train loss: 0.6532 | validation loss: 0.7058 | validation accuracy: 0.7152 | validation AP: 0.1521
Epoch 4/50 | train loss: 0.6421 | validation loss: 0.7154 | validation accuracy: 0.7397 | validation AP: 0.1657
Epoch 5/50 | train loss: 0.6321 | validation loss: 0.7173 | validation accuracy: 0.7222 | validation AP: 0.1544
Epoch 6/50 | train loss: 0.6346 | validation loss: 0.7123 | validation accuracy: 0.7628 | validation AP: 0.1722
Epoch 7/50 | train loss: 0.6271 | validation loss: 0.6951 | validation accuracy: 0.7474 | validation AP: 0.1824
Epoch 8/50 | train loss: 0.611 | validation loss: 0.7472 | validation accuracy: 0.8125 | validation AP: 0.1957
Epoch 9/50 | train loss: 0.6113 | validation loss: 0.6958 | validation accuracy: 0.7537 | validation AP: 0.1914
Epoch 10/50 | train loss: 0.6174 | validation loss: 0.6661 | validation accuracy: 0.7124 | validation AP: 0.1835
Epoch 11/50 | train loss: 0.6036 | validation loss: 0.7264 | validation accuracy: 0.7614 | validation AP: 0.1659
Epoch 12/50 | train loss: 0.6129 | validation loss: 0.7161 | validation accuracy: 0.7838 | validation AP: 0.1912
Stopping at epoch 12: validation AP has not improved for 4 epochs.
Best epoch: 8 | validation AP: 0.1957 | epochs run: 12

Validation classification report:
              precision    recall  f1-score   support

  disengaged     0.2198    0.2410    0.2299       166
     engaged     0.8990    0.8876    0.8932      1263

    accuracy                         0.8125      1429
   macro avg     0.5594    0.5643    0.5616      1429
weighted avg     0.8201    0.8125    0.8162      1429

Confusion matrix (rows: actual, columns: predicted):
[[  40  126]
 [ 142 1121]]
Epoch 1/50 | train loss: 0.6873 | validation loss: 0.7119 | validation accuracy: 0.8838 | validation AP: 0.1641
Epoch 2/50 | train loss: 0.6751 | validation loss: 0.7263 | validation accuracy: 0.8761 | validation AP: 0.166
Epoch 3/50 | train loss: 0.6598 | validation loss: 0.7345 | validation accuracy: 0.7796 | validation AP: 0.1498
Epoch 4/50 | train loss: 0.6524 | validation loss: 0.7314 | validation accuracy: 0.7446 | validation AP: 0.1482
Epoch 5/50 | train loss: 0.6497 | validation loss: 0.723 | validation accuracy: 0.7369 | validation AP: 0.1534
Epoch 6/50 | train loss: 0.6398 | validation loss: 0.7334 | validation accuracy: 0.7663 | validation AP: 0.1574
Stopping at epoch 6: validation AP has not improved for 4 epochs.
Best epoch: 2 | validation AP: 0.166 | epochs run: 6

Validation classification report:
              precision    recall  f1-score   support

  disengaged     0.1765    0.0181    0.0328       166
     engaged     0.8846    0.9889    0.9338      1263

    accuracy                         0.8761      1429
   macro avg     0.5305    0.5035    0.4833      1429
weighted avg     0.8023    0.8761    0.8292      1429

Confusion matrix (rows: actual, columns: predicted):
[[   3  163]
 [  14 1249]]
Epoch 1/50 | train loss: 0.6805 | validation loss: 0.722 | validation accuracy: 0.8838 | validation AP: 0.123
Epoch 2/50 | train loss: 0.6732 | validation loss: 0.7324 | validation accuracy: 0.8572 | validation AP: 0.1244
Epoch 3/50 | train loss: 0.659 | validation loss: 0.7476 | validation accuracy: 0.8181 | validation AP: 0.1354
Epoch 4/50 | train loss: 0.6386 | validation loss: 0.7508 | validation accuracy: 0.8174 | validation AP: 0.1438
Epoch 5/50 | train loss: 0.6312 | validation loss: 0.7162 | validation accuracy: 0.7488 | validation AP: 0.1542
Epoch 6/50 | train loss: 0.636 | validation loss: 0.7089 | validation accuracy: 0.7383 | validation AP: 0.162
Epoch 7/50 | train loss: 0.6169 | validation loss: 0.7187 | validation accuracy: 0.7621 | validation AP: 0.1743
Epoch 8/50 | train loss: 0.6109 | validation loss: 0.7087 | validation accuracy: 0.7313 | validation AP: 0.1659
Epoch 9/50 | train loss: 0.6048 | validation loss: 0.7924 | validation accuracy: 0.8502 | validation AP: 0.184
Epoch 10/50 | train loss: 0.6363 | validation loss: 0.6761 | validation accuracy: 0.7544 | validation AP: 0.1951
Epoch 11/50 | train loss: 0.6158 | validation loss: 0.7082 | validation accuracy: 0.8041 | validation AP: 0.1984
Epoch 12/50 | train loss: 0.5965 | validation loss: 0.7102 | validation accuracy: 0.7817 | validation AP: 0.1884
Epoch 13/50 | train loss: 0.596 | validation loss: 0.7146 | validation accuracy: 0.7733 | validation AP: 0.184
Epoch 14/50 | train loss: 0.5909 | validation loss: 0.7372 | validation accuracy: 0.795 | validation AP: 0.1767
Epoch 15/50 | train loss: 0.5791 | validation loss: 0.7275 | validation accuracy: 0.795 | validation AP: 0.1835
Stopping at epoch 15: validation AP has not improved for 4 epochs.
Best epoch: 11 | validation AP: 0.1984 | epochs run: 15

Validation classification report:
              precision    recall  f1-score   support

  disengaged     0.2605    0.3735    0.3069       166
     engaged     0.9127    0.8606    0.8859      1263

    accuracy                         0.8041      1429
   macro avg     0.5866    0.6171    0.5964      1429
weighted avg     0.8369    0.8041    0.8186      1429

Confusion matrix (rows: actual, columns: predicted):
[[  62  104]
 [ 176 1087]]
Epoch 1/50 | train loss: 0.5644 | validation loss: 0.7551 | validation accuracy: 0.8838 | validation AP: 0.1585
Epoch 2/50 | train loss: 0.5258 | validation loss: 0.7526 | validation accuracy: 0.8761 | validation AP: 0.1669[I 2026-10-09 01:30:14,735] Trial 12 finished with value: 0.20780670091930595 and parameters: {'hidden_size': 166, 'num_layers': 3, 'dropout': 0.25, 'learning_rate': 0.00010539821015379971, 'batch_size': 8}. Best is trial 1 with value: 0.21113079718979066.

Epoch 3/50 | train loss: 0.5269 | validation loss: 0.7623 | validation accuracy: 0.8635 | validation AP: 0.1711
Epoch 4/50 | train loss: 0.5269 | validation loss: 0.6881 | validation accuracy: 0.8579 | validation AP: 0.2024
Epoch 5/50 | train loss: 0.5117 | validation loss: 0.7122 | validation accuracy: 0.8488 | validation AP: 0.1701
Epoch 6/50 | train loss: 0.5089 | validation loss: 0.7505 | validation accuracy: 0.8558 | validation AP: 0.2021
Epoch 7/50 | train loss: 0.5103 | validation loss: 0.7148 | validation accuracy: 0.8174 | validation AP: 0.1847
Epoch 8/50 | train loss: 0.4997 | validation loss: 0.8048 | validation accuracy: 0.8726 | validation AP: 0.2061
Epoch 9/50 | train loss: 0.4976 | validation loss: 0.7045 | validation accuracy: 0.8432 | validation AP: 0.1852
Epoch 10/50 | train loss: 0.4902 | validation loss: 0.6764 | validation accuracy: 0.795 | validation AP: 0.1903
Epoch 11/50 | train loss: 0.4831 | validation loss: 0.6923 | validation accuracy: 0.8125 | validation AP: 0.1729
Epoch 12/50 | train loss: 0.4865 | validation loss: 0.747 | validation accuracy: 0.8502 | validation AP: 0.1877
Stopping at epoch 12: validation AP has not improved for 4 epochs.
Best epoch: 8 | validation AP: 0.2061 | epochs run: 12

Validation classification report:
              precision    recall  f1-score   support

  disengaged     0.3000    0.0723    0.1165       166
     engaged     0.8891    0.9778    0.9314      1263

    accuracy                         0.8726      1429
   macro avg     0.5946    0.5251    0.5239      1429
weighted avg     0.8207    0.8726    0.8367      1429

Confusion matrix (rows: actual, columns: predicted):
[[  12  154]
 [  28 1235]]
Epoch 1/50 | train loss: 0.572 | validation loss: 0.7354 | validation accuracy: 0.8831 | validation AP: 0.1499
Epoch 2/50 | train loss: 0.5351 | validation loss: 0.7505 | validation accuracy: 0.8775 | validation AP: 0.166
Epoch 3/50 | train loss: 0.5272 | validation loss: 0.6924 | validation accuracy: 0.8453 | validation AP: 0.1635
Epoch 4/50 | train loss: 0.5205 | validation loss: 0.7405 | validation accuracy: 0.8355 | validation AP: 0.1686
Epoch 5/50 | train loss: 0.5083 | validation loss: 0.6924 | validation accuracy: 0.8628 | validation AP: 0.2106
Epoch 6/50 | train loss: 0.5041 | validation loss: 0.6972 | validation accuracy: 0.8328 | validation AP: 0.1851
Epoch 7/50 | train loss: 0.5016 | validation loss: 0.682 | validation accuracy: 0.8223 | validation AP: 0.1916
Epoch 8/50 | train loss: 0.4947 | validation loss: 0.7261 | validation accuracy: 0.8495 | validation AP: 0.1842
Epoch 9/50 | train loss: 0.4931 | validation loss: 0.7286 | validation accuracy: 0.8341 | validation AP: 0.207
Stopping at epoch 9: validation AP has not improved for 4 epochs.
Best epoch: 5 | validation AP: 0.2106 | epochs run: 9

Validation classification report:
              precision    recall  f1-score   support

  disengaged     0.2581    0.0964    0.1404       166
     engaged     0.8903    0.9636    0.9255      1263

    accuracy                         0.8628      1429
   macro avg     0.5742    0.5300    0.5329      1429
weighted avg     0.8168    0.8628    0.8343      1429

Confusion matrix (rows: actual, columns: predicted):
[[  16  150]
 [  46 1217]]
Epoch 1/50 | train loss: 0.5539 | validation loss: 0.6976 | validation accuracy: 0.8838 | validation AP: 0.1757
Epoch 2/50 | train loss: 0.5334 | validation loss: 0.6873 | validation accuracy: 0.8328 | validation AP: 0.1801
Epoch 3/50 | train loss: 0.5224 | validation loss: 0.7437 | validation accuracy: 0.8537 | validation AP: 0.1908
Epoch 4/50 | train loss: 0.5203 | validation loss: 0.6952 | validation accuracy: 0.8698 | validation AP: 0.1971
Epoch 5/50 | train loss: 0.5017 | validation loss: 0.6658 | validation accuracy: 0.8383 | validation AP: 0.2067
Epoch 6/50 | train loss: 0.5132 | validation loss: 0.7505 | validation accuracy: 0.867 | validation AP: 0.1638
Epoch 7/50 | train loss: 0.5283 | validation loss: 0.6958 | validation accuracy: 0.8509 | validation AP: 0.1977
Epoch 8/50 | train loss: 0.5097 | validation loss: 0.74 | validation accuracy: 0.8467 | validation AP: 0.1776
Epoch 9/50 | train loss: 0.5072 | validation loss: 0.7393 | validation accuracy: 0.846 | validation AP: 0.1903
Stopping at epoch 9: validation AP has not improved for 4 epochs.
Best epoch: 5 | validation AP: 0.2067 | epochs run: 9

Validation classification report:
              precision    recall  f1-score   support

  disengaged     0.2358    0.1747    0.2007       166
     engaged     0.8951    0.9256    0.9101      1263

    accuracy                         0.8383      1429
   macro avg     0.5654    0.5501    0.5554      1429
weighted avg     0.8185    0.8383    0.8277      1429

Confusion matrix (rows: actual, columns: predicted):
[[  29  137]
 [  94 1169]]
Epoch 1/50 | train loss: 0.5681 | validation loss: 0.7571 | validation accuracy: 0.8838 | validation AP: 0.1619
Epoch 2/50 | train loss: 0.5235 | validation loss: 0.7524 | validation accuracy: 0.8817 | validation AP: 0.1709
Epoch 3/50 | train loss: 0.523 | validation loss: 0.7647 | validation accuracy: 0.86 | validation AP: 0.1738
Epoch 4/50 | train loss: 0.519 | validation loss: 0.6929 | validation accuracy: 0.8551 | validation AP: 0.201
Epoch 5/50 | train loss: 0.5064 | validation loss: 0.7155 | validation accuracy: 0.8439 | validation AP: 0.1649
Epoch 6/50 | train loss: 0.5078 | validation loss: 0.7534 | validation accuracy: 0.8593 | validation AP: 0.1992
Epoch 7/50 | train loss: 0.5105 | validation loss: 0.7154 | validation accuracy: 0.8244 | validation AP: 0.1828
Epoch 8/50 | train loss: 0.5004 | validation loss: 0.8023 | validation accuracy: 0.8691 | validation AP: 0.2071
Epoch 9/50 | train loss: 0.4958 | validation loss: 0.7017 | validation accuracy: 0.8537 | validation AP: 0.199
Epoch 10/50 | train loss: 0.4926 | validation loss: 0.6918 | validation accuracy: 0.8397 | validation AP: 0.194
Epoch 11/50 | train loss: 0.4852 | validation loss: 0.6887 | validation accuracy: 0.8251 | validation AP: 0.1796
Epoch 12/50 | train loss: 0.4936 | validation loss: 0.7009 | validation accuracy: 0.8265 | validation AP: 0.1906
Stopping at epoch 12: validation AP has not improved for 4 epochs.
Best epoch: 8 | validation AP: 0.2071 | epochs run: 12

Validation classification report:
              precision    recall  f1-score   support

  disengaged     0.2558    0.0663    0.1053       166
     engaged     0.8882    0.9747    0.9294      1263

    accuracy                         0.8691      1429
   macro avg     0.5720    0.5205    0.5173      1429
weighted avg     0.8147    0.8691    0.8337      1429

Confusion matrix (rows: actual, columns: predicted):
[[  11  155]
 [  32 1231]]
Epoch 1/50 | train loss: 0.5722 | validation loss: 0.7451 | validation accuracy: 0.8817 | validation AP: 0.1519
Epoch 2/50 | train loss: 0.5334 | validation loss: 0.734 | validation accuracy: 0.8761 | validation AP: 0.1655
Epoch 3/50 | train loss: 0.5238 | validation loss: 0.6993 | validation accuracy: 0.8453 | validation AP: 0.1587
Epoch 4/50 | train loss: 0.5155 | validation loss: 0.7355 | validation accuracy: 0.8411 | validation AP: 0.163
Epoch 5/50 | train loss: 0.5103 | validation loss: 0.691 | validation accuracy: 0.8572 | validation AP: 0.2088
Epoch 6/50 | train loss: 0.501 | validation loss: 0.6938 | validation accuracy: 0.8293 | validation AP: 0.1927
Epoch 7/50 | train loss: 0.5009 | validation loss: 0.6963 | validation accuracy: 0.8328 | validation AP: 0.1955
Epoch 8/50 | train loss: 0.4916 | validation loss: 0.6778 | validation accuracy: 0.8334 | validation AP: 0.21
Epoch 9/50 | train loss: 0.4879 | validation loss: 0.7367 | validation accuracy: 0.8355 | validation AP: 0.1906
Epoch 10/50 | train loss: 0.4917 | validation loss: 0.694 | validation accuracy: 0.8202 | validation AP: 0.1939
Epoch 11/50 | train loss: 0.4941 | validation loss: 0.7218 | validation accuracy: 0.8258 | validation AP: 0.1804
Epoch 12/50 | train loss: 0.4807 | validation loss: 0.6861 | validation accuracy: 0.8104 | validation AP: 0.1857
Stopping at epoch 12: validation AP has not improved for 4 epochs.
Best epoch: 8 | validation AP: 0.21 | epochs run: 12

Validation classification report:[I 2026-10-09 01:36:54,224] Trial 13 finished with value: 0.20675406073230693 and parameters: {'hidden_size': 150, 'num_layers': 2, 'dropout': 0.25, 'learning_rate': 0.00010985530806507739, 'batch_size': 8}. Best is trial 1 with value: 0.21113079718979066.
[I 2026-10-09 01:41:54,765] Trial 14 finished with value: 0.2102238084465707 and parameters: {'hidden_size': 176, 'num_layers': 2, 'dropout': 0.25, 'learning_rate': 0.0006625461243761028, 'batch_size': 8}. Best is trial 1 with value: 0.21113079718979066.

              precision    recall  f1-score   support

  disengaged     0.2273    0.1807    0.2013       166
     engaged     0.8951    0.9192    0.9070      1263

    accuracy                         0.8334      1429
   macro avg     0.5612    0.5500    0.5542      1429
weighted avg     0.8176    0.8334    0.8251      1429

Confusion matrix (rows: actual, columns: predicted):
[[  30  136]
 [ 102 1161]]
Epoch 1/50 | train loss: 0.5564 | validation loss: 0.7061 | validation accuracy: 0.8824 | validation AP: 0.1714
Epoch 2/50 | train loss: 0.5345 | validation loss: 0.6912 | validation accuracy: 0.8502 | validation AP: 0.1739
Epoch 3/50 | train loss: 0.522 | validation loss: 0.7547 | validation accuracy: 0.8614 | validation AP: 0.1844
Epoch 4/50 | train loss: 0.52 | validation loss: 0.6879 | validation accuracy: 0.8614 | validation AP: 0.1936
Epoch 5/50 | train loss: 0.5001 | validation loss: 0.6696 | validation accuracy: 0.8376 | validation AP: 0.2031
Epoch 6/50 | train loss: 0.5023 | validation loss: 0.7223 | validation accuracy: 0.839 | validation AP: 0.181
Epoch 7/50 | train loss: 0.5026 | validation loss: 0.704 | validation accuracy: 0.8411 | validation AP: 0.1937
Epoch 8/50 | train loss: 0.4935 | validation loss: 0.708 | validation accuracy: 0.8446 | validation AP: 0.2006
Epoch 9/50 | train loss: 0.4916 | validation loss: 0.7846 | validation accuracy: 0.8446 | validation AP: 0.1986
Stopping at epoch 9: validation AP has not improved for 4 epochs.
Best epoch: 5 | validation AP: 0.2031 | epochs run: 9

Validation classification report:
              precision    recall  f1-score   support

  disengaged     0.2339    0.1747    0.2000       166
     engaged     0.8950    0.9248    0.9097      1263

    accuracy                         0.8376      1429
   macro avg     0.5644    0.5497    0.5548      1429
weighted avg     0.8182    0.8376    0.8272      1429

Confusion matrix (rows: actual, columns: predicted):
[[  29  137]
 [  95 1168]]
Epoch 1/50 | train loss: 0.555 | validation loss: 0.7557 | validation accuracy: 0.8635 | validation AP: 0.1546
Epoch 2/50 | train loss: 0.5275 | validation loss: 0.7584 | validation accuracy: 0.8754 | validation AP: 0.185
Epoch 3/50 | train loss: 0.5287 | validation loss: 0.7463 | validation accuracy: 0.8467 | validation AP: 0.2077
Epoch 4/50 | train loss: 0.527 | validation loss: 0.6727 | validation accuracy: 0.8362 | validation AP: 0.2077
Epoch 5/50 | train loss: 0.518 | validation loss: 0.719 | validation accuracy: 0.853 | validation AP: 0.1477
Epoch 6/50 | train loss: 0.5306 | validation loss: 0.7834 | validation accuracy: 0.8537 | validation AP: 0.2013
Epoch 7/50 | train loss: 0.5468 | validation loss: 0.7533 | validation accuracy: 0.881 | validation AP: 0.2134
Epoch 8/50 | train loss: 0.5325 | validation loss: 0.8556 | validation accuracy: 0.8852 | validation AP: 0.2209
Epoch 9/50 | train loss: 0.5481 | validation loss: 0.7439 | validation accuracy: 0.8838 | validation AP: 0.1386
Epoch 10/50 | train loss: 0.5572 | validation loss: 0.7104 | validation accuracy: 0.8845 | validation AP: 0.1723
Epoch 11/50 | train loss: 0.5413 | validation loss: 0.731 | validation accuracy: 0.8831 | validation AP: 0.1744
Epoch 12/50 | train loss: 0.5409 | validation loss: 0.7385 | validation accuracy: 0.8656 | validation AP: 0.1681
Stopping at epoch 12: validation AP has not improved for 4 epochs.
Best epoch: 8 | validation AP: 0.2209 | epochs run: 12

Validation classification report:
              precision    recall  f1-score   support

  disengaged     0.6000    0.0361    0.0682       166
     engaged     0.8872    0.9968    0.9389      1263

    accuracy                         0.8852      1429
   macro avg     0.7436    0.5165    0.5035      1429
weighted avg     0.8539    0.8852    0.8377      1429

Confusion matrix (rows: actual, columns: predicted):
[[   6  160]
 [   4 1259]]
Epoch 1/50 | train loss: 0.5707 | validation loss: 0.7714 | validation accuracy: 0.8747 | validation AP: 0.1412
Epoch 2/50 | train loss: 0.5355 | validation loss: 0.7743 | validation accuracy: 0.8747 | validation AP: 0.1509
Epoch 3/50 | train loss: 0.5327 | validation loss: 0.7037 | validation accuracy: 0.8537 | validation AP: 0.1666
Epoch 4/50 | train loss: 0.5223 | validation loss: 0.7762 | validation accuracy: 0.83 | validation AP: 0.1473
Epoch 5/50 | train loss: 0.5168 | validation loss: 0.7109 | validation accuracy: 0.8614 | validation AP: 0.2016
Epoch 6/50 | train loss: 0.5141 | validation loss: 0.7253 | validation accuracy: 0.8265 | validation AP: 0.1592
Epoch 7/50 | train loss: 0.5129 | validation loss: 0.7253 | validation accuracy: 0.8425 | validation AP: 0.1666
Epoch 8/50 | train loss: 0.5002 | validation loss: 0.735 | validation accuracy: 0.8593 | validation AP: 0.1706
Epoch 9/50 | train loss: 0.4933 | validation loss: 0.7757 | validation accuracy: 0.8153 | validation AP: 0.1676
Stopping at epoch 9: validation AP has not improved for 4 epochs.
Best epoch: 5 | validation AP: 0.2016 | epochs run: 9

Validation classification report:
              precision    recall  f1-score   support

  disengaged     0.2647    0.1084    0.1538       166
     engaged     0.8913    0.9604    0.9245      1263

    accuracy                         0.8614      1429
   macro avg     0.5780    0.5344    0.5392      1429
weighted avg     0.8185    0.8614    0.8350      1429

Confusion matrix (rows: actual, columns: predicted):
[[  18  148]
 [  50 1213]]
Epoch 1/50 | train loss: 0.5466 | validation loss: 0.7004 | validation accuracy: 0.8425 | validation AP: 0.1652
Epoch 2/50 | train loss: 0.533 | validation loss: 0.6835 | validation accuracy: 0.83 | validation AP: 0.2082
Epoch 3/50 | train loss: 0.5256 | validation loss: 0.7761 | validation accuracy: 0.8677 | validation AP: 0.1656
Epoch 4/50 | train loss: 0.5397 | validation loss: 0.7271 | validation accuracy: 0.8824 | validation AP: 0.1824
Epoch 5/50 | train loss: 0.5109 | validation loss: 0.6938 | validation accuracy: 0.8607 | validation AP: 0.1895
Epoch 6/50 | train loss: 0.508 | validation loss: 0.7474 | validation accuracy: 0.839 | validation AP: 0.1552
Stopping at epoch 6: validation AP has not improved for 4 epochs.
Best epoch: 2 | validation AP: 0.2082 | epochs run: 6

Validation classification report:
              precision    recall  f1-score   support

  disengaged     0.2416    0.2169    0.2286       166
     engaged     0.8984    0.9105    0.9044      1263

    accuracy                         0.8300      1429
   macro avg     0.5700    0.5637    0.5665      1429
weighted avg     0.8221    0.8300    0.8259      1429

Confusion matrix (rows: actual, columns: predicted):
[[  36  130]
 [ 113 1150]]
Epoch 1/50 | train loss: 0.554 | validation loss: 0.7538 | validation accuracy: 0.8656 | validation AP: 0.1588
Epoch 2/50 | train loss: 0.5233 | validation loss: 0.7593 | validation accuracy: 0.8775 | validation AP: 0.192
Epoch 3/50 | train loss: 0.5242 | validation loss: 0.788 | validation accuracy: 0.8607 | validation AP: 0.2066
Epoch 4/50 | train loss: 0.5294 | validation loss: 0.6841 | validation accuracy: 0.8341 | validation AP: 0.1969
Epoch 5/50 | train loss: 0.5175 | validation loss: 0.7305 | validation accuracy: 0.86 | validation AP: 0.1422
Epoch 6/50 | train loss: 0.5159 | validation loss: 0.7654 | validation accuracy: 0.8328 | validation AP: 0.1785
Epoch 7/50 | train loss: 0.5171 | validation loss: 0.7399 | validation accuracy: 0.823 | validation AP: 0.1699
Stopping at epoch 7: validation AP has not improved for 4 epochs.
Best epoch: 3 | validation AP: 0.2066 | epochs run: 7

Validation classification report:
              precision    recall  f1-score   support

  disengaged     0.2537    0.1024    0.1459       166
     engaged     0.8906    0.9604    0.9242      1263

    accuracy                         0.8607      1429
   macro avg     0.5722    0.5314    0.5351      1429
weighted avg     0.8166    0.8607    0.8338      1429

Confusion matrix (rows: actual, columns: predicted):
[[  17  149]
 [  50 1213]]
Epoch 1/50 | train loss: 0.5801 | validation loss: 0.7903 | validation accuracy: 0.8712 | validation AP: 0.1363
Epoch 2/50 | train loss: 0.5433 | validation loss: 0.782 | validation accuracy: 0.8768 | validation AP: 0.1421[I 2026-10-09 01:46:11,603] Trial 15 finished with value: 0.1994021022505359 and parameters: {'hidden_size': 198, 'num_layers': 2, 'dropout': 0.25, 'learning_rate': 0.0006998854832016399, 'batch_size': 8}. Best is trial 1 with value: 0.21113079718979066.
[I 2026-10-09 01:49:56,447] Trial 16 finished with value: 0.20724670068656614 and parameters: {'hidden_size': 176, 'num_layers': 1, 'dropout': 0.25, 'learning_rate': 0.002344481162734423, 'batch_size': 8}. Best is trial 1 with value: 0.21113079718979066.

Epoch 3/50 | train loss: 0.5535 | validation loss: 0.6761 | validation accuracy: 0.8838 | validation AP: 0.1488
Epoch 4/50 | train loss: 0.5366 | validation loss: 0.7407 | validation accuracy: 0.8803 | validation AP: 0.1541
Epoch 5/50 | train loss: 0.541 | validation loss: 0.6978 | validation accuracy: 0.7565 | validation AP: 0.1484
Epoch 6/50 | train loss: 0.5342 | validation loss: 0.6634 | validation accuracy: 0.8838 | validation AP: 0.1881
Epoch 7/50 | train loss: 0.5454 | validation loss: 0.7425 | validation accuracy: 0.8838 | validation AP: 0.1291
Epoch 8/50 | train loss: 0.5426 | validation loss: 0.7717 | validation accuracy: 0.8544 | validation AP: 0.1075
Epoch 9/50 | train loss: 0.53 | validation loss: 0.728 | validation accuracy: 0.867 | validation AP: 0.1293
Epoch 10/50 | train loss: 0.5413 | validation loss: 0.7526 | validation accuracy: 0.8789 | validation AP: 0.1124
Stopping at epoch 10: validation AP has not improved for 4 epochs.
Best epoch: 6 | validation AP: 0.1881 | epochs run: 10

Validation classification report:
              precision    recall  f1-score   support

  disengaged     0.0000    0.0000    0.0000       166
     engaged     0.8838    1.0000    0.9383      1263

    accuracy                         0.8838      1429
   macro avg     0.4419    0.5000    0.4692      1429
weighted avg     0.7812    0.8838    0.8293      1429

Confusion matrix (rows: actual, columns: predicted):
[[   0  166]
 [   0 1263]]
Epoch 1/50 | train loss: 0.5466 | validation loss: 0.7062 | validation accuracy: 0.8551 | validation AP: 0.1677
Epoch 2/50 | train loss: 0.5333 | validation loss: 0.6871 | validation accuracy: 0.8348 | validation AP: 0.2034
Epoch 3/50 | train loss: 0.5289 | validation loss: 0.8027 | validation accuracy: 0.8691 | validation AP: 0.1603
Epoch 4/50 | train loss: 0.5273 | validation loss: 0.7134 | validation accuracy: 0.8761 | validation AP: 0.1679
Epoch 5/50 | train loss: 0.5063 | validation loss: 0.7015 | validation accuracy: 0.8656 | validation AP: 0.1811
Epoch 6/50 | train loss: 0.5172 | validation loss: 0.7691 | validation accuracy: 0.8502 | validation AP: 0.1543
Stopping at epoch 6: validation AP has not improved for 4 epochs.
Best epoch: 2 | validation AP: 0.2034 | epochs run: 6

Validation classification report:
              precision    recall  f1-score   support

  disengaged     0.2569    0.2229    0.2387       166
     engaged     0.8996    0.9153    0.9074      1263

    accuracy                         0.8348      1429
   macro avg     0.5783    0.5691    0.5730      1429
weighted avg     0.8250    0.8348    0.8297      1429

Confusion matrix (rows: actual, columns: predicted):
[[  37  129]
 [ 107 1156]]
Epoch 1/50 | train loss: 0.5709 | validation loss: 0.7868 | validation accuracy: 0.881 | validation AP: 0.1512
Epoch 2/50 | train loss: 0.542 | validation loss: 0.8547 | validation accuracy: 0.8845 | validation AP: 0.1982
Epoch 3/50 | train loss: 0.5681 | validation loss: 0.8505 | validation accuracy: 0.8817 | validation AP: 0.1499
Epoch 4/50 | train loss: 0.5754 | validation loss: 0.7082 | validation accuracy: 0.8817 | validation AP: 0.1757
Epoch 5/50 | train loss: 0.5401 | validation loss: 0.6998 | validation accuracy: 0.8418 | validation AP: 0.1517
Epoch 6/50 | train loss: 0.5377 | validation loss: 0.7415 | validation accuracy: 0.8698 | validation AP: 0.1982
Stopping at epoch 6: validation AP has not improved for 4 epochs.
Best epoch: 2 | validation AP: 0.1982 | epochs run: 6

Validation classification report:
              precision    recall  f1-score   support

  disengaged     1.0000    0.0060    0.0120       166
     engaged     0.8845    1.0000    0.9387      1263

    accuracy                         0.8845      1429
   macro avg     0.9422    0.5030    0.4753      1429
weighted avg     0.8979    0.8845    0.8310      1429

Confusion matrix (rows: actual, columns: predicted):
[[   1  165]
 [   0 1263]]
Epoch 1/50 | train loss: 0.5952 | validation loss: 0.8452 | validation accuracy: 0.8824 | validation AP: 0.1497
Epoch 2/50 | train loss: 0.5615 | validation loss: 0.8242 | validation accuracy: 0.8824 | validation AP: 0.1457
Epoch 3/50 | train loss: 0.5407 | validation loss: 0.7109 | validation accuracy: 0.8341 | validation AP: 0.1382
Epoch 4/50 | train loss: 0.5527 | validation loss: 0.8243 | validation accuracy: 0.8775 | validation AP: 0.1417
Epoch 5/50 | train loss: 0.5379 | validation loss: 0.6735 | validation accuracy: 0.8544 | validation AP: 0.2093
Epoch 6/50 | train loss: 0.5386 | validation loss: 0.7464 | validation accuracy: 0.8838 | validation AP: 0.1944
Epoch 7/50 | train loss: 0.5705 | validation loss: 0.7139 | validation accuracy: 0.8852 | validation AP: 0.2091
Epoch 8/50 | train loss: 0.5243 | validation loss: 0.7087 | validation accuracy: 0.8663 | validation AP: 0.1941
Epoch 9/50 | train loss: 0.5304 | validation loss: 0.7312 | validation accuracy: 0.8656 | validation AP: 0.173
Stopping at epoch 9: validation AP has not improved for 4 epochs.
Best epoch: 5 | validation AP: 0.2093 | epochs run: 9

Validation classification report:
              precision    recall  f1-score   support

  disengaged     0.2308    0.1084    0.1475       166
     engaged     0.8905    0.9525    0.9204      1263

    accuracy                         0.8544      1429
   macro avg     0.5606    0.5305    0.5340      1429
weighted avg     0.8138    0.8544    0.8306      1429

Confusion matrix (rows: actual, columns: predicted):
[[  18  148]
 [  60 1203]]
Epoch 1/50 | train loss: 0.5762 | validation loss: 0.7096 | validation accuracy: 0.7537 | validation AP: 0.1497
Epoch 2/50 | train loss: 0.5474 | validation loss: 0.7159 | validation accuracy: 0.8803 | validation AP: 0.1832
Epoch 3/50 | train loss: 0.5789 | validation loss: 0.7934 | validation accuracy: 0.8824 | validation AP: 0.1629
Epoch 4/50 | train loss: 0.5669 | validation loss: 0.7298 | validation accuracy: 0.8831 | validation AP: 0.1661
Epoch 5/50 | train loss: 0.5436 | validation loss: 0.6767 | validation accuracy: 0.8824 | validation AP: 0.2143
Epoch 6/50 | train loss: 0.5293 | validation loss: 0.7705 | validation accuracy: 0.8691 | validation AP: 0.1477
Epoch 7/50 | train loss: 0.5278 | validation loss: 0.7206 | validation accuracy: 0.8656 | validation AP: 0.1561
Epoch 8/50 | train loss: 0.5166 | validation loss: 0.7324 | validation accuracy: 0.8593 | validation AP: 0.1833
Epoch 9/50 | train loss: 0.5218 | validation loss: 0.7573 | validation accuracy: 0.8048 | validation AP: 0.1544
Stopping at epoch 9: validation AP has not improved for 4 epochs.
Best epoch: 5 | validation AP: 0.2143 | epochs run: 9

Validation classification report:
              precision    recall  f1-score   support

  disengaged     0.4375    0.0422    0.0769       166
     engaged     0.8875    0.9929    0.9372      1263

    accuracy                         0.8824      1429
   macro avg     0.6625    0.5175    0.5071      1429
weighted avg     0.8352    0.8824    0.8373      1429

Confusion matrix (rows: actual, columns: predicted):
[[   7  159]
 [   9 1254]]
Epoch 1/50 | train loss: 0.5625 | validation loss: 0.7606 | validation accuracy: 0.8586 | validation AP: 0.1485
Epoch 2/50 | train loss: 0.5286 | validation loss: 0.7801 | validation accuracy: 0.881 | validation AP: 0.1992
Epoch 3/50 | train loss: 0.5296 | validation loss: 0.7458 | validation accuracy: 0.8376 | validation AP: 0.2044
Epoch 4/50 | train loss: 0.5379 | validation loss: 0.6552 | validation accuracy: 0.7999 | validation AP: 0.1972
Epoch 5/50 | train loss: 0.5239 | validation loss: 0.7113 | validation accuracy: 0.8698 | validation AP: 0.1593
Epoch 6/50 | train loss: 0.5201 | validation loss: 0.7645 | validation accuracy: 0.8537 | validation AP: 0.1931
Epoch 7/50 | train loss: 0.5314 | validation loss: 0.7235 | validation accuracy: 0.8348 | validation AP: 0.1694
Stopping at epoch 7: validation AP has not improved for 4 epochs.
Best epoch: 3 | validation AP: 0.2044 | epochs run: 7

Validation classification report:
              precision    recall  f1-score   support

  disengaged     0.2537    0.2048    0.2267       166
     engaged     0.8981    0.9208    0.9093      1263

    accuracy                         0.8376      1429
   macro avg     0.5759    0.5628    0.5680      1429
weighted avg     0.8232    0.8376    0.8300      1429
[I 2026-10-09 01:54:43,764] Trial 17 finished with value: 0.2173788349662735 and parameters: {'hidden_size': 188, 'num_layers': 3, 'dropout': 0.5, 'learning_rate': 0.0005478382586024717, 'batch_size': 8}. Best is trial 17 with value: 0.2173788349662735.
[I 2026-10-09 01:58:35,779] Trial 18 finished with value: 0.194316194379878 and parameters: {'hidden_size': 170, 'num_layers': 1, 'dropout': 0.0, 'learning_rate': 0.00010578833495985209, 'batch_size': 8}. Best is trial 17 with value: 0.2173788349662735.

Confusion matrix (rows: actual, columns: predicted):
[[  34  132]
 [ 100 1163]]
Epoch 1/50 | train loss: 0.5851 | validation loss: 0.892 | validation accuracy: 0.8838 | validation AP: 0.1477
Epoch 2/50 | train loss: 0.5626 | validation loss: 0.7849 | validation accuracy: 0.8852 | validation AP: 0.2502
Epoch 3/50 | train loss: 0.5587 | validation loss: 0.7072 | validation accuracy: 0.8838 | validation AP: 0.1896
Epoch 4/50 | train loss: 0.553 | validation loss: 0.7602 | validation accuracy: 0.8845 | validation AP: 0.2254
Epoch 5/50 | train loss: 0.549 | validation loss: 0.7191 | validation accuracy: 0.8341 | validation AP: 0.2058
Epoch 6/50 | train loss: 0.5555 | validation loss: 0.7263 | validation accuracy: 0.8656 | validation AP: 0.1867
Stopping at epoch 6: validation AP has not improved for 4 epochs.
Best epoch: 2 | validation AP: 0.2502 | epochs run: 6

Validation classification report:
              precision    recall  f1-score   support

  disengaged     1.0000    0.0120    0.0238       166
     engaged     0.8851    1.0000    0.9390      1263

    accuracy                         0.8852      1429
   macro avg     0.9425    0.5060    0.4814      1429
weighted avg     0.8984    0.8852    0.8327      1429

Confusion matrix (rows: actual, columns: predicted):
[[   2  164]
 [   0 1263]]
Epoch 1/50 | train loss: 0.5591 | validation loss: 0.7062 | validation accuracy: 0.6914 | validation AP: 0.1591
Epoch 2/50 | train loss: 0.5497 | validation loss: 0.6874 | validation accuracy: 0.8824 | validation AP: 0.1975
Epoch 3/50 | train loss: 0.5628 | validation loss: 0.8518 | validation accuracy: 0.8838 | validation AP: 0.1973
Epoch 4/50 | train loss: 0.5656 | validation loss: 0.6944 | validation accuracy: 0.8838 | validation AP: 0.1508
Epoch 5/50 | train loss: 0.5486 | validation loss: 0.7015 | validation accuracy: 0.8796 | validation AP: 0.1846
Epoch 6/50 | train loss: 0.5385 | validation loss: 0.795 | validation accuracy: 0.8656 | validation AP: 0.1377
Stopping at epoch 6: validation AP has not improved for 4 epochs.
Best epoch: 2 | validation AP: 0.1975 | epochs run: 6

Validation classification report:
              precision    recall  f1-score   support

  disengaged     0.0000    0.0000    0.0000       166
     engaged     0.8837    0.9984    0.9375      1263

    accuracy                         0.8824      1429
   macro avg     0.4418    0.4992    0.4688      1429
weighted avg     0.7810    0.8824    0.8286      1429

Confusion matrix (rows: actual, columns: predicted):
[[   0  166]
 [   2 1261]]
Epoch 1/50 | train loss: 0.5728 | validation loss: 0.7504 | validation accuracy: 0.8838 | validation AP: 0.1598
Epoch 2/50 | train loss: 0.5226 | validation loss: 0.7495 | validation accuracy: 0.881 | validation AP: 0.1717
Epoch 3/50 | train loss: 0.5272 | validation loss: 0.7616 | validation accuracy: 0.8768 | validation AP: 0.1678
Epoch 4/50 | train loss: 0.5243 | validation loss: 0.6957 | validation accuracy: 0.8705 | validation AP: 0.1837
Epoch 5/50 | train loss: 0.5091 | validation loss: 0.711 | validation accuracy: 0.8523 | validation AP: 0.1642
Epoch 6/50 | train loss: 0.5081 | validation loss: 0.7504 | validation accuracy: 0.8642 | validation AP: 0.1903
Epoch 7/50 | train loss: 0.5102 | validation loss: 0.7161 | validation accuracy: 0.8537 | validation AP: 0.1836
Epoch 8/50 | train loss: 0.5021 | validation loss: 0.8133 | validation accuracy: 0.8719 | validation AP: 0.1971
Epoch 9/50 | train loss: 0.4981 | validation loss: 0.7101 | validation accuracy: 0.8628 | validation AP: 0.2011
Epoch 10/50 | train loss: 0.4979 | validation loss: 0.692 | validation accuracy: 0.8446 | validation AP: 0.193
Epoch 11/50 | train loss: 0.4887 | validation loss: 0.7007 | validation accuracy: 0.8383 | validation AP: 0.1649
Epoch 12/50 | train loss: 0.4934 | validation loss: 0.7404 | validation accuracy: 0.8355 | validation AP: 0.1816
Epoch 13/50 | train loss: 0.5039 | validation loss: 0.6665 | validation accuracy: 0.7173 | validation AP: 0.1698
Stopping at epoch 13: validation AP has not improved for 4 epochs.
Best epoch: 9 | validation AP: 0.2011 | epochs run: 13

Validation classification report:
              precision    recall  f1-score   support

  disengaged     0.2581    0.0964    0.1404       166
     engaged     0.8903    0.9636    0.9255      1263

    accuracy                         0.8628      1429
   macro avg     0.5742    0.5300    0.5329      1429
weighted avg     0.8168    0.8628    0.8343      1429

Confusion matrix (rows: actual, columns: predicted):
[[  16  150]
 [  46 1217]]
Epoch 1/50 | train loss: 0.5819 | validation loss: 0.7227 | validation accuracy: 0.8831 | validation AP: 0.1568
Epoch 2/50 | train loss: 0.533 | validation loss: 0.7378 | validation accuracy: 0.8824 | validation AP: 0.1716
Epoch 3/50 | train loss: 0.5264 | validation loss: 0.6967 | validation accuracy: 0.8558 | validation AP: 0.1533
Epoch 4/50 | train loss: 0.5206 | validation loss: 0.7341 | validation accuracy: 0.8453 | validation AP: 0.1575
Epoch 5/50 | train loss: 0.5131 | validation loss: 0.6991 | validation accuracy: 0.8635 | validation AP: 0.193
Epoch 6/50 | train loss: 0.5053 | validation loss: 0.6963 | validation accuracy: 0.8314 | validation AP: 0.1782
Epoch 7/50 | train loss: 0.5078 | validation loss: 0.6944 | validation accuracy: 0.8376 | validation AP: 0.1834
Epoch 8/50 | train loss: 0.4961 | validation loss: 0.6859 | validation accuracy: 0.8425 | validation AP: 0.1898
Epoch 9/50 | train loss: 0.4944 | validation loss: 0.7058 | validation accuracy: 0.8334 | validation AP: 0.1826
Stopping at epoch 9: validation AP has not improved for 4 epochs.
Best epoch: 5 | validation AP: 0.193 | epochs run: 9

Validation classification report:
              precision    recall  f1-score   support

  disengaged     0.2041    0.0602    0.0930       166
     engaged     0.8870    0.9691    0.9262      1263

    accuracy                         0.8635      1429
   macro avg     0.5455    0.5147    0.5096      1429
weighted avg     0.8076    0.8635    0.8294      1429

Confusion matrix (rows: actual, columns: predicted):
[[  10  156]
 [  39 1224]]
Epoch 1/50 | train loss: 0.5565 | validation loss: 0.707 | validation accuracy: 0.8845 | validation AP: 0.1777
Epoch 2/50 | train loss: 0.5316 | validation loss: 0.6964 | validation accuracy: 0.8782 | validation AP: 0.1782
Epoch 3/50 | train loss: 0.5231 | validation loss: 0.7451 | validation accuracy: 0.8719 | validation AP: 0.176
Epoch 4/50 | train loss: 0.5208 | validation loss: 0.6919 | validation accuracy: 0.8719 | validation AP: 0.1889
Epoch 5/50 | train loss: 0.5008 | validation loss: 0.6727 | validation accuracy: 0.8376 | validation AP: 0.1874
Epoch 6/50 | train loss: 0.5002 | validation loss: 0.7251 | validation accuracy: 0.846 | validation AP: 0.1753
Epoch 7/50 | train loss: 0.5058 | validation loss: 0.7042 | validation accuracy: 0.8453 | validation AP: 0.1887
Epoch 8/50 | train loss: 0.4964 | validation loss: 0.7201 | validation accuracy: 0.853 | validation AP: 0.1874
Stopping at epoch 8: validation AP has not improved for 4 epochs.
Best epoch: 4 | validation AP: 0.1889 | epochs run: 8

Validation classification report:
              precision    recall  f1-score   support

  disengaged     0.2571    0.0542    0.0896       166
     engaged     0.8874    0.9794    0.9311      1263

    accuracy                         0.8719      1429
   macro avg     0.5723    0.5168    0.5103      1429
weighted avg     0.8142    0.8719    0.8334      1429

Confusion matrix (rows: actual, columns: predicted):
[[   9  157]
 [  26 1237]]
Epoch 1/50 | train loss: 0.5674 | validation loss: 0.7596 | validation accuracy: 0.8803 | validation AP: 0.1619
Epoch 2/50 | train loss: 0.5227 | validation loss: 0.7559 | validation accuracy: 0.8796 | validation AP: 0.1793
Epoch 3/50 | train loss: 0.523 | validation loss: 0.7388 | validation accuracy: 0.8411 | validation AP: 0.1734
Epoch 4/50 | train loss: 0.5229 | validation loss: 0.6784 | validation accuracy: 0.8481 | validation AP: 0.2213
Epoch 5/50 | train loss: 0.5126 | validation loss: 0.7242 | validation accuracy: 0.8509 | validation AP: 0.1559
Epoch 6/50 | train loss: 0.5119 | validation loss: 0.751 | validation accuracy: 0.8719 | validation AP: 0.2063[I 2026-10-09 02:02:07,965] Trial 19 finished with value: 0.21482231418211672 and parameters: {'hidden_size': 167, 'num_layers': 1, 'dropout': 0.5, 'learning_rate': 0.00026127111376184845, 'batch_size': 8}. Best is trial 17 with value: 0.2173788349662735.

Epoch 7/50 | train loss: 0.5178 | validation loss: 0.7187 | validation accuracy: 0.8474 | validation AP: 0.1881
Epoch 8/50 | train loss: 0.5087 | validation loss: 0.7931 | validation accuracy: 0.8691 | validation AP: 0.1867
Stopping at epoch 8: validation AP has not improved for 4 epochs.
Best epoch: 4 | validation AP: 0.2213 | epochs run: 8

Validation classification report:
              precision    recall  f1-score   support

  disengaged     0.2617    0.1687    0.2051       166
     engaged     0.8956    0.9375    0.9161      1263

    accuracy                         0.8481      1429
   macro avg     0.5786    0.5531    0.5606      1429
weighted avg     0.8220    0.8481    0.8335      1429

Confusion matrix (rows: actual, columns: predicted):
[[  28  138]
 [  79 1184]]
Epoch 1/50 | train loss: 0.5668 | validation loss: 0.7193 | validation accuracy: 0.8803 | validation AP: 0.1496
Epoch 2/50 | train loss: 0.5356 | validation loss: 0.7345 | validation accuracy: 0.8782 | validation AP: 0.1685
Epoch 3/50 | train loss: 0.5268 | validation loss: 0.6995 | validation accuracy: 0.8481 | validation AP: 0.1566
Epoch 4/50 | train loss: 0.5248 | validation loss: 0.7391 | validation accuracy: 0.8523 | validation AP: 0.1622
Epoch 5/50 | train loss: 0.5205 | validation loss: 0.7008 | validation accuracy: 0.8726 | validation AP: 0.2142
Epoch 6/50 | train loss: 0.5123 | validation loss: 0.711 | validation accuracy: 0.8516 | validation AP: 0.1842
Epoch 7/50 | train loss: 0.5158 | validation loss: 0.7141 | validation accuracy: 0.8698 | validation AP: 0.192
Epoch 8/50 | train loss: 0.5075 | validation loss: 0.6971 | validation accuracy: 0.8586 | validation AP: 0.2074
Epoch 9/50 | train loss: 0.5099 | validation loss: 0.6881 | validation accuracy: 0.816 | validation AP: 0.1825
Stopping at epoch 9: validation AP has not improved for 4 epochs.
Best epoch: 5 | validation AP: 0.2142 | epochs run: 9

Validation classification report:
              precision    recall  f1-score   support

  disengaged     0.3095    0.0783    0.1250       166
     engaged     0.8897    0.9770    0.9313      1263

    accuracy                         0.8726      1429
   macro avg     0.5996    0.5277    0.5282      1429
weighted avg     0.8223    0.8726    0.8377      1429

Confusion matrix (rows: actual, columns: predicted):
[[  13  153]
 [  29 1234]]
Epoch 1/50 | train loss: 0.551 | validation loss: 0.6817 | validation accuracy: 0.853 | validation AP: 0.1778
Epoch 2/50 | train loss: 0.5328 | validation loss: 0.672 | validation accuracy: 0.8237 | validation AP: 0.209
Epoch 3/50 | train loss: 0.5237 | validation loss: 0.7342 | validation accuracy: 0.86 | validation AP: 0.1723
Epoch 4/50 | train loss: 0.5142 | validation loss: 0.7008 | validation accuracy: 0.8789 | validation AP: 0.1797
Epoch 5/50 | train loss: 0.4933 | validation loss: 0.6884 | validation accuracy: 0.86 | validation AP: 0.2002
Epoch 6/50 | train loss: 0.4927 | validation loss: 0.7627 | validation accuracy: 0.839 | validation AP: 0.1543
Stopping at epoch 6: validation AP has not improved for 4 epochs.
Best epoch: 2 | validation AP: 0.209 | epochs run: 6

Validation classification report:
              precision    recall  f1-score   support

  disengaged     0.2611    0.2831    0.2717       166
     engaged     0.9047    0.8947    0.8997      1263

    accuracy                         0.8237      1429
   macro avg     0.5829    0.5889    0.5857      1429
weighted avg     0.8300    0.8237    0.8267      1429

Confusion matrix (rows: actual, columns: predicted):
[[  47  119]
 [ 133 1130]]
Epoch 1/50 | train loss: 0.5508 | validation loss: 0.6887 | validation accuracy: 0.8355 | validation AP: 0.1866
Epoch 2/50 | train loss: 0.5422 | validation loss: 0.7955 | validation accuracy: 0.8838 | validation AP: 0.1645
Epoch 3/50 | train loss: 0.5324 | validation loss: 0.7163 | validation accuracy: 0.853 | validation AP: 0.1606
Epoch 4/50 | train loss: 0.5312 | validation loss: 0.79 | validation accuracy: 0.8565 | validation AP: 0.2026
Epoch 5/50 | train loss: 0.5336 | validation loss: 0.8094 | validation accuracy: 0.8558 | validation AP: 0.1613
Epoch 6/50 | train loss: 0.5257 | validation loss: 0.7889 | validation accuracy: 0.8495 | validation AP: 0.1827
Epoch 7/50 | train loss: 0.5163 | validation loss: 0.7676 | validation accuracy: 0.8628 | validation AP: 0.1855
Epoch 8/50 | train loss: 0.503 | validation loss: 0.7798 | validation accuracy: 0.8041 | validation AP: 0.1697
Stopping at epoch 8: validation AP has not improved for 4 epochs.
Best epoch: 4 | validation AP: 0.2026 | epochs run: 8

Validation classification report:
              precision    recall  f1-score   support

  disengaged     0.2593    0.1265    0.1700       166
     engaged     0.8924    0.9525    0.9215      1263

    accuracy                         0.8565      1429
   macro avg     0.5758    0.5395    0.5458      1429
weighted avg     0.8189    0.8565    0.8342      1429

Confusion matrix (rows: actual, columns: predicted):
[[  21  145]
 [  60 1203]]
Epoch 1/50 | train loss: 0.5621 | validation loss: 0.6798 | validation accuracy: 0.8712 | validation AP: 0.168
Epoch 2/50 | train loss: 0.5365 | validation loss: 0.6961 | validation accuracy: 0.8747 | validation AP: 0.1689
Epoch 3/50 | train loss: 0.529 | validation loss: 0.7449 | validation accuracy: 0.8523 | validation AP: 0.1504
Epoch 4/50 | train loss: 0.5272 | validation loss: 0.779 | validation accuracy: 0.8607 | validation AP: 0.1611
Epoch 5/50 | train loss: 0.5318 | validation loss: 0.8061 | validation accuracy: 0.8719 | validation AP: 0.1541
Epoch 6/50 | train loss: 0.5172 | validation loss: 0.7376 | validation accuracy: 0.8251 | validation AP: 0.1528
Stopping at epoch 6: validation AP has not improved for 4 epochs.
Best epoch: 2 | validation AP: 0.1689 | epochs run: 6

Validation classification report:
              precision    recall  f1-score   support

  disengaged     0.2759    0.0482    0.0821       166
     engaged     0.8871    0.9834    0.9328      1263

    accuracy                         0.8747      1429
   macro avg     0.5815    0.5158    0.5074      1429
weighted avg     0.8161    0.8747    0.8340      1429

Confusion matrix (rows: actual, columns: predicted):
[[   8  158]
 [  21 1242]]
Epoch 1/50 | train loss: 0.5604 | validation loss: 0.8601 | validation accuracy: 0.8775 | validation AP: 0.1646
Epoch 2/50 | train loss: 0.5461 | validation loss: 0.7364 | validation accuracy: 0.8852 | validation AP: 0.214
Epoch 3/50 | train loss: 0.5599 | validation loss: 0.7155 | validation accuracy: 0.8838 | validation AP: 0.2067
Epoch 4/50 | train loss: 0.574 | validation loss: 0.7273 | validation accuracy: 0.8838 | validation AP: 0.1404
Epoch 5/50 | train loss: 0.5572 | validation loss: 0.7278 | validation accuracy: 0.8838 | validation AP: 0.1437
Epoch 6/50 | train loss: 0.5489 | validation loss: 0.754 | validation accuracy: 0.7299 | validation AP: 0.1509
Stopping at epoch 6: validation AP has not improved for 4 epochs.
Best epoch: 2 | validation AP: 0.214 | epochs run: 6

Validation classification report:
              precision    recall  f1-score   support

  disengaged     1.0000    0.0120    0.0238       166
     engaged     0.8851    1.0000    0.9390      1263

    accuracy                         0.8852      1429
   macro avg     0.9425    0.5060    0.4814      1429
weighted avg     0.8984    0.8852    0.8327      1429

Confusion matrix (rows: actual, columns: predicted):
[[   2  164]
 [   0 1263]]
Epoch 1/50 | train loss: 0.5622 | validation loss: 0.791 | validation accuracy: 0.8824 | validation AP: 0.1406
Epoch 2/50 | train loss: 0.5459 | validation loss: 0.7473 | validation accuracy: 0.881 | validation AP: 0.176
Epoch 3/50 | train loss: 0.5275 | validation loss: 0.8723 | validation accuracy: 0.8831 | validation AP: 0.1582
Epoch 4/50 | train loss: 0.536 | validation loss: 0.8647 | validation accuracy: 0.8272 | validation AP: 0.1549
Epoch 5/50 | train loss: 0.5227 | validation loss: 0.7546 | validation accuracy: 0.8188 | validation AP: 0.1584
Epoch 6/50 | train loss: 0.5273 | validation loss: 0.6926 | validation accuracy: 0.8369 | validation AP: 0.1744
Stopping at epoch 6: validation AP has not improved for 4 epochs.
Best epoch: 2 | validation AP: 0.176 | epochs run: 6

Validation classification report:
              precision    recall  f1-score   support

  disengaged     0.1667    0.0060    0.0116       166
     engaged     0.8840    0.9960    0.9367      1263

    accuracy                         0.8810      1429
   macro avg     0.5254    0.5010    0.4742      1429
weighted avg     0.8007    0.8810    0.8292      1429

Confusion matrix (rows: actual, columns: predicted):
[[   1  165]
 [   5 1258]]
Epoch 1/50 | train loss: 0.5699 | validation loss: 0.7304 | validation accuracy: 0.8838 | validation AP: 0.1643
Epoch 2/50 | train loss: 0.5437 | validation loss: 0.728 | validation accuracy: 0.8838 | validation AP: 0.1935
Epoch 3/50 | train loss: 0.5345 | validation loss: 0.7463 | validation accuracy: 0.8698 | validation AP: 0.1668
Epoch 4/50 | train loss: 0.5351 | validation loss: 0.744 | validation accuracy: 0.7978 | validation AP: 0.1566
Epoch 5/50 | train loss: 0.52 | validation loss: 0.7199 | validation accuracy: 0.8341 | validation AP: 0.1552
Epoch 6/50 | train loss: 0.5312 | validation loss: 0.7021 | validation accuracy: 0.8572 | validation AP: 0.1724
Stopping at epoch 6: validation AP has not improved for 4 epochs.
Best epoch: 2 | validation AP: 0.1935 | epochs run: 6

Validation classification report:
              precision    recall  f1-score   support

  disengaged     0.0000    0.0000    0.0000       166
     engaged     0.8838    1.0000    0.9383      1263

    accuracy                         0.8838      1429
   macro avg     0.4419    0.5000    0.4692      1429
weighted avg     0.7812    0.8838    0.8293      1429

Confusion matrix (rows: actual, columns: predicted):
[[   0  166]
 [   0 1263]]
Epoch 1/50 | train loss: 0.5526 | validation loss: 0.6875 | validation accuracy: 0.8691 | validation AP: 0.1714
Epoch 2/50 | train loss: 0.541 | validation loss: 0.7295 | validation accuracy: 0.8803 | validation AP: 0.1756
Epoch 3/50 | train loss: 0.5205 | validation loss: 0.7231 | validation accuracy: 0.8649 | validation AP: 0.1547
Epoch 4/50 | train loss: 0.5179 | validation loss: 0.77 | validation accuracy: 0.8474 | validation AP: 0.2043
Epoch 5/50 | train loss: 0.5174 | validation loss: 0.8037 | validation accuracy: 0.8628 | validation AP: 0.1988
Epoch 6/50 | train loss: 0.5233 | validation loss: 0.7835 | validation accuracy: 0.8649 | validation AP: 0.1988
Epoch 7/50 | train loss: 0.5271 | validation loss: 0.7644 | validation accuracy: 0.8754 | validation AP: 0.1837
Epoch 8/50 | train loss: 0.5108 | validation loss: 0.6603 | validation accuracy: 0.8013 | validation AP: 0.1931
Stopping at epoch 8: validation AP has not improved for 4 epochs.
Best epoch: 4 | validation AP: 0.2043 | epochs run: 8

Validation classification report:
              precision    recall  f1-score   support

  disengaged     0.3000    0.2349    0.2635       166
     engaged     0.9022    0.9279    0.9149      1263

    accuracy                         0.8474      1429
   macro avg     0.6011    0.5814    0.5892      1429
weighted avg     0.8323    0.8474    0.8392      1429

Confusion matrix (rows: actual, columns: predicted):
[[  39  127]
 [  91 1172]]
Epoch 1/50 | train loss: 0.5638 | validation loss: 0.6957 | validation accuracy: 0.8824 | validation AP: 0.1542
Epoch 2/50 | train loss: 0.5277 | validation loss: 0.7127 | validation accuracy: 0.8719 | validation AP: 0.1564
Epoch 3/50 | train loss: 0.5182 | validation loss: 0.732 | validation accuracy: 0.8495 | validation AP: 0.1547
Epoch 4/50 | train loss: 0.5235 | validation loss: 0.7502 | validation accuracy: 0.8705 | validation AP: 0.1758
Epoch 5/50 | train loss: 0.5222 | validation loss: 0.7261 | validation accuracy: 0.8537 | validation AP: 0.1603
Epoch 6/50 | train loss: 0.5108 | validation loss: 0.7502 | validation accuracy: 0.8551 | validation AP: 0.1593
Epoch 7/50 | train loss: 0.5182 | validation loss: 0.7375 | validation accuracy: 0.8516 | validation AP: 0.1592
Epoch 8/50 | train loss: 0.5171 | validation loss: 0.789 | validation accuracy: 0.853 | validation AP: 0.1656
Stopping at epoch 8: validation AP has not improved for 4 epochs.
Best epoch: 4 | validation AP: 0.1758 | epochs run: 8

Validation classification report:
              precision    recall  f1-score   support

  disengaged     0.2889    0.0783    0.1232       166
     engaged     0.8895    0.9747    0.9301      1263

    accuracy                         0.8705      1429
   macro avg     0.5892    0.5265    0.5267      1429
weighted avg     0.8197    0.8705    0.8364      1429

Confusion matrix (rows: actual, columns: predicted):
[[  13  153]
 [  32 1231]]
Epoch 1/50 | train loss: 0.5578 | validation loss: 0.7912 | validation accuracy: 0.8789 | validation AP: 0.1776
Epoch 2/50 | train loss: 0.5291 | validation loss: 0.6913 | validation accuracy: 0.839 | validation AP: 0.1749
Epoch 3/50 | train loss: 0.5226 | validation loss: 0.6823 | validation accuracy: 0.8244 | validation AP: 0.1619
Epoch 4/50 | train loss: 0.5237 | validation loss: 0.7018 | validation accuracy: 0.8404 | validation AP: 0.1589
Epoch 5/50 | train loss: 0.5257 | validation loss: 0.7173 | validation accuracy: 0.8523 | validation AP: 0.1755
Stopping at epoch 5: validation AP has not improved for 4 epochs.
Best epoch: 1 | validation AP: 0.1776 | epochs run: 5

Validation classification report:
              precision    recall  f1-score   support

  disengaged     0.2941    0.0301    0.0546       166
     engaged     0.8860    0.9905    0.9353      1263

    accuracy                         0.8789      1429
   macro avg     0.5900    0.5103    0.4950      1429
weighted avg     0.8172    0.8789    0.8330      1429

Confusion matrix (rows: actual, columns: predicted):
[[   5  161]
 [  12 1251]]
Epoch 1/50 | train loss: 0.5579 | validation loss: 0.7402 | validation accuracy: 0.8824 | validation AP: 0.1514
Epoch 2/50 | train loss: 0.5262 | validation loss: 0.7385 | validation accuracy: 0.8733 | validation AP: 0.1764
Epoch 3/50 | train loss: 0.5205 | validation loss: 0.8801 | validation accuracy: 0.8859 | validation AP: 0.2282
Epoch 4/50 | train loss: 0.5271 | validation loss: 0.7888 | validation accuracy: 0.8425 | validation AP: 0.1734
Epoch 5/50 | train loss: 0.5251 | validation loss: 0.7908 | validation accuracy: 0.8495 | validation AP: 0.1572
Epoch 6/50 | train loss: 0.5156 | validation loss: 0.7021 | validation accuracy: 0.8551 | validation AP: 0.169
Epoch 7/50 | train loss: 0.5127 | validation loss: 0.7142 | validation accuracy: 0.8719 | validation AP: 0.2041
Stopping at epoch 7: validation AP has not improved for 4 epochs.
Best epoch: 3 | validation AP: 0.2282 | epochs run: 7

Validation classification report:
              precision    recall  f1-score   support

  disengaged     0.7143    0.0301    0.0578       166
     engaged     0.8868    0.9984    0.9393      1263

    accuracy                         0.8859      1429
   macro avg     0.8005    0.5143    0.4985      1429
weighted avg     0.8667    0.8859    0.8369      1429

Confusion matrix (rows: actual, columns: predicted):
[[   5  161]
 [   2 1261]]
Epoch 1/50 | train loss: 0.561 | validation loss: 0.7313 | validation accuracy: 0.8768 | validation AP: 0.1641
Epoch 2/50 | train loss: 0.5384 | validation loss: 0.7189 | validation accuracy: 0.8761 | validation AP: 0.1662
Epoch 3/50 | train loss: 0.5332 | validation loss: 0.712 | validation accuracy: 0.8803 | validation AP: 0.184
Epoch 4/50 | train loss: 0.5526 | validation loss: 0.7747 | validation accuracy: 0.8831 | validation AP: 0.1103
Epoch 5/50 | train loss: 0.5456 | validation loss: 0.7363 | validation accuracy: 0.8838 | validation AP: 0.164
Epoch 6/50 | train loss: 0.557 | validation loss: 0.7528 | validation accuracy: 0.8838 | validation AP: 0.1537
Epoch 7/50 | train loss: 0.5491 | validation loss: 0.6891 | validation accuracy: 0.8775 | validation AP: 0.1684
Stopping at epoch 7: validation AP has not improved for 4 epochs.
Best epoch: 3 | validation AP: 0.184 | epochs run: 7

Validation classification report:
              precision    recall  f1-score   support

  disengaged     0.1429    0.0060    0.0116       166
     engaged     0.8840    0.9952    0.9363      1263

    accuracy                         0.8803      1429
   macro avg     0.5134    0.5006    0.4739      1429
weighted avg     0.7979    0.8803    0.8289      1429
[I 2026-10-09 02:17:31,963] A new study created in memory with name: gru_uni_attention|10fps/10s
[I 2026-10-09 02:17:57,269] Trial 0 finished with value: 0.28841923250709844 and parameters: {'hidden_size': 47, 'num_layers': 3, 'dropout': 0.0, 'learning_rate': 0.005399484409787433, 'batch_size': 64}. Best is trial 0 with value: 0.28841923250709844.

Confusion matrix (rows: actual, columns: predicted):
[[   1  165]
 [   6 1257]]

 lstm | 10fps/10s (confirmed on seeds [52, 53, 54, 55, 56])
  0.194 +/- 0.0089  (119908,) params  hidden_size=167, num_layers=1, dropout=0.5, learning_rate=0.00026127111376184845, batch_size=8
  0.191 +/- 0.0074  (719290,) params  hidden_size=188, num_layers=3, dropout=0.5, learning_rate=0.0005478382586024717, batch_size=8
  Selected: hidden_size=167, num_layers=1, dropout=0.5, learning_rate=0.00026127111376184845, batch_size=8  (AP 0.194, 119,908 parameters)
Epoch 1/50 | train loss: 0.6686 | validation loss: 0.6652 | validation accuracy: 0.7446 | validation AP: 0.1783
Epoch 2/50 | train loss: 0.6519 | validation loss: 0.6788 | validation accuracy: 0.6578 | validation AP: 0.2232
Epoch 3/50 | train loss: 0.6363 | validation loss: 0.6575 | validation accuracy: 0.7271 | validation AP: 0.2689
Epoch 4/50 | train loss: 0.6211 | validation loss: 0.6519 | validation accuracy: 0.7089 | validation AP: 0.2273
Epoch 5/50 | train loss: 0.62 | validation loss: 0.6547 | validation accuracy: 0.7376 | validation AP: 0.2589
Epoch 6/50 | train loss: 0.5945 | validation loss: 0.6828 | validation accuracy: 0.8006 | validation AP: 0.2577
Epoch 7/50 | train loss: 0.5913 | validation loss: 0.6693 | validation accuracy: 0.7733 | validation AP: 0.2826
Epoch 8/50 | train loss: 0.5837 | validation loss: 0.6762 | validation accuracy: 0.7656 | validation AP: 0.2495
Epoch 9/50 | train loss: 0.5711 | validation loss: 0.7431 | validation accuracy: 0.7572 | validation AP: 0.218
Epoch 10/50 | train loss: 0.5706 | validation loss: 0.6931 | validation accuracy: 0.7593 | validation AP: 0.228
Epoch 11/50 | train loss: 0.5665 | validation loss: 0.6913 | validation accuracy: 0.7327 | validation AP: 0.2242
Stopping at epoch 11: validation AP has not improved for 4 epochs.
Best epoch: 7 | validation AP: 0.2826 | epochs run: 11

Validation classification report:
              precision    recall  f1-score   support

  disengaged     0.2547    0.4940    0.3361       166
     engaged     0.9241    0.8100    0.8633      1263

    accuracy                         0.7733      1429
   macro avg     0.5894    0.6520    0.5997      1429
weighted avg     0.8464    0.7733    0.8020      1429

Confusion matrix (rows: actual, columns: predicted):
[[  82   84]
 [ 240 1023]]
Epoch 1/50 | train loss: 0.6553 | validation loss: 0.7315 | validation accuracy: 0.7768 | validation AP: 0.2039
Epoch 2/50 | train loss: 0.646 | validation loss: 0.6532 | validation accuracy: 0.6788 | validation AP: 0.1794
Epoch 3/50 | train loss: 0.6406 | validation loss: 0.6999 | validation accuracy: 0.8328 | validation AP: 0.2162
Epoch 4/50 | train loss: 0.6146 | validation loss: 0.6725 | validation accuracy: 0.7915 | validation AP: 0.2582
Epoch 5/50 | train loss: 0.5999 | validation loss: 0.6309 | validation accuracy: 0.7572 | validation AP: 0.2864
Epoch 6/50 | train loss: 0.5857 | validation loss: 0.6657 | validation accuracy: 0.6487 | validation AP: 0.2188
Epoch 7/50 | train loss: 0.5862 | validation loss: 0.6449 | validation accuracy: 0.7754 | validation AP: 0.3151
Epoch 8/50 | train loss: 0.563 | validation loss: 0.6746 | validation accuracy: 0.7663 | validation AP: 0.2445
Epoch 9/50 | train loss: 0.5568 | validation loss: 0.6539 | validation accuracy: 0.7145 | validation AP: 0.2643
Epoch 10/50 | train loss: 0.5957 | validation loss: 0.6942 | validation accuracy: 0.7019 | validation AP: 0.221
Epoch 11/50 | train loss: 0.5836 | validation loss: 0.6833 | validation accuracy: 0.746 | validation AP: 0.2452
Stopping at epoch 11: validation AP has not improved for 4 epochs.
Best epoch: 7 | validation AP: 0.3151 | epochs run: 11

Validation classification report:
              precision    recall  f1-score   support

  disengaged     0.2767    0.5783    0.3743       166
     engaged     0.9353    0.8013    0.8631      1263

    accuracy                         0.7754      1429
   macro avg     0.6060    0.6898    0.6187      1429
weighted avg     0.8588    0.7754    0.8063      1429

Confusion matrix (rows: actual, columns: predicted):
[[  96   70]
 [ 251 1012]]
Epoch 1/50 | train loss: 0.6799 | validation loss: 0.7447 | validation accuracy: 0.8118 | validation AP: 0.1942
Epoch 2/50 | train loss: 0.6452 | validation loss: 0.652 | validation accuracy: 0.6242 | validation AP: 0.1963
Epoch 3/50 | train loss: 0.6422 | validation loss: 0.6443 | validation accuracy: 0.7712 | validation AP: 0.2675
Epoch 4/50 | train loss: 0.6184 | validation loss: 0.634 | validation accuracy: 0.7579 | validation AP: 0.2527
Epoch 5/50 | train loss: 0.5988 | validation loss: 0.5825 | validation accuracy: 0.6298 | validation AP: 0.2552
Epoch 6/50 | train loss: 0.5893 | validation loss: 0.5842 | validation accuracy: 0.6319 | validation AP: 0.25
Epoch 7/50 | train loss: 0.5827 | validation loss: 0.6642 | validation accuracy: 0.7033 | validation AP: 0.2641
Stopping at epoch 7: validation AP has not improved for 4 epochs.
Best epoch: 3 | validation AP: 0.2675 | epochs run: 7

Validation classification report:
              precision    recall  f1-score   support

  disengaged     0.2508    0.4880    0.3313       166
     engaged     0.9231    0.8084    0.8620      1263

    accuracy                         0.7712      1429
   macro avg     0.5870    0.6482    0.5966      1429
weighted avg     0.8450    0.7712    0.8003      1429

Confusion matrix (rows: actual, columns: predicted):
[[  81   85]
 [ 242 1021]]
Epoch 1/50 | train loss: 0.5428 | validation loss: 0.712 | validation accuracy: 0.8551 | validation AP: 0.1792
Epoch 2/50 | train loss: 0.4997 | validation loss: 0.7493 | validation accuracy: 0.8789 | validation AP: 0.233
Epoch 3/50 | train loss: 0.4963 | validation loss: 0.7028 | validation accuracy: 0.8705 | validation AP: 0.2737
Epoch 4/50 | train loss: 0.4892 | validation loss: 0.6365 | validation accuracy: 0.8523 | validation AP: 0.2807
Epoch 5/50 | train loss: 0.4752 | validation loss: 0.6634 | validation accuracy: 0.8614 | validation AP: 0.2605
Epoch 6/50 | train loss: 0.4712 | validation loss: 0.7076 | validation accuracy: 0.8684 | validation AP: 0.2514
Epoch 7/50 | train loss: 0.4685 | validation loss: 0.7027 | validation accuracy: 0.8488 | validation AP: 0.2292
Epoch 8/50 | train loss: 0.4639 | validation loss: 0.7944 | validation accuracy: 0.8761 | validation AP: 0.231
Stopping at epoch 8: validation AP has not improved for 4 epochs.
Best epoch: 4 | validation AP: 0.2807 | epochs run: 8

Validation classification report:
              precision    recall  f1-score   support

  disengaged     0.3043    0.2108    0.2491       166
     engaged     0.9003    0.9367    0.9181      1263

    accuracy                         0.8523      1429
   macro avg     0.6023    0.5738    0.5836      1429
weighted avg     0.8311    0.8523    0.8404      1429

Confusion matrix (rows: actual, columns: predicted):
[[  35  131]
 [  80 1183]]
Epoch 1/50 | train loss: 0.5307 | validation loss: 0.7363 | validation accuracy: 0.8642 | validation AP: 0.1777
Epoch 2/50 | train loss: 0.5085 | validation loss: 0.7087 | validation accuracy: 0.86 | validation AP: 0.188
Epoch 3/50 | train loss: 0.5056 | validation loss: 0.6513 | validation accuracy: 0.8572 | validation AP: 0.2377
Epoch 4/50 | train loss: 0.487 | validation loss: 0.6905 | validation accuracy: 0.8572 | validation AP: 0.2345
Epoch 5/50 | train loss: 0.4801 | validation loss: 0.6687 | validation accuracy: 0.8565 | validation AP: 0.2577
Epoch 6/50 | train loss: 0.4764 | validation loss: 0.6648 | validation accuracy: 0.8279 | validation AP: 0.2219
Epoch 7/50 | train loss: 0.4667 | validation loss: 0.6606 | validation accuracy: 0.8474 | validation AP: 0.2658
Epoch 8/50 | train loss: 0.4616 | validation loss: 0.6884 | validation accuracy: 0.853 | validation AP: 0.2342
Epoch 9/50 | train loss: 0.4526 | validation loss: 0.6886 | validation accuracy: 0.8293 | validation AP: 0.2274
Epoch 10/50 | train loss: 0.4592 | validation loss: 0.6547 | validation accuracy: 0.8125 | validation AP: 0.2319
Epoch 11/50 | train loss: 0.4508 | validation loss: 0.7345 | validation accuracy: 0.8425 | validation AP: 0.2087
Stopping at epoch 11: validation AP has not improved for 4 epochs.[I 2026-10-09 02:22:35,870] Trial 1 finished with value: 0.26670950085936634 and parameters: {'hidden_size': 136, 'num_layers': 1, 'dropout': 0.25, 'learning_rate': 0.0003823475224675188, 'batch_size': 8}. Best is trial 0 with value: 0.28841923250709844.
[I 2026-10-09 02:23:52,200] Trial 2 finished with value: 0.2982642627815451 and parameters: {'hidden_size': 56, 'num_layers': 3, 'dropout': 0.5, 'learning_rate': 0.00021930485556643703, 'batch_size': 32}. Best is trial 2 with value: 0.2982642627815451.

Best epoch: 7 | validation AP: 0.2658 | epochs run: 11

Validation classification report:
              precision    recall  f1-score   support

  disengaged     0.3060    0.2470    0.2733       166
     engaged     0.9035    0.9264    0.9148      1263

    accuracy                         0.8474      1429
   macro avg     0.6047    0.5867    0.5941      1429
weighted avg     0.8341    0.8474    0.8403      1429

Confusion matrix (rows: actual, columns: predicted):
[[  41  125]
 [  93 1170]]
Epoch 1/50 | train loss: 0.5314 | validation loss: 0.6534 | validation accuracy: 0.8376 | validation AP: 0.2289
Epoch 2/50 | train loss: 0.5051 | validation loss: 0.6465 | validation accuracy: 0.8418 | validation AP: 0.2377
Epoch 3/50 | train loss: 0.4969 | validation loss: 0.709 | validation accuracy: 0.8614 | validation AP: 0.2537
Epoch 4/50 | train loss: 0.4886 | validation loss: 0.6369 | validation accuracy: 0.8439 | validation AP: 0.2401
Epoch 5/50 | train loss: 0.4744 | validation loss: 0.6449 | validation accuracy: 0.8348 | validation AP: 0.2385
Epoch 6/50 | train loss: 0.4681 | validation loss: 0.6894 | validation accuracy: 0.8286 | validation AP: 0.2217
Epoch 7/50 | train loss: 0.4717 | validation loss: 0.6905 | validation accuracy: 0.8453 | validation AP: 0.2282
Stopping at epoch 7: validation AP has not improved for 4 epochs.
Best epoch: 3 | validation AP: 0.2537 | epochs run: 7

Validation classification report:
              precision    recall  f1-score   support

  disengaged     0.2949    0.1386    0.1885       166
     engaged     0.8942    0.9565    0.9243      1263

    accuracy                         0.8614      1429
   macro avg     0.5945    0.5475    0.5564      1429
weighted avg     0.8245    0.8614    0.8388      1429

Confusion matrix (rows: actual, columns: predicted):
[[  23  143]
 [  55 1208]]
Epoch 1/50 | train loss: 0.6792 | validation loss: 0.7005 | validation accuracy: 0.8425 | validation AP: 0.2059
Epoch 2/50 | train loss: 0.6444 | validation loss: 0.6748 | validation accuracy: 0.7089 | validation AP: 0.1978
Epoch 3/50 | train loss: 0.6215 | validation loss: 0.6727 | validation accuracy: 0.6977 | validation AP: 0.2026
Epoch 4/50 | train loss: 0.6188 | validation loss: 0.6786 | validation accuracy: 0.7474 | validation AP: 0.2216
Epoch 5/50 | train loss: 0.6077 | validation loss: 0.6859 | validation accuracy: 0.7593 | validation AP: 0.231
Epoch 6/50 | train loss: 0.596 | validation loss: 0.6813 | validation accuracy: 0.7733 | validation AP: 0.2424
Epoch 7/50 | train loss: 0.5854 | validation loss: 0.687 | validation accuracy: 0.8104 | validation AP: 0.3009
Epoch 8/50 | train loss: 0.5831 | validation loss: 0.6886 | validation accuracy: 0.8097 | validation AP: 0.2999
Epoch 9/50 | train loss: 0.5769 | validation loss: 0.6759 | validation accuracy: 0.7516 | validation AP: 0.2751
Epoch 10/50 | train loss: 0.5876 | validation loss: 0.648 | validation accuracy: 0.7432 | validation AP: 0.2809
Epoch 11/50 | train loss: 0.5764 | validation loss: 0.7112 | validation accuracy: 0.7719 | validation AP: 0.2582
Stopping at epoch 11: validation AP has not improved for 4 epochs.
Best epoch: 7 | validation AP: 0.3009 | epochs run: 11

Validation classification report:
              precision    recall  f1-score   support

  disengaged     0.2957    0.4578    0.3593       166
     engaged     0.9232    0.8567    0.8887      1263

    accuracy                         0.8104      1429
   macro avg     0.6095    0.6573    0.6240      1429
weighted avg     0.8503    0.8104    0.8272      1429

Confusion matrix (rows: actual, columns: predicted):
[[  76   90]
 [ 181 1082]]
Epoch 1/50 | train loss: 0.6783 | validation loss: 0.7013 | validation accuracy: 0.8314 | validation AP: 0.1789
Epoch 2/50 | train loss: 0.6435 | validation loss: 0.6643 | validation accuracy: 0.7033 | validation AP: 0.1999
Epoch 3/50 | train loss: 0.6283 | validation loss: 0.6817 | validation accuracy: 0.7481 | validation AP: 0.2117
Epoch 4/50 | train loss: 0.6095 | validation loss: 0.6584 | validation accuracy: 0.7257 | validation AP: 0.2331
Epoch 5/50 | train loss: 0.6109 | validation loss: 0.6612 | validation accuracy: 0.7635 | validation AP: 0.2564
Epoch 6/50 | train loss: 0.593 | validation loss: 0.6861 | validation accuracy: 0.7915 | validation AP: 0.264
Epoch 7/50 | train loss: 0.5884 | validation loss: 0.6844 | validation accuracy: 0.8069 | validation AP: 0.3004
Epoch 8/50 | train loss: 0.5801 | validation loss: 0.7347 | validation accuracy: 0.8111 | validation AP: 0.2937
Epoch 9/50 | train loss: 0.5734 | validation loss: 0.6415 | validation accuracy: 0.7432 | validation AP: 0.2944
Epoch 10/50 | train loss: 0.5793 | validation loss: 0.6668 | validation accuracy: 0.7488 | validation AP: 0.2742
Epoch 11/50 | train loss: 0.565 | validation loss: 0.7265 | validation accuracy: 0.7866 | validation AP: 0.2706
Stopping at epoch 11: validation AP has not improved for 4 epochs.
Best epoch: 7 | validation AP: 0.3004 | epochs run: 11

Validation classification report:
              precision    recall  f1-score   support

  disengaged     0.2800    0.4217    0.3365       166
     engaged     0.9186    0.8575    0.8870      1263

    accuracy                         0.8069      1429
   macro avg     0.5993    0.6396    0.6118      1429
weighted avg     0.8444    0.8069    0.8230      1429

Confusion matrix (rows: actual, columns: predicted):
[[  70   96]
 [ 180 1083]]
Epoch 1/50 | train loss: 0.6735 | validation loss: 0.7195 | validation accuracy: 0.8663 | validation AP: 0.1944
Epoch 2/50 | train loss: 0.647 | validation loss: 0.667 | validation accuracy: 0.6984 | validation AP: 0.194
Epoch 3/50 | train loss: 0.6252 | validation loss: 0.685 | validation accuracy: 0.753 | validation AP: 0.2262
Epoch 4/50 | train loss: 0.6103 | validation loss: 0.6903 | validation accuracy: 0.7607 | validation AP: 0.2242
Epoch 5/50 | train loss: 0.6113 | validation loss: 0.6516 | validation accuracy: 0.739 | validation AP: 0.2541
Epoch 6/50 | train loss: 0.6134 | validation loss: 0.6396 | validation accuracy: 0.6977 | validation AP: 0.2453
Epoch 7/50 | train loss: 0.6017 | validation loss: 0.6604 | validation accuracy: 0.746 | validation AP: 0.2553
Epoch 8/50 | train loss: 0.5918 | validation loss: 0.6337 | validation accuracy: 0.7019 | validation AP: 0.2579
Epoch 9/50 | train loss: 0.5856 | validation loss: 0.6678 | validation accuracy: 0.7866 | validation AP: 0.2927
Epoch 10/50 | train loss: 0.6038 | validation loss: 0.6479 | validation accuracy: 0.7684 | validation AP: 0.2936
Epoch 11/50 | train loss: 0.5938 | validation loss: 0.6502 | validation accuracy: 0.7684 | validation AP: 0.2897
Epoch 12/50 | train loss: 0.5706 | validation loss: 0.6683 | validation accuracy: 0.7677 | validation AP: 0.2801
Epoch 13/50 | train loss: 0.5752 | validation loss: 0.6946 | validation accuracy: 0.7747 | validation AP: 0.2808
Epoch 14/50 | train loss: 0.5713 | validation loss: 0.6527 | validation accuracy: 0.7047 | validation AP: 0.265
Stopping at epoch 14: validation AP has not improved for 4 epochs.
Best epoch: 10 | validation AP: 0.2936 | epochs run: 14

Validation classification report:
              precision    recall  f1-score   support

  disengaged     0.2508    0.5000    0.3340       166
     engaged     0.9244    0.8036    0.8598      1263

    accuracy                         0.7684      1429
   macro avg     0.5876    0.6518    0.5969      1429
weighted avg     0.8462    0.7684    0.7987      1429

Confusion matrix (rows: actual, columns: predicted):
[[  83   83]
 [ 248 1015]]
Epoch 1/50 | train loss: 0.6286 | validation loss: 0.7047 | validation accuracy: 0.7628 | validation AP: 0.1677
Epoch 2/50 | train loss: 0.5751 | validation loss: 0.8278 | validation accuracy: 0.8768 | validation AP: 0.2628
Epoch 3/50 | train loss: 0.5559 | validation loss: 0.7562 | validation accuracy: 0.8258 | validation AP: 0.2615
Epoch 4/50 | train loss: 0.561 | validation loss: 0.6968 | validation accuracy: 0.8216 | validation AP: 0.2541
Epoch 5/50 | train loss: 0.5394 | validation loss: 0.7034 | validation accuracy: 0.8334 | validation AP: 0.2432
Epoch 6/50 | train loss: 0.517 | validation loss: 0.8704 | validation accuracy: 0.8418 | validation AP: 0.235[I 2026-10-09 02:25:25,535] Trial 3 finished with value: 0.26241632308075924 and parameters: {'hidden_size': 40, 'num_layers': 1, 'dropout': 0.0, 'learning_rate': 0.006586289317583112, 'batch_size': 16}. Best is trial 2 with value: 0.2982642627815451.
[I 2026-10-09 02:25:47,755] Trial 4 finished with value: 0.2528387095166121 and parameters: {'hidden_size': 70, 'num_layers': 1, 'dropout': 0.0, 'learning_rate': 0.0069782812651260325, 'batch_size': 64}. Best is trial 2 with value: 0.2982642627815451.

Stopping at epoch 6: validation AP has not improved for 4 epochs.
Best epoch: 2 | validation AP: 0.2628 | epochs run: 6

Validation classification report:
              precision    recall  f1-score   support

  disengaged     0.3810    0.0964    0.1538       166
     engaged     0.8919    0.9794    0.9336      1263

    accuracy                         0.8768      1429
   macro avg     0.6364    0.5379    0.5437      1429
weighted avg     0.8325    0.8768    0.8430      1429

Confusion matrix (rows: actual, columns: predicted):
[[  16  150]
 [  26 1237]]
Epoch 1/50 | train loss: 0.6196 | validation loss: 0.7471 | validation accuracy: 0.8621 | validation AP: 0.1995
Epoch 2/50 | train loss: 0.5794 | validation loss: 0.7434 | validation accuracy: 0.8013 | validation AP: 0.1964
Epoch 3/50 | train loss: 0.584 | validation loss: 0.6565 | validation accuracy: 0.7782 | validation AP: 0.2275
Epoch 4/50 | train loss: 0.5481 | validation loss: 0.7332 | validation accuracy: 0.8069 | validation AP: 0.2001
Epoch 5/50 | train loss: 0.5473 | validation loss: 0.7248 | validation accuracy: 0.8355 | validation AP: 0.2629
Epoch 6/50 | train loss: 0.5352 | validation loss: 0.704 | validation accuracy: 0.7236 | validation AP: 0.2027
Epoch 7/50 | train loss: 0.5301 | validation loss: 0.7277 | validation accuracy: 0.7747 | validation AP: 0.2394
Epoch 8/50 | train loss: 0.5083 | validation loss: 0.7183 | validation accuracy: 0.7747 | validation AP: 0.2103
Epoch 9/50 | train loss: 0.5025 | validation loss: 0.8255 | validation accuracy: 0.7782 | validation AP: 0.2066
Stopping at epoch 9: validation AP has not improved for 4 epochs.
Best epoch: 5 | validation AP: 0.2629 | epochs run: 9

Validation classification report:
              precision    recall  f1-score   support

  disengaged     0.2934    0.2952    0.2943       166
     engaged     0.9073    0.9066    0.9069      1263

    accuracy                         0.8355      1429
   macro avg     0.6004    0.6009    0.6006      1429
weighted avg     0.8360    0.8355    0.8358      1429

Confusion matrix (rows: actual, columns: predicted):
[[  49  117]
 [ 118 1145]]
Epoch 1/50 | train loss: 0.6141 | validation loss: 0.7059 | validation accuracy: 0.7411 | validation AP: 0.1945
Epoch 2/50 | train loss: 0.5789 | validation loss: 0.6436 | validation accuracy: 0.704 | validation AP: 0.2616
Epoch 3/50 | train loss: 0.5594 | validation loss: 0.7658 | validation accuracy: 0.853 | validation AP: 0.2505
Epoch 4/50 | train loss: 0.5571 | validation loss: 0.651 | validation accuracy: 0.6424 | validation AP: 0.1922
Epoch 5/50 | train loss: 0.5435 | validation loss: 0.704 | validation accuracy: 0.7782 | validation AP: 0.205
Epoch 6/50 | train loss: 0.5202 | validation loss: 0.691 | validation accuracy: 0.7523 | validation AP: 0.219
Stopping at epoch 6: validation AP has not improved for 4 epochs.
Best epoch: 2 | validation AP: 0.2616 | epochs run: 6

Validation classification report:
              precision    recall  f1-score   support

  disengaged     0.2046    0.5361    0.2962       166
     engaged     0.9225    0.7260    0.8126      1263

    accuracy                         0.7040      1429
   macro avg     0.5636    0.6311    0.5544      1429
weighted avg     0.8391    0.7040    0.7526      1429

Confusion matrix (rows: actual, columns: predicted):
[[ 89  77]
 [346 917]]
Epoch 1/50 | train loss: 0.6626 | validation loss: 0.6353 | validation accuracy: 0.5766 | validation AP: 0.1876
Epoch 2/50 | train loss: 0.6244 | validation loss: 0.6831 | validation accuracy: 0.7726 | validation AP: 0.2546
Epoch 3/50 | train loss: 0.5828 | validation loss: 0.6966 | validation accuracy: 0.7376 | validation AP: 0.2581
Epoch 4/50 | train loss: 0.5917 | validation loss: 0.672 | validation accuracy: 0.7222 | validation AP: 0.2642
Epoch 5/50 | train loss: 0.5753 | validation loss: 0.6674 | validation accuracy: 0.725 | validation AP: 0.2525
Epoch 6/50 | train loss: 0.5628 | validation loss: 0.7491 | validation accuracy: 0.802 | validation AP: 0.2241
Epoch 7/50 | train loss: 0.567 | validation loss: 0.7167 | validation accuracy: 0.7747 | validation AP: 0.238
Epoch 8/50 | train loss: 0.5524 | validation loss: 0.7155 | validation accuracy: 0.7425 | validation AP: 0.2237
Stopping at epoch 8: validation AP has not improved for 4 epochs.
Best epoch: 4 | validation AP: 0.2642 | epochs run: 8

Validation classification report:
              precision    recall  f1-score   support

  disengaged     0.2243    0.5663    0.3214       166
     engaged     0.9287    0.7427    0.8253      1263

    accuracy                         0.7222      1429
   macro avg     0.5765    0.6545    0.5734      1429
weighted avg     0.8469    0.7222    0.7668      1429

Confusion matrix (rows: actual, columns: predicted):
[[ 94  72]
 [325 938]]
Epoch 1/50 | train loss: 0.6531 | validation loss: 0.6733 | validation accuracy: 0.7782 | validation AP: 0.2285
Epoch 2/50 | train loss: 0.6277 | validation loss: 0.6208 | validation accuracy: 0.6095 | validation AP: 0.2375
Epoch 3/50 | train loss: 0.607 | validation loss: 0.6985 | validation accuracy: 0.7481 | validation AP: 0.2112
Epoch 4/50 | train loss: 0.5796 | validation loss: 0.6859 | validation accuracy: 0.76 | validation AP: 0.2512
Epoch 5/50 | train loss: 0.5743 | validation loss: 0.6704 | validation accuracy: 0.7488 | validation AP: 0.2428
Epoch 6/50 | train loss: 0.5585 | validation loss: 0.6681 | validation accuracy: 0.6781 | validation AP: 0.2105
Epoch 7/50 | train loss: 0.552 | validation loss: 0.7004 | validation accuracy: 0.7817 | validation AP: 0.2411
Epoch 8/50 | train loss: 0.5575 | validation loss: 0.6728 | validation accuracy: 0.7446 | validation AP: 0.2134
Stopping at epoch 8: validation AP has not improved for 4 epochs.
Best epoch: 4 | validation AP: 0.2512 | epochs run: 8

Validation classification report:
              precision    recall  f1-score   support

  disengaged     0.2374    0.4819    0.3181       166
     engaged     0.9212    0.7965    0.8544      1263

    accuracy                         0.7600      1429
   macro avg     0.5793    0.6392    0.5862      1429
weighted avg     0.8418    0.7600    0.7921      1429

Confusion matrix (rows: actual, columns: predicted):
[[  80   86]
 [ 257 1006]]
Epoch 1/50 | train loss: 0.6693 | validation loss: 0.745 | validation accuracy: 0.7824 | validation AP: 0.1953
Epoch 2/50 | train loss: 0.6174 | validation loss: 0.6696 | validation accuracy: 0.5675 | validation AP: 0.2226
Epoch 3/50 | train loss: 0.6067 | validation loss: 0.7077 | validation accuracy: 0.7558 | validation AP: 0.2432
Epoch 4/50 | train loss: 0.5902 | validation loss: 0.6761 | validation accuracy: 0.683 | validation AP: 0.221
Epoch 5/50 | train loss: 0.5788 | validation loss: 0.6103 | validation accuracy: 0.5822 | validation AP: 0.2309
Epoch 6/50 | train loss: 0.5609 | validation loss: 0.6752 | validation accuracy: 0.6039 | validation AP: 0.1728
Epoch 7/50 | train loss: 0.5683 | validation loss: 0.7258 | validation accuracy: 0.76 | validation AP: 0.2314
Stopping at epoch 7: validation AP has not improved for 4 epochs.
Best epoch: 3 | validation AP: 0.2432 | epochs run: 7

Validation classification report:
              precision    recall  f1-score   support

  disengaged     0.2202    0.4337    0.2921       166
     engaged     0.9147    0.7981    0.8524      1263

    accuracy                         0.7558      1429
   macro avg     0.5674    0.6159    0.5723      1429
weighted avg     0.8340    0.7558    0.7873      1429

Confusion matrix (rows: actual, columns: predicted):
[[  72   94]
 [ 255 1008]]
Epoch 1/50 | train loss: 0.6197 | validation loss: 0.7052 | validation accuracy: 0.7432 | validation AP: 0.1718
Epoch 2/50 | train loss: 0.5793 | validation loss: 0.8006 | validation accuracy: 0.8768 | validation AP: 0.2596
Epoch 3/50 | train loss: 0.5556 | validation loss: 0.7431 | validation accuracy: 0.8174 | validation AP: 0.2765
Epoch 4/50 | train loss: 0.5648 | validation loss: 0.6925 | validation accuracy: 0.8076 | validation AP: 0.2469
Epoch 5/50 | train loss: 0.5399 | validation loss: 0.6781 | validation accuracy: 0.8153 | validation AP: 0.2517
Epoch 6/50 | train loss: 0.5217 | validation loss: 0.8709 | validation accuracy: 0.8621 | validation AP: 0.2361[I 2026-10-09 02:27:24,744] Trial 5 finished with value: 0.2677070266763486 and parameters: {'hidden_size': 48, 'num_layers': 1, 'dropout': 0.0, 'learning_rate': 0.0040215545266902904, 'batch_size': 16}. Best is trial 2 with value: 0.2982642627815451.

Epoch 7/50 | train loss: 0.5176 | validation loss: 0.7245 | validation accuracy: 0.7866 | validation AP: 0.2395
Stopping at epoch 7: validation AP has not improved for 4 epochs.
Best epoch: 3 | validation AP: 0.2765 | epochs run: 7

Validation classification report:
              precision    recall  f1-score   support

  disengaged     0.2376    0.2590    0.2478       166
     engaged     0.9014    0.8907    0.8961      1263

    accuracy                         0.8174      1429
   macro avg     0.5695    0.5749    0.5719      1429
weighted avg     0.8243    0.8174    0.8208      1429

Confusion matrix (rows: actual, columns: predicted):
[[  43  123]
 [ 138 1125]]
Epoch 1/50 | train loss: 0.6127 | validation loss: 0.7227 | validation accuracy: 0.8314 | validation AP: 0.1979
Epoch 2/50 | train loss: 0.5747 | validation loss: 0.7102 | validation accuracy: 0.8188 | validation AP: 0.2137
Epoch 3/50 | train loss: 0.5802 | validation loss: 0.6419 | validation accuracy: 0.7803 | validation AP: 0.2495
Epoch 4/50 | train loss: 0.5396 | validation loss: 0.713 | validation accuracy: 0.809 | validation AP: 0.2317
Epoch 5/50 | train loss: 0.5389 | validation loss: 0.7059 | validation accuracy: 0.8348 | validation AP: 0.2738
Epoch 6/50 | train loss: 0.5295 | validation loss: 0.6758 | validation accuracy: 0.7509 | validation AP: 0.2274
Epoch 7/50 | train loss: 0.5222 | validation loss: 0.6744 | validation accuracy: 0.7894 | validation AP: 0.2644
Epoch 8/50 | train loss: 0.5069 | validation loss: 0.7109 | validation accuracy: 0.7838 | validation AP: 0.2389
Epoch 9/50 | train loss: 0.496 | validation loss: 0.8117 | validation accuracy: 0.7656 | validation AP: 0.2143
Stopping at epoch 9: validation AP has not improved for 4 epochs.
Best epoch: 5 | validation AP: 0.2738 | epochs run: 9

Validation classification report:
              precision    recall  f1-score   support

  disengaged     0.2917    0.2952    0.2934       166
     engaged     0.9072    0.9058    0.9065      1263

    accuracy                         0.8348      1429
   macro avg     0.5994    0.6005    0.6000      1429
weighted avg     0.8357    0.8348    0.8353      1429

Confusion matrix (rows: actual, columns: predicted):
[[  49  117]
 [ 119 1144]]
Epoch 1/50 | train loss: 0.616 | validation loss: 0.7047 | validation accuracy: 0.7733 | validation AP: 0.2004
Epoch 2/50 | train loss: 0.5825 | validation loss: 0.6447 | validation accuracy: 0.6963 | validation AP: 0.2528
Epoch 3/50 | train loss: 0.5584 | validation loss: 0.7579 | validation accuracy: 0.8495 | validation AP: 0.2426
Epoch 4/50 | train loss: 0.5511 | validation loss: 0.6587 | validation accuracy: 0.6242 | validation AP: 0.1702
Epoch 5/50 | train loss: 0.542 | validation loss: 0.6858 | validation accuracy: 0.7642 | validation AP: 0.2186
Epoch 6/50 | train loss: 0.5148 | validation loss: 0.7031 | validation accuracy: 0.7943 | validation AP: 0.2177
Stopping at epoch 6: validation AP has not improved for 4 epochs.
Best epoch: 2 | validation AP: 0.2528 | epochs run: 6

Validation classification report:
              precision    recall  f1-score   support

  disengaged     0.2048    0.5602    0.3000       166
     engaged     0.9251    0.7142    0.8061      1263

    accuracy                         0.6963      1429
   macro avg     0.5650    0.6372    0.5530      1429
weighted avg     0.8415    0.6963    0.7473      1429

Confusion matrix (rows: actual, columns: predicted):
[[ 93  73]
 [361 902]]
Epoch 1/50 | train loss: 0.5771 | validation loss: 0.7485 | validation accuracy: 0.8838 | validation AP: 0.1552
Epoch 2/50 | train loss: 0.523 | validation loss: 0.7492 | validation accuracy: 0.8831 | validation AP: 0.1654
Epoch 3/50 | train loss: 0.5161 | validation loss: 0.7287 | validation accuracy: 0.8663 | validation AP: 0.1722
Epoch 4/50 | train loss: 0.5078 | validation loss: 0.7071 | validation accuracy: 0.8446 | validation AP: 0.1809
Epoch 5/50 | train loss: 0.4956 | validation loss: 0.708 | validation accuracy: 0.839 | validation AP: 0.1868
Epoch 6/50 | train loss: 0.4969 | validation loss: 0.7074 | validation accuracy: 0.8488 | validation AP: 0.1946
Epoch 7/50 | train loss: 0.4941 | validation loss: 0.6916 | validation accuracy: 0.8341 | validation AP: 0.2046
Epoch 8/50 | train loss: 0.4873 | validation loss: 0.7246 | validation accuracy: 0.8572 | validation AP: 0.2127
Epoch 9/50 | train loss: 0.4838 | validation loss: 0.686 | validation accuracy: 0.8383 | validation AP: 0.217
Epoch 10/50 | train loss: 0.483 | validation loss: 0.6665 | validation accuracy: 0.8439 | validation AP: 0.2352
Epoch 11/50 | train loss: 0.4726 | validation loss: 0.6928 | validation accuracy: 0.8481 | validation AP: 0.2355
Epoch 12/50 | train loss: 0.4802 | validation loss: 0.6776 | validation accuracy: 0.8404 | validation AP: 0.2365
Epoch 13/50 | train loss: 0.4767 | validation loss: 0.6479 | validation accuracy: 0.8328 | validation AP: 0.2528
Epoch 14/50 | train loss: 0.4681 | validation loss: 0.6449 | validation accuracy: 0.8376 | validation AP: 0.2566
Epoch 15/50 | train loss: 0.4718 | validation loss: 0.6658 | validation accuracy: 0.8286 | validation AP: 0.2373
Epoch 16/50 | train loss: 0.4658 | validation loss: 0.6413 | validation accuracy: 0.8265 | validation AP: 0.271
Epoch 17/50 | train loss: 0.4568 | validation loss: 0.6638 | validation accuracy: 0.8167 | validation AP: 0.2476
Epoch 18/50 | train loss: 0.4638 | validation loss: 0.6426 | validation accuracy: 0.8055 | validation AP: 0.26
Epoch 19/50 | train loss: 0.46 | validation loss: 0.6679 | validation accuracy: 0.823 | validation AP: 0.2708
Epoch 20/50 | train loss: 0.4619 | validation loss: 0.7102 | validation accuracy: 0.839 | validation AP: 0.2717
Epoch 21/50 | train loss: 0.4618 | validation loss: 0.6932 | validation accuracy: 0.8307 | validation AP: 0.2734
Epoch 22/50 | train loss: 0.4504 | validation loss: 0.711 | validation accuracy: 0.8369 | validation AP: 0.2722
Epoch 23/50 | train loss: 0.4504 | validation loss: 0.6789 | validation accuracy: 0.8034 | validation AP: 0.2415
Epoch 24/50 | train loss: 0.4535 | validation loss: 0.693 | validation accuracy: 0.8223 | validation AP: 0.2616
Epoch 25/50 | train loss: 0.4521 | validation loss: 0.6904 | validation accuracy: 0.8188 | validation AP: 0.2684
Stopping at epoch 25: validation AP has not improved for 4 epochs.
Best epoch: 21 | validation AP: 0.2734 | epochs run: 25

Validation classification report:
              precision    recall  f1-score   support

  disengaged     0.2791    0.2892    0.2840       166
     engaged     0.9061    0.9018    0.9040      1263

    accuracy                         0.8307      1429
   macro avg     0.5926    0.5955    0.5940      1429
weighted avg     0.8333    0.8307    0.8320      1429

Confusion matrix (rows: actual, columns: predicted):
[[  48  118]
 [ 124 1139]]
Epoch 1/50 | train loss: 0.5916 | validation loss: 0.7425 | validation accuracy: 0.8838 | validation AP: 0.1403
Epoch 2/50 | train loss: 0.5275 | validation loss: 0.7232 | validation accuracy: 0.8642 | validation AP: 0.157
Epoch 3/50 | train loss: 0.5147 | validation loss: 0.7012 | validation accuracy: 0.8341 | validation AP: 0.17
Epoch 4/50 | train loss: 0.4987 | validation loss: 0.7117 | validation accuracy: 0.8411 | validation AP: 0.1829
Epoch 5/50 | train loss: 0.5003 | validation loss: 0.7078 | validation accuracy: 0.8516 | validation AP: 0.196
Epoch 6/50 | train loss: 0.4891 | validation loss: 0.6942 | validation accuracy: 0.83 | validation AP: 0.1939
Epoch 7/50 | train loss: 0.4971 | validation loss: 0.7009 | validation accuracy: 0.853 | validation AP: 0.1983
Epoch 8/50 | train loss: 0.4866 | validation loss: 0.7088 | validation accuracy: 0.8502 | validation AP: 0.1957
Epoch 9/50 | train loss: 0.4815 | validation loss: 0.6911 | validation accuracy: 0.8369 | validation AP: 0.1979
Epoch 10/50 | train loss: 0.4894 | validation loss: 0.6719 | validation accuracy: 0.8293 | validation AP: 0.2037
Epoch 11/50 | train loss: 0.4814 | validation loss: 0.6971 | validation accuracy: 0.8418 | validation AP: 0.2072
Epoch 12/50 | train loss: 0.4781 | validation loss: 0.6657 | validation accuracy: 0.7908 | validation AP: 0.1946
Epoch 13/50 | train loss: 0.4696 | validation loss: 0.7085 | validation accuracy: 0.8411 | validation AP: 0.2103[I 2026-10-09 02:36:35,261] Trial 6 finished with value: 0.273503763179567 and parameters: {'hidden_size': 20, 'num_layers': 3, 'dropout': 0.1, 'learning_rate': 0.0001705053926026929, 'batch_size': 8}. Best is trial 2 with value: 0.2982642627815451.

Epoch 14/50 | train loss: 0.4811 | validation loss: 0.6888 | validation accuracy: 0.8425 | validation AP: 0.2098
Epoch 15/50 | train loss: 0.4735 | validation loss: 0.6867 | validation accuracy: 0.83 | validation AP: 0.2175
Epoch 16/50 | train loss: 0.4595 | validation loss: 0.6719 | validation accuracy: 0.8369 | validation AP: 0.2302
Epoch 17/50 | train loss: 0.4655 | validation loss: 0.6802 | validation accuracy: 0.8362 | validation AP: 0.2316
Epoch 18/50 | train loss: 0.4728 | validation loss: 0.6944 | validation accuracy: 0.8523 | validation AP: 0.2543
Epoch 19/50 | train loss: 0.4653 | validation loss: 0.649 | validation accuracy: 0.816 | validation AP: 0.251
Epoch 20/50 | train loss: 0.4521 | validation loss: 0.6813 | validation accuracy: 0.8272 | validation AP: 0.2432
Epoch 21/50 | train loss: 0.456 | validation loss: 0.6901 | validation accuracy: 0.8328 | validation AP: 0.2428
Epoch 22/50 | train loss: 0.4573 | validation loss: 0.7008 | validation accuracy: 0.8432 | validation AP: 0.2815
Epoch 23/50 | train loss: 0.4485 | validation loss: 0.6514 | validation accuracy: 0.8139 | validation AP: 0.249
Epoch 24/50 | train loss: 0.4558 | validation loss: 0.6409 | validation accuracy: 0.7985 | validation AP: 0.2445
Epoch 25/50 | train loss: 0.4537 | validation loss: 0.6947 | validation accuracy: 0.8272 | validation AP: 0.264
Epoch 26/50 | train loss: 0.4517 | validation loss: 0.6295 | validation accuracy: 0.8118 | validation AP: 0.2732
Stopping at epoch 26: validation AP has not improved for 4 epochs.
Best epoch: 22 | validation AP: 0.2815 | epochs run: 26

Validation classification report:
              precision    recall  f1-score   support

  disengaged     0.2836    0.2289    0.2533       166
     engaged     0.9012    0.9240    0.9124      1263

    accuracy                         0.8432      1429
   macro avg     0.5924    0.5765    0.5829      1429
weighted avg     0.8294    0.8432    0.8359      1429

Confusion matrix (rows: actual, columns: predicted):
[[  38  128]
 [  96 1167]]
Epoch 1/50 | train loss: 0.5718 | validation loss: 0.727 | validation accuracy: 0.8817 | validation AP: 0.1716
Epoch 2/50 | train loss: 0.5257 | validation loss: 0.6973 | validation accuracy: 0.8411 | validation AP: 0.1654
Epoch 3/50 | train loss: 0.5143 | validation loss: 0.7242 | validation accuracy: 0.8488 | validation AP: 0.1776
Epoch 4/50 | train loss: 0.5079 | validation loss: 0.6917 | validation accuracy: 0.8314 | validation AP: 0.1773
Epoch 5/50 | train loss: 0.4884 | validation loss: 0.6891 | validation accuracy: 0.8209 | validation AP: 0.1838
Epoch 6/50 | train loss: 0.4898 | validation loss: 0.7072 | validation accuracy: 0.8334 | validation AP: 0.1873
Epoch 7/50 | train loss: 0.489 | validation loss: 0.6945 | validation accuracy: 0.8334 | validation AP: 0.1897
Epoch 8/50 | train loss: 0.477 | validation loss: 0.7079 | validation accuracy: 0.846 | validation AP: 0.2003
Epoch 9/50 | train loss: 0.4787 | validation loss: 0.7252 | validation accuracy: 0.8656 | validation AP: 0.2166
Epoch 10/50 | train loss: 0.4857 | validation loss: 0.672 | validation accuracy: 0.8586 | validation AP: 0.2422
Epoch 11/50 | train loss: 0.4693 | validation loss: 0.6911 | validation accuracy: 0.8621 | validation AP: 0.2383
Epoch 12/50 | train loss: 0.4617 | validation loss: 0.7004 | validation accuracy: 0.8656 | validation AP: 0.2427
Epoch 13/50 | train loss: 0.462 | validation loss: 0.6985 | validation accuracy: 0.8607 | validation AP: 0.2404
Epoch 14/50 | train loss: 0.4609 | validation loss: 0.6717 | validation accuracy: 0.8174 | validation AP: 0.2231
Epoch 15/50 | train loss: 0.4541 | validation loss: 0.7024 | validation accuracy: 0.8495 | validation AP: 0.2657
Epoch 16/50 | train loss: 0.4555 | validation loss: 0.7103 | validation accuracy: 0.8348 | validation AP: 0.2165
Epoch 17/50 | train loss: 0.4515 | validation loss: 0.7864 | validation accuracy: 0.867 | validation AP: 0.2527
Epoch 18/50 | train loss: 0.4478 | validation loss: 0.7134 | validation accuracy: 0.8502 | validation AP: 0.2632
Epoch 19/50 | train loss: 0.4616 | validation loss: 0.7592 | validation accuracy: 0.8614 | validation AP: 0.257
Stopping at epoch 19: validation AP has not improved for 4 epochs.
Best epoch: 15 | validation AP: 0.2657 | epochs run: 19

Validation classification report:
              precision    recall  f1-score   support

  disengaged     0.2906    0.2048    0.2403       166
     engaged     0.8994    0.9343    0.9165      1263

    accuracy                         0.8495      1429
   macro avg     0.5950    0.5696    0.5784      1429
weighted avg     0.8287    0.8495    0.8380      1429

Confusion matrix (rows: actual, columns: predicted):
[[  34  132]
 [  83 1180]]
Epoch 1/50 | train loss: 0.6469 | validation loss: 0.67 | validation accuracy: 0.6753 | validation AP: 0.1901
Epoch 2/50 | train loss: 0.6168 | validation loss: 0.7023 | validation accuracy: 0.8048 | validation AP: 0.2336
Epoch 3/50 | train loss: 0.5964 | validation loss: 0.6847 | validation accuracy: 0.7761 | validation AP: 0.266
Epoch 4/50 | train loss: 0.595 | validation loss: 0.6923 | validation accuracy: 0.7803 | validation AP: 0.2517
Epoch 5/50 | train loss: 0.576 | validation loss: 0.6875 | validation accuracy: 0.7852 | validation AP: 0.2492
Epoch 6/50 | train loss: 0.5665 | validation loss: 0.8229 | validation accuracy: 0.8341 | validation AP: 0.2325
Epoch 7/50 | train loss: 0.5499 | validation loss: 0.7312 | validation accuracy: 0.8104 | validation AP: 0.2416
Stopping at epoch 7: validation AP has not improved for 4 epochs.
Best epoch: 3 | validation AP: 0.266 | epochs run: 7

Validation classification report:
              precision    recall  f1-score   support

  disengaged     0.2532    0.4759    0.3305       166
     engaged     0.9221    0.8155    0.8655      1263

    accuracy                         0.7761      1429
   macro avg     0.5877    0.6457    0.5980      1429
weighted avg     0.8444    0.7761    0.8034      1429

Confusion matrix (rows: actual, columns: predicted):
[[  79   87]
 [ 233 1030]]
Epoch 1/50 | train loss: 0.6392 | validation loss: 0.6843 | validation accuracy: 0.7572 | validation AP: 0.2022
Epoch 2/50 | train loss: 0.6059 | validation loss: 0.6326 | validation accuracy: 0.7159 | validation AP: 0.2407
Epoch 3/50 | train loss: 0.6017 | validation loss: 0.6454 | validation accuracy: 0.7516 | validation AP: 0.2619
Epoch 4/50 | train loss: 0.5765 | validation loss: 0.6727 | validation accuracy: 0.7691 | validation AP: 0.2427
Epoch 5/50 | train loss: 0.5739 | validation loss: 0.6752 | validation accuracy: 0.7831 | validation AP: 0.2619
Epoch 6/50 | train loss: 0.5616 | validation loss: 0.6376 | validation accuracy: 0.7446 | validation AP: 0.2501
Epoch 7/50 | train loss: 0.5478 | validation loss: 0.6733 | validation accuracy: 0.7887 | validation AP: 0.2764
Epoch 8/50 | train loss: 0.5395 | validation loss: 0.6679 | validation accuracy: 0.7488 | validation AP: 0.2561
Epoch 9/50 | train loss: 0.5358 | validation loss: 0.6922 | validation accuracy: 0.732 | validation AP: 0.2418
Epoch 10/50 | train loss: 0.5304 | validation loss: 0.6704 | validation accuracy: 0.7061 | validation AP: 0.2386
Epoch 11/50 | train loss: 0.5136 | validation loss: 0.7391 | validation accuracy: 0.7761 | validation AP: 0.2337
Stopping at epoch 11: validation AP has not improved for 4 epochs.
Best epoch: 7 | validation AP: 0.2764 | epochs run: 11

Validation classification report:
              precision    recall  f1-score   support

  disengaged     0.2424    0.3855    0.2977       166
     engaged     0.9124    0.8416    0.8756      1263

    accuracy                         0.7887      1429
   macro avg     0.5774    0.6136    0.5866      1429
weighted avg     0.8346    0.7887    0.8085      1429

Confusion matrix (rows: actual, columns: predicted):
[[  64  102]
 [ 200 1063]]
Epoch 1/50 | train loss: 0.6486 | validation loss: 0.7165 | validation accuracy: 0.7894 | validation AP: 0.2208
Epoch 2/50 | train loss: 0.6099 | validation loss: 0.6769 | validation accuracy: 0.7096 | validation AP: 0.2403
Epoch 3/50 | train loss: 0.5862 | validation loss: 0.7018 | validation accuracy: 0.788 | validation AP: 0.2674[I 2026-10-09 02:37:11,829] Trial 7 finished with value: 0.26993891314592205 and parameters: {'hidden_size': 40, 'num_layers': 1, 'dropout': 0.1, 'learning_rate': 0.0026698666742744613, 'batch_size': 32}. Best is trial 2 with value: 0.2982642627815451.
[I 2026-10-09 02:39:54,215] Trial 8 finished with value: 0.2763047185955816 and parameters: {'hidden_size': 66, 'num_layers': 2, 'dropout': 0.25, 'learning_rate': 0.0010402587615883842, 'batch_size': 8}. Best is trial 2 with value: 0.2982642627815451.

Epoch 4/50 | train loss: 0.5651 | validation loss: 0.6561 | validation accuracy: 0.6305 | validation AP: 0.2024
Epoch 5/50 | train loss: 0.5724 | validation loss: 0.6507 | validation accuracy: 0.7173 | validation AP: 0.2425
Epoch 6/50 | train loss: 0.5508 | validation loss: 0.6503 | validation accuracy: 0.6879 | validation AP: 0.2275
Epoch 7/50 | train loss: 0.5438 | validation loss: 0.7141 | validation accuracy: 0.7516 | validation AP: 0.2329
Stopping at epoch 7: validation AP has not improved for 4 epochs.
Best epoch: 3 | validation AP: 0.2674 | epochs run: 7

Validation classification report:
              precision    recall  f1-score   support

  disengaged     0.2335    0.3614    0.2837       166
     engaged     0.9096    0.8440    0.8756      1263

    accuracy                         0.7880      1429
   macro avg     0.5715    0.6027    0.5796      1429
weighted avg     0.8310    0.7880    0.8068      1429

Confusion matrix (rows: actual, columns: predicted):
[[  60  106]
 [ 197 1066]]
Epoch 1/50 | train loss: 0.541 | validation loss: 0.6988 | validation accuracy: 0.8628 | validation AP: 0.1952
Epoch 2/50 | train loss: 0.4987 | validation loss: 0.7508 | validation accuracy: 0.881 | validation AP: 0.2702
Epoch 3/50 | train loss: 0.4903 | validation loss: 0.6929 | validation accuracy: 0.8607 | validation AP: 0.2751
Epoch 4/50 | train loss: 0.4913 | validation loss: 0.64 | validation accuracy: 0.8537 | validation AP: 0.2902
Epoch 5/50 | train loss: 0.4765 | validation loss: 0.6508 | validation accuracy: 0.8551 | validation AP: 0.2512
Epoch 6/50 | train loss: 0.4721 | validation loss: 0.7411 | validation accuracy: 0.8691 | validation AP: 0.2595
Epoch 7/50 | train loss: 0.47 | validation loss: 0.7206 | validation accuracy: 0.8355 | validation AP: 0.2458
Epoch 8/50 | train loss: 0.4623 | validation loss: 0.8257 | validation accuracy: 0.8635 | validation AP: 0.2431
Stopping at epoch 8: validation AP has not improved for 4 epochs.
Best epoch: 4 | validation AP: 0.2902 | epochs run: 8

Validation classification report:
              precision    recall  f1-score   support

  disengaged     0.2952    0.1867    0.2288       166
     engaged     0.8980    0.9414    0.9192      1263

    accuracy                         0.8537      1429
   macro avg     0.5966    0.5641    0.5740      1429
weighted avg     0.8280    0.8537    0.8390      1429

Confusion matrix (rows: actual, columns: predicted):
[[  31  135]
 [  74 1189]]
Epoch 1/50 | train loss: 0.531 | validation loss: 0.7955 | validation accuracy: 0.8761 | validation AP: 0.1804
Epoch 2/50 | train loss: 0.5134 | validation loss: 0.7282 | validation accuracy: 0.8523 | validation AP: 0.18
Epoch 3/50 | train loss: 0.5042 | validation loss: 0.6497 | validation accuracy: 0.8474 | validation AP: 0.2389
Epoch 4/50 | train loss: 0.4813 | validation loss: 0.7308 | validation accuracy: 0.853 | validation AP: 0.2005
Epoch 5/50 | train loss: 0.4727 | validation loss: 0.7145 | validation accuracy: 0.8551 | validation AP: 0.2644
Epoch 6/50 | train loss: 0.4702 | validation loss: 0.6745 | validation accuracy: 0.8083 | validation AP: 0.1969
Epoch 7/50 | train loss: 0.4667 | validation loss: 0.6911 | validation accuracy: 0.839 | validation AP: 0.2554
Epoch 8/50 | train loss: 0.4594 | validation loss: 0.708 | validation accuracy: 0.8572 | validation AP: 0.2197
Epoch 9/50 | train loss: 0.4488 | validation loss: 0.7189 | validation accuracy: 0.8125 | validation AP: 0.2109
Stopping at epoch 9: validation AP has not improved for 4 epochs.
Best epoch: 5 | validation AP: 0.2644 | epochs run: 9

Validation classification report:
              precision    recall  f1-score   support

  disengaged     0.3048    0.1928    0.2362       166
     engaged     0.8988    0.9422    0.9200      1263

    accuracy                         0.8551      1429
   macro avg     0.6018    0.5675    0.5781      1429
weighted avg     0.8298    0.8551    0.8405      1429

Confusion matrix (rows: actual, columns: predicted):
[[  32  134]
 [  73 1190]]
Epoch 1/50 | train loss: 0.5252 | validation loss: 0.6491 | validation accuracy: 0.8272 | validation AP: 0.2375
Epoch 2/50 | train loss: 0.5105 | validation loss: 0.6462 | validation accuracy: 0.8348 | validation AP: 0.2743
Epoch 3/50 | train loss: 0.4965 | validation loss: 0.7394 | validation accuracy: 0.8677 | validation AP: 0.2139
Epoch 4/50 | train loss: 0.495 | validation loss: 0.6543 | validation accuracy: 0.8411 | validation AP: 0.1986
Epoch 5/50 | train loss: 0.4661 | validation loss: 0.6544 | validation accuracy: 0.8383 | validation AP: 0.2434
Epoch 6/50 | train loss: 0.4654 | validation loss: 0.7122 | validation accuracy: 0.8223 | validation AP: 0.205
Stopping at epoch 6: validation AP has not improved for 4 epochs.
Best epoch: 2 | validation AP: 0.2743 | epochs run: 6

Validation classification report:
              precision    recall  f1-score   support

  disengaged     0.3158    0.3614    0.3371       166
     engaged     0.9144    0.8971    0.9057      1263

    accuracy                         0.8348      1429
   macro avg     0.6151    0.6293    0.6214      1429
weighted avg     0.8449    0.8348    0.8396      1429

Confusion matrix (rows: actual, columns: predicted):
[[  60  106]
 [ 130 1133]]
Epoch 1/50 | train loss: 0.6509 | validation loss: 0.6681 | validation accuracy: 0.6676 | validation AP: 0.1787
Epoch 2/50 | train loss: 0.6186 | validation loss: 0.7169 | validation accuracy: 0.816 | validation AP: 0.2453
Epoch 3/50 | train loss: 0.5891 | validation loss: 0.6801 | validation accuracy: 0.7586 | validation AP: 0.2734
Epoch 4/50 | train loss: 0.5952 | validation loss: 0.7038 | validation accuracy: 0.7719 | validation AP: 0.2432
Epoch 5/50 | train loss: 0.5726 | validation loss: 0.6947 | validation accuracy: 0.7922 | validation AP: 0.2482
Epoch 6/50 | train loss: 0.5623 | validation loss: 0.8303 | validation accuracy: 0.8321 | validation AP: 0.2232
Epoch 7/50 | train loss: 0.5526 | validation loss: 0.7435 | validation accuracy: 0.7649 | validation AP: 0.2404
Stopping at epoch 7: validation AP has not improved for 4 epochs.
Best epoch: 3 | validation AP: 0.2734 | epochs run: 7

Validation classification report:
              precision    recall  f1-score   support

  disengaged     0.2375    0.4880    0.3195       166
     engaged     0.9219    0.7941    0.8533      1263

    accuracy                         0.7586      1429
   macro avg     0.5797    0.6410    0.5864      1429
weighted avg     0.8424    0.7586    0.7913      1429

Confusion matrix (rows: actual, columns: predicted):
[[  81   85]
 [ 260 1003]]
Epoch 1/50 | train loss: 0.6405 | validation loss: 0.6675 | validation accuracy: 0.7271 | validation AP: 0.2159
Epoch 2/50 | train loss: 0.6108 | validation loss: 0.6492 | validation accuracy: 0.6228 | validation AP: 0.2073
Epoch 3/50 | train loss: 0.6003 | validation loss: 0.6528 | validation accuracy: 0.6088 | validation AP: 0.2035
Epoch 4/50 | train loss: 0.5794 | validation loss: 0.6931 | validation accuracy: 0.7488 | validation AP: 0.2276
Epoch 5/50 | train loss: 0.564 | validation loss: 0.704 | validation accuracy: 0.7929 | validation AP: 0.264
Epoch 6/50 | train loss: 0.5592 | validation loss: 0.6726 | validation accuracy: 0.7264 | validation AP: 0.2228
Epoch 7/50 | train loss: 0.5509 | validation loss: 0.7191 | validation accuracy: 0.7957 | validation AP: 0.2532
Epoch 8/50 | train loss: 0.5355 | validation loss: 0.6994 | validation accuracy: 0.7383 | validation AP: 0.2105
Epoch 9/50 | train loss: 0.5269 | validation loss: 0.7011 | validation accuracy: 0.7418 | validation AP: 0.2321
Stopping at epoch 9: validation AP has not improved for 4 epochs.
Best epoch: 5 | validation AP: 0.264 | epochs run: 9

Validation classification report:
              precision    recall  f1-score   support

  disengaged     0.2500    0.3916    0.3052       166
     engaged     0.9136    0.8456    0.8783      1263

    accuracy                         0.7929      1429
   macro avg     0.5818    0.6186    0.5917      1429
weighted avg     0.8365    0.7929    0.8117      1429

Confusion matrix (rows: actual, columns: predicted):
[[  65  101]
 [ 195 1068]]
Epoch 1/50 | train loss: 0.6531 | validation loss: 0.7257 | validation accuracy: 0.7656 | validation AP: 0.2023[I 2026-10-09 02:40:32,104] Trial 9 finished with value: 0.26230503552083567 and parameters: {'hidden_size': 33, 'num_layers': 1, 'dropout': 0.1, 'learning_rate': 0.005532496914298506, 'batch_size': 32}. Best is trial 2 with value: 0.2982642627815451.
[I 2026-10-09 02:41:31,417] Trial 10 finished with value: 0.2994895991436936 and parameters: {'hidden_size': 98, 'num_layers': 3, 'dropout': 0.5, 'learning_rate': 0.0003251636522240597, 'batch_size': 32}. Best is trial 10 with value: 0.2994895991436936.

Epoch 2/50 | train loss: 0.6174 | validation loss: 0.6529 | validation accuracy: 0.6515 | validation AP: 0.2211
Epoch 3/50 | train loss: 0.5983 | validation loss: 0.7192 | validation accuracy: 0.8097 | validation AP: 0.2495
Epoch 4/50 | train loss: 0.578 | validation loss: 0.6707 | validation accuracy: 0.6312 | validation AP: 0.1822
Epoch 5/50 | train loss: 0.5817 | validation loss: 0.6628 | validation accuracy: 0.7292 | validation AP: 0.238
Epoch 6/50 | train loss: 0.557 | validation loss: 0.6446 | validation accuracy: 0.6746 | validation AP: 0.2238
Epoch 7/50 | train loss: 0.5456 | validation loss: 0.7108 | validation accuracy: 0.7593 | validation AP: 0.2396
Stopping at epoch 7: validation AP has not improved for 4 epochs.
Best epoch: 3 | validation AP: 0.2495 | epochs run: 7

Validation classification report:
              precision    recall  f1-score   support

  disengaged     0.2452    0.3072    0.2727       166
     engaged     0.9058    0.8757    0.8905      1263

    accuracy                         0.8097      1429
   macro avg     0.5755    0.5915    0.5816      1429
weighted avg     0.8291    0.8097    0.8187      1429

Confusion matrix (rows: actual, columns: predicted):
[[  51  115]
 [ 157 1106]]
Epoch 1/50 | train loss: 0.656 | validation loss: 0.6854 | validation accuracy: 0.7131 | validation AP: 0.1939
Epoch 2/50 | train loss: 0.6244 | validation loss: 0.6872 | validation accuracy: 0.7565 | validation AP: 0.2123
Epoch 3/50 | train loss: 0.611 | validation loss: 0.6391 | validation accuracy: 0.7159 | validation AP: 0.2529
Epoch 4/50 | train loss: 0.6124 | validation loss: 0.6529 | validation accuracy: 0.7831 | validation AP: 0.2862
Epoch 5/50 | train loss: 0.598 | validation loss: 0.6487 | validation accuracy: 0.7698 | validation AP: 0.2722
Epoch 6/50 | train loss: 0.592 | validation loss: 0.6915 | validation accuracy: 0.7936 | validation AP: 0.2407
Epoch 7/50 | train loss: 0.5876 | validation loss: 0.6737 | validation accuracy: 0.7971 | validation AP: 0.3074
Epoch 8/50 | train loss: 0.5834 | validation loss: 0.6766 | validation accuracy: 0.7936 | validation AP: 0.2996
Epoch 9/50 | train loss: 0.58 | validation loss: 0.6662 | validation accuracy: 0.7355 | validation AP: 0.2645
Epoch 10/50 | train loss: 0.5905 | validation loss: 0.6393 | validation accuracy: 0.7054 | validation AP: 0.2337
Epoch 11/50 | train loss: 0.5842 | validation loss: 0.6837 | validation accuracy: 0.7684 | validation AP: 0.2503
Stopping at epoch 11: validation AP has not improved for 4 epochs.
Best epoch: 7 | validation AP: 0.3074 | epochs run: 11

Validation classification report:
              precision    recall  f1-score   support

  disengaged     0.2634    0.4157    0.3224       166
     engaged     0.9169    0.8472    0.8807      1263

    accuracy                         0.7971      1429
   macro avg     0.5901    0.6314    0.6015      1429
weighted avg     0.8410    0.7971    0.8158      1429

Confusion matrix (rows: actual, columns: predicted):
[[  69   97]
 [ 193 1070]]
Epoch 1/50 | train loss: 0.6486 | validation loss: 0.6553 | validation accuracy: 0.7068 | validation AP: 0.23
Epoch 2/50 | train loss: 0.6239 | validation loss: 0.6361 | validation accuracy: 0.7173 | validation AP: 0.2522
Epoch 3/50 | train loss: 0.6199 | validation loss: 0.663 | validation accuracy: 0.7628 | validation AP: 0.2476
Epoch 4/50 | train loss: 0.6007 | validation loss: 0.6376 | validation accuracy: 0.7369 | validation AP: 0.2631
Epoch 5/50 | train loss: 0.6067 | validation loss: 0.6281 | validation accuracy: 0.7411 | validation AP: 0.2743
Epoch 6/50 | train loss: 0.5874 | validation loss: 0.6442 | validation accuracy: 0.7481 | validation AP: 0.2849
Epoch 7/50 | train loss: 0.5842 | validation loss: 0.6617 | validation accuracy: 0.7775 | validation AP: 0.298
Epoch 8/50 | train loss: 0.5809 | validation loss: 0.686 | validation accuracy: 0.774 | validation AP: 0.2984
Epoch 9/50 | train loss: 0.5747 | validation loss: 0.6266 | validation accuracy: 0.7068 | validation AP: 0.2699
Epoch 10/50 | train loss: 0.5838 | validation loss: 0.6645 | validation accuracy: 0.7313 | validation AP: 0.2669
Epoch 11/50 | train loss: 0.5742 | validation loss: 0.6714 | validation accuracy: 0.7362 | validation AP: 0.2609
Epoch 12/50 | train loss: 0.581 | validation loss: 0.6546 | validation accuracy: 0.655 | validation AP: 0.2201
Stopping at epoch 12: validation AP has not improved for 4 epochs.
Best epoch: 8 | validation AP: 0.2984 | epochs run: 12

Validation classification report:
              precision    recall  f1-score   support

  disengaged     0.2476    0.4639    0.3229       166
     engaged     0.9204    0.8147    0.8643      1263

    accuracy                         0.7740      1429
   macro avg     0.5840    0.6393    0.5936      1429
weighted avg     0.8422    0.7740    0.8014      1429

Confusion matrix (rows: actual, columns: predicted):
[[  77   89]
 [ 234 1029]]
Epoch 1/50 | train loss: 0.6582 | validation loss: 0.7415 | validation accuracy: 0.7775 | validation AP: 0.1969
Epoch 2/50 | train loss: 0.625 | validation loss: 0.6909 | validation accuracy: 0.7012 | validation AP: 0.1868
Epoch 3/50 | train loss: 0.6133 | validation loss: 0.6921 | validation accuracy: 0.7684 | validation AP: 0.229
Epoch 4/50 | train loss: 0.6021 | validation loss: 0.6752 | validation accuracy: 0.7502 | validation AP: 0.2172
Epoch 5/50 | train loss: 0.6028 | validation loss: 0.6011 | validation accuracy: 0.6753 | validation AP: 0.2786
Epoch 6/50 | train loss: 0.5942 | validation loss: 0.6376 | validation accuracy: 0.6543 | validation AP: 0.248
Epoch 7/50 | train loss: 0.5822 | validation loss: 0.6681 | validation accuracy: 0.6991 | validation AP: 0.2361
Epoch 8/50 | train loss: 0.5733 | validation loss: 0.6555 | validation accuracy: 0.7453 | validation AP: 0.2754
Epoch 9/50 | train loss: 0.5705 | validation loss: 0.6857 | validation accuracy: 0.7943 | validation AP: 0.2927
Epoch 10/50 | train loss: 0.5824 | validation loss: 0.6653 | validation accuracy: 0.7789 | validation AP: 0.2865
Epoch 11/50 | train loss: 0.5816 | validation loss: 0.6819 | validation accuracy: 0.7761 | validation AP: 0.2761
Epoch 12/50 | train loss: 0.5615 | validation loss: 0.6662 | validation accuracy: 0.7551 | validation AP: 0.2799
Epoch 13/50 | train loss: 0.5677 | validation loss: 0.7287 | validation accuracy: 0.7537 | validation AP: 0.2597
Stopping at epoch 13: validation AP has not improved for 4 epochs.
Best epoch: 9 | validation AP: 0.2927 | epochs run: 13

Validation classification report:
              precision    recall  f1-score   support

  disengaged     0.2778    0.4819    0.3524       166
     engaged     0.9246    0.8353    0.8777      1263

    accuracy                         0.7943      1429
   macro avg     0.6012    0.6586    0.6151      1429
weighted avg     0.8495    0.7943    0.8167      1429

Confusion matrix (rows: actual, columns: predicted):
[[  80   86]
 [ 208 1055]]
Epoch 1/50 | train loss: 0.6726 | validation loss: 0.7342 | validation accuracy: 0.8831 | validation AP: 0.1494
Epoch 2/50 | train loss: 0.6637 | validation loss: 0.7153 | validation accuracy: 0.8202 | validation AP: 0.1661
Epoch 3/50 | train loss: 0.6318 | validation loss: 0.6711 | validation accuracy: 0.6942 | validation AP: 0.1977
Epoch 4/50 | train loss: 0.6189 | validation loss: 0.6834 | validation accuracy: 0.7439 | validation AP: 0.2157
Epoch 5/50 | train loss: 0.6167 | validation loss: 0.687 | validation accuracy: 0.7453 | validation AP: 0.2206
Epoch 6/50 | train loss: 0.6006 | validation loss: 0.6838 | validation accuracy: 0.7425 | validation AP: 0.2185
Epoch 7/50 | train loss: 0.61 | validation loss: 0.6656 | validation accuracy: 0.7397 | validation AP: 0.236
Epoch 8/50 | train loss: 0.6041 | validation loss: 0.6875 | validation accuracy: 0.7698 | validation AP: 0.2373
Epoch 9/50 | train loss: 0.6003 | validation loss: 0.676 | validation accuracy: 0.7621 | validation AP: 0.2403
Epoch 10/50 | train loss: 0.6019 | validation loss: 0.6488 | validation accuracy: 0.7495 | validation AP: 0.2588
Epoch 11/50 | train loss: 0.5979 | validation loss: 0.6766 | validation accuracy: 0.7845 | validation AP: 0.2554
Epoch 12/50 | train loss: 0.5958 | validation loss: 0.6816 | validation accuracy: 0.7943 | validation AP: 0.25[I 2026-10-09 02:42:41,410] Trial 11 finished with value: 0.26334221931238505 and parameters: {'hidden_size': 71, 'num_layers': 3, 'dropout': 0.5, 'learning_rate': 0.00010427001388770239, 'batch_size': 32}. Best is trial 10 with value: 0.2994895991436936.

Epoch 13/50 | train loss: 0.6019 | validation loss: 0.6395 | validation accuracy: 0.7649 | validation AP: 0.2874
Epoch 14/50 | train loss: 0.5971 | validation loss: 0.6501 | validation accuracy: 0.7789 | validation AP: 0.3017
Epoch 15/50 | train loss: 0.5968 | validation loss: 0.6682 | validation accuracy: 0.7796 | validation AP: 0.2944
Epoch 16/50 | train loss: 0.5853 | validation loss: 0.6396 | validation accuracy: 0.7411 | validation AP: 0.2759
Epoch 17/50 | train loss: 0.5826 | validation loss: 0.6737 | validation accuracy: 0.7768 | validation AP: 0.2961
Epoch 18/50 | train loss: 0.5775 | validation loss: 0.6451 | validation accuracy: 0.7733 | validation AP: 0.3023
Epoch 19/50 | train loss: 0.5775 | validation loss: 0.6813 | validation accuracy: 0.7831 | validation AP: 0.2805
Epoch 20/50 | train loss: 0.5718 | validation loss: 0.7044 | validation accuracy: 0.7852 | validation AP: 0.2784
Epoch 21/50 | train loss: 0.5709 | validation loss: 0.7002 | validation accuracy: 0.7845 | validation AP: 0.2954
Epoch 22/50 | train loss: 0.5727 | validation loss: 0.709 | validation accuracy: 0.788 | validation AP: 0.2804
Stopping at epoch 22: validation AP has not improved for 4 epochs.
Best epoch: 18 | validation AP: 0.3023 | epochs run: 22

Validation classification report:
              precision    recall  f1-score   support

  disengaged     0.2676    0.5482    0.3597       166
     engaged     0.9311    0.8029    0.8622      1263

    accuracy                         0.7733      1429
   macro avg     0.5994    0.6755    0.6110      1429
weighted avg     0.8541    0.7733    0.8039      1429

Confusion matrix (rows: actual, columns: predicted):
[[  91   75]
 [ 249 1014]]
Epoch 1/50 | train loss: 0.6798 | validation loss: 0.7153 | validation accuracy: 0.8614 | validation AP: 0.1712
Epoch 2/50 | train loss: 0.6623 | validation loss: 0.7106 | validation accuracy: 0.8237 | validation AP: 0.1753
Epoch 3/50 | train loss: 0.637 | validation loss: 0.7014 | validation accuracy: 0.7495 | validation AP: 0.1811
Epoch 4/50 | train loss: 0.6154 | validation loss: 0.6957 | validation accuracy: 0.7243 | validation AP: 0.1956
Epoch 5/50 | train loss: 0.6216 | validation loss: 0.6802 | validation accuracy: 0.6942 | validation AP: 0.1991
Epoch 6/50 | train loss: 0.6132 | validation loss: 0.7006 | validation accuracy: 0.7481 | validation AP: 0.2044
Epoch 7/50 | train loss: 0.6094 | validation loss: 0.6872 | validation accuracy: 0.7572 | validation AP: 0.2194
Epoch 8/50 | train loss: 0.6049 | validation loss: 0.7016 | validation accuracy: 0.7656 | validation AP: 0.2179
Epoch 9/50 | train loss: 0.6003 | validation loss: 0.6693 | validation accuracy: 0.7383 | validation AP: 0.2328
Epoch 10/50 | train loss: 0.6116 | validation loss: 0.6574 | validation accuracy: 0.7292 | validation AP: 0.238
Epoch 11/50 | train loss: 0.5917 | validation loss: 0.6902 | validation accuracy: 0.7719 | validation AP: 0.2375
Epoch 12/50 | train loss: 0.5981 | validation loss: 0.6909 | validation accuracy: 0.7467 | validation AP: 0.2252
Epoch 13/50 | train loss: 0.5897 | validation loss: 0.7122 | validation accuracy: 0.7719 | validation AP: 0.2349
Epoch 14/50 | train loss: 0.5909 | validation loss: 0.6737 | validation accuracy: 0.7208 | validation AP: 0.2343
Stopping at epoch 14: validation AP has not improved for 4 epochs.
Best epoch: 10 | validation AP: 0.238 | epochs run: 14

Validation classification report:
              precision    recall  f1-score   support

  disengaged     0.2217    0.5301    0.3126       166
     engaged     0.9244    0.7553    0.8314      1263

    accuracy                         0.7292      1429
   macro avg     0.5730    0.6427    0.5720      1429
weighted avg     0.8428    0.7292    0.7711      1429

Confusion matrix (rows: actual, columns: predicted):
[[ 88  78]
 [309 954]]
Epoch 1/50 | train loss: 0.6787 | validation loss: 0.7184 | validation accuracy: 0.8691 | validation AP: 0.1875
Epoch 2/50 | train loss: 0.6621 | validation loss: 0.6996 | validation accuracy: 0.8146 | validation AP: 0.1819
Epoch 3/50 | train loss: 0.6359 | validation loss: 0.68 | validation accuracy: 0.7453 | validation AP: 0.2073
Epoch 4/50 | train loss: 0.6139 | validation loss: 0.6924 | validation accuracy: 0.7614 | validation AP: 0.2161
Epoch 5/50 | train loss: 0.6103 | validation loss: 0.6777 | validation accuracy: 0.7369 | validation AP: 0.2236
Epoch 6/50 | train loss: 0.6122 | validation loss: 0.6727 | validation accuracy: 0.7208 | validation AP: 0.2252
Epoch 7/50 | train loss: 0.611 | validation loss: 0.6794 | validation accuracy: 0.746 | validation AP: 0.2298
Epoch 8/50 | train loss: 0.6039 | validation loss: 0.6826 | validation accuracy: 0.7439 | validation AP: 0.2253
Epoch 9/50 | train loss: 0.5988 | validation loss: 0.6778 | validation accuracy: 0.7509 | validation AP: 0.2376
Epoch 10/50 | train loss: 0.6145 | validation loss: 0.6593 | validation accuracy: 0.7474 | validation AP: 0.2497
Epoch 11/50 | train loss: 0.6092 | validation loss: 0.6475 | validation accuracy: 0.7166 | validation AP: 0.2466
Epoch 12/50 | train loss: 0.5917 | validation loss: 0.6757 | validation accuracy: 0.7453 | validation AP: 0.244
Epoch 13/50 | train loss: 0.5907 | validation loss: 0.6706 | validation accuracy: 0.7369 | validation AP: 0.246
Epoch 14/50 | train loss: 0.5886 | validation loss: 0.6545 | validation accuracy: 0.6837 | validation AP: 0.2369
Stopping at epoch 14: validation AP has not improved for 4 epochs.
Best epoch: 10 | validation AP: 0.2497 | epochs run: 14

Validation classification report:
              precision    recall  f1-score   support

  disengaged     0.2400    0.5422    0.3327       166
     engaged     0.9279    0.7743    0.8442      1263

    accuracy                         0.7474      1429
   macro avg     0.5839    0.6583    0.5885      1429
weighted avg     0.8480    0.7474    0.7848      1429

Confusion matrix (rows: actual, columns: predicted):
[[ 90  76]
 [285 978]]
Epoch 1/50 | train loss: 0.6531 | validation loss: 0.6858 | validation accuracy: 0.7243 | validation AP: 0.1924
Epoch 2/50 | train loss: 0.6269 | validation loss: 0.685 | validation accuracy: 0.7859 | validation AP: 0.2272
Epoch 3/50 | train loss: 0.614 | validation loss: 0.666 | validation accuracy: 0.7789 | validation AP: 0.2711
Epoch 4/50 | train loss: 0.6031 | validation loss: 0.695 | validation accuracy: 0.8125 | validation AP: 0.2738
Epoch 5/50 | train loss: 0.5926 | validation loss: 0.6449 | validation accuracy: 0.7887 | validation AP: 0.2846
Epoch 6/50 | train loss: 0.5896 | validation loss: 0.7215 | validation accuracy: 0.8237 | validation AP: 0.2738
Epoch 7/50 | train loss: 0.5736 | validation loss: 0.7399 | validation accuracy: 0.8202 | validation AP: 0.2823
Epoch 8/50 | train loss: 0.5732 | validation loss: 0.6686 | validation accuracy: 0.7845 | validation AP: 0.2836
Epoch 9/50 | train loss: 0.5784 | validation loss: 0.6583 | validation accuracy: 0.7586 | validation AP: 0.2873
Epoch 10/50 | train loss: 0.5795 | validation loss: 0.6767 | validation accuracy: 0.7509 | validation AP: 0.2336
Epoch 11/50 | train loss: 0.5743 | validation loss: 0.7466 | validation accuracy: 0.8104 | validation AP: 0.2577
Epoch 12/50 | train loss: 0.5561 | validation loss: 0.7345 | validation accuracy: 0.7999 | validation AP: 0.2364
Epoch 13/50 | train loss: 0.5689 | validation loss: 0.6685 | validation accuracy: 0.7432 | validation AP: 0.2923
Epoch 14/50 | train loss: 0.556 | validation loss: 0.6542 | validation accuracy: 0.7446 | validation AP: 0.2615
Epoch 15/50 | train loss: 0.5433 | validation loss: 0.7411 | validation accuracy: 0.683 | validation AP: 0.2094
Epoch 16/50 | train loss: 0.5505 | validation loss: 0.6478 | validation accuracy: 0.7082 | validation AP: 0.2382
Epoch 17/50 | train loss: 0.5485 | validation loss: 0.7558 | validation accuracy: 0.7845 | validation AP: 0.2378
Stopping at epoch 17: validation AP has not improved for 4 epochs.
Best epoch: 13 | validation AP: 0.2923 | epochs run: 17

Validation classification report:
              precision    recall  f1-score   support

  disengaged     0.2506    0.6084    0.3550       166
     engaged     0.9366    0.7609    0.8397      1263

    accuracy                         0.7432      1429
   macro avg     0.5936    0.6847    0.5973      1429
weighted avg     0.8570    0.7432    0.7834      1429
[I 2026-10-09 02:43:20,707] Trial 12 finished with value: 0.3007068803200408 and parameters: {'hidden_size': 70, 'num_layers': 3, 'dropout': 0.5, 'learning_rate': 0.0008260114436119067, 'batch_size': 32}. Best is trial 12 with value: 0.3007068803200408.
[I 2026-10-09 02:45:41,256] Trial 13 finished with value: 0.29164024345148415 and parameters: {'hidden_size': 117, 'num_layers': 3, 'dropout': 0.5, 'learning_rate': 0.0008966508081689879, 'batch_size': 8}. Best is trial 12 with value: 0.3007068803200408.

Confusion matrix (rows: actual, columns: predicted):
[[101  65]
 [302 961]]
Epoch 1/50 | train loss: 0.6464 | validation loss: 0.6883 | validation accuracy: 0.7803 | validation AP: 0.2255
Epoch 2/50 | train loss: 0.6283 | validation loss: 0.636 | validation accuracy: 0.7796 | validation AP: 0.3037
Epoch 3/50 | train loss: 0.6147 | validation loss: 0.6927 | validation accuracy: 0.7348 | validation AP: 0.2142
Epoch 4/50 | train loss: 0.5953 | validation loss: 0.6974 | validation accuracy: 0.7621 | validation AP: 0.2308
Epoch 5/50 | train loss: 0.5916 | validation loss: 0.652 | validation accuracy: 0.767 | validation AP: 0.2808
Epoch 6/50 | train loss: 0.5853 | validation loss: 0.7049 | validation accuracy: 0.7593 | validation AP: 0.2127
Stopping at epoch 6: validation AP has not improved for 4 epochs.
Best epoch: 2 | validation AP: 0.3037 | epochs run: 6

Validation classification report:
              precision    recall  f1-score   support

  disengaged     0.2722    0.5361    0.3611       166
     engaged     0.9301    0.8116    0.8668      1263

    accuracy                         0.7796      1429
   macro avg     0.6011    0.6739    0.6139      1429
weighted avg     0.8537    0.7796    0.8081      1429

Confusion matrix (rows: actual, columns: predicted):
[[  89   77]
 [ 238 1025]]
Epoch 1/50 | train loss: 0.6599 | validation loss: 0.7496 | validation accuracy: 0.7915 | validation AP: 0.2014
Epoch 2/50 | train loss: 0.6331 | validation loss: 0.6762 | validation accuracy: 0.6648 | validation AP: 0.1903
Epoch 3/50 | train loss: 0.6114 | validation loss: 0.6596 | validation accuracy: 0.7845 | validation AP: 0.3061
Epoch 4/50 | train loss: 0.5986 | validation loss: 0.6642 | validation accuracy: 0.5906 | validation AP: 0.1787
Epoch 5/50 | train loss: 0.5974 | validation loss: 0.6267 | validation accuracy: 0.7362 | validation AP: 0.2737
Epoch 6/50 | train loss: 0.5864 | validation loss: 0.6289 | validation accuracy: 0.7166 | validation AP: 0.2714
Epoch 7/50 | train loss: 0.5788 | validation loss: 0.7041 | validation accuracy: 0.7285 | validation AP: 0.2444
Stopping at epoch 7: validation AP has not improved for 4 epochs.
Best epoch: 3 | validation AP: 0.3061 | epochs run: 7

Validation classification report:
              precision    recall  f1-score   support

  disengaged     0.2633    0.4759    0.3391       166
     engaged     0.9229    0.8250    0.8712      1263

    accuracy                         0.7845      1429
   macro avg     0.5931    0.6505    0.6051      1429
weighted avg     0.8463    0.7845    0.8094      1429

Confusion matrix (rows: actual, columns: predicted):
[[  79   87]
 [ 221 1042]]
Epoch 1/50 | train loss: 0.5468 | validation loss: 0.7688 | validation accuracy: 0.8754 | validation AP: 0.1847
Epoch 2/50 | train loss: 0.5196 | validation loss: 0.7648 | validation accuracy: 0.8761 | validation AP: 0.199
Epoch 3/50 | train loss: 0.5203 | validation loss: 0.6725 | validation accuracy: 0.7852 | validation AP: 0.2791
Epoch 4/50 | train loss: 0.5297 | validation loss: 0.6279 | validation accuracy: 0.8642 | validation AP: 0.2968
Epoch 5/50 | train loss: 0.5042 | validation loss: 0.6411 | validation accuracy: 0.8649 | validation AP: 0.2802
Epoch 6/50 | train loss: 0.4863 | validation loss: 0.7092 | validation accuracy: 0.8747 | validation AP: 0.2842
Epoch 7/50 | train loss: 0.487 | validation loss: 0.7016 | validation accuracy: 0.8188 | validation AP: 0.2775
Epoch 8/50 | train loss: 0.4824 | validation loss: 0.8204 | validation accuracy: 0.8635 | validation AP: 0.2727
Stopping at epoch 8: validation AP has not improved for 4 epochs.
Best epoch: 4 | validation AP: 0.2968 | epochs run: 8

Validation classification report:
              precision    recall  f1-score   support

  disengaged     0.3654    0.2289    0.2815       166
     engaged     0.9034    0.9477    0.9250      1263

    accuracy                         0.8642      1429
   macro avg     0.6344    0.5883    0.6033      1429
weighted avg     0.8409    0.8642    0.8503      1429

Confusion matrix (rows: actual, columns: predicted):
[[  38  128]
 [  66 1197]]
Epoch 1/50 | train loss: 0.5638 | validation loss: 0.7973 | validation accuracy: 0.8761 | validation AP: 0.1627
Epoch 2/50 | train loss: 0.5242 | validation loss: 0.7483 | validation accuracy: 0.7943 | validation AP: 0.1763
Epoch 3/50 | train loss: 0.5272 | validation loss: 0.6769 | validation accuracy: 0.86 | validation AP: 0.2254
Epoch 4/50 | train loss: 0.4963 | validation loss: 0.7468 | validation accuracy: 0.8572 | validation AP: 0.2096
Epoch 5/50 | train loss: 0.482 | validation loss: 0.6493 | validation accuracy: 0.83 | validation AP: 0.2921
Epoch 6/50 | train loss: 0.4873 | validation loss: 0.6337 | validation accuracy: 0.7866 | validation AP: 0.227
Epoch 7/50 | train loss: 0.4787 | validation loss: 0.6886 | validation accuracy: 0.8286 | validation AP: 0.2604
Epoch 8/50 | train loss: 0.4716 | validation loss: 0.6749 | validation accuracy: 0.8551 | validation AP: 0.2713
Epoch 9/50 | train loss: 0.4637 | validation loss: 0.813 | validation accuracy: 0.83 | validation AP: 0.2367
Stopping at epoch 9: validation AP has not improved for 4 epochs.
Best epoch: 5 | validation AP: 0.2921 | epochs run: 9

Validation classification report:
              precision    recall  f1-score   support

  disengaged     0.2825    0.3012    0.2915       166
     engaged     0.9073    0.8994    0.9034      1263

    accuracy                         0.8300      1429
   macro avg     0.5949    0.6003    0.5975      1429
weighted avg     0.8348    0.8300    0.8323      1429

Confusion matrix (rows: actual, columns: predicted):
[[  50  116]
 [ 127 1136]]
Epoch 1/50 | train loss: 0.5384 | validation loss: 0.6322 | validation accuracy: 0.7929 | validation AP: 0.2404
Epoch 2/50 | train loss: 0.5249 | validation loss: 0.7083 | validation accuracy: 0.8341 | validation AP: 0.197
Epoch 3/50 | train loss: 0.5246 | validation loss: 0.7319 | validation accuracy: 0.8789 | validation AP: 0.2861
Epoch 4/50 | train loss: 0.5187 | validation loss: 0.6523 | validation accuracy: 0.8733 | validation AP: 0.2394
Epoch 5/50 | train loss: 0.4885 | validation loss: 0.6322 | validation accuracy: 0.8146 | validation AP: 0.2322
Epoch 6/50 | train loss: 0.4855 | validation loss: 0.7294 | validation accuracy: 0.8376 | validation AP: 0.2263
Epoch 7/50 | train loss: 0.4867 | validation loss: 0.7064 | validation accuracy: 0.8258 | validation AP: 0.2433
Stopping at epoch 7: validation AP has not improved for 4 epochs.
Best epoch: 3 | validation AP: 0.2861 | epochs run: 7

Validation classification report:
              precision    recall  f1-score   support

  disengaged     0.4054    0.0904    0.1478       166
     engaged     0.8915    0.9826    0.9348      1263

    accuracy                         0.8789      1429
   macro avg     0.6485    0.5365    0.5413      1429
weighted avg     0.8351    0.8789    0.8434      1429

Confusion matrix (rows: actual, columns: predicted):
[[  15  151]
 [  22 1241]]
Epoch 1/50 | train loss: 0.6461 | validation loss: 0.6709 | validation accuracy: 0.725 | validation AP: 0.2017
Epoch 2/50 | train loss: 0.6142 | validation loss: 0.7081 | validation accuracy: 0.816 | validation AP: 0.2526
Epoch 3/50 | train loss: 0.5974 | validation loss: 0.7019 | validation accuracy: 0.7957 | validation AP: 0.2742
Epoch 4/50 | train loss: 0.5909 | validation loss: 0.6898 | validation accuracy: 0.7747 | validation AP: 0.2619
Epoch 5/50 | train loss: 0.5903 | validation loss: 0.6744 | validation accuracy: 0.7789 | validation AP: 0.2657
Epoch 6/50 | train loss: 0.5779 | validation loss: 0.7778 | validation accuracy: 0.8076 | validation AP: 0.2488
Epoch 7/50 | train loss: 0.567 | validation loss: 0.7246 | validation accuracy: 0.8272 | validation AP: 0.2778
Epoch 8/50 | train loss: 0.5669 | validation loss: 0.7037 | validation accuracy: 0.7999 | validation AP: 0.2725
Epoch 9/50 | train loss: 0.5564 | validation loss: 0.7311 | validation accuracy: 0.7873 | validation AP: 0.2395
Epoch 10/50 | train loss: 0.5668 | validation loss: 0.6912 | validation accuracy: 0.76 | validation AP: 0.2401
Epoch 11/50 | train loss: 0.5555 | validation loss: 0.7925 | validation accuracy: 0.809 | validation AP: 0.2181[I 2026-10-09 02:46:30,439] Trial 14 finished with value: 0.2826546742507975 and parameters: {'hidden_size': 49, 'num_layers': 2, 'dropout': 0.5, 'learning_rate': 0.0012935183347963057, 'batch_size': 32}. Best is trial 12 with value: 0.3007068803200408.

Stopping at epoch 11: validation AP has not improved for 4 epochs.
Best epoch: 7 | validation AP: 0.2778 | epochs run: 11

Validation classification report:
              precision    recall  f1-score   support

  disengaged     0.2712    0.2892    0.2799       166
     engaged     0.9058    0.8979    0.9018      1263

    accuracy                         0.8272      1429
   macro avg     0.5885    0.5935    0.5908      1429
weighted avg     0.8320    0.8272    0.8295      1429

Confusion matrix (rows: actual, columns: predicted):
[[  48  118]
 [ 129 1134]]
Epoch 1/50 | train loss: 0.6452 | validation loss: 0.668 | validation accuracy: 0.7558 | validation AP: 0.2275
Epoch 2/50 | train loss: 0.6127 | validation loss: 0.6433 | validation accuracy: 0.6753 | validation AP: 0.2191
Epoch 3/50 | train loss: 0.6058 | validation loss: 0.6688 | validation accuracy: 0.7334 | validation AP: 0.2545
Epoch 4/50 | train loss: 0.5944 | validation loss: 0.6522 | validation accuracy: 0.7271 | validation AP: 0.2566
Epoch 5/50 | train loss: 0.5852 | validation loss: 0.6706 | validation accuracy: 0.7999 | validation AP: 0.2872
Epoch 6/50 | train loss: 0.5731 | validation loss: 0.6564 | validation accuracy: 0.7376 | validation AP: 0.2464
Epoch 7/50 | train loss: 0.5661 | validation loss: 0.7032 | validation accuracy: 0.8097 | validation AP: 0.2762
Epoch 8/50 | train loss: 0.5661 | validation loss: 0.7313 | validation accuracy: 0.8034 | validation AP: 0.2616
Epoch 9/50 | train loss: 0.5614 | validation loss: 0.6735 | validation accuracy: 0.7327 | validation AP: 0.2489
Stopping at epoch 9: validation AP has not improved for 4 epochs.
Best epoch: 5 | validation AP: 0.2872 | epochs run: 9

Validation classification report:
              precision    recall  f1-score   support

  disengaged     0.2794    0.4578    0.3470       166
     engaged     0.9222    0.8448    0.8818      1263

    accuracy                         0.7999      1429
   macro avg     0.6008    0.6513    0.6144      1429
weighted avg     0.8475    0.7999    0.8197      1429

Confusion matrix (rows: actual, columns: predicted):
[[  76   90]
 [ 196 1067]]
Epoch 1/50 | train loss: 0.6618 | validation loss: 0.7447 | validation accuracy: 0.8048 | validation AP: 0.2021
Epoch 2/50 | train loss: 0.6255 | validation loss: 0.703 | validation accuracy: 0.7075 | validation AP: 0.1926
Epoch 3/50 | train loss: 0.6102 | validation loss: 0.6774 | validation accuracy: 0.7761 | validation AP: 0.2649
Epoch 4/50 | train loss: 0.6005 | validation loss: 0.6843 | validation accuracy: 0.6613 | validation AP: 0.1867
Epoch 5/50 | train loss: 0.5902 | validation loss: 0.6436 | validation accuracy: 0.7089 | validation AP: 0.2575
Epoch 6/50 | train loss: 0.575 | validation loss: 0.6665 | validation accuracy: 0.6578 | validation AP: 0.2365
Epoch 7/50 | train loss: 0.5731 | validation loss: 0.691 | validation accuracy: 0.7383 | validation AP: 0.2703
Epoch 8/50 | train loss: 0.5641 | validation loss: 0.6749 | validation accuracy: 0.7327 | validation AP: 0.2614
Epoch 9/50 | train loss: 0.5584 | validation loss: 0.7472 | validation accuracy: 0.8104 | validation AP: 0.283
Epoch 10/50 | train loss: 0.5758 | validation loss: 0.6933 | validation accuracy: 0.7677 | validation AP: 0.2677
Epoch 11/50 | train loss: 0.5621 | validation loss: 0.7307 | validation accuracy: 0.7621 | validation AP: 0.2658
Epoch 12/50 | train loss: 0.5466 | validation loss: 0.7468 | validation accuracy: 0.7866 | validation AP: 0.2562
Epoch 13/50 | train loss: 0.539 | validation loss: 0.8128 | validation accuracy: 0.7768 | validation AP: 0.2498
Stopping at epoch 13: validation AP has not improved for 4 epochs.
Best epoch: 9 | validation AP: 0.283 | epochs run: 13

Validation classification report:
              precision    recall  f1-score   support

  disengaged     0.2766    0.3916    0.3242       166
     engaged     0.9154    0.8654    0.8897      1263

    accuracy                         0.8104      1429
   macro avg     0.5960    0.6285    0.6069      1429
weighted avg     0.8412    0.8104    0.8240      1429

Confusion matrix (rows: actual, columns: predicted):
[[  65  101]
 [ 170 1093]]
Epoch 1/50 | train loss: 0.6508 | validation loss: 0.6839 | validation accuracy: 0.711 | validation AP: 0.1923
Epoch 2/50 | train loss: 0.6263 | validation loss: 0.6987 | validation accuracy: 0.788 | validation AP: 0.219
Epoch 3/50 | train loss: 0.614 | validation loss: 0.6414 | validation accuracy: 0.7397 | validation AP: 0.2681
Epoch 4/50 | train loss: 0.6099 | validation loss: 0.6464 | validation accuracy: 0.7845 | validation AP: 0.3034
Epoch 5/50 | train loss: 0.5943 | validation loss: 0.6272 | validation accuracy: 0.7593 | validation AP: 0.3007
Epoch 6/50 | train loss: 0.588 | validation loss: 0.6819 | validation accuracy: 0.8041 | validation AP: 0.2792
Epoch 7/50 | train loss: 0.5784 | validation loss: 0.6831 | validation accuracy: 0.8048 | validation AP: 0.2917
Epoch 8/50 | train loss: 0.574 | validation loss: 0.6702 | validation accuracy: 0.7964 | validation AP: 0.2923
Stopping at epoch 8: validation AP has not improved for 4 epochs.
Best epoch: 4 | validation AP: 0.3034 | epochs run: 8

Validation classification report:
              precision    recall  f1-score   support

  disengaged     0.2781    0.5361    0.3663       166
     engaged     0.9306    0.8171    0.8702      1263

    accuracy                         0.7845      1429
   macro avg     0.6043    0.6766    0.6182      1429
weighted avg     0.8548    0.7845    0.8116      1429

Confusion matrix (rows: actual, columns: predicted):
[[  89   77]
 [ 231 1032]]
Epoch 1/50 | train loss: 0.6415 | validation loss: 0.6974 | validation accuracy: 0.7369 | validation AP: 0.1966
Epoch 2/50 | train loss: 0.6235 | validation loss: 0.6343 | validation accuracy: 0.711 | validation AP: 0.2449
Epoch 3/50 | train loss: 0.6167 | validation loss: 0.6354 | validation accuracy: 0.7621 | validation AP: 0.2727
Epoch 4/50 | train loss: 0.5951 | validation loss: 0.6492 | validation accuracy: 0.7348 | validation AP: 0.245
Epoch 5/50 | train loss: 0.5946 | validation loss: 0.6143 | validation accuracy: 0.7474 | validation AP: 0.3112
Epoch 6/50 | train loss: 0.5853 | validation loss: 0.6346 | validation accuracy: 0.7425 | validation AP: 0.2702
Epoch 7/50 | train loss: 0.578 | validation loss: 0.6386 | validation accuracy: 0.7607 | validation AP: 0.2968
Epoch 8/50 | train loss: 0.578 | validation loss: 0.6851 | validation accuracy: 0.7845 | validation AP: 0.2803
Epoch 9/50 | train loss: 0.5748 | validation loss: 0.6471 | validation accuracy: 0.7124 | validation AP: 0.2469
Stopping at epoch 9: validation AP has not improved for 4 epochs.
Best epoch: 5 | validation AP: 0.3112 | epochs run: 9

Validation classification report:
              precision    recall  f1-score   support

  disengaged     0.2519    0.5964    0.3542       166
     engaged     0.9353    0.7672    0.8430      1263

    accuracy                         0.7474      1429
   macro avg     0.5936    0.6818    0.5986      1429
weighted avg     0.8559    0.7474    0.7862      1429

Confusion matrix (rows: actual, columns: predicted):
[[ 99  67]
 [294 969]]
Epoch 1/50 | train loss: 0.6554 | validation loss: 0.7327 | validation accuracy: 0.767 | validation AP: 0.1975
Epoch 2/50 | train loss: 0.6231 | validation loss: 0.6863 | validation accuracy: 0.6788 | validation AP: 0.1884
Epoch 3/50 | train loss: 0.6057 | validation loss: 0.6645 | validation accuracy: 0.7586 | validation AP: 0.2713
Epoch 4/50 | train loss: 0.592 | validation loss: 0.6971 | validation accuracy: 0.6242 | validation AP: 0.1604
Epoch 5/50 | train loss: 0.592 | validation loss: 0.6147 | validation accuracy: 0.6851 | validation AP: 0.2784
Epoch 6/50 | train loss: 0.5838 | validation loss: 0.6303 | validation accuracy: 0.6284 | validation AP: 0.2482
Epoch 7/50 | train loss: 0.5815 | validation loss: 0.665 | validation accuracy: 0.6942 | validation AP: 0.2345
Epoch 8/50 | train loss: 0.5718 | validation loss: 0.6519 | validation accuracy: 0.7152 | validation AP: 0.2597
Epoch 9/50 | train loss: 0.5658 | validation loss: 0.6943 | validation accuracy: 0.7803 | validation AP: 0.2882
Epoch 10/50 | train loss: 0.5807 | validation loss: 0.6582 | validation accuracy: 0.7663 | validation AP: 0.2775[I 2026-10-09 02:47:27,039] Trial 15 finished with value: 0.3009763265924505 and parameters: {'hidden_size': 119, 'num_layers': 3, 'dropout': 0.05, 'learning_rate': 0.0004449215192843055, 'batch_size': 32}. Best is trial 15 with value: 0.3009763265924505.
[I 2026-10-09 02:50:44,220] Trial 16 finished with value: 0.30596745342596016 and parameters: {'hidden_size': 175, 'num_layers': 3, 'dropout': 0.05, 'learning_rate': 0.0006716670940688268, 'batch_size': 16}. Best is trial 16 with value: 0.30596745342596016.

Epoch 11/50 | train loss: 0.578 | validation loss: 0.6829 | validation accuracy: 0.7439 | validation AP: 0.2767
Epoch 12/50 | train loss: 0.5572 | validation loss: 0.6976 | validation accuracy: 0.7607 | validation AP: 0.279
Epoch 13/50 | train loss: 0.5559 | validation loss: 0.7243 | validation accuracy: 0.7411 | validation AP: 0.2705
Stopping at epoch 13: validation AP has not improved for 4 epochs.
Best epoch: 9 | validation AP: 0.2882 | epochs run: 13

Validation classification report:
              precision    recall  f1-score   support

  disengaged     0.2550    0.4639    0.3291       166
     engaged     0.9210    0.8219    0.8686      1263

    accuracy                         0.7803      1429
   macro avg     0.5880    0.6429    0.5988      1429
weighted avg     0.8437    0.7803    0.8059      1429

Confusion matrix (rows: actual, columns: predicted):
[[  77   89]
 [ 225 1038]]
Epoch 1/50 | train loss: 0.6178 | validation loss: 0.6909 | validation accuracy: 0.8244 | validation AP: 0.2279
Epoch 2/50 | train loss: 0.5883 | validation loss: 0.7641 | validation accuracy: 0.8635 | validation AP: 0.2494
Epoch 3/50 | train loss: 0.5812 | validation loss: 0.6874 | validation accuracy: 0.8286 | validation AP: 0.2839
Epoch 4/50 | train loss: 0.5868 | validation loss: 0.65 | validation accuracy: 0.8383 | validation AP: 0.3116
Epoch 5/50 | train loss: 0.5675 | validation loss: 0.6706 | validation accuracy: 0.8383 | validation AP: 0.3082
Epoch 6/50 | train loss: 0.5542 | validation loss: 0.7292 | validation accuracy: 0.8523 | validation AP: 0.2885
Epoch 7/50 | train loss: 0.5473 | validation loss: 0.6629 | validation accuracy: 0.7915 | validation AP: 0.3018
Epoch 8/50 | train loss: 0.5398 | validation loss: 0.7525 | validation accuracy: 0.8439 | validation AP: 0.2976
Stopping at epoch 8: validation AP has not improved for 4 epochs.
Best epoch: 4 | validation AP: 0.3116 | epochs run: 8

Validation classification report:
              precision    recall  f1-score   support

  disengaged     0.3099    0.3193    0.3145       166
     engaged     0.9102    0.9066    0.9084      1263

    accuracy                         0.8383      1429
   macro avg     0.6101    0.6129    0.6115      1429
weighted avg     0.8404    0.8383    0.8394      1429

Confusion matrix (rows: actual, columns: predicted):
[[  53  113]
 [ 118 1145]]
Epoch 1/50 | train loss: 0.6179 | validation loss: 0.786 | validation accuracy: 0.8691 | validation AP: 0.1871
Epoch 2/50 | train loss: 0.5944 | validation loss: 0.696 | validation accuracy: 0.7915 | validation AP: 0.2072
Epoch 3/50 | train loss: 0.5978 | validation loss: 0.6208 | validation accuracy: 0.7838 | validation AP: 0.2709
Epoch 4/50 | train loss: 0.5696 | validation loss: 0.6651 | validation accuracy: 0.8027 | validation AP: 0.2587
Epoch 5/50 | train loss: 0.5625 | validation loss: 0.6672 | validation accuracy: 0.8146 | validation AP: 0.3092
Epoch 6/50 | train loss: 0.5584 | validation loss: 0.6678 | validation accuracy: 0.711 | validation AP: 0.2288
Epoch 7/50 | train loss: 0.5524 | validation loss: 0.6423 | validation accuracy: 0.7817 | validation AP: 0.3086
Epoch 8/50 | train loss: 0.5453 | validation loss: 0.6639 | validation accuracy: 0.8328 | validation AP: 0.3013
Epoch 9/50 | train loss: 0.5511 | validation loss: 0.716 | validation accuracy: 0.7586 | validation AP: 0.2569
Stopping at epoch 9: validation AP has not improved for 4 epochs.
Best epoch: 5 | validation AP: 0.3092 | epochs run: 9

Validation classification report:
              precision    recall  f1-score   support

  disengaged     0.2876    0.4036    0.3358       166
     engaged     0.9172    0.8686    0.8922      1263

    accuracy                         0.8146      1429
   macro avg     0.6024    0.6361    0.6140      1429
weighted avg     0.8441    0.8146    0.8276      1429

Confusion matrix (rows: actual, columns: predicted):
[[  67   99]
 [ 166 1097]]
Epoch 1/50 | train loss: 0.6223 | validation loss: 0.6802 | validation accuracy: 0.7152 | validation AP: 0.2074
Epoch 2/50 | train loss: 0.6005 | validation loss: 0.6579 | validation accuracy: 0.7033 | validation AP: 0.2011
Epoch 3/50 | train loss: 0.581 | validation loss: 0.6954 | validation accuracy: 0.8572 | validation AP: 0.2843
Epoch 4/50 | train loss: 0.5768 | validation loss: 0.6795 | validation accuracy: 0.7453 | validation AP: 0.1768
Epoch 5/50 | train loss: 0.5682 | validation loss: 0.6265 | validation accuracy: 0.7859 | validation AP: 0.2971
Epoch 6/50 | train loss: 0.5534 | validation loss: 0.6426 | validation accuracy: 0.7747 | validation AP: 0.2624
Epoch 7/50 | train loss: 0.5579 | validation loss: 0.6922 | validation accuracy: 0.7677 | validation AP: 0.2601
Epoch 8/50 | train loss: 0.5487 | validation loss: 0.681 | validation accuracy: 0.8104 | validation AP: 0.2969
Epoch 9/50 | train loss: 0.5414 | validation loss: 0.7132 | validation accuracy: 0.8041 | validation AP: 0.2836
Stopping at epoch 9: validation AP has not improved for 4 epochs.
Best epoch: 5 | validation AP: 0.2971 | epochs run: 9

Validation classification report:
              precision    recall  f1-score   support

  disengaged     0.2603    0.4578    0.3319       166
     engaged     0.9208    0.8290    0.8725      1263

    accuracy                         0.7859      1429
   macro avg     0.5906    0.6434    0.6022      1429
weighted avg     0.8441    0.7859    0.8097      1429

Confusion matrix (rows: actual, columns: predicted):
[[  76   90]
 [ 216 1047]]
Epoch 1/50 | train loss: 0.623 | validation loss: 0.7072 | validation accuracy: 0.7852 | validation AP: 0.1864
Epoch 2/50 | train loss: 0.5899 | validation loss: 0.7921 | validation accuracy: 0.86 | validation AP: 0.241
Epoch 3/50 | train loss: 0.5805 | validation loss: 0.6773 | validation accuracy: 0.8146 | validation AP: 0.2953
Epoch 4/50 | train loss: 0.5886 | validation loss: 0.6503 | validation accuracy: 0.8132 | validation AP: 0.2901
Epoch 5/50 | train loss: 0.5647 | validation loss: 0.6795 | validation accuracy: 0.8425 | validation AP: 0.2696
Epoch 6/50 | train loss: 0.5469 | validation loss: 0.7706 | validation accuracy: 0.8453 | validation AP: 0.2757
Epoch 7/50 | train loss: 0.5427 | validation loss: 0.7101 | validation accuracy: 0.7768 | validation AP: 0.2495
Stopping at epoch 7: validation AP has not improved for 4 epochs.
Best epoch: 3 | validation AP: 0.2953 | epochs run: 7

Validation classification report:
              precision    recall  f1-score   support

  disengaged     0.2780    0.3735    0.3188       166
     engaged     0.9138    0.8725    0.8927      1263

    accuracy                         0.8146      1429
   macro avg     0.5959    0.6230    0.6057      1429
weighted avg     0.8399    0.8146    0.8260      1429

Confusion matrix (rows: actual, columns: predicted):
[[  62  104]
 [ 161 1102]]
Epoch 1/50 | train loss: 0.6345 | validation loss: 0.7525 | validation accuracy: 0.8537 | validation AP: 0.1829
Epoch 2/50 | train loss: 0.62 | validation loss: 0.7412 | validation accuracy: 0.8754 | validation AP: 0.1697
Epoch 3/50 | train loss: 0.6317 | validation loss: 0.7263 | validation accuracy: 0.8663 | validation AP: 0.1798
Epoch 4/50 | train loss: 0.6456 | validation loss: 0.7509 | validation accuracy: 0.8432 | validation AP: 0.1512
Epoch 5/50 | train loss: 0.6327 | validation loss: 0.7308 | validation accuracy: 0.8439 | validation AP: 0.2045
Epoch 6/50 | train loss: 0.6186 | validation loss: 0.7745 | validation accuracy: 0.8586 | validation AP: 0.1545
Epoch 7/50 | train loss: 0.6217 | validation loss: 0.7269 | validation accuracy: 0.8628 | validation AP: 0.1886
Epoch 8/50 | train loss: 0.6178 | validation loss: 0.7565 | validation accuracy: 0.816 | validation AP: 0.1373
Epoch 9/50 | train loss: 0.6113 | validation loss: 0.7445 | validation accuracy: 0.8034 | validation AP: 0.1532
Stopping at epoch 9: validation AP has not improved for 4 epochs.
Best epoch: 5 | validation AP: 0.2045 | epochs run: 9

Validation classification report:
              precision    recall  f1-score   support

  disengaged     0.2720    0.2048    0.2337       166
     engaged     0.8988    0.9279    0.9131      1263

    accuracy                         0.8439      1429
   macro avg     0.5854    0.5664    0.5734      1429
weighted avg     0.8260    0.8439    0.8342      1429
[I 2026-10-09 02:53:49,016] Trial 17 finished with value: 0.2617042224060737 and parameters: {'hidden_size': 174, 'num_layers': 2, 'dropout': 0.05, 'learning_rate': 0.001508878187217066, 'batch_size': 16}. Best is trial 16 with value: 0.30596745342596016.
[I 2026-10-09 02:57:48,240] Trial 18 finished with value: 0.2968321193725236 and parameters: {'hidden_size': 148, 'num_layers': 3, 'dropout': 0.05, 'learning_rate': 0.00016312250740366203, 'batch_size': 16}. Best is trial 16 with value: 0.30596745342596016.

Confusion matrix (rows: actual, columns: predicted):
[[  34  132]
 [  91 1172]]
Epoch 1/50 | train loss: 0.6282 | validation loss: 0.7005 | validation accuracy: 0.8006 | validation AP: 0.1985
Epoch 2/50 | train loss: 0.6046 | validation loss: 0.6255 | validation accuracy: 0.7537 | validation AP: 0.2522
Epoch 3/50 | train loss: 0.5784 | validation loss: 0.688 | validation accuracy: 0.8432 | validation AP: 0.2853
Epoch 4/50 | train loss: 0.5707 | validation loss: 0.6617 | validation accuracy: 0.6935 | validation AP: 0.1893
Epoch 5/50 | train loss: 0.5582 | validation loss: 0.6616 | validation accuracy: 0.7677 | validation AP: 0.232
Epoch 6/50 | train loss: 0.5422 | validation loss: 0.684 | validation accuracy: 0.7607 | validation AP: 0.2032
Epoch 7/50 | train loss: 0.5538 | validation loss: 0.7163 | validation accuracy: 0.8076 | validation AP: 0.2495
Stopping at epoch 7: validation AP has not improved for 4 epochs.
Best epoch: 3 | validation AP: 0.2853 | epochs run: 7

Validation classification report:
              precision    recall  f1-score   support

  disengaged     0.3014    0.2651    0.2821       166
     engaged     0.9049    0.9192    0.9120      1263

    accuracy                         0.8432      1429
   macro avg     0.6031    0.5922    0.5970      1429
weighted avg     0.8348    0.8432    0.8388      1429

Confusion matrix (rows: actual, columns: predicted):
[[  44  122]
 [ 102 1161]]
Epoch 1/50 | train loss: 0.6226 | validation loss: 0.6964 | validation accuracy: 0.8006 | validation AP: 0.1943
Epoch 2/50 | train loss: 0.5802 | validation loss: 0.7338 | validation accuracy: 0.8544 | validation AP: 0.229
Epoch 3/50 | train loss: 0.5774 | validation loss: 0.6942 | validation accuracy: 0.83 | validation AP: 0.256
Epoch 4/50 | train loss: 0.5844 | validation loss: 0.647 | validation accuracy: 0.7985 | validation AP: 0.2756
Epoch 5/50 | train loss: 0.5718 | validation loss: 0.671 | validation accuracy: 0.8341 | validation AP: 0.2713
Epoch 6/50 | train loss: 0.5521 | validation loss: 0.7017 | validation accuracy: 0.8411 | validation AP: 0.2929
Epoch 7/50 | train loss: 0.5509 | validation loss: 0.6662 | validation accuracy: 0.8139 | validation AP: 0.2903
Epoch 8/50 | train loss: 0.5386 | validation loss: 0.7226 | validation accuracy: 0.846 | validation AP: 0.2852
Epoch 9/50 | train loss: 0.5433 | validation loss: 0.6572 | validation accuracy: 0.7943 | validation AP: 0.2881
Epoch 10/50 | train loss: 0.5426 | validation loss: 0.6529 | validation accuracy: 0.7768 | validation AP: 0.2432
Stopping at epoch 10: validation AP has not improved for 4 epochs.
Best epoch: 6 | validation AP: 0.2929 | epochs run: 10

Validation classification report:
              precision    recall  f1-score   support

  disengaged     0.2837    0.2410    0.2606       166
     engaged     0.9022    0.9200    0.9110      1263

    accuracy                         0.8411      1429
   macro avg     0.5929    0.5805    0.5858      1429
weighted avg     0.8303    0.8411    0.8355      1429

Confusion matrix (rows: actual, columns: predicted):
[[  40  126]
 [ 101 1162]]
Epoch 1/50 | train loss: 0.618 | validation loss: 0.7255 | validation accuracy: 0.8069 | validation AP: 0.1883
Epoch 2/50 | train loss: 0.5827 | validation loss: 0.6865 | validation accuracy: 0.7936 | validation AP: 0.2128
Epoch 3/50 | train loss: 0.5901 | validation loss: 0.6764 | validation accuracy: 0.816 | validation AP: 0.2286
Epoch 4/50 | train loss: 0.5713 | validation loss: 0.6445 | validation accuracy: 0.7999 | validation AP: 0.2512
Epoch 5/50 | train loss: 0.5642 | validation loss: 0.6374 | validation accuracy: 0.8048 | validation AP: 0.3065
Epoch 6/50 | train loss: 0.5534 | validation loss: 0.6423 | validation accuracy: 0.7999 | validation AP: 0.2807
Epoch 7/50 | train loss: 0.5513 | validation loss: 0.6353 | validation accuracy: 0.7894 | validation AP: 0.2984
Epoch 8/50 | train loss: 0.547 | validation loss: 0.6665 | validation accuracy: 0.8027 | validation AP: 0.254
Epoch 9/50 | train loss: 0.5429 | validation loss: 0.6699 | validation accuracy: 0.7474 | validation AP: 0.2283
Stopping at epoch 9: validation AP has not improved for 4 epochs.
Best epoch: 5 | validation AP: 0.3065 | epochs run: 9

Validation classification report:
              precision    recall  f1-score   support

  disengaged     0.2656    0.3855    0.3145       166
     engaged     0.9141    0.8599    0.8862      1263

    accuracy                         0.8048      1429
   macro avg     0.5899    0.6227    0.6003      1429
weighted avg     0.8388    0.8048    0.8198      1429

Confusion matrix (rows: actual, columns: predicted):
[[  64  102]
 [ 177 1086]]
Epoch 1/50 | train loss: 0.6186 | validation loss: 0.7126 | validation accuracy: 0.8034 | validation AP: 0.219
Epoch 2/50 | train loss: 0.59 | validation loss: 0.6671 | validation accuracy: 0.76 | validation AP: 0.2069
Epoch 3/50 | train loss: 0.5803 | validation loss: 0.686 | validation accuracy: 0.8467 | validation AP: 0.2911
Epoch 4/50 | train loss: 0.5783 | validation loss: 0.6775 | validation accuracy: 0.7712 | validation AP: 0.1858
Epoch 5/50 | train loss: 0.5614 | validation loss: 0.6161 | validation accuracy: 0.7726 | validation AP: 0.2707
Epoch 6/50 | train loss: 0.5492 | validation loss: 0.6538 | validation accuracy: 0.7509 | validation AP: 0.2482
Epoch 7/50 | train loss: 0.5551 | validation loss: 0.6762 | validation accuracy: 0.774 | validation AP: 0.2316
Stopping at epoch 7: validation AP has not improved for 4 epochs.
Best epoch: 3 | validation AP: 0.2911 | epochs run: 7

Validation classification report:
              precision    recall  f1-score   support

  disengaged     0.3172    0.2771    0.2958       166
     engaged     0.9065    0.9216    0.9140      1263

    accuracy                         0.8467      1429
   macro avg     0.6119    0.5994    0.6049      1429
weighted avg     0.8381    0.8467    0.8422      1429

Confusion matrix (rows: actual, columns: predicted):
[[  46  120]
 [  99 1164]]
Epoch 1/50 | train loss: 0.6168 | validation loss: 0.7037 | validation accuracy: 0.7803 | validation AP: 0.1847
Epoch 2/50 | train loss: 0.5786 | validation loss: 0.7445 | validation accuracy: 0.8474 | validation AP: 0.222
Epoch 3/50 | train loss: 0.5694 | validation loss: 0.6902 | validation accuracy: 0.8307 | validation AP: 0.2761
Epoch 4/50 | train loss: 0.5702 | validation loss: 0.6647 | validation accuracy: 0.8244 | validation AP: 0.2841
Epoch 5/50 | train loss: 0.5513 | validation loss: 0.6673 | validation accuracy: 0.8369 | validation AP: 0.285
Epoch 6/50 | train loss: 0.5375 | validation loss: 0.7388 | validation accuracy: 0.8293 | validation AP: 0.2748
Epoch 7/50 | train loss: 0.535 | validation loss: 0.6783 | validation accuracy: 0.8041 | validation AP: 0.274
Epoch 8/50 | train loss: 0.5288 | validation loss: 0.754 | validation accuracy: 0.8425 | validation AP: 0.2686
Epoch 9/50 | train loss: 0.531 | validation loss: 0.6491 | validation accuracy: 0.7775 | validation AP: 0.2789
Stopping at epoch 9: validation AP has not improved for 4 epochs.
Best epoch: 5 | validation AP: 0.285 | epochs run: 9

Validation classification report:
              precision    recall  f1-score   support

  disengaged     0.2970    0.2952    0.2961       166
     engaged     0.9074    0.9082    0.9078      1263

    accuracy                         0.8369      1429
   macro avg     0.6022    0.6017    0.6019      1429
weighted avg     0.8365    0.8369    0.8367      1429

Confusion matrix (rows: actual, columns: predicted):
[[  49  117]
 [ 116 1147]]
Epoch 1/50 | train loss: 0.6184 | validation loss: 0.7339 | validation accuracy: 0.8348 | validation AP: 0.1904
Epoch 2/50 | train loss: 0.5751 | validation loss: 0.6745 | validation accuracy: 0.809 | validation AP: 0.2242
Epoch 3/50 | train loss: 0.575 | validation loss: 0.6546 | validation accuracy: 0.7894 | validation AP: 0.2684
Epoch 4/50 | train loss: 0.5514 | validation loss: 0.6758 | validation accuracy: 0.7845 | validation AP: 0.2417
Epoch 5/50 | train loss: 0.5462 | validation loss: 0.6613 | validation accuracy: 0.8216 | validation AP: 0.295
Epoch 6/50 | train loss: 0.5422 | validation loss: 0.6919 | validation accuracy: 0.7747 | validation AP: 0.2287[I 2026-10-09 03:00:37,505] Trial 19 finished with value: 0.2919223981572984 and parameters: {'hidden_size': 72, 'num_layers': 2, 'dropout': 0.05, 'learning_rate': 0.0005367937294467425, 'batch_size': 16}. Best is trial 16 with value: 0.30596745342596016.

Epoch 7/50 | train loss: 0.5394 | validation loss: 0.6558 | validation accuracy: 0.7838 | validation AP: 0.2815
Epoch 8/50 | train loss: 0.5312 | validation loss: 0.6896 | validation accuracy: 0.7999 | validation AP: 0.2577
Epoch 9/50 | train loss: 0.5249 | validation loss: 0.7159 | validation accuracy: 0.7866 | validation AP: 0.2444
Stopping at epoch 9: validation AP has not improved for 4 epochs.
Best epoch: 5 | validation AP: 0.295 | epochs run: 9

Validation classification report:
              precision    recall  f1-score   support

  disengaged     0.2741    0.3253    0.2975       166
     engaged     0.9091    0.8868    0.8978      1263

    accuracy                         0.8216      1429
   macro avg     0.5916    0.6060    0.5977      1429
weighted avg     0.8353    0.8216    0.8281      1429

Confusion matrix (rows: actual, columns: predicted):
[[  54  112]
 [ 143 1120]]
Epoch 1/50 | train loss: 0.6146 | validation loss: 0.718 | validation accuracy: 0.83 | validation AP: 0.2287
Epoch 2/50 | train loss: 0.5844 | validation loss: 0.6648 | validation accuracy: 0.7719 | validation AP: 0.2248
Epoch 3/50 | train loss: 0.5674 | validation loss: 0.6999 | validation accuracy: 0.8321 | validation AP: 0.2957
Epoch 4/50 | train loss: 0.5633 | validation loss: 0.6597 | validation accuracy: 0.7299 | validation AP: 0.1894
Epoch 5/50 | train loss: 0.548 | validation loss: 0.6382 | validation accuracy: 0.7768 | validation AP: 0.274
Epoch 6/50 | train loss: 0.5286 | validation loss: 0.6829 | validation accuracy: 0.7684 | validation AP: 0.2125
Epoch 7/50 | train loss: 0.5346 | validation loss: 0.7193 | validation accuracy: 0.8132 | validation AP: 0.2314
Stopping at epoch 7: validation AP has not improved for 4 epochs.
Best epoch: 3 | validation AP: 0.2957 | epochs run: 7

Validation classification report:
              precision    recall  f1-score   support

  disengaged     0.2849    0.2952    0.2899       166
     engaged     0.9069    0.9026    0.9048      1263

    accuracy                         0.8321      1429
   macro avg     0.5959    0.5989    0.5974      1429
weighted avg     0.8347    0.8321    0.8333      1429

Confusion matrix (rows: actual, columns: predicted):
[[  49  117]
 [ 123 1140]]
Epoch 1/50 | train loss: 0.6213 | validation loss: 0.6292 | validation accuracy: 0.7362 | validation AP: 0.2617
Epoch 2/50 | train loss: 0.6051 | validation loss: 0.7356 | validation accuracy: 0.8656 | validation AP: 0.1951
Epoch 3/50 | train loss: 0.5859 | validation loss: 0.6837 | validation accuracy: 0.809 | validation AP: 0.2103
Epoch 4/50 | train loss: 0.5669 | validation loss: 0.7564 | validation accuracy: 0.8523 | validation AP: 0.2643
Epoch 5/50 | train loss: 0.5672 | validation loss: 0.7022 | validation accuracy: 0.816 | validation AP: 0.2716
Epoch 6/50 | train loss: 0.5626 | validation loss: 0.7265 | validation accuracy: 0.8153 | validation AP: 0.2647
Epoch 7/50 | train loss: 0.5536 | validation loss: 0.7271 | validation accuracy: 0.8495 | validation AP: 0.288
Epoch 8/50 | train loss: 0.5442 | validation loss: 0.6839 | validation accuracy: 0.7789 | validation AP: 0.2692
Epoch 9/50 | train loss: 0.5443 | validation loss: 0.7096 | validation accuracy: 0.7495 | validation AP: 0.2172
Epoch 10/50 | train loss: 0.5361 | validation loss: 0.7158 | validation accuracy: 0.7894 | validation AP: 0.248
Epoch 11/50 | train loss: 0.5378 | validation loss: 0.7329 | validation accuracy: 0.8216 | validation AP: 0.2672
Stopping at epoch 11: validation AP has not improved for 4 epochs.
Best epoch: 7 | validation AP: 0.288 | epochs run: 11

Validation classification report:
              precision    recall  f1-score   support

  disengaged     0.3008    0.2229    0.2561       166
     engaged     0.9012    0.9319    0.9163      1263

    accuracy                         0.8495      1429
   macro avg     0.6010    0.5774    0.5862      1429
weighted avg     0.8315    0.8495    0.8396      1429

Confusion matrix (rows: actual, columns: predicted):
[[  37  129]
 [  86 1177]]
Epoch 1/50 | train loss: 0.6174 | validation loss: 0.6288 | validation accuracy: 0.6858 | validation AP: 0.2454
Epoch 2/50 | train loss: 0.6012 | validation loss: 0.6725 | validation accuracy: 0.8286 | validation AP: 0.2204
Epoch 3/50 | train loss: 0.5778 | validation loss: 0.721 | validation accuracy: 0.8516 | validation AP: 0.2337
Epoch 4/50 | train loss: 0.5742 | validation loss: 0.6963 | validation accuracy: 0.8488 | validation AP: 0.2755
Epoch 5/50 | train loss: 0.5763 | validation loss: 0.7048 | validation accuracy: 0.8537 | validation AP: 0.2646
Epoch 6/50 | train loss: 0.5514 | validation loss: 0.6934 | validation accuracy: 0.809 | validation AP: 0.2493
Epoch 7/50 | train loss: 0.5588 | validation loss: 0.6725 | validation accuracy: 0.8146 | validation AP: 0.2629
Epoch 8/50 | train loss: 0.5476 | validation loss: 0.6844 | validation accuracy: 0.8111 | validation AP: 0.2823
Epoch 9/50 | train loss: 0.5419 | validation loss: 0.7736 | validation accuracy: 0.8502 | validation AP: 0.2798
Epoch 10/50 | train loss: 0.5299 | validation loss: 0.7287 | validation accuracy: 0.7845 | validation AP: 0.2742
Epoch 11/50 | train loss: 0.5105 | validation loss: 0.8001 | validation accuracy: 0.7936 | validation AP: 0.2625
Epoch 12/50 | train loss: 0.515 | validation loss: 0.7714 | validation accuracy: 0.8321 | validation AP: 0.2572
Stopping at epoch 12: validation AP has not improved for 4 epochs.
Best epoch: 8 | validation AP: 0.2823 | epochs run: 12

Validation classification report:
              precision    recall  f1-score   support

  disengaged     0.2778    0.3916    0.3250       166
     engaged     0.9155    0.8662    0.8902      1263

    accuracy                         0.8111      1429
   macro avg     0.5966    0.6289    0.6076      1429
weighted avg     0.8414    0.8111    0.8245      1429

Confusion matrix (rows: actual, columns: predicted):
[[  65  101]
 [ 169 1094]]
Epoch 1/50 | train loss: 0.6069 | validation loss: 0.7821 | validation accuracy: 0.8537 | validation AP: 0.1869
Epoch 2/50 | train loss: 0.5975 | validation loss: 0.6758 | validation accuracy: 0.7642 | validation AP: 0.2051
Epoch 3/50 | train loss: 0.5858 | validation loss: 0.7098 | validation accuracy: 0.7397 | validation AP: 0.1576
Epoch 4/50 | train loss: 0.5759 | validation loss: 0.7137 | validation accuracy: 0.8125 | validation AP: 0.1885
Epoch 5/50 | train loss: 0.5867 | validation loss: 0.6813 | validation accuracy: 0.8558 | validation AP: 0.294
Epoch 6/50 | train loss: 0.5663 | validation loss: 0.6994 | validation accuracy: 0.6872 | validation AP: 0.2115
Epoch 7/50 | train loss: 0.5538 | validation loss: 0.6586 | validation accuracy: 0.802 | validation AP: 0.2649
Epoch 8/50 | train loss: 0.5552 | validation loss: 0.7038 | validation accuracy: 0.8202 | validation AP: 0.2523
Epoch 9/50 | train loss: 0.5445 | validation loss: 0.7222 | validation accuracy: 0.8216 | validation AP: 0.2496
Stopping at epoch 9: validation AP has not improved for 4 epochs.
Best epoch: 5 | validation AP: 0.294 | epochs run: 9

Validation classification report:
              precision    recall  f1-score   support

  disengaged     0.3246    0.2229    0.2643       166
     engaged     0.9019    0.9390    0.9201      1263

    accuracy                         0.8558      1429
   macro avg     0.6132    0.5810    0.5922      1429
weighted avg     0.8348    0.8558    0.8439      1429

Confusion matrix (rows: actual, columns: predicted):
[[  37  129]
 [  77 1186]]
Epoch 1/50 | train loss: 0.6147 | validation loss: 0.7392 | validation accuracy: 0.8796 | validation AP: 0.1788
Epoch 2/50 | train loss: 0.6063 | validation loss: 0.7752 | validation accuracy: 0.8642 | validation AP: 0.1975
Epoch 3/50 | train loss: 0.5923 | validation loss: 0.7288 | validation accuracy: 0.8768 | validation AP: 0.2741
Epoch 4/50 | train loss: 0.5789 | validation loss: 0.7869 | validation accuracy: 0.8153 | validation AP: 0.2559
Epoch 5/50 | train loss: 0.5735 | validation loss: 0.7049 | validation accuracy: 0.8258 | validation AP: 0.237
Epoch 6/50 | train loss: 0.5523 | validation loss: 0.6431 | validation accuracy: 0.7901 | validation AP: 0.2668
Epoch 7/50 | train loss: 0.5318 | validation loss: 0.6928 | validation accuracy: 0.7033 | validation AP: 0.2674
Stopping at epoch 7: validation AP has not improved for 4 epochs.
Best epoch: 3 | validation AP: 0.2741 | epochs run: 7

Validation classification report:
              precision    recall  f1-score   support

  disengaged     0.3333    0.0602    0.1020       166
     engaged     0.8885    0.9842    0.9339      1263

    accuracy                         0.8768      1429
   macro avg     0.6109    0.5222    0.5180      1429
weighted avg     0.8240    0.8768    0.8373      1429

Confusion matrix (rows: actual, columns: predicted):
[[  10  156]
 [  20 1243]]
Epoch 1/50 | train loss: 0.6249 | validation loss: 0.6596 | validation accuracy: 0.8244 | validation AP: 0.2597
Epoch 2/50 | train loss: 0.5957 | validation loss: 0.7043 | validation accuracy: 0.8544 | validation AP: 0.2078
Epoch 3/50 | train loss: 0.5803 | validation loss: 0.6495 | validation accuracy: 0.7796 | validation AP: 0.2654
Epoch 4/50 | train loss: 0.5746 | validation loss: 0.7016 | validation accuracy: 0.7607 | validation AP: 0.2468
Epoch 5/50 | train loss: 0.5601 | validation loss: 0.7117 | validation accuracy: 0.7754 | validation AP: 0.215
Epoch 6/50 | train loss: 0.5637 | validation loss: 0.7127 | validation accuracy: 0.8174 | validation AP: 0.2252
Epoch 7/50 | train loss: 0.5559 | validation loss: 0.7148 | validation accuracy: 0.8209 | validation AP: 0.2297
Stopping at epoch 7: validation AP has not improved for 4 epochs.
Best epoch: 3 | validation AP: 0.2654 | epochs run: 7

Validation classification report:
              precision    recall  f1-score   support

  disengaged     0.2589    0.4819    0.3368       166
     engaged     0.9232    0.8187    0.8678      1263

    accuracy                         0.7796      1429
   macro avg     0.5911    0.6503    0.6023      1429
weighted avg     0.8460    0.7796    0.8061      1429

Confusion matrix (rows: actual, columns: predicted):
[[  80   86]
 [ 229 1034]]
Epoch 1/50 | train loss: 0.6501 | validation loss: 0.6542 | validation accuracy: 0.655 | validation AP: 0.2098
Epoch 2/50 | train loss: 0.6214 | validation loss: 0.7648 | validation accuracy: 0.8265 | validation AP: 0.2156
Epoch 3/50 | train loss: 0.6162 | validation loss: 0.6875 | validation accuracy: 0.7187 | validation AP: 0.2115
Epoch 4/50 | train loss: 0.5983 | validation loss: 0.7131 | validation accuracy: 0.7712 | validation AP: 0.2391
Epoch 5/50 | train loss: 0.5901 | validation loss: 0.7075 | validation accuracy: 0.8167 | validation AP: 0.289
Epoch 6/50 | train loss: 0.5885 | validation loss: 0.6385 | validation accuracy: 0.7292 | validation AP: 0.291
Epoch 7/50 | train loss: 0.5702 | validation loss: 0.7218 | validation accuracy: 0.8139 | validation AP: 0.2778
Epoch 8/50 | train loss: 0.5734 | validation loss: 0.6959 | validation accuracy: 0.7173 | validation AP: 0.2309
Epoch 9/50 | train loss: 0.578 | validation loss: 0.7031 | validation accuracy: 0.7369 | validation AP: 0.234
Epoch 10/50 | train loss: 0.5669 | validation loss: 0.6525 | validation accuracy: 0.6963 | validation AP: 0.2526
Stopping at epoch 10: validation AP has not improved for 4 epochs.
Best epoch: 6 | validation AP: 0.291 | epochs run: 10

Validation classification report:
              precision    recall  f1-score   support

  disengaged     0.2324    0.5783    0.3316       166
     engaged     0.9311    0.7490    0.8302      1263

    accuracy                         0.7292      1429
   macro avg     0.5818    0.6637    0.5809      1429
weighted avg     0.8499    0.7292    0.7723      1429

Confusion matrix (rows: actual, columns: predicted):
[[ 96  70]
 [317 946]]
Epoch 1/50 | train loss: 0.6458 | validation loss: 0.6658 | validation accuracy: 0.6445 | validation AP: 0.196
Epoch 2/50 | train loss: 0.6268 | validation loss: 0.6682 | validation accuracy: 0.7103 | validation AP: 0.2055
Epoch 3/50 | train loss: 0.6087 | validation loss: 0.7442 | validation accuracy: 0.7978 | validation AP: 0.2144
Epoch 4/50 | train loss: 0.6031 | validation loss: 0.6868 | validation accuracy: 0.7768 | validation AP: 0.2471
Epoch 5/50 | train loss: 0.6006 | validation loss: 0.6513 | validation accuracy: 0.7229 | validation AP: 0.2427
Epoch 6/50 | train loss: 0.5838 | validation loss: 0.6828 | validation accuracy: 0.7236 | validation AP: 0.2324
Epoch 7/50 | train loss: 0.5816 | validation loss: 0.7296 | validation accuracy: 0.7075 | validation AP: 0.1777
Epoch 8/50 | train loss: 0.5787 | validation loss: 0.7255 | validation accuracy: 0.7775 | validation AP: 0.2711
Epoch 9/50 | train loss: 0.5714 | validation loss: 0.7201 | validation accuracy: 0.7551 | validation AP: 0.2301
Epoch 10/50 | train loss: 0.5664 | validation loss: 0.7921 | validation accuracy: 0.781 | validation AP: 0.2491
Epoch 11/50 | train loss: 0.5542 | validation loss: 0.6996 | validation accuracy: 0.7383 | validation AP: 0.2556
Epoch 12/50 | train loss: 0.5486 | validation loss: 0.7131 | validation accuracy: 0.7642 | validation AP: 0.2582
Stopping at epoch 12: validation AP has not improved for 4 epochs.
Best epoch: 8 | validation AP: 0.2711 | epochs run: 12

Validation classification report:
              precision    recall  f1-score   support

  disengaged     0.2564    0.4819    0.3347       166
     engaged     0.9230    0.8163    0.8664      1263

    accuracy                         0.7775      1429
   macro avg     0.5897    0.6491    0.6006      1429
weighted avg     0.8456    0.7775    0.8046      1429

Confusion matrix (rows: actual, columns: predicted):
[[  80   86]
 [ 232 1031]]
Epoch 1/50 | train loss: 0.6445 | validation loss: 0.7502 | validation accuracy: 0.7733 | validation AP: 0.1853
Epoch 2/50 | train loss: 0.6263 | validation loss: 0.6886 | validation accuracy: 0.6984 | validation AP: 0.2029
Epoch 3/50 | train loss: 0.6237 | validation loss: 0.7289 | validation accuracy: 0.7509 | validation AP: 0.1808
Epoch 4/50 | train loss: 0.619 | validation loss: 0.7004 | validation accuracy: 0.6396 | validation AP: 0.1752
Epoch 5/50 | train loss: 0.6143 | validation loss: 0.725 | validation accuracy: 0.7901 | validation AP: 0.1915
Epoch 6/50 | train loss: 0.6024 | validation loss: 0.6624 | validation accuracy: 0.7019 | validation AP: 0.2236
Epoch 7/50 | train loss: 0.6004 | validation loss: 0.699 | validation accuracy: 0.7936 | validation AP: 0.2288
Epoch 8/50 | train loss: 0.5881 | validation loss: 0.6647 | validation accuracy: 0.7208 | validation AP: 0.2227
Epoch 9/50 | train loss: 0.5812 | validation loss: 0.7436 | validation accuracy: 0.7775 | validation AP: 0.2293
Epoch 10/50 | train loss: 0.5778 | validation loss: 0.6721 | validation accuracy: 0.76 | validation AP: 0.2608
Epoch 11/50 | train loss: 0.5611 | validation loss: 0.6716 | validation accuracy: 0.7082 | validation AP: 0.2196
Epoch 12/50 | train loss: 0.5748 | validation loss: 0.6382 | validation accuracy: 0.7068 | validation AP: 0.2721
Epoch 13/50 | train loss: 0.5529 | validation loss: 0.6526 | validation accuracy: 0.7733 | validation AP: 0.2849
Epoch 14/50 | train loss: 0.5429 | validation loss: 0.7272 | validation accuracy: 0.7544 | validation AP: 0.2701
Epoch 15/50 | train loss: 0.5526 | validation loss: 0.7154 | validation accuracy: 0.774 | validation AP: 0.2668
Epoch 16/50 | train loss: 0.5463 | validation loss: 0.7264 | validation accuracy: 0.7866 | validation AP: 0.2338
Epoch 17/50 | train loss: 0.5319 | validation loss: 0.8073 | validation accuracy: 0.8279 | validation AP: 0.2354
Stopping at epoch 17: validation AP has not improved for 4 epochs.
Best epoch: 13 | validation AP: 0.2849 | epochs run: 17

Validation classification report:
              precision    recall  f1-score   support

  disengaged     0.2547    0.4940    0.3361       166
     engaged     0.9241    0.8100    0.8633      1263

    accuracy                         0.7733      1429
   macro avg     0.5894    0.6520    0.5997      1429
weighted avg     0.8464    0.7733    0.8020      1429

Confusion matrix (rows: actual, columns: predicted):
[[  82   84]
 [ 240 1023]]
Epoch 1/50 | train loss: 0.6503 | validation loss: 0.7203 | validation accuracy: 0.7621 | validation AP: 0.1737
Epoch 2/50 | train loss: 0.6271 | validation loss: 0.6949 | validation accuracy: 0.8083 | validation AP: 0.2536
Epoch 3/50 | train loss: 0.6187 | validation loss: 0.6812 | validation accuracy: 0.8146 | validation AP: 0.2668[I 2026-10-09 03:12:26,216] A new study created in memory with name: lstm_uni_attention|10fps/10s
[I 2026-10-09 03:12:48,775] Trial 0 finished with value: 0.3066894806993692 and parameters: {'hidden_size': 47, 'num_layers': 3, 'dropout': 0.0, 'learning_rate': 0.005399484409787433, 'batch_size': 64}. Best is trial 0 with value: 0.3066894806993692.

Epoch 4/50 | train loss: 0.6015 | validation loss: 0.6647 | validation accuracy: 0.7537 | validation AP: 0.2578
Epoch 5/50 | train loss: 0.5936 | validation loss: 0.6904 | validation accuracy: 0.7579 | validation AP: 0.2406
Epoch 6/50 | train loss: 0.5856 | validation loss: 0.6091 | validation accuracy: 0.6683 | validation AP: 0.3031
Epoch 7/50 | train loss: 0.5778 | validation loss: 0.6624 | validation accuracy: 0.7355 | validation AP: 0.2871
Epoch 8/50 | train loss: 0.5731 | validation loss: 0.7354 | validation accuracy: 0.7481 | validation AP: 0.2585
Epoch 9/50 | train loss: 0.5884 | validation loss: 0.6961 | validation accuracy: 0.7355 | validation AP: 0.251
Epoch 10/50 | train loss: 0.5654 | validation loss: 0.6258 | validation accuracy: 0.7166 | validation AP: 0.2843
Stopping at epoch 10: validation AP has not improved for 4 epochs.
Best epoch: 6 | validation AP: 0.3031 | epochs run: 10

Validation classification report:
              precision    recall  f1-score   support

  disengaged     0.2038    0.6386    0.3090       166
     engaged     0.9340    0.6722    0.7818      1263

    accuracy                         0.6683      1429
   macro avg     0.5689    0.6554    0.5454      1429
weighted avg     0.8492    0.6683    0.7269      1429

Confusion matrix (rows: actual, columns: predicted):
[[106  60]
 [414 849]]
Epoch 1/50 | train loss: 0.653 | validation loss: 0.6903 | validation accuracy: 0.7838 | validation AP: 0.2395
Epoch 2/50 | train loss: 0.6254 | validation loss: 0.6959 | validation accuracy: 0.8104 | validation AP: 0.2374
Epoch 3/50 | train loss: 0.6158 | validation loss: 0.6718 | validation accuracy: 0.7691 | validation AP: 0.2434
Epoch 4/50 | train loss: 0.6073 | validation loss: 0.6245 | validation accuracy: 0.6788 | validation AP: 0.2414
Epoch 5/50 | train loss: 0.5926 | validation loss: 0.6937 | validation accuracy: 0.7754 | validation AP: 0.2304
Epoch 6/50 | train loss: 0.5929 | validation loss: 0.7216 | validation accuracy: 0.6928 | validation AP: 0.1589
Epoch 7/50 | train loss: 0.5879 | validation loss: 0.6624 | validation accuracy: 0.7516 | validation AP: 0.2874
Epoch 8/50 | train loss: 0.5851 | validation loss: 0.6356 | validation accuracy: 0.7187 | validation AP: 0.2696
Epoch 9/50 | train loss: 0.5667 | validation loss: 0.7925 | validation accuracy: 0.7817 | validation AP: 0.2373
Epoch 10/50 | train loss: 0.5784 | validation loss: 0.794 | validation accuracy: 0.7922 | validation AP: 0.2337
Epoch 11/50 | train loss: 0.5652 | validation loss: 0.6958 | validation accuracy: 0.7663 | validation AP: 0.2633
Stopping at epoch 11: validation AP has not improved for 4 epochs.
Best epoch: 7 | validation AP: 0.2874 | epochs run: 11

Validation classification report:
              precision    recall  f1-score   support

  disengaged     0.2368    0.5120    0.3238       166
     engaged     0.9243    0.7831    0.8478      1263

    accuracy                         0.7516      1429
   macro avg     0.5805    0.6476    0.5858      1429
weighted avg     0.8444    0.7516    0.7870      1429

Confusion matrix (rows: actual, columns: predicted):
[[ 85  81]
 [274 989]]

 gru_uni_attention | 10fps/10s (confirmed on seeds [52, 53, 54, 55, 56])
  0.2875 +/- 0.0046  (232767,) params  hidden_size=119, num_layers=3, dropout=0.05, learning_rate=0.0004449215192843055, batch_size=32
  0.2808 +/- 0.0045  (499103,) params  hidden_size=175, num_layers=3, dropout=0.05, learning_rate=0.0006716670940688268, batch_size=16
  Selected: hidden_size=119, num_layers=3, dropout=0.05, learning_rate=0.0004449215192843055, batch_size=32  (AP 0.2875, 232,767 parameters)
Epoch 1/50 | train loss: 0.6671 | validation loss: 0.6628 | validation accuracy: 0.7299 | validation AP: 0.2755
Epoch 2/50 | train loss: 0.629 | validation loss: 0.6397 | validation accuracy: 0.7243 | validation AP: 0.2707
Epoch 3/50 | train loss: 0.5893 | validation loss: 0.674 | validation accuracy: 0.7061 | validation AP: 0.2633
Epoch 4/50 | train loss: 0.5874 | validation loss: 0.658 | validation accuracy: 0.7215 | validation AP: 0.2581
Epoch 5/50 | train loss: 0.5747 | validation loss: 0.7407 | validation accuracy: 0.7859 | validation AP: 0.2161
Stopping at epoch 5: validation AP has not improved for 4 epochs.
Best epoch: 1 | validation AP: 0.2755 | epochs run: 5

Validation classification report:
              precision    recall  f1-score   support

  disengaged     0.2194    0.5181    0.3082       166
     engaged     0.9229    0.7577    0.8322      1263

    accuracy                         0.7299      1429
   macro avg     0.5711    0.6379    0.5702      1429
weighted avg     0.8411    0.7299    0.7713      1429

Confusion matrix (rows: actual, columns: predicted):
[[ 86  80]
 [306 957]]
Epoch 1/50 | train loss: 0.6605 | validation loss: 0.7432 | validation accuracy: 0.7341 | validation AP: 0.1957
Epoch 2/50 | train loss: 0.6299 | validation loss: 0.6679 | validation accuracy: 0.7894 | validation AP: 0.2568
Epoch 3/50 | train loss: 0.6111 | validation loss: 0.6603 | validation accuracy: 0.7481 | validation AP: 0.2509
Epoch 4/50 | train loss: 0.5961 | validation loss: 0.6505 | validation accuracy: 0.7635 | validation AP: 0.2977
Epoch 5/50 | train loss: 0.5822 | validation loss: 0.6371 | validation accuracy: 0.7964 | validation AP: 0.2893
Epoch 6/50 | train loss: 0.5812 | validation loss: 0.6148 | validation accuracy: 0.6879 | validation AP: 0.2865
Epoch 7/50 | train loss: 0.5774 | validation loss: 0.6666 | validation accuracy: 0.8034 | validation AP: 0.3247
Epoch 8/50 | train loss: 0.569 | validation loss: 0.7202 | validation accuracy: 0.7922 | validation AP: 0.2916
Epoch 9/50 | train loss: 0.5794 | validation loss: 0.6058 | validation accuracy: 0.613 | validation AP: 0.2639
Epoch 10/50 | train loss: 0.5534 | validation loss: 0.6733 | validation accuracy: 0.6991 | validation AP: 0.2665
Epoch 11/50 | train loss: 0.5457 | validation loss: 0.7392 | validation accuracy: 0.8034 | validation AP: 0.2869
Stopping at epoch 11: validation AP has not improved for 4 epochs.
Best epoch: 7 | validation AP: 0.3247 | epochs run: 11

Validation classification report:
              precision    recall  f1-score   support

  disengaged     0.2846    0.4578    0.3510       166
     engaged     0.9225    0.8488    0.8841      1263

    accuracy                         0.8034      1429
   macro avg     0.6036    0.6533    0.6176      1429
weighted avg     0.8484    0.8034    0.8222      1429

Confusion matrix (rows: actual, columns: predicted):
[[  76   90]
 [ 191 1072]]
Epoch 1/50 | train loss: 0.677 | validation loss: 0.7301 | validation accuracy: 0.7355 | validation AP: 0.1732
Epoch 2/50 | train loss: 0.6251 | validation loss: 0.6214 | validation accuracy: 0.5654 | validation AP: 0.2542
Epoch 3/50 | train loss: 0.6066 | validation loss: 0.6509 | validation accuracy: 0.8041 | validation AP: 0.3199
Epoch 4/50 | train loss: 0.6074 | validation loss: 0.6883 | validation accuracy: 0.8223 | validation AP: 0.2435
Epoch 5/50 | train loss: 0.5807 | validation loss: 0.6934 | validation accuracy: 0.7502 | validation AP: 0.2536
Epoch 6/50 | train loss: 0.5742 | validation loss: 0.6321 | validation accuracy: 0.6375 | validation AP: 0.2541
Epoch 7/50 | train loss: 0.5753 | validation loss: 0.6731 | validation accuracy: 0.7026 | validation AP: 0.254
Stopping at epoch 7: validation AP has not improved for 4 epochs.
Best epoch: 3 | validation AP: 0.3199 | epochs run: 7

Validation classification report:
              precision    recall  f1-score   support

  disengaged     0.2857    0.4578    0.3519       166
     engaged     0.9226    0.8496    0.8846      1263

    accuracy                         0.8041      1429
   macro avg     0.6042    0.6537    0.6182      1429
weighted avg     0.8486    0.8041    0.8227      1429

Confusion matrix (rows: actual, columns: predicted):
[[  76   90]
 [ 190 1073]]
Epoch 1/50 | train loss: 0.5459 | validation loss: 0.6997 | validation accuracy: 0.8719 | validation AP: 0.2081
Epoch 2/50 | train loss: 0.4942 | validation loss: 0.7366 | validation accuracy: 0.8775 | validation AP: 0.2701
Epoch 3/50 | train loss: 0.4826 | validation loss: 0.7368 | validation accuracy: 0.8586 | validation AP: 0.2716[I 2026-10-09 03:17:36,143] Trial 1 finished with value: 0.2856101132256866 and parameters: {'hidden_size': 136, 'num_layers': 1, 'dropout': 0.25, 'learning_rate': 0.0003823475224675188, 'batch_size': 8}. Best is trial 0 with value: 0.3066894806993692.

Epoch 4/50 | train loss: 0.4772 | validation loss: 0.6436 | validation accuracy: 0.8544 | validation AP: 0.2696
Epoch 5/50 | train loss: 0.4658 | validation loss: 0.6624 | validation accuracy: 0.8558 | validation AP: 0.2531
Epoch 6/50 | train loss: 0.454 | validation loss: 0.7293 | validation accuracy: 0.8593 | validation AP: 0.2568
Epoch 7/50 | train loss: 0.4546 | validation loss: 0.7109 | validation accuracy: 0.8209 | validation AP: 0.2497
Stopping at epoch 7: validation AP has not improved for 4 epochs.
Best epoch: 3 | validation AP: 0.2716 | epochs run: 7

Validation classification report:
              precision    recall  f1-score   support

  disengaged     0.3043    0.1687    0.2171       166
     engaged     0.8968    0.9493    0.9223      1263

    accuracy                         0.8586      1429
   macro avg     0.6006    0.5590    0.5697      1429
weighted avg     0.8280    0.8586    0.8404      1429

Confusion matrix (rows: actual, columns: predicted):
[[  28  138]
 [  64 1199]]
Epoch 1/50 | train loss: 0.5384 | validation loss: 0.7371 | validation accuracy: 0.8621 | validation AP: 0.1848
Epoch 2/50 | train loss: 0.5034 | validation loss: 0.6696 | validation accuracy: 0.8509 | validation AP: 0.2511
Epoch 3/50 | train loss: 0.4916 | validation loss: 0.6421 | validation accuracy: 0.8537 | validation AP: 0.2646
Epoch 4/50 | train loss: 0.4777 | validation loss: 0.6727 | validation accuracy: 0.8502 | validation AP: 0.2694
Epoch 5/50 | train loss: 0.4711 | validation loss: 0.6529 | validation accuracy: 0.853 | validation AP: 0.2924
Epoch 6/50 | train loss: 0.4653 | validation loss: 0.6287 | validation accuracy: 0.7992 | validation AP: 0.2515
Epoch 7/50 | train loss: 0.4584 | validation loss: 0.6504 | validation accuracy: 0.8153 | validation AP: 0.2677
Epoch 8/50 | train loss: 0.45 | validation loss: 0.6572 | validation accuracy: 0.8251 | validation AP: 0.2486
Epoch 9/50 | train loss: 0.438 | validation loss: 0.7085 | validation accuracy: 0.8146 | validation AP: 0.248
Stopping at epoch 9: validation AP has not improved for 4 epochs.
Best epoch: 5 | validation AP: 0.2924 | epochs run: 9

Validation classification report:
              precision    recall  f1-score   support

  disengaged     0.3254    0.2470    0.2808       166
     engaged     0.9041    0.9327    0.9182      1263

    accuracy                         0.8530      1429
   macro avg     0.6147    0.5898    0.5995      1429
weighted avg     0.8368    0.8530    0.8441      1429

Confusion matrix (rows: actual, columns: predicted):
[[  41  125]
 [  85 1178]]
Epoch 1/50 | train loss: 0.5298 | validation loss: 0.6629 | validation accuracy: 0.8355 | validation AP: 0.2145
Epoch 2/50 | train loss: 0.496 | validation loss: 0.6393 | validation accuracy: 0.816 | validation AP: 0.2928
Epoch 3/50 | train loss: 0.4834 | validation loss: 0.7083 | validation accuracy: 0.8537 | validation AP: 0.27
Epoch 4/50 | train loss: 0.4804 | validation loss: 0.6399 | validation accuracy: 0.8579 | validation AP: 0.2442
Epoch 5/50 | train loss: 0.4631 | validation loss: 0.6332 | validation accuracy: 0.8418 | validation AP: 0.2624
Epoch 6/50 | train loss: 0.4538 | validation loss: 0.6787 | validation accuracy: 0.8279 | validation AP: 0.2431
Stopping at epoch 6: validation AP has not improved for 4 epochs.
Best epoch: 2 | validation AP: 0.2928 | epochs run: 6

Validation classification report:
              precision    recall  f1-score   support

  disengaged     0.2805    0.3735    0.3204       166
     engaged     0.9139    0.8741    0.8936      1263

    accuracy                         0.8160      1429
   macro avg     0.5972    0.6238    0.6070      1429
weighted avg     0.8403    0.8160    0.8270      1429

Confusion matrix (rows: actual, columns: predicted):
[[  62  104]
 [ 159 1104]]
Epoch 1/50 | train loss: 0.6854 | validation loss: 0.7242 | validation accuracy: 0.8838 | validation AP: 0.1769
Epoch 2/50 | train loss: 0.6604 | validation loss: 0.7188 | validation accuracy: 0.7838 | validation AP: 0.1757
Epoch 3/50 | train loss: 0.6157 | validation loss: 0.706 | validation accuracy: 0.7383 | validation AP: 0.2048
Epoch 4/50 | train loss: 0.6007 | validation loss: 0.6898 | validation accuracy: 0.7509 | validation AP: 0.2288
Epoch 5/50 | train loss: 0.5835 | validation loss: 0.6821 | validation accuracy: 0.7481 | validation AP: 0.2246
Epoch 6/50 | train loss: 0.5747 | validation loss: 0.7115 | validation accuracy: 0.7509 | validation AP: 0.2332
Epoch 7/50 | train loss: 0.5656 | validation loss: 0.7206 | validation accuracy: 0.7537 | validation AP: 0.2427
Epoch 8/50 | train loss: 0.5645 | validation loss: 0.7181 | validation accuracy: 0.7453 | validation AP: 0.245
Epoch 9/50 | train loss: 0.5618 | validation loss: 0.7217 | validation accuracy: 0.7341 | validation AP: 0.2331
Epoch 10/50 | train loss: 0.576 | validation loss: 0.6924 | validation accuracy: 0.7152 | validation AP: 0.2531
Epoch 11/50 | train loss: 0.5553 | validation loss: 0.7473 | validation accuracy: 0.7362 | validation AP: 0.2233
Epoch 12/50 | train loss: 0.5589 | validation loss: 0.7612 | validation accuracy: 0.7439 | validation AP: 0.2167
Epoch 13/50 | train loss: 0.5499 | validation loss: 0.7356 | validation accuracy: 0.7257 | validation AP: 0.2251
Epoch 14/50 | train loss: 0.5496 | validation loss: 0.723 | validation accuracy: 0.7341 | validation AP: 0.25
Stopping at epoch 14: validation AP has not improved for 4 epochs.
Best epoch: 10 | validation AP: 0.2531 | epochs run: 14

Validation classification report:
              precision    recall  f1-score   support

  disengaged     0.2204    0.5723    0.3183       166
     engaged     0.9289    0.7340    0.8200      1263

    accuracy                         0.7152      1429
   macro avg     0.5746    0.6531    0.5691      1429
weighted avg     0.8466    0.7152    0.7617      1429

Confusion matrix (rows: actual, columns: predicted):
[[ 95  71]
 [336 927]]
Epoch 1/50 | train loss: 0.6829 | validation loss: 0.7214 | validation accuracy: 0.8838 | validation AP: 0.1967
Epoch 2/50 | train loss: 0.6666 | validation loss: 0.6991 | validation accuracy: 0.7978 | validation AP: 0.1764
Epoch 3/50 | train loss: 0.6248 | validation loss: 0.6884 | validation accuracy: 0.7495 | validation AP: 0.2021
Epoch 4/50 | train loss: 0.5946 | validation loss: 0.6673 | validation accuracy: 0.7355 | validation AP: 0.2408
Epoch 5/50 | train loss: 0.5867 | validation loss: 0.6711 | validation accuracy: 0.7313 | validation AP: 0.2598
Epoch 6/50 | train loss: 0.578 | validation loss: 0.7038 | validation accuracy: 0.746 | validation AP: 0.2536
Epoch 7/50 | train loss: 0.5677 | validation loss: 0.7044 | validation accuracy: 0.7467 | validation AP: 0.2627
Epoch 8/50 | train loss: 0.5583 | validation loss: 0.7663 | validation accuracy: 0.7733 | validation AP: 0.2647
Epoch 9/50 | train loss: 0.5588 | validation loss: 0.7003 | validation accuracy: 0.7187 | validation AP: 0.2742
Epoch 10/50 | train loss: 0.5653 | validation loss: 0.7029 | validation accuracy: 0.7075 | validation AP: 0.2636
Epoch 11/50 | train loss: 0.5511 | validation loss: 0.7379 | validation accuracy: 0.753 | validation AP: 0.2515
Epoch 12/50 | train loss: 0.5574 | validation loss: 0.7191 | validation accuracy: 0.7285 | validation AP: 0.2544
Epoch 13/50 | train loss: 0.5388 | validation loss: 0.7706 | validation accuracy: 0.76 | validation AP: 0.2528
Stopping at epoch 13: validation AP has not improved for 4 epochs.
Best epoch: 9 | validation AP: 0.2742 | epochs run: 13

Validation classification report:
              precision    recall  f1-score   support

  disengaged     0.2177    0.5482    0.3116       166
     engaged     0.9258    0.7411    0.8232      1263

    accuracy                         0.7187      1429
   macro avg     0.5718    0.6446    0.5674      1429
weighted avg     0.8436    0.7187    0.7638      1429

Confusion matrix (rows: actual, columns: predicted):
[[ 91  75]
 [327 936]]
Epoch 1/50 | train loss: 0.6846 | validation loss: 0.7279 | validation accuracy: 0.8838 | validation AP: 0.1732
Epoch 2/50 | train loss: 0.665 | validation loss: 0.7302 | validation accuracy: 0.8013 | validation AP: 0.1667
Epoch 3/50 | train loss: 0.6127 | validation loss: 0.7409 | validation accuracy: 0.725 | validation AP: 0.1852[I 2026-10-09 03:19:09,073] Trial 2 finished with value: 0.25883473860039025 and parameters: {'hidden_size': 56, 'num_layers': 3, 'dropout': 0.5, 'learning_rate': 0.00021930485556643703, 'batch_size': 32}. Best is trial 0 with value: 0.3066894806993692.
[I 2026-10-09 03:20:32,356] Trial 3 finished with value: 0.277992705581072 and parameters: {'hidden_size': 40, 'num_layers': 1, 'dropout': 0.0, 'learning_rate': 0.006586289317583112, 'batch_size': 16}. Best is trial 0 with value: 0.3066894806993692.

Epoch 4/50 | train loss: 0.5857 | validation loss: 0.6944 | validation accuracy: 0.7194 | validation AP: 0.1995
Epoch 5/50 | train loss: 0.5775 | validation loss: 0.6809 | validation accuracy: 0.7299 | validation AP: 0.2247
Epoch 6/50 | train loss: 0.5751 | validation loss: 0.6765 | validation accuracy: 0.6977 | validation AP: 0.2218
Epoch 7/50 | train loss: 0.5645 | validation loss: 0.7275 | validation accuracy: 0.7236 | validation AP: 0.2186
Epoch 8/50 | train loss: 0.5499 | validation loss: 0.7046 | validation accuracy: 0.7075 | validation AP: 0.2203
Epoch 9/50 | train loss: 0.549 | validation loss: 0.7477 | validation accuracy: 0.7495 | validation AP: 0.2424
Epoch 10/50 | train loss: 0.5682 | validation loss: 0.686 | validation accuracy: 0.6977 | validation AP: 0.2492
Epoch 11/50 | train loss: 0.5618 | validation loss: 0.7334 | validation accuracy: 0.7453 | validation AP: 0.2422
Epoch 12/50 | train loss: 0.5441 | validation loss: 0.7375 | validation accuracy: 0.7292 | validation AP: 0.2344
Epoch 13/50 | train loss: 0.5433 | validation loss: 0.7747 | validation accuracy: 0.7467 | validation AP: 0.2428
Epoch 14/50 | train loss: 0.5555 | validation loss: 0.704 | validation accuracy: 0.6879 | validation AP: 0.2419
Stopping at epoch 14: validation AP has not improved for 4 epochs.
Best epoch: 10 | validation AP: 0.2492 | epochs run: 14

Validation classification report:
              precision    recall  f1-score   support

  disengaged     0.2031    0.5482    0.2964       166
     engaged     0.9235    0.7173    0.8075      1263

    accuracy                         0.6977      1429
   macro avg     0.5633    0.6328    0.5520      1429
weighted avg     0.8399    0.6977    0.7481      1429

Confusion matrix (rows: actual, columns: predicted):
[[ 91  75]
 [357 906]]
Epoch 1/50 | train loss: 0.6201 | validation loss: 0.7233 | validation accuracy: 0.816 | validation AP: 0.2116
Epoch 2/50 | train loss: 0.5955 | validation loss: 0.7514 | validation accuracy: 0.8656 | validation AP: 0.2373
Epoch 3/50 | train loss: 0.5866 | validation loss: 0.7107 | validation accuracy: 0.8558 | validation AP: 0.2907
Epoch 4/50 | train loss: 0.5775 | validation loss: 0.6853 | validation accuracy: 0.8272 | validation AP: 0.2591
Epoch 5/50 | train loss: 0.5495 | validation loss: 0.6951 | validation accuracy: 0.8237 | validation AP: 0.2675
Epoch 6/50 | train loss: 0.5189 | validation loss: 0.8234 | validation accuracy: 0.8635 | validation AP: 0.269
Epoch 7/50 | train loss: 0.5167 | validation loss: 0.7112 | validation accuracy: 0.7859 | validation AP: 0.2442
Stopping at epoch 7: validation AP has not improved for 4 epochs.
Best epoch: 3 | validation AP: 0.2907 | epochs run: 7

Validation classification report:
              precision    recall  f1-score   support

  disengaged     0.3361    0.2470    0.2847       166
     engaged     0.9044    0.9359    0.9198      1263

    accuracy                         0.8558      1429
   macro avg     0.6202    0.5914    0.6023      1429
weighted avg     0.8383    0.8558    0.8461      1429

Confusion matrix (rows: actual, columns: predicted):
[[  41  125]
 [  81 1182]]
Epoch 1/50 | train loss: 0.6151 | validation loss: 0.7882 | validation accuracy: 0.8747 | validation AP: 0.2204
Epoch 2/50 | train loss: 0.5634 | validation loss: 0.6984 | validation accuracy: 0.8321 | validation AP: 0.2305
Epoch 3/50 | train loss: 0.5623 | validation loss: 0.6734 | validation accuracy: 0.7929 | validation AP: 0.2349
Epoch 4/50 | train loss: 0.5306 | validation loss: 0.7134 | validation accuracy: 0.8097 | validation AP: 0.237
Epoch 5/50 | train loss: 0.5372 | validation loss: 0.7295 | validation accuracy: 0.8348 | validation AP: 0.2675
Epoch 6/50 | train loss: 0.5175 | validation loss: 0.6986 | validation accuracy: 0.746 | validation AP: 0.2252
Epoch 7/50 | train loss: 0.51 | validation loss: 0.7088 | validation accuracy: 0.7278 | validation AP: 0.2361
Epoch 8/50 | train loss: 0.4976 | validation loss: 0.7915 | validation accuracy: 0.7964 | validation AP: 0.2365
Epoch 9/50 | train loss: 0.491 | validation loss: 0.7587 | validation accuracy: 0.739 | validation AP: 0.2031
Stopping at epoch 9: validation AP has not improved for 4 epochs.
Best epoch: 5 | validation AP: 0.2675 | epochs run: 9

Validation classification report:
              precision    recall  f1-score   support

  disengaged     0.2812    0.2711    0.2761       166
     engaged     0.9046    0.9089    0.9068      1263

    accuracy                         0.8348      1429
   macro avg     0.5929    0.5900    0.5914      1429
weighted avg     0.8322    0.8348    0.8335      1429

Confusion matrix (rows: actual, columns: predicted):
[[  45  121]
 [ 115 1148]]
Epoch 1/50 | train loss: 0.6121 | validation loss: 0.7507 | validation accuracy: 0.8244 | validation AP: 0.1888
Epoch 2/50 | train loss: 0.5733 | validation loss: 0.6985 | validation accuracy: 0.7768 | validation AP: 0.2758
Epoch 3/50 | train loss: 0.5576 | validation loss: 0.7723 | validation accuracy: 0.839 | validation AP: 0.2486
Epoch 4/50 | train loss: 0.5408 | validation loss: 0.6386 | validation accuracy: 0.6907 | validation AP: 0.2352
Epoch 5/50 | train loss: 0.5363 | validation loss: 0.6886 | validation accuracy: 0.7971 | validation AP: 0.2462
Epoch 6/50 | train loss: 0.5069 | validation loss: 0.6968 | validation accuracy: 0.7572 | validation AP: 0.2078
Stopping at epoch 6: validation AP has not improved for 4 epochs.
Best epoch: 2 | validation AP: 0.2758 | epochs run: 6

Validation classification report:
              precision    recall  f1-score   support

  disengaged     0.2238    0.3735    0.2799       166
     engaged     0.9097    0.8298    0.8679      1263

    accuracy                         0.7768      1429
   macro avg     0.5668    0.6016    0.5739      1429
weighted avg     0.8300    0.7768    0.7996      1429

Confusion matrix (rows: actual, columns: predicted):
[[  62  104]
 [ 215 1048]]
Epoch 1/50 | train loss: 0.651 | validation loss: 0.6273 | validation accuracy: 0.6466 | validation AP: 0.2423
Epoch 2/50 | train loss: 0.6085 | validation loss: 0.7064 | validation accuracy: 0.7761 | validation AP: 0.2187
Epoch 3/50 | train loss: 0.5811 | validation loss: 0.6923 | validation accuracy: 0.7285 | validation AP: 0.2573
Epoch 4/50 | train loss: 0.5895 | validation loss: 0.6981 | validation accuracy: 0.7481 | validation AP: 0.2438
Epoch 5/50 | train loss: 0.5608 | validation loss: 0.7222 | validation accuracy: 0.7523 | validation AP: 0.2378
Epoch 6/50 | train loss: 0.5536 | validation loss: 0.7156 | validation accuracy: 0.7537 | validation AP: 0.2256
Epoch 7/50 | train loss: 0.5509 | validation loss: 0.7087 | validation accuracy: 0.7649 | validation AP: 0.2594
Epoch 8/50 | train loss: 0.5418 | validation loss: 0.7411 | validation accuracy: 0.7453 | validation AP: 0.2425
Epoch 9/50 | train loss: 0.5333 | validation loss: 0.6858 | validation accuracy: 0.6991 | validation AP: 0.1919
Epoch 10/50 | train loss: 0.5473 | validation loss: 0.6702 | validation accuracy: 0.6921 | validation AP: 0.2331
Epoch 11/50 | train loss: 0.5244 | validation loss: 0.781 | validation accuracy: 0.7537 | validation AP: 0.2205
Stopping at epoch 11: validation AP has not improved for 4 epochs.
Best epoch: 7 | validation AP: 0.2594 | epochs run: 11

Validation classification report:
              precision    recall  f1-score   support

  disengaged     0.2424    0.4819    0.3226       166
     engaged     0.9217    0.8021    0.8577      1263

    accuracy                         0.7649      1429
   macro avg     0.5821    0.6420    0.5902      1429
weighted avg     0.8428    0.7649    0.7956      1429

Confusion matrix (rows: actual, columns: predicted):
[[  80   86]
 [ 250 1013]]
Epoch 1/50 | train loss: 0.6402 | validation loss: 0.6838 | validation accuracy: 0.8076 | validation AP: 0.2278
Epoch 2/50 | train loss: 0.6059 | validation loss: 0.624 | validation accuracy: 0.7446 | validation AP: 0.2647
Epoch 3/50 | train loss: 0.589 | validation loss: 0.6822 | validation accuracy: 0.7754 | validation AP: 0.2588
Epoch 4/50 | train loss: 0.5682 | validation loss: 0.6209 | validation accuracy: 0.6907 | validation AP: 0.2608
Epoch 5/50 | train loss: 0.5538 | validation loss: 0.653 | validation accuracy: 0.746 | validation AP: 0.2701[I 2026-10-09 03:21:02,324] Trial 4 finished with value: 0.2731656327757086 and parameters: {'hidden_size': 70, 'num_layers': 1, 'dropout': 0.0, 'learning_rate': 0.0069782812651260325, 'batch_size': 64}. Best is trial 0 with value: 0.3066894806993692.
[I 2026-10-09 03:21:53,137] Trial 5 finished with value: 0.27151733108654724 and parameters: {'hidden_size': 48, 'num_layers': 1, 'dropout': 0.0, 'learning_rate': 0.0040215545266902904, 'batch_size': 16}. Best is trial 0 with value: 0.3066894806993692.

Epoch 6/50 | train loss: 0.5468 | validation loss: 0.6955 | validation accuracy: 0.7334 | validation AP: 0.2456
Epoch 7/50 | train loss: 0.5497 | validation loss: 0.7642 | validation accuracy: 0.7859 | validation AP: 0.2496
Epoch 8/50 | train loss: 0.5496 | validation loss: 0.697 | validation accuracy: 0.7033 | validation AP: 0.2705
Epoch 9/50 | train loss: 0.5326 | validation loss: 0.679 | validation accuracy: 0.648 | validation AP: 0.2065
Epoch 10/50 | train loss: 0.5576 | validation loss: 0.6839 | validation accuracy: 0.6956 | validation AP: 0.2198
Epoch 11/50 | train loss: 0.5245 | validation loss: 0.7403 | validation accuracy: 0.7425 | validation AP: 0.2404
Epoch 12/50 | train loss: 0.5388 | validation loss: 0.6698 | validation accuracy: 0.6893 | validation AP: 0.2335
Stopping at epoch 12: validation AP has not improved for 4 epochs.
Best epoch: 8 | validation AP: 0.2705 | epochs run: 12

Validation classification report:
              precision    recall  f1-score   support

  disengaged     0.2068    0.5482    0.3003       166
     engaged     0.9242    0.7237    0.8117      1263

    accuracy                         0.7033      1429
   macro avg     0.5655    0.6359    0.5560      1429
weighted avg     0.8408    0.7033    0.7523      1429

Confusion matrix (rows: actual, columns: predicted):
[[ 91  75]
 [349 914]]
Epoch 1/50 | train loss: 0.6586 | validation loss: 0.7337 | validation accuracy: 0.795 | validation AP: 0.2006
Epoch 2/50 | train loss: 0.5994 | validation loss: 0.6445 | validation accuracy: 0.6186 | validation AP: 0.2896
Epoch 3/50 | train loss: 0.6008 | validation loss: 0.6158 | validation accuracy: 0.711 | validation AP: 0.275
Epoch 4/50 | train loss: 0.5775 | validation loss: 0.7184 | validation accuracy: 0.7173 | validation AP: 0.1951
Epoch 5/50 | train loss: 0.5884 | validation loss: 0.6388 | validation accuracy: 0.6928 | validation AP: 0.2563
Epoch 6/50 | train loss: 0.5516 | validation loss: 0.6343 | validation accuracy: 0.627 | validation AP: 0.2595
Stopping at epoch 6: validation AP has not improved for 4 epochs.
Best epoch: 2 | validation AP: 0.2896 | epochs run: 6

Validation classification report:
              precision    recall  f1-score   support

  disengaged     0.1826    0.6566    0.2857       166
     engaged     0.9315    0.6136    0.7399      1263

    accuracy                         0.6186      1429
   macro avg     0.5570    0.6351    0.5128      1429
weighted avg     0.8445    0.6186    0.6871      1429

Confusion matrix (rows: actual, columns: predicted):
[[109  57]
 [488 775]]
Epoch 1/50 | train loss: 0.615 | validation loss: 0.6957 | validation accuracy: 0.8551 | validation AP: 0.2304
Epoch 2/50 | train loss: 0.564 | validation loss: 0.801 | validation accuracy: 0.8628 | validation AP: 0.2379
Epoch 3/50 | train loss: 0.5402 | validation loss: 0.742 | validation accuracy: 0.8251 | validation AP: 0.2741
Epoch 4/50 | train loss: 0.5514 | validation loss: 0.7165 | validation accuracy: 0.8027 | validation AP: 0.2541
Epoch 5/50 | train loss: 0.5259 | validation loss: 0.7471 | validation accuracy: 0.8348 | validation AP: 0.2394
Epoch 6/50 | train loss: 0.5046 | validation loss: 0.8498 | validation accuracy: 0.8537 | validation AP: 0.2511
Epoch 7/50 | train loss: 0.5074 | validation loss: 0.7617 | validation accuracy: 0.7705 | validation AP: 0.224
Stopping at epoch 7: validation AP has not improved for 4 epochs.
Best epoch: 3 | validation AP: 0.2741 | epochs run: 7

Validation classification report:
              precision    recall  f1-score   support

  disengaged     0.2857    0.3373    0.3094       166
     engaged     0.9108    0.8892    0.8998      1263

    accuracy                         0.8251      1429
   macro avg     0.5983    0.6133    0.6046      1429
weighted avg     0.8382    0.8251    0.8313      1429

Confusion matrix (rows: actual, columns: predicted):
[[  56  110]
 [ 140 1123]]
Epoch 1/50 | train loss: 0.6116 | validation loss: 0.7865 | validation accuracy: 0.8754 | validation AP: 0.2187
Epoch 2/50 | train loss: 0.5625 | validation loss: 0.6771 | validation accuracy: 0.7985 | validation AP: 0.2209
Epoch 3/50 | train loss: 0.5696 | validation loss: 0.6668 | validation accuracy: 0.8181 | validation AP: 0.2402
Epoch 4/50 | train loss: 0.5335 | validation loss: 0.7342 | validation accuracy: 0.8118 | validation AP: 0.2219
Epoch 5/50 | train loss: 0.5265 | validation loss: 0.773 | validation accuracy: 0.8537 | validation AP: 0.2539
Epoch 6/50 | train loss: 0.5172 | validation loss: 0.6902 | validation accuracy: 0.7348 | validation AP: 0.2429
Epoch 7/50 | train loss: 0.5149 | validation loss: 0.6792 | validation accuracy: 0.7418 | validation AP: 0.236
Epoch 8/50 | train loss: 0.5087 | validation loss: 0.7296 | validation accuracy: 0.802 | validation AP: 0.2392
Epoch 9/50 | train loss: 0.4871 | validation loss: 0.7663 | validation accuracy: 0.7719 | validation AP: 0.2443
Stopping at epoch 9: validation AP has not improved for 4 epochs.
Best epoch: 5 | validation AP: 0.2539 | epochs run: 9

Validation classification report:
              precision    recall  f1-score   support

  disengaged     0.3162    0.2229    0.2615       166
     engaged     0.9017    0.9367    0.9188      1263

    accuracy                         0.8537      1429
   macro avg     0.6090    0.5798    0.5902      1429
weighted avg     0.8337    0.8537    0.8425      1429

Confusion matrix (rows: actual, columns: predicted):
[[  37  129]
 [  80 1183]]
Epoch 1/50 | train loss: 0.6078 | validation loss: 0.7164 | validation accuracy: 0.8216 | validation AP: 0.2034
Epoch 2/50 | train loss: 0.5622 | validation loss: 0.6833 | validation accuracy: 0.7943 | validation AP: 0.2865
Epoch 3/50 | train loss: 0.541 | validation loss: 0.7283 | validation accuracy: 0.8167 | validation AP: 0.2722
Epoch 4/50 | train loss: 0.528 | validation loss: 0.6642 | validation accuracy: 0.6844 | validation AP: 0.2005
Epoch 5/50 | train loss: 0.523 | validation loss: 0.721 | validation accuracy: 0.7852 | validation AP: 0.2344
Epoch 6/50 | train loss: 0.5038 | validation loss: 0.75 | validation accuracy: 0.8111 | validation AP: 0.2241
Stopping at epoch 6: validation AP has not improved for 4 epochs.
Best epoch: 2 | validation AP: 0.2865 | epochs run: 6

Validation classification report:
              precision    recall  f1-score   support

  disengaged     0.2681    0.4458    0.3348       166
     engaged     0.9202    0.8401    0.8783      1263

    accuracy                         0.7943      1429
   macro avg     0.5942    0.6429    0.6066      1429
weighted avg     0.8445    0.7943    0.8152      1429

Confusion matrix (rows: actual, columns: predicted):
[[  74   92]
 [ 202 1061]]
Epoch 1/50 | train loss: 0.5989 | validation loss: 0.7634 | validation accuracy: 0.8838 | validation AP: 0.1254
Epoch 2/50 | train loss: 0.5181 | validation loss: 0.7781 | validation accuracy: 0.8831 | validation AP: 0.1294
Epoch 3/50 | train loss: 0.5189 | validation loss: 0.7676 | validation accuracy: 0.8642 | validation AP: 0.1379
Epoch 4/50 | train loss: 0.5199 | validation loss: 0.7322 | validation accuracy: 0.8376 | validation AP: 0.142
Epoch 5/50 | train loss: 0.499 | validation loss: 0.7268 | validation accuracy: 0.8251 | validation AP: 0.1481
Epoch 6/50 | train loss: 0.4947 | validation loss: 0.7627 | validation accuracy: 0.83 | validation AP: 0.1552
Epoch 7/50 | train loss: 0.4937 | validation loss: 0.7263 | validation accuracy: 0.8006 | validation AP: 0.156
Epoch 8/50 | train loss: 0.4792 | validation loss: 0.7661 | validation accuracy: 0.8495 | validation AP: 0.1776
Epoch 9/50 | train loss: 0.4786 | validation loss: 0.6953 | validation accuracy: 0.8097 | validation AP: 0.1708
Epoch 10/50 | train loss: 0.47 | validation loss: 0.6829 | validation accuracy: 0.7831 | validation AP: 0.1676
Epoch 11/50 | train loss: 0.4599 | validation loss: 0.7175 | validation accuracy: 0.8111 | validation AP: 0.1734
Epoch 12/50 | train loss: 0.4682 | validation loss: 0.7382 | validation accuracy: 0.8251 | validation AP: 0.1775
Stopping at epoch 12: validation AP has not improved for 4 epochs.
Best epoch: 8 | validation AP: 0.1776 | epochs run: 12

Validation classification report:[I 2026-10-09 03:26:36,252] Trial 6 finished with value: 0.21118744357115116 and parameters: {'hidden_size': 20, 'num_layers': 3, 'dropout': 0.1, 'learning_rate': 0.0001705053926026929, 'batch_size': 8}. Best is trial 0 with value: 0.3066894806993692.

              precision    recall  f1-score   support

  disengaged     0.1449    0.0602    0.0851       166
     engaged     0.8853    0.9533    0.9180      1263

    accuracy                         0.8495      1429
   macro avg     0.5151    0.5068    0.5016      1429
weighted avg     0.7993    0.8495    0.8213      1429

Confusion matrix (rows: actual, columns: predicted):
[[  10  156]
 [  59 1204]]
Epoch 1/50 | train loss: 0.596 | validation loss: 0.7354 | validation accuracy: 0.8838 | validation AP: 0.1706
Epoch 2/50 | train loss: 0.5291 | validation loss: 0.7171 | validation accuracy: 0.881 | validation AP: 0.1649
Epoch 3/50 | train loss: 0.5212 | validation loss: 0.6897 | validation accuracy: 0.8495 | validation AP: 0.1666
Epoch 4/50 | train loss: 0.5023 | validation loss: 0.7143 | validation accuracy: 0.8348 | validation AP: 0.1744
Epoch 5/50 | train loss: 0.4936 | validation loss: 0.6914 | validation accuracy: 0.8153 | validation AP: 0.1795
Epoch 6/50 | train loss: 0.4782 | validation loss: 0.6891 | validation accuracy: 0.8125 | validation AP: 0.1847
Epoch 7/50 | train loss: 0.4761 | validation loss: 0.6962 | validation accuracy: 0.809 | validation AP: 0.1859
Epoch 8/50 | train loss: 0.4637 | validation loss: 0.715 | validation accuracy: 0.8132 | validation AP: 0.1844
Epoch 9/50 | train loss: 0.4584 | validation loss: 0.7097 | validation accuracy: 0.8069 | validation AP: 0.1829
Epoch 10/50 | train loss: 0.4665 | validation loss: 0.6966 | validation accuracy: 0.7936 | validation AP: 0.1818
Epoch 11/50 | train loss: 0.4609 | validation loss: 0.7241 | validation accuracy: 0.8104 | validation AP: 0.1901
Epoch 12/50 | train loss: 0.4518 | validation loss: 0.6904 | validation accuracy: 0.7754 | validation AP: 0.1819
Epoch 13/50 | train loss: 0.4512 | validation loss: 0.7399 | validation accuracy: 0.8132 | validation AP: 0.1879
Epoch 14/50 | train loss: 0.4568 | validation loss: 0.7527 | validation accuracy: 0.8139 | validation AP: 0.1892
Epoch 15/50 | train loss: 0.4498 | validation loss: 0.7675 | validation accuracy: 0.8188 | validation AP: 0.2004
Epoch 16/50 | train loss: 0.4383 | validation loss: 0.7182 | validation accuracy: 0.8013 | validation AP: 0.2045
Epoch 17/50 | train loss: 0.4437 | validation loss: 0.7648 | validation accuracy: 0.8181 | validation AP: 0.2103
Epoch 18/50 | train loss: 0.4494 | validation loss: 0.7782 | validation accuracy: 0.8307 | validation AP: 0.2167
Epoch 19/50 | train loss: 0.4402 | validation loss: 0.722 | validation accuracy: 0.802 | validation AP: 0.2158
Epoch 20/50 | train loss: 0.4308 | validation loss: 0.7555 | validation accuracy: 0.8097 | validation AP: 0.2157
Epoch 21/50 | train loss: 0.4338 | validation loss: 0.7589 | validation accuracy: 0.8104 | validation AP: 0.215
Epoch 22/50 | train loss: 0.4331 | validation loss: 0.7576 | validation accuracy: 0.8167 | validation AP: 0.225
Epoch 23/50 | train loss: 0.4225 | validation loss: 0.7524 | validation accuracy: 0.8139 | validation AP: 0.2184
Epoch 24/50 | train loss: 0.4294 | validation loss: 0.7371 | validation accuracy: 0.8083 | validation AP: 0.2241
Epoch 25/50 | train loss: 0.4235 | validation loss: 0.7484 | validation accuracy: 0.816 | validation AP: 0.2182
Epoch 26/50 | train loss: 0.4211 | validation loss: 0.7205 | validation accuracy: 0.795 | validation AP: 0.2258
Epoch 27/50 | train loss: 0.4121 | validation loss: 0.8325 | validation accuracy: 0.83 | validation AP: 0.2216
Epoch 28/50 | train loss: 0.4171 | validation loss: 0.7416 | validation accuracy: 0.8069 | validation AP: 0.2204
Epoch 29/50 | train loss: 0.4195 | validation loss: 0.7777 | validation accuracy: 0.8188 | validation AP: 0.2221
Epoch 30/50 | train loss: 0.4209 | validation loss: 0.7664 | validation accuracy: 0.816 | validation AP: 0.2222
Stopping at epoch 30: validation AP has not improved for 4 epochs.
Best epoch: 26 | validation AP: 0.2258 | epochs run: 30

Validation classification report:
              precision    recall  f1-score   support

  disengaged     0.2387    0.3494    0.2836       166
     engaged     0.9089    0.8535    0.8804      1263

    accuracy                         0.7950      1429
   macro avg     0.5738    0.6015    0.5820      1429
weighted avg     0.8311    0.7950    0.8110      1429

Confusion matrix (rows: actual, columns: predicted):
[[  58  108]
 [ 185 1078]]
Epoch 1/50 | train loss: 0.5786 | validation loss: 0.7473 | validation accuracy: 0.8838 | validation AP: 0.1511
Epoch 2/50 | train loss: 0.5345 | validation loss: 0.7174 | validation accuracy: 0.8838 | validation AP: 0.1551
Epoch 3/50 | train loss: 0.5219 | validation loss: 0.746 | validation accuracy: 0.8768 | validation AP: 0.1675
Epoch 4/50 | train loss: 0.5099 | validation loss: 0.6739 | validation accuracy: 0.8565 | validation AP: 0.1769
Epoch 5/50 | train loss: 0.4834 | validation loss: 0.6669 | validation accuracy: 0.83 | validation AP: 0.1907
Epoch 6/50 | train loss: 0.4735 | validation loss: 0.6968 | validation accuracy: 0.8223 | validation AP: 0.1846
Epoch 7/50 | train loss: 0.471 | validation loss: 0.7014 | validation accuracy: 0.8118 | validation AP: 0.1903
Epoch 8/50 | train loss: 0.4623 | validation loss: 0.7189 | validation accuracy: 0.8383 | validation AP: 0.2081
Epoch 9/50 | train loss: 0.4598 | validation loss: 0.7481 | validation accuracy: 0.8523 | validation AP: 0.2178
Epoch 10/50 | train loss: 0.4677 | validation loss: 0.7097 | validation accuracy: 0.8446 | validation AP: 0.2302
Epoch 11/50 | train loss: 0.456 | validation loss: 0.7314 | validation accuracy: 0.839 | validation AP: 0.2223
Epoch 12/50 | train loss: 0.4481 | validation loss: 0.7412 | validation accuracy: 0.8397 | validation AP: 0.2245
Epoch 13/50 | train loss: 0.4494 | validation loss: 0.7427 | validation accuracy: 0.8369 | validation AP: 0.2186
Epoch 14/50 | train loss: 0.4498 | validation loss: 0.6954 | validation accuracy: 0.8006 | validation AP: 0.2146
Stopping at epoch 14: validation AP has not improved for 4 epochs.
Best epoch: 10 | validation AP: 0.2302 | epochs run: 14

Validation classification report:
              precision    recall  f1-score   support

  disengaged     0.2778    0.2108    0.2397       166
     engaged     0.8995    0.9279    0.9135      1263

    accuracy                         0.8446      1429
   macro avg     0.5886    0.5694    0.5766      1429
weighted avg     0.8272    0.8446    0.8352      1429

Confusion matrix (rows: actual, columns: predicted):
[[  35  131]
 [  91 1172]]
Epoch 1/50 | train loss: 0.6438 | validation loss: 0.6584 | validation accuracy: 0.7733 | validation AP: 0.2574
Epoch 2/50 | train loss: 0.5981 | validation loss: 0.6765 | validation accuracy: 0.7187 | validation AP: 0.2598
Epoch 3/50 | train loss: 0.5795 | validation loss: 0.6475 | validation accuracy: 0.6809 | validation AP: 0.2712
Epoch 4/50 | train loss: 0.5736 | validation loss: 0.7069 | validation accuracy: 0.7754 | validation AP: 0.2626
Epoch 5/50 | train loss: 0.5539 | validation loss: 0.6941 | validation accuracy: 0.788 | validation AP: 0.2461
Epoch 6/50 | train loss: 0.5492 | validation loss: 0.7794 | validation accuracy: 0.8013 | validation AP: 0.2348
Epoch 7/50 | train loss: 0.5486 | validation loss: 0.7283 | validation accuracy: 0.7698 | validation AP: 0.2536
Stopping at epoch 7: validation AP has not improved for 4 epochs.
Best epoch: 3 | validation AP: 0.2712 | epochs run: 7

Validation classification report:
              precision    recall  f1-score   support

  disengaged     0.2041    0.6024    0.3049       166
     engaged     0.9297    0.6912    0.7929      1263

    accuracy                         0.6809      1429
   macro avg     0.5669    0.6468    0.5489      1429
weighted avg     0.8454    0.6809    0.7362      1429

Confusion matrix (rows: actual, columns: predicted):
[[100  66]
 [390 873]]
Epoch 1/50 | train loss: 0.6302 | validation loss: 0.694 | validation accuracy: 0.7754 | validation AP: 0.2202
Epoch 2/50 | train loss: 0.5898 | validation loss: 0.6085 | validation accuracy: 0.6984 | validation AP: 0.2785
Epoch 3/50 | train loss: 0.5854 | validation loss: 0.6895 | validation accuracy: 0.7614 | validation AP: 0.2432
Epoch 4/50 | train loss: 0.5599 | validation loss: 0.6664 | validation accuracy: 0.739 | validation AP: 0.2318[I 2026-10-09 03:26:53,565] Trial 7 finished with value: 0.27714108951835303 and parameters: {'hidden_size': 40, 'num_layers': 1, 'dropout': 0.1, 'learning_rate': 0.0026698666742744613, 'batch_size': 32}. Best is trial 0 with value: 0.3066894806993692.
[I 2026-10-09 03:28:19,865] Trial 8 finished with value: 0.2794816798732121 and parameters: {'hidden_size': 66, 'num_layers': 2, 'dropout': 0.25, 'learning_rate': 0.0010402587615883842, 'batch_size': 8}. Best is trial 0 with value: 0.3066894806993692.

Epoch 5/50 | train loss: 0.5483 | validation loss: 0.7035 | validation accuracy: 0.7761 | validation AP: 0.252
Epoch 6/50 | train loss: 0.5446 | validation loss: 0.6907 | validation accuracy: 0.7516 | validation AP: 0.2613
Stopping at epoch 6: validation AP has not improved for 4 epochs.
Best epoch: 2 | validation AP: 0.2785 | epochs run: 6

Validation classification report:
              precision    recall  f1-score   support

  disengaged     0.2222    0.6386    0.3297       166
     engaged     0.9370    0.7063    0.8054      1263

    accuracy                         0.6984      1429
   macro avg     0.5796    0.6724    0.5676      1429
weighted avg     0.8539    0.6984    0.7502      1429

Confusion matrix (rows: actual, columns: predicted):
[[106  60]
 [371 892]]
Epoch 1/50 | train loss: 0.6477 | validation loss: 0.7149 | validation accuracy: 0.8125 | validation AP: 0.2459
Epoch 2/50 | train loss: 0.5911 | validation loss: 0.6932 | validation accuracy: 0.6998 | validation AP: 0.2818
Epoch 3/50 | train loss: 0.5789 | validation loss: 0.6588 | validation accuracy: 0.7453 | validation AP: 0.2677
Epoch 4/50 | train loss: 0.5593 | validation loss: 0.6531 | validation accuracy: 0.7145 | validation AP: 0.2229
Epoch 5/50 | train loss: 0.5536 | validation loss: 0.684 | validation accuracy: 0.7614 | validation AP: 0.2391
Epoch 6/50 | train loss: 0.5507 | validation loss: 0.6352 | validation accuracy: 0.6543 | validation AP: 0.2331
Stopping at epoch 6: validation AP has not improved for 4 epochs.
Best epoch: 2 | validation AP: 0.2818 | epochs run: 6

Validation classification report:
              precision    recall  f1-score   support

  disengaged     0.1963    0.5120    0.2838       166
     engaged     0.9187    0.7245    0.8101      1263

    accuracy                         0.6998      1429
   macro avg     0.5575    0.6183    0.5469      1429
weighted avg     0.8348    0.6998    0.7490      1429

Confusion matrix (rows: actual, columns: predicted):
[[ 85  81]
 [348 915]]
Epoch 1/50 | train loss: 0.5414 | validation loss: 0.7011 | validation accuracy: 0.8719 | validation AP: 0.229
Epoch 2/50 | train loss: 0.4902 | validation loss: 0.7704 | validation accuracy: 0.8705 | validation AP: 0.282
Epoch 3/50 | train loss: 0.482 | validation loss: 0.7141 | validation accuracy: 0.8551 | validation AP: 0.2642
Epoch 4/50 | train loss: 0.4733 | validation loss: 0.668 | validation accuracy: 0.8579 | validation AP: 0.2625
Epoch 5/50 | train loss: 0.4584 | validation loss: 0.6791 | validation accuracy: 0.8565 | validation AP: 0.2472
Epoch 6/50 | train loss: 0.4529 | validation loss: 0.761 | validation accuracy: 0.8719 | validation AP: 0.2595
Stopping at epoch 6: validation AP has not improved for 4 epochs.
Best epoch: 2 | validation AP: 0.282 | epochs run: 6

Validation classification report:
              precision    recall  f1-score   support

  disengaged     0.3623    0.1506    0.2128       166
     engaged     0.8963    0.9652    0.9295      1263

    accuracy                         0.8705      1429
   macro avg     0.6293    0.5579    0.5711      1429
weighted avg     0.8343    0.8705    0.8462      1429

Confusion matrix (rows: actual, columns: predicted):
[[  25  141]
 [  44 1219]]
Epoch 1/50 | train loss: 0.5304 | validation loss: 0.7784 | validation accuracy: 0.8775 | validation AP: 0.2118
Epoch 2/50 | train loss: 0.4994 | validation loss: 0.6952 | validation accuracy: 0.8446 | validation AP: 0.2175
Epoch 3/50 | train loss: 0.4882 | validation loss: 0.6648 | validation accuracy: 0.8328 | validation AP: 0.2397
Epoch 4/50 | train loss: 0.4721 | validation loss: 0.7135 | validation accuracy: 0.8439 | validation AP: 0.2438
Epoch 5/50 | train loss: 0.4633 | validation loss: 0.7136 | validation accuracy: 0.8495 | validation AP: 0.2711
Epoch 6/50 | train loss: 0.462 | validation loss: 0.6543 | validation accuracy: 0.8355 | validation AP: 0.2602
Epoch 7/50 | train loss: 0.4513 | validation loss: 0.7178 | validation accuracy: 0.8293 | validation AP: 0.2547
Epoch 8/50 | train loss: 0.4474 | validation loss: 0.6903 | validation accuracy: 0.8509 | validation AP: 0.2475
Epoch 9/50 | train loss: 0.4312 | validation loss: 0.7135 | validation accuracy: 0.7992 | validation AP: 0.2379
Stopping at epoch 9: validation AP has not improved for 4 epochs.
Best epoch: 5 | validation AP: 0.2711 | epochs run: 9

Validation classification report:
              precision    recall  f1-score   support

  disengaged     0.3185    0.2590    0.2857       166
     engaged     0.9049    0.9272    0.9159      1263

    accuracy                         0.8495      1429
   macro avg     0.6117    0.5931    0.6008      1429
weighted avg     0.8368    0.8495    0.8427      1429

Confusion matrix (rows: actual, columns: predicted):
[[  43  123]
 [  92 1171]]
Epoch 1/50 | train loss: 0.5243 | validation loss: 0.6608 | validation accuracy: 0.8237 | validation AP: 0.2193
Epoch 2/50 | train loss: 0.4988 | validation loss: 0.691 | validation accuracy: 0.8334 | validation AP: 0.2853
Epoch 3/50 | train loss: 0.4866 | validation loss: 0.6943 | validation accuracy: 0.8432 | validation AP: 0.2641
Epoch 4/50 | train loss: 0.477 | validation loss: 0.6358 | validation accuracy: 0.839 | validation AP: 0.2541
Epoch 5/50 | train loss: 0.4503 | validation loss: 0.668 | validation accuracy: 0.8425 | validation AP: 0.2595
Epoch 6/50 | train loss: 0.4463 | validation loss: 0.7125 | validation accuracy: 0.8216 | validation AP: 0.2236
Stopping at epoch 6: validation AP has not improved for 4 epochs.
Best epoch: 2 | validation AP: 0.2853 | epochs run: 6

Validation classification report:
              precision    recall  f1-score   support

  disengaged     0.3043    0.3373    0.3200       166
     engaged     0.9116    0.8987    0.9051      1263

    accuracy                         0.8334      1429
   macro avg     0.6080    0.6180    0.6126      1429
weighted avg     0.8411    0.8334    0.8371      1429

Confusion matrix (rows: actual, columns: predicted):
[[  56  110]
 [ 128 1135]]
Epoch 1/50 | train loss: 0.6399 | validation loss: 0.6893 | validation accuracy: 0.7992 | validation AP: 0.2046
Epoch 2/50 | train loss: 0.5933 | validation loss: 0.7699 | validation accuracy: 0.8272 | validation AP: 0.2398
Epoch 3/50 | train loss: 0.5807 | validation loss: 0.7174 | validation accuracy: 0.7831 | validation AP: 0.2678
Epoch 4/50 | train loss: 0.5714 | validation loss: 0.7456 | validation accuracy: 0.8048 | validation AP: 0.2481
Epoch 5/50 | train loss: 0.5553 | validation loss: 0.6974 | validation accuracy: 0.7887 | validation AP: 0.2538
Epoch 6/50 | train loss: 0.5382 | validation loss: 0.7583 | validation accuracy: 0.8321 | validation AP: 0.2454
Epoch 7/50 | train loss: 0.5248 | validation loss: 0.765 | validation accuracy: 0.788 | validation AP: 0.2523
Stopping at epoch 7: validation AP has not improved for 4 epochs.
Best epoch: 3 | validation AP: 0.2678 | epochs run: 7

Validation classification report:
              precision    recall  f1-score   support

  disengaged     0.2568    0.4578    0.3290       166
     engaged     0.9206    0.8258    0.8706      1263

    accuracy                         0.7831      1429
   macro avg     0.5887    0.6418    0.5998      1429
weighted avg     0.8435    0.7831    0.8077      1429

Confusion matrix (rows: actual, columns: predicted):
[[  76   90]
 [ 220 1043]]
Epoch 1/50 | train loss: 0.6303 | validation loss: 0.6872 | validation accuracy: 0.7467 | validation AP: 0.2019
Epoch 2/50 | train loss: 0.5851 | validation loss: 0.6656 | validation accuracy: 0.7474 | validation AP: 0.2187
Epoch 3/50 | train loss: 0.5892 | validation loss: 0.6823 | validation accuracy: 0.7698 | validation AP: 0.2333
Epoch 4/50 | train loss: 0.5568 | validation loss: 0.6614 | validation accuracy: 0.7341 | validation AP: 0.2324
Epoch 5/50 | train loss: 0.5451 | validation loss: 0.7242 | validation accuracy: 0.7852 | validation AP: 0.2433
Epoch 6/50 | train loss: 0.5373 | validation loss: 0.7041 | validation accuracy: 0.7691 | validation AP: 0.2376
Epoch 7/50 | train loss: 0.5302 | validation loss: 0.7252 | validation accuracy: 0.7509 | validation AP: 0.2302
Epoch 8/50 | train loss: 0.5364 | validation loss: 0.7621 | validation accuracy: 0.7775 | validation AP: 0.2252[I 2026-10-09 03:28:43,450] Trial 9 finished with value: 0.2626633329293286 and parameters: {'hidden_size': 33, 'num_layers': 1, 'dropout': 0.1, 'learning_rate': 0.005532496914298506, 'batch_size': 32}. Best is trial 0 with value: 0.3066894806993692.
[I 2026-10-09 03:28:58,960] Trial 10 finished with value: 0.2926441037015964 and parameters: {'hidden_size': 128, 'num_layers': 3, 'dropout': 0.0, 'learning_rate': 0.0007257517601450171, 'batch_size': 64}. Best is trial 0 with value: 0.3066894806993692.

Epoch 9/50 | train loss: 0.5251 | validation loss: 0.7038 | validation accuracy: 0.7166 | validation AP: 0.215
Stopping at epoch 9: validation AP has not improved for 4 epochs.
Best epoch: 5 | validation AP: 0.2433 | epochs run: 9

Validation classification report:
              precision    recall  f1-score   support

  disengaged     0.2509    0.4277    0.3163       166
     engaged     0.9171    0.8321    0.8726      1263

    accuracy                         0.7852      1429
   macro avg     0.5840    0.6299    0.5944      1429
weighted avg     0.8397    0.7852    0.8079      1429

Confusion matrix (rows: actual, columns: predicted):
[[  71   95]
 [ 212 1051]]
Epoch 1/50 | train loss: 0.649 | validation loss: 0.7068 | validation accuracy: 0.809 | validation AP: 0.2276
Epoch 2/50 | train loss: 0.6086 | validation loss: 0.6503 | validation accuracy: 0.6655 | validation AP: 0.2678
Epoch 3/50 | train loss: 0.5821 | validation loss: 0.6935 | validation accuracy: 0.7936 | validation AP: 0.277
Epoch 4/50 | train loss: 0.5633 | validation loss: 0.6636 | validation accuracy: 0.6956 | validation AP: 0.2095
Epoch 5/50 | train loss: 0.5608 | validation loss: 0.6832 | validation accuracy: 0.7775 | validation AP: 0.2556
Epoch 6/50 | train loss: 0.5439 | validation loss: 0.659 | validation accuracy: 0.6823 | validation AP: 0.23
Epoch 7/50 | train loss: 0.5348 | validation loss: 0.7746 | validation accuracy: 0.7369 | validation AP: 0.2332
Stopping at epoch 7: validation AP has not improved for 4 epochs.
Best epoch: 3 | validation AP: 0.277 | epochs run: 7

Validation classification report:
              precision    recall  f1-score   support

  disengaged     0.2688    0.4518    0.3371       166
     engaged     0.9209    0.8385    0.8777      1263

    accuracy                         0.7936      1429
   macro avg     0.5948    0.6451    0.6074      1429
weighted avg     0.8451    0.7936    0.8149      1429

Confusion matrix (rows: actual, columns: predicted):
[[  75   91]
 [ 204 1059]]
Epoch 1/50 | train loss: 0.6657 | validation loss: 0.6745 | validation accuracy: 0.7215 | validation AP: 0.1888
Epoch 2/50 | train loss: 0.6252 | validation loss: 0.6215 | validation accuracy: 0.7236 | validation AP: 0.2478
Epoch 3/50 | train loss: 0.6023 | validation loss: 0.6189 | validation accuracy: 0.6858 | validation AP: 0.2939
Epoch 4/50 | train loss: 0.5947 | validation loss: 0.6571 | validation accuracy: 0.7278 | validation AP: 0.2568
Epoch 5/50 | train loss: 0.5831 | validation loss: 0.6402 | validation accuracy: 0.7187 | validation AP: 0.2585
Epoch 6/50 | train loss: 0.5732 | validation loss: 0.6795 | validation accuracy: 0.746 | validation AP: 0.2635
Epoch 7/50 | train loss: 0.573 | validation loss: 0.6802 | validation accuracy: 0.7117 | validation AP: 0.2638
Stopping at epoch 7: validation AP has not improved for 4 epochs.
Best epoch: 3 | validation AP: 0.2939 | epochs run: 7

Validation classification report:
              precision    recall  f1-score   support

  disengaged     0.2164    0.6506    0.3248       166
     engaged     0.9376    0.6904    0.7953      1263

    accuracy                         0.6858      1429
   macro avg     0.5770    0.6705    0.5600      1429
weighted avg     0.8539    0.6858    0.7406      1429

Confusion matrix (rows: actual, columns: predicted):
[[108  58]
 [391 872]]
Epoch 1/50 | train loss: 0.657 | validation loss: 0.6946 | validation accuracy: 0.7376 | validation AP: 0.1773
Epoch 2/50 | train loss: 0.6245 | validation loss: 0.6048 | validation accuracy: 0.7096 | validation AP: 0.2907
Epoch 3/50 | train loss: 0.6052 | validation loss: 0.6318 | validation accuracy: 0.6823 | validation AP: 0.2739
Epoch 4/50 | train loss: 0.5899 | validation loss: 0.5951 | validation accuracy: 0.6879 | validation AP: 0.3028
Epoch 5/50 | train loss: 0.5838 | validation loss: 0.6339 | validation accuracy: 0.7187 | validation AP: 0.2774
Epoch 6/50 | train loss: 0.5765 | validation loss: 0.6135 | validation accuracy: 0.6949 | validation AP: 0.26
Epoch 7/50 | train loss: 0.5746 | validation loss: 0.6404 | validation accuracy: 0.7019 | validation AP: 0.286
Epoch 8/50 | train loss: 0.5617 | validation loss: 0.7469 | validation accuracy: 0.7495 | validation AP: 0.2478
Stopping at epoch 8: validation AP has not improved for 4 epochs.
Best epoch: 4 | validation AP: 0.3028 | epochs run: 8

Validation classification report:
              precision    recall  f1-score   support

  disengaged     0.2166    0.6446    0.3242       166
     engaged     0.9369    0.6936    0.7971      1263

    accuracy                         0.6879      1429
   macro avg     0.5767    0.6691    0.5607      1429
weighted avg     0.8532    0.6879    0.7422      1429

Confusion matrix (rows: actual, columns: predicted):
[[107  59]
 [387 876]]
Epoch 1/50 | train loss: 0.6691 | validation loss: 0.7647 | validation accuracy: 0.8216 | validation AP: 0.1917
Epoch 2/50 | train loss: 0.6144 | validation loss: 0.6284 | validation accuracy: 0.6648 | validation AP: 0.2799
Epoch 3/50 | train loss: 0.6001 | validation loss: 0.6568 | validation accuracy: 0.7033 | validation AP: 0.2812
Epoch 4/50 | train loss: 0.5986 | validation loss: 0.6584 | validation accuracy: 0.6914 | validation AP: 0.2379
Epoch 5/50 | train loss: 0.5817 | validation loss: 0.6038 | validation accuracy: 0.6543 | validation AP: 0.2667
Epoch 6/50 | train loss: 0.5799 | validation loss: 0.6287 | validation accuracy: 0.6186 | validation AP: 0.2619
Epoch 7/50 | train loss: 0.5723 | validation loss: 0.6622 | validation accuracy: 0.6921 | validation AP: 0.2597
Stopping at epoch 7: validation AP has not improved for 4 epochs.
Best epoch: 3 | validation AP: 0.2812 | epochs run: 7

Validation classification report:
              precision    recall  f1-score   support

  disengaged     0.2108    0.5663    0.3072       166
     engaged     0.9268    0.7213    0.8112      1263

    accuracy                         0.7033      1429
   macro avg     0.5688    0.6438    0.5592      1429
weighted avg     0.8436    0.7033    0.7527      1429

Confusion matrix (rows: actual, columns: predicted):
[[ 94  72]
 [352 911]]
Epoch 1/50 | train loss: 0.6825 | validation loss: 0.7154 | validation accuracy: 0.874 | validation AP: 0.1749
Epoch 2/50 | train loss: 0.6432 | validation loss: 0.6838 | validation accuracy: 0.8104 | validation AP: 0.2757
Epoch 3/50 | train loss: 0.6121 | validation loss: 0.6502 | validation accuracy: 0.7005 | validation AP: 0.2732
Epoch 4/50 | train loss: 0.6679 | validation loss: 0.7224 | validation accuracy: 0.867 | validation AP: 0.2089
Epoch 5/50 | train loss: 0.6133 | validation loss: 0.6326 | validation accuracy: 0.7453 | validation AP: 0.283
Epoch 6/50 | train loss: 0.5958 | validation loss: 0.726 | validation accuracy: 0.8314 | validation AP: 0.2259
Epoch 7/50 | train loss: 0.5957 | validation loss: 0.6375 | validation accuracy: 0.767 | validation AP: 0.2771
Epoch 8/50 | train loss: 0.5724 | validation loss: 0.7955 | validation accuracy: 0.8041 | validation AP: 0.26
Epoch 9/50 | train loss: 0.5751 | validation loss: 0.7032 | validation accuracy: 0.7054 | validation AP: 0.2044
Stopping at epoch 9: validation AP has not improved for 4 epochs.
Best epoch: 5 | validation AP: 0.283 | epochs run: 9

Validation classification report:
              precision    recall  f1-score   support

  disengaged     0.2295    0.5060    0.3158       166
     engaged     0.9229    0.7767    0.8435      1263

    accuracy                         0.7453      1429
   macro avg     0.5762    0.6414    0.5796      1429
weighted avg     0.8423    0.7453    0.7822      1429

Confusion matrix (rows: actual, columns: predicted):
[[ 84  82]
 [282 981]]
Epoch 1/50 | train loss: 0.6834 | validation loss: 0.7184 | validation accuracy: 0.8838 | validation AP: 0.1393
Epoch 2/50 | train loss: 0.6879 | validation loss: 0.6962 | validation accuracy: 0.7761 | validation AP: 0.1579
Epoch 3/50 | train loss: 0.6921 | validation loss: 0.7208 | validation accuracy: 0.8649 | validation AP: 0.1414
Epoch 4/50 | train loss: 0.6724 | validation loss: 0.7324 | validation accuracy: 0.6578 | validation AP: 0.1364
Epoch 5/50 | train loss: 0.6669 | validation loss: 0.6791 | validation accuracy: 0.6816 | validation AP: 0.1859[I 2026-10-09 03:29:18,965] Trial 11 finished with value: 0.24406738149232865 and parameters: {'hidden_size': 112, 'num_layers': 3, 'dropout': 0.0, 'learning_rate': 0.0053918838636393225, 'batch_size': 64}. Best is trial 0 with value: 0.3066894806993692.
[I 2026-10-09 03:29:36,946] Trial 12 finished with value: 0.26908983722667373 and parameters: {'hidden_size': 59, 'num_layers': 3, 'dropout': 0.0, 'learning_rate': 0.0005599053174740138, 'batch_size': 64}. Best is trial 0 with value: 0.3066894806993692.

Epoch 6/50 | train loss: 0.6636 | validation loss: 0.7369 | validation accuracy: 0.6837 | validation AP: 0.1479
Epoch 7/50 | train loss: 0.6551 | validation loss: 0.7233 | validation accuracy: 0.7845 | validation AP: 0.1583
Epoch 8/50 | train loss: 0.6567 | validation loss: 0.7602 | validation accuracy: 0.7488 | validation AP: 0.1464
Epoch 9/50 | train loss: 0.6519 | validation loss: 0.6907 | validation accuracy: 0.5738 | validation AP: 0.1633
Stopping at epoch 9: validation AP has not improved for 4 epochs.
Best epoch: 5 | validation AP: 0.1859 | epochs run: 9

Validation classification report:
              precision    recall  f1-score   support

  disengaged     0.1810    0.4940    0.2649       166
     engaged     0.9139    0.7063    0.7968      1263

    accuracy                         0.6816      1429
   macro avg     0.5475    0.6001    0.5309      1429
weighted avg     0.8288    0.6816    0.7350      1429

Confusion matrix (rows: actual, columns: predicted):
[[ 82  84]
 [371 892]]
Epoch 1/50 | train loss: 0.6751 | validation loss: 0.7696 | validation accuracy: 0.8216 | validation AP: 0.1612
Epoch 2/50 | train loss: 0.654 | validation loss: 0.6838 | validation accuracy: 0.6585 | validation AP: 0.1475
Epoch 3/50 | train loss: 0.6363 | validation loss: 0.7244 | validation accuracy: 0.8097 | validation AP: 0.2135
Epoch 4/50 | train loss: 0.623 | validation loss: 0.724 | validation accuracy: 0.7803 | validation AP: 0.1772
Epoch 5/50 | train loss: 0.6123 | validation loss: 0.6422 | validation accuracy: 0.4836 | validation AP: 0.2019
Epoch 6/50 | train loss: 0.6135 | validation loss: 0.6529 | validation accuracy: 0.662 | validation AP: 0.2057
Epoch 7/50 | train loss: 0.6572 | validation loss: 0.6331 | validation accuracy: 0.6816 | validation AP: 0.2633
Epoch 8/50 | train loss: 0.6471 | validation loss: 0.6519 | validation accuracy: 0.7313 | validation AP: 0.2059
Epoch 9/50 | train loss: 0.6129 | validation loss: 0.7017 | validation accuracy: 0.8034 | validation AP: 0.2152
Epoch 10/50 | train loss: 0.6234 | validation loss: 0.6987 | validation accuracy: 0.7649 | validation AP: 0.218
Epoch 11/50 | train loss: 0.6084 | validation loss: 0.7148 | validation accuracy: 0.816 | validation AP: 0.2332
Stopping at epoch 11: validation AP has not improved for 4 epochs.
Best epoch: 7 | validation AP: 0.2633 | epochs run: 11

Validation classification report:
              precision    recall  f1-score   support

  disengaged     0.1892    0.5301    0.2789       166
     engaged     0.9191    0.7015    0.7957      1263

    accuracy                         0.6816      1429
   macro avg     0.5542    0.6158    0.5373      1429
weighted avg     0.8343    0.6816    0.7357      1429

Confusion matrix (rows: actual, columns: predicted):
[[ 88  78]
 [377 886]]
Epoch 1/50 | train loss: 0.6835 | validation loss: 0.6868 | validation accuracy: 0.7642 | validation AP: 0.2007
Epoch 2/50 | train loss: 0.6291 | validation loss: 0.6718 | validation accuracy: 0.718 | validation AP: 0.1992
Epoch 3/50 | train loss: 0.5965 | validation loss: 0.6654 | validation accuracy: 0.6977 | validation AP: 0.2397
Epoch 4/50 | train loss: 0.5915 | validation loss: 0.6665 | validation accuracy: 0.7271 | validation AP: 0.2451
Epoch 5/50 | train loss: 0.5773 | validation loss: 0.6554 | validation accuracy: 0.7089 | validation AP: 0.2459
Epoch 6/50 | train loss: 0.5709 | validation loss: 0.6911 | validation accuracy: 0.7019 | validation AP: 0.2436
Epoch 7/50 | train loss: 0.5681 | validation loss: 0.7117 | validation accuracy: 0.7418 | validation AP: 0.2588
Epoch 8/50 | train loss: 0.5571 | validation loss: 0.7288 | validation accuracy: 0.7264 | validation AP: 0.254
Epoch 9/50 | train loss: 0.5503 | validation loss: 0.713 | validation accuracy: 0.6844 | validation AP: 0.2353
Epoch 10/50 | train loss: 0.5537 | validation loss: 0.6925 | validation accuracy: 0.6641 | validation AP: 0.2517
Epoch 11/50 | train loss: 0.5477 | validation loss: 0.7654 | validation accuracy: 0.7159 | validation AP: 0.2415
Stopping at epoch 11: validation AP has not improved for 4 epochs.
Best epoch: 7 | validation AP: 0.2588 | epochs run: 11

Validation classification report:
              precision    recall  f1-score   support

  disengaged     0.2173    0.4699    0.2971       166
     engaged     0.9178    0.7775    0.8418      1263

    accuracy                         0.7418      1429
   macro avg     0.5675    0.6237    0.5695      1429
weighted avg     0.8364    0.7418    0.7786      1429

Confusion matrix (rows: actual, columns: predicted):
[[ 78  88]
 [281 982]]
Epoch 1/50 | train loss: 0.6878 | validation loss: 0.6985 | validation accuracy: 0.7474 | validation AP: 0.1533
Epoch 2/50 | train loss: 0.6303 | validation loss: 0.6553 | validation accuracy: 0.6529 | validation AP: 0.2011
Epoch 3/50 | train loss: 0.606 | validation loss: 0.689 | validation accuracy: 0.6529 | validation AP: 0.1849
Epoch 4/50 | train loss: 0.5833 | validation loss: 0.6333 | validation accuracy: 0.6844 | validation AP: 0.276
Epoch 5/50 | train loss: 0.5821 | validation loss: 0.6432 | validation accuracy: 0.6711 | validation AP: 0.2587
Epoch 6/50 | train loss: 0.5709 | validation loss: 0.6932 | validation accuracy: 0.7313 | validation AP: 0.2303
Epoch 7/50 | train loss: 0.5695 | validation loss: 0.7129 | validation accuracy: 0.7166 | validation AP: 0.2511
Epoch 8/50 | train loss: 0.5635 | validation loss: 0.7811 | validation accuracy: 0.7516 | validation AP: 0.2312
Stopping at epoch 8: validation AP has not improved for 4 epochs.
Best epoch: 4 | validation AP: 0.276 | epochs run: 8

Validation classification report:
              precision    recall  f1-score   support

  disengaged     0.2050    0.5964    0.3051       166
     engaged     0.9292    0.6960    0.7958      1263

    accuracy                         0.6844      1429
   macro avg     0.5671    0.6462    0.5505      1429
weighted avg     0.8450    0.6844    0.7388      1429

Confusion matrix (rows: actual, columns: predicted):
[[ 99  67]
 [384 879]]
Epoch 1/50 | train loss: 0.6881 | validation loss: 0.7233 | validation accuracy: 0.8607 | validation AP: 0.1827
Epoch 2/50 | train loss: 0.6378 | validation loss: 0.6836 | validation accuracy: 0.6522 | validation AP: 0.1803
Epoch 3/50 | train loss: 0.6057 | validation loss: 0.6581 | validation accuracy: 0.6823 | validation AP: 0.2367
Epoch 4/50 | train loss: 0.5918 | validation loss: 0.6502 | validation accuracy: 0.6872 | validation AP: 0.2537
Epoch 5/50 | train loss: 0.5766 | validation loss: 0.6241 | validation accuracy: 0.6711 | validation AP: 0.2724
Epoch 6/50 | train loss: 0.5715 | validation loss: 0.6621 | validation accuracy: 0.6564 | validation AP: 0.2434
Epoch 7/50 | train loss: 0.5664 | validation loss: 0.6845 | validation accuracy: 0.6648 | validation AP: 0.2477
Epoch 8/50 | train loss: 0.5611 | validation loss: 0.6416 | validation accuracy: 0.6109 | validation AP: 0.2486
Epoch 9/50 | train loss: 0.5601 | validation loss: 0.7195 | validation accuracy: 0.7306 | validation AP: 0.2551
Stopping at epoch 9: validation AP has not improved for 4 epochs.
Best epoch: 5 | validation AP: 0.2724 | epochs run: 9

Validation classification report:
              precision    recall  f1-score   support

  disengaged     0.2043    0.6325    0.3088       166
     engaged     0.9333    0.6762    0.7842      1263

    accuracy                         0.6711      1429
   macro avg     0.5688    0.6543    0.5465      1429
weighted avg     0.8486    0.6711    0.7290      1429

Confusion matrix (rows: actual, columns: predicted):
[[105  61]
 [409 854]]
Epoch 1/50 | train loss: 0.6503 | validation loss: 0.6772 | validation accuracy: 0.7698 | validation AP: 0.2546
Epoch 2/50 | train loss: 0.6193 | validation loss: 0.6463 | validation accuracy: 0.7453 | validation AP: 0.2623
Epoch 3/50 | train loss: 0.5934 | validation loss: 0.6792 | validation accuracy: 0.7257 | validation AP: 0.276
Epoch 4/50 | train loss: 0.5984 | validation loss: 0.667 | validation accuracy: 0.7376 | validation AP: 0.253
Epoch 5/50 | train loss: 0.575 | validation loss: 0.649 | validation accuracy: 0.7432 | validation AP: 0.2652
Epoch 6/50 | train loss: 0.5734 | validation loss: 0.7306 | validation accuracy: 0.8062 | validation AP: 0.2579[I 2026-10-09 03:29:58,603] Trial 13 finished with value: 0.2811548455011039 and parameters: {'hidden_size': 127, 'num_layers': 2, 'dropout': 0.0, 'learning_rate': 0.0016002124533652667, 'batch_size': 64}. Best is trial 0 with value: 0.3066894806993692.

Epoch 7/50 | train loss: 0.5665 | validation loss: 0.6787 | validation accuracy: 0.7684 | validation AP: 0.2788
Epoch 8/50 | train loss: 0.562 | validation loss: 0.7011 | validation accuracy: 0.7516 | validation AP: 0.2611
Epoch 9/50 | train loss: 0.5546 | validation loss: 0.7076 | validation accuracy: 0.7425 | validation AP: 0.2185
Epoch 10/50 | train loss: 0.5483 | validation loss: 0.7151 | validation accuracy: 0.7026 | validation AP: 0.2315
Epoch 11/50 | train loss: 0.5387 | validation loss: 0.7386 | validation accuracy: 0.7677 | validation AP: 0.2542
Stopping at epoch 11: validation AP has not improved for 4 epochs.
Best epoch: 7 | validation AP: 0.2788 | epochs run: 11

Validation classification report:
              precision    recall  f1-score   support

  disengaged     0.2636    0.5542    0.3573       166
     engaged     0.9315    0.7965    0.8587      1263

    accuracy                         0.7684      1429
   macro avg     0.5975    0.6754    0.6080      1429
weighted avg     0.8539    0.7684    0.8005      1429

Confusion matrix (rows: actual, columns: predicted):
[[  92   74]
 [ 257 1006]]
Epoch 1/50 | train loss: 0.6427 | validation loss: 0.6894 | validation accuracy: 0.7481 | validation AP: 0.1973
Epoch 2/50 | train loss: 0.6148 | validation loss: 0.6264 | validation accuracy: 0.7495 | validation AP: 0.2595
Epoch 3/50 | train loss: 0.6127 | validation loss: 0.6352 | validation accuracy: 0.7124 | validation AP: 0.252
Epoch 4/50 | train loss: 0.5854 | validation loss: 0.6016 | validation accuracy: 0.7047 | validation AP: 0.2652
Epoch 5/50 | train loss: 0.5804 | validation loss: 0.6381 | validation accuracy: 0.7607 | validation AP: 0.2812
Epoch 6/50 | train loss: 0.5736 | validation loss: 0.6446 | validation accuracy: 0.7334 | validation AP: 0.26
Epoch 7/50 | train loss: 0.582 | validation loss: 0.6446 | validation accuracy: 0.7579 | validation AP: 0.2699
Epoch 8/50 | train loss: 0.5636 | validation loss: 0.7425 | validation accuracy: 0.7691 | validation AP: 0.2262
Epoch 9/50 | train loss: 0.5522 | validation loss: 0.6197 | validation accuracy: 0.6739 | validation AP: 0.2671
Stopping at epoch 9: validation AP has not improved for 4 epochs.
Best epoch: 5 | validation AP: 0.2812 | epochs run: 9

Validation classification report:
              precision    recall  f1-score   support

  disengaged     0.2442    0.5060    0.3294       166
     engaged     0.9244    0.7941    0.8543      1263

    accuracy                         0.7607      1429
   macro avg     0.5843    0.6501    0.5919      1429
weighted avg     0.8454    0.7607    0.7934      1429

Confusion matrix (rows: actual, columns: predicted):
[[  84   82]
 [ 260 1003]]
Epoch 1/50 | train loss: 0.6592 | validation loss: 0.6607 | validation accuracy: 0.7845 | validation AP: 0.2765
Epoch 2/50 | train loss: 0.6014 | validation loss: 0.6439 | validation accuracy: 0.557 | validation AP: 0.2546
Epoch 3/50 | train loss: 0.6094 | validation loss: 0.6797 | validation accuracy: 0.7404 | validation AP: 0.2835
Epoch 4/50 | train loss: 0.5977 | validation loss: 0.633 | validation accuracy: 0.6844 | validation AP: 0.2659
Epoch 5/50 | train loss: 0.5766 | validation loss: 0.6173 | validation accuracy: 0.6557 | validation AP: 0.2397
Epoch 6/50 | train loss: 0.5718 | validation loss: 0.6345 | validation accuracy: 0.5997 | validation AP: 0.2452
Epoch 7/50 | train loss: 0.579 | validation loss: 0.6469 | validation accuracy: 0.7033 | validation AP: 0.2603
Stopping at epoch 7: validation AP has not improved for 4 epochs.
Best epoch: 3 | validation AP: 0.2835 | epochs run: 7

Validation classification report:
              precision    recall  f1-score   support

  disengaged     0.2237    0.5000    0.3091       166
     engaged     0.9216    0.7720    0.8402      1263

    accuracy                         0.7404      1429
   macro avg     0.5726    0.6360    0.5746      1429
weighted avg     0.8405    0.7404    0.7785      1429

Confusion matrix (rows: actual, columns: predicted):
[[ 83  83]
 [288 975]]
Epoch 1/50 | train loss: 0.552 | validation loss: 0.7769 | validation accuracy: 0.8698 | validation AP: 0.2116
Epoch 2/50 | train loss: 0.492 | validation loss: 0.7805 | validation accuracy: 0.8712 | validation AP: 0.241
Epoch 3/50 | train loss: 0.4766 | validation loss: 0.7385 | validation accuracy: 0.8516 | validation AP: 0.2286
Epoch 4/50 | train loss: 0.4791 | validation loss: 0.6487 | validation accuracy: 0.8635 | validation AP: 0.2749
Epoch 5/50 | train loss: 0.4618 | validation loss: 0.6568 | validation accuracy: 0.8439 | validation AP: 0.2671
Epoch 6/50 | train loss: 0.4541 | validation loss: 0.7483 | validation accuracy: 0.8628 | validation AP: 0.2665
Epoch 7/50 | train loss: 0.4491 | validation loss: 0.6916 | validation accuracy: 0.8314 | validation AP: 0.2496
Epoch 8/50 | train loss: 0.4396 | validation loss: 0.8259 | validation accuracy: 0.8719 | validation AP: 0.2644
Stopping at epoch 8: validation AP has not improved for 4 epochs.
Best epoch: 4 | validation AP: 0.2749 | epochs run: 8

Validation classification report:
              precision    recall  f1-score   support

  disengaged     0.3645    0.2349    0.2857       166
     engaged     0.9039    0.9462    0.9246      1263

    accuracy                         0.8635      1429
   macro avg     0.6342    0.5905    0.6051      1429
weighted avg     0.8413    0.8635    0.8504      1429

Confusion matrix (rows: actual, columns: predicted):
[[  39  127]
 [  68 1195]]
Epoch 1/50 | train loss: 0.5338 | validation loss: 0.7785 | validation accuracy: 0.8768 | validation AP: 0.21
Epoch 2/50 | train loss: 0.4916 | validation loss: 0.6845 | validation accuracy: 0.8181 | validation AP: 0.2312
Epoch 3/50 | train loss: 0.4837 | validation loss: 0.6637 | validation accuracy: 0.8265 | validation AP: 0.2636
Epoch 4/50 | train loss: 0.4653 | validation loss: 0.7119 | validation accuracy: 0.8293 | validation AP: 0.2585
Epoch 5/50 | train loss: 0.4576 | validation loss: 0.7078 | validation accuracy: 0.8509 | validation AP: 0.2814
Epoch 6/50 | train loss: 0.4505 | validation loss: 0.6411 | validation accuracy: 0.8055 | validation AP: 0.2678
Epoch 7/50 | train loss: 0.4446 | validation loss: 0.6475 | validation accuracy: 0.7971 | validation AP: 0.2735
Epoch 8/50 | train loss: 0.4349 | validation loss: 0.6734 | validation accuracy: 0.8544 | validation AP: 0.2443
Epoch 9/50 | train loss: 0.422 | validation loss: 0.7546 | validation accuracy: 0.8125 | validation AP: 0.2678
Stopping at epoch 9: validation AP has not improved for 4 epochs.
Best epoch: 5 | validation AP: 0.2814 | epochs run: 9

Validation classification report:
              precision    recall  f1-score   support

  disengaged     0.3309    0.2771    0.3016       166
     engaged     0.9070    0.9264    0.9166      1263

    accuracy                         0.8509      1429
   macro avg     0.6190    0.6017    0.6091      1429
weighted avg     0.8401    0.8509    0.8451      1429

Confusion matrix (rows: actual, columns: predicted):
[[  46  120]
 [  93 1170]]
Epoch 1/50 | train loss: 0.526 | validation loss: 0.732 | validation accuracy: 0.8544 | validation AP: 0.1878
Epoch 2/50 | train loss: 0.5006 | validation loss: 0.7103 | validation accuracy: 0.8062 | validation AP: 0.1906
Epoch 3/50 | train loss: 0.4815 | validation loss: 0.7243 | validation accuracy: 0.8362 | validation AP: 0.2504
Epoch 4/50 | train loss: 0.4729 | validation loss: 0.6562 | validation accuracy: 0.8509 | validation AP: 0.2473
Epoch 5/50 | train loss: 0.4555 | validation loss: 0.6642 | validation accuracy: 0.7943 | validation AP: 0.2455
Epoch 6/50 | train loss: 0.4421 | validation loss: 0.7575 | validation accuracy: 0.8258 | validation AP: 0.251
Epoch 7/50 | train loss: 0.4387 | validation loss: 0.7391 | validation accuracy: 0.816 | validation AP: 0.2395
Epoch 8/50 | train loss: 0.4273 | validation loss: 0.7406 | validation accuracy: 0.8495 | validation AP: 0.2572
Epoch 9/50 | train loss: 0.4284 | validation loss: 0.7606 | validation accuracy: 0.8656 | validation AP: 0.2435
Epoch 10/50 | train loss: 0.4361 | validation loss: 0.6969 | validation accuracy: 0.8544 | validation AP: 0.263
Epoch 11/50 | train loss: 0.4286 | validation loss: 0.7191 | validation accuracy: 0.8195 | validation AP: 0.2285[I 2026-10-09 03:33:42,312] Trial 14 finished with value: 0.27379368987902003 and parameters: {'hidden_size': 31, 'num_layers': 3, 'dropout': 0.0, 'learning_rate': 0.0010342124952229896, 'batch_size': 8}. Best is trial 0 with value: 0.3066894806993692.
[I 2026-10-09 03:35:17,337] Trial 15 finished with value: 0.29082185401118227 and parameters: {'hidden_size': 179, 'num_layers': 2, 'dropout': 0.0, 'learning_rate': 0.00029767080920261755, 'batch_size': 64}. Best is trial 0 with value: 0.3066894806993692.

Epoch 12/50 | train loss: 0.412 | validation loss: 0.7626 | validation accuracy: 0.8565 | validation AP: 0.2651
Epoch 13/50 | train loss: 0.4219 | validation loss: 0.7808 | validation accuracy: 0.8181 | validation AP: 0.2453
Epoch 14/50 | train loss: 0.4264 | validation loss: 0.6813 | validation accuracy: 0.788 | validation AP: 0.2261
Epoch 15/50 | train loss: 0.4139 | validation loss: 0.739 | validation accuracy: 0.8258 | validation AP: 0.244
Epoch 16/50 | train loss: 0.4212 | validation loss: 0.7706 | validation accuracy: 0.8425 | validation AP: 0.2276
Stopping at epoch 16: validation AP has not improved for 4 epochs.
Best epoch: 12 | validation AP: 0.2651 | epochs run: 16

Validation classification report:
              precision    recall  f1-score   support

  disengaged     0.3211    0.2108    0.2545       166
     engaged     0.9008    0.9414    0.9206      1263

    accuracy                         0.8565      1429
   macro avg     0.6109    0.5761    0.5876      1429
weighted avg     0.8334    0.8565    0.8433      1429

Confusion matrix (rows: actual, columns: predicted):
[[  35  131]
 [  74 1189]]
Epoch 1/50 | train loss: 0.6685 | validation loss: 0.6529 | validation accuracy: 0.6501 | validation AP: 0.2079
Epoch 2/50 | train loss: 0.6228 | validation loss: 0.6415 | validation accuracy: 0.6858 | validation AP: 0.2174
Epoch 3/50 | train loss: 0.6032 | validation loss: 0.6144 | validation accuracy: 0.6704 | validation AP: 0.2644
Epoch 4/50 | train loss: 0.5935 | validation loss: 0.6543 | validation accuracy: 0.7334 | validation AP: 0.2552
Epoch 5/50 | train loss: 0.5848 | validation loss: 0.6265 | validation accuracy: 0.6865 | validation AP: 0.2678
Epoch 6/50 | train loss: 0.5795 | validation loss: 0.6327 | validation accuracy: 0.6851 | validation AP: 0.2567
Epoch 7/50 | train loss: 0.5733 | validation loss: 0.663 | validation accuracy: 0.7278 | validation AP: 0.2778
Epoch 8/50 | train loss: 0.5667 | validation loss: 0.6775 | validation accuracy: 0.7264 | validation AP: 0.2741
Epoch 9/50 | train loss: 0.5565 | validation loss: 0.6859 | validation accuracy: 0.7019 | validation AP: 0.225
Epoch 10/50 | train loss: 0.5579 | validation loss: 0.7111 | validation accuracy: 0.704 | validation AP: 0.2333
Epoch 11/50 | train loss: 0.5549 | validation loss: 0.6992 | validation accuracy: 0.7061 | validation AP: 0.2436
Stopping at epoch 11: validation AP has not improved for 4 epochs.
Best epoch: 7 | validation AP: 0.2778 | epochs run: 11

Validation classification report:
              precision    recall  f1-score   support

  disengaged     0.2233    0.5422    0.3163       166
     engaged     0.9259    0.7522    0.8301      1263

    accuracy                         0.7278      1429
   macro avg     0.5746    0.6472    0.5732      1429
weighted avg     0.8443    0.7278    0.7704      1429

Confusion matrix (rows: actual, columns: predicted):
[[ 90  76]
 [313 950]]
Epoch 1/50 | train loss: 0.6662 | validation loss: 0.6564 | validation accuracy: 0.6557 | validation AP: 0.1894
Epoch 2/50 | train loss: 0.6257 | validation loss: 0.6651 | validation accuracy: 0.7201 | validation AP: 0.2105
Epoch 3/50 | train loss: 0.612 | validation loss: 0.6493 | validation accuracy: 0.6711 | validation AP: 0.227
Epoch 4/50 | train loss: 0.5887 | validation loss: 0.6077 | validation accuracy: 0.6886 | validation AP: 0.2953
Epoch 5/50 | train loss: 0.5835 | validation loss: 0.6208 | validation accuracy: 0.6991 | validation AP: 0.2751
Epoch 6/50 | train loss: 0.5758 | validation loss: 0.641 | validation accuracy: 0.7292 | validation AP: 0.2737
Epoch 7/50 | train loss: 0.5747 | validation loss: 0.6443 | validation accuracy: 0.7271 | validation AP: 0.285
Epoch 8/50 | train loss: 0.5663 | validation loss: 0.7182 | validation accuracy: 0.7418 | validation AP: 0.2657
Stopping at epoch 8: validation AP has not improved for 4 epochs.
Best epoch: 4 | validation AP: 0.2953 | epochs run: 8

Validation classification report:
              precision    recall  f1-score   support

  disengaged     0.2112    0.6145    0.3143       166
     engaged     0.9323    0.6983    0.7986      1263

    accuracy                         0.6886      1429
   macro avg     0.5718    0.6564    0.5564      1429
weighted avg     0.8486    0.6886    0.7423      1429

Confusion matrix (rows: actual, columns: predicted):
[[102  64]
 [381 882]]
Epoch 1/50 | train loss: 0.6734 | validation loss: 0.6968 | validation accuracy: 0.718 | validation AP: 0.1841
Epoch 2/50 | train loss: 0.6256 | validation loss: 0.6833 | validation accuracy: 0.6571 | validation AP: 0.1846
Epoch 3/50 | train loss: 0.6069 | validation loss: 0.6199 | validation accuracy: 0.7131 | validation AP: 0.2994
Epoch 4/50 | train loss: 0.5954 | validation loss: 0.6428 | validation accuracy: 0.697 | validation AP: 0.2675
Epoch 5/50 | train loss: 0.5837 | validation loss: 0.5965 | validation accuracy: 0.6487 | validation AP: 0.2795
Epoch 6/50 | train loss: 0.5811 | validation loss: 0.6287 | validation accuracy: 0.6592 | validation AP: 0.2678
Epoch 7/50 | train loss: 0.575 | validation loss: 0.6557 | validation accuracy: 0.6795 | validation AP: 0.2541
Stopping at epoch 7: validation AP has not improved for 4 epochs.
Best epoch: 3 | validation AP: 0.2994 | epochs run: 7

Validation classification report:
              precision    recall  f1-score   support

  disengaged     0.2240    0.5964    0.3257       166
     engaged     0.9321    0.7284    0.8178      1263

    accuracy                         0.7131      1429
   macro avg     0.5780    0.6624    0.5717      1429
weighted avg     0.8499    0.7131    0.7606      1429

Confusion matrix (rows: actual, columns: predicted):
[[ 99  67]
 [343 920]]
Epoch 1/50 | train loss: 0.63 | validation loss: 0.713 | validation accuracy: 0.8642 | validation AP: 0.2371
Epoch 2/50 | train loss: 0.586 | validation loss: 0.7998 | validation accuracy: 0.86 | validation AP: 0.2758
Epoch 3/50 | train loss: 0.5867 | validation loss: 0.7655 | validation accuracy: 0.8733 | validation AP: 0.1767
Epoch 4/50 | train loss: 0.6272 | validation loss: 0.7294 | validation accuracy: 0.8817 | validation AP: 0.2219
Epoch 5/50 | train loss: 0.585 | validation loss: 0.7286 | validation accuracy: 0.8705 | validation AP: 0.1525
Epoch 6/50 | train loss: 0.6093 | validation loss: 0.7511 | validation accuracy: 0.8656 | validation AP: 0.2125
Stopping at epoch 6: validation AP has not improved for 4 epochs.
Best epoch: 2 | validation AP: 0.2758 | epochs run: 6

Validation classification report:
              precision    recall  f1-score   support

  disengaged     0.2976    0.1506    0.2000       166
     engaged     0.8952    0.9533    0.9233      1263

    accuracy                         0.8600      1429
   macro avg     0.5964    0.5519    0.5617      1429
weighted avg     0.8258    0.8600    0.8393      1429

Confusion matrix (rows: actual, columns: predicted):
[[  25  141]
 [  59 1204]]
Epoch 1/50 | train loss: 0.6463 | validation loss: 0.8112 | validation accuracy: 0.8726 | validation AP: 0.2229
Epoch 2/50 | train loss: 0.5845 | validation loss: 0.7312 | validation accuracy: 0.8132 | validation AP: 0.206
Epoch 3/50 | train loss: 0.5873 | validation loss: 0.6239 | validation accuracy: 0.7824 | validation AP: 0.2718
Epoch 4/50 | train loss: 0.5619 | validation loss: 0.6659 | validation accuracy: 0.8383 | validation AP: 0.254
Epoch 5/50 | train loss: 0.5439 | validation loss: 0.7477 | validation accuracy: 0.8481 | validation AP: 0.2839
Epoch 6/50 | train loss: 0.548 | validation loss: 0.6403 | validation accuracy: 0.62 | validation AP: 0.202
Epoch 7/50 | train loss: 0.545 | validation loss: 0.6981 | validation accuracy: 0.7537 | validation AP: 0.2414
Epoch 8/50 | train loss: 0.5349 | validation loss: 0.7049 | validation accuracy: 0.7936 | validation AP: 0.2133
Epoch 9/50 | train loss: 0.5342 | validation loss: 0.6936 | validation accuracy: 0.7348 | validation AP: 0.2354
Stopping at epoch 9: validation AP has not improved for 4 epochs.
Best epoch: 5 | validation AP: 0.2839 | epochs run: 9

Validation classification report:
              precision    recall  f1-score   support

  disengaged     0.3333    0.3072    0.3197       166
     engaged     0.9099    0.9192    0.9145      1263

    accuracy                         0.8481      1429
   macro avg     0.6216    0.6132    0.6171      1429
weighted avg     0.8429    0.8481    0.8454      1429
[I 2026-10-09 03:37:38,891] Trial 16 finished with value: 0.2806778747712842 and parameters: {'hidden_size': 173, 'num_layers': 3, 'dropout': 0.0, 'learning_rate': 0.0012689474379309852, 'batch_size': 16}. Best is trial 0 with value: 0.3066894806993692.
[I 2026-10-09 03:37:59,409] Trial 17 finished with value: 0.28824940886874034 and parameters: {'hidden_size': 23, 'num_layers': 3, 'dropout': 0.0, 'learning_rate': 0.0035044243681689904, 'batch_size': 64}. Best is trial 0 with value: 0.3066894806993692.

Confusion matrix (rows: actual, columns: predicted):
[[  51  115]
 [ 102 1161]]
Epoch 1/50 | train loss: 0.6279 | validation loss: 0.6816 | validation accuracy: 0.7719 | validation AP: 0.1981
Epoch 2/50 | train loss: 0.5956 | validation loss: 0.6634 | validation accuracy: 0.7677 | validation AP: 0.2823
Epoch 3/50 | train loss: 0.5748 | validation loss: 0.7112 | validation accuracy: 0.8411 | validation AP: 0.2786
Epoch 4/50 | train loss: 0.5674 | validation loss: 0.6898 | validation accuracy: 0.867 | validation AP: 0.2054
Epoch 5/50 | train loss: 0.5618 | validation loss: 0.6481 | validation accuracy: 0.7901 | validation AP: 0.2608
Epoch 6/50 | train loss: 0.5416 | validation loss: 0.6804 | validation accuracy: 0.704 | validation AP: 0.2292
Stopping at epoch 6: validation AP has not improved for 4 epochs.
Best epoch: 2 | validation AP: 0.2823 | epochs run: 6

Validation classification report:
              precision    recall  f1-score   support

  disengaged     0.2390    0.4578    0.3140       166
     engaged     0.9190    0.8084    0.8602      1263

    accuracy                         0.7677      1429
   macro avg     0.5790    0.6331    0.5871      1429
weighted avg     0.8400    0.7677    0.7967      1429

Confusion matrix (rows: actual, columns: predicted):
[[  76   90]
 [ 242 1021]]
Epoch 1/50 | train loss: 0.6726 | validation loss: 0.6727 | validation accuracy: 0.7222 | validation AP: 0.1796
Epoch 2/50 | train loss: 0.6212 | validation loss: 0.6198 | validation accuracy: 0.6893 | validation AP: 0.2511
Epoch 3/50 | train loss: 0.5935 | validation loss: 0.6558 | validation accuracy: 0.7131 | validation AP: 0.2743
Epoch 4/50 | train loss: 0.5961 | validation loss: 0.6711 | validation accuracy: 0.7411 | validation AP: 0.2422
Epoch 5/50 | train loss: 0.5826 | validation loss: 0.6747 | validation accuracy: 0.7369 | validation AP: 0.2644
Epoch 6/50 | train loss: 0.5662 | validation loss: 0.6849 | validation accuracy: 0.7334 | validation AP: 0.2674
Epoch 7/50 | train loss: 0.5712 | validation loss: 0.6654 | validation accuracy: 0.7901 | validation AP: 0.2908
Epoch 8/50 | train loss: 0.5522 | validation loss: 0.7237 | validation accuracy: 0.7453 | validation AP: 0.2576
Epoch 9/50 | train loss: 0.5406 | validation loss: 0.7293 | validation accuracy: 0.7306 | validation AP: 0.2393
Epoch 10/50 | train loss: 0.54 | validation loss: 0.6788 | validation accuracy: 0.6823 | validation AP: 0.2489
Epoch 11/50 | train loss: 0.5249 | validation loss: 0.7459 | validation accuracy: 0.7117 | validation AP: 0.2491
Stopping at epoch 11: validation AP has not improved for 4 epochs.
Best epoch: 7 | validation AP: 0.2908 | epochs run: 11

Validation classification report:
              precision    recall  f1-score   support

  disengaged     0.2624    0.4458    0.3304       166
     engaged     0.9198    0.8353    0.8755      1263

    accuracy                         0.7901      1429
   macro avg     0.5911    0.6405    0.6029      1429
weighted avg     0.8434    0.7901    0.8122      1429

Confusion matrix (rows: actual, columns: predicted):
[[  74   92]
 [ 208 1055]]
Epoch 1/50 | train loss: 0.658 | validation loss: 0.6888 | validation accuracy: 0.7537 | validation AP: 0.1842
Epoch 2/50 | train loss: 0.6137 | validation loss: 0.6027 | validation accuracy: 0.6921 | validation AP: 0.2527
Epoch 3/50 | train loss: 0.5931 | validation loss: 0.6637 | validation accuracy: 0.725 | validation AP: 0.2576
Epoch 4/50 | train loss: 0.579 | validation loss: 0.5855 | validation accuracy: 0.6851 | validation AP: 0.294
Epoch 5/50 | train loss: 0.5651 | validation loss: 0.6661 | validation accuracy: 0.7516 | validation AP: 0.2841
Epoch 6/50 | train loss: 0.552 | validation loss: 0.6747 | validation accuracy: 0.7187 | validation AP: 0.2421
Epoch 7/50 | train loss: 0.556 | validation loss: 0.7452 | validation accuracy: 0.7481 | validation AP: 0.2704
Epoch 8/50 | train loss: 0.5624 | validation loss: 0.763 | validation accuracy: 0.7887 | validation AP: 0.2699
Stopping at epoch 8: validation AP has not improved for 4 epochs.
Best epoch: 4 | validation AP: 0.294 | epochs run: 8

Validation classification report:
              precision    recall  f1-score   support

  disengaged     0.2216    0.6807    0.3343       166
     engaged     0.9423    0.6857    0.7938      1263

    accuracy                         0.6851      1429
   macro avg     0.5819    0.6832    0.5640      1429
weighted avg     0.8586    0.6851    0.7404      1429

Confusion matrix (rows: actual, columns: predicted):
[[113  53]
 [397 866]]
Epoch 1/50 | train loss: 0.6733 | validation loss: 0.7734 | validation accuracy: 0.8146 | validation AP: 0.2006
Epoch 2/50 | train loss: 0.6077 | validation loss: 0.6681 | validation accuracy: 0.5829 | validation AP: 0.1899
Epoch 3/50 | train loss: 0.5879 | validation loss: 0.6985 | validation accuracy: 0.7215 | validation AP: 0.28
Epoch 4/50 | train loss: 0.5761 | validation loss: 0.6631 | validation accuracy: 0.7488 | validation AP: 0.2484
Epoch 5/50 | train loss: 0.5597 | validation loss: 0.6265 | validation accuracy: 0.7117 | validation AP: 0.2585
Epoch 6/50 | train loss: 0.5541 | validation loss: 0.6075 | validation accuracy: 0.6466 | validation AP: 0.2749
Epoch 7/50 | train loss: 0.5471 | validation loss: 0.702 | validation accuracy: 0.7005 | validation AP: 0.2495
Stopping at epoch 7: validation AP has not improved for 4 epochs.
Best epoch: 3 | validation AP: 0.28 | epochs run: 7

Validation classification report:
              precision    recall  f1-score   support

  disengaged     0.2184    0.5422    0.3114       166
     engaged     0.9253    0.7451    0.8254      1263

    accuracy                         0.7215      1429
   macro avg     0.5719    0.6436    0.5684      1429
weighted avg     0.8432    0.7215    0.7657      1429

Confusion matrix (rows: actual, columns: predicted):
[[ 90  76]
 [322 941]]
Epoch 1/50 | train loss: 0.6898 | validation loss: 0.7052 | validation accuracy: 0.8838 | validation AP: 0.1767
Epoch 2/50 | train loss: 0.6686 | validation loss: 0.6637 | validation accuracy: 0.6319 | validation AP: 0.1739
Epoch 3/50 | train loss: 0.6269 | validation loss: 0.6747 | validation accuracy: 0.6921 | validation AP: 0.1836
Epoch 4/50 | train loss: 0.6166 | validation loss: 0.6848 | validation accuracy: 0.6907 | validation AP: 0.1939
Epoch 5/50 | train loss: 0.6123 | validation loss: 0.6652 | validation accuracy: 0.6844 | validation AP: 0.2017
Epoch 6/50 | train loss: 0.6018 | validation loss: 0.6314 | validation accuracy: 0.6529 | validation AP: 0.2305
Epoch 7/50 | train loss: 0.5975 | validation loss: 0.6409 | validation accuracy: 0.6886 | validation AP: 0.2516
Epoch 8/50 | train loss: 0.5872 | validation loss: 0.6668 | validation accuracy: 0.7159 | validation AP: 0.269
Epoch 9/50 | train loss: 0.577 | validation loss: 0.6391 | validation accuracy: 0.6669 | validation AP: 0.2649
Epoch 10/50 | train loss: 0.5844 | validation loss: 0.6211 | validation accuracy: 0.6683 | validation AP: 0.2878
Epoch 11/50 | train loss: 0.5764 | validation loss: 0.6748 | validation accuracy: 0.725 | validation AP: 0.261
Epoch 12/50 | train loss: 0.579 | validation loss: 0.6625 | validation accuracy: 0.6998 | validation AP: 0.2556
Epoch 13/50 | train loss: 0.5739 | validation loss: 0.6609 | validation accuracy: 0.7054 | validation AP: 0.2716
Epoch 14/50 | train loss: 0.5706 | validation loss: 0.6402 | validation accuracy: 0.6928 | validation AP: 0.2805
Stopping at epoch 14: validation AP has not improved for 4 epochs.
Best epoch: 10 | validation AP: 0.2878 | epochs run: 14

Validation classification report:
              precision    recall  f1-score   support

  disengaged     0.2016    0.6265    0.3050       166
     engaged     0.9321    0.6738    0.7822      1263

    accuracy                         0.6683      1429
   macro avg     0.5668    0.6501    0.5436      1429
weighted avg     0.8472    0.6683    0.7267      1429

Confusion matrix (rows: actual, columns: predicted):
[[104  62]
 [412 851]]
Epoch 1/50 | train loss: 0.6935 | validation loss: 0.6996 | validation accuracy: 0.8432 | validation AP: 0.172
Epoch 2/50 | train loss: 0.6636 | validation loss: 0.6731 | validation accuracy: 0.6473 | validation AP: 0.1732[I 2026-10-09 03:38:33,525] Trial 18 finished with value: 0.2822884451465943 and parameters: {'hidden_size': 113, 'num_layers': 3, 'dropout': 0.0, 'learning_rate': 0.00014321603970846302, 'batch_size': 64}. Best is trial 0 with value: 0.3066894806993692.

Epoch 3/50 | train loss: 0.6246 | validation loss: 0.6699 | validation accuracy: 0.634 | validation AP: 0.1846
Epoch 4/50 | train loss: 0.6099 | validation loss: 0.6595 | validation accuracy: 0.6669 | validation AP: 0.2003
Epoch 5/50 | train loss: 0.602 | validation loss: 0.6392 | validation accuracy: 0.6466 | validation AP: 0.2151
Epoch 6/50 | train loss: 0.5907 | validation loss: 0.6561 | validation accuracy: 0.7117 | validation AP: 0.2392
Epoch 7/50 | train loss: 0.5895 | validation loss: 0.6521 | validation accuracy: 0.6942 | validation AP: 0.2452
Epoch 8/50 | train loss: 0.586 | validation loss: 0.6667 | validation accuracy: 0.7201 | validation AP: 0.248
Epoch 9/50 | train loss: 0.5829 | validation loss: 0.6127 | validation accuracy: 0.655 | validation AP: 0.2702
Epoch 10/50 | train loss: 0.5777 | validation loss: 0.6317 | validation accuracy: 0.6725 | validation AP: 0.2796
Epoch 11/50 | train loss: 0.5668 | validation loss: 0.6576 | validation accuracy: 0.7061 | validation AP: 0.2613
Epoch 12/50 | train loss: 0.5837 | validation loss: 0.656 | validation accuracy: 0.69 | validation AP: 0.2733
Epoch 13/50 | train loss: 0.5694 | validation loss: 0.6988 | validation accuracy: 0.7215 | validation AP: 0.2641
Epoch 14/50 | train loss: 0.5673 | validation loss: 0.6587 | validation accuracy: 0.6837 | validation AP: 0.2489
Stopping at epoch 14: validation AP has not improved for 4 epochs.
Best epoch: 10 | validation AP: 0.2796 | epochs run: 14

Validation classification report:
              precision    recall  f1-score   support

  disengaged     0.2016    0.6145    0.3036       166
     engaged     0.9307    0.6801    0.7859      1263

    accuracy                         0.6725      1429
   macro avg     0.5661    0.6473    0.5447      1429
weighted avg     0.8460    0.6725    0.7299      1429

Confusion matrix (rows: actual, columns: predicted):
[[102  64]
 [404 859]]
Epoch 1/50 | train loss: 0.6894 | validation loss: 0.7118 | validation accuracy: 0.8838 | validation AP: 0.1793
Epoch 2/50 | train loss: 0.6684 | validation loss: 0.6557 | validation accuracy: 0.6354 | validation AP: 0.174
Epoch 3/50 | train loss: 0.629 | validation loss: 0.6782 | validation accuracy: 0.725 | validation AP: 0.1914
Epoch 4/50 | train loss: 0.6162 | validation loss: 0.6758 | validation accuracy: 0.718 | validation AP: 0.2008
Epoch 5/50 | train loss: 0.6042 | validation loss: 0.6489 | validation accuracy: 0.6914 | validation AP: 0.2187
Epoch 6/50 | train loss: 0.5917 | validation loss: 0.6531 | validation accuracy: 0.6956 | validation AP: 0.2317
Epoch 7/50 | train loss: 0.5874 | validation loss: 0.657 | validation accuracy: 0.7138 | validation AP: 0.2333
Epoch 8/50 | train loss: 0.5822 | validation loss: 0.6485 | validation accuracy: 0.6662 | validation AP: 0.2506
Epoch 9/50 | train loss: 0.5766 | validation loss: 0.6839 | validation accuracy: 0.7292 | validation AP: 0.2464
Epoch 10/50 | train loss: 0.5837 | validation loss: 0.6499 | validation accuracy: 0.7082 | validation AP: 0.2795
Epoch 11/50 | train loss: 0.5813 | validation loss: 0.6649 | validation accuracy: 0.6991 | validation AP: 0.2551
Epoch 12/50 | train loss: 0.5651 | validation loss: 0.6895 | validation accuracy: 0.7026 | validation AP: 0.2468
Epoch 13/50 | train loss: 0.5714 | validation loss: 0.6729 | validation accuracy: 0.7026 | validation AP: 0.2559
Epoch 14/50 | train loss: 0.5655 | validation loss: 0.6804 | validation accuracy: 0.6711 | validation AP: 0.2422
Stopping at epoch 14: validation AP has not improved for 4 epochs.
Best epoch: 10 | validation AP: 0.2795 | epochs run: 14

Validation classification report:
              precision    recall  f1-score   support

  disengaged     0.2154    0.5723    0.3130       166
     engaged     0.9281    0.7260    0.8147      1263

    accuracy                         0.7082      1429
   macro avg     0.5718    0.6492    0.5639      1429
weighted avg     0.8453    0.7082    0.7565      1429

Confusion matrix (rows: actual, columns: predicted):
[[ 95  71]
 [346 917]]
Epoch 1/50 | train loss: 0.6788 | validation loss: 0.7222 | validation accuracy: 0.8314 | validation AP: 0.1821
Epoch 2/50 | train loss: 0.6605 | validation loss: 0.697 | validation accuracy: 0.8209 | validation AP: 0.2277
Epoch 3/50 | train loss: 0.6323 | validation loss: 0.6344 | validation accuracy: 0.7845 | validation AP: 0.2746
Epoch 4/50 | train loss: 0.6173 | validation loss: 0.7307 | validation accuracy: 0.8551 | validation AP: 0.2797
Epoch 5/50 | train loss: 0.6116 | validation loss: 0.7159 | validation accuracy: 0.8307 | validation AP: 0.247
Epoch 6/50 | train loss: 0.5852 | validation loss: 0.7654 | validation accuracy: 0.8474 | validation AP: 0.2425
Epoch 7/50 | train loss: 0.5869 | validation loss: 0.7177 | validation accuracy: 0.8369 | validation AP: 0.2816
Epoch 8/50 | train loss: 0.5814 | validation loss: 0.7558 | validation accuracy: 0.8321 | validation AP: 0.2523
Epoch 9/50 | train loss: 0.5659 | validation loss: 0.7788 | validation accuracy: 0.7796 | validation AP: 0.2469
Epoch 10/50 | train loss: 0.5796 | validation loss: 0.6553 | validation accuracy: 0.6914 | validation AP: 0.2315
Epoch 11/50 | train loss: 0.5584 | validation loss: 0.78 | validation accuracy: 0.7957 | validation AP: 0.2367
Stopping at epoch 11: validation AP has not improved for 4 epochs.
Best epoch: 7 | validation AP: 0.2816 | epochs run: 11

Validation classification report:
              precision    recall  f1-score   support

  disengaged     0.3018    0.3072    0.3045       166
     engaged     0.9087    0.9066    0.9076      1263

    accuracy                         0.8369      1429
   macro avg     0.6053    0.6069    0.6061      1429
weighted avg     0.8382    0.8369    0.8376      1429

Confusion matrix (rows: actual, columns: predicted):
[[  51  115]
 [ 118 1145]]
Epoch 1/50 | train loss: 0.6633 | validation loss: 0.6476 | validation accuracy: 0.662 | validation AP: 0.168
Epoch 2/50 | train loss: 0.6202 | validation loss: 0.5893 | validation accuracy: 0.6641 | validation AP: 0.255
Epoch 3/50 | train loss: 0.6154 | validation loss: 0.71 | validation accuracy: 0.8174 | validation AP: 0.2725
Epoch 4/50 | train loss: 0.608 | validation loss: 0.6228 | validation accuracy: 0.7194 | validation AP: 0.2564
Epoch 5/50 | train loss: 0.5926 | validation loss: 0.6427 | validation accuracy: 0.767 | validation AP: 0.2757
Epoch 6/50 | train loss: 0.5746 | validation loss: 0.6387 | validation accuracy: 0.6424 | validation AP: 0.2395
Epoch 7/50 | train loss: 0.5926 | validation loss: 0.6852 | validation accuracy: 0.7824 | validation AP: 0.2581
Epoch 8/50 | train loss: 0.5796 | validation loss: 0.6655 | validation accuracy: 0.7145 | validation AP: 0.2789
Epoch 9/50 | train loss: 0.5698 | validation loss: 0.6359 | validation accuracy: 0.6802 | validation AP: 0.2235
Epoch 10/50 | train loss: 0.5629 | validation loss: 0.7205 | validation accuracy: 0.8153 | validation AP: 0.254
Epoch 11/50 | train loss: 0.554 | validation loss: 0.7658 | validation accuracy: 0.781 | validation AP: 0.2403
Epoch 12/50 | train loss: 0.5746 | validation loss: 0.6819 | validation accuracy: 0.7124 | validation AP: 0.2074
Stopping at epoch 12: validation AP has not improved for 4 epochs.
Best epoch: 8 | validation AP: 0.2789 | epochs run: 12

Validation classification report:
              precision    recall  f1-score   support

  disengaged     0.2186    0.5663    0.3154       166
     engaged     0.9279    0.7340    0.8196      1263

    accuracy                         0.7145      1429
   macro avg     0.5733    0.6501    0.5675      1429
weighted avg     0.8455    0.7145    0.7611      1429

Confusion matrix (rows: actual, columns: predicted):
[[ 94  72]
 [336 927]]
Epoch 1/50 | train loss: 0.6669 | validation loss: 0.7859 | validation accuracy: 0.8146 | validation AP: 0.1894
Epoch 2/50 | train loss: 0.6369 | validation loss: 0.652 | validation accuracy: 0.6095 | validation AP: 0.1858
Epoch 3/50 | train loss: 0.6211 | validation loss: 0.6183 | validation accuracy: 0.7236 | validation AP: 0.2721
Epoch 4/50 | train loss: 0.6183 | validation loss: 0.7135 | validation accuracy: 0.8328 | validation AP: 0.2558
Epoch 5/50 | train loss: 0.5959 | validation loss: 0.6127 | validation accuracy: 0.6935 | validation AP: 0.2711[I 2026-10-09 03:38:51,883] Trial 19 finished with value: 0.2775078960845307 and parameters: {'hidden_size': 23, 'num_layers': 3, 'dropout': 0.5, 'learning_rate': 0.00821221369083622, 'batch_size': 64}. Best is trial 0 with value: 0.3066894806993692.

Epoch 6/50 | train loss: 0.5856 | validation loss: 0.6629 | validation accuracy: 0.7642 | validation AP: 0.2536
Epoch 7/50 | train loss: 0.6106 | validation loss: 0.6772 | validation accuracy: 0.7775 | validation AP: 0.2439
Stopping at epoch 7: validation AP has not improved for 4 epochs.
Best epoch: 3 | validation AP: 0.2721 | epochs run: 7

Validation classification report:
              precision    recall  f1-score   support

  disengaged     0.2438    0.6566    0.3556       166
     engaged     0.9420    0.7324    0.8241      1263

    accuracy                         0.7236      1429
   macro avg     0.5929    0.6945    0.5898      1429
weighted avg     0.8609    0.7236    0.7696      1429

Confusion matrix (rows: actual, columns: predicted):
[[109  57]
 [338 925]]
Epoch 1/50 | train loss: 0.6789 | validation loss: 0.6109 | validation accuracy: 0.7236 | validation AP: 0.2552
Epoch 2/50 | train loss: 0.6313 | validation loss: 0.7536 | validation accuracy: 0.8265 | validation AP: 0.2065
Epoch 3/50 | train loss: 0.6139 | validation loss: 0.6457 | validation accuracy: 0.7873 | validation AP: 0.2779
Epoch 4/50 | train loss: 0.5946 | validation loss: 0.7057 | validation accuracy: 0.8202 | validation AP: 0.2608
Epoch 5/50 | train loss: 0.5796 | validation loss: 0.6347 | validation accuracy: 0.7264 | validation AP: 0.276
Epoch 6/50 | train loss: 0.5895 | validation loss: 0.6559 | validation accuracy: 0.8104 | validation AP: 0.2512
Epoch 7/50 | train loss: 0.5735 | validation loss: 0.7032 | validation accuracy: 0.7873 | validation AP: 0.2695
Stopping at epoch 7: validation AP has not improved for 4 epochs.
Best epoch: 3 | validation AP: 0.2779 | epochs run: 7

Validation classification report:
              precision    recall  f1-score   support

  disengaged     0.2669    0.4759    0.3420       166
     engaged     0.9232    0.8282    0.8731      1263

    accuracy                         0.7873      1429
   macro avg     0.5951    0.6520    0.6076      1429
weighted avg     0.8470    0.7873    0.8114      1429

Confusion matrix (rows: actual, columns: predicted):
[[  79   87]
 [ 217 1046]]
Epoch 1/50 | train loss: 0.6612 | validation loss: 0.7185 | validation accuracy: 0.7642 | validation AP: 0.1543
Epoch 2/50 | train loss: 0.623 | validation loss: 0.61 | validation accuracy: 0.7299 | validation AP: 0.2663
Epoch 3/50 | train loss: 0.6105 | validation loss: 0.7211 | validation accuracy: 0.8034 | validation AP: 0.2387
Epoch 4/50 | train loss: 0.5927 | validation loss: 0.7206 | validation accuracy: 0.7292 | validation AP: 0.2277
Epoch 5/50 | train loss: 0.5839 | validation loss: 0.6557 | validation accuracy: 0.6942 | validation AP: 0.2385
Epoch 6/50 | train loss: 0.5701 | validation loss: 0.703 | validation accuracy: 0.7257 | validation AP: 0.2316
Stopping at epoch 6: validation AP has not improved for 4 epochs.
Best epoch: 2 | validation AP: 0.2663 | epochs run: 6

Validation classification report:
              precision    recall  f1-score   support

  disengaged     0.2317    0.5723    0.3299       166
     engaged     0.9303    0.7506    0.8309      1263

    accuracy                         0.7299      1429
   macro avg     0.5810    0.6614    0.5804      1429
weighted avg     0.8492    0.7299    0.7727      1429

Confusion matrix (rows: actual, columns: predicted):
[[ 95  71]
 [315 948]]
Epoch 1/50 | train loss: 0.6903 | validation loss: 0.6864 | validation accuracy: 0.1169 | validation AP: 0.1529
Epoch 2/50 | train loss: 0.6623 | validation loss: 0.7002 | validation accuracy: 0.8125 | validation AP: 0.2171
Epoch 3/50 | train loss: 0.6434 | validation loss: 0.6952 | validation accuracy: 0.8355 | validation AP: 0.2326
Epoch 4/50 | train loss: 0.637 | validation loss: 0.6032 | validation accuracy: 0.6907 | validation AP: 0.2385
Epoch 5/50 | train loss: 0.6241 | validation loss: 0.7254 | validation accuracy: 0.8153 | validation AP: 0.212
Epoch 6/50 | train loss: 0.5974 | validation loss: 0.6843 | validation accuracy: 0.76 | validation AP: 0.2752
Epoch 7/50 | train loss: 0.6223 | validation loss: 0.686 | validation accuracy: 0.7964 | validation AP: 0.2572
Epoch 8/50 | train loss: 0.5944 | validation loss: 0.6571 | validation accuracy: 0.7334 | validation AP: 0.2305
Epoch 9/50 | train loss: 0.5832 | validation loss: 0.7568 | validation accuracy: 0.76 | validation AP: 0.2386
Epoch 10/50 | train loss: 0.5765 | validation loss: 0.7386 | validation accuracy: 0.7439 | validation AP: 0.2354
Stopping at epoch 10: validation AP has not improved for 4 epochs.
Best epoch: 6 | validation AP: 0.2752 | epochs run: 10

Validation classification report:
              precision    recall  f1-score   support

  disengaged     0.2405    0.4940    0.3235       166
     engaged     0.9228    0.7949    0.8541      1263

    accuracy                         0.7600      1429
   macro avg     0.5816    0.6445    0.5888      1429
weighted avg     0.8435    0.7600    0.7925      1429

Confusion matrix (rows: actual, columns: predicted):
[[  82   84]
 [ 259 1004]]
Epoch 1/50 | train loss: 0.6652 | validation loss: 0.6942 | validation accuracy: 0.7789 | validation AP: 0.1885
Epoch 2/50 | train loss: 0.6237 | validation loss: 0.681 | validation accuracy: 0.8076 | validation AP: 0.242
Epoch 3/50 | train loss: 0.6191 | validation loss: 0.6943 | validation accuracy: 0.7915 | validation AP: 0.2455
Epoch 4/50 | train loss: 0.5976 | validation loss: 0.711 | validation accuracy: 0.7789 | validation AP: 0.2623
Epoch 5/50 | train loss: 0.6117 | validation loss: 0.6809 | validation accuracy: 0.7082 | validation AP: 0.1814
Epoch 6/50 | train loss: 0.5853 | validation loss: 0.594 | validation accuracy: 0.5283 | validation AP: 0.259
Epoch 7/50 | train loss: 0.5861 | validation loss: 0.7038 | validation accuracy: 0.711 | validation AP: 0.2767
Epoch 8/50 | train loss: 0.5723 | validation loss: 0.7195 | validation accuracy: 0.7635 | validation AP: 0.271
Epoch 9/50 | train loss: 0.5716 | validation loss: 0.6987 | validation accuracy: 0.6606 | validation AP: 0.2319
Epoch 10/50 | train loss: 0.5624 | validation loss: 0.6635 | validation accuracy: 0.6928 | validation AP: 0.2251
Epoch 11/50 | train loss: 0.5551 | validation loss: 0.6342 | validation accuracy: 0.6837 | validation AP: 0.2742
Stopping at epoch 11: validation AP has not improved for 4 epochs.
Best epoch: 7 | validation AP: 0.2767 | epochs run: 11

Validation classification report:
              precision    recall  f1-score   support

  disengaged     0.2200    0.5843    0.3196       166
     engaged     0.9302    0.7276    0.8165      1263

    accuracy                         0.7110      1429
   macro avg     0.5751    0.6560    0.5681      1429
weighted avg     0.8477    0.7110    0.7588      1429

Confusion matrix (rows: actual, columns: predicted):
[[ 97  69]
 [344 919]]
Epoch 1/50 | train loss: 0.6603 | validation loss: 0.698 | validation accuracy: 0.7817 | validation AP: 0.205
Epoch 2/50 | train loss: 0.6235 | validation loss: 0.6319 | validation accuracy: 0.7313 | validation AP: 0.2759
Epoch 3/50 | train loss: 0.608 | validation loss: 0.7073 | validation accuracy: 0.8286 | validation AP: 0.2499
Epoch 4/50 | train loss: 0.588 | validation loss: 0.6327 | validation accuracy: 0.6228 | validation AP: 0.2546
Epoch 5/50 | train loss: 0.583 | validation loss: 0.6756 | validation accuracy: 0.7754 | validation AP: 0.2294
Epoch 6/50 | train loss: 0.5666 | validation loss: 0.6737 | validation accuracy: 0.7607 | validation AP: 0.2309
Stopping at epoch 6: validation AP has not improved for 4 epochs.
Best epoch: 2 | validation AP: 0.2759 | epochs run: 6

Validation classification report:
              precision    recall  f1-score   support

  disengaged     0.2392    0.6024    0.3425       166
     engaged     0.9347    0.7482    0.8311      1263

    accuracy                         0.7313      1429
   macro avg     0.5870    0.6753    0.5868      1429
weighted avg     0.8539    0.7313    0.7744      1429

Confusion matrix (rows: actual, columns: predicted):
[[100  66]
 [318 945]]
Epoch 1/50 | train loss: 0.6672 | validation loss: 0.6402 | validation accuracy: 0.6312 | validation AP: 0.214
Epoch 2/50 | train loss: 0.626 | validation loss: 0.7117 | validation accuracy: 0.7908 | validation AP: 0.2151
Epoch 3/50 | train loss: 0.6026 | validation loss: 0.6482 | validation accuracy: 0.725 | validation AP: 0.2835
Epoch 4/50 | train loss: 0.5909 | validation loss: 0.6424 | validation accuracy: 0.7271 | validation AP: 0.3085
Epoch 5/50 | train loss: 0.5825 | validation loss: 0.6872 | validation accuracy: 0.7502 | validation AP: 0.2816
Epoch 6/50 | train loss: 0.5854 | validation loss: 0.6511 | validation accuracy: 0.7005 | validation AP: 0.2805
Epoch 7/50 | train loss: 0.5669 | validation loss: 0.669 | validation accuracy: 0.788 | validation AP: 0.3029
Epoch 8/50 | train loss: 0.5735 | validation loss: 0.6556 | validation accuracy: 0.7236 | validation AP: 0.2666
Stopping at epoch 8: validation AP has not improved for 4 epochs.
Best epoch: 4 | validation AP: 0.3085 | epochs run: 8

Validation classification report:
              precision    recall  f1-score   support

  disengaged     0.2241    0.5482    0.3182       166
     engaged     0.9267    0.7506    0.8294      1263

    accuracy                         0.7271      1429
   macro avg     0.5754    0.6494    0.5738      1429
weighted avg     0.8451    0.7271    0.7700      1429

Confusion matrix (rows: actual, columns: predicted):
[[ 91  75]
 [315 948]]
Epoch 1/50 | train loss: 0.6611 | validation loss: 0.6583 | validation accuracy: 0.6172 | validation AP: 0.1891
Epoch 2/50 | train loss: 0.6232 | validation loss: 0.6253 | validation accuracy: 0.6921 | validation AP: 0.2314
Epoch 3/50 | train loss: 0.6009 | validation loss: 0.6792 | validation accuracy: 0.7852 | validation AP: 0.2596
Epoch 4/50 | train loss: 0.5932 | validation loss: 0.725 | validation accuracy: 0.7943 | validation AP: 0.2489
Epoch 5/50 | train loss: 0.5841 | validation loss: 0.6493 | validation accuracy: 0.6907 | validation AP: 0.2496
Epoch 6/50 | train loss: 0.5689 | validation loss: 0.63 | validation accuracy: 0.6515 | validation AP: 0.2348
Epoch 7/50 | train loss: 0.5678 | validation loss: 0.7346 | validation accuracy: 0.7019 | validation AP: 0.2206
Stopping at epoch 7: validation AP has not improved for 4 epochs.
Best epoch: 3 | validation AP: 0.2596 | epochs run: 7

Validation classification report:
              precision    recall  f1-score   support

  disengaged     0.2642    0.4759    0.3398       166
     engaged     0.9230    0.8258    0.8717      1263

    accuracy                         0.7852      1429
   macro avg     0.5936    0.6509    0.6057      1429
weighted avg     0.8465    0.7852    0.8099      1429

Confusion matrix (rows: actual, columns: predicted):
[[  79   87]
 [ 220 1043]]
Epoch 1/50 | train loss: 0.6726 | validation loss: 0.6417 | validation accuracy: 0.6375 | validation AP: 0.2169
Epoch 2/50 | train loss: 0.6199 | validation loss: 0.6528 | validation accuracy: 0.7502 | validation AP: 0.2434
Epoch 3/50 | train loss: 0.6047 | validation loss: 0.7113 | validation accuracy: 0.7712 | validation AP: 0.1965
Epoch 4/50 | train loss: 0.6047 | validation loss: 0.6048 | validation accuracy: 0.6368 | validation AP: 0.2469
Epoch 5/50 | train loss: 0.5907 | validation loss: 0.6756 | validation accuracy: 0.7943 | validation AP: 0.2785
Epoch 6/50 | train loss: 0.5841 | validation loss: 0.6337 | validation accuracy: 0.7117 | validation AP: 0.2973
Epoch 7/50 | train loss: 0.5642 | validation loss: 0.7049 | validation accuracy: 0.7173 | validation AP: 0.2717
Epoch 8/50 | train loss: 0.5547 | validation loss: 0.6967 | validation accuracy: 0.6662 | validation AP: 0.2364
Epoch 9/50 | train loss: 0.5462 | validation loss: 0.7892 | validation accuracy: 0.7558 | validation AP: 0.264
Epoch 10/50 | train loss: 0.5534 | validation loss: 0.7186 | validation accuracy: 0.7397 | validation AP: 0.2561
Stopping at epoch 10: validation AP has not improved for 4 epochs.
Best epoch: 6 | validation AP: 0.2973 | epochs run: 10

Validation classification report:
              precision    recall  f1-score   support

  disengaged     0.2291    0.6265    0.3355       166
     engaged     0.9364    0.7229    0.8159      1263

    accuracy                         0.7117      1429
   macro avg     0.5827    0.6747    0.5757      1429
weighted avg     0.8542    0.7117    0.7601      1429

Confusion matrix (rows: actual, columns: predicted):
[[104  62]
 [350 913]]
Epoch 1/50 | train loss: 0.6619 | validation loss: 0.7182 | validation accuracy: 0.8034 | validation AP: 0.1795
Epoch 2/50 | train loss: 0.6165 | validation loss: 0.7145 | validation accuracy: 0.8055 | validation AP: 0.2397
Epoch 3/50 | train loss: 0.6128 | validation loss: 0.6829 | validation accuracy: 0.7614 | validation AP: 0.258
Epoch 4/50 | train loss: 0.5953 | validation loss: 0.7032 | validation accuracy: 0.7635 | validation AP: 0.2679
Epoch 5/50 | train loss: 0.5918 | validation loss: 0.6822 | validation accuracy: 0.7341 | validation AP: 0.2572
Epoch 6/50 | train loss: 0.5731 | validation loss: 0.618 | validation accuracy: 0.6074 | validation AP: 0.2921
Epoch 7/50 | train loss: 0.563 | validation loss: 0.7035 | validation accuracy: 0.6648 | validation AP: 0.2613
Epoch 8/50 | train loss: 0.565 | validation loss: 0.7473 | validation accuracy: 0.7068 | validation AP: 0.275
Epoch 9/50 | train loss: 0.572 | validation loss: 0.6915 | validation accuracy: 0.6907 | validation AP: 0.2185
Epoch 10/50 | train loss: 0.5597 | validation loss: 0.6257 | validation accuracy: 0.6501 | validation AP: 0.2754
Stopping at epoch 10: validation AP has not improved for 4 epochs.
Best epoch: 6 | validation AP: 0.2921 | epochs run: 10

Validation classification report:
              precision    recall  f1-score   support

  disengaged     0.1820    0.6807    0.2872       166
     engaged     0.9344    0.5978    0.7291      1263

    accuracy                         0.6074      1429
   macro avg     0.5582    0.6393    0.5081      1429
weighted avg     0.8470    0.6074    0.6778      1429

Confusion matrix (rows: actual, columns: predicted):
[[113  53]
 [508 755]]
Epoch 1/50 | train loss: 0.6691 | validation loss: 0.7335 | validation accuracy: 0.8369 | validation AP: 0.2166
Epoch 2/50 | train loss: 0.6244 | validation loss: 0.644 | validation accuracy: 0.7075 | validation AP: 0.2492
Epoch 3/50 | train loss: 0.6017 | validation loss: 0.6827 | validation accuracy: 0.7327 | validation AP: 0.2372
Epoch 4/50 | train loss: 0.5975 | validation loss: 0.632 | validation accuracy: 0.62 | validation AP: 0.2476
Epoch 5/50 | train loss: 0.5828 | validation loss: 0.7024 | validation accuracy: 0.7943 | validation AP: 0.2344
Epoch 6/50 | train loss: 0.5771 | validation loss: 0.6739 | validation accuracy: 0.7439 | validation AP: 0.218
Stopping at epoch 6: validation AP has not improved for 4 epochs.
Best epoch: 2 | validation AP: 0.2492 | epochs run: 6

Validation classification report:
              precision    recall  f1-score   support

  disengaged     0.2162    0.5783    0.3148       166
     engaged     0.9289    0.7245    0.8141      1263

    accuracy                         0.7075      1429
   macro avg     0.5726    0.6514    0.5644      1429
weighted avg     0.8461    0.7075    0.7561      1429

Confusion matrix (rows: actual, columns: predicted):
[[ 96  70]
 [348 915]]

 lstm_uni_attention | 10fps/10s (confirmed on seeds [52, 53, 54, 55, 56])
  0.2814 +/- 0.0102  (352771,) params  hidden_size=128, num_layers=3, dropout=0.0, learning_rate=0.0007257517601450171, batch_size=64
  0.2744 +/- 0.0019  (49588,) params  hidden_size=47, num_layers=3, dropout=0.0, learning_rate=0.005399484409787433, batch_size=64
  Selected: hidden_size=128, num_layers=3, dropout=0.0, learning_rate=0.0007257517601450171, batch_size=64  (AP 0.2814, 352,771 parameters)

Add these settings to src/attention_lapse_detection/utils/hyperparameters.py:
    ("gru", 10, 10): Hyperparameters(hidden_size=47, num_layers=3, dropout=0.0, learning_rate=0.00539948, batch_size=64),  # clip-level val AP 0.215
    ("lstm", 10, 10): Hyperparameters(hidden_size=167, num_layers=1, dropout=0.5, learning_rate=0.000261271, batch_size=8),  # clip-level val AP 0.194
    ("gru_uni_attention", 10, 10): Hyperparameters(hidden_size=119, num_layers=3, dropout=0.05, learning_rate=0.000444922, batch_size=32),  # clip-level val AP 0.2875
    ("lstm_uni_attention", 10, 10): Hyperparameters(hidden_size=128, num_layers=3, dropout=0.0, learning_rate=0.000725752, batch_size=64),  # clip-level val AP 0.2814
